database_identifier	chemical_formula	smiles	inchi	metabolite_identification	mass_to_charge	fragmentation	modifications	charge	retention_time	taxid	species	database	database_version	reliability	uri	search_engine	search_engine_score	smallmolecule_abundance_sub	smallmolecule_abundance_stdev_sub	smallmolecule_abundance_std_error_sub	102.100.100/50913	102.100.100/50914	102.100.100/50915	102.100.100/50916	102.100.100/50917	102.100.100/50918	102.100.100/50919	102.100.100/50920	102.100.100/50921	102.100.100/50922	102.100.100/50923	102.100.100/50924	102.100.100/50925	102.100.100/50926	102.100.100/50927	102.100.100/50928	102.100.100/50929	102.100.100/50930	102.100.100/50931	102.100.100/50932	102.100.100/50933	102.100.100/50934	102.100.100/50935	102.100.100/50936	102.100.100/50937	102.100.100/50938	102.100.100/50939	102.100.100/50940	102.100.100/50941	102.100.100/50942	102.100.100/50943	102.100.100/50944	102.100.100/50945	102.100.100/50946	102.100.100/50947	102.100.100/50948	102.100.100/50949	102.100.100/50950	102.100.100/50951	102.100.100/50952	102.100.100/50953	102.100.100/50954	102.100.100/50955	102.100.100/50956	102.100.100/50957	102.100.100/50958	102.100.100/50959	102.100.100/50960	102.100.100/50961	102.100.100/50962	102.100.100/50963	102.100.100/50964	102.100.100/50965	102.100.100/50966	102.100.100/50967	102.100.100/50968	102.100.100/50969	102.100.100/50970	102.100.100/50971	102.100.100/50972	metabolite
				ITSD																	2745247	2545926	2553626	2808912	2763606	2754561	2896273	2932503	2716075	2141703	2210679	2871417	2570206	2418870	2400415	2670094	2650377	2340046	2495339	2599458	2586615	2718772	2752621	2842148	2894944	3166498	2896977	1646808	2698644	2171962	2817687	2402487	2901767	2557883	3134969	2727756	2734538	2143278	2894447	1970748	2589364	2157542	2502349	2680881	2237344	2106736	2718878	2255987	3529621	2743705	3008037	2806300	3124302	2881434	2883055	3009149	2786958	2689030	2885290	2968915	13C2-Myristic acid
				ITSD																	306504	295155	341910	312202	330705	295662	302963	314558	327565	291944	315899	326414	268385	300178	331441	314715	305922	301900	333913	331553	366515	348544	353502	392395	366476	431204	362199	258004	442637	386302	449312	375920	499477	480013	565728	456423	308208	327544	333994	320589	301451	345886	416040	317341	391477	346335	338317	425291	388647	322171	345346	308404	333460	313441	348195	338589	327328	288931	331893	328752	13C5,15N1-Valine
				ITSD																	1009794	1011948	1019117	1067336	1024302	1141734	723606	887550	963362	927068	946492	881325	892727	986771	1077385	1063991	1055751	1032430	951642	935993	948742	950785	903915	1034405	1011897	1087069	1092144	921786	1565876	1099790	933146	1078202	1759460	1468507	1458910	1192852	1137591	1157211	1176026	1310706	1097100	1138904	1240626	983310	1183501	1241600	1052022	1338457	1270627	1164003	1226809	1080950	1185710	1201447	1035328	1203678	985803	1054861	1090477	1020193	13C6-Sorbitol
CHEBI:17750	C5H11NO2	C[N+](C)(C)CC([O-])=O	InChI=1S/C5H11NO2/c1-6(2,3)4-5(7)8/h4H2,1-3H3	Betaine																	6146991	9933194	7520880	8998353	9524068	8125107	9043758	11551704	6590076	11655086	7880145	9880556	1807557	2009133	3350665	3532875	1174880	3409158	9921824	3597688	3622197	7855484	3329889	6353584	5906838	4321124	5887961	9943483	2065578	5887219	2458630	3262951	1471944	1946668	1519977	1843918	4435307	1877391	5221328	6360329	2054214	6428044	9014166	7051198	4253728	9133664	5425749	4485838	3172940	3636894	3935023	4427758	4230203	3704967	10041340	9453892	5284482	9603514	8765830	6380636	Betaine
CHEBI:28842	C18H36O2	C(CCCCCCCCCC)CCCCCCC(=O)O	InChI=1S/C18H36O2/c1-2-3-4-5-6-7-8-9-10-11-12-13-14-15-16-17-18(19)20/h2-17H2,1H3,(H,19,20)	Stearic acid																	4260780	3504700	4822166	5891235	7931494	3847496	4616676	7876343	3192185	3700253	2340641	4608206	4043295	3560646	3569327	5476230	3394124	1808001	2699691	8234392	11440882	6808645	4820594	5119035	8263632	195510	8126823	2367362	7608020	2932927	8224899	13557724	14661488	6653558	4668732	8568360	5329840	3136413	6232738	4851201	2746673	3176780	4895073	8359862	5251666	3745854	4999830	3030449	6838166	6571142	6283011	7392326	4155121	5265879	4444856	5941447	12034680	7933463	2928928	7236022	Stearic acid
CHEBI:167592	C33H66NO8P	[C@](COC(=O)*)(OC(=O)*)([H])COP(OCC[NH3+])(=O)[O-]		PE(14:0/14:0)																	167486	67476	96300	158015	230090	199297	192149	132036	156660	39637	107491	149954	139560	48211	63701	198607	142191	74501	49247	63731	148790	127139	195753	135184	205183	157522	197120	100846	123101	92409	38995	58754	29389	21322	16719	35195	188924	91246	173773	121998	177726	129521	107674	138694	98032	80505	142411	107882	98973	121769	96042	187303	106619	171957	31033	45035	150469	153846	32180	118587	PE(14:0/14:0)
CHEBI:17713	C10H14N5O6P	Nc1ncnc2n(cnc12)[C@H]1C[C@H](O)[C@@H](COP(O)(O)=O)O1	InChI=1S/C10H14N5O6P/c11-9-8-10(13-3-12-9)15(4-14-8)7-1-5(16)6(21-7)2-20-22(17,18)19/h3-7,16H,1-2H2,(H2,11,12,13)(H2,17,18,19)/t5-,6+,7+/m0/s1	Deoxyadenosine monophosphate																	176967	194052	215803	183831	123503	151243	220447	175366	254308	287064	199103	194249	104789	119600	116376	121362	92707	73143	279221	160715	114995	230912	152237	129943	165556	87234	227102	356327	24828	158964	38533	104916	22589	19597	38429	16968	137426	247787	163602	185492	194264	123468	250467	275116	210784	222516	113336	129136	82724	114082	110680	114057	94078	111932	310341	272902	263434	238501	182126	231711	Deoxyadenosine monophosphate
CHEBI:43433	C6H13NO2	CC[C@@H](C)[C@H](N)C(O)=O	InChI=1S/C6H13NO2/c1-3-4(2)5(7)6(8)9/h4-5H,3,7H2,1-2H3,(H,8,9)/t4-,5+/m1/s1	L-Alloisoleucine																	10061216	10155477	10969025	20198421	23303019	14663357	9588647	13232107	5976521	17570406	7112106	9998802	6491771	3398840	5285285	11080782	5729725	7995504	15324763	4822877	4184361	6626287	4687907	8154745	13867635	3796477	10763018	33571138	2530784	14068615	912150	2964520	259436	540287	524489	800545	9661531	6191329	9728124	17969005	7587748	15021602	8940473	7987800	4360429	7514655	7317307	4598367	6633451	4219895	6539660	12669165	13181767	9358798	12734988	15179831	7323756	7418502	10290540	8471411	L-Alloisoleucine
CHEBI:16414	C5H11NO2	CC(C)[C@H](N)C(O)=O	InChI=1S/C5H11NO2/c1-3(2)4(6)5(7)8/h3-4H,6H2,1-2H3,(H,7,8)/t4-/m0/s1	L-Valine																	17792478	11653364	8783812	13821456	6610704	12614074	1955436	2355265	1819239	4602775	2411722	1954680	8349431	3499785	2562661	3656458	4000216	2929766	6684942	2715548	1796183	2829810	3521641	2562684	2952605	224887	1917577	3255166	509729	1847527	403811	1456242	213724	412952	658968	469822	5195854	6625439	3369517	4464797	6257827	3917595	2170329	3174518	1282240	1879641	2515097	1348266	2373610	1948720	2409704	3337286	2800598	2704260	4520181	5751458	2574546	3295273	5261876	2721680	L-Valine
CHEBI:17191	C6H13NO2	OC([C@H]([C@H](CC)C)N)=O	InChI=1S/C6H13NO2/c1-3-4(2)5(7)6(8)9/h4-5H,3,7H2,1-2H3,(H,8,9)/t4-,5-/m0/s1	L-Isoleucine																	4570166	4505284	4757806	8906266	10170256	6326879	4250135	5723429	2684385	7353110	3053953	4167836	2949841	1562389	2407353	5033814	2582200	3564039	6842839	2196040	1887989	2762526	2126366	3512570	6230393	1758546	4878181	14803023	1177858	6461948	418158	1370086	114869	236416	242702	383115	4497939	2759062	4447904	8074774	3412576	6608343	3794053	3444623	1979066	3067797	3243611	2027510	3043214	1905459	2921900	5754884	6000687	4290511	5321375	6318855	3308780	2931191	4397407	3720811	L-Isoleucine
CHEBI:72772	C6H13NO2	CC(C)C(N)CC(O)=O	InChI=1S/C6H13NO2/c1-4(2)5(7)3-6(8)9/h4-5H,3,7H2,1-2H3,(H,8,9)	Beta-Leucine																	4687760	4659945	5013313	9229018	10450185	6593123	4352345	5849948	2783487	7548794	3142596	4336774	2985065	1582226	2438573	5162414	2616095	3694836	6807915	2229255	1897139	2792240	2129546	3614247	6387348	1784390	4991229	14919571	1205632	6569955	424432	1380608	117758	242329	263058	380249	4567324	2773317	4599854	8321039	3451021	6844150	3910582	3543062	2050889	3112671	3333462	2070692	3063184	1985810	3035600	5861593	6100986	4403635	5509781	6515373	3380526	3055850	4482646	3829507	Beta-Leucine
CHEBI:16467	C6H14N4O2	N[C@@H](CCCNC(N)=N)C(O)=O	InChI=1S/C6H14N4O2/c7-4(5(11)12)2-1-3-10-6(8)9/h4H,1-3,7H2,(H,11,12)(H4,8,9,10)/t4-/m0/s1	L-Arginine																	7610	5136	9960	28282	225088	7705	11062	1848	66218	24675	59042	10411	48288	132516	139371	256455	194713	249041	33746	85994	84062	172734	63674	130592	92782	8939	125648	504544	61088	119071	59715	43284	51473	74667	57997	70649	241005	54524	259809	341101	111237	352073	59459	12477	119272	222249	32458	193836	341734	317998	285224	396313	430904	382949	442889	474855	296910	313520	237165	293915	L-Arginine
				No HMDB data																	138624	176629	85167	147900	276177	81154	32475	62633	85039	30043	93035	17510	217341	211939	39773	82739	390639	78982	63609	41527	1405	9816	57562	3274	187679	258855	55963	114992	131603	111700	7408	4728	0	0	12244	1143	186753	453957	186942	639807	648265	431450	17627	48977	18268	27794	63007	1276	362805	477848	322092	323311	972155	234073	31360	103941	25539	32256	38313	23621	Sucrose 6-Phosphate
CHEBI:17012	C11H19NO9	[H][C@]1(OC(O)(C[C@H](O)[C@H]1NC(C)=O)C(O)=O)[C@H](O)[C@H](O)CO	InChI=1S/C11H19NO9/c1-4(14)12-7-5(15)2-11(20,10(18)19)21-9(7)8(17)6(16)3-13/h5-9,13,15-17,20H,2-3H2,1H3,(H,12,14)(H,18,19)/t5-,6+,7+,8+,9+,11?/m0/s1	N-Acetylneuraminic acid																	11748	2668	8147	7813	10718	19053	267962	411262	22514	587318	82257	150419	22453	6998	10958	24581	26088	12408	3808612	481524	100789	596041	1101195	354526	42830	27452	34092	49124	11579	25909	125201	305099	17959	45138	66369	52726	32301	14850	21808	23872	39675	20866	588327	2066361	107726	591223	2258348	322336	6411	1049	3902	13717	1179	23720	65599	120626	15694	147122	104322	47395	N-Acetylneuraminic acid
CHEBI:16027	C10H14N5O7P	Nc1ncnc2n(cnc12)[C@@H]1O[C@H](COP(O)(O)=O)[C@@H](O)[C@H]1O	InChI=1S/C10H14N5O7P/c11-8-5-9(13-2-12-8)15(3-14-5)10-7(17)6(16)4(22-10)1-21-23(18,19)20/h2-4,6-7,10,16-17H,1H2,(H2,11,12,13)(H2,18,19,20)/t4-,6-,7-,10-/m1/s1	Adenosine monophosphate																	7909905	8492138	8162221	9835980	8218219	11150649	4767466	5589033	7705177	8450306	6763895	5936319	10942899	12782624	8539746	11672728	11260176	7354043	8305335	3466762	3574663	5804665	3811535	5350618	9905317	7825543	12420895	18484780	2891527	7943706	2952572	1076295	682959	1451977	1643953	1245383	10687430	23160709	9660292	10883398	10833082	15887355	10392446	5474143	6649031	9840385	4455171	6620389	12574591	15268091	9752481	12041189	8848008	12114757	9645488	11418128	8313904	8548464	8363851	6784320	Adenosine monophosphate
CHEBI:17895	C9H11NO3	N[C@@H](Cc1ccc(O)cc1)C(O)=O	InChI=1S/C9H11NO3/c10-8(9(12)13)5-6-1-3-7(11)4-2-6/h1-4,8,11H,5,10H2,(H,12,13)/t8-/m0/s1	L-Tyrosine																	1632053	1684017	2087487	2115127	2437613	2540591	3511038	3199121	3388397	4696430	3829547	3529386	796451	474649	888246	1042209	888478	1434903	3943894	2520895	1270223	2540189	2809297	2581361	2046298	801394	1762818	2479643	798282	2556352	747920	1385531	320118	550278	655688	449336	1591753	2357315	1794732	2000797	1648735	3312554	2826465	3120085	1746553	2588648	1949859	1511262	1903882	1938645	1937722	1973910	2122655	2802620	4395831	4836623	3209382	3593865	4238284	3188779	L-Tyrosine
CHEBI:30911	C6H14O6			Sorbitol																	72216	17491	86701	129037	2070	2832	363774	16689	45959	5834	12605	2853	68465	28395	19227	33855	40015	10782	109249	3904	8725	42372	2779	21631	3474	7031	5467	7081	14571	10425	137264	13105	71675	478452	1689	1886	35552	88137	34996	11724	21539	815888	44879	42	77825	734	28260	2439	100437	179191	27760	77021	128188	27575	197457	26628	8922	2784	15052	335	Sorbitol
CHEBI:4170	C6H13O9P	OC1O[C@H](COP(O)(O)=O)[C@@H](O)[C@H](O)[C@H]1O	InChI=1S/C6H13O9P/c7-3-2(1-14-16(11,12)13)15-6(10)5(9)4(3)8/h2-10H,1H2,(H2,11,12,13)/t2-,3-,4+,5-,6?/m1/s1	Glucose 6-phosphate																	2120327	777631	629084	1506942	1389534	836631	864655	456755	563658	204553	280686	341704	1822479	942027	513205	1159725	1726872	484180	319741	196975	76128	123145	247647	123656	869170	484420	299768	535616	129498	238174	40896	60344	8088	32227	52795	21806	1571714	1348788	1738774	748533	2017485	969412	184722	379654	198983	220212	327147	97744	1187030	1133775	555395	1973431	1029016	1823048	191963	234911	464921	286712	301923	325285	Glucose 6-phosphate
CHEBI:16643	C5H11NO2S	CSCC[C@H](N)C(O)=O	InChI=1S/C5H11NO2S/c1-9-3-2-4(6)5(7)8/h4H,2-3,6H2,1H3,(H,7,8)/t4-/m0/s1	L-Methionine																	454953	531898	165038	302641	29026	191963	1585854	1363033	195065	732198	77724	915248	1703443	899411	90009	84723	744632	103413	3017109	631486	80894	126436	1570648	131045	91654	120601	70123	46902	7856	38653	93199	414180	68831	83508	88041	116071	120312	1812672	84758	58844	685769	46613	134589	2124646	99211	74245	442587	60021	463330	308844	142085	259048	95779	122011	901650	1390551	569286	646843	433091	918539	L-Methionine
CHEBI:7916	C9H17NO5	CC(C)(CO)C(O)C(=O)NCCC(O)=O	InChI=1S/C9H17NO5/c1-9(2,5-11)7(14)8(15)10-4-3-6(12)13/h7,11,14H,3-5H2,1-2H3,(H,10,15)(H,12,13)	Pantothenic acid																	20576743	15164642	19075756	15263189	13018390	27700081	18854742	20459475	20078851	26338835	15185599	24834132	26513709	23827426	18064171	16457343	15667375	16494450	26949272	13984933	7976974	14639421	22078390	13676538	18193454	7496673	21591189	25010868	3662329	14772472	2132193	10732085	1318727	1755405	3696961	2157824	23751128	39623557	27615351	21875897	21699946	28275125	18700652	19641217	14653837	21071345	15924859	13084432	21912023	21850647	21267552	19166884	19297684	20228960	25680094	18527503	16811453	21956976	23502471	19137559	Pantothenic acid
CHEBI:28797	C4H9NO2	CC[C@@H](N)C(O)=O	InChI=1S/C4H9NO2/c1-2-3(5)4(6)7/h3H,2,5H2,1H3,(H,6,7)/t3-/m1/s1	D-Alpha-aminobutyric acid																	102148	101316	103745	91756	124998	120639	214886	378487	108621	540550	131784	203502	105330	87664	86827	67385	86294	82145	687187	142614	102736	247563	187790	159502	45501	38862	41235	48536	55214	43851	47245	55393	36760	46684	44334	40196	108290	144322	162378	116515	138444	186144	311322	603052	140898	372779	362806	186428	79516	66274	63925	55724	67284	66176	360252	608107	97704	351283	296639	109084	D-Alpha-aminobutyric acid
CHEBI:16742	C5H4N2O4	OC(=O)c1cc(=O)[nH]c(=O)[nH]1	InChI=1S/C5H4N2O4/c8-3-1-2(4(9)10)6-5(11)7-3/h1H,(H,9,10)(H2,6,7,8,11)	Orotic acid																	250074	89381	3733846	1523602	535325	643855	16272	25601	28931	100350	28197	22775	118845	65786	1341390	635448	85419	366704	34868	18944	38119	75738	18223	131812	102903	31518	289182	3585049	29613	253667	20498	19247	26766	26553	25774	17893	60251	148749	482770	1563573	576693	657986	28138	17138	38402	51014	38403	43743	738298	420960	5299073	4409340	3631391	1612373	1058652	40151	38231	168005	149812	70556	Orotic acid
CHEBI:16335	C10H13N5O4	Nc1ncnc2n(cnc12)[C@@H]1O[C@H](CO)[C@@H](O)[C@H]1O	InChI=1S/C10H13N5O4/c11-8-5-9(13-2-12-8)15(3-14-5)10-7(18)6(17)4(1-16)19-10/h2-4,6-7,10,16-18H,1H2,(H2,11,12,13)/t4-,6-,7-,10-/m1/s1	Adenosine																	1867843	2944245	2154651	2709396	2578391	3686599	1985363	1731147	1637686	796503	574337	1859966	2974551	1112946	779763	2592913	1879857	733771	997542	2011103	1461360	1532048	1951197	739081	2170173	1281753	4862832	2224864	481364	948934	1220501	7797166	351029	141479	232380	816560	8483895	4834200	10507197	1242752	4977742	2213491	1685030	3139933	1632011	1104183	1112152	756598	972425	1031089	646411	1833978	1010126	1375324	841670	1033005	1345584	1868238	843204	1396399	Adenosine
CHEBI:17295	C9H11NO2	N[C@@H](Cc1ccccc1)C(O)=O	InChI=1S/C9H11NO2/c10-8(9(11)12)6-7-4-2-1-3-5-7/h1-5,8H,6,10H2,(H,11,12)/t8-/m0/s1	L-Phenylalanine																	928038	921939	1259577	977065	724895	1317633	844357	637680	2016703	651112	1103907	546979	499671	376803	581555	505881	194126	577477	1522384	1416598	745933	489345	1286549	744684	652374	348742	682272	802270	221813	830712	388943	593302	230120	252580	316616	285751	1281721	1338145	1228102	1106932	492950	2016865	460076	852485	919147	410979	260419	338226	667161	670412	981059	741069	581334	794543	985477	1270980	1444048	379333	459818	747597	L-Phenylalanine
CHEBI:17489	C10H12N5O6P	Nc1ncnc2n(cnc12)[C@@H]1O[C@@H]2COP(O)(=O)O[C@H]2[C@H]1O	InChI=1S/C10H12N5O6P/c11-8-5-9(13-2-12-8)15(3-14-5)10-6(16)7-4(20-10)1-19-22(17,18)21-7/h2-4,6-7,10,16H,1H2,(H,17,18)(H2,11,12,13)/t4-,6-,7-,10-/m1/s1	Cyclic AMP																	265651	122944	408832	201872	436014	820858	230802	63550	210303	325293	367865	280900	442624	114893	503979	341116	738740	797996	206088	85614	83419	119835	126317	208739	296518	97367	364058	1289774	118775	1088053	25758	53498	11109	34348	23262	22979	172490	200850	226457	793252	388534	1038958	55779	51927	137899	159747	100835	127022	275740	201542	423374	306701	923985	553306	36454	105163	109816	104863	238389	72399	Cyclic AMP
CHEBI:17368	C5H4N4O	O=c1[nH]cnc2nc[nH]c12	InChI=1S/C5H4N4O/c10-5-3-4(7-1-6-3)8-2-9-5/h1-2H,(H2,6,7,8,9,10)	Hypoxanthine																	8120199	5984669	3331155	5190163	4679712	5008651	7457264	7594275	3064970	2324821	2209597	5303922	8239721	5322559	2236699	3707060	4032298	1339865	5303160	6714725	1567912	3908733	5243570	654576	2610206	1209277	1946413	1499708	658597	45434	5073697	2536863	2355115	2251794	1576180	3734520	3099729	4930329	2709094	1709842	2415433	1561631	2876315	2567316	687731	631530	736594	157522	3682975	1926087	2707325	2740880	1754424	3445285	816404	431981	1587037	509862	163417	1077296	Hypoxanthine
CHEBI:16813	C6H14O6	OC[C@H](O)[C@@H](O)[C@@H](O)[C@H](O)CO	InChI=1S/C6H14O6/c7-1-3(9)5(11)6(12)4(10)2-8/h3-12H,1-2H2/t3-,4+,5+,6-	Galactitol																	69662	7769	105346	134104	3062	4140	382018	22658	52925	29873	25398	7817	77491	46886	24230	19367	44670	16622	120003	16758	11112	60489	12979	58790	7529	5194	4339	16878	70220	20967	202560	33465	131596	638530	39570	38383	43787	93385	31211	12104	25333	879728	71431	6323	74345	14604	32326	19647	101968	198156	27816	83973	132143	29939	228459	55175	14681	12989	22270	7240	Galactitol
CHEBI:17821	C5H6N2O2	Cc1c[nH]c(=O)[nH]c1=O	InChI=1S/C5H6N2O2/c1-3-2-6-5(9)7-4(3)8/h2H,1H3,(H2,6,7,8,9)	Thymine																	641617	592474	555500	544943	264708	734188	459988	336149	249191	214011	103498	393160	688692	347718	450387	507511	304782	470820	473959	577551	256815	351878	352515	181269	675873	352120	797686	691435	82913	423348	330744	1278610	139912	58749	104009	157323	1394153	971656	1621245	377777	847397	700307	468590	654583	408829	336029	258189	316557	378285	177861	294358	287455	167335	384072	286533	196578	253342	297294	164355	303975	Thymine
CHEBI:16908	C21H29N7O14P2	NC(=O)C1=CN(C=CC1)[C@@H]1O[C@H](COP(O)(=O)OP(O)(=O)OC[C@H]2O[C@H]([C@H](O)[C@@H]2O)n2cnc3c(N)ncnc23)[C@@H](O)[C@H]1O	InChI=1S/C21H29N7O14P2/c22-17-12-19(25-7-24-17)28(8-26-12)21-16(32)14(30)11(41-21)6-39-44(36,37)42-43(34,35)38-5-10-13(29)15(31)20(40-10)27-3-1-2-9(4-27)18(23)33/h1,3-4,7-8,10-11,13-16,20-21,29-32H,2,5-6H2,(H2,23,33)(H,34,35)(H,36,37)(H2,22,24,25)/t10-,11-,13-,14-,15-,16-,20-,21-/m1/s1	NADH																	6368851	6730781	5456387	6793318	6577256	7221813	5955166	6302225	6445350	5553324	5605637	6498962	6897195	7215195	5808150	6687010	6504543	5002948	5454397	4578749	3523219	5846324	4974851	4990398	6236940	4122554	7881124	7987759	2231305	5491108	2097779	3910399	502331	1498330	1540668	1748879	5440517	6870437	6313730	6184219	7069591	5885931	4370671	4859043	3918937	5596899	4258938	3970509	5191856	5602444	3666234	5565098	5458471	4943507	3929873	4674478	4732498	5617843	3855134	4429373	NAD
CHEBI:17203	C5H9NO2	OC(=O)[C@@H]1CCCN1	InChI=1S/C5H9NO2/c7-5(8)4-2-1-3-6-4/h4,6H,1-3H2,(H,7,8)/t4-/m0/s1	L-Proline																	167155	189896	175372	266398	142976	155934	87076	76147	185037	284176	33003	93789	226942	195619	151964	162055	177987	166982	277883	72503	42019	113714	105451	80652	127043	56024	162149	627940	55112	165183	45162	76275	30380	54321	71003	48571	119658	387386	143612	224246	256428	164696	118810	91340	50727	148066	55925	63426	171530	213655	171587	203863	117189	192001	149830	87197	60718	127795	90277	73115	L-Proline
CHEBI:15603	C6H13NO2	CC(C)C[C@H](N)C(O)=O	InChI=1S/C6H13NO2/c1-4(2)3-5(7)6(8)9/h4-5H,3,7H2,1-2H3,(H,8,9)/t5-/m0/s1	L-Leucine																	642216	323546	395228	1020220	1335486	953786	758301	795158	817583	1587494	683638	772017	1073677	255769	698219	1668076	1757923	1527060	2911044	1430500	795784	1077775	1729299	1378380	1204199	30175	1130091	3699799	501304	1868157	216297	728702	118441	252025	349211	321554	772353	1250368	489458	1351891	1589234	1630397	845831	1697881	715613	1078497	1466401	881021	1112721	382380	892315	1564151	2268893	1625147	1752413	2715297	1007118	1249397	2226564	1259027	L-Leucine
CHEBI:15901	C4H6N2O2	O=C1CCNC(=O)N1	InChI=1S/C4H6N2O2/c7-3-1-2-5-4(8)6-3/h1-2H2,(H2,5,6,7,8)	Dihydrouracil																	24876	27052	92490	50975	45302	54386	21024	48628	20748	29489	14171	35452	49550	256590	186118	193896	47562	197636	119862	104846	68604	112965	55648	42173	166007	24785	196149	317491	6584	54323	22717	21374	12825	7606	8761	32656	172432	49610	124469	78659	13755	99620	37991	29919	11999	15998	10967	12249	213595	192763	100909	91292	75585	81443	100525	72705	84921	58740	32008	64211	Dihydrouracil
CHEBI:17345	C10H14N5O8P	Nc1nc2n(cnc2c(=O)[nH]1)[C@@H]1O[C@H](COP(O)(O)=O)[C@@H](O)[C@H]1O	InChI=1S/C10H14N5O8P/c11-10-13-7-4(8(18)14-10)12-2-15(7)9-6(17)5(16)3(23-9)1-22-24(19,20)21/h2-3,5-6,9,16-17H,1H2,(H2,19,20,21)(H3,11,13,14,18)/t3-,5-,6-,9-/m1/s1	Guanosine monophosphate																	260222	222878	202789	290474	297508	289942	236299	201131	252664	169866	214421	331408	237100	322759	105596	237740	434746	116521	237364	60910	43607	83039	84051	115693	300426	243678	307006	366441	78976	195670	48107	7087	27561	24327	31887	44586	157332	600246	148859	272130	439732	230122	309719	187761	178892	212693	269152	249397	604160	792889	350122	545524	378877	487046	553989	630913	303149	384406	387096	424765	Guanosine monophosphate
CHEBI:15318	C5H4N4O2			Xanthine																	23306107	26054263	23537348	28248189	33083015	28460385	8989746	18810126	9292248	20003387	10502943	13459253	16999927	21604030	17731346	20039176	23072316	21812852	14162836	10838605	8605399	11564029	10689125	11319458	17970967	16690195	11365726	29070620	14753723	18463941	14541463	11294033	11726422	12674816	15242650	16779057	15509098	15499864	16769278	28010945	20376085	28322148	15944084	10453485	8641118	13707516	9763057	11839089	14376440	10552021	14202718	20161052	22147468	19949533	5135731	6417162	4821998	3651759	4376212	4946694	Xanthine
CHEBI:18347	C6H13NO2	CCCC[C@H](N)C(O)=O	InChI=1S/C6H13NO2/c1-2-3-4-5(7)6(8)9/h5H,2-4,7H2,1H3,(H,8,9)/t5-/m0/s1	L-Norleucine																	605539	260930	358504	875932	1034313	1038496	690109	663297	812756	1379912	588925	726866	1033868	255263	687785	1598950	1959627	1503737	2740722	1384872	750409	979888	1713604	1335966	1299191	31053	1034827	3412328	500080	1781263	214342	707187	143663	277051	344695	332566	718535	1196723	507698	1238068	1509822	1593008	882413	1850282	708345	980542	1398363	861182	1215415	399652	958643	1697292	2222976	1524127	1768348	2527098	971098	1304572	2095339	1386695	L-Norleucine
CHEBI:16977	C3H7NO2	C[C@H](N)C(O)=O	InChI=1S/C3H7NO2/c1-2(4)3(5)6/h2H,4H2,1H3,(H,5,6)/t2-/m0/s1	L-Alanine																	1204399	1441006	821770	895777	365928	647027	182508	210208	207354	244009	45214	122617	1251394	995248	604652	664545	533278	386543	377354	120850	59837	138237	76331	93366	502352	103393	453584	694980	57137	318505	88319	86086	38889	32600	39823	54822	686798	1380474	616328	910147	553223	644617	193310	174504	65922	154762	68888	90984	682725	566288	493330	541466	382687	269909	239825	202954	128191	199661	169721	127698	L-Alanine
CHEBI:16704	C9H12N2O6	OC[C@H]1O[C@H]([C@H](O)[C@@H]1O)n1ccc(=O)[nH]c1=O	InChI=1S/C9H12N2O6/c12-3-4-6(14)7(15)8(17-4)11-2-1-5(13)10-9(11)16/h1-2,4,6-8,12,14-15H,3H2,(H,10,13,16)/t4-,6-,7-,8-/m1/s1	Uridine																	504721	967829	719597	737655	949472	1372250	859357	605006	865607	501971	381813	812950	906685	494436	279089	801717	609414	272168	473810	1153447	703881	751874	831013	532094	1180239	487633	1766582	888920	231311	486278	806371	3375631	182962	75612	86780	550011	2472220	996979	3538408	654262	2058392	655561	1195416	1874108	915112	778305	856414	646400	376575	346436	185089	343975	360364	320408	444542	438726	468080	527715	539387	732093	Uridine
CHEBI:15351	C23H38N7O17P3S	CC(=O)SCCNC(=O)CCNC(=O)[C@H](O)C(C)(C)COP(O)(=O)OP(O)(=O)OC[C@H]1O[C@H]([C@H](O)[C@@H]1OP(O)(O)=O)n1cnc2c(N)ncnc12	InChI=1S/C23H38N7O17P3S/c1-12(31)51-7-6-25-14(32)4-5-26-21(35)18(34)23(2,3)9-44-50(41,42)47-49(39,40)43-8-13-17(46-48(36,37)38)16(33)22(45-13)30-11-29-15-19(24)27-10-28-20(15)30/h10-11,13,16-18,22,33-34H,4-9H2,1-3H3,(H,25,32)(H,26,35)(H,39,40)(H,41,42)(H2,24,27,28)(H2,36,37,38)/t13-,16-,17-,18+,22-/m1/s1	Acetyl-CoA																	469079	131959	222366	329071	482202	426312	958021	409874	326704	72930	56883	622283	703905	279528	382148	1020916	1515348	267432	262337	1251921	416093	834054	1581097	131226	1595548	1455733	1395334	489883	827120	334591	550153	1634983	151768	209568	93958	428340	1488404	346846	2328467	1056163	2401980	986311	319588	1166231	110971	129028	1055904	77576	206366	347293	266656	479508	434348	584466	29127	80276	510566	164602	60684	374869	Acetyl-CoA
CHEBI:15824	C6H12O6			D-Fructose																	281583	325494	233784	263045	216238	407623	552158	533267	396385	1294410	833872	703369	290099	133570	74298	160863	192858	159899	943798	202219	125822	762858	375384	343007	294567	72827	234134	429018	108918	280644	213842	258156	173638	70947	114974	76444	426500	567663	461503	459573	554167	624445	1414564	1317705	394316	1622754	1252784	957512	327743	424670	184075	339151	275029	316735	1062795	1346703	499569	1290728	892622	540478	D-Fructose
CHEBI:15999	C9H8O4	OC(=O)C(=O)CC1=CC=C(O)C=C1	InChI=1S/C9H8O4/c10-7-3-1-6(2-4-7)5-8(11)9(12)13/h1-4,10H,5H2,(H,12,13)	4-Hydroxyphenylpyruvic acid																	79147	52190	22326	62526	40115	82120	405304	169422	32420	2311	45712	225162	54292	19906	12448	29313	14453	10708	67362	128584	123783	126992	119654	67021	31324	9018	43179	21115	21990	19956	23660	52877	7955	5849	15152	3861	94882	335005	48291	63634	53057	87714	39821	164768	111349	34912	33668	48381	33209	30973	9217	38423	8978	37095	7020	12933	299249	98673	7114	333775	4-Hydroxyphenylpyruvic acid
CHEBI:16856	C10H17N3O6S	N[C@@H](CCC(=O)N[C@@H](CS)C(=O)NCC(=O)O)C(=O)O	InChI=1S/C10H17N3O6S/c11-5(10(18)19)1-2-7(14)13-6(4-20)9(17)12-3-8(15)16/h5-6,20H,1-4,11H2,(H,12,17)(H,13,14)(H,15,16)(H,18,19)/t5-,6-/m0/s1	Glutathione																	261408	332136	262342	299119	292021	260182	185961	274702	133493	308317	143596	175353	288355	331176	271287	200124	337402	308393	595733	169368	47645	186938	165211	200939	282447	94874	377096	570079	24113	374755	15446	81859	12927	36145	30155	13619	205818	543739	257398	406330	310749	448156	296460	302248	145329	347222	143717	204439	573738	532403	458751	440108	550441	372481	537668	585361	273211	359927	462273	201988	Glutathione
CHEBI:33508	C3H6O4	OCC(O)C(O)=O	InChI=1S/C3H6O4/c4-1-2(5)3(6)7/h2,4-5H,1H2,(H,6,7)	Glyceric acid																	880266	532044	329852	1430478	512254	916461	366757	480008	360683	193394	182152	439914	1103023	750101	310986	868062	748408	177381	356042	437319	180385	213067	301764	81704	789672	293926	736391	1553351	97584	86477	1000708	565553	186304	63864	58926	300035	872068	1889993	599780	512139	1013897	493270	210334	320988	154776	138398	175485	101694	911736	897576	643676	272097	504161	215002	372868	227373	213072	158479	169476	80107	Glyceric acid
CHEBI:28635	C7H12O5	C(C(=O)O)C(C(=O)O)(O)C(C)C	InChI=1S/C7H12O5/c1-4(2)7(12,6(10)11)3-5(8)9/h4,12H,3H2,1-2H3,(H,8,9)(H,10,11)	2-Isopropylmalic acid																	308024	492790	131200	134209	70057	71127	61664	73338	53380	34134	25770	27829	260415	2081008	96522	153733	152875	45595	48431	67683	11510	51221	29936	6716	102948	2028040	73623	48721	20363	20893	24021	20825	15799	20326	16053	21211	147592	142887	380286	128447	128574	81448	61345	47100	25807	22730	25962	26198	106767	1528814	55940	72820	83669	55065	52041	40559	51421	42314	32584	80605	2-Isopropylmalic acid
CHEBI:17562	C9H13N3O5	Nc1ccn([C@@H]2O[C@H](CO)[C@@H](O)[C@H]2O)c(=O)n1	InChI=1S/C9H13N3O5/c10-5-1-2-12(9(16)11-5)8-7(15)6(14)4(3-13)17-8/h1-2,4,6-8,13-15H,3H2,(H2,10,11,16)/t4-,6-,7-,8-/m1/s1	Cytidine																	161430	340311	343106	262498	363820	718560	185873	149094	179227	108481	91851	194152	286565	152946	93774	216065	207622	108925	334944	170939	87525	128187	140194	77251	451560	146135	963214	280571	77865	171656	145186	974348	66479	60511	64926	107704	1861669	934318	2584523	188334	1170790	406323	218991	579993	191177	159658	243740	135809	142167	109787	128228	182592	169857	189484	370646	289257	138554	340284	269761	200149	Cytidine
CHEBI:30813	C10H20O2	C(CCCCCC)CCC(=O)O	InChI=1S/C10H20O2/c1-2-3-4-5-6-7-8-9-10(11)12/h2-9H2,1H3,(H,11,12)	Capric acid																	95489	89563	109115	122516	122226	124618	101242	126284	104201	146495	97534	113004	98896	106179	96467	127565	112243	111568	157627	122357	140818	129764	120939	158451	96912	123464	119211	219936	124856	112741	113757	113589	124488	130197	118073	110367	123234	96868	122629	113518	135749	123940	135003	126735	159713	130517	105053	144262	130102	115063	100542	102409	100000	140651	138710	130670	106329	125284	132854	150782	Capric acid
CHEBI:15756	C16H32O2	CCCCCCCCCCCCCCCC(O)=O	InChI=1S/C16H32O2/c1-2-3-4-5-6-7-8-9-10-11-12-13-14-15-16(17)18/h2-15H2,1H3,(H,17,18)	Palmitic acid																	1313717	1361248	1520907	1537780	1870200	1355175	1031480	2075909	1383890	1147719	884688	1383791	1604379	1482403	1176565	1385417	1158827	740430	1272960	2110198	2413944	2846374	1310062	1904437	1924862	201415	1456783	710592	1010629	987506	1555267	2233814	2400615	2042264	1553426	2140709	1626082	1450825	1522070	1229338	1153118	1033505	1331250	1771034	1582212	1224574	1383227	1048878	2511685	1383178	1393838	1469845	1484937	1151062	1784732	1706773	1923074	1833612	1041735	1513103	Palmitic acid
CHEBI:17568	C4H4N2O2	O=c1cc[nH]c(=O)[nH]1	InChI=1S/C4H4N2O2/c7-3-1-2-5-4(8)6-3/h1-2H,(H2,5,6,7,8)	Uracil																	51780	18579	749755	305434	115433	104332	2273	4695	958	12242	2280	7789	36731	13976	255453	136392	8953	73150	8672	16272	7926	9500	3492	27460	13656	6849	53191	720057	2577	52846	3173	4280	12113	3976	4386	1359	11688	19141	100330	312482	118023	129779	19872	14237	10182	3668	7077	10882	122889	80116	993324	885085	674529	330857	216596	1368	4220	21662	43774	15924	Uracil
CHEBI:17596	C10H12N4O5	OC[C@H]1O[C@H]([C@H](O)[C@@H]1O)n1cnc2c(O)ncnc12	InChI=1S/C10H12N4O5/c15-1-4-6(16)7(17)10(19-4)14-3-13-5-8(14)11-2-12-9(5)18/h2-4,6-7,10,15-17H,1H2,(H,11,12,18)/t4-,6-,7-,10-/m1/s1	Inosine																	295703	152675	51984	203279	238389	393637	591676	154153	264545	68416	63506	314762	1033902	418720	54827	265009	325440	10852	179556	1140364	261774	325887	839221	49084	185745	56023	292857	68635	31132	1811	727514	1012634	160618	59453	26457	478700	921439	586003	619611	32155	1009515	37929	87465	281846	46262	33313	71119	36668	136642	61247	34715	98522	64248	52528	57887	48238	127211	34524	71951	85099	Inosine
CHEBI:16750	C10H13N5O5	Nc1nc2n(cnc2c(=O)[nH]1)[C@@H]1O[C@H](CO)[C@@H](O)[C@H]1O	InChI=1S/C10H13N5O5/c11-10-13-7-4(8(19)14-10)12-2-15(7)9-6(18)5(17)3(1-16)20-9/h2-3,5-6,9,16-18H,1H2,(H3,11,13,14,19)/t3-,5-,6-,9-/m1/s1	Guanosine																	36094	98199	60681	57950	94009	136701	77673	29019	53195	5417	7693	54069	91628	20607	3044	38943	66472	6577	17380	53005	26238	12023	68097	6983	46658	16388	145128	49272	6049	15094	81969	276280	19735	2783	5496	48651	405949	269540	562410	23242	353566	71128	61822	115366	53403	6411	53044	26099	5085	7977	2451	21154	17773	17015	15537	12407	22980	35205	19776	46390	Guanosine
CHEBI:15570	C3H7NO2	C[C@@H](N)C(O)=O	InChI=1S/C3H7NO2/c1-2(4)3(5)6/h2H,4H2,1H3,(H,5,6)/t2-/m1/s1	D-Alanine																	589581	708300	402897	440695	190595	317579	94000	109619	94606	94416	22105	51521	626545	489069	297261	325482	244382	186575	183451	43010	26706	73020	40639	40111	242429	39436	224908	347192	30018	148390	45443	43215	19748	16042	10034	27287	348007	653431	310870	448505	270784	296208	97439	87289	34737	59602	33934	38068	352853	278504	252530	268182	186459	128490	113046	92083	53269	92106	78867	50829	D-Alanine
CHEBI:53678	C9H10ClNO3	N[C@@H](Cc1ccc(O)c(Cl)c1)C(O)=O	InChI=1S/C9H10ClNO3/c10-6-3-5(1-2-8(6)12)4-7(11)9(13)14/h1-3,7,12H,4,11H2,(H,13,14)/t7-/m0/s1	3-Chlorotyrosine																	1357602	1602552	1577541	1528352	1374975	1584334	887002	1233452	1074200	1308169	978935	1013661	1066609	1578112	1595602	1304521	1467157	1713493	1457513	1058123	964403	951506	1153591	1197033	1352270	1557932	1139919	1427555	1441692	1539143	1489471	1256256	1467245	1651170	1876787	1668727	1226003	1254297	1356139	1588508	1404760	1830864	1248576	1168989	1074258	1087316	1014334	1366220	870171	821123	1037124	980711	1073334	1142267	579812	683894	608112	367438	494989	574194	3-Chlorotyrosine
CHEBI:15699	C4H9NO3	N[C@@H](CCO)C(O)=O	InChI=1S/C4H9NO3/c5-3(1-2-6)4(7)8/h3,6H,1-2,5H2,(H,7,8)/t3-/m0/s1	L-Homoserine																	100837	166386	86331	63152	34198	103073	21199	24539	10953	19656	13143	26378	49113	81359	70622	29058	24509	27666	16664	10035	12463	41309	18442	25557	41219	14304	58989	32618	4516	39047	10659	22845	9230	14327	13799	17479	51065	180320	104362	53227	39381	94982	30452	26096	15959	30156	15795	21647	41136	80382	58829	31174	38001	29991	78706	61993	34908	43268	53019	40353	L-Homoserine
CHEBI:89843	C5H8O4			Methylsuccinic acid																	89665	194403	77336	54183	32099	47275	311287	576721	319258	172711	128556	427348	68853	101035	71452	8011	51591	85225	134553	91679	68893	74989	39247	52544	13837	3930	11675	41564	3537	19006	10118	74572	7568	6060	7833	5829	157517	360830	127095	184045	125064	165736	151350	191528	210211	252468	89238	125708	146543	209459	114777	64919	220468	126408	82561	99886	397236	48791	85183	90395	Methylsuccinic acid
CHEBI:15422	C10H16N5O13P3	Nc1ncnc2n(cnc12)[C@@H]1O[C@H](COP(O)(=O)OP(O)(=O)OP(O)(O)=O)[C@@H](O)[C@H]1O	InChI=1S/C10H16N5O13P3/c11-8-5-9(13-2-12-8)15(3-14-5)10-7(17)6(16)4(26-10)1-25-30(21,22)28-31(23,24)27-29(18,19)20/h2-4,6-7,10,16-17H,1H2,(H,21,22)(H,23,24)(H2,11,12,13)(H2,18,19,20)/t4-,6-,7-,10-/m1/s1	Adenosine triphosphate																	296907	175442	263780	224876	358836	284537	97474	172690	141638	147828	211882	144229	44327	166890	513274	424961	257530	557093	92754	117597	86657	144502	170121	203661	307809	238177	361134	620061	482352	788071	68212	112502	27454	80733	55884	98111	96244	13143	91301	595045	77656	848858	42794	111048	224671	180703	102576	111681	179678	206059	274162	149087	529795	211767	52549	128712	83250	137517	196995	109188	Adenosine triphosphate
CHEBI:17050	C3H7O7P	OC(COP(O)(O)=O)C(O)=O	InChI=1S/C3H7O7P/c4-2(3(5)6)1-10-11(7,8)9/h2,4H,1H2,(H,5,6)(H2,7,8,9)	3-Phosphoglyceric acid																	14271011	20905858	12652388	20918752	15191536	7484894	5861912	14250895	9416290	7730975	7089242	8251404	22103860	29508507	14988025	23322939	21374900	6758264	13681614	15699791	3243785	9497730	11909835	1009945	19773014	10699413	17294054	22554563	3777088	3783746	4543597	3256364	330963	340037	378768	661333	20513650	37861501	19881870	29494260	25039416	23221889	6178024	11411410	5234314	11286044	5587443	1114945	29354124	29440599	23854218	25256569	33226542	19019817	10558690	11784927	7115785	9268349	5259320	3310259	3-Phosphoglyceric acid
CHEBI:35932	C6H10O3	CCC(C)C(=O)C(O)=O	InChI=1S/C6H10O3/c1-3-4(2)5(7)6(8)9/h4H,3H2,1-2H3,(H,8,9)	3-Methyl-2-oxovaleric acid																	30591	50176	12213	33480	9244	28327	68797	33309	11352	11856	26884	27750	49346	34983	6430	15085	11005	9546	40079	7865	20498	11615	31364	39709	13455	3498	10842	40666	6591	13078	4593	10140	6424	7237	8430	1732	42889	131758	15381	45154	25656	26577	19268	55122	43610	15265	11542	39360	32003	15590	11878	18908	22874	5945	12977	13885	66094	14881	18075	63315	3-Methyl-2-oxovaleric acid
CHEBI:17361	C9H14N3O8P	Nc1ccn([C@@H]2O[C@H](COP(O)(O)=O)[C@@H](O)[C@H]2O)c(=O)n1	InChI=1S/C9H14N3O8P/c10-5-1-2-12(9(15)11-5)8-7(14)6(13)4(20-8)3-19-21(16,17)18/h1-2,4,6-8,13-14H,3H2,(H2,10,11,15)(H2,16,17,18)/t4-,6-,7-,8-/m1/s1	Cytidine monophosphate																	1105370	750070	894924	1190181	1377614	1333359	502655	495917	526398	626200	483043	619951	1616213	1746358	1141690	1749117	1843742	1221227	508340	136077	102328	238496	179429	224495	1611533	1017992	1645609	1597609	530395	1377190	113615	79985	49275	76381	79362	97062	762832	1787685	846830	1430435	1370322	1442570	823573	531420	422370	953617	519753	564742	1973676	2011858	1119534	1531745	1326973	1537499	990918	946165	494539	964164	612217	684515	Cytidine monophosphate
CHEBI:73685	C7H12N2O4	CC(=O)NC(CCC(N)=O)C(O)=O	InChI=1S/C7H12N2O4/c1-4(10)9-5(7(12)13)2-3-6(8)11/h5H,2-3H2,1H3,(H2,8,11)(H,9,10)(H,12,13)	N-Acetylglutamine																	18232	11734	21867	19233	53220	29305	11685	12012	17332	10040	12726	20991	46263	21652	29203	40329	107999	51267	43114	28993	12991	111763	27026	43917	26066	44820	17390	24589	20604	46597	21756	14654	25710	27610	20498	17202	21055	25372	6015	14163	13868	19326	3472	22328	3232	69886	27707	11679	31142	31467	30246	19286	81108	39725	24947	111538	86965	38090	156166	39570	N-Acetylglutamine
CHEBI:16680	C14H20N6O5S	N[C@@H](CCSC[C@H]1O[C@H]([C@H](O)[C@@H]1O)n1cnc2c(N)ncnc12)C(O)=O	InChI=1S/C14H20N6O5S/c15-6(14(23)24)1-2-26-3-7-9(21)10(22)13(25-7)20-5-19-8-11(16)17-4-18-12(8)20/h4-7,9-10,13,21-22H,1-3,15H2,(H,23,24)(H2,16,17,18)/t6-,7+,9+,10+,13+/m0/s1	S-Adenosylhomocysteine																	28656	37951	52401	45718	64872	63413	61699	53816	90197	121743	111834	59168	3569	6895	18874	9392	6871	33179	65757	59512	25104	54139	51715	62984	37056	6747	29366	41598	4919	63821	3601	36992	946	1365	3121	745	26291	38016	36506	47649	28166	110370	66860	60299	41411	69408	37242	41885	22683	31879	40720	34563	43375	75904	122947	142314	82011	68246	119818	65887	S-Adenosylhomocysteine
CHEBI:30794	C3H4O4	OC(=O)CC(O)=O	InChI=1S/C3H4O4/c4-2(5)1-3(6)7/h1H2,(H,4,5)(H,6,7)	Malonic acid																	178151	178280	141028	153932	177114	178930	167097	130109	197716	197292	175354	189277	167288	180450	152668	159983	147540	170182	190100	213579	180429	201513	219874	145547	127278	169019	154379	133898	158693	170657	274284	172378	188863	184952	178912	166893	142787	131299	216870	163397	205058	172032	165026	206993	173971	149655	167817	171443	202161	192575	156308	165723	128329	119068	178122	154814	201123	150777	144824	206755	Malonic acid
CHEBI:17858	C20H32N6O12S2	N[C@@H](CCC(=O)N[C@@H](CSSC[C@H](NC(=O)CC[C@H](N)C(O)=O)C(=O)NCC(O)=O)C(=O)NCC(O)=O)C(O)=O	InChI=1S/C20H32N6O12S2/c21-9(19(35)36)1-3-13(27)25-11(17(33)23-5-15(29)30)7-39-40-8-12(18(34)24-6-16(31)32)26-14(28)4-2-10(22)20(37)38/h9-12H,1-8,21-22H2,(H,23,33)(H,24,34)(H,25,27)(H,26,28)(H,29,30)(H,31,32)(H,35,36)(H,37,38)/t9-,10-,11-,12-/m0/s1	Oxidized glutathione																	9585569	15264242	10911085	13472735	10695450	12133058	7653618	14163805	6748994	15479524	7083333	10561912	7628325	15853025	12828524	8798477	15109536	15011658	28522338	8650447	2868520	10870566	7602552	9695827	10175526	3513575	17167572	25679556	1927975	17929233	1093091	2914416	236636	1451465	1520604	527156	5967125	23451174	11472369	18254376	12040748	19797022	17056535	12503506	10091800	17826765	5425323	10135458	26493531	23647669	21217311	13765903	24805418	14712602	26915889	27897533	12590332	16220727	20955656	10203625	Oxidized glutathione
CHEBI:25722	C10H12N2O8	OC[C@H]1O[C@H]([C@H](O)[C@@H]1O)n1c(cc(=O)[nH]c1=O)C(O)=O	InChI=1S/C10H12N2O8/c13-2-4-6(15)7(16)8(20-4)12-3(9(17)18)1-5(14)11-10(12)19/h1,4,6-8,13,15-16H,2H2,(H,17,18)(H,11,14,19)/t4-,6-,7-,8-/m1/s1	Orotidine																	1605665	1656427	1755152	2057959	1953578	2454175	127792	296967	114548	355799	203054	181641	1701710	2500857	2769256	2137628	2518046	3279868	366997	194753	83943	272526	241153	211861	1407200	1512580	1820414	1318800	756237	2124044	102144	112956	19550	30656	30801	32929	1479952	2110903	1933769	1969286	1442003	2673934	332219	287737	200969	336581	278268	261798	697465	968852	831310	658920	1017375	998740	135663	292681	75786	213191	247188	102134	Orotidine
CHEBI:15918	C9H14N3O7P	Nc1ccn([C@H]2C[C@H](O)[C@@H](COP(O)(O)=O)O2)c(=O)n1	InChI=1S/C9H14N3O7P/c10-7-1-2-12(9(14)11-7)8-3-5(13)6(19-8)4-18-20(15,16)17/h1-2,5-6,8,13H,3-4H2,(H2,10,11,14)(H2,15,16,17)/t5-,6+,8+/m0/s1	dCMP																	88667	122334	109612	107073	71700	94175	34526	58175	47699	78830	46789	48692	117653	190749	92318	85309	109681	75221	79126	35501	36260	59179	23658	51473	140748	83657	185267	166825	20105	69717	9483	12685	3431	4432	9055	3413	97284	315697	108435	170023	181457	166702	146208	74566	81005	149800	48160	77441	305246	223069	180673	177691	157748	161956	136303	124007	74952	75511	71615	61532	dCMP
CHEBI:27389	C4H9NO2	CC(CN)C(O)=O	InChI=1S/C4H9NO2/c1-3(2-5)4(6)7/h3H,2,5H2,1H3,(H,6,7)	3-Aminoisobutanoic acid																	33248	30943	10739	12016	41053	32327	99080	156538	40473	238811	42158	71170	51915	17111	11607	20130	25537	27398	321792	57562	19798	99805	67823	48987	4384	2118	7745	932	18558	11118	13271	1074	904	3256	14070	2116	37689	61133	77003	31816	52185	76321	146285	272370	48246	159501	155221	62326	26765	18189	12254	10733	19599	14742	129892	281442	30506	150754	131080	40204	3-Aminoisobutanoic acid
CHEBI:30772	C4H8O2	CCCC(O)=O	InChI=1S/C4H8O2/c1-2-3-4(5)6/h2-3H2,1H3,(H,5,6)	Butyric acid																	168874	92855	74633	176018	45919	90741	33015	14644	20087	3804	10842	23007	113029	51763	11499	54350	32552	18001	15914	13670	3950	7876	4721	5166	22146	4077	15930	24977	875	7938	1141	0	0	0	0	0	83867	56721	40745	47194	57867	28023	6540	4355	6576	1784	2574	7759	14374	20990	22931	58022	21352	31408	4912	2028	2197	4483	2452	9293	Butyric acid
CHEBI:17754	C3H8O3	OCC(O)CO	InChI=1S/C3H8O3/c4-1-3(6)2-5/h3-6H,1-2H2	Glycerol																	19532	20885	21222	20749	12336	13500	20733	25489	19596	15043	20609	16506	22968	18691	11639	23252	18818	16234	18379	14330	11327	18691	20343	29173	19453	11770	20776	28303	18483	20774	16029	22432	14999	22418	23874	16787	20218	12670	10204	22250	16591	32362	23029	21809	24136	26196	22850	13323	26006	21885	27793	16020	24525	11879	11777	22928	15930	16851	14545	10138	Glycerol
CHEBI:16828	C11H12N2O2	N[C@@H](Cc1c[nH]c2ccccc12)C(O)=O	InChI=1S/C11H12N2O2/c12-9(11(14)15)5-7-6-13-10-4-2-1-3-8(7)10/h1-4,6,9,13H,5,12H2,(H,14,15)/t9-/m0/s1	L-Tryptophan																	48908	64672	34447	57967	49785	47181	7612	16773	73103	12018	22134	25097	64439	93468	34513	50525	54308	41374	77960	39760	12709	28688	25915	19053	45087	18523	33272	74019	5583	27883	3894	19510	9151	9372	13185	11969	97855	287461	51845	132759	546926	92541	62099	55836	41153	63204	43251	21509	47575	40411	18198	24782	26830	17685	13586	28886	21900	10302	16599	20775	L-Tryptophan
CHEBI:15698	C9H13N3O4	Nc1ccn([C@H]2C[C@H](O)[C@@H](CO)O2)c(=O)n1	InChI=1S/C9H13N3O4/c10-7-1-2-12(9(15)11-7)8-3-5(14)6(4-13)16-8/h1-2,5-6,8,13-14H,3-4H2,(H2,10,11,15)/t5-,6+,8+/m0/s1	Deoxycytidine																	6270	28711	20129	16771	13113	45534	1376	0	83010	663	644	0	20230	6419	0	16832	8938	0	2241	9364	8358	2424	9141	681	29033	8651	92411	24338	826	1952	7958	116612	1440	0	0	1792	250655	133792	359732	13883	145373	34167	20307	48829	10774	2637	5291	5978	0	1283	0	5272	924	3428	915	1902	2903	7153	0	1272	Deoxycytidine
CHEBI:45931	C12H18N4O7P2S	CC1=C(CCOP(O)(=O)OP(O)([O-])=O)SC=[N+]1CC1=C(N)N=C(C)N=C1	InChI=1S/C12H18N4O7P2S/c1-8-11(3-4-22-25(20,21)23-24(17,18)19)26-7-16(8)6-10-5-14-9(2)15-12(10)13/h5,7H,3-4,6H2,1-2H3,(H4-,13,14,15,17,18,19,20,21)	Thiamine pyrophosphate																	144699	177473	82904	150109	204729	235616	97142	108146	131991	48526	59380	277002	159008	214407	155340	141696	160457	204447	135940	110995	86221	85081	105985	150909	103062	94833	139715	181002	47009	116460	45051	113428	7051	22070	36875	43414	105687	231563	129384	143206	130915	195410	100065	72748	103252	77180	69675	86377	198615	235901	117212	125363	189020	163975	68395	66712	118498	66738	52250	142965	Thiamine pyrophosphate
CHEBI:30835	C7H10O7	CC(C(O)=O)C(O)(CC(O)=O)C(O)=O	InChI=1S/C7H10O7/c1-3(5(10)11)7(14,6(12)13)2-4(8)9/h3,14H,2H2,1H3,(H,8,9)(H,10,11)(H,12,13)	2-Methylcitric acid																	164028	264098	1315414	722472	200236	1031213	347365	668398	1733211	1645723	426824	1399921	65630	39069	17021	9550	23168	31766	152340	360724	58897	84864	219728	25714	2360	2615	2532	2194	1279	2050	8454	19428	3927	3682	3423	3765	11477	40441	26866	11029	3820	16939	408234	235463	114010	115739	168616	1915	5813	4184	5925	6252	5293	4513	112117	58845	41106	58032	28784	26569	2-Methylcitric acid
CHEBI:16634	C18H32O16	OC[C@H]1O[C@H](OC[C@H]2O[C@H](O[C@]3(CO)O[C@H](CO)[C@@H](O)[C@@H]3O)[C@H](O)[C@@H](O)[C@@H]2O)[C@H](O)[C@@H](O)[C@H]1O	InChI=1S/C18H32O16/c19-1-5-8(22)11(25)13(27)16(31-5)30-3-7-9(23)12(26)14(28)17(32-7)34-18(4-21)15(29)10(24)6(2-20)33-18/h5-17,19-29H,1-4H2/t5-,6-,7-,8+,9-,10-,11+,12+,13-,14-,15+,16+,17-,18+/m1/s1	Raffinose																	408954	193569	35770	170294	122862	185641	486911	157508	101995	73505	7835	129492	456067	198218	43481	100717	138515	12540	230787	68302	15288	28455	81633	22865	66313	19317	9411	40221	5505	6689	6893	12062	5896	4128	1180	1678	376747	487974	200836	47507	264132	65718	46182	200216	9175	6068	114467	17872	175140	160327	46814	172587	72887	135235	127519	98379	188946	159491	86139	150968	Raffinose
CHEBI:30776	C6H12O2	CCCCCC(O)=O	InChI=1S/C6H12O2/c1-2-3-4-5-6(7)8/h2-5H2,1H3,(H,7,8)	Caproic acid																	335019	216107	257825	390987	334246	321791	315395	318308	281185	348724	220493	284199	254930	217917	232591	317752	318695	249424	392131	318870	307213	277820	295587	387046	319688	375054	504909	302526	384150	255941	321711	338391	329168	298781	335354	352774	327153	222580	306250	245518	310345	343189	230598	410876	398014	292201	231213	397725	254971	208506	282073	301319	297165	376980	274948	308004	272622	296147	311137	344398	Caproic acid
CHEBI:16708	C5H5N5	Nc1ncnc2[nH]cnc12	InChI=1S/C5H5N5/c6-4-3-5(9-1-7-3)10-2-8-4/h1-2H,(H3,6,7,8,9,10)	Adenine																	1972578	2979184	1917637	4370882	4864863	7367972	2264054	2610273	1829866	1715773	1433492	3128045	2587626	1218197	1035530	2326001	1790660	1474044	1465879	1859566	851119	1684932	1906985	1097405	4856205	1930945	11190789	7764263	1012954	705002	3768645	5994331	867753	744651	801067	1671884	9974412	3815111	10560554	1099628	8434062	1683260	835909	4410177	668202	968983	2682563	480964	1480600	1417773	1329866	1599684	1434493	1441182	1621846	2124468	1342396	3110975	1222132	1645538	Adenine
CHEBI:16908	C21H29N7O14P2	NC(=O)C1=CN(C=CC1)[C@@H]1O[C@H](COP(O)(=O)OP(O)(=O)OC[C@H]2O[C@H]([C@H](O)[C@@H]2O)n2cnc3c(N)ncnc23)[C@@H](O)[C@H]1O	InChI=1S/C21H29N7O14P2/c22-17-12-19(25-7-24-17)28(8-26-12)21-16(32)14(30)11(41-21)6-39-44(36,37)42-43(34,35)38-5-10-13(29)15(31)20(40-10)27-3-1-2-9(4-27)18(23)33/h1,3-4,7-8,10-11,13-16,20-21,29-32H,2,5-6H2,(H2,23,33)(H,34,35)(H,36,37)(H2,22,24,25)/t10-,11-,13-,14-,15-,16-,20-,21-/m1/s1	NADH																	2484	128416	28422	3114	40932	61438	341311	288471	36446	4962	1184	196486	36063	151918	44319	51633	24103	55139	1587355	388085	99304	256936	172836	8304	183108	156333	140142	232	46961	5883	52933	4493	0	543	1822	3761	462814	651793	335484	131099	187622	128118	251296	297706	274	3483	163293	6606	151509	271325	71866	40803	18866	58806	195278	112620	1076071	76815	16389	869169	NADH
CHEBI:29864	C6H14O6			Mannitol																	68132	6676	103218	131519	3062	4140	381271	3419	52169	26120	9878	3241	76765	46338	23548	43291	44071	14605	119468	14540	7432	56152	6856	30798	6243	3893	3636	15678	66661	7536	171049	28179	113913	601299	23026	32340	42995	92856	28647	10484	23417	876792	29710	2034	72652	8946	30496	16182	99635	195011	26475	81633	132143	29187	185730	52054	13898	8390	22270	4353	Mannitol
CHEBI:17509	C11H15N5O3S	CSC[C@H]1O[C@H]([C@H](O)[C@@H]1O)n1cnc2c(N)ncnc12	InChI=1S/C11H15N5O3S/c1-20-2-5-7(17)8(18)11(19-5)16-4-15-6-9(12)13-3-14-10(6)16/h3-5,7-8,11,17-18H,2H2,1H3,(H2,12,13,14)/t5-,7-,8-,11-/m1/s1	5'-Methylthioadenosine																	27287	42448	30542	31525	15431	22420	107174	117541	55627	91327	63549	89518	45841	52506	30272	18068	40736	20006	84953	61984	28225	48870	92128	37817	23645	22122	26966	45918	2506	13512	14479	67551	6049	18635	34669	12873	12459	75260	21970	19165	29668	22797	29886	127932	21158	45564	54071	14007	40185	39894	28922	28990	34455	25520	91715	156019	112060	88437	114305	100372	5'-Methylthioadenosine
CHEBI:35421	C24H40O6S	C1[C@@]2([C@]3(CC[C@]4([C@]([C@@]3(CC[C@@]2(C[C@@H](C1)OS(O)(=O)=O)[H])[H])(CC[C@@]4([C@H](C)CCC(O)=O)[H])[H])C)[H])C	InChI=1S/C24H40O6S/c1-15(4-9-22(25)26)19-7-8-20-18-6-5-16-14-17(30-31(27,28)29)10-12-23(16,2)21(18)11-13-24(19,20)3/h15-21H,4-14H2,1-3H3,(H,25,26)(H,27,28,29)/t15-,16-,17-,18+,19-,20+,21+,23+,24-/m1/s1	Sulfolithocholic acid																	14083	38950	77969	27233	28764	18005	44740	66641	22291	60230	59218	94820	16595	24108	27157	19441	31498	21090	63411	29526	40900	54508	53603	68863	24121	12137	40174	45938	11503	41940	61899	34720	61343	66604	47332	38980	66337	88644	43615	55732	40048	84461	85464	76699	120729	74673	86786	76515	25983	18419	38665	13070	49507	10374	62229	22159	25812	31567	7792	116790	Sulfolithocholic acid
CHEBI:17752	C8H16N2O3	CC(=O)NCCCC[C@H](N)C(O)=O	InChI=1S/C8H16N2O3/c1-6(11)10-5-3-2-4-7(9)8(12)13/h7H,2-5,9H2,1H3,(H,10,11)(H,12,13)/t7-/m0/s1	N6-Acetyl-L-lysine																	17224	2789	13233	9675	7017	14382	16568	10050	23600	4715	30422	11014	516	1613	636	1922	1794	4593	5383	21942	5467	3660	7133	8144	16148	2926	8270	23285	1687	12554	50737	29668	43109	1253	33074	0	6689	5435	7101	16051	674	29312	43808	12472	38042	42273	3922	20634	655	2506	1085	3133	1356	4296	15879	24143	85564	2767	9437	14203	N6-Acetyl-L-lysine
CHEBI:37024	C6H11NO4	NC(CCCC(O)=O)C(O)=O	InChI=1S/C6H11NO4/c7-4(6(10)11)2-1-3-5(8)9/h4H,1-3,7H2,(H,8,9)(H,10,11)	Aminoadipic acid																	5911536	4472878	1255171	2806174	356343	2425169	18638410	16465510	8199604	8068291	1692004	8153204	3091277	757695	305926	338678	907767	335692	8768765	858338	350621	458862	804663	370637	296675	366960	133988	163639	16393	103592	119712	185473	7357	8002	28244	17456	619143	5529009	562455	709132	3058328	403549	993373	8363347	159654	547705	3084510	55169	437154	379081	355309	401133	290195	350395	1033872	643666	884398	737446	412130	343218	Aminoadipic acid
CHEBI:139123	C5H7NO3	O=C1N(CCC1)C(O)=O	InChI=1S/C5H7NO3/c7-4-2-1-3-6(4)5(8)9/h1-3H2,(H,8,9)	Pyrrolidonecarboxylic acid																	4044363	9646424	7989185	7960852	4759557	4419954	3778381	4435414	76171123	8293667	6316840	4015175	6288948	10744307	9370218	4835341	4457365	9538465	9057364	3390496	1768505	4282970	2756778	6653577	5685767	2448886	8814297	18934738	1737520	9849478	850715	2597007	619687	2081552	2921250	550462	4460344	18666566	7489353	13506705	4227706	13562542	13966602	3823835	6438738	11562219	2528680	5863499	8330852	7466392	9672434	6338445	9687837	5106813	11751881	13963264	4886912	4450247	11197990	3631082	Pyrrolidonecarboxylic acid
CHEBI:16695	C9H13N2O9P	O[C@@H]1[C@@H](COP(O)(O)=O)O[C@H]([C@@H]1O)n1ccc(=O)[nH]c1=O	InChI=1S/C9H13N2O9P/c12-5-1-2-11(9(15)10-5)8-7(14)6(13)4(20-8)3-19-21(16,17)18/h1-2,4,6-8,13-14H,3H2,(H,10,12,15)(H2,16,17,18)/t4-,6-,7-,8-/m1/s1	Uridine 5'-monophosphate																	1182629	1157986	720869	1466950	1328623	1320288	1671351	1772136	1905512	2942305	1465520	2278716	1816213	2365497	1014611	2322794	2056637	1151011	3022923	737810	737952	1497548	740223	1619687	2024179	1444100	1946410	3118057	570828	1497852	436226	236931	106948	279523	230393	325080	763303	2787266	950266	2339315	2221276	1693662	3168711	1660738	1405886	3411610	1255992	1869654	4051528	3735249	1870851	3520923	2280310	2408299	2976936	2254331	2067509	2858903	1477472	2594250	Uridine 5'-monophosphate
CHEBI:36023	C18H34O2	[H]C(CCCCCC)=C([H])CCCCCCCCCC(O)=O	InChI=1S/C18H34O2/c1-2-3-4-5-6-7-8-9-10-11-12-13-14-15-16-17-18(19)20/h7-8H,2-6,9-17H2,1H3,(H,19,20)	Vaccenic acid																	230483	141942	152694	120616	187023	333778	224412	383910	167380	200588	94758	472941	133203	137311	145689	175538	160606	89356	383304	350937	552291	953920	325149	394102	132836	59343	188812	72912	117481	148291	598220	497134	755713	732496	709396	1086395	216401	303762	201396	150313	196879	176285	264721	310198	411530	215227	428714	338028	314283	177612	130055	115574	134101	125814	209351	1026618	226681	399946	199927	1036636	Vaccenic acid
CHEBI:18261	C4H8N2O3	NC(=O)NCCC(O)=O	InChI=1S/C4H8N2O3/c5-4(9)6-2-1-3(7)8/h1-2H2,(H,7,8)(H3,5,6,9)	Ureidopropionic acid																	4304	3710	4944	8324	5981	6601	1866	0	2303	2717	2765	0	63309	28104	22936	13324	63573	30214	90601	7933	2012	4861	32863	3798	2897	5506	22060	9602	2623	9665	1118	1528	644	1114	3994	637	7250	21436	10380	23985	29671	15449	8648	8521	2003	6370	6827	1479	23233	10382	9306	18327	7359	15949	38772	11684	9725	14685	9634	2086	Ureidopropionic acid
CHEBI:17061	C5H10N2O3	O=C(O)[C@H](N)CCC(=O)N	InChI=1S/C5H10N2O3/c6-3(5(9)10)1-2-4(7)8/h3H,1-2,6H2,(H2,7,8)(H,9,10)/t3-/m1/s1	D-Glutamine																	136125	123050	98380	152043	264220	242020	158887	136523	300097	218723	233095	110950	146324	109807	187522	222789	440374	404597	159799	253047	68131	200091	685961	108723	183243	227508	110063	223858	219213	396484	113623	77137	20527	113271	116603	51735	172304	98519	118901	322745	285211	294244	176065	356064	104468	220369	776510	73425	163498	144127	203236	156437	344277	227471	194118	378976	481825	143642	861890	153791	D-Glutamine
CHEBI:144330	C6H8O4	OC(=O)CC(C)=C(C(O)=O)[H]	InChI=1S/C6H8O4/c1-4(2-5(7)8)3-6(9)10/h2H,3H2,1H3,(H,7,8)(H,9,10)	3-Methylglutaconic acid																	8549	20408	24026	24357	15697	10554	19891	33313	5485	101177	32840	20187	3532	10088	11673	2272	10071	22743	22705	14786	15834	32519	28250	6903	41583	30383	66257	51458	42354	60574	17172	41157	29496	22658	44401	15001	869	1462	7979	21946	6129	26196	23731	20806	37521	41933	23553	52450	19566	12870	20036	0	13783	4251	22164	77320	40271	49435	16296	38136	3-Methylglutaconic acid
CHEBI:16988	C5H10O5			D-Ribose																	79732	82014	60638	49426	43010	55133	57221	69033	27849	3105	24402	32393	84958	111146	23398	41878	39940	26931	190647	22456	33922	99896	64413	46073	38493	13677	49135	74481	12592	41827	14707	4627	1269	11867	6937	9222	119902	266314	99728	93286	101199	78648	610183	663134	109053	411693	308383	244964	104577	137815	83845	70527	74918	66553	8174	49167	11267	6078	9557	4949	D-Ribose
CHEBI:16865	C4H9NO2	NCCCC(O)=O	InChI=1S/C4H9NO2/c5-3-1-2-4(6)7/h1-3,5H2,(H,6,7)	Gamma-Aminobutyric acid																	2404969	1996251	1433963	2555725	2009242	1715214	1227966	866502	901572	2047781	237729	519485	4856861	4242422	3765977	4772601	3694352	4078999	3290536	1313989	360847	1137628	1305252	449853	2141151	1666141	2428697	3388048	743359	2305367	1020628	656151	132247	404826	246214	301958	1676702	4042172	2647383	3251483	2761982	2945113	1047170	1319447	417037	2392632	1180176	344332	3895151	4591679	3875888	4450792	4363612	3371483	1647666	1596223	747840	2227510	1550438	630957	Gamma-Aminobutyric acid
CHEBI:36595	C4H4O3	O=C1CCC(=O)O1	InChI=1S/C4H4O3/c5-3-1-2-4(6)7-3/h1-2H2	Succinic anhydride																	1234669	877704	680496	1226188	1185159	1675826	265826	555182	154588	571847	132964	644584	2033876	1858226	1300619	1964873	1633945	1686422	1029945	343942	267679	598433	276055	329390	1356772	550943	1795455	2198998	194233	1292119	157739	157332	46770	31150	84914	161568	1181552	1540461	1511410	1297878	1380532	1796296	412852	363455	198750	657867	255185	242858	1822572	1783817	1182405	1571196	1323649	1488815	838148	679289	313096	1107559	512392	553909	Succinic anhydride
CHEBI:28837	C8H16O2	CCCCCCCC(O)=O	InChI=1S/C8H16O2/c1-2-3-4-5-6-7-8(9)10/h2-7H2,1H3,(H,9,10)	Caprylic acid																	314897	280257	352230	426881	418085	355313	301218	369372	298167	443445	297121	357436	297025	292699	292321	412283	342083	421519	461814	433901	329995	292182	389056	466338	314740	432258	404158	429233	433694	412483	367117	419393	396422	334702	345700	392641	328437	232215	348614	382351	329702	408849	406559	421114	380210	344866	240746	536953	392602	318422	289321	308513	324554	487433	300000	334385	344857	416737	390380	480495	Caprylic acid
CHEBI:18012	C4H4O4	OC(=O)\C=C\C(O)=O	InChI=1S/C4H4O4/c5-3(6)1-2-4(7)8/h1-2H,(H,5,6)(H,7,8)/b2-1+	Fumaric acid																	2839032	2205688	1440944	3014425	3234540	2625053	1288766	2166536	1455310	935334	685293	2382234	3507282	2828109	1166917	3491995	3404283	827948	1703861	1118670	1116161	1902031	1364401	1010855	1891934	1012117	2609522	3294156	803425	1032305	1596142	1694817	670474	278306	387770	734293	2498145	3870078	2907543	2127082	3327045	1869282	1222641	1757015	589893	1271504	1528447	417663	3072436	3432281	1245907	3996855	2571841	2864647	1477114	1492617	899332	3428028	1790589	1081594	Fumaric acid
CHEBI:15978	C3H9O6P	OC[C@@H](O)COP(O)(O)=O	InChI=1S/C3H9O6P/c4-1-3(5)2-9-10(6,7)8/h3-5H,1-2H2,(H2,6,7,8)/t3-/m1/s1	Glycerol 3-phosphate																	9753	16364	13434	18243	14022	34292	25477	43221	35055	9824	12998	45163	46163	21365	13104	2929	17979	5008	39044	66979	15639	41767	56576	12065	8465	3711	30699	12478	27400	8506	0	49735	1884	1712	1057	0	11983	38945	7498	6518	23681	10901	13241	26310	2835	1456	9507	3184	20012	14701	12967	7924	16291	18547	16247	17162	9497	20231	16720	23449	Glycerol 3-phosphate
CHEBI:16285	C20H40O2	CC(C)CCCC(C)CCCC(C)CCCC(C)CC(O)=O	InChI=1S/C20H40O2/c1-16(2)9-6-10-17(3)11-7-12-18(4)13-8-14-19(5)15-20(21)22/h16-19H,6-15H2,1-5H3,(H,21,22)	Phytanic acid																	10128	8596	14271	13500	39134	9185	11897	25971	11856	10188	922	15725	11092	5026	10870	21295	5489	980	2774	30050	57270	24440	5748	10131	24780	0	27749	4815	39042	7391	35317	65590	82943	29881	13658	41592	12451	5923	23565	18323	7542	6978	17385	24352	10922	9275	16028	6661	8110	16494	17504	27980	7962	20892	23934	17154	49422	23520	1187	43784	Phytanic acid
CHEBI:26984	C4H8O5			Threonic acid																	4671	7306	3698	10525	1357	1885	363995	280233	59907	738291	188098	77976	831	2549	7688	5172	3753	5013	105194	10920	1049	2257	12808	31880	23894	4356	2718	7420	4933	6316	43046	21065	10627	7882	22151	24913	527	731	1286	2120	2649	3962	17800	2112	46011	43923	5048	81197	5226	6621	4739	3450	2050	1337	228205	356164	48267	181705	298676	43981	Threonic acid
CHEBI:12936	C6H12O6			D-Galactose																	392452	1376476	726283	252224	124963	299295	603338	145360	2684931	314699	387776	119144	1141077	1260061	830695	30736	864695	1008967	717136	108261	15582	17219	148571	162116	80328	58933	59392	148110	49930	224953	39015	9078	19867	7293	19743	22246	1659356	4135527	1266035	1741769	1152053	1875893	279877	20818	626377	174304	37749	277020	2062003	2821883	1765473	892493	2788592	1573547	395621	280098	1476208	32923	352133	441273	D-Galactose
CHEBI:29019	C9H18O2	CCCCCCCCC(O)=O	InChI=1S/C9H18O2/c1-2-3-4-5-6-7-8-9(10)11/h2-8H2,1H3,(H,10,11)	Pelargonic acid																	631990	539851	646578	745592	808633	621815	617795	780658	667935	695083	650342	542832	561229	638092	711945	879541	664707	891454	821379	947859	664082	597419	736669	1001231	518419	727013	597633	759468	688360	1000169	714530	691000	749625	745656	816409	690060	688629	358127	712484	663112	600800	722460	778044	740213	730589	651818	449874	1028195	688888	692434	483264	564462	578465	774863	581836	668408	542832	701105	765871	932726	Pelargonic acid
CHEBI:17057	C12H22O11	OC[C@H]1O[C@@H](O[C@@H]2[C@@H](CO)OC(O)[C@H](O)[C@H]2O)[C@H](O)[C@@H](O)[C@@H]1O	InChI=1S/C12H22O11/c13-1-3-5(15)6(16)9(19)12(22-3)23-10-4(2-14)21-11(20)8(18)7(10)17/h3-20H,1-2H2/t3-,4-,5-,6+,7-,8-,9-,10-,11?,12+/m1/s1	Cellobiose																	2005883	2161224	1049769	1235353	668882	1062557	874272	332925	1823756	429561	638126	385871	2834925	3766599	584301	687248	1038430	1196149	2085670	257405	30735	39449	205008	44462	560513	402333	168431	74379	128693	473605	19177	19107	11840	29566	42297	7453	847262	22735673	3337933	8022225	2367000	6192797	250622	159861	226632	167366	70582	20374	12195134	19782444	14971979	9972335	11198612	8819059	511901	339176	1312173	192192	176686	429760	Cellobiose
CHEBI:17859	C5H8O4	OC(=O)CCCC(O)=O	InChI=1S/C5H8O4/c6-4(7)2-1-3-5(8)9/h1-3H2,(H,6,7)(H,8,9)	Glutaric acid																	59164	78968	14651	21665	7116	31939	201835	403501	104652	114435	67852	315832	7272	1209	3519	477	6842	6764	79804	41676	39661	32368	20362	18044	1324	4776	741	6729	1498	150	1224	4762	2019	1816	3875	2643	23850	44394	29123	11839	14321	17166	74418	103366	40173	152148	51053	65287	14383	6914	7932	2321	2100	1252	50118	50513	165175	43034	45066	36465	Glutaric acid
CHEBI:15741	C4H6O4	OC(=O)CCC(O)=O	InChI=1S/C4H6O4/c5-3(6)1-2-4(7)8/h1-2H2,(H,5,6)(H,7,8)	Succinic acid																	62143862	42133600	31338549	61418837	58785661	83434672	11688123	27394112	5856373	28327062	5497846	33186232	102619994	92639892	64127645	101268715	81641538	84657282	52318231	15256781	11996838	28215968	13640665	14412259	69804528	26204780	92155544	106779256	8481309	64536959	6681649	6614358	1741048	1367518	3380687	6468361	58049425	78690298	79369175	66877075	69778841	90598263	18853105	17797078	8026358	33990292	10557991	9790544	94080731	91240115	58795720	82673788	65462313	78559855	41277863	33725522	13982089	58074708	22768663	26158999	Succinic acid
CHEBI:17634	C6H12O6			D-Glucose																	364279	1337033	745257	272341	120347	318741	613716	145915	2659364	314699	388094	119144	1138937	1273658	816795	54884	874205	997907	704683	122590	15582	17574	148571	149990	80328	44307	59392	148281	30927	213121	20777	23286	19867	16247	7502	6145	1624281	4281942	1261337	1748644	1126255	1961523	280374	36827	623216	189415	37749	277869	2028836	2822507	1798581	869427	2790923	1556470	396129	303999	1448451	20716	352133	425809	D-Glucose
CHEBI:17925	C6H12O6	OC[C@H]1O[C@H](O)[C@H](O)[C@@H](O)[C@@H]1O	InChI=1S/C6H12O6/c7-1-2-3(8)4(9)5(10)6(11)12-2/h2-11H,1H2/t2-,3-,4+,5-,6+/m1/s1	Alpha-D-Glucose																	393492	1331094	730119	266625	142587	293478	588351	158992	2619258	305365	389427	98389	1160252	1250576	803376	61067	856300	996938	698568	117485	20962	34843	149549	154284	85512	65976	63266	151671	37153	195297	13469	15357	12099	13001	32945	22900	1578361	4302280	1231569	1742309	1145823	1900052	277832	45984	607754	202983	54565	265924	2024558	2827189	1769360	821645	2773808	1549929	394857	269986	1394858	41762	325440	410811	Alpha-D-Glucose
CHEBI:44897	C3H5O6P	OC(=O)C(=C)OP(O)(O)=O	InChI=1S/C3H5O6P/c1-2(3(4)5)9-10(6,7)8/h1H2,(H,4,5)(H2,6,7,8)	Phosphoenolpyruvic acid																	804819	1053717	700207	1872216	1164512	446861	295607	1428150	518626	530875	560069	1216908	1366885	1656706	651596	5185979	985036	117908	697217	1339249	479121	860571	989543	146947	1573992	847257	1916687	1231142	415375	212186	462396	484833	114403	73935	111774	164389	787782	2666782	1082712	1760546	3628741	1184211	152406	735999	187923	902773	418588	131511	4861161	1709716	1433627	2906644	2288780	1428315	629017	576513	466507	791935	307000	203139	Phosphoenolpyruvic acid
CHEBI:27082	C12H22O11	OC[C@H]1OC(OC2O[C@H](CO)[C@@H](O)[C@H](O)[C@H]2O)[C@H](O)[C@@H](O)[C@@H]1O	InChI=1S/C12H22O11/c13-1-3-5(15)7(17)9(19)11(21-3)23-12-10(20)8(18)6(16)4(2-14)22-12/h3-20H,1-2H2/t3-,4-,5-,6-,7+,8+,9-,10-,11?,12?/m1/s1	Trehalose																	2086660	2134168	1088398	1338447	734652	1073292	945656	432106	1864086	402004	620891	303824	2962398	3862221	589679	691125	1105872	1176653	2121933	275542	15288	16473	172257	12559	565305	378831	189669	87437	127319	481977	30513	9285	3188	7306	45318	26663	911258	22843461	3391049	8069644	2465205	6224211	255176	260215	228009	173160	83874	48825	12330243	19831286	15039211	10029930	11169101	8783126	561236	343931	1285850	276930	194653	456898	Trehalose
CHEBI:17306	C12H22O11	OC[C@H]1O[C@H](O[C@@H]2[C@@H](CO)OC(O)[C@H](O)[C@H]2O)[C@H](O)[C@@H](O)[C@@H]1O	InChI=1S/C12H22O11/c13-1-3-5(15)6(16)9(19)12(22-3)23-10-4(2-14)21-11(20)8(18)7(10)17/h3-20H,1-2H2/t3-,4-,5-,6+,7-,8-,9-,10-,11?,12-/m1/s1	D-Maltose																	4332671	4377237	2201132	2621521	1490244	2245173	1999716	824511	3793398	857931	1300851	770867	6057104	7750824	1156581	1340795	2223362	2474544	4364895	544822	66234	103034	486693	96449	1062501	846184	382569	278925	254980	978717	92860	77162	38159	65248	74649	42936	1948922	46393410	6939533	16376212	5003718	12451510	456058	463451	445490	367964	220537	107839	24687807	40200983	30275102	20441270	22770370	17822330	1129879	761937	2694662	468988	427034	1076032	D-Maltose
CHEBI:15344	C4H6O3	CC(=O)CC(O)=O	InChI=1S/C4H6O3/c1-3(5)2-4(6)7/h2H2,1H3,(H,6,7)	Acetoacetic acid																	109395	351735	202967	86447	54740	89996	165845	43135	654335	94432	97731	36499	359225	353037	226329	47784	235887	290645	192785	41444	7375	8674	36476	34643	25123	27216	33240	64373	16928	54625	12828	10016	1201	7053	12184	8006	417468	1068361	328128	463088	314251	474824	82428	19542	169150	70351	12102	73209	543750	710602	443940	255382	684750	417184	118890	87245	380434	14645	90945	120121	Acetoacetic acid
CHEBI:16015	C5H9NO4	N[C@@H](CCC(O)=O)C(O)=O	InChI=1S/C5H9NO4/c6-3(5(9)10)1-2-4(7)8/h3H,1-2,6H2,(H,7,8)(H,9,10)/t3-/m0/s1	L-Glutamic acid																	46176898	37167709	25957219	49829060	37513169	31176313	22628775	14610525	15957362	39073272	3400222	8869253	99216777	82570803	72539776	97787893	72568534	77594663	61477913	24126346	5220855	20316840	24260558	6615096	41058458	29535220	46925809	63934922	13183080	45454110	19160630	10872319	1643839	5749337	3608794	4698961	31827067	82838974	53117399	64773750	55125825	55724184	18881166	23529469	6229582	46852780	20463349	4501088	81676791	93029000	78199538	94128068	88187182	68477377	30363277	29490559	13666013	43165831	27763759	10759595	L-Glutamic acid
CHEBI:17266	C6H12O6			L-Sorbose																	399859	1349538	723628	273005	158664	303370	614953	167076	2669603	295850	399567	120164	1152906	1266154	822350	57431	847015	1014090	699236	132666	15582	10330	148571	161443	80328	59137	61118	186550	50759	211769	40413	10230	5595	18328	32554	11720	1591011	4312844	1229269	1758519	1146277	1934214	257833	35749	620869	200806	38356	276301	2013419	2843878	1779369	827977	2798490	1535777	400323	269700	1434061	33491	352133	443696	L-Sorbose
CHEBI:16077	C6H13O9P	OC[C@H]1OC(OP(O)(O)=O)[C@H](O)[C@@H](O)[C@@H]1O	InChI=1S/C6H13O9P/c7-1-2-3(8)4(9)5(10)6(14-2)15-16(11,12)13/h2-10H,1H2,(H2,11,12,13)/t2-,3-,4+,5-,6?/m1/s1	Glucose 1-phosphate																	532694	138976	69985	295674	275558	173391	173957	84187	75497	34332	22564	76063	426088	197131	55526	319132	362708	39528	72449	39421	10538	18310	55769	5328	154718	77279	59469	79962	23835	19571	6682	11029	0	713	2225	3584	277834	268137	263247	93290	283781	65792	34835	74470	8274	20804	48588	6278	400442	401805	84168	452905	170646	370013	38387	29027	62199	62988	52736	55959	Glucose 1-phosphate
CHEBI:15966	C5H9NO4	N[C@H](CCC(O)=O)C(O)=O	InChI=1S/C5H9NO4/c6-3(5(9)10)1-2-4(7)8/h3H,1-2,6H2,(H,7,8)(H,9,10)/t3-/m1/s1	D-Glutamic acid																	23550813	18788123	13065934	25354024	18998216	15743532	11500799	7486653	8100181	19947826	1735139	4543483	50109540	42045702	36822564	50098122	36751730	39530551	31264734	12188466	2702895	10318449	12273505	3365162	20755413	14894489	23800300	32205070	6658579	22960550	9736442	5529522	850435	2930776	1841438	2366321	16115839	42322963	27243192	32941882	28066529	28287580	9529874	11912799	3212916	23974680	10324573	2317244	41997840	48365729	39490800	47405339	45384129	35260215	15524753	14998156	7017405	21761787	14076049	5490330	D-Glutamic acid
CHEBI:35704	C8H16N2O3	CC(=O)N[C@@H](CCCCN)C(O)=O	InChI=1S/C8H16N2O3/c1-6(11)10-7(8(12)13)4-2-3-5-9/h7H,2-5,9H2,1H3,(H,10,11)(H,12,13)/t7-/m0/s1	N-Alpha-acetyllysine																	43375	49955	34111	65197	44714	73400	77292	132914	40458	141592	32256	107136	22374	54626	58801	10501	46035	65635	108803	36646	12262	71767	60024	46370	23128	13335	66570	78909	1563	69800	3017	3417	1286	1507	142	12902	59725	118949	77434	108791	50382	160536	69480	36508	27569	101333	39554	11797	72372	72931	33709	1686	59856	20111	101095	116161	67613	23720	104401	66184	N-Alpha-acetyllysine
CHEBI:65327	C5H10O5			D-Xylose																	68153	81714	42692	72578	38803	59768	61381	43435	27560	1042	17410	24952	95725	110861	21421	27112	39676	40164	190322	5450	16570	111719	62283	111348	47759	32006	70010	89694	997	41827	5712	35948	11678	10876	1322	10517	106111	285269	117622	104547	103961	68154	726377	649174	106245	414637	326988	262941	128725	163191	83845	54980	95507	74903	5436	28919	12000	776	21579	17873	D-Xylose
CHEBI:42111	C3H6O3	C[C@@H](O)C(O)=O	InChI=1S/C3H6O3/c1-2(4)3(5)6/h2,4H,1H3,(H,5,6)/t2-/m1/s1	D-Lactic acid																	244688	246050	152730	233882	97022	185360	197505	125883	180940	140592	113656	93032	284396	156946	76038	240458	189095	70971	107233	263579	140627	133157	62326	97160	128645	113101	48572	92117	104289	123516	147142	156641	170067	127339	178558	125630	181181	367766	181862	294004	94481	149143	52278	95918	270077	168268	133080	76940	201055	197601	209841	120861	136363	128541	196023	196222	151667	157501	117823	102442	D-Lactic acid
CHEBI:36219	C12H22O11	OC[C@H]1O[C@@H](O[C@@H]2[C@@H](CO)O[C@H](O)[C@H](O)[C@H]2O)[C@H](O)[C@@H](O)[C@H]1O	InChI=1S/C12H22O11/c13-1-3-5(15)6(16)9(19)12(22-3)23-10-4(2-14)21-11(20)8(18)7(10)17/h3-20H,1-2H2/t3-,4-,5+,6+,7-,8-,9-,10-,11+,12+/m1/s1	Alpha-Lactose																	1988931	2147731	1053538	1218178	716402	1041188	887292	432715	1804469	372362	636323	319034	2841743	3720159	541381	651506	1074396	1204862	2143122	279081	14215	41967	220499	17859	527408	410714	162770	80944	117914	452430	12106	29060	11194	0	11625	17001	868479	22561729	3357430	7971271	2452048	6053444	195302	207706	221681	141430	82532	23333	12059115	19567657	14819265	9916412	11147445	8769598	523011	385097	1255377	176609	187907	495335	Alpha-Lactose
CHEBI:30805	C12H24O2	CCCCCCCCCCCC(O)=O	InChI=1S/C12H24O2/c1-2-3-4-5-6-7-8-9-10-11-12(13)14/h2-11H2,1H3,(H,13,14)	Dodecanoic acid																	98581	111810	133498	92146	129588	149248	104686	142313	103468	141964	97988	106432	99991	137182	101181	135144	147265	86966	193304	132098	160102	192016	104062	146072	80020	79661	76472	240848	73398	107265	76472	99888	100401	95953	121842	105254	185163	190046	166838	146900	150366	117753	127280	105210	171312	170464	147912	137688	151441	153413	129410	112695	123770	105186	256629	211960	118769	177643	122582	146009	Dodecanoic acid
CHEBI:16016	C3H6O3	C(CO)(CO)=O	InChI=1S/C3H6O3/c4-1-3(6)2-5/h4-5H,1-2H2	Dihydroxyacetone																	241328	284919	159290	226396	74699	167977	192546	126837	161742	116916	134966	84600	245041	213477	79142	232670	160762	103854	101277	299365	172083	123406	83376	99031	145417	126176	38016	93472	101682	132103	161674	156641	167307	152722	205267	136436	194371	350569	144576	246333	99144	143026	74679	93730	172028	152447	115689	99186	184011	179837	175157	139528	200962	95584	204069	207054	121964	151669	123936	116607	Dihydroxyacetone
CHEBI:73722	C16H30O4	OC(=O)CCCCCCCCCCCCCCC(O)=O	InChI=1S/C16H30O4/c17-15(18)13-11-9-7-5-3-1-2-4-6-8-10-12-14-16(19)20/h1-14H2,(H,17,18)(H,19,20)	Hexadecanedioic acid																	987	1948	6087	1865	6685	0	1911	6135	2842	8205	8421	895	816	1070	7375	3580	2022	3304	10082	1007	929	0	3602	10079	2811	1895	3192	4670	4812	8824	3930	4054	0	5022	4244	3350	2077	1126	6469	7856	3049	3818	4273	3636	3255	5231	1344	6409	95659	71051	100757	42928	111460	47644	22089	11402	3570	5745	18740	10624	Hexadecanedioic acid
CHEBI:5445	C3H6O3	[H]C(=O)C(O)CO	InChI=1S/C3H6O3/c4-1-3(6)2-5/h1,3,5-6H,2H2	Glyceraldehyde																	236616	254843	127849	189916	83762	182332	151225	128613	162299	105205	119043	87928	260415	154805	88394	205000	179759	73099	100305	222808	130638	137400	62298	107582	104630	111469	63497	74221	91326	118018	121420	69428	166767	116442	170265	113784	177543	336404	162747	265654	121390	140343	56440	111454	189537	135661	109087	101615	179274	181304	157153	124176	151744	108411	194003	182499	113667	131436	115913	76504	Glyceraldehyde
CHEBI:16855	C6H14N2O2	NCCCC[C@@H](N)C(O)=O	InChI=1S/C6H14N2O2/c7-4-2-1-3-5(8)6(9)10/h5H,1-4,7-8H2,(H,9,10)/t5-/m1/s1	D-Lysine																	37367	40132	44853	56047	95385	71998	22037	39277	115965	74210	236439	33816	93824	116327	106542	164227	158855	170248	92395	145291	116446	178274	79787	87979	121143	84245	107895	137272	64516	161782	103594	61963	39326	43762	55695	50183	231572	93715	173241	162331	117481	177557	154914	63689	105691	144648	69661	89963	216825	206652	124970	173650	127439	184109	893147	815639	1853555	354472	338173	260257	D-Lysine
CHEBI:16235	C5H5N5O	C12=C(N=C(NC1=O)N)NC=N2	InChI=1S/C5H5N5O/c6-5-9-3-2(4(11)10-5)7-1-8-3/h1H,(H4,6,7,8,9,10,11)	Guanine																	16855	15719	6419	33117	65625	32558	46123	30094	10228	0	2497	26430	66272	15645	9559	17720	73817	21247	14621	33673	3643	1315	51071	3100	14408	2161	38760	35917	0	1650	65072	35110	36377	34715	21150	35552	44269	25802	65864	7425	58940	11895	0	26594	832	0	16032	0	10222	15707	7462	30191	30714	15434	1578	0	8748	1897	930	7761	Guanine
CHEBI:28718	C4H9NO3	C([C@H]([C@@H](O)C)N)(=O)O	InChI=1S/C4H9NO3/c1-2(6)3(5)4(7)8/h2-3,6H,5H2,1H3,(H,7,8)/t2-,3-/m0/s1	L-Allothreonine																	155176	701091	287180	246243	330375	223937	34171	41352	3244447	105957	152828	19541	121883	462070	297181	66301	462325	435504	164367	228296	58053	63013	169275	158374	96767	163508	147627	330416	259104	405528	263219	152820	99147	212886	154107	208483	236322	485237	128286	350423	297513	372439	69488	31625	89734	66785	56332	53517	414267	613465	438191	121647	711857	173875	112637	173269	188056	42073	309694	91864	L-Allothreonine
CHEBI:16196	C18H34O2	CCCCCCCC\C=C/CCCCCCCC(O)=O	InChI=1S/C18H34O2/c1-2-3-4-5-6-7-8-9-10-11-12-13-14-15-16-17-18(19)20/h9-10H,2-8,11-17H2,1H3,(H,19,20)/b10-9-	Oleic acid																	186891	145409	147313	101594	165637	268839	167394	343569	167759	207356	70179	431616	132628	141893	112398	139473	102690	76491	371252	294970	496700	825944	290253	417490	83943	33881	76782	68863	33995	118289	478273	390885	625398	667128	725753	894087	150519	293340	146980	137886	136261	155102	250371	247391	315529	242456	322477	303118	317580	155693	99355	63453	92132	50416	200834	965852	186516	396873	208244	986279	Oleic acid
CHEBI:16259	C11H13NO3	CC(=O)N[C@@H](Cc1ccccc1)C(O)=O	InChI=1S/C11H13NO3/c1-8(13)12-10(11(14)15)7-9-5-3-2-4-6-9/h2-6,10H,7H2,1H3,(H,12,13)(H,14,15)/t10-/m0/s1	N-Acetyl-L-phenylalanine																	47147	36635	63789	50217	44439	90789	29050	55144	29165	39209	52299	42920	8422	4477	4197	6278	8423	16774	29948	14025	2702	6457	20088	11650	36568	10980	28127	22768	9106	22344	6606	11518	7223	12953	15208	2436	50622	50910	33846	18710	18420	52385	8479	11561	7728	14868	274	4524	25914	28588	29089	20827	30537	47144	78536	91675	42881	28825	27440	35479	N-Acetyl-L-phenylalanine
CHEBI:32365	C17H34O2	CCCCCCCCCCCCCCCCC(O)=O	InChI=1S/C17H34O2/c1-2-3-4-5-6-7-8-9-10-11-12-13-14-15-16-17(18)19/h2-16H2,1H3,(H,18,19)	Heptadecanoic acid																	63139	34108	36854	54038	47606	33775	39153	51216	48465	46682	28232	33897	65853	34017	42476	61136	48676	28460	36773	54039	75302	129646	39032	56869	48288	10123	48083	19390	39233	40511	39553	45012	51868	44440	46120	51927	29111	42264	48862	44637	55463	33819	36332	56014	72705	34439	41606	42286	85659	44940	26622	56313	26249	22131	46431	248630	40391	78263	62668	52821	Heptadecanoic acid
CHEBI:27248	C6H6N2O2	[H]C(=C([H])c1c[nH]cn1)C(O)=O	InChI=1S/C6H6N2O2/c9-6(10)2-1-5-3-7-4-8-5/h1-4H,(H,7,8)(H,9,10)	Urocanic acid																	59034	76898	98291	71431	112539	85314	74347	110611	1965725	87830	105313	122382	83161	23982	23513	62291	27894	11434	71832	157670	71570	164741	60496	125133	40200	112290	65587	111935	34850	48601	62326	88701	44716	55774	29886	43935	73309	25335	88505	83319	63869	25620	64437	115044	52993	78890	13182	71884	33689	42785	68237	89828	76002	93007	75908	72347	48822	98317	92711	77197	Urocanic acid
CHEBI:16264	C17H27N3O17P2	CC(=O)N[C@@H]1[C@@H](O)[C@H](O)[C@@H](CO)O[C@@H]1OP(O)(=O)OP(O)(=O)OC[C@H]1O[C@H]([C@H](O)[C@@H]1O)n1ccc(=O)[nH]c1=O	InChI=1S/C17H27N3O17P2/c1-6(22)18-10-13(26)11(24)7(4-21)35-16(10)36-39(31,32)37-38(29,30)33-5-8-12(25)14(27)15(34-8)20-3-2-9(23)19-17(20)28/h2-3,7-8,10-16,21,24-27H,4-5H2,1H3,(H,18,22)(H,29,30)(H,31,32)(H,19,23,28)/t7-,8-,10-,11-,12-,13-,14-,15-,16-/m1/s1	Uridine diphosphate-N-acetylglucosamine																	363862	328668	161718	436661	459452	414096	280199	365095	223593	292998	136086	299055	474602	423406	211279	578234	492065	297229	200782	311743	62275	188757	161967	100134	610145	512665	572821	556575	301302	602122	201475	211902	32279	113889	82967	122669	247725	479731	374087	553318	576358	580450	232432	270020	114753	377408	190240	110501	242735	293608	110972	289615	332728	200847	69673	169279	122788	184859	116061	116114	Uridine diphosphate-N-acetylglucosamine
CHEBI:24309	C5H6O4	[H]C(CC(O)=O)=CC(O)=O	InChI=1S/C5H6O4/c6-4(7)2-1-3-5(8)9/h1-2H,3H2,(H,6,7)(H,8,9)	Glutaconic acid																	7801	17357	17586	7180	16891	18967	6337	13655	11126	2430	3339	10028	2754	16931	9891	9648	14557	6273	21149	17369	19930	18494	16539	17559	7256	11065	1242	23571	13792	15170	12968	2814	7922	13135	16263	8478	32521	28096	22627	29066	23574	21262	17708	15760	12189	13580	13047	11484	10082	22581	27168	16891	5676	10590	21575	18925	12936	29143	15542	19707	Glutaconic acid
CHEBI:29069	C8H6O4	OC(=O)c1ccccc1C(O)=O	InChI=1S/C8H6O4/c9-7(10)5-3-1-2-4-6(5)8(11)12/h1-4H,(H,9,10)(H,11,12)	Phthalic acid																	183488	194229	159676	214073	196946	130475	171696	183359	193854	228506	193143	179669	197190	196556	196966	207132	193862	217544	201912	230589	190629	179942	182012	224524	121708	185637	202341	238392	264398	162481	216141	208373	186839	226027	204479	232067	187648	195401	227741	175460	240071	247923	188437	184340	145714	251860	182098	219070	216989	218333	180114	194371	192075	185734	203814	178133	181221	202852	144227	190076	Phthalic acid
CHEBI:37690	C6H12O6			Allose																	26998	25166	12262	12471	13696	11815	39068	1966	22931	28508	24221	13745	1224	17374	12056	13448	16390	17603	40366	18752	11279	32700	7957	43703	16324	13482	13126	14363	6682	9722	2909	3159	7444	2504	16868	3961	2586	17787	17795	1205	25188	10719	22186	20745	22888	24476	11168	1744	16187	11525	4444	13552	10630	6597	44854	54821	2317	42228	26442	26260	Allose
CHEBI:16761	C10H15N5O10P2	Nc1ncnc2n(cnc12)[C@@H]1O[C@H](COP(O)(=O)OP(O)(O)=O)[C@@H](O)[C@H]1O	InChI=1S/C10H15N5O10P2/c11-8-5-9(13-2-12-8)15(3-14-5)10-7(17)6(16)4(24-10)1-23-27(21,22)25-26(18,19)20/h2-4,6-7,10,16-17H,1H2,(H,21,22)(H2,11,12,13)(H2,18,19,20)/t4-,6-,7-,10-/m1/s1	ADP																	1080542	920137	799854	1071216	1017481	1064600	562586	705679	785924	615619	565917	795188	1124175	1219673	1285484	1513561	965249	1012723	792506	397997	324266	623550	543533	487403	1259237	734515	1764861	1420551	570612	1368136	324626	420299	57276	154910	147620	249805	827982	1450708	1105384	1754348	1214510	2220156	470655	495929	369029	1047778	427911	280125	1442043	1245264	1128087	1469467	1625322	1126526	580689	625356	559067	883329	554935	425935	ADP
CHEBI:17268	C6H12O6	O[C@H]1[C@H](O)[C@@H](O)[C@H](O)[C@H](O)[C@@H]1O	InChI=1S/C6H12O6/c7-1-2(8)4(10)6(12)5(11)3(1)9/h1-12H/t1-,2-,3-,4+,5-,6-	myo-Inositol																	31604	6634	15146	23900	15415	15102	27455	29831	25935	31557	26159	10211	32279	4551	12056	15377	22735	18142	43704	13773	16592	36425	41892	28356	19535	15312	13126	14363	6546	9722	4623	18282	17821	10048	14563	31487	19331	5421	6413	16613	11286	12113	13012	26126	9002	25716	28233	28279	18235	13464	15437	15010	11411	19277	59040	55505	38843	29572	48319	21869	myo-Inositol
CHEBI:16857	C4H9NO3	C[C@@H](O)[C@H](N)C(O)=O	InChI=1S/C4H9NO3/c1-2(6)3(5)4(7)8/h2-3,6H,5H2,1H3,(H,7,8)/t2-,3+/m1/s1	L-Threonine																	68434	331923	136023	117587	147230	95436	14605	15036	1534324	43935	64604	8198	53745	223190	140386	24551	214823	205884	73347	117761	32729	24924	90221	85768	48443	75950	72223	155636	121303	183101	118064	74763	35709	85603	72147	89723	124555	223719	55652	162864	131908	175842	29602	14241	25337	27191	12690	31536	213021	297422	208303	61583	355461	76108	48130	78040	85585	19453	138623	34192	L-Threonine
CHEBI:30769	C6H8O7	OC(=O)CC(O)(CC(O)=O)C(O)=O	InChI=1S/C6H8O7/c7-3(8)1-6(13,5(11)12)2-4(9)10/h13H,1-2H2,(H,7,8)(H,9,10)(H,11,12)	Citric acid																	115573	82285	40865	100139	191845	89988	63453	116709	62933	45538	53340	166752	169564	126595	37123	284194	144398	55228	113988	155878	47628	72060	113634	24863	105163	71163	152079	111489	89450	45562	31572	38683	8302	11020	16569	12568	122215	225134	150654	95283	358275	140785	51931	109437	25461	134174	90517	22539	533434	131464	59739	224748	124667	152900	62226	45532	94010	98428	57731	54249	Citric acid
CHEBI:16474	C21H30N7O17P3	NC(=O)C1=CN(C=CC1)[C@@H]1O[C@H](COP(O)(=O)OP(O)(=O)OC[C@H]2O[C@H]([C@H](OP(O)(O)=O)[C@@H]2O)n2cnc3c(N)ncnc23)[C@@H](O)[C@H]1O	InChI=1S/C21H30N7O17P3/c22-17-12-19(25-7-24-17)28(8-26-12)21-16(44-46(33,34)35)14(30)11(43-21)6-41-48(38,39)45-47(36,37)40-5-10-13(29)15(31)20(42-10)27-3-1-2-9(4-27)18(23)32/h1,3-4,7-8,10-11,13-16,20-21,29-31H,2,5-6H2,(H2,23,32)(H,36,37)(H,38,39)(H2,22,24,25)(H2,33,34,35)/t10-,11-,13-,14-,15-,16-,20-,21-/m1/s1	NADPH																	104069	147032	133387	90654	136136	102544	342730	209012	489708	138175	270182	235747	30243	67753	97937	51949	20833	71718	81824	66708	63794	125743	68266	220913	303967	216031	450036	363917	177993	220173	193618	516161	61534	92980	102270	172586	63396	32526	45243	108895	50747	116146	201454	50422	248947	229625	54173	233409	165666	148571	82731	62858	207472	48033	105780	162188	198471	66890	186105	110408	NADP
CHEBI:42504	C15H30O2	CCCCCCCCCCCCCCC(O)=O	InChI=1S/C15H30O2/c1-2-3-4-5-6-7-8-9-10-11-12-13-14-15(16)17/h2-14H2,1H3,(H,16,17)	Pentadecanoic acid																	87650	65014	49783	51997	48766	54711	55061	89572	41321	77908	40833	65102	57984	57763	40877	79576	40445	32773	130558	71542	90753	135907	58491	86586	28427	27835	42418	107346	24214	44421	35880	32795	45710	63900	66973	39292	58390	86335	66573	40681	69739	49056	54696	72598	93204	62268	57938	63043	85673	79590	44015	41792	36841	33620	90893	179743	35340	94434	98051	65276	Pentadecanoic acid
CHEBI:6650	C4H6O5	OC(CC(O)=O)C(O)=O	InChI=1S/C4H6O5/c5-2(4(8)9)1-3(6)7/h2,5H,1H2,(H,6,7)(H,8,9)	Malic acid																	18981471	13789585	6774028	18339395	22448347	14263421	6642264	13268863	6806584	3812963	2656413	15346006	22158043	18783623	6156836	23793698	22699931	3826904	8913257	5821207	5778444	10906417	7260296	4426632	11713718	6327643	15342525	16846327	4449296	5259774	9767160	7666552	3179595	896139	1360100	3488839	15790239	27504019	19548665	14773543	22981325	11703818	7037702	10174417	2371782	6823116	9331089	1567678	22002147	25254283	6752756	27037843	15248586	18143151	8106121	7876318	4387765	21729274	9380261	5681731	Malic acid
CHEBI:16995	C2H2O4	OC(=O)C(O)=O	InChI=1S/C2H2O4/c3-1(4)2(5)6/h(H,3,4)(H,5,6)	Oxalic acid																	62426	55990	45204	101197	102317	88553	105872	76269	65592	74659	72922	174365	112083	66300	67061	170714	114331	27523	85393	76357	44870	130887	74145	48263	56978	74981	96548	81937	97576	82310	258898	61920	57685	37898	76855	112238	130206	31605	93831	88185	272239	97088	70907	97856	58314	109304	105457	24964	153978	60460	91596	90977	68230	117103	95595	65482	74763	104477	65534	42389	Oxalic acid
CHEBI:15971	C6H9N3O2	N[C@@H](Cc1c[nH]cn1)C(O)=O	InChI=1S/C6H9N3O2/c7-5(6(10)11)1-4-2-8-3-9-4/h2-3,5H,1,7H2,(H,8,9)(H,10,11)/t5-/m0/s1	L-Histidine																	45630	62752	47762	93324	59198	55134	237709	270288	435924	206496	305613	357593	73204	31032	37022	67571	31117	58318	350706	394822	215374	168962	532905	136514	44172	60416	76531	111694	38906	56638	196675	202302	39538	39247	21425	43251	46377	137676	66559	49139	72809	105480	93772	201408	180938	156081	91419	31876	50776	57004	61132	131731	113251	120589	225265	242218	497090	272965	214246	274746	L-Histidine
CHEBI:30797	C4H6O5	O[C@@H](CC(O)=O)C(O)=O	InChI=1S/C4H6O5/c5-2(4(8)9)1-3(6)7/h2,5H,1H2,(H,6,7)(H,8,9)/t2-/m0/s1	L-Malic acid																	37786447	27040077	13370353	36430451	44702589	28132482	13313100	26298863	13389604	7513749	5205624	30363557	44117029	36862663	12057784	47255570	45278602	7542544	17543983	11376406	11764085	21699336	14454778	8863362	23260574	12512197	30675676	33598135	9042666	10427725	19350777	15562164	6265996	1786764	2756448	7168487	31360114	54738535	38561607	29317488	45717317	23244755	13948670	20072762	4835973	13538804	18759400	3316877	43638928	49866887	13182057	53783607	30006532	36140183	16009426	15553922	8854978	42936782	18740253	11485405	L-Malic acid
CHEBI:175195	C10H12N5O6P	P1(OC2C(O1)C(OC2N3C4=NC=NC(N)=C4N=C3)CO)(O)=O	InChI=1S/C10H12N5O6P/c11-8-5-9(13-2-12-8)15(3-14-5)10-7-6(4(1-16)19-10)20-22(17,18)21-7/h2-4,6-7,10,16H,1H2,(H,17,18)(H2,11,12,13)	Adenosine 2',3'-cyclic phosphate																	22424	14243	10257	16446	28979	30161	80760	22195	23329	46802	54209	47834	79648	22359	11741	8659	41191	75328	20099	111282	100136	149952	123210	30527	26114	1874	34618	55802	8854	66009	356284	444026	265968	297506	182699	671165	28762	140588	20676	32304	63460	35997	55278	48453	28248	28263	82339	34597	35061	32247	50450	1703	30649	5503	0	3333	12933	6074	22273	7136	Adenosine 2',3'-cyclic phosphate
CHEBI:17659	C9H14N2O12P2	O[C@@H]1[C@@H](COP(O)(=O)OP(O)(O)=O)O[C@H]([C@@H]1O)n1ccc(=O)[nH]c1=O	InChI=1S/C9H14N2O12P2/c12-5-1-2-11(9(15)10-5)8-7(14)6(13)4(22-8)3-21-25(19,20)23-24(16,17)18/h1-2,4,6-8,13-14H,3H2,(H,19,20)(H,10,12,15)(H2,16,17,18)/t4-,6-,7-,8-/m1/s1	Uridine 5'-diphosphate																	588208	482723	461037	655016	899565	657224	349893	540177	367524	673894	474098	643847	1526045	1088768	878127	2302626	2253532	1327291	668362	379319	172934	454438	417279	479185	1246218	762698	982157	1863707	443918	1454808	168705	117108	37179	102969	87047	144709	544360	1249949	751896	2173044	1199376	2543174	423291	591737	268642	1177246	671198	374655	1635621	1771001	804647	1984230	1855283	1539118	432957	684674	297637	882638	762288	396410	Uridine 5'-diphosphate
CHEBI:16070	C6H12O5	OC[C@H]1OC[C@H](O)[C@@H](O)[C@@H]1O	InChI=1S/C6H12O5/c7-1-4-6(10)5(9)3(8)2-11-4/h3-10H,1-2H2/t3-,4+,5+,6+/m0/s1	1,5-Anhydrosorbitol																	8268	10007	11586	6292	4713	8970	65109	15021	147319	103009	21211	9223	4706	9162	15757	10472	7973	15192	21658	152	2853	13205	8141	6532	6346	6479	12637	48266	6990	30466	9495	7913	2032	2069	6094	3741	14008	9951	25935	24426	13971	21725	70813	50977	28061	77980	36307	33686	8718	10410	8018	6874	8452	9088	37579	55046	13521	23744	53150	10348	1,5-Anhydrosorbitol
CHEBI:26374	C6H5N5O			Pterin																	37322	107712	179107	55465	47345	67791	122005	191621	206589	128571	264515	714154	61650	361592	575797	142606	102252	467661	55052	128036	196500	145696	122274	300268	78512	87294	284757	473277	197564	347276	84473	160266	162189	276272	423878	186821	118570	152575	157335	141803	46734	362422	123874	32836	341042	154234	45343	246517	257733	204022	361901	86147	704567	138830	162232	238165	128079	93134	281483	162688	Pterin
CHEBI:28875	C14H28O2	CCCCCCCCCCCCCC(O)=O	InChI=1S/C14H28O2/c1-2-3-4-5-6-7-8-9-10-11-12-13-14(15)16/h2-13H2,1H3,(H,15,16)	Myristic acid																	123020	93343	78754	81732	96930	116816	121491	151416	66128	94906	58925	126030	73089	97078	70163	109064	91265	36777	173031	113125	161193	201982	105483	139654	81959	42419	119501	68370	50255	62018	68538	86679	75430	73389	92533	91208	177522	181400	148365	87985	124122	72618	74296	100820	102679	99112	158002	108724	113382	79889	90514	123953	80059	132267	166956	134975	186416	187830	61633	149901	Myristic acid
CHEBI:15887	C5H11NO2	NCCCCC(O)=O	InChI=1S/C5H11NO2/c6-4-2-1-3-5(7)8/h1-4,6H2,(H,7,8)	5-Aminopentanoic acid																	85335	106538	39836	34423	16300	18262	264668	209045	114305	144388	35106	79992	55076	35062	24972	27692	19392	44573	123076	22325	23855	17851	13134	16297	9864	10809	16893	21784	5039	9285	2135	9139	1853	4208	10208	5986	19720	83659	44329	53348	45543	35555	20976	114900	12954	55141	46395	12884	17848	28406	20921	2650	11771	7457	31897	29356	11737	34213	12353	12689	5-Aminopentanoic acid
CHEBI:30915	C5H6O5	OC(=O)CCC(=O)C(O)=O	InChI=1S/C5H6O5/c6-3(5(9)10)1-2-4(7)8/h1-2H2,(H,7,8)(H,9,10)	Oxoglutaric acid																	701372	214312	19933	360766	104069	184321	1367043	189056	17355	3682	5464	108972	2072980	1126434	74424	434533	272558	45433	189423	480741	30970	157550	556766	11890	148494	75400	167183	69478	53248	7890	36808	50229	2002	6251	9688	7568	695134	3090846	439101	288803	547995	136731	34935	853291	19045	51310	68857	5821	347209	375432	87059	505799	86670	172776	4628	4211	311203	225493	10660	231277	Oxoglutaric acid
CHEBI:18066	C15H24N2O17P2	OC[C@H]1OC(OP(O)(=O)OP(O)(=O)OC[C@H]2O[C@H]([C@H](O)[C@@H]2O)n2ccc(=O)[nH]c2=O)[C@H](O)[C@@H](O)[C@@H]1O	InChI=1S/C15H24N2O17P2/c18-3-5-8(20)10(22)12(24)14(32-5)33-36(28,29)34-35(26,27)30-4-6-9(21)11(23)13(31-6)17-2-1-7(19)16-15(17)25/h1-2,5-6,8-14,18,20-24H,3-4H2,(H,26,27)(H,28,29)(H,16,19,25)/t5-,6-,8-,9-,10+,11-,12-,13-,14?/m1/s1	Uridine diphosphate glucose																	1286266	695273	570728	1131481	3032263	1491792	571302	1263211	298941	825946	793299	979482	2040303	1078735	1120557	3113013	3175688	1652903	510171	1010853	978374	1035452	1313313	742610	1795814	1294924	2227758	2334838	1137131	2329567	489515	1286550	215906	224310	340723	275219	1110021	777976	1451740	1528037	1193588	2058681	256229	848257	224737	558139	724462	186231	1312782	1622595	881876	2317467	2249567	1670945	1125282	2654199	1097345	1823360	2127592	1045923	Uridine diphosphate glucose
CHEBI:17626	C5H6O4	C\C(=C\C(O)=O)C(O)=O	InChI=1S/C5H6O4/c1-3(5(8)9)2-4(6)7/h2H,1H3,(H,6,7)(H,8,9)/b3-2-	Citraconic acid																	18293	16499	16414	23188	6076	11588	15629	13655	11126	12776	2593	10028	16322	5579	12479	21112	16118	7080	22104	10374	19184	8169	18900	19018	7057	3086	2760	23571	5160	8369	12968	9514	7923	5669	16263	9104	20319	35072	21669	28926	22898	19757	18596	5790	12189	2087	13149	8992	9266	14956	26355	16891	12516	23816	10994	19292	25029	20175	14913	19707	Citraconic acid
CHEBI:18307	C15H24N2O17P2	OC[C@H]1OC(OP(O)(=O)OP(O)(=O)OC[C@H]2O[C@H]([C@H](O)[C@@H]2O)n2ccc(=O)[nH]c2=O)[C@H](O)[C@@H](O)[C@H]1O	InChI=1S/C15H24N2O17P2/c18-3-5-8(20)10(22)12(24)14(32-5)33-36(28,29)34-35(26,27)30-4-6-9(21)11(23)13(31-6)17-2-1-7(19)16-15(17)25/h1-2,5-6,8-14,18,20-24H,3-4H2,(H,26,27)(H,28,29)(H,16,19,25)/t5-,6-,8+,9-,10+,11-,12-,13-,14?/m1/s1	Uridine diphosphategalactose																	634559	340417	206379	564565	1480683	708469	268119	621508	98236	402867	365675	465288	1003433	499180	555976	1520503	1554943	784773	238743	496544	472093	513063	655547	311623	884405	633713	1082993	1136775	550469	1113293	222054	630956	77142	63128	154713	124782	544562	376884	662353	751733	578089	1011193	107155	408298	84144	263633	270654	74362	650638	800222	413754	1128377	1097128	830612	552063	1270100	496071	891171	1045566	123587	Uridine diphosphategalactose
CHEBI:16958	C3H7NO2	NCCC(O)=O	InChI=1S/C3H7NO2/c4-2-1-3(5)6/h1-2,4H2,(H,5,6)	beta-Alanine																	11942	0	9852	0	6864	8273	1991	6532	16100	28036	33446	7908	9380	16601	16664	15256	5506	22873	21206	4290	1245	4072	1800	2836	7578	3852	11457	26884	600	11939	0	789	0	582	1993	960	12281	34543	11820	21671	3746	20945	5827	9520	10133	31078	9868	3983	16024	15738	21912	7663	31875	21199	9802	7130	9186	32332	21788	8440	Beta-Alanine
CHEBI:17053	C4H7NO4	N[C@@H](CC(O)=O)C(O)=O	InChI=1S/C4H7NO4/c5-2(4(8)9)1-3(6)7/h2H,1,5H2,(H,6,7)(H,8,9)/t2-/m0/s1	L-Aspartic acid																	298929	241236	502876	382263	420668	584489	260878	567655	1380362	2615332	2298800	824073	621734	704855	1132691	924186	660751	1267016	968745	96493	95381	179600	148671	393324	264190	131557	316530	1101948	85979	1029326	60792	52944	17640	96690	92414	51168	210719	931470	497457	1300197	614458	1630924	308712	397600	577384	2644155	373921	419326	1077698	873613	1334360	997364	1767129	958821	1059787	838344	1315223	2056156	1526805	454058	L-Aspartic acid
CHEBI:16108	C3H7O6P	OCC(=O)COP(O)(O)=O	InChI=1S/C3H7O6P/c4-1-3(5)2-9-10(6,7)8/h4H,1-2H2,(H2,6,7,8)	Dihydroxyacetone phosphate																	33956	12727	3443	21196	11821	51194	65967	50409	5830	2149	618	72067	110146	26490	2334	38093	27695	593	18689	45835	6338	10912	26873	0	20492	23140	7686	10232	1397	4103	9965	10969	3330	0	507	8471	72556	147336	53453	3665	31930	11768	16270	55805	727	1672	5717	0	32019	28812	6309	20541	9308	13315	11648	4892	41145	17184	2131	43633	Dihydroxyacetone phosphate
CHEBI:16238	C27H33N9O15P2	Cc1cc2nc3c(nc(=O)[nH]c3=O)n(C[C@H](O)[C@H](O)[C@H](O)COP(O)(=O)OP(O)(=O)OC[C@H]3O[C@H]([C@H](O)[C@@H]3O)n3cnc4c(N)ncnc34)c2cc1C	InChI=1S/C27H33N9O15P2/c1-10-3-12-13(4-11(10)2)35(24-18(32-12)25(42)34-27(43)33-24)5-14(37)19(39)15(38)6-48-52(44,45)51-53(46,47)49-7-16-20(40)21(41)26(50-16)36-9-31-17-22(28)29-8-30-23(17)36/h3-4,8-9,14-16,19-21,26,37-41H,5-7H2,1-2H3,(H,44,45)(H,46,47)(H2,28,29,30)(H,34,42,43)/t14-,15+,16+,19-,20+,21+,26+/m0/s1	FAD																	121300	10176	26796	92697	117536	155708	111809	108843	30202	23114	47794	100977	166778	25182	27312	179467	237513	34069	33924	139982	98591	262786	200217	10403	284961	185121	503619	72552	156720	158036	213210	785310	88588	93086	78890	222112	325227	36286	302617	169178	407884	65141	24544	184038	20198	54146	181145	31147	42754	84385	34970	146623	48866	136606	4935	10845	70425	91016	6994	61883	FAD
CHEBI:17364	C4H7NO4	N[C@H](CC(O)=O)C(O)=O	InChI=1S/C4H7NO4/c5-2(4(8)9)1-3(6)7/h2H,1,5H2,(H,6,7)(H,8,9)/t2-/m1/s1	D-Aspartic acid																	149640	117712	250811	192840	218644	301273	96111	214624	696869	1330382	1165904	400819	318480	337244	584314	447642	341958	653260	476707	42637	36939	83724	68004	185925	135056	68058	166337	566437	45643	537673	15090	26302	5730	50804	35630	28122	108154	463364	239848	670090	319487	821539	151696	199104	267137	1325077	170944	213004	529170	440688	681686	521709	900227	478308	527579	418329	670925	1038888	773745	226805	D-Aspartic acid
CHEBI:17533	C7H11NO5	CC(=O)N[C@@H](CCC(O)=O)C(O)=O	InChI=1S/C7H11NO5/c1-4(9)8-5(7(12)13)2-3-6(10)11/h5H,2-3H2,1H3,(H,8,9)(H,10,11)(H,12,13)/t5-/m0/s1	N-Acetylglutamic acid																	6007571	2961453	977523	1755250	393327	3863804	2563248	6893555	209677	3917410	91341	2414333	11574231	2438716	1305411	2877590	1359568	1159769	21211723	2770495	696134	2041914	1467401	909489	2051587	2266922	1869293	1856380	119689	915698	949708	353684	59053	36499	71058	99696	383759	2797327	626566	642476	1049946	411936	1335966	5650379	86492	668478	1007265	72033	1758857	1024584	715598	1808580	710833	878890	2048214	418949	180767	920595	282816	214682	N-Acetylglutamic acid
CHEBI:15732	C2H5O5P	OC(=O)CP(O)(O)=O	InChI=1S/C2H5O5P/c3-2(4)1-8(5,6)7/h1H2,(H,3,4)(H2,5,6,7)	Phosphonoacetate																	29818	51729	36096	54886	35018	19590	13948	32635	11567	27434	37625	9232	37019	53900	44688	42063	49210	23576	28626	27447	19732	25157	25461	5925	17157	39706	25808	26738	12162	12447	11316	12094	672	1908	1004	6199	39617	60349	30138	51853	53050	49091	21698	25633	24497	23971	8866	9754	57117	66665	60619	56889	55203	5404	24608	25855	19681	9393	21531	10449	Phosphonoacetate
CHEBI:28189	C12H22O11	OC[C@H]1O[C@H](OC[C@H]2OC(O)[C@H](O)[C@@H](O)[C@@H]2O)[C@H](O)[C@@H](O)[C@@H]1O	InChI=1S/C12H22O11/c13-1-3-5(14)8(17)10(19)12(23-3)21-2-4-6(15)7(16)9(18)11(20)22-4/h3-20H,1-2H2/t3-,4-,5-,6-,7+,8+,9-,10-,11?,12+/m1/s1	Isomaltose																	8356	25308	25151	62547	19562	15447	53939	55625	36190	15519	3487	9488	59313	29932	11610	48356	6916	10875	36516	25971	16350	5420	18488	16287	18733	1908	6260	4539	6532	15563	19875	15777	3240	16525	14795	21961	49719	33155	38046	13213	21473	43087	16512	10723	25684	5013	7306	19274	74225	27884	53864	14520	6058	7906	14178	5127	17447	26342	33262	19499	Isomaltose
CHEBI:30887	C6H8O7	OC(C(CC(O)=O)C(O)=O)C(O)=O	InChI=1S/C6H8O7/c7-3(8)1-2(5(10)11)4(9)6(12)13/h2,4,9H,1H2,(H,7,8)(H,10,11)(H,12,13)	Isocitric acid																	26939	31948	2382	32168	46103	7756	2964	28036	3982	13491	13171	11043	27683	16807	14010	30768	9267	23752	12613	26240	2391	10297	12541	5315	31882	29413	30956	10177	15292	4283	16350	10528	2146	2060	2987	2316	25701	53513	92874	20830	177044	43548	3954	23849	5897	18253	7048	4109	42286	17215	26211	59421	22587	11699	5635	14649	9014	10153	19429	5454	Isocitric acid
CHEBI:15940	C6H5NO2	OC(=O)c1cccnc1	InChI=1S/C6H5NO2/c8-6(9)5-2-1-3-7-4-5/h1-4H,(H,8,9)	Nicotinic acid																	118036	69262	27665	120309	44112	144210	68223	104862	44485	29714	12027	91534	98655	112156	87126	74289	79569	120114	187883	62657	26214	67478	114974	154120	151282	49650	214828	142470	0	84315	84533	109975	13970	12201	38688	27266	171927	372120	127534	92184	69837	159737	28901	25068	22974	30880	31500	14511	212738	262562	172685	44249	397542	133114	118291	195603	88867	69071	125210	78415	Nicotinic acid
CHEBI:15674	C4H6O6	OC(C(O)C(O)=O)C(O)=O	InChI=1S/C4H6O6/c5-1(3(7)8)2(6)4(9)10/h1-2,5-6H,(H,7,8)(H,9,10)	2,3-Dihydroxybutanedioic acid																	13197	7074	5790	19218	0	0	202748	486751	167341	150932	45171	166570	14354	5925	5525	46047	0	1358	712021	237596	149193	87970	75782	29394	2460	2392	13930	44256	0	0	24913	64160	7223	22336	0	6893	0	13999	57456	18133	11974	17523	230268	298669	164146	350477	36831	19001	27304	4257	46556	29218	4873	4350	697321	398560	270019	393312	47203	27508	2,3-Dihydroxybutanedioic acid
CHEBI:33033	C5H8O3	CCCC(=O)C(O)=O	InChI=1S/C5H8O3/c1-2-3-4(6)5(7)8/h2-3H2,1H3,(H,7,8)	2-Oxovaleric acid																	81194	80229	16219	103329	15994	51283	0	2034	3072	0	2524	10214	66837	19149	2611	11616	14494	0	16639	8289	2557	0	1549	2069	5750	0	859	517	1253	1360	0	4186	1879	1425	1041	953	17373	55841	6071	25913	46114	9031	3379	24044	795	1937	2528	0	2100	6502	1237	21052	2035	4045	0	0	13671	3173	2789	13673	2-Oxovaleric acid
CHEBI:151	C6H8O7	O[C@H]([C@H](CC(O)=O)C(O)=O)C(O)=O	InChI=1S/C6H8O7/c7-3(8)1-2(5(10)11)4(9)6(12)13/h2,4,9H,1H2,(H,7,8)(H,10,11)(H,12,13)/t2-,4+/m0/s1	D-threo-Isocitric acid																	10726	2298	20146	6774	13593	2519	2323	3126	3982	13491	13171	15355	33959	18822	14999	4022	22055	21657	2442	52438	1592	16610	12478	5315	30762	12153	51752	12966	40409	2539	3053	10528	1307	1396	2987	1561	21628	26546	100921	8202	207178	42561	3610	18612	5897	4821	7048	4723	36938	17999	8308	59421	11014	61564	16236	17509	3593	19587	20249	5362	D-threo-Isocitric acid
CHEBI:27956	C6H6O6	[H][C@@]1(OC(=O)C(=O)C1=O)[C@@H](O)CO	InChI=1S/C6H6O6/c7-1-2(8)5-3(9)4(10)6(11)12-5/h2,5,7-8H,1H2/t2-,5+/m0/s1	L-Dehydroascorbic acid																	19056	22941	26016	13123	45911	14746	26851	24912	15970	28890	52857	9309	18801	10517	16669	40255	39891	19997	20698	18316	26601	4606	11191	32505	9185	16244	5042	18771	7952	9511	9965	14993	7052	1230	16095	11609	31464	21347	12429	16872	21703	29357	24261	18546	3787	33633	588	21330	40279	38974	23542	10999	36675	26059	8021	4638	7123	2775	0	23639	Dehydroascorbic acid
CHEBI:18300	C4H4O4	OC(=O)\C=C/C(O)=O	InChI=1S/C4H4O4/c5-3(6)1-2-4(7)8/h1-2H,(H,5,6)(H,7,8)/b2-1-	Maleic acid																	2421	12995	20040	4701	6723	16978	19280	2414	804	6171	7038	8070	19906	12414	14133	13142	25931	13864	5685	9371	4800	17074	3505	8044	16718	21354	9575	11987	1563	5245	16914	10876	3615	4957	11440	2799	20086	20162	5910	4375	18392	13777	4927	11007	468	6050	13251	4298	6149	1283	3854	17700	15624	5100	10849	8226	10876	11186	15247	4726	Maleic acid
CHEBI:10642	C6H12O6	O[C@H]1[C@H](O)[C@@H](O)[C@H](O)[C@@H](O)[C@@H]1O	InChI=1S/C6H12O6/c7-1-2(8)4(10)6(12)5(11)3(1)9/h1-12H/t1-,2-,3+,4+,5-,6-	scyllo-Inositol																	40858	13454	5180	12160	13701	18870	20790	10656	2848	3540	5217	7027	34444	28554	6697	12358	7270	5416	26282	5257	3815	1244	5826	3521	11375	4004	3534	6426	5349	2353	4040	2673	4664	3799	3752	5155	26911	78896	11521	26768	27454	20190	6237	11212	1410	6322	2487	2152	39476	51732	38881	39876	10436	35631	12337	12591	25293	10630	7645	20806	scyllo-Inositol
CHEBI:15346	C21H36N7O16P3S	CC(C)(COP(O)(=O)OP(O)(=O)OC[C@H]1O[C@H]([C@H](O)[C@@H]1OP(O)(O)=O)n1cnc2c(N)ncnc12)[C@@H](O)C(=O)NCCC(=O)NCCS	InChI=1S/C21H36N7O16P3S/c1-21(2,16(31)19(32)24-4-3-12(29)23-5-6-48)8-41-47(38,39)44-46(36,37)40-7-11-15(43-45(33,34)35)14(30)20(42-11)28-10-27-13-17(22)25-9-26-18(13)28/h9-11,14-16,20,30-31,48H,3-8H2,1-2H3,(H,23,29)(H,24,32)(H,36,37)(H,38,39)(H2,22,25,26)(H2,33,34,35)/t11-,14-,15-,16+,20-/m1/s1	Coenzyme A																	754041	9977	4401	482763	490961	552615	1016782	319449	10884	2566	3997	555292	1259592	6903	7625	1167068	293949	7721	13041	307058	699380	700162	525149	4211	1098398	1036873	838977	1699	621823	0	849168	1358671	167837	27488	6714	594584	1676584	257703	1387735	75555	2010197	31342	1915	1269563	4735	4099	1335918	1119	7637	61673	3496	719360	11832	456208	4033	5212	397329	717747	1596	490822	Coenzyme A
CHEBI:741548	C5H8O4	CCC(C(O)=O)C(O)=O	InChI=1S/C5H8O4/c1-2-3(4(6)7)5(8)9/h3H,2H2,1H3,(H,6,7)(H,8,9)	Ethylmalonic acid																	4986	70055	12929	12423	651	6618	13977	0	0	155	2282	6460	26179	65828	42533	3032	32525	62069	12942	2576	3981	1344	6000	6230	7790	1537	4652	18287	2475	9471	0	1903	0	3288	2903	3076	39423	190208	39545	130488	22930	97515	15442	1690	1478	11870	2088	12738	89187	151332	114632	28244	152843	62474	4204	8661	8271	1614	10146	2793	Ethylmalonic acid
CHEBI:30838	C5H6O4	C(C(CC(O)=O)=C)(O)=O	InChI=1S/C5H6O4/c1-3(5(8)9)2-4(6)7/h1-2H2,(H,6,7)(H,8,9)	Itaconic acid																	3127933	1890205	1142649	3440531	2453049	2534388	2418748	2055299	1066590	2237016	450881	2971399	25968	26338	11733	27075	5041	1246	19395	6212	2582	6939	0	1291	1747	2308	8278	8003	0	0	8942	2644	0	1027	1188	0	15618	50858	27872	27910	29615	15522	1116	9065	2244	10344	4749	2330	28790	40094	17825	48108	22886	15245	1607	3552	5104	17348	3216	7072	Itaconic acid
CHEBI:32796	C5H8O5	O[C@H](CCC(O)=O)C(O)=O	InChI=1S/C5H8O5/c6-3(5(9)10)1-2-4(7)8/h3,6H,1-2H2,(H,7,8)(H,9,10)/t3-/m1/s1	D-2-Hydroxyglutaric acid																	48068457	27750306	16503049	54046948	36510239	38610899	36561411	30640244	15805937	34667840	5901513	47500068	312457	239368	92784	372125	66166	43057	188323	56499	25929	48763	38192	23670	55907	24467	80899	179327	20415	23337	40677	17886	10353	5429	7736	26760	157430	590376	255447	282878	305900	138838	18948	112819	22758	82859	31060	15715	309333	467358	229287	646700	247160	116010	54922	52122	58745	171495	33876	74650	D-2-Hydroxyglutaric acid
CHEBI:20607	C10H15N3O5	Cc1cn([C@@H]2O[C@H](CO)[C@@H](O)[C@H]2O)c(=O)nc1N	InChI=1S/C10H15N3O5/c1-4-2-13(10(17)12-8(4)11)9-7(16)6(15)5(3-14)18-9/h2,5-7,9,14-16H,3H2,1H3,(H2,11,12,17)/t5-,6-,7-,9-/m1/s1	5-Methylcytidine																	14565	4219	40947	36758	34032	30878	11134	10356	37959	42034	27502	17177	29851	22571	6812	3252	19051	13247	112668	75965	15207	3450	59597	23925	2940	6406	8332	11835	1373	4932	4894	14440	0	0	1241	0	11631	46233	7092	8980	35837	6319	25635	9716	6311	18364	22001	886	35819	29004	12961	7113	41566	51255	80794	56742	116750	58054	38050	6982	5-Methylcytidine
CHEBI:33830	C6H10O7			Galacturonic acid																	3821	1654	3725	4909	2398	3158	4295	4553	3963	8381	6579	11950	3191	1338	3960	5137	2298	6763	12884	13559	4486	34600	37464	9221	14130	13657	11811	16707	9342	6556	16500	5838	0	2570	4183	2657	21269	28285	19316	14684	13332	13642	32954	48554	47273	234895	60889	59400	9055	7699	3625	5440	8366	6051	9126	7581	8491	6176	7776	4303	Galacturonic acid
CHEBI:17351	C18H32O2	CCCCC\C=C/C\C=C/CCCCCCCC(O)=O	InChI=1S/C18H32O2/c1-2-3-4-5-6-7-8-9-10-11-12-13-14-15-16-17-18(19)20/h6-7,9-10H,2-5,8,11-17H2,1H3,(H,19,20)/b7-6-,10-9-	Linoleic acid																	58881	41508	25646	21354	71354	93528	28273	70528	43370	44269	23653	49096	16365	13976	21781	33377	107522	7159	87072	102168	87145	116426	45858	54532	25657	7624	14550	3453	8753	34935	69616	62048	74846	103794	137061	137903	56050	48391	43603	23980	53070	27352	57561	63702	89460	71538	119279	98943	75008	18763	14422	33754	12261	6161	133176	84629	47921	58076	39642	100249	Linoleic acid
