GeneID	COG_category	Description	Preferred_name	KEGG_ko	KEGG_Pathway
WP_000002288	H	Catalyzes the breakage of the C-P bond in alpha-D-ribose 1-methylphosphonate 5-phosphate (PRPn) forming alpha-D-ribose	phnJ	ko:K06163	ko00440,map00440
WP_000002542	U	Belongs to the peptidase S26 family	lepB	ko:K03100	ko02024,ko03060,map02024,map03060
WP_000002621	S	Type VI secretion system effector, Hcp	yhhZ	ko:K06887	-
WP_000002913	M	Recycling of diacylglycerol produced during the turnover of membrane phospholipid	dgkA	ko:K00901	ko00561,ko00564,ko01100,ko01110,ko04070,ko04072,ko05231,map00561,map00564,map01100,map01110,map04070,map04072,map05231
WP_000002955	S	Globally modulates RNA abundance by binding to RNase E (Rne) and regulating its endonucleolytic activity. Can modulate Rne action in a substrate-dependent manner by altering the composition of the degradosome	rraB	ko:K09893	-
WP_000003071	J	Belongs to the class-II aminoacyl-tRNA synthetase family	lysS	ko:K04567	ko00970,map00970
WP_000003128	S	-	ykgH	-	-
WP_000003160	S	von Willebrand factor type A domain	yegL	-	-
WP_000003317	J	Specifically methylates position 2 of adenine 2503 in 23S rRNA and position 2 of adenine 37 in tRNAs	rlmN	ko:K06941	-
WP_000003377	U	One of the proteins required for the normal export of preproteins out of the cell cytoplasm. It is a molecular chaperone that binds to a subset of precursor proteins, maintaining them in a translocation-competent state. It also specifically binds to its receptor SecA	secB	ko:K03071	ko02024,ko03060,ko03070,map02024,map03060,map03070
WP_000003820	F	Component of the pyruvate dehydrogenase (PDH) complex, that catalyzes the overall conversion of pyruvate to acetyl-CoA and CO(2)	aceE	ko:K00163	ko00010,ko00020,ko00620,ko01100,ko01110,ko01120,ko01130,ko01200,map00010,map00020,map00620,map01100,map01110,map01120,map01130,map01200
WP_000004443	J	Attaches a formyl group to the free amino group of methionyl-tRNA(fMet). The formyl group appears to play a dual role in the initiator identity of N-formylmethionyl-tRNA by promoting its recognition by IF2 and preventing the misappropriation of this tRNA by the elongation apparatus	fmt	ko:K00604	ko00670,ko00970,map00670,map00970
WP_000004488	S	Part of the ABC transporter complex MlaFEDB that actively prevents phospholipid accumulation at the cell surface. Probably maintains lipid asymmetry in the outer membrane by retrograde trafficking of phospholipids from the outer membrane to the inner membrane	mlaB	ko:K07122	ko02010,map02010
WP_000004626	EGP	Catalyzes the facilitated diffusion of 2-acyl-glycero-3- phosphoethanolamine (2-acyl-GPE) into the cell	lplT	ko:K08227	-
WP_000004771	J	With EpmB is involved in the beta-lysylation step of the post-translational modification of translation elongation factor P (EF-P) on 'Lys-34'. Catalyzes the ATP-dependent activation of (R)- beta-lysine produced by EpmB, forming a lysyl-adenylate, from which the beta-lysyl moiety is then transferred to the epsilon- amino group of EF-P 'Lys-34'	epmA	ko:K04568	-
WP_000004895	C	Hydrogenase-1 operon protein hyaF	hyaF	ko:K03618	-
WP_000005042	S	Inhibits all the catalytic activities of DNA gyrase by preventing its interaction with DNA. Acts by binding directly to the C-terminal domain of GyrB, which probably disrupts DNA binding by the gyrase	yacG	ko:K09862	-
WP_000005552	S	Putative excisionase (DUF1233)	-	-	-
WP_000006018	S	Bacterial protein of unknown function (DUF905)	-	-	-
WP_000006268	S	DNA-sulfur modification-associated	-	-	-
WP_000006815	F	Catalyzes the acyloin condensation reaction between C atoms 2 and 3 of pyruvate and glyceraldehyde 3-phosphate to yield 1-deoxy-D-xylulose-5-phosphate (DXP)	dxs	ko:K01662	ko00730,ko00900,ko01100,ko01110,ko01130,map00730,map00900,map01100,map01110,map01130
WP_000006890	F	Catalyzes the reversible hydrolysis of the amide bond within dihydroorotate. This metabolic intermediate is required for the biosynthesis of pyrimidine nucleotides	allB	ko:K01466	ko00230,ko01100,ko01120,map00230,map01100,map01120
WP_000007283	C	radicals which are normally produced within the cells and which are toxic to biological systems	sodB	ko:K04564	ko04013,ko04068,ko04146,ko04211,ko04212,ko04213,ko05016,map04013,map04068,map04146,map04211,map04212,map04213,map05016
WP_000007436	K	Helix-turn-helix domain	-	-	-
WP_000007523	E	Methylenetetrahydrofolate reductase	metF	ko:K00297	ko00670,ko00720,ko01100,ko01120,ko01200,ko01523,map00670,map00720,map01100,map01120,map01200,map01523
WP_000007629	U	The SecYEG-SecDF-YajC-YidC holo-translocon (HTL) protein secretase insertase is a supercomplex required for protein secretion, insertion of proteins into membranes, and assembly of membrane protein complexes	yajC	ko:K03210	ko02024,ko03060,ko03070,map02024,map03060,map03070
WP_000009307	S	Uncharacterized small protein (DUF2158)	yodC	-	-
WP_000009347	U	Type IV secretion system coupling protein	traD	-	-
WP_000010120	J	Ribosomal RNA large subunit methyltransferase A	rrmA	ko:K00563	-
WP_000010274	I	Catalyzes the synthesis of propionyl-CoA from propionate and CoA. Also converts acetate to acetyl-CoA but with a lower specific activity (By similarity)	prpE	ko:K01908	ko00640,ko01100,map00640,map01100
WP_000010726	K	Required for the expression of anaerobic nitric oxide (NO) reductase, acts as a transcriptional activator for at least the norVW operon. Activation also requires sigma-54	norR	ko:K12266	ko05132,map05132
WP_000010835	G	Has a broad aminopeptidase activity on non-blocked peptides by progressively cleaving amino acids off the peptide substrate. Aminopeptidase activity stops at the residue before the first proline in the peptide. Cannot cleave when proline is the first N-terminal residue	sgcX	ko:K18530,ko:K20609	-
WP_000011118	C	respiratory electron transport chain	yceJ	ko:K12262	-
WP_000011612	M	Activates KDO (a required 8-carbon sugar) for incorporation into bacterial lipopolysaccharide in Gram-negative bacteria	kdsB	ko:K00979	ko00540,ko01100,map00540,map01100
WP_000011653	S	nitrogen compound metabolic process	yobB	-	-
WP_000012100	S	Conjugal transfer protein TraL	traL	ko:K12068	-
WP_000012167	S	guanine transport	ygfQ	ko:K06901	-
WP_000012346	S	Uncharacterized protein conserved in bacteria (DUF2138)	yfaA	-	-
WP_000012560	S	Protein of unknown function (DUF2491)	yjfK	-	-
WP_000012903	E	Reversibly catalyzes the transfer of the carbamoyl group from carbamoyl phosphate (CP) to the N(epsilon) atom of ornithine (ORN) to produce L-citrulline	argI	ko:K00611,ko:K09065	ko00220,ko01100,ko01110,ko01130,ko01230,map00220,map01100,map01110,map01130,map01230
WP_000013046	F	Belongs to the ATCase OTCase family	pyrB	ko:K00609	ko00240,ko00250,ko01100,map00240,map00250,map01100
WP_000013152	S	Catalyzes the reduction of 2,5-diketo-D-gluconic acid (25DKG) to 2-keto-L-gulonic acid (2KLG)	dkgA	ko:K06221,ko:K06222	-
WP_000013588	C	glycol catabolic process	fucO	ko:K00048	ko00630,ko00640,ko01120,map00630,map00640,map01120
WP_000014320	U	Regulates secA expression by translational coupling of the secM secA operon. Translational pausing at a specific Pro residue 5 residues before the end of the protein may allow disruption of a mRNA repressor helix that normally suppresses secA translation initiation	secM	ko:K13301	ko03060,ko03070,map03060,map03070
WP_000014594	K	SMART Cold shock protein	cspA	ko:K03704	-
WP_000015781	S	Hydrolyzes alpha-ketoglutaramate (a-KGM) to alpha- ketoglutarate (alpha-KG) and ammonia, has weak activity on L- glutamine, almost no activity on deaminated glutathione (dGSH) and none on glutathione (By similarity). May function as a metabolite repair enzyme (By similarity)	yafV	ko:K11206,ko:K13566	ko00250,map00250
WP_000015844	E	L-methionine secondary active transmembrane transporter activity	yjeH	ko:K03757,ko:K03759,ko:K16263	-
WP_000016907	M	Belongs to the N-acetylmuramoyl-L-alanine amidase 3 family	amiC	ko:K01448	ko01503,map01503
WP_000016979	L	Phage integrase family	-	ko:K04763,ko:K07357	-
WP_000017106	J	Could be a nuclease involved in processing of the 5'-end of pre-16S rRNA	yqgF	ko:K07447	-
WP_000017354	I	Belongs to the GPAT DAPAT family	plsB	ko:K00631	ko00561,ko00564,ko01100,ko01110,map00561,map00564,map01100,map01110
WP_000017694	C	Ni Fe-hydrogenase 2 b-type cytochrome subunit	hybB	-	-
WP_000018005	K	transcriptional regulator	yqjI	-	-
WP_000018378	G	transporter	yihP	ko:K03292	-
WP_000018671	J	Specifically methylates the guanine in position 1835 (m2G1835) of 23S rRNA	rlmG	ko:K00564,ko:K11391	-
WP_000018777	IQ	alcohol dehydrogenase (NADP+) activity	yghA	-	-
WP_000019197	E	putrescine transmembrane transporter activity	yeeF	ko:K14052	-
WP_000019358	K	Transcriptional activator of the superoxide response regulon of E.coli that includes at least 10 genes such as sodA, nfo, zwf and micF. Binds the DNA sequence 5'-GCACN(7)CAA-3'. It also facilitates the subsequent binding of RNA polymerase to the micF and the nfo promoters	soxS	ko:K13631	-
WP_000019403	L	COG3039 Transposase and inactivated derivatives IS5 family	-	ko:K07481	-
WP_000019591	J	Catalyzes the conversion of S-adenosyl-L-methionine (SAM) to carboxy-S-adenosyl-L-methionine (Cx-SAM)	cmoA	ko:K15256	-
WP_000019662	P	amino-acid ABC transporter permease protein YhdX	aapQ	ko:K09970	ko02010,map02010
WP_000019836	P	Catalyzes nitrate uptake, nitrite uptake and nitrite export across the cytoplasmic membrane. Functions as a nitrate nitrite exchanger, and protons are probably not co- transported with the substrate	narK	ko:K02575	ko00910,map00910
WP_000019869	C	cytochrome o ubiquinol oxidase	cyoD	ko:K02300	ko00190,ko01100,map00190,map01100
WP_000019944	K	Repressor of rcnA expression. Acts by binding specifically to the rcnA promoter in the absence of nickel and cobalt. In the presence of one of these metals, it has a weaker affinity for rcnA promoter	rcnR	-	-
WP_000020040	P	Haem utilisation ChuX/HutX	hutX	ko:K07227	-
WP_000020078	P	Potassium channel	kch	ko:K10716	-
WP_000020139	M	Acts as a flagellar brake, regulating swimming and swarming in a bis-(3'-5') cyclic diguanylic acid (c-di-GMP)- dependent manner. Binds 1 c-di-GMP dimer per subunit. Increasing levels of c-di-GMP lead to decreased motility	ycgR	ko:K21087	ko02026,map02026
WP_000020484	N	Required for flagellar hook formation. May act as a scaffolding protein	flgD	ko:K02389	ko02040,map02040
WP_000020609	S	-	-	-	-
WP_000020737	S	An essential GTPase that binds both GDP and GTP, with rapid nucleotide exchange. Plays a role in 16S rRNA processing and 30S ribosomal subunit biogenesis and possibly also in cell cycle regulation and energy metabolism	era	ko:K03595	-
WP_000020872	KNU	Responsible for the coupling of flagellin expression to flagellar assembly by preventing expression of the flagellin genes when a component of the middle class of proteins is defective. It negatively regulates flagellar genes by inhibiting the activity of FliA by directly binding to FliA	flgM	ko:K02398	ko02020,ko02025,ko02026,ko02040,map02020,map02025,map02026,map02040
WP_000021031	P	Part of the ABC transporter complex CysAWTP involved in sulfate thiosulfate import. Responsible for energy coupling to the transport system	cysA	ko:K02045	ko00920,ko02010,map00920,map02010
WP_000022442	M	Channel that opens in response to stretch forces in the membrane lipid bilayer. May participate in the regulation of osmotic pressure changes within the cell	mscL	ko:K03282	-
WP_000022533	S	-	-	-	-
WP_000022766	F	which catalyzes the reversible aldol condensation of dihydroxyacetone phosphate (DHAP or glycerone-phosphate) with glyceraldehyde 3-phosphate (G3P) to produce tagatose 1,6- bisphosphate (TBP). Requires	kbaY	ko:K08302	ko00052,ko01100,map00052,map01100
WP_000023085	F	Pantothenic acid kinase	coaA	ko:K00867	ko00770,ko01100,map00770,map01100
WP_000024392	O	Has a glutathione-disulfide oxidoreductase activity in the presence of NADPH and glutathione reductase. Reduces low molecular weight disulfides and proteins	grxC	ko:K03676	-
WP_000024560	K	Interacts with CbpA and inhibits both the DnaJ-like co- chaperone activity and the DNA binding activity of CbpA. Together with CbpA, modulates the activity of the DnaK chaperone system. Does not inhibit the co-chaperone activity of DnaJ	cbpM	ko:K18997	-
WP_000024733	S	Protein of unknown function (DUF533)	yebE	-	-
WP_000024872	V	Part of the tripartite efflux system MdtEF-TolC, which confers resistance to	mdtF	ko:K18899	-
WP_000024951	EH	Involved in the biosynthesis of branched-chain amino acids (BCAA). Catalyzes an alkyl-migration followed by a ketol- acid reduction of (S)-2-acetolactate (S2AL) to yield (R)-2,3- dihydroxy-isovalerate. In the isomerase reaction, S2AL is rearranged via a Mg-dependent methyl migration to produce 3- hydroxy-3-methyl-2-ketobutyrate (HMKB). In the reductase reaction, this 2-ketoacid undergoes a metal-dependent reduction by NADPH to yield (R)-2,3-dihydroxy-isovalerate	ilvC	ko:K00053	ko00290,ko00770,ko01100,ko01110,ko01130,ko01210,ko01230,map00290,map00770,map01100,map01110,map01130,map01210,map01230
WP_000025849	M	Catalytic subunit of cellulose synthase. It polymerizes uridine 5'-diphosphate glucose to cellulose, which is produced as an extracellular component for mechanical and chemical protection at the onset of the stationary phase, when the cells exhibit multicellular behavior (rdar morphotype). Coexpression of cellulose and thin aggregative fimbriae	bcsA	ko:K00694,ko:K20541	ko00500,ko01100,ko02026,map00500,map01100,map02026
WP_000026162	S	-	-	-	-
WP_000027205	P	Part of the ABC transporter complex ArtPIQMJ involved in arginine transport. Probably responsible for energy coupling to the transport system	artP	ko:K10000	ko02010,map02010
WP_000027667	S	Domain of unknown function (DUF5405)	-	-	-
WP_000027720	O	Necessary for formate dehydrogenase activity	fdhE	ko:K02380	-
WP_000027751	S	DNA integration	-	-	-
WP_000028114	P	Responsible for melibiose and other galactoside transport. It is capable of using hydrogen, sodium, and lithium cations as coupling cations for cotransport, depending on the particular sugar transported (symport system)	melB	ko:K03292,ko:K11104	-
WP_000028545	S	Uncharacterised protein family (UPF0259)	yciC	-	-
WP_000028878	J	Forms part of the ribosomal stalk which helps the ribosome interact with GTP-bound translation factors. Is thus essential for accurate translation	rplL	ko:K02935	ko03010,map03010
WP_000028953	S	Is able to transfer iron-sulfur clusters to apo- ferredoxin. Multiple cycles of 2Fe2S cluster formation and transfer are observed, suggesting that IscA acts catalytically. Recruits intracellular free iron so as to provide iron for the assembly of transient iron-sulfur cluster in IscU in the presence of IscS, L-cysteine and the thioredoxin reductase system TrxA TrxB	iscA	ko:K05997,ko:K13628	-
WP_000029331	S	CRISPR-associated protein Cse2 (CRISPR_cse2)	-	ko:K19046	-
WP_000029466	P	Part of the ABC transporter complex BtuCDF involved in vitamin B12 import. Responsible for energy coupling to the transport system	btuD	ko:K06074	ko02010,map02010
WP_000030006	F	Involved in the biosynthesis of lipopolysaccharides (LPSs). Catalyzes the hydrolysis of 3-deoxy-D-manno-octulosonate 8-phosphate (KDO 8-P) to 3-deoxy-D-manno-octulosonate (KDO) and inorganic phosphate	kdsC	ko:K03270	ko00540,ko01100,map00540,map01100
WP_000030537	U	Involved in the assembly of lipopolysaccharide (LPS). Required for the translocation of LPS from the inner membrane to the outer membrane. Facilitates the transfer of LPS from the inner membrane to the periplasmic protein LptA. Could be a docking site for LptA	lptC	ko:K11719	-
WP_000031415	S	ribosome binding	yqjD	-	-
WP_000031783	J	This protein promotes the GTP-dependent binding of aminoacyl-tRNA to the A-site of ribosomes during protein biosynthesis	tuf	ko:K02358	-
WP_000031784	J	This protein promotes the GTP-dependent binding of aminoacyl-tRNA to the A-site of ribosomes during protein biosynthesis	tuf	ko:K02358	-
WP_000033306	NU	Part of the yfcOPQRSUV fimbrial operon. Could contribute to adhesion to various surfaces in specific environmental niches. Increases adhesion to eukaryotic T24 bladder epithelial cells in the absence of fim genes	yfcV	-	-
WP_000034375	F	Catalyzes the aldol condensation of dihydroxyacetone phosphate (DHAP or glycerone-phosphate) with glyceraldehyde 3- phosphate (G3P) to form fructose 1,6-bisphosphate (FBP) in gluconeogenesis and the reverse reaction in glycolysis	fbaA	ko:K01624	ko00010,ko00030,ko00051,ko00680,ko00710,ko01100,ko01110,ko01120,ko01130,ko01200,ko01230,map00010,map00030,map00051,map00680,map00710,map01100,map01110,map01120,map01130,map01200,map01230
WP_000034402	E	stimulation does not require O-acetylserine sulfhydrylase activity. CdiA is the toxic component of a toxin-immunity protein module, which functions as a cellular contact-dependent growth inhibition (CDI) system. CDI modules allow bacteria to communicate with and inhibit the growth of closely related neighboring bacteria in a contact-dependent fashion (experiments done in strains BW25113 and X90, both K12 derivatives). This protein is not required for CDI of strain EC93, whose toxin may function by forming inner cell membrane pores	cysK	ko:K01738	ko00270,ko00920,ko01100,ko01110,ko01120,ko01130,ko01200,ko01230,map00270,map00920,map01100,map01110,map01120,map01130,map01200,map01230
WP_000034602	S	Cyd operon protein YbgE (Cyd_oper_YbgE)	ybgE	-	-
WP_000034825	K	Ribonuclease B OB domain	cspE	ko:K03704	-
WP_000035574	E	phage envelope protein	ybcV	-	-
WP_000036371	NT	catalyzes the demethylation of specific methylglutamate residues introduced into the chemoreceptors (methyl-accepting chemotaxis proteins) by CheR	cheB	ko:K03412	ko02020,ko02030,map02020,map02030
WP_000036723	F	Catalyzes the reversible conversion of 2- phosphoglycerate into phosphoenolpyruvate. It is essential for the degradation of carbohydrates via glycolysis	eno	ko:K01689	ko00010,ko00680,ko01100,ko01110,ko01120,ko01130,ko01200,ko01230,ko03018,ko04066,map00010,map00680,map01100,map01110,map01120,map01130,map01200,map01230,map03018,map04066
WP_000037390	S	Type VI secretion system, VipA, VC_A0107 or Hcp2	impB	ko:K11901	ko02025,map02025
WP_000037608	S	Protein and nucleotide deglycase that catalyzes the deglycation of the Maillard adducts formed between amino groups of proteins or nucleotides and reactive carbonyl groups of glyoxals. Thus, functions as a protein deglycase that repairs methylglyoxal- and glyoxal-glycated proteins, and releases repaired proteins and lactate or glycolate, respectively. Deglycates cysteine, arginine and lysine residues in proteins, and thus reactivates these proteins by reversing glycation by glyoxals. Is able to repair glycated serum albumin, collagen, glyceraldehyde-3-phosphate dehydrogenase, and fructose biphosphate aldolase. Acts on early glycation intermediates (hemithioacetals and aminocarbinols), preventing the formation of advanced glycation endproducts (AGE) that cause irreversible damage. Also functions as a nucleotide deglycase able to repair glycated guanine in the free nucleotide pool (GTP, GDP, GMP, dGTP) and in DNA and RNA. Is thus involved in a major nucleotide repair system named guanine glycation repair (GG repair), dedicated to reversing methylglyoxal and glyoxal damage via nucleotide sanitization and direct nucleic acid repair. In vitro, prevents acrylamide formation in asparagine glyoxal and asparagine sugar mixtures at 55 degrees Celsius, likely by degrading asparagine glyoxal Maillard adducts formed at high temperatures. Also displays an apparent glyoxalase activity that in fact reflects its deglycase activity. Is a general stress protein	yhbO	ko:K05520	-
WP_000037984	E	Belongs to the carbamate kinase family	yqeA	ko:K00926	ko00220,ko00230,ko00910,ko01100,ko01120,ko01200,map00220,map00230,map00910,map01100,map01120,map01200
WP_000038432	NU	Part of the yadCKLM-htrE-yadVN fimbrial operon. Could contribute to adhesion to various surfaces in specific environmental niches	yadN	-	-
WP_000038456	G	The phosphoenolpyruvate-dependent sugar phosphotransferase system (sugar PTS), a major carbohydrate active transport system, catalyzes the phosphorylation of incoming sugar substrates concomitantly with their translocation across the cell membrane. The enzyme II FryABC PTS system is involved in fructose transport	fryB	ko:K11202	-
WP_000039100	S	Putative transposase, YhgA-like	yhgA	-	-
WP_000039721	G	Sugar kinase	ygcE	-	-
WP_000039788	M	LysM domain	tagH	ko:K09693	ko02010,map02010
WP_000040021	Q	Involved in disulfide-bond formation. Acts by transferring its disulfide bond to other proteins. Part of a redox system composed of DsbI and DsbL that mediates formation of an essential disulfide bond in AssT	dsbL	ko:K03673	ko01503,map01503
WP_000040318	J	queuine tRNA-ribosyltransferase activity	-	-	-
WP_000040839	L	Integrase is necessary for integration of the phage into the host genome by site-specific recombination. In conjunction with excisionase, integrase is also necessary for excision of the prophage from the host genome (By similarity)	intR	ko:K14059	-
WP_000041326	S	Siphovirus Gp157	-	-	-
WP_000041647	C	Belongs to the prokaryotic molybdopterin-containing oxidoreductase family	ynfE	ko:K07306,ko:K07309,ko:K07310,ko:K07811,ko:K07812,ko:K08351	ko00450,ko00780,ko00920,ko01100,ko02020,map00450,map00780,map00920,map01100,map02020
WP_000042358	CE	Catalyzes the oxidation of 3-carboxy-2-hydroxy-4- methylpentanoate (3-isopropylmalate) to 3-carboxy-4-methyl-2- oxopentanoate. The product decarboxylates to 4-methyl-2 oxopentanoate	leuB	ko:K00052	ko00290,ko00660,ko01100,ko01110,ko01210,ko01230,map00290,map00660,map01100,map01110,map01210,map01230
WP_000042440	O	Glutathione S-transferase	yfcF	ko:K00799	ko00480,ko00980,ko00982,ko00983,ko01524,ko05200,ko05204,ko05225,ko05418,map00480,map00980,map00982,map00983,map01524,map05200,map05204,map05225,map05418
WP_000042533	L	damaged site, the DNA wraps around one UvrB monomer. DNA wrap is dependent on ATP binding by UvrB and probably causes local melting of the DNA helix, facilitating insertion of UvrB beta-hairpin between the DNA strands. Then UvrB probes one DNA strand for the presence of a lesion. If a lesion is found the UvrA subunits dissociate and the UvrB-DNA preincision complex is formed. This complex is subsequently bound by UvrC and the second UvrB is released. If no lesion is found, the DNA wraps around the other UvrB subunit that will check the other stand for damage	uvrB	ko:K03702	ko03420,map03420
WP_000042632	H	Catalyzes the radical-mediated insertion of two sulfur atoms into the C-6 and C-8 positions of the octanoyl moiety bound to the lipoyl domains of lipoate-dependent enzymes, thereby converting the octanoylated domains into lipoylated derivatives	lipA	ko:K03644	ko00785,ko01100,map00785,map01100
WP_000042886	S	Protein of unknown function (DUF2500)	yhhM	-	-
WP_000043335	J	An accessory protein needed during the final step in the assembly of 30S ribosomal subunit, possibly for assembly of the head region. Probably interacts with S19. Essential for efficient processing of 16S rRNA. May be needed both before and after RbfA during the maturation of 16S rRNA. It has affinity for free ribosomal 30S subunits but not for 70S ribosomes	rimM	ko:K02860	-
WP_000043606	GM	Catalyzes the two-step NADP-dependent conversion of GDP- 4-dehydro-6-deoxy-D-mannose to GDP-fucose, involving an epimerase and a reductase reaction	fcl	ko:K02377	ko00051,ko00520,ko01100,map00051,map00520,map01100
WP_000044039	P	Belongs to the binding-protein-dependent transport system permease family. FecCD subfamily	fhuB	ko:K02015	ko02010,map02010
WP_000044401	K	Regulatory protein for the glycine cleavage system operon (gcv). Mediates activation of gcv by glycine and repression by purines. GcvA is negatively autoregulated. Binds to three sites upstream of the gcv promoter	gcvA	ko:K03566	ko02026,map02026
WP_000044679	I	Catalyzes the condensation reaction of fatty acid synthesis by the addition to an acyl acceptor of two carbons from malonyl-ACP	fabF	ko:K09458	ko00061,ko00780,ko01100,ko01212,map00061,map00780,map01100,map01212
WP_000044707	K	FimE is one of the 2 regulatory proteins which control the phase variation of type 1 fimbriae in E.coli. These proteins mediate the periodic inversion of a 300bp DNA segment that harbors the promoter for the fimbrial structural gene, fimA. FimE switches fimA off	fimE	ko:K07358	-
WP_000045180	F	Catalyzes the reversible phosphorylytic cleavage of uridine and deoxyuridine to uracil and ribose- or deoxyribose-1- phosphate. The produced molecules are then utilized as carbon and energy sources or in the rescue of pyrimidine bases for nucleotide synthesis	udp	ko:K00757	ko00240,ko00983,ko01100,map00240,map00983,map01100
WP_000045291	H	glutamate-1-semialdehyde 2,1-aminomutase activity	hemL	ko:K01845	ko00860,ko01100,ko01110,ko01120,map00860,map01100,map01110,map01120
WP_000045448	S	Lysylphosphatidylglycerol synthase TM region	ybhN	ko:K07027	-
WP_000045648	C	to use formate as major electron donor during anaerobic respiration, when nitrate is used as electron acceptor. Subunit gamma is the cytochrome b556 component of the formate dehydrogenase-N, and also contains a menaquinone reduction site that receives electrons from the beta subunit (FdnH), through its hemes. Formate	fdnI	ko:K00127,ko:K08350	ko00630,ko00680,ko01100,ko01120,ko01200,ko02020,map00630,map00680,map01100,map01120,map01200,map02020
WP_000045738	L	ADP compounds hydrolase nudE	nudE	ko:K08312	ko00230,map00230
WP_000045978	G	Part of the binding-protein-dependent transport system for D-xylose. Probably responsible for the translocation of the substrate across the membrane	xylH	ko:K10544,ko:K10547	ko02010,map02010
WP_000046637	U	Part of the Sec protein translocase complex. Interacts with the SecYEG preprotein conducting channel. SecDF uses the proton motive force (PMF) to complete protein translocation after the ATP-dependent function of SecA	secF	ko:K03074	ko03060,ko03070,map03060,map03070
WP_000046661	P	Catalyzes the excretion of spermidine	mdtI	ko:K11742	-
WP_000046749	S	A translation factor that gates the progression of the 70S ribosomal initiation complex (IC, containing tRNA(fMet) in the P site) into the translation elongation cycle by using a mechanism sensitive to the ATP ADP ratio. Binds to the 70S ribosome E site where it modulates the state of the translating ribosome during subunit translocation	yjjK	ko:K06020	-
WP_000047064	M	Peptidoglycan polymerase that catalyzes glycan chain elongation from lipid-linked precursors	mtgA	ko:K03814	ko00550,map00550
WP_000047168	J	Catalyzes the attachment of alanine to tRNA(Ala) in a two-step reaction alanine is first activated by ATP to form Ala- AMP and then transferred to the acceptor end of tRNA(Ala). Also edits incorrectly charged Ser-tRNA(Ala) and Gly-tRNA(Ala) via its editing domain	alaS	ko:K01872	ko00970,map00970
WP_000047452	P	ABC transporter	ydcS	ko:K02055	ko02024,map02024
WP_000047499	JKL	DEAD-box RNA helicase involved in	rhlB	ko:K03732	ko03018,map03018
WP_000047539	J	Accelerates the release of ammonia from reactive enamine imine intermediates of the PLP-dependent threonine dehydratase (IlvA) in the low water environment of the cell. It catalyzes the deamination of enamine imine intermediates to yield 2-ketobutyrate and ammonia. It is required for the detoxification of reactive intermediates of IlvA due to their highly nucleophilic abilities. Involved in the isoleucine biosynthesis (By similarity)	yjgF	ko:K09022	-
WP_000048190	F	Catalyzes the conversion of GDP-D-mannose to GDP-4- dehydro-6-deoxy-D-mannose	gmd	ko:K01711	ko00051,ko00520,ko01100,map00051,map00520,map01100
WP_000048387	L	3' exoribonuclease, RNase T-like	-	ko:K10906	-
WP_000048963	I	Catalyzes the reductive cleavage of azo bond in aromatic azo compounds to the corresponding amines. Requires NADH, but not NADPH, as an electron donor for its activity	azoR	ko:K01118	-
WP_000049378	J	Catalyzes the methylthiolation of an aspartic acid residue of ribosomal protein S12	rimO	ko:K14441	-
WP_000050171	F	Catalyzes two steps in the biosynthesis of coenzyme A. In the first step cysteine is conjugated to 4'-phosphopantothenate to form 4-phosphopantothenoylcysteine, in the latter compound is decarboxylated to form 4'-phosphopantotheine	coaBC	ko:K13038	ko00770,ko01100,map00770,map01100
WP_000050265	U	Mediates the transbilayer movement of Und-PP-GlcNAc- ManNAcA-Fuc4NAc (lipid III) from the inner to the outer leaflet of the cytoplasmic membrane during the assembly of enterobacterial common antigen (ECA)	wzxE	ko:K03328,ko:K16693	-
WP_000050323	P	Responsible for the uptake of citrate in exchange with the efflux of succinate, fumarate or tartrate. Has a relatively broad specificity for C(4)-dicarboxylates and tricarboxylates	citT	ko:K09477	ko02020,map02020
WP_000050789	S	nucleoid-associated protein	ndpA	ko:K06899	-
WP_000051143	S	cellular response to cell envelope stress	ybaM	-	-
WP_000051549	V	Releases the terminal D-alanine residue from the cytoplasmic tetrapeptide recycling product L-Ala-gamma-D-Glu-meso- Dap-D-Ala. To a lesser extent, can also cleave D-Ala from murein derivatives containing the tetrapeptide, i.e. MurNAc-tetrapeptide, UDP-MurNAc-tetrapeptide, GlcNAc-MurNAc-tetrapeptide, and GlcNAc- anhMurNAc-tetrapeptide. Does not act on murein sacculi or cross- linked muropeptides. The tripeptides produced by the LcdA reaction can then be reused as peptidoglycan building blocks	ldcA	ko:K01297	-
WP_000051841	S	Protein of unknown function (DUF1656)	aaeX	ko:K21695	-
WP_000052204	G	Catalyzes the thermodynamically favored C-C bond cleavage of (2R,3S)-2-methylisocitrate to yield pyruvate and succinate	prpB	ko:K03417	ko00640,map00640
WP_000052796	O	Thiol-specific peroxidase that catalyzes the reduction of hydrogen peroxide and organic hydroperoxides to water and alcohols, respectively. Plays a role in cell protection against oxidative stress by detoxifying peroxides	ahpC	ko:K03386	ko04214,map04214
WP_000053080	S	ABC transporter, ATP-binding protein	uup	ko:K15738	-
WP_000053415	F	Catalyzes the transfer of the gamma-phosphate of ATP to D-galactose to form alpha-D-galactose-1-phosphate (Gal-1-P)	galK	ko:K00849	ko00052,ko00520,ko01100,map00052,map00520,map01100
WP_000054239	G	Converts N-acetylmannosamine-6-phosphate (ManNAc-6-P) to N-acetylglucosamine-6-phosphate (GlcNAc-6-P)	nanE	ko:K01788	ko00520,map00520
WP_000055075	C	Catalyzes the hydrolysis of inorganic pyrophosphate (PPi) forming two phosphate ions	ppa	ko:K01507	ko00190,map00190
WP_000055748	I	Component of the acetyl coenzyme A carboxylase (ACC) complex. First, biotin carboxylase catalyzes the carboxylation of biotin on its carrier protein (BCCP) and then the CO(2) group is transferred by the carboxyltransferase to acetyl-CoA to form malonyl-CoA	accA	ko:K01962	ko00061,ko00620,ko00640,ko00720,ko01100,ko01110,ko01120,ko01130,ko01200,ko01212,map00061,map00620,map00640,map00720,map01100,map01110,map01120,map01130,map01200,map01212
WP_000055909	S	'responsible for the proteolytic maturation of the E. coli pMccB17 plasmid-encoded microcin B17, an exported protein that targets the essential topoisomerase II DNA gyrase	tldD	ko:K03568	-
WP_000055989	C	Belongs to the SsuD family	ssuD	ko:K04091	ko00920,map00920
WP_000056760	F	Catalyzes the decarboxylation of 3-keto-L-gulonate-6-P into L-xylulose-5-P. Is involved in the anaerobic L-ascorbate utilization	ulaD	ko:K03078	ko00040,ko00053,ko01100,ko01120,map00040,map00053,map01100,map01120
WP_000057101	F	dGTPase preferentially hydrolyzes dGTP over the other canonical NTPs	dgt	ko:K01129	ko00230,map00230
WP_000057132	H	Catalyzes the reversible conversion of 3- phosphohydroxypyruvate to phosphoserine and of 3-hydroxy-2-oxo-4- phosphonooxybutanoate to phosphohydroxythreonine	serC	ko:K00831	ko00260,ko00680,ko00750,ko01100,ko01120,ko01130,ko01200,ko01230,map00260,map00680,map00750,map01100,map01120,map01130,map01200,map01230
WP_000058885	V	Subunit R is required for both nuclease and ATPase activities, but not for modification	-	ko:K01153	-
WP_000059301	C	flavin adenine dinucleotide binding	ygcU	ko:K00803	ko00565,ko01100,ko04146,map00565,map01100,map04146
WP_000059395	D	Cell division protein that is required for growth during stress conditions. May be involved in protecting or stabilizing the divisomal assembly under conditions of stress	ftsP	ko:K04753	-
WP_000059466	J	Forms an intersubunit bridge (bridge B4) with the 23S rRNA of the 50S subunit in the ribosome	rpsO	ko:K02956	ko03010,map03010
WP_000059678	K	transcriptional regulator	yihW	-	-
WP_000059830	CO	F plasmid transfer operon protein	-	-	-
WP_000060112	L	it is required for DNA replication and normal SOS inducibility. RecF binds preferentially to single-stranded, linear DNA. It also seems to bind ATP	recF	ko:K03629	ko03440,map03440
WP_000060481	K	Induces the expression of gadE and mdtEF. Could also regulate the expression of other genes involved in acid resistance	ydeO	-	-
WP_000061974	S	Membrane-bound lysozyme-inhibitor of c-type lysozyme	mliC	-	-
WP_000062311	K	transcription antitermination	rof	ko:K19000	-
WP_000062573	S	Protein of unknown function (DUF2686)	yjiC	-	-
WP_000062611	J	One of the primary rRNA binding proteins, it binds directly to 16S rRNA central domain where it helps coordinate assembly of the platform of the 30S subunit	rpsH	ko:K02994	ko03010,map03010
WP_000062967	H	transporter	abgT	ko:K12942	-
WP_000062997	C	NDH-1 shuttles electrons from NADH, via FMN and iron- sulfur (Fe-S) centers, to quinones in the respiratory chain. The immediate electron acceptor for the enzyme in this species is believed to be ubiquinone. Couples the redox reaction to proton translocation (for every two electrons transferred, four hydrogen ions are translocated across the cytoplasmic membrane), and thus conserves the redox energy in a proton gradient	nuoA	ko:K00330	ko00190,ko01100,map00190,map01100
WP_000063125	P	Part of the ABC transporter complex PstSACB involved in phosphate import. Responsible for energy coupling to the transport system	pstB	ko:K02036	ko02010,map02010
WP_000063172	L	CRISPR (clustered regularly interspaced short palindromic repeat), is an adaptive immune system that provides protection against mobile genetic elements (viruses, transposable elements and conjugative plasmids). CRISPR clusters contain sequences complementary to antecedent mobile elements and target invading nucleic acids. CRISPR clusters are transcribed and processed into CRISPR RNA (crRNA). The Cas1-Cas2 complex is involved in CRISPR adaptation, the first stage of CRISPR immunity, being required for the addition removal of CRISPR spacers at the leader end of the CRISPR locus. The Cas1-Cas2 complex introduces staggered nicks into both strands of the CRISPR array near the leader repeat and joins the 5'-ends of the repeat strands with the 3'-ends of the new spacer sequence. Spacer DNA integration requires supercoiled target DNA and 3'-OH ends on the inserted (spacer) DNA and probably initiates with a nucleophilic attack of the C 3'-OH end of the protospacer on the minus strand of the first repeat sequence. Expression of Cas1-Cas2 in a strain lacking both genes permits spacer acquisition. Cas2 not seen to bind DNA alone	ygbF	ko:K09951	-
WP_000063505	EG	Uptake of L-rhamnose across the boundary membrane with the concomitant transport of protons into the cell (symport system)	rhaT	ko:K02856	-
WP_000064873	L	COG1943 Transposase and inactivated derivatives	-	ko:K07491	-
WP_000065240	L	Residues 1 to 244 of 251 are 41.60 pct identical to residues 1 to 250 of 298 from SwissProt.40 sp P55500 Y4IQ_RHISN	-	-	-
WP_000065253	J	This protein is located at the 30S-50S ribosomal subunit interface and may play a role in the structure and function of the aminoacyl-tRNA binding site	rplS	ko:K02884	ko03010,map03010
WP_000065800	P	arsenate reductase	arsC	ko:K00537	-
WP_000065950	E	Inner membrane transport protein YqeG	yqeG	-	-
WP_000066484	K	Cold shock	cspC	ko:K03704	-
WP_000066495	K	Binds to and stimulates the transcription of the CCAAT- containing, cold-shock-inducible promoters of the H-NS and GyrA proteins. Binds also to the inverted repeat 5'-ATTGG-3'	cspC	ko:K03704	-
WP_000066570	NU	Required for the biogenesis of type 1 fimbriae. Binds and interact with FimH	fimC	ko:K07346	-
WP_000066639	C	Catalyzes the reversible hydration of fumarate to (S)- malate. Functions as an aerobic enzyme in the direction of malate formation as part of the citric acid cycle. Accounts for about 80 of the fumarase activity when the bacteria grow aerobically. To a lesser extent, also displays D-tartrate dehydratase activity in vitro, but is not able to convert (R)-malate, L-tartrate or meso- tartrate. Can also catalyze the isomerization of enol- to keto- oxaloacetate	fumA	ko:K01676	ko00020,ko00620,ko00720,ko01100,ko01110,ko01120,ko01130,ko01200,map00020,map00620,map00720,map01100,map01110,map01120,map01130,map01200
WP_000067399	C	Formate hydrogenlyase	hycG	ko:K14088,ko:K15832	-
WP_000067755	L	DNA-dependent ATPase that plays important roles in cellular responses to stalled DNA replication processes	rarA	ko:K07478	-
WP_000067950	N	FliG is one of three proteins (FliG, FliN, FliM) that forms the rotor-mounted switch complex (C ring), located at the base of the basal body. This complex interacts with the CheY and CheZ chemotaxis proteins, in addition to contacting components of the motor that determine the direction of flagellar rotation	fliG	ko:K02410	ko02030,ko02040,map02030,map02040
WP_000068076	F	thymidine kinase	tdk	ko:K00857	ko00240,ko00983,ko01100,map00240,map00983,map01100
WP_000068457	H	Catalyzes the epimerization of carbon 2' of the side chain of 7,8-dihydroneopterin triphosphate (H2NTP) to form 7,8- dihydromonapterin triphosphate (H2MTP). Is required for tetrahydromonapterin biosynthesis	folX	ko:K07589	ko00790,map00790
WP_000068678	K	This protein is an aporepressor. When complexed with L- tryptophan it binds the operator region of the trp operon (5'- ACTAGT-'3') and prevents the initiation of transcription. The complex also regulates trp repressor biosynthesis by binding to its regulatory region	trpR	ko:K03720	-
WP_000068706	E	The glycine cleavage system catalyzes the degradation of glycine	gcvT	ko:K00605	ko00260,ko00630,ko00670,ko01100,ko01110,ko01130,ko01200,map00260,map00630,map00670,map01100,map01110,map01130,map01200
WP_000068834	D	Essential cell division protein that activates septal peptidoglycan synthesis and constriction of the cell. Acts on both sides of the membrane, via interaction with FtsA in the cytoplasm and interaction with the FtsQBL complex in the periplasm. These interactions may induce a conformational switch in both FtsA and FtsQBL, leading to septal peptidoglycan synthesis by FtsI and associated synthases	ftsN	ko:K03591	-
WP_000069437	E	Aspartate ammonia-lyase	aspA	ko:K01744	ko00250,ko01100,map00250,map01100
WP_000070131	V	transmembrane transport	ybhS	ko:K01992	-
WP_000070487	K	This protein activates the expression of the nitrate reductase (narGHJI) and formate dehydrogenase-N (fdnGHI) operons and represses the transcription of the fumarate reductase (frdABCD) operon in response to a nitrate nitrite induction signal transmitted by either the NarX or NarQ proteins	narL	ko:K07684	ko02020,map02020
WP_000070621	S	ribosome binding	elaB	ko:K05594	-
WP_000070677	F	Iron-sulfur subunit of the xanthine dehydrogenase complex	yagT	ko:K13483	ko00230,ko01100,ko01120,map00230,map01100,map01120
WP_000071137	G	Catalyzes the conversion of glucosamine-6-phosphate to glucosamine-1-phosphate	glmM	ko:K03431	ko00520,ko01100,ko01130,map00520,map01100,map01130
WP_000072187	K	repressor for the aga operon for N-acetyl galactosamine transport and metabolism	agaR	ko:K02081,ko:K02436	-
WP_000072420	S	Modulator of drug activity B	mdaB	ko:K03923	-
WP_000072536	D	Cell division inhibitor that blocks the formation of polar Z ring septums. Rapidly oscillates between the poles of the cell to destabilize FtsZ filaments that have formed before they mature into polar Z rings. Prevents FtsZ polymerization	minC	ko:K03610	-
WP_000073393	Q	Phenylacetate-CoA oxygenase	paaB	ko:K02610	ko00360,ko01120,map00360,map01120
WP_000073563	C	glycerophosphoryl diester phosphodiesterase	ugpQ	ko:K01126	ko00564,map00564
WP_000074172	EGP	Confers resistance to fosfomycin and deoxycholate	mdtG	ko:K08161	-
WP_000074527	E	in Corynebacterium glutamicum this protein can use glutamate, 2-aminobutyrate, and aspartate as amino donors and pyruvate as the acceptor'	alaA	ko:K14260	ko00220,ko00250,ko00290,ko01100,ko01110,ko01130,ko01210,ko01230,map00220,map00250,map00290,map01100,map01110,map01130,map01210,map01230
WP_000075547	C	Formate hydrogenlyase	hyfI	ko:K12144,ko:K14088,ko:K15832	-
WP_000075744	D	Essential cell division protein. May link together the upstream cell division proteins, which are predominantly cytoplasmic, with the downstream cell division proteins, which are predominantly periplasmic. May control correct divisome assembly	ftsQ	ko:K03589	ko04112,map04112
WP_000075850	E	Catalyzes both the uptake and excretion of putrescine. The uptake of putrescine is dependent on the membrane potential and the excretion involves putrescine-ornithine antiporter activity	potE	ko:K03294,ko:K03756	-
WP_000075876	I	acyl-CoA thioesterase II	tesB	ko:K10805	ko01040,map01040
WP_000076001	S	Protein of unknown function (DUF2633)	yfgG	-	-
WP_000076233	F	Required for cytosine transport into the cell	codB	ko:K10974	-
WP_000076315	J	3'-5' exoribonuclease that releases 5'-nucleoside monophosphates and is involved in maturation of structured RNAs	rnr	ko:K12573	ko03018,map03018
WP_000078109	S	Replication regulatory protein RepB	-	-	-
WP_000078348	P	amino-acid ABC transporter ATP-binding protein YhdZ	yhdZ	ko:K02028,ko:K02029,ko:K09972,ko:K10004,ko:K10010,ko:K10038	ko02010,ko02020,map02010,map02020
WP_000078748	G	methyl beta-D-glucoside 6-phosphate glucohydrolase activity	chbF	ko:K01222	ko00010,ko00500,map00010,map00500
WP_000079112	J	Responsible for synthesis of pseudouridine from uracil	rluD	ko:K06180	-
WP_000079256	GM	mannose-1-phosphate guanylyltransferase	cpsB	ko:K00971,ko:K16011	ko00051,ko00520,ko01100,ko01110,ko01130,ko02025,map00051,map00520,map01100,map01110,map01130,map02025
WP_000079604	S	Putative excisionase (DUF1233)	ydaQ	-	-
WP_000080093	E	Histidine biosynthesis bifunctional protein HisB	hisB	ko:K01089,ko:K01693	ko00340,ko01100,ko01110,ko01230,map00340,map01100,map01110,map01230
WP_000080713	C	Electron transfer flavoprotein	ydiR	ko:K03522	-
WP_000080885	H	Catalyzes the conversion of (8S)-3',8-cyclo-7,8- dihydroguanosine 5'-triphosphate to cyclic pyranopterin monophosphate (cPMP)	moaC	ko:K03637	ko00790,ko01100,ko04122,map00790,map01100,map04122
WP_000081071	C	Could be a 3Fe-4S cluster-containing protein	ydiT	ko:K03855	-
WP_000081550	K	Sigma-70 factor, region 1.2	rpoS	ko:K03087	ko02026,ko05111,map02026,map05111
WP_000081680	C	glutamate synthase	gltD	ko:K00266	ko00250,ko00910,ko01100,ko01110,ko01120,ko01130,ko01230,map00250,map00910,map01100,map01110,map01120,map01130,map01230
WP_000082101	P	High-affinity branched-chain amino acid transport ATP-binding protein livG	livG	ko:K01995	ko02010,ko02024,map02010,map02024
WP_000082120	S	Protein of unknown function (DUF2766)	yecJ	-	-
WP_000082188	L	Sequence-specific endonuclease that cleaves unmethylated GATC sequences. It is involved in DNA mismatch repair	mutH	ko:K03573	ko03430,map03430
WP_000082779	K	transcriptional regulator	sgcR	-	-
WP_000082846	E	Catalyzes the condensation of the acetyl group of acetyl-CoA with 3-methyl-2-oxobutanoate (2-oxoisovalerate) to form 3-carboxy-3-hydroxy-4-methylpentanoate (2-isopropylmalate)	leuA	ko:K01649	ko00290,ko00620,ko01100,ko01110,ko01210,ko01230,map00290,map00620,map01100,map01110,map01210,map01230
WP_000083065	C	Belongs to the NiFe NiFeSe hydrogenase large subunit family	hybC	ko:K05922,ko:K06281	ko00633,ko01120,map00633,map01120
WP_000083369	MU	This protein specifically catalyzes the removal of signal peptides from prolipoproteins	lspA	ko:K03101	ko03060,map03060
WP_000083459	C	Protein of unknown function (DUF1116)	yahG	-	-
WP_000084268	G	Transporter of glycerol across the cytoplasmic membrane, with limited permeability to water and small uncharged compounds such as polyols	glpF	ko:K02440	-
WP_000084387	O	Thiol-specific peroxidase that catalyzes the reduction of hydrogen peroxide and organic hydroperoxides to water and alcohols, respectively. Plays a role in cell protection against oxidative stress by detoxifying peroxides	tpx	ko:K11065	-
WP_000084469	J	Single strand-specific metallo-endoribonuclease involved in late-stage 70S ribosome quality control and in maturation of the 3' terminus of the 16S rRNA	ybeY	ko:K07042	-
WP_000084526	GM	oxidoreductase activity, acting on the aldehyde or oxo group of donors, NAD or NADP as acceptor	yraR	-	-
WP_000084639	H	May be involved in the biosynthesis of molybdopterin	moaB	ko:K03638	ko00790,ko01100,map00790,map01100
WP_000084677	EP	probably responsible for the translocation of the substrate across the membrane	dppC	ko:K12370	ko02010,map02010
WP_000084764	P	Rieske-like [2Fe-2S] domain	nirD	ko:K00363	ko00910,ko01120,map00910,map01120
WP_000084876	S	Putative zinc ribbon domain	-	-	-
WP_000085240	S	Protein of unknown function (DUF1496)	ynjH	-	-
WP_000085928	S	FMN binding	yddH	-	-
WP_000086009	EGP	Multidrug resistance protein MdtL	mdtL	ko:K07552,ko:K08163	-
WP_000086169	L	Belongs to the N(4) N(6)-methyltransferase family	VP0394	ko:K00571,ko:K07319	-
WP_000086499	E	Fumarase C C-terminus	aspA	ko:K01744	ko00250,ko01100,map00250,map01100
WP_000086527	L	recombinase activity	pinR	ko:K14060	-
WP_000086716	C	belongs to the CobB CobQ family	pta	ko:K13788	ko00430,ko00620,ko00640,ko00680,ko00720,ko01100,ko01120,ko01200,map00430,map00620,map00640,map00680,map00720,map01100,map01120,map01200
WP_000086872	T	diguanylate cyclase activity	yliF	-	-
WP_000087220	EG	May be an export pump for cysteine and other metabolites of the cysteine pathway (such as N-acetyl-L-serine (NAS) and O- acetyl-L-serine (OAS)), and for other amino acids and their metabolites	eamA	ko:K03298,ko:K15268	-
WP_000087756	K	Cold shock	cspH	ko:K03704,ko:K05808	-
WP_000087763	K	Cold shock-like protein	cspH	ko:K03704	-
WP_000088901	P	ABC transporter permease protein	yejE	ko:K13895	ko02010,map02010
WP_000089106	C	belongs to the aldehyde dehydrogenase family	betB	ko:K00130	ko00260,ko01100,map00260,map01100
WP_000089572	M	Outer membrane heme hemoglobin receptor	hemR	ko:K16087	-
WP_000089698	J	Responsible for synthesis of pseudouridine from uracil- 55 in the psi GC loop of transfer RNAs	truB	ko:K03177	-
WP_000089731	K	May act as an anti-Gre factor	rnk	ko:K06140	-
WP_000090097	U	involved in the tonB-independent uptake of group A colicins	tolR	ko:K03560	-
WP_000090155	E	Part of the ABC transporter complex GsiABCD involved in glutathione import	gsiB	ko:K13889	ko02010,map02010
WP_000090775	J	Located at the top of the head of the 30S subunit, it contacts several helices of the 16S rRNA. In the 70S ribosome it contacts the 23S rRNA (bridge B1a) and protein L5 of the 50S subunit (bridge B1b), connecting the 2 subunits	rpsM	ko:K02952	ko03010,map03010
WP_000091016	K	In the presence of manganese, represses expression of mntH and mntS. Up-regulates expression of mntP	mntR	ko:K11924	-
WP_000091148	F	Belongs to the pyruvate kinase family	pykA	ko:K00873	ko00010,ko00230,ko00620,ko01100,ko01110,ko01120,ko01130,ko01200,ko01230,ko04922,ko04930,ko05165,ko05203,ko05230,map00010,map00230,map00620,map01100,map01110,map01120,map01130,map01200,map01230,map04922,map04930,map05165,map05203,map05230
WP_000091199	K	May be a transcriptional activator of genes involved in the multiple antibiotic resistance (Mar) phenotype. It can also activate genes such as sodA, zwf and micF	marA	ko:K13632	ko01503,map01503
WP_000091263	F	Belongs to the carbohydrate kinase PfkB family	fruK	ko:K00882,ko:K16370	ko00010,ko00030,ko00051,ko00052,ko00680,ko01100,ko01110,ko01120,ko01130,ko01200,ko01230,map00010,map00030,map00051,map00052,map00680,map01100,map01110,map01120,map01130,map01200,map01230
WP_000091291	C	Ferredoxin-type protein	napG	ko:K02573	-
WP_000091466	S	protein conserved in bacteria	yheO	-	-
WP_000091572	K	Transcriptional regulator	yjjM	-	-
WP_000091700	CO	Could be a mediator in iron transactions between iron acquisition and iron-requiring processes, such as synthesis and or repair of Fe-S clusters in biosynthetic enzymes	yggX	-	-
WP_000091840	P	transporter activity	ynfM	ko:K08224	-
WP_000091945	J	is important in its secondary structure. It is located near the subunit interface in the base of the L7 L12 stalk, and near the tRNA binding site of the peptidyltransferase center	rplF	ko:K02933	ko03010,map03010
WP_000091955	J	Belongs to the bacterial ribosomal protein bL28 family	rpmB	ko:K02902	ko03010,map03010
WP_000092060	S	response to peptide	yaiW	-	-
WP_000092206	EGP	Confers resistance to norfloxacin and enoxacin	mdtH	ko:K08162	-
WP_000092706	S	Rescues ribosomes stalled at the 3' end of non-stop mRNAs. This activity is crucial when the stalled ribosome cannot be rescued by the SsrA(tmRNA)- SmpB quality control system. Binds the 30S subunit, contacting 16S rRNA with the N-terminus near the decoding center and its C-terminus in the mRNA entry channel	arfA	ko:K09890	-
WP_000092909	E	cadaverine lysine antiporter	cadB	ko:K03294,ko:K03757,ko:K03759	-
WP_000093154	E	Major component of the acid-resistance (AR) system allowing enteric pathogens to survive the acidic environment in the stomach	adiC	ko:K03294,ko:K03757,ko:K03759	-
WP_000093252	G	PTS system mannitol-specific	mtlA	ko:K02798,ko:K02799,ko:K02800	ko00051,ko02060,map00051,map02060
WP_000093589	C	N-ethylmaleimide reductase activity	nemA	ko:K10680	ko00633,ko01120,map00633,map01120
WP_000093813	H	This enzyme has three activities DNA binding, nicotinamide mononucleotide (NMN) adenylyltransferase and ribosylnicotinamide (RN) kinase. The DNA-binding domain binds to the nadB operator sequence in an NAD- and ATP-dependent manner. As NAD levels increase within the cell, the affinity of NadR for the nadB operator regions of nadA, nadB, and pncB increases, repressing the transcription of these genes. The RN kinase activity catalyzes the phosphorylation of RN to form nicotinamide ribonucleotide. The NMN adenylyltransferase activity catalyzes the transfer of the AMP moiety of ATP to nicotinamide ribonucleotide to form NAD( ). The NMN adenylyltransferase domain also functions as the NAD and ATP sensor	nadR	ko:K06211	ko00760,ko01100,map00760,map01100
WP_000094022	S	S-adenosyl-L-methionine-dependent methyltransferase responsible for the addition of the methyl group in the formation of N6-methyl-N6-threonylcarbamoyladenosine at position 37 (m(6)t(6)A37) of the tRNA anticodon loop of tRNA(Thr)(GGU) that read codons starting with adenosine. The methyl group of m(6)t(6)A37 appears to slightly improve the efficiency of the tRNA decoding ability. Binds to tRNA	yaeB	-	-
WP_000095189	C	UPF0313 protein YgiQ	ygiQ	-	-
WP_000095707	F	Catalyzes the formation of acetyl phosphate from acetate and ATP. Can also catalyze the reverse reaction	ackA	ko:K00925,ko:K00932	ko00430,ko00620,ko00640,ko00680,ko00720,ko01100,ko01120,ko01200,map00430,map00620,map00640,map00680,map00720,map01100,map01120,map01200
WP_000096053	H	Catalyzes the transfer of a methyl group from methyl- cobalamin to homocysteine, yielding enzyme-bound cob(I)alamin and methionine. Subsequently, remethylates the cofactor using methyltetrahydrofolate	metH	ko:K00548	ko00270,ko00450,ko00670,ko01100,ko01110,ko01230,map00270,map00450,map00670,map01100,map01110,map01230
WP_000096086	S	YqjK-like protein	yqjK	-	-
WP_000096478	N	flagellar hook-associated protein	flgK	ko:K02396	ko02040,map02040
WP_000096660	H	Pyridoxal kinase involved in the salvage pathway of pyridoxal 5'-phosphate (PLP). Catalyzes the phosphorylation of pyridoxal to PLP	pdxK	ko:K00868	ko00750,ko01100,map00750,map01100
WP_000097071	P	glucarate transporter	gudP	ko:K03535,ko:K08194,ko:K12299	-
WP_000097217	U	involved in a type II secretion system (T2SS, formerly general secretion pathway, GSP) for the export of proteins	gspL	ko:K02461	ko03070,ko05111,map03070,map05111
WP_000097400	C	Catalyzes the oxidation of D-lactate to pyruvate	dld	ko:K03777	ko00620,ko01120,map00620,map01120
WP_000097569	D	Mediates coordination of peptidoglycan synthesis and outer membrane constriction during cell division	cpoB	-	-
WP_000098025	G	IIB component	agaB	ko:K10984	ko00052,ko02060,map00052,map02060
WP_000098438	P	Major facilitator superfamily	ampG	ko:K08218	ko01501,map01501
WP_000098615	G	Catalyzes the transfer of a two-carbon ketol group from a ketose donor to an aldose acceptor, via a covalent intermediate with the cofactor thiamine pyrophosphate	tktA	ko:K00615	ko00030,ko00710,ko01051,ko01100,ko01110,ko01120,ko01130,ko01200,ko01230,map00030,map00710,map01051,map01100,map01110,map01120,map01130,map01200,map01230
WP_000098818	L	it is also involved in inducing stable DNA replication during SOS response. It forms, in concert with dnaB protein and other prepriming proteins dnaC, N, N', N'' a prepriming protein complex on the specific site of the template DNA recognized by protein N'	dnaT	ko:K02317	ko03440,map03440
WP_000098886	M	Transfers a methylene group from S-adenosyl-L-methionine to the cis double bond of an unsaturated fatty acid chain resulting in the replacement of the double bond with a methylene bridge	cfa	ko:K00574	-
WP_000099850	C	The 2-oxoglutarate dehydrogenase complex catalyzes the overall conversion of 2-oxoglutarate to succinyl-CoA and CO(2)	sucB	ko:K00658	ko00020,ko00310,ko01100,ko01110,ko01120,ko01130,ko01200,map00020,map00310,map01100,map01110,map01120,map01130,map01200
WP_000100411	K	Catalyzes the NADPH-dependent reduction of 7-cyano-7- deazaguanine (preQ0) to 7-aminomethyl-7-deazaguanine (preQ1)	queF	ko:K06879,ko:K09457	ko00790,ko01100,map00790,map01100
WP_000100684	L	COG1205 Distinct helicase family with a unique C-terminal domain including a metal-binding cysteine cluster	-	ko:K06877	-
WP_000100800	P	During stationary phase, binds the chromosome non- specifically, forming a highly ordered and stable dps-DNA co- crystal within which chromosomal DNA is condensed and protected from diverse damages. It protects DNA from oxidative damage by sequestering intracellular Fe(2 ) ion and storing it in the form of Fe(3 ) oxyhydroxide mineral, which can be released after reduction. One hydrogen peroxide oxidizes two Fe(2 ) ions, which prevents hydroxyl radical production by the Fenton reaction	dps	ko:K04047	-
WP_000100932	U	Proton-dependent permease that transports di- and tripeptides	dtpA	ko:K03305	-
WP_000101055	D	ATPase required for the correct placement of the division site. Cell division inhibitors MinC and MinD act in concert to form an inhibitor capable of blocking formation of the polar Z ring septums. Rapidly oscillates between the poles of the cell to destabilize FtsZ filaments that have formed before they mature into polar Z rings	minD	ko:K03609	-
WP_000101183	M	A murein DD-endopeptidase with specificity for D-Ala- meso-diaminopimelic acid (mDAP) cross-links. Its role is probably to cleave D-Ala-mDAP cross-links to allow insertion of new glycans and thus cell wall expansion. Functionally redundant with MepM and MepH. Partially suppresses an mepS disruption mutant	ydhO	ko:K01183,ko:K19303	ko00520,ko01100,map00520,map01100
WP_000101737	K	transcriptional regulator	acrR	ko:K03577	-
WP_000102278	S	-	-	-	-
WP_000102319	P	Responsible for the low-affinity transport of potassium into the cell, with the	kup	ko:K03549	-
WP_000102485	F	Lipoamide dehydrogenase is a component of the glycine cleavage system as well as of the alpha-ketoacid dehydrogenase complexes	lpdA	ko:K00382	ko00010,ko00020,ko00260,ko00280,ko00620,ko00630,ko00640,ko01100,ko01110,ko01120,ko01130,ko01200,map00010,map00020,map00260,map00280,map00620,map00630,map00640,map01100,map01110,map01120,map01130,map01200
WP_000102564	S	Maltose O-acetyltransferase	maa	ko:K00661	-
WP_000102899	M	N-acetylmuramoyl-L-alanine amidase amiA	amiA	ko:K01448	ko01503,map01503
WP_000103574	P	Belongs to the ABC transporter superfamily	dppF	ko:K10823,ko:K12372,ko:K19230	ko01501,ko01503,ko02010,ko02024,map01501,map01503,map02010,map02024
WP_000103754	IQ	Carrier of the growing fatty acid chain in fatty acid biosynthesis	acpP	ko:K02078	-
WP_000104001	K	Component of the Rcs signaling system, which controls transcription of numerous genes. Binds, with RcsB, to the RcsAB box to regulate expression of genes	rcsA	ko:K07781	ko02020,ko02024,ko02026,map02020,map02024,map02026
WP_000104211	K	Transcriptional regulator	tdcA	ko:K07592	-
WP_000104457	EG	gluconate transmembrane transporter activity	ygbN	ko:K03299	-
WP_000104509	S	Intracellular growth attenuator protein IgaA	yrfF	-	-
WP_000105004	E	Argininosuccinate lyase C-terminal	argH	ko:K01755	ko00220,ko00250,ko01100,ko01110,ko01130,ko01230,map00220,map00250,map01100,map01110,map01130,map01230
WP_000105416	P	Putrescine transport system permease protein PotH	potH	ko:K11075	ko02010,map02010
WP_000105562	E	Catalyzes the formation of putrescine from agmatine	speB	ko:K01479,ko:K01480	ko00330,ko00340,ko01100,map00330,map00340,map01100
WP_000106033	C	Catalyzes the oxidation of L-galactonate to D- tagaturonate. Required for growth on L-galactonate as the sole carbon source. In vitro, can also use L-gulonate	yjjN	-	-
WP_000106474	S	Protein of unknown function (DUF2594)	yecF	-	-
WP_000106627	S	UPF0208 membrane protein YfbV	yfbV	ko:K09899	-
WP_000106834	S	this is a biologically important activity in vivo since it contributes to the elimination of this toxic compound and plays an important role in the resistance of E.coli to 2-deoxyglucose	yniC	ko:K01838,ko:K19270	ko00500,map00500
WP_000107474	S	Domain of unknown function (DUF4432)	-	-	-
WP_000107526	S	-	-	-	-
WP_000107721	E	Involved in the import of threonine and serine into the cell, with the concomitant import of a proton (symport system)	tdcC	ko:K03838	-
WP_000108160	I	acyl-CoA thioester hydrolase	yciA	ko:K10806	ko01040,map01040
WP_000108172	O	Monothiol glutaredoxin involved in the biogenesis of iron-sulfur clusters	grxD	ko:K07390	-
WP_000108294	F	Catalyzes the conversion of 7,8-dihydroneopterin triphosphate (H2NTP) to 6-carboxy-5,6,7,8-tetrahydropterin (CPH4) and acetaldehyde	queD	ko:K01737	ko00790,ko01100,map00790,map01100
WP_000108330	F	gluconokinase activity	gntK	ko:K00851	ko00030,ko01100,ko01110,ko01120,ko01130,ko01200,map00030,map01100,map01110,map01120,map01130,map01200
WP_000109079	KT	Belongs to the peptidase S24 family	umuD	ko:K03503	-
WP_000109295	EGP	MFS-type transporter YcaD	ycaD	ko:K08219	-
WP_000109536	C	Could be a 3Fe-4S cluster-containing protein	ygcO	-	-
WP_000110355	G	Catalyzes the hydrolysis of phosphorylated beta- glucosides into glucose-6-phosphate (G-6-P) and aglycone. It has a high affinity for phosphorylated aromatic beta-glucosides (p- nitrophenyl-beta-glucoside, phenyl beta-glucoside, arbutin and phosphorylated salicin), and a low affinity for phosphorylated beta-methyl-glucoside	ascB	ko:K01223,ko:K05350	ko00010,ko00460,ko00500,ko00940,ko01100,ko01110,map00010,map00460,map00500,map00940,map01100,map01110
WP_000110478	E	Catalyzes the alpha,beta-elimination reaction of both L- and D-alpha,beta-diaminopropionate (DAP) to form pyruvate and ammonia	dpaL	ko:K01751	-
WP_000110945	P	Belongs to the ABC transporter superfamily	oppD	ko:K02031,ko:K12371,ko:K15583	ko01501,ko02010,ko02024,map01501,map02010,map02024
WP_000111043	O	under anaerobic conditions by generation of an organic free radical, using S- adenosylmethionine and reduced flavodoxin as cosubstrates to produce 5'-deoxy-adenosine	pflA	ko:K04069	-
WP_000111269	F	Belongs to the phosphoglycerate kinase family	pgk	ko:K00927	ko00010,ko00710,ko01100,ko01110,ko01120,ko01130,ko01200,ko01230,map00010,map00710,map01100,map01110,map01120,map01130,map01200,map01230
WP_000113903	T	ECF transporter, substrate-specific component	-	ko:K16923	-
WP_000113933	K	phosphate regulon transcriptional regulatory protein PhoB	phoB	ko:K07657	ko02020,map02020
WP_000114258	S	Catalyzes the hydrolysis of sugar phosphate to sugar and inorganic phosphate. Has a wide substrate specificity catalyzing the hydrolysis of ribose-5-phosphate, glucose-6-phosphate, fructose-1-phosphate, acetyl-phosphate, glycerol-1-phosphate, glycerol-2-phosphate, 2-deoxy-glucose-6-phosphate, mannose-6- phosphate and fructose-6-phosphate. Appears to have a low level of phosphotransferase activity using monophosphates as the phosphate donor	supH	ko:K07757,ko:K20861	ko00740,ko01100,ko01110,map00740,map01100,map01110
WP_000114986	J	Removes the formyl group from the N-terminal Met of newly synthesized proteins. Requires at least a dipeptide for an efficient rate of reaction. N-terminal L-methionine is a prerequisite for activity but the enzyme has broad specificity at other positions	def	ko:K01462	-
WP_000115226	C	oxidoreductase activity	hycD	ko:K15829	-
WP_000115271	F	Catalyzes the condensation of iminoaspartate with dihydroxyacetone phosphate to form quinolinate	nadA	ko:K03517	ko00760,ko01100,map00760,map01100
WP_000115383	K	Hha and Cnu (YdgT) increases the number of genes DNA bound by H-NS StpA and may also modulate the oligomerization of the H-NS StpA-complex. Repression can be inhibited by dominant-negative mutants of StpA or H-NS	stpA	ko:K03746,ko:K11685	-
WP_000115885	S	Protein of unknown function (DUF1706)	-	-	-
WP_000116327	E	Catalyzes the dehydration of D-xylonic acid to form 2- dehydro-3-deoxy-D-pentonate	yjhG	ko:K22396	ko00040,map00040
WP_000116566	F	Catalyzes the interconversion of 2-phosphoglycerate and 3-phosphoglycerate	gpmI	ko:K15633	ko00010,ko00260,ko00680,ko01100,ko01110,ko01120,ko01130,ko01200,ko01230,map00010,map00260,map00680,map01100,map01110,map01120,map01130,map01200,map01230
WP_000116695	C	Produces ATP from ADP in the presence of a proton gradient across the membrane. Subunit I associates with the membrane and may be involved with cation translocation	atpI	ko:K02116	-
WP_000117262	V	ATPases associated with a variety of cellular activities	macB_2	ko:K02003	-
WP_000117728	H	Catalyzes the ATP-dependent dehydration of threonylcarbamoyladenosine at position 37 (t(6)A37) to form cyclic t(6)A37 (ct(6)A37) in tRNAs that read codons beginning with adenine. TcdA is also part of a sulfur transfer pathway	ygdL	ko:K22132	-
WP_000117881	J	Asparaginyl-tRNA synthetase	asnS	ko:K01893	ko00970,map00970
WP_000118404	I	Component of the acetyl coenzyme A carboxylase (ACC) complex. Biotin carboxylase (BC) catalyzes the carboxylation of biotin on its carrier protein (BCCP) and then the CO(2) group is transferred by the transcarboxylase to acetyl-CoA to form malonyl- CoA	accD	ko:K01963	ko00061,ko00620,ko00640,ko00720,ko01100,ko01110,ko01120,ko01130,ko01200,ko01212,map00061,map00620,map00640,map00720,map01100,map01110,map01120,map01130,map01200,map01212
WP_000118482	U	Quaternary ammonium compound efflux pump. Confers resistance to cetylpyridinium, cetyldimethylethyl ammonium and cetrimide cations	sugE	ko:K03297,ko:K11741	-
WP_000118507	C	NDH-1 shuttles electrons from NADH, via FMN and iron- sulfur (Fe-S) centers, to quinones in the respiratory chain. The immediate electron acceptor for the enzyme in this species is believed to be ubiquinone. Couples the redox reaction to proton translocation (for every two electrons transferred, four hydrogen ions are translocated across the cytoplasmic membrane), and thus conserves the redox energy in a proton gradient. This subunit may bind ubiquinone	nuoH	ko:K00337	ko00190,ko01100,map00190,map01100
WP_000118520	P	Small Multidrug Resistance protein	sugE	ko:K03297,ko:K11741	-
WP_000118623	S	BtpA family	sgcQ	ko:K06971	-
WP_000118897	S	Sulphur transport	yedE	ko:K07112	-
WP_000119745	S	L-valine transmembrane transporter activity	ygaH	-	-
WP_000119836	S	Predicted membrane protein (DUF2318)	-	-	-
WP_000120935	NU	Outer membrane usher protein fimD	fimD	ko:K07347	ko05133,map05133
WP_000121898	S	Catalyzes the cleavage of the C5-C6 bond of 2-hydroxy-6- oxononadienedioate and 2-hydroxy-6-oxononatrienedioate, a dienol ring fission product of the bacterial meta-cleavage pathway for degradation of phenylpropionic acid	mhpC	ko:K05714,ko:K10222	ko00360,ko00621,ko01100,ko01120,ko01220,map00360,map00621,map01100,map01120,map01220
WP_000122013	F	DNA polymerase III is a complex, multichain enzyme responsible for most of the replicative synthesis in bacteria. This DNA polymerase also exhibits	dnaX	ko:K02343	ko00230,ko00240,ko01100,ko03030,ko03430,ko03440,map00230,map00240,map01100,map03030,map03430,map03440
WP_000122253	O	Cleaves peptides in various proteins in a process that requires ATP hydrolysis. Has a chymotrypsin-like activity. Plays a major role in the degradation of misfolded proteins	clpP	ko:K01358	ko04112,ko04212,map04112,map04212
WP_000122432	T	Required for resistance to DNA-damaging agents	uspC	ko:K14064	-
WP_000122462	S	-	ymgI	-	-
WP_000123124	S	Pfam:Phage_holin_3_2	-	-	-
WP_000123197	J	Involved in the processing of the 5'-end of 16S rRNA. Could be involved in chromosome segregation and cell division. It may be one of the components of the cytoplasmic axial filaments bundles or merely regulate the formation of this structure	rng	ko:K08301	-
WP_000124258	S	Pfam:DUF1446	-	-	-
WP_000124395	P	TonB dependent receptor	fhuA	ko:K02014	-
WP_000124615	J	Catalyzes both the ATP-dependent activation of exogenously supplied lipoate to lipoyl-AMP and the transfer of the activated lipoyl onto the lipoyl domains of lipoate-dependent enzymes	lplA	ko:K03800	ko00785,ko01100,map00785,map01100
WP_000124700	J	Catalyzes the GTP-dependent ribosomal translocation step during translation elongation. During this step, the ribosome changes from the pre-translocational (PRE) to the post- translocational (POST) state as the newly formed A-site-bound peptidyl-tRNA and P-site-bound deacylated tRNA move to the P and E sites, respectively. Catalyzes the coordinated movement of the two tRNA molecules, the mRNA and conformational changes in the ribosome	fusA	ko:K02355	-
WP_000124850	J	Binds directly to 23S ribosomal RNA and is necessary for the in vitro assembly process of the 50S ribosomal subunit. It is not involved in the protein synthesizing functions of that subunit	rplT	ko:K02887	ko03010,map03010
WP_000125016	F	Belongs to the cytidylate kinase family. Type 1 subfamily	cmk	ko:K00945	ko00240,ko01100,map00240,map01100
WP_000125284	T	Member of the two-component regulatory system AtoS AtoC. In the presence of acetoacetate, AtoS AtoC stimulates the expression of the atoDAEB operon, leading to short chain fatty acid catabolism and activation of the poly-(R)-3-hydroxybutyrate (cPHB) biosynthetic pathway. Also induces the operon in response to spermidine. Involved in the regulation of motility and chemotaxis, via transcriptional induction of the flagellar regulon. AtoC acts by binding directly to the promoter region of the target genes. In addition to its role as a transcriptional regulator, functions as a post- translational regulator that inhibits polyamine biosynthesis via regulation of ornithine decarboxylase (ODC)	atoC	ko:K02481,ko:K07714	ko02020,map02020
WP_000125566	S	Post-segregation antitoxin (ccd killing mechanism protein) encoded by the F plasmid	ccdA	ko:K19164	-
WP_000125643	K	Helix-turn-helix domain	higA-2	ko:K07726	-
WP_000126069	P	Required for the activity of the bacterial periplasmic transport system of putrescine	potF	ko:K11073	ko02010,map02010
WP_000126294	K	transcriptional regulator	ygjM	ko:K18831	-
WP_000126500	K	Member of the two-component regulatory system DpiA DpiB, which is essential for expression of citrate-specific fermentation genes and genes involved in plasmid inheritance. Could be involved in response to both the presence of citrate and external redox conditions	dpiA	ko:K02475,ko:K07702	ko02020,map02020
WP_000127356	F	Catalyzes a salvage reaction resulting in the formation of AMP, that is energically less costly than de novo synthesis	apt	ko:K00759	ko00230,ko01100,map00230,map01100
WP_000128138	S	Bacterial inner membrane protein	ygjV	-	-
WP_000128459	P	response to antibiotic	yeaN	ko:K03449	-
WP_000128847	KL	postreplication repair	yoaA	ko:K03722	-
WP_000129551	F	fructose-bisphosphate aldolase activity	fbaB	ko:K11645	ko00010,ko00030,ko00051,ko00680,ko00710,ko01100,ko01110,ko01120,ko01130,ko01200,ko01230,map00010,map00030,map00051,map00680,map00710,map01100,map01110,map01120,map01130,map01200,map01230
WP_000130056	F	Belongs to the D-alanine--D-alanine ligase family	ddl	ko:K01921	ko00473,ko00550,ko01100,ko01502,map00473,map00550,map01100,map01502
WP_000130100	J	One of the primary rRNA binding proteins, it binds specifically to the 5'-end of 16S ribosomal RNA	rpsQ	ko:K02961	ko03010,map03010
WP_000130187	F	Transaldolase is important for the balance of metabolites in the pentose-phosphate pathway	tal	ko:K00616	ko00030,ko01100,ko01110,ko01120,ko01130,ko01200,ko01230,map00030,map01100,map01110,map01120,map01130,map01200,map01230
WP_000130217	K	Sigma factors are initiation factors that promote the attachment of RNA polymerase to specific initiation sites and are then released. This sigma factor is involved in regulation of expression of heat shock genes	rpoH	ko:K03089	-
WP_000130305	O	ATP-dependent specificity component of the Clp protease. It directs the protease to specific substrates. Can perform chaperone functions in the absence of ClpP	clpX	ko:K03544	ko04112,map04112
WP_000130415	C	oxidoreductase activity, acting on paired donors, with incorporation or reduction of molecular oxygen	yhbW	-	-
WP_000130615	J	Sulfur carrier protein involved in sulfur trafficking in the cell. Part of a sulfur-relay system required for 2-thiolation during synthesis of 2-thiouridine of the modified wobble base 5- methylaminomethyl-2-thiouridine (mnm(5)s(2)U) in tRNA. Interacts with IscS and stimulates its cysteine desulfurase activity. Accepts an activated sulfur from IscS, which is then transferred to TusD, and thus determines the direction of sulfur flow from IscS to 2-thiouridine formation. Also appears to be involved in sulfur transfer for the biosynthesis of molybdopterin	tusA	ko:K04085	ko04122,map04122
WP_000131004	S	IncFII RepA protein family	repA1	-	-
WP_000131044	M	Belongs to the BCCT transporter (TC 2.A.15) family	betT	ko:K02168	-
WP_000131314	U	Involved in the TonB-independent uptake of	tolQ	ko:K03562	ko01120,map01120
WP_000131702	K	Acts as a global negative controlling element, employing Fe(2 ) as a cofactor to bind the operator of the repressed genes. Regulates the expression of several outer-membrane proteins including the iron transport operon	fur	ko:K03711	-
WP_000131719	M	Peptidoglycan polymerase that is essential for cell wall elongation	mrdB	ko:K05837	-
WP_000132231	S	Belongs to the CinA family	ygaD	ko:K03743	ko00760,map00760
WP_000132624	J	Involved in the degradation and recycling of damaged RNA. It is itself a target for degradation by the ATP-dependent protease Lon	symE	ko:K19048	-
WP_000132961	C	Protease involved in the C-terminal processing of HycE, the large subunit of hydrogenase 3	hycI	ko:K08315	-
WP_000133044	J	One of the essential components for the initiation of protein synthesis. Protects formylmethionyl-tRNA from spontaneous hydrolysis and promotes its binding to the 30S ribosomal subunits. Also involved in the hydrolysis of GTP during the formation of the 70S ribosomal complex	infB	ko:K02519	-
WP_000133106	N	Controls the rotational direction of flagella during chemotaxis	fliL	ko:K02415	-
WP_000133193	C	Part of a membrane complex involved in electron transport. Required to maintain the reduced state of SoxR	rnfA	ko:K03617	-
WP_000133560	E	Probably plays an important role in intracellular peptide degradation	pepB	ko:K07751	ko00480,ko01100,map00480,map01100
WP_000133631	K	Represses ulaG and the ulaABCDEF operon	ulaR	ko:K03477	-
WP_000134014	C	preprotein binding	hybE	-	-
WP_000134848	E	putrescine catabolic process	puuB	ko:K09471	ko00330,ko01100,map00330,map01100
WP_000135039	C	ferredoxin metabolic process	yfaE	ko:K11107	-
WP_000135058	K	Promotes RNA polymerase assembly. Latches the N- and C- terminal regions of the beta' subunit thereby facilitating its interaction with the beta and alpha subunits	rpoZ	ko:K03060	ko00230,ko00240,ko01100,ko03020,map00230,map00240,map01100,map03020
WP_000135199	J	Binds as a heterodimer with protein S6 to the central domain of the 16S rRNA, where it helps stabilize the platform of the 30S subunit	rpsR	ko:K02963	ko03010,map03010
WP_000135224	J	One of the primary rRNA binding proteins, it binds directly to 16S rRNA where it nucleates assembly of the body of the 30S subunit	rpsD	ko:K02986	ko03010,map03010
WP_000135618	C	it plays a direct role in the translocation of protons across the membrane	atpB	ko:K02108	ko00190,ko00195,ko01100,map00190,map00195,map01100
WP_000136192	S	Inner membrane protein YlaC	ylaC	-	-
WP_000136788	F	Key enzyme in the regulation of glycerol uptake and metabolism. Catalyzes the phosphorylation of glycerol to yield sn- glycerol 3-phosphate	glpK	ko:K00864	ko00561,ko01100,ko03320,ko04626,map00561,map01100,map03320,map04626
WP_000137280	K	Transcriptional regulator	ygaV	-	-
WP_000137657	H	Catalyzes the decarboxylation of four acetate groups of uroporphyrinogen-III to yield coproporphyrinogen-III	hemE	ko:K01599	ko00860,ko01100,ko01110,map00860,map01100,map01110
WP_000137877	K	Member of the two-component regulatory system BaeS BaeR which responds to envelope stress. Activates expression of periplasmic chaperone spy in response to spheroplast formation, indole and P pili protein PapG overexpression. Activates the mdtABCD and probably the CRISPR-Cas casABCDE-ygbT-ygbF operon	baeR	ko:K07664,ko:K18144	ko01501,ko02020,map01501,map02020
WP_000138043	S	Ser-tRNA(Ala) hydrolase activity	yeaK	ko:K19055	-
WP_000139321	K	Fertility inhibition protein N terminal	finO	-	-
WP_000139496	H	Conversion of 1,4-dihydroxy-2-naphthoate (DHNA) to demethylmenaquinone (DMK)	menA	ko:K02548	ko00130,ko01100,ko01110,map00130,map01100,map01110
WP_000140327	J	acts as an RNA chaperone to unfold structured mRNA on the ribosome but is not essential for mRNAs with strong SDs and little 5'-UTR structure, thus it may help fine-tune which mRNAs that are translated. Unwinds dsRNA by binding to transiently formed ssRNA regions	rpsA	ko:K02945	ko03010,map03010
WP_000140405	K	Transcriptional regulator	pchR	ko:K05372,ko:K12243	-
WP_000140506	S	Modulates RecA activity through direct physical interaction. Can inhibit both RecA recombinase and coprotease activities. May have a regulatory role during the SOS response. Inhibits DNA strand exchange in vitro	recX	ko:K03565	-
WP_000140646	P	Probably responsible for energy coupling to the transport system	fepC	ko:K02013	ko02010,map02010
WP_000141275	K	IclR helix-turn-helix domain	allR	ko:K10973	-
WP_000142452	S	-	-	-	-
WP_000143800	L	COG4584 Transposase and inactivated derivatives	-	-	-
WP_000143830	S	Phage P2 GpE	-	-	-
WP_000144068	F	Involved in the catabolism of L-rhamnose (6-deoxy-L- mannose). Catalyzes the transfer of the gamma-phosphate group from ATP to the 1-hydroxyl group of L-rhamnulose to yield L-rhamnulose 1-phosphate	rhaB	ko:K00848	ko00040,ko00051,ko01120,map00040,map00051,map01120
WP_000144587	H	Cysteine desulfurases mobilize the sulfur from L- cysteine to yield L-alanine, an essential step in sulfur metabolism for biosynthesis of a variety of sulfur-containing biomolecules. Component of the suf operon, which is activated and required under specific conditions such as oxidative stress and iron limitation. Acts as a potent selenocysteine lyase in vitro, that mobilizes selenium from L-selenocysteine. Selenocysteine lyase activity is however unsure in vivo	sufS	ko:K01766,ko:K11717	ko00450,ko01100,map00450,map01100
WP_000144858	L	CRISPR (clustered regularly interspaced short palindromic repeat), is an adaptive immune system that provides protection against mobile genetic elements (viruses, transposable elements and conjugative plasmids). CRISPR clusters contain spacers, sequences complementary to antecedent mobile elements, and target invading nucleic acids. CRISPR clusters are transcribed and processed into CRISPR RNA (crRNA). Acts as a dsDNA endonuclease. Involved in the integration of spacer DNA into the CRISPR cassette	cas1	ko:K15342	-
WP_000145091	EP	probably responsible for the translocation of the substrate across the membrane	ddpB	ko:K02033	ko02024,map02024
WP_000145410	C	This is one of three E.coli hydrogenases synthesized in response to different physiological conditions. HYD2 is involved in hydrogen uptake	hybO	ko:K05927,ko:K06282	ko00633,ko01120,map00633,map01120
WP_000145975	J	Specifically methylates the uridine in position 2552 of 23S rRNA at the 2'-O position of the ribose in the fully assembled 50S ribosomal subunit	ftsJ	ko:K02427	-
WP_000146147	S	endoribonuclease activity	ydiZ	-	-
WP_000146357	T	zinc ion binding	ybiI	-	-
WP_000146665	NU	transfer protein TraB	-	ko:K12065	-
WP_000146793	N	morphogenesis and for the elongation of the flagellar filament by facilitating polymerization of the flagellin monomers at the tip of growing filament. Forms a capping structure, which prevents flagellin subunits (transported through the central channel of the flagellum) from leaking out without polymerization at the distal end	fliD	ko:K02407	ko02040,map02040
WP_000147302	NT	Involved in the transmission of sensory signals from the chemoreceptors to the flagellar motors. It physically bridges CheA to the MCPs (methyl-accepting chemotaxis proteins) to allow regulated phosphotransfer to CheY and CheB	cheW	ko:K03408	ko02020,ko02030,map02020,map02030
WP_000147654	P	transmembrane transporter activity	ygcS	ko:K08368	-
WP_000148002	C	Hydrogenase-4 component E	hyfE	ko:K12140	-
WP_000148046	K	catalytic activity	yidF	ko:K06871	-
WP_000148522	K	Member of the two-component regulatory system ZraS ZraR. When activated by ZraS it acts in conjunction with sigma-54 to regulate the expression of zraP. Positively autoregulates the expression of the zraSR operon	zraR	ko:K07713	ko02020,map02020
WP_000148581	F	Involved in allosteric regulation of aspartate carbamoyltransferase	pyrI	ko:K00610	ko00240,ko00250,ko01100,map00240,map00250,map01100
WP_000148959	S	alcohol dehydrogenase (NADP+) activity	ybbO	-	-
WP_000149639	E	Component of the transport system for branched-chain amino acids	brnQ	ko:K03311	-
WP_000150006	K	Depending on the conditions (growth phase and medium), acts as a positive or negative regulator of gadA and gadBC. Repression occurs directly or via the repression of the expression of gadX. Activation occurs directly by the binding of GadW to the gadA and gadBC promoters	gadW	ko:K21906	-
WP_000150543	G	The phosphoenolpyruvate-dependent sugar phosphotransferase system (sugar PTS), a major carbohydrate active transport system, catalyzes the phosphorylation of incoming sugar substrates concomitantly with their translocation across the cell membrane. The enzyme II ManXYZ PTS system is involved in mannose transport. Also functions as a receptor for bacterial chemotaxis and is required for infection of the cell by bacteriophage lambda where it most likely functions as a pore for penetration of lambda DNA	manX	ko:K02793,ko:K02794	ko00051,ko00520,ko01100,ko02060,map00051,map00520,map01100,map02060
WP_000150637	V	ABC transporter, ATP-binding protein	yadG	ko:K01990	-
WP_000152303	O	redox protein regulator of disulfide bond formation	osmC	ko:K04063	-
WP_000152933	J	The natural substrate for this enzyme may be peptidyl- tRNAs which drop off the ribosome during protein synthesis	pth	ko:K01056	-
WP_000153067	S	Influences nickel and cobalt homeostasis. May act by modulating RcnA-mediated export of these ions to avoid excess efflux	yohN	-	-
WP_000153129	G	Catalyzes the dephosphorylation of an unusually broad range of substrate including deoxyribo- and ribonucleoside tri-, di-, and monophosphates, as well as polyphosphate and glucose-1-P (Glu1P)	nagD	ko:K01101,ko:K02566	ko00627,ko01120,map00627,map01120
WP_000153502	F	Catalyzes the oxidative phosphorylation of glyceraldehyde 3-phosphate (G3P) to 1,3-bisphosphoglycerate (BPG) using the cofactor NAD. The first reaction step involves the formation of a hemiacetal intermediate between G3P and a cysteine residue, and this hemiacetal intermediate is then oxidized to a thioester, with concomitant reduction of NAD to NADH. The reduced NADH is then exchanged with the second NAD, and the thioester is attacked by a nucleophilic inorganic phosphate to produce BPG	gapA	ko:K00134	ko00010,ko00710,ko01100,ko01110,ko01120,ko01130,ko01200,ko01230,ko04066,ko05010,map00010,map00710,map01100,map01110,map01120,map01130,map01200,map01230,map04066,map05010
WP_000154043	I	Lipid phosphatase which dephosphorylates phosphatidylglycerophosphate (PGP) to phosphatidylglycerol (PG)	pgpA	ko:K01095	ko00564,ko01100,map00564,map01100
WP_000154333	K	transcriptional regulator	lsrR	ko:K11531	ko02024,ko02026,map02024,map02026
WP_000154395	P	Involved in Fe(2 ) uptake. Could be an iron-binding and or electron-transfer component	efeO	ko:K07224	-
WP_000155255	S	Protein of unknown function (DUF805)	yiiR	-	-
WP_000155657	S	YjbR	yjbR	-	-
WP_000155844	S	-	-	-	-
WP_000156122	S	Upon expression enhances RecA-independent DNA recombination 19-fold, concomitantly reducing viability by 98 and inducing DNA damage as measured by induction of the SOS repair response	yfcI	-	-
WP_000156240	S	UPF0266 membrane protein YobD	yobD	-	-
WP_000156479	O	Belongs to the peptidase S16 family	ycbZ	ko:K04770	-
WP_000156573	K	Negatively regulates expression of the nimT operon and its own expression. Acts by binding to the nimR-nimT intergenic region	-	-	-
WP_000156701	C	NDH-1 shuttles electrons from NADH, via FMN and iron- sulfur (Fe-S) centers, to quinones in the respiratory chain. The immediate electron acceptor for the enzyme in this species is believed to be ubiquinone. Couples the redox reaction to proton translocation (for every two electrons transferred, four hydrogen ions are translocated across the cytoplasmic membrane), and thus conserves the redox energy in a proton gradient	nuoN	ko:K00343	ko00190,ko01100,map00190,map01100
WP_000156811	K	Modulates expression of csiD and lhgO in a temporal manner during entry into stationary phase or during the first few hours of carbon starvation	csiR	ko:K15735	-
WP_000158056	K	Regulatory protein for the formate hydrogenlyase system. Could act by directly interacting with FhlA or by preventing the binding of FhlA to the upstream activatory sequence	hycA	ko:K15833	-
WP_000158159	S	Belongs to the UPF0178 family	yaiI	ko:K09768	-
WP_000160712	Q	Catalyzes the conversion of 2-hydroxypentadienoic acid (enolic form of 2-oxopent-4-enoate) to 4-hydroxy-2-ketopentanoic acid	mhpD	ko:K02554	ko00360,ko00362,ko00621,ko00622,ko01100,ko01120,ko01220,map00360,map00362,map00621,map00622,map01100,map01120,map01220
WP_000160811	C	Belongs to the class-I pyridine nucleotide-disulfide oxidoreductase family	gor	ko:K00383	ko00480,ko04918,map00480,map04918
WP_000161265	G	The phosphoenolpyruvate-dependent sugar phosphotransferase system (sugar PTS), a major carbohydrate active transport system, catalyzes the phosphorylation of incoming sugar substrates concomitantly with their translocation across the cell membrane. The enzyme II FrwABC PTS system is involved in fructose transport	frwB	ko:K02769,ko:K11202	ko00051,ko01100,ko01120,ko02060,map00051,map01100,map01120,map02060
WP_000162574	J	the nascent peptide is terminated with the tag peptide encoded by the tmRNA and targeted for degradation. The ribosome is freed to recommence translation, which seems to be the essential function of trans- translation	smpB	ko:K03664	-
WP_000162740	J	Catalyzes the methylthiolation of N6- (dimethylallyl)adenosine (i(6)A), leading to the formation of 2- methylthio-N6-(dimethylallyl)adenosine (ms(2)i(6)A) at position 37 in tRNAs that read codons beginning with uridine	miaB	ko:K06168	-
WP_000163771	M	MltA-interacting protein	mipA	ko:K07274	-
WP_000164039	K	Transcriptional regulator	yiaU	-	-
WP_000164439	M	Regulator of peptidoglycan synthesis that is essential for the function of penicillin-binding protein 1B (PBP1b)	lpoB	ko:K07337	-
WP_000165552	J	Belongs to the class-I aminoacyl-tRNA synthetase family	trpS	ko:K01867	ko00970,map00970
WP_000165876	Q	lyase activity	ycaC	-	-
WP_000166270	S	UPF0307 protein YjgA	yjgA	ko:K09889	-
WP_000166449	P	oxidoreductase activity, acting on phosphorus or arsenic in donors, disulfide as acceptor	arsC	ko:K00537	-
WP_000166961	S	-	-	-	-
WP_000167336	K	This protein is one of the two subunits of integration host factor, a specific DNA-binding protein that functions in genetic recombination as well as in transcriptional and translational control	himD	ko:K05788	-
WP_000168305	L	Plays an important role in DNA replication, recombination and repair. Binds to ssDNA and to an array of partner proteins to recruit them to their sites of action during DNA metabolism	ssb	ko:K03111	ko03030,ko03430,ko03440,map03030,map03430,map03440
WP_000168747	S	Resistance protein	yobA	ko:K07156	-
WP_000169141	S	YjcZ-like protein	yjcZ	-	-
WP_000170671	O	Domain of unknown function (DUF3560)	-	-	-
WP_000170738	S	Toxin Ldr, type I toxin-antitoxin system	-	ko:K18862	-
WP_000170955	S	Toxin Ldr, type I toxin-antitoxin system	-	ko:K18862	-
WP_000171276	U	Interacts with outer membrane receptor proteins that carry out high-affinity binding and energy dependent uptake into the periplasmic space of specific substrates. It could act to transduce energy from the cytoplasmic membrane to specific energy- requiring processes in the outer membrane, resulting in the release into the periplasm of ligands bound by these outer membrane proteins	tonB	ko:K03832	-
WP_000171616	P	Together with PhnG, PhnI and PhnL is required for the transfer of the ribose triphosphate moiety from ATP to methyl phosphonate	phnH	ko:K06165	ko00440,map00440
WP_000171710	E	Conducts the efflux of homoserine and homoserine lactone	rhtB	ko:K05834	-
WP_000172469	G	Part of the ABC transporter complex LsrABCD involved in autoinducer 2 (AI-2) import. Binds AI-2 and delivers it to the LsrC and LsrD permeases	lsrB	ko:K10555	ko02010,ko02024,map02010,map02024
WP_000172749	C	NDH-1 shuttles electrons from NADH, via FMN and iron- sulfur (Fe-S) centers, to quinones in the respiratory chain. The immediate electron acceptor for the enzyme in this species is believed to be ubiquinone. Couples the redox reaction to proton translocation (for every two electrons transferred, four hydrogen ions are translocated across the cytoplasmic membrane), and thus conserves the redox energy in a proton gradient	nuoI	ko:K00338	ko00190,ko01100,map00190,map01100
WP_000174305	K	transcriptional	dgoR	ko:K19776	-
WP_000174684	K	Binds to the sigma-S subunit of RNA polymerase, activating expression of sigma-S-regulated genes. Stimulates RNA polymerase holoenzyme formation and may bind to several other sigma factors, such as sigma-70 and sigma-32	crl	ko:K11926	-
WP_000175037	F	Catalyzes the ATP-dependent amidation of deamido-NAD to form NAD. Uses ammonia as a nitrogen source	nadE	ko:K01916	ko00760,ko01100,map00760,map01100
WP_000175285	S	transcriptional regulator	ytfJ	ko:K07109	-
WP_000175940	J	Increases the formation of ribosomal termination complexes and stimulates activities of RF-1 and RF-2. It binds guanine nucleotides and has strong preference for UGA stop codons. It may interact directly with the ribosome. The stimulation of RF- 1 and RF-2 is significantly reduced by GTP and GDP, but not by GMP	prfC	ko:K02837	-
WP_000176187	K	Negative transcriptional regulator of the glycine cleavage system operon (GCV). Does not autoregulate its own expression. It is not yet known how GcvR acts as a repressor. It does not seem to bind DNA. It could interact with GcvA and suppress its activatory activity	gcvR	ko:K03567	ko02026,map02026
WP_000176713	S	Toxin Ldr, type I toxin-antitoxin system	-	ko:K18862	-
WP_000177746	DM	Mechanosensitive channel that opens in response to membrane tension and specific ionic conditions. Requires high concentrations of external K( ), NH(4)( ), Rb( ) or Cs( ) to gate. May participate in the regulation of osmotic pressure changes within the cell, although it does not appear to have a major role in osmolarity regulation. Forms an ion channel of 1.0 nanosiemens conductance. The channel can remain active for between 30 seconds and over 3 minutes	kefA	ko:K05802,ko:K22051	-
WP_000178050	P	Fe2+ transport protein	tpd	ko:K07230	-
WP_000178456	J	During stationary phase prevents 70S dimer formation, probably in order to regulate translation efficiency during transition between the exponential and the stationary phases. During environmental stress such as cold shock or excessive cell density at stationary phase, stabilizes the 70S ribosome against dissociation, inhibits translation elongation and increases translation accuracy. When normal growth conditions are restored, is quickly released from the ribosome. Has been suggested to inhibit translation elongation by blocking the A-site (aminoacyl-tRNA site). Has also been suggested to inhibit translation initiation by blocking the A-site and P-site (peptidyl-tRNA site) of the ribosome. At 15 degrees Celsius binds 30S subunits and stimulates their association with 50S subunits into idle 70S ribosomes. Crystallization with T.thermophilus 70S ribosomes shows it binds in the channel between the head and body of the 30S subunit, where mRNA, tRNAs, initiation factors IF1 and IF3 and elongation factor G would bind	raiA	ko:K05809	-
WP_000178641	C	NADH oxidoreductase	hcr	ko:K11933	-
WP_000179165	P	Part of the ABC transporter complex MalEFGK involved in maltose maltodextrin import. Responsible for energy coupling to the transport system	malK	ko:K10111	ko02010,map02010
WP_000179409	M	Involved in formation of the rod shape of the cell. May also contribute to regulation of formation of penicillin-binding proteins	mreD	ko:K03571	-
WP_000179512	K	Maltose regulon Regulatory protein malI	malI	ko:K16136	-
WP_000179692	P	carboxylic acid transmembrane transporter activity	yjhB	-	-
WP_000179819	C	oxidase subunit	cyoC	ko:K02299	ko00190,ko01100,map00190,map01100
WP_000181173	S	Putative transposase, YhgA-like	rpnD	-	-
WP_000182039	E	periplasmic oligopeptide-binding protein	oppA	ko:K15580	ko01501,ko02010,ko02024,map01501,map02010,map02024
WP_000182053	S	Conserved hypothetical protein 698	yeiH	-	-
WP_000183060	M	UTP:glucose-1-phosphate uridylyltransferase activity	galF	ko:K00963	ko00040,ko00052,ko00500,ko00520,ko01100,ko01130,map00040,map00052,map00500,map00520,map01100,map01130
WP_000183130	M	Is the initiating enzyme for colanic acid (CA) synthesis. Catalyzes the transfer of the glucose-1-phosphate moiety from UDP-Glc onto the carrier lipid undecaprenyl phosphate (C55-P), forming a phosphoanhydride bond yielding to glucosyl- pyrophosphoryl-undecaprenol (Glc-PP-C55). Also possesses a weak galactose-1-P transferase activity	wcaJ	ko:K03606	ko05111,map05111
WP_000183349	D	Necessary for normal cell division and for the maintenance of normal septation	engB	ko:K03978	-
WP_000183364	M	Catalyzes the transfer of laurate from lauroyl-acyl carrier protein (ACP) to Kdo(2)-lipid IV(A) to form Kdo(2)- (lauroyl)-lipid IV(A)	lpxL	ko:K02517,ko:K12974	ko00540,ko01100,map00540,map01100
WP_000183492	K	transcriptional regulator	ygiV	ko:K07471,ko:K13652	-
WP_000183676	G	PTS IIA-like nitrogen-regulatory protein PtsN	ptsN	ko:K02806	ko02060,map02060
WP_000183680	C	Involved in the catabolism of oxalate and in the adapatation to low pH. ACOCT serves to prime the oxalate-induced acid tolerance response (ATR) cycle by producing substrate for oxalyl-CoA decarboxylase (OXC) and formyl-coenzyme A transferase (FCOCT). Catalyzes the reversible conversion of acetyl-CoA and oxalate to oxalyl-CoA and acetate. It can also use formyl-CoA and oxalate to produce oxalyl-CoA and formate with significantly reduced specific activity	yfdE	ko:K18702	-
WP_000184256	S	Stimulates the cysteine desulfurase activity of CsdA. Contains a cysteine residue (Cys-61) that acts to accept sulfur liberated via the desulfurase activity of CsdA. May be able to transfer sulfur to TcdA CsdL. Seems to support the function of TcdA in the generation of cyclic threonylcarbamoyladenosine at position 37 (ct(6)A37) in tRNAs that read codons beginning with adenine. Does not appear to participate in Fe S biogenesis	csdE	ko:K02426	-
WP_000184602	CH	2-octoprenyl-3-methyl-6-methoxy-1,4-benzoquinone hydroxylase activity	ubiF	ko:K03184	ko00130,ko01100,ko01110,map00130,map01100,map01110
WP_000186145	S	-	-	-	-
WP_000186369	P	H( )-stimulated, divalent metal cation uptake system	mntH	ko:K03322	-
WP_000186450	T	Member of the two-component regulatory system UvrY BarA involved in the regulation of carbon metabolism via the CsrA CsrB regulatory system. Phosphorylates UvrY, probably via a four-step phosphorelay	barA	ko:K07678	ko02020,ko02025,ko02026,ko05111,map02020,map02025,map02026,map05111
WP_000186534	U	Required for the export of heme to the periplasm for the biogenesis of c-type cytochromes	ccmD	ko:K02196	ko02010,map02010
WP_000186631	S	Belongs to the prolyl-tRNA editing family. YbaK EbsC subfamily	ybaK	ko:K03976	-
WP_000187358	N	Flagellar biosynthetic protein FliQ	fliQ	ko:K02420	ko02040,map02040
WP_000187442	G	glucuronate isomerase	uxaC	ko:K01812	ko00040,ko01100,map00040,map01100
WP_000187594	K	Acts as a repressor of the nagEBACD operon and acts both as an activator and a repressor for the transcription of the glmSU operon	nagC	ko:K00845,ko:K02565	ko00010,ko00052,ko00500,ko00520,ko00521,ko00524,ko01100,ko01110,ko01120,ko01130,ko01200,map00010,map00052,map00500,map00520,map00521,map00524,map01100,map01110,map01120,map01130,map01200
WP_000187798	F	anaerobic ribonucleoside-triphosphate reductase	nrdD	ko:K21636	ko00230,ko00240,ko01100,map00230,map00240,map01100
WP_000188187	V	Part of the tripartite efflux system MacAB-TolC. MacB is a non-canonical ABC transporter that contains transmembrane domains (TMD), which form a pore in the inner membrane, and an ATP-binding domain (NBD), which is responsible for energy generation	macB	ko:K05685	ko02010,map02010
WP_000189022	P	Part of a nutrient-sensing regulatory network composed of the two-component regulatory systems BtsS BtsR and YpdA YpdB, and their respective target proteins, YjiY and YhjX	yhjX	ko:K08177	-
WP_000189139	C	Catalyzes the reduction of nitroaromatic compounds using NADPH. Has a broad electron acceptor specificity. Reduces nitrofurazone by a ping-pong bi-bi mechanism possibly to generate a two-electron transfer product. Major oxygen-insensitive nitroreductase in E.coli	nfsA	ko:K10678,ko:K19285	ko00633,ko00740,ko01100,ko01120,map00633,map00740,map01100,map01120
WP_000189315	L	endonuclease containing a URI domain	yhbQ	ko:K07461	-
WP_000189541	S	Displays esterase activity toward pNP-butyrate	frsA	ko:K11750	-
WP_000189743	G	Catalyzes the reversible conversion of ribose-5- phosphate to ribulose 5-phosphate	rpiA	ko:K01807	ko00030,ko00710,ko01100,ko01110,ko01120,ko01130,ko01200,ko01230,map00030,map00710,map01100,map01110,map01120,map01130,map01200,map01230
WP_000190288	S	translation	ybcJ	ko:K14761	-
WP_000190506	F	Produces ATP from ADP in the presence of a proton gradient across the membrane. The catalytic sites are hosted primarily by the beta subunits	atpD	ko:K02112	ko00190,ko00195,ko01100,map00190,map00195,map01100
WP_000190516	S	multi-organism cellular process	yiaF	-	-
WP_000190577	F	Member of the two-component regulatory system NtrB NtrC, which controls expression of the nitrogen-regulated (ntr) genes in response to nitrogen limitation. Under conditions of nitrogen limitation, NtrB autophosphorylates and transfers the phosphoryl group to NtrC. In the presence of nitrogen, acts as a phosphatase that dephosphorylates and inactivates NtrC	glnL	ko:K07708	ko02020,map02020
WP_000190644	E	phosphatidylglycerophosphatase activity	yfhB	ko:K18697	ko00564,map00564
WP_000190855	S	cellular response to DNA damage stimulus	ycgB	ko:K06415	-
WP_000190982	K	Is the main repressor of the genes involved in the de novo synthesis of purine nucleotides, regulating purB, purC, purEK, purF, purHD, purL, purMN and guaBA expression. PurR is allosterically activated to bind its cognate DNA by binding the purine corepressors, hypoxanthine or guanine, thereby effecting transcription repression	purR	ko:K02529,ko:K03604	-
WP_000191071	S	Phenylacetate-CoA oxygenase	paaA	ko:K02609	ko00360,ko01120,map00360,map01120
WP_000191259	S	lipopolysaccharide transmembrane transporter activity	yhjD	ko:K07058	-
WP_000191372	I	malonyl CoA-acyl carrier protein transacylase	fabD	ko:K00645	ko00061,ko00333,ko01100,ko01130,ko01212,map00061,map00333,map01100,map01130,map01212
WP_000191596	S	cellulose biosynthetic process	bcsG	-	-
WP_000191701	K	transcriptional regulator	rutR	ko:K09017	-
WP_000192239	C	Citrate (pro-3S)-lyase alpha chain	citF	ko:K01643	ko02020,map02020
WP_000192508	G	Removes maltotriose and maltotetraose chains that are attached by 1,6-alpha-linkage to the limit dextrin main chain, generating a debranched limit dextrin	glgX	ko:K01200,ko:K01214,ko:K02438	ko00500,ko01100,ko01110,map00500,map01100,map01110
WP_000193393	F	Catalyzes the specific phosphorylation of the 3-hydroxyl group of shikimic acid using ATP as a cosubstrate	aroL	ko:K00891	ko00400,ko01100,ko01110,ko01130,ko01230,map00400,map01100,map01110,map01130,map01230
WP_000193447	KT	Regulates the turnover of the sigma S factor (RpoS) by promoting its proteolysis in exponentially growing cells. Acts by binding and delivering RpoS to the ClpXP protease. RssB is not co- degraded with RpoS, but is released from the complex and can initiate a new cycle of RpoS recognition and degradation	rssB	ko:K02485,ko:K07315	-
WP_000194283	Q	Thioesterase domain	irp4	ko:K05374	-
WP_000194408	K	helix_turn _helix lactose operon repressor	ccpA	ko:K02529	-
WP_000194542	S	-	-	-	-
WP_000194924	P	Belongs to the ABC transporter superfamily	yejF	ko:K13892,ko:K13896,ko:K19229,ko:K19230	ko01503,ko02010,map01503,map02010
WP_000195296	L	Topoisomerase IV is essential for chromosome segregation. It relaxes supercoiled DNA. Performs the decatenation events required during the replication of a circular DNA molecule	parE	ko:K02622	-
WP_000195961	M	Belongs to the peptidase S11 family	dacC	ko:K07258	ko00550,ko01100,map00550,map01100
WP_000196271	D	Activator of the cell wall hydrolases AmiA and AmiB. Required for septal murein cleavage and daughter cell separation during cell division. In vitro, exhibits weak endoproteolytic activity on beta-casein	envC	-	-
WP_000196934	G	PTS system glucitol sorbitol-specific	srlE	ko:K02782,ko:K02783	ko00051,ko02060,map00051,map02060
WP_000197201	E	Catalyzes the formation of L-cystathionine from O- succinyl-L-homoserine (OSHS) and L-cysteine, via a gamma- replacement reaction. In the absence of thiol, catalyzes gamma- elimination to form 2-oxobutanoate, succinate and ammonia	metB	ko:K01739	ko00270,ko00450,ko00920,ko01100,ko01110,ko01130,ko01230,map00270,map00450,map00920,map01100,map01110,map01130,map01230
WP_000197346	N	Flagella synthesis protein FlgN	flgN	ko:K02399	ko02040,map02040
WP_000197506	S	Immunity protein 57	-	-	-
WP_000197578	I	Catalyzes the reversible formation of acyl-phosphate (acyl-PO(4)) from acyl- acyl-carrier-protein (acyl-ACP). This enzyme utilizes acyl-ACP as fatty acyl donor, but not acyl-CoA	plsX	ko:K03621	ko00561,ko00564,ko01100,ko01110,map00561,map00564,map01100,map01110
WP_000197686	M	Part of the outer membrane protein assembly complex, which is involved in assembly and insertion of beta-barrel proteins into the outer membrane. Constitutes, with BamA, the core component of the assembly machinery	bamD	ko:K05807	-
WP_000198203	EG	L-tyrosine transmembrane transporter activity	yddG	-	-
WP_000198328	F	permease	uraA	ko:K02824,ko:K09016	-
WP_000198749	S	Predicted membrane protein (DUF2238)	yjdF	ko:K08984	-
WP_000199303	K	transaminase activity	yjiR	-	-
WP_000200120	E	Catalyzes the Claisen rearrangement of chorismate to prephenate and the decarboxylation dehydration of prephenate to phenylpyruvate	pheA	ko:K14170	ko00400,ko01100,ko01110,ko01130,ko01230,map00400,map01100,map01110,map01130,map01230
WP_000200377	S	Invasion gene expression up-regulator SirB	sirB2	-	-
WP_000200766	S	Phage terminase, large subunit	Z012_12305	ko:K06909	-
WP_000201063	K	Transcriptional regulator GalR	galR	ko:K02529	-
WP_000201185	S	-	-	-	-
WP_000201530	S	pct identical to residues 1 to 124 of 124 from SwissProt.40 sp P36276 YG78_BPP21	-	-	-
WP_000202113	K	Bacterial regulatory proteins, tetR family	eefR	-	-
WP_000202798	S	YejG-like protein	yejG	-	-
WP_000202902	S	Protein PsiE homolog	psiE	ko:K13256	-
WP_000202996	P	Part of the ABC transporter complex ZnuABC involved in zinc import. Responsible for energy coupling to the transport system	znuC	ko:K09817	ko02010,map02010
WP_000203025	S	negative regulation of organelle assembly	ybjN	-	-
WP_000203099	D	UTP diphosphatase activity	yhdE	ko:K06287	-
WP_000203541	S	YjcZ-like protein	yjcZ	-	-
WP_000203905	S	UPF0382 inner membrane protein YgdD	ygdD	-	-
WP_000204031	L	DNA polymerase III is a complex, multichain enzyme responsible for most of the replicative synthesis in bacteria. This DNA polymerase also exhibits 3' to 5' exonuclease activity. The exact function of the psi subunit is	holD	ko:K02344	ko00230,ko00240,ko01100,ko03030,ko03430,ko03440,map00230,map00240,map01100,map03030,map03430,map03440
WP_000204341	J	Methylation of the membrane-bound methyl-accepting chemotaxis proteins (MCP) to form gamma-glutamyl methyl ester residues in MCP	cheR	ko:K00575	ko02020,ko02030,map02020,map02030
WP_000204658	M	Transfers the N-acyl diglyceride group on what will become the N-terminal cysteine of membrane lipoproteins	lgt	ko:K13292	-
WP_000204814	G	sodium ion transport	-	ko:K03292,ko:K11104,ko:K16139	-
WP_000205725	S	TraX protein	-	-	-
WP_000206445	L	CT1975-like protein	cas7e	ko:K19124	-
WP_000207680	F	Belongs to the argininosuccinate synthase family. Type 2 subfamily	argG	ko:K01940	ko00220,ko00250,ko01100,ko01110,ko01130,ko01230,ko05418,map00220,map00250,map01100,map01110,map01130,map01230,map05418
WP_000208180	G	Belongs to the mannitol dehydrogenase family	uxuB	ko:K00040	ko00040,ko01100,map00040,map01100
WP_000208242	O	Protease subunit of a proteasome-like degradation complex believed to be a general protein degrading machinery	hslV	ko:K01419	-
WP_000208520	E	Acts on leucine, isoleucine and valine	ilvE	ko:K00826	ko00270,ko00280,ko00290,ko00770,ko01100,ko01110,ko01130,ko01210,ko01230,map00270,map00280,map00290,map00770,map01100,map01110,map01130,map01210,map01230
WP_000208763	C	Seems to be involved in the anchoring of the catalytic components of the fumarate reductase complex to the cytoplasmic membrane	frdC	ko:K00246	ko00020,ko00190,ko00620,ko00650,ko00720,ko01100,ko01110,ko01120,ko01130,ko01200,ko02020,map00020,map00190,map00620,map00650,map00720,map01100,map01110,map01120,map01130,map01200,map02020
WP_000209332	C	formate C-acetyltransferase activity	ybiW	ko:K00656	ko00620,ko00640,ko00650,ko01100,ko01120,map00620,map00640,map00650,map01100,map01120
WP_000209513	E	The beta subunit is responsible for the synthesis of L- tryptophan from indole and L-serine	trpB	ko:K01696	ko00260,ko00400,ko01100,ko01110,ko01130,ko01230,map00260,map00400,map01100,map01110,map01130,map01230
WP_000209797	O	Antioxidant protein with alkyl hydroperoxidase activity. Required for the reduction of the AhpC active site cysteine residues and for the regeneration of the AhpC enzyme activity	-	-	-
WP_000209821	S	-	-	-	-
WP_000209875	O	Involved in the biogenesis of TorA. Acts on TorA before the insertion of the molybdenum cofactor and, as a result, probably favors a conformation of the apoenzyme that is competent for acquiring the cofactor	torD	ko:K03533	ko02020,map02020
WP_000210111	P	Low-affinity gluconate	gntU	ko:K06156	-
WP_000210739	I	Involved in unsaturated fatty acids biosynthesis. Catalyzes the dehydration of short chain beta-hydroxyacyl-ACPs and long chain saturated and unsaturated beta-hydroxyacyl-ACPs	fabZ	ko:K02372	ko00061,ko00780,ko01100,ko01212,map00061,map00780,map01100,map01212
WP_000210785	EGP	Involved in the efflux of sugars. The physiological role may be the reduction of the intracellular concentration of toxic sugars or sugar metabolites	sotB	ko:K03445,ko:K08159	-
WP_000210878	F	Catalyzes the ATP-dependent amination of UTP to CTP with either L-glutamine or ammonia as the source of nitrogen. Regulates intracellular CTP levels through interactions with the four ribonucleotide triphosphates	pyrG	ko:K01937	ko00240,ko01100,map00240,map01100
WP_000211045	C	NADH dehydrogenase	ndh	ko:K03885	ko00190,map00190
WP_000211225	O	peptidyl-prolyl cis-trans isomerase	fklB	ko:K03773	-
WP_000211642	E	Involved in the import of serine and threonine into the cell, with the concomitant import of sodium (symport system)	sstT	ko:K07862	-
WP_000211858	G	Part of the ABC transporter complex RbsABC involved in ribose import. Probably responsible for the translocation of the substrate across the membrane	rbsC	ko:K10440	ko02010,map02010
WP_000211971	S	Nucleoside recognition	yjiG	-	-
WP_000212438	K	Transcriptional	ebgR	ko:K02529,ko:K12113	-
WP_000212715	K	Antitoxin component of a type II toxin-antitoxin (TA) system. Counteracts the effect of cognate toxin RelE via direct protein-protein interaction, preventing RelE from entering the ribosome A site and thus inhibiting its endoribonuclease activity. An autorepressor of relBE operon transcription. 2 RelB dimers bind to 2 operator sequences	relB	ko:K18918	-
WP_000213028	C	Electron transfer subunit of the terminal reductase during anaerobic growth on various sulfoxide and N-oxide compounds	ynfG	ko:K07307,ko:K07311	ko00920,map00920
WP_000213098	C	Anaerobic dimethyl sulfoxide reductase chain B	dmsB	ko:K07307,ko:K07311	ko00920,map00920
WP_000213294	NU	catalytic subunit of a protein translocase for flagellum-specific export, or a proton translocase involved in local circuits at the flagellum. May be involved in a specialized protein export pathway that proceeds without signal peptide cleavage	fliI	ko:K02412	ko02040,map02040
WP_000214082	S	Type-F conjugative transfer system protein (TrbI_Ftype)	-	ko:K12062	-
WP_000214516	I	Catalyzes the reversible phosphatidyl group transfer from one phosphatidylglycerol molecule to another to form cardiolipin (CL) (diphosphatidylglycerol) and glycerol	cls	ko:K06131	ko00564,ko01100,map00564,map01100
WP_000214712	S	YdfZ protein	ydfZ	-	-
WP_000215130	H	2-amino-4-hydroxy-6-hydroxymethyldihydropteridine diphosphokinase activity	folK	ko:K00950	ko00790,ko01100,map00790,map01100
WP_000215553	K	transcriptional regulator	ydfH	ko:K22293	-
WP_000216201	G	PTS system glucitol sorbitol-specific	srlB	ko:K02781	ko00051,ko02060,map00051,map02060
WP_000216791	G	Phosphotransferase System	ptsO	ko:K08485,ko:K11189	ko02060,map02060
WP_000217149	K	Activates expression of the rhaBAD and rhaT operons	rhaS	ko:K02855,ko:K17736	-
WP_000217859	G	transmembrane transport	ybjJ	-	-
WP_000217950	K	Hha and Cnu (YdgT) increase the number of genes bound by H-NS StpA and may also modulate the oligomerization of the H-NS StpA-complex on DNA. The complex formed with H-NS binds to the specific 26-bp cnb site in the origin of replication oriC	cnu	-	-
WP_000218046	J	Protein and nucleotide deglycase that catalyzes the deglycation of the Maillard adducts formed between amino groups of proteins or nucleotides and reactive carbonyl groups of glyoxals. Thus, functions as a protein deglycase that repairs methylglyoxal- and glyoxal-glycated proteins, and releases repaired proteins and lactate or glycolate, respectively. Deglycates cysteine, arginine and lysine residues in proteins, and thus reactivates these proteins by reversing glycation by glyoxals. Acts on early glycation intermediates (hemithioacetals and aminocarbinols), preventing the formation of Schiff bases and advanced glycation endproducts (AGE). Also functions as a nucleotide deglycase able to repair glycated guanine in the free nucleotide pool (GTP, GDP, GMP, dGTP) and in DNA and RNA. Is thus involved in a major nucleotide repair system named guanine glycation repair (GG repair), dedicated to reversing methylglyoxal and glyoxal damage via nucleotide sanitization and direct nucleic acid repair. Plays an important role in protecting cells from carbonyl stress	hchA	ko:K05523	ko00620,ko01120,map00620,map01120
WP_000218360	G	The phosphoenolpyruvate-dependent sugar phosphotransferase system (sugar PTS), a major carbohydrate active transport system, catalyzes the phosphorylation of incoming sugar substrates concomitantly with their translocation across the cell membrane. The enzyme II UlaABC PTS system is involved in ascorbate transport	ulaB	ko:K02822	ko00053,ko01100,ko01120,ko02060,map00053,map01100,map01120,map02060
WP_000218489	H	Catalyzes the NAD-dependent conversion of D-erythrose 4- phosphate to 4-phosphoerythronate	epd	ko:K00134,ko:K03472	ko00010,ko00710,ko00750,ko01100,ko01110,ko01120,ko01130,ko01200,ko01230,ko04066,ko05010,map00010,map00710,map00750,map01100,map01110,map01120,map01130,map01200,map01230,map04066,map05010
WP_000219193	F	DEAD-box RNA helicase involved in the assembly of the 50S ribosomal subunit at low temperature. Exhibits RNA-stimulated ATP hydrolysis and RNA unwinding activity	srmB	ko:K05590	-
WP_000219686	S	Belongs to the UPF0229 family	yeaH	ko:K09786	-
WP_000220281	C	Probably involved in the transfer of electrons from the quinone pool to the type-c cytochromes	nrfC	ko:K00184,ko:K04014	-
WP_000221488	S	Inovirus Gp2	-	-	-
WP_000222172	S	YniB-like protein	yniB	-	-
WP_000222495	I	4 iron, 4 sulfur cluster binding	yjiL	-	-
WP_000224099	P	Part of the ABC transporter complex LptBFG involved in the translocation of lipopolysaccharide (LPS) from the inner membrane to the outer membrane. Probably responsible for energy coupling to the transport system	lptB	ko:K06861	ko02010,map02010
WP_000224346	E	Tryptophan-specific transport protein	mtr	ko:K03834,ko:K03835,ko:K03836	-
WP_000224470	K	Transcriptional repressor for the ribose rbsDACBK operon. RbsR binds to a region of perfect dyad symmetry spanning the rbs operon transcriptional start site. The affinity for the rbs operator is reduced by addition of ribose, consistent with ribose being the inducer of the operon	rbsR	ko:K02529,ko:K03604	-
WP_000224573	F	Catalyzes the reversible phosphorylation of UMP to UDP	pyrH	ko:K09903	ko00240,ko01100,map00240,map01100
WP_000224714	H	Neu5Ac) to form pyruvate and N-acetylmannosamine (ManNAc) via a Schiff base intermediate	nanA	ko:K01639,ko:K01714	ko00261,ko00300,ko00520,ko01100,ko01110,ko01120,ko01130,ko01230,map00261,map00300,map00520,map01100,map01110,map01120,map01130,map01230
WP_000224879	F	Purine nucleoside phosphorylase	deoD	ko:K03784	ko00230,ko00240,ko00760,ko01100,ko01110,map00230,map00240,map00760,map01100,map01110
WP_000225221	E	T-protein	tyrA	ko:K04517,ko:K14187	ko00400,ko00401,ko01100,ko01110,ko01130,ko01230,map00400,map00401,map01100,map01110,map01130,map01230
WP_000225276	K	Transcriptional repressor that regulates the expression of proteins that are part of the phosphotransferase system for sugar uptake. Regulates the expression of malT	mlc	ko:K15545	-
WP_000226403	K	Regulation of the glyoxylate bypass operon (aceBAK), which encodes isocitrate lyase, malate synthase as well as isocitrate dehydrogenase kinase phosphorylase. Glyoxylate disrupts the interaction with the promoter by favoring the inactive dimeric form. Pyruvate enhances promoter binding by stabilizing the tetrameric form	iclR	ko:K13641	-
WP_000227927	I	Necessary for the introduction of cis unsaturation into fatty acids. Catalyzes the dehydration of (3R)-3-hydroxydecanoyl- ACP to E-(2)-decenoyl-ACP and then its isomerization to Z-(3)- decenoyl-ACP. Can catalyze the dehydratase reaction for beta- hydroxyacyl-ACPs with saturated chain lengths up to 16 0, being most active on intermediate chain length	fabA	ko:K01716	ko00061,ko01100,ko01212,map00061,map01100,map01212
WP_000227958	H	Methyltransferase required for the conversion of demethylmenaquinol (DMKH2) to menaquinol (MKH2) and the conversion of 2-polyprenyl-6-methoxy-1,4-benzoquinol (DDMQH2) to 2- polyprenyl-3-methyl-6-methoxy-1,4-benzoquinol (DMQH2)	ubiE	ko:K03183	ko00130,ko01100,ko01110,map00130,map01100,map01110
WP_000228269	K	Involved in the repression of the expression of the mannitol mtlADR operon. Does not bind the operator promoter regulatory region of this operon. Therefore, seems to belong to a new class of transcription factors in bacteria that may regulate gene expression indirectly, perhaps as a part of a larger transcriptional complex	mtlR	ko:K02562	-
WP_000228356	E	Permease that is involved in the transport across the cytoplasmic membrane of D-alanine, D-serine and glycine	cycA	ko:K11737	-
WP_000228473	K	lrp mediates this effect for at least some of these operons. For example it is regulator of the branched-chain amino acid transport genes	lrp	ko:K03719	-
WP_000228655	G	The phosphoenolpyruvate-dependent sugar phosphotransferase system (sugar PTS), a major carbohydrate active transport system, catalyzes the phosphorylation of incoming sugar substrates concomitantly with their translocation across the cell membrane. The enzyme II ManXYZ PTS system is involved in mannose transport. Also functions as a receptor for bacterial chemotaxis and is required for infection of the cell by bacteriophage lambda where it most likely functions as a pore for penetration of lambda DNA	manZ	ko:K02796	ko00051,ko00520,ko01100,ko02060,map00051,map00520,map01100,map02060
WP_000228937	L	Excises ethenocytosine and uracil, which can arise by alkylation or deamination of cytosine, respectively, from the corresponding mispairs with guanine in ds-DNA. It is capable of hydrolyzing the carbon-nitrogen bond between the sugar-phosphate backbone of the DNA and the mispaired base. The complementary strand guanine functions in substrate recognition. Required for DNA damage lesion repair in stationary-phase cells	mug	ko:K03649	ko03410,map03410
WP_000229392	S	Phage lysozyme	-	-	-
WP_000230272	J	Endoribonuclease L-PSP	yjgH	-	-
WP_000233320	K	Represses a number of genes involved in the response to DNA damage (SOS response), including recA and lexA. In the presence of single-stranded DNA, RecA interacts with LexA causing an autocatalytic cleavage which disrupts the DNA-binding part of LexA, leading to derepression of the SOS regulon and eventually DNA repair	cI	ko:K01356	-
WP_000234526	S	Protein of unknown function (DUF554)	yqgA	ko:K07150	-
WP_000234823	K	Multifunctional regulator of fatty acid metabolism	fadR	ko:K03603	-
WP_000235189	P	aliphatic sulfonates transport permease protein ssuC	ssuC	ko:K02050,ko:K15554,ko:K15599	ko00920,ko02010,map00920,map02010
WP_000235214	K	transcriptional regulator	-	-	-
WP_000235217	K	transcriptional regulator	-	-	-
WP_000235522	C	Quinone oxidoreductase	qor	ko:K00344	-
WP_000236295	S	oxidoreductase activity	yhhX	-	-
WP_000236740	T	diguanylate cyclase	-	-	-
WP_000237006	K	transferase activity, transferring acyl groups	yjaB	ko:K03827	-
WP_000237947	E	Belongs to the acetyltransferase family. ArgA subfamily	argA	ko:K14682	ko00220,ko01100,ko01110,ko01130,ko01210,ko01230,map00220,map01100,map01110,map01130,map01210,map01230
WP_000239188	M	Copper homeostasis protein	cutF	ko:K06079	ko01503,map01503
WP_000239529	S	-	-	-	-
WP_000239596	S	Entericidin EcnA/B family	ecnB	ko:K16348	-
WP_000239730	J	RNaseP catalyzes the removal of the 5'-leader sequence from pre-tRNA to produce the mature 5'-terminus. It can also cleave other RNA substrates such as 4.5S RNA. The protein component plays an auxiliary but essential role in vivo by binding to the 5'-leader sequence and broadening the substrate specificity of the ribozyme	rnpA	ko:K03536	-
WP_000239947	H	Involved in the biosynthesis of porphyrin-containing compound	yggW	-	-
WP_000241011	M	A murein DD-endopeptidase with specificity for D-Ala- meso-diaminopimelic acid (mDAP) cross-links. Its role is probably to cleave D-Ala-mDAP cross-links to allow insertion of new glycans and thus cell wall expansion. Functionally redundant with MepM and MepH. Also has weak LD-carboxypeptidase activity on L-mDAP-D-Ala peptide bonds	spr	ko:K13694	-
WP_000241280	H	Catalyzes the NAD(P)-dependent oxidation of 4- (phosphohydroxy)-L-threonine (HTP) into 2-amino-3-oxo-4- (phosphohydroxy)butyric acid which spontaneously decarboxylates to form 3-amino-2-oxopropyl phosphate (AHAP)	pdxA	ko:K00097	ko00750,ko01100,map00750,map01100
WP_000241661	F	Catalyzes the ATP-dependent phosphorylation of L- homoserine to L-homoserine phosphate	thrB	ko:K00872	ko00260,ko01100,ko01110,ko01120,ko01230,map00260,map01100,map01110,map01120,map01230
WP_000242755	K	class I promoters have a single CRP-binding site upstream of the RNA polymerase (RNAP)- binding site, whereas in class II promoters the single CRP- and RNAP-binding site overlap, CRP making multiple contacts with RNAP. Class III promoters require multiple activator molecules, including at least one CRP dimer. It can act as an activator, repressor, coactivator or corepressor. Induces a severe bend in DNA (about 87 degrees), bringing upstream promoter elements into contact with RNAP. Acts as a negative regulator of its own synthesis as well as for adenylate cyclase (cyaA), which generates cAMP. High levels of active CRP are detrimental to growth. Plays a major role in carbon catabolite repression (CCR). CCR involves cAMP, adenylate cyclase (cyaA), CRP and the EIIA-Glc component of the PTS (crr). In the presence of glucose EIIA-Glc is dephosphorylated, and does not activate adenylate cyclase, leading to reduced cAMP and thus decreased CRP activity. Also plays a role in many other processes (see PubMed 22573269)	crp	ko:K10914	ko02020,ko02024,ko02025,ko02026,ko05111,map02020,map02024,map02025,map02026,map05111
WP_000243741	S	Modulates the synthesis of GlmS, by affecting the processing and stability of the regulatory small RNA GlmZ. When glucosamine-6-phosphate (GlcN6P) concentrations are high in the cell, RapZ binds GlmZ and targets it to cleavage by RNase E. Consequently, GlmZ is inactivated and unable to activate GlmS synthesis. Under low GlcN6P concentrations, RapZ is sequestered and inactivated by an other regulatory small RNA, GlmY, preventing GlmZ degradation and leading to synthesis of GlmS	rapZ	ko:K06958	-
WP_000244186	EGP	3-phenylpropionic acid transporter	hcaT	ko:K00286,ko:K05820	ko00330,ko01100,ko01110,ko01130,ko01230,map00330,map01100,map01110,map01130,map01230
WP_000244781	S	inner membrane protein. Has been shown not to be a toxin, no effects on growth are seen in LB or minimal medium up to 6 or 21 hours (respectively) after induction of expression. Interacts with cytoskeletal proteins FtsZ and MreB	ygfX	ko:K19168	-
WP_000246013	E	amino acid	gadC	ko:K20265	ko02024,map02024
WP_000246131	I	Catalyzes the formation of 4-diphosphocytidyl-2-C- methyl-D-erythritol from CTP and 2-C-methyl-D-erythritol 4- phosphate (MEP)	ispD	ko:K00991	ko00900,ko01100,ko01110,ko01130,map00900,map01100,map01110,map01130
WP_000246191	S	Protein of unknown function (DUF1493)	-	-	-
WP_000246418	S	Bacterial Type VI secretion, VC_A0110, EvfL, ImpJ, VasE	impJ	ko:K11893	ko02025,map02025
WP_000246815	J	Interacts with and stabilizes bases of the 16S rRNA that are involved in tRNA selection in the A site and with the mRNA backbone. Located at the interface of the 30S and 50S subunits, it traverses the body of the 30S subunit contacting proteins on the other side and probably holding the rRNA structure together. The combined cluster of proteins S8, S12 and S17 appears to hold together the shoulder and platform of the 30S subunit	rpsL	ko:K02950	ko03010,map03010
WP_000246828	L	Belongs to the UPF0102 family	yraN	ko:K07460	-
WP_000246882	J	ribosomal protein	rpsB	ko:K02967	ko03010,map03010
WP_000247878	C	NDH-1 shuttles electrons from NADH, via FMN and iron- sulfur (Fe-S) centers, to quinones in the respiratory chain. The immediate electron acceptor for the enzyme in this species is believed to be ubiquinone. Couples the redox reaction to proton translocation (for every two electrons transferred, four hydrogen ions are translocated across the cytoplasmic membrane), and thus conserves the redox energy in a proton gradient	nuoC	ko:K13378	ko00190,ko01100,map00190,map01100
WP_000248097	IQ	acyl carrier protein	AKN40_0794	-	-
WP_000248640	S	ydiK promoter presents a PurR sequence, suggesting that its expression is purine-regulated	ydiK	-	-
WP_000249410	J	GTPase that plays an essential role in the late steps of ribosome biogenesis	der	ko:K03977	-
WP_000250275	S	UPF0073 inner membrane protein YqfA	yqfA	ko:K11068	-
WP_000250656	S	oxidoreductase activity	ydhF	-	-
WP_000251072	S	Bacteriophage CII protein	-	-	-
WP_000251740	F	Belongs to the carbohydrate kinase PfkB family	pfkB	ko:K16370	ko00010,ko00030,ko00051,ko00052,ko00680,ko01100,ko01110,ko01120,ko01130,ko01200,ko01230,map00010,map00030,map00051,map00052,map00680,map01100,map01110,map01120,map01130,map01200,map01230
WP_000252397	L	When a lesion remains because UvrC is not able to induce the 3' incision, Cho incises the DNA. Then UvrC makes the 5' incision. The combined action of Cho and UvrC broadens the substrate range of nucleotide excision repair	cho	ko:K05984	-
WP_000252908	K	Glucitol operon activator	gutM	ko:K02466	-
WP_000252980	S	MAPEG family	yecN	ko:K07136	-
WP_000253455	P	Intake of galactonate into the cell	dgoT	ko:K03535,ko:K08194,ko:K12299	-
WP_000253856	T	Member of the two-component regulatory system CusS CusR. Copper ion sensor. Could also be a silver ion sensor. Activates CusR by phosphorylation	cusS	ko:K07636,ko:K07644	ko02020,map02020
WP_000253975	F	Catalyzes the synthesis of ADP-glucose, a sugar donor used in elongation reactions on alpha-glucans	glgC	ko:K00975	ko00500,ko00520,ko01100,ko01110,ko02026,map00500,map00520,map01100,map01110,map02026
WP_000254365	C	Succinate dehydrogenase hydrophobic membrane anchor subunit	sdhD	ko:K00242	ko00020,ko00190,ko00650,ko00720,ko01100,ko01110,ko01120,ko01130,ko01200,map00020,map00190,map00650,map00720,map01100,map01110,map01120,map01130,map01200
WP_000254636	S	response to hydrogen peroxide	bsmA	-	-
WP_000254708	J	Catalyzes the methyl esterification of L-isoaspartyl residues in peptides and proteins that result from spontaneous decomposition of normal L-aspartyl and L-asparaginyl residues. It plays a role in the repair and or degradation of damaged proteins	pcm	ko:K00573	-
WP_000254738	T	Transcriptional modulator of MazE toxin, MazF	chpA	ko:K07171,ko:K18841	-
WP_000254839	E	High affinity, high specificity proton-dependent sulfate transporter, which mediates sulfate uptake. Provides the sulfur source for the cysteine synthesis pathway	cysZ	ko:K06203	-
WP_000255001	S	Surface-adhesin protein E	-	-	-
WP_000255032	P	Part of the ABC transporter complex MglABC involved in galactose methyl galactoside import. Responsible for energy coupling to the transport system	mglA	ko:K02056,ko:K10441,ko:K10542,ko:K10545	ko02010,map02010
WP_000255944	L	to Escherichia coli transposase for insertion sequence element IS21 IstA SW ISTA_ECOLI (P15025) (390 aa) fasta scores E() 3e-27, 33.1 id in 329 aa. Identical to the previously sequenced Yersinia pestis,Yersinia pseudotuberculosis and Escherichia coli pesticin plasmid insertion sequence transposase Y1055 TR P74993 (EMBL U59875) (340 aa) fasta scores E() 0, 100.0 id in 340 aa	-	-	-
WP_000256002	O	PPIases accelerate the folding of proteins. It catalyzes the cis-trans isomerization of proline imidic peptide bonds in oligopeptides	ppiB	ko:K03768	-
WP_000256203	S	sulfuric ester hydrolase activity	yejM	ko:K07014	-
WP_000256393	G	Xylose isomerase-like TIM barrel	yihM	-	-
WP_000256426	EGP	Uptake of arabinose across the boundary membrane with the concomitant transport of protons into the cell (symport system)	araE	ko:K02100,ko:K05548,ko:K08137	-
WP_000256450	J	In addition to being a ribosomal protein, S16 also has a cation-dependent endonuclease activity	rpsP	ko:K02959	ko03010,map03010
WP_000256975	P	ABC transporter	-	ko:K16786	ko02010,map02010
WP_000257195	T	Hydrolyzes diadenosine 5',5'''-P1,P4-tetraphosphate to yield ADP	apaH	ko:K01525	ko00230,map00230
WP_000257278	J	Involved in peptide bond synthesis. Alleviates ribosome stalling that occurs when 3 or more consecutive Pro residues or the sequence PPG is present in a protein, possibly by augmenting the peptidyl transferase activity of the ribosome. Modification of Lys-34 is required for alleviation	efp	ko:K02356	-
WP_000257293	K	Forms an equimolar complex with the RNA polymerase holoenzyme (RNAP) but not with the core enzyme	sspA	ko:K03599	-
WP_000257409	E	Belongs to the glutaminase family	glsA	ko:K01425	ko00220,ko00250,ko00471,ko01100,ko04724,ko04727,ko04964,ko05206,ko05230,map00220,map00250,map00471,map01100,map04724,map04727,map04964,map05206,map05230
WP_000257738	S	response to X-ray	yebG	ko:K09918	-
WP_000259002	S	gpW	-	-	-
WP_000262113	S	colicin V production	cvpA	ko:K03558	-
WP_000263098	K	DNA-dependent RNA polymerase catalyzes the transcription of DNA into RNA using the four ribonucleoside triphosphates as substrates	rpoB	ko:K03043	ko00230,ko00240,ko01100,ko03020,map00230,map00240,map01100,map03020
WP_000263347	C	Succinate dehydrogenase cytochrome b556 subunit	sdhC	ko:K00241	ko00020,ko00190,ko00650,ko00720,ko01100,ko01110,ko01120,ko01130,ko01200,map00020,map00190,map00650,map00720,map01100,map01110,map01120,map01130,map01200
WP_000264776	J	Belongs to the RNA methyltransferase TrmD family	trmD	ko:K00554	-
WP_000265933	G	galactose binding	ytfQ	ko:K02058	-
WP_000266529	S	Domain of unknown function (DUF1992)	yhdN	-	-
WP_000268426	S	inner membrane protein YghB	yghB	-	-
WP_000269493	K	DNA-binding transcription factor activity	ydhB	-	-
WP_000270282	S	Cyd operon protein YbgT	ybgT	ko:K00424	ko00190,ko02020,map00190,map02020
WP_000270375	S	Uncharacterised protein family UPF0047	yjbQ	-	-
WP_000270668	N	bacterial-type flagellum assembly	fliS	ko:K02422	ko02040,map02040
WP_000270956	S	Probable zinc-ribbon	-	-	-
WP_000270964	S	Probable zinc-ribbon	-	-	-
WP_000271007	S	Probable zinc-ribbon	-	-	-
WP_000271401	J	This protein binds to 23S rRNA in the presence of protein L20	rplU	ko:K02888	ko03010,map03010
WP_000271708	S	-	-	-	-
WP_000271981	C	L-2-hydroxyglutarate oxidase LhgO	lhgO	ko:K15736	-
WP_000272188	S	Belongs to the UPF0325 family	yaeH	-	-
WP_000272824	E	Part of the ABC transporter complex GltIJKL involved in glutamate and aspartate uptake. Probably responsible for the translocation of the substrate across the membrane	gltK	ko:K10002	ko02010,ko02020,map02010,map02020
WP_000273309	S	beta-phosphoglucomutase activity	yqaB	-	-
WP_000276149	P	Catalyzes the excretion of spermidine	mdtJ	ko:K11743	-
WP_000277889	G	hydrolase activity, acting on carbon-nitrogen (but not peptide) bonds, in cyclic amidines	yadE	-	-
WP_000279507	D	Cellulose biosynthesis protein BcsQ	yhjQ	-	-
WP_000279599	P	2,3-diketo-L-gulonate TRAP transporter large permease protein YiaN	yiaN	ko:K21393	-
WP_000280488	F	In eubacteria ppGpp (guanosine 3'-diphosphate 5-' diphosphate) is a mediator of the stringent response that coordinates a variety of cellular activities in response to changes in nutritional abundance	spoT	ko:K00951,ko:K01139	ko00230,map00230
WP_000281320	S	Protein of unknown function (DUF2002)	ygaC	-	-
WP_000281438	S	CRISPR_assoc	cas6e	ko:K19126	-
WP_000281696	F	Belongs to the adenylyl cyclase class-1 family	cyaA	ko:K05851	ko00230,ko02026,ko05111,map00230,map02026,map05111
WP_000283664	E	Belongs to the PHP family	ycdX	ko:K04477	-
WP_000284040	H	Catalyzes the transfer of endogenously produced octanoic acid from octanoyl-acyl-carrier-protein onto the lipoyl domains of lipoate-dependent enzymes. Lipoyl-ACP can also act as a substrate although octanoyl-ACP is likely to be the physiological substrate	lipB	ko:K03801	ko00785,ko01100,map00785,map01100
WP_000284050	G	Catalyzes the isomerization of sedoheptulose 7-phosphate in D-glycero-D-manno-heptose 7-phosphate	gmhA	ko:K03271,ko:K12961	ko00540,ko01100,map00540,map01100
WP_000284277	Q	metal ion binding	ycgM	-	-
WP_000284589	H	Condenses 4-methyl-5-(beta-hydroxyethyl)thiazole monophosphate (THZ-P) and 2-methyl-4-amino-5-hydroxymethyl pyrimidine pyrophosphate (HMP-PP) to form thiamine monophosphate (TMP)	thiE	ko:K00788,ko:K14153	ko00730,ko01100,map00730,map01100
WP_000284714	M	Part of an ATP-dependent transport system LolCDE responsible for the release of lipoproteins targeted to the outer membrane from the inner membrane. Such a release is dependent of the sorting-signal (absence of an Asp at position 2 of the mature lipoprotein) and of LolA	lolC	ko:K09808	ko02010,map02010
WP_000284798	K	Transcriptional regulator	ydiP	-	-
WP_000285352	S	Hydrolase	yigL	-	-
WP_000285601	K	Transcriptional regulator	zntR	ko:K08365,ko:K13638	-
WP_000285781	H	May be involved in an alternative pathway for phosphopantetheinyl transfer and holo-ACP synthesis in E.coli. The native apo-protein substrate is	acpT	ko:K06133	ko00770,map00770
WP_000287895	S	Inovirus Gp2	-	-	-
WP_000288138	I	Catalyzes the condensation reaction of fatty acid synthesis by the addition to an acyl acceptor of two carbons from malonyl-ACP. Catalyzes the first condensation reaction which initiates fatty acid synthesis and may therefore play a role in governing the total rate of fatty acid production. Possesses both acetoacetyl-ACP synthase and acetyl transacylase activities. Its substrate specificity determines the biosynthesis of branched- chain and or straight-chain of fatty acids	fabH	ko:K00648	ko00061,ko01100,ko01212,map00061,map01100,map01212
WP_000288704	D	Component of the SOS system and an inhibitor of cell division. Accumulation of SulA causes rapid cessation of cell division and the appearance of long, non-septate filaments. In the presence of GTP, binds a polymerization-competent form of FtsZ in a 1 1 ratio, thus inhibiting FtsZ polymerization and therefore preventing it from participating in the assembly of the Z ring. This mechanism prevents the premature segregation of damaged DNA to daughter cells during cell division	sulA	ko:K13053	-
WP_000289090	P	could be a general redox and or regulatory component participating in the iron storage mobilization functions of BFR. Could participate in the release or the delivery of iron from to bacterioferritin (or other iron complexes)	bfd	ko:K02192	-
WP_000290240	P	Part of the ABC transporter complex CysAWTP (TC 3.A.1.6.1) involved in sulfate thiosulfate import. This protein specifically binds thiosulfate and is involved in its transmembrane transport	cysP	ko:K02048	ko00920,ko02010,map00920,map02010
WP_000290576	M	Outer membrane lipoprotein Slp family	slp	ko:K07285	-
WP_000290727	J	Ribosomal L32p protein family	rpmF	ko:K02911	ko03010,map03010
WP_000290833	L	Single-strand binding protein family	ssb	ko:K03111	ko03030,ko03430,ko03440,map03030,map03430,map03440
WP_000301028	T	May be an environmental sensor responsive to several stimuli, including internal pH, proton motive force, temperature, and possibly other	inaA	-	-
WP_000301062	H	TOBE domain	modG	ko:K02019	-
WP_000301651	C	This enzyme has three activities ADH, ACDH, and PFL- deactivase. In aerobic conditions it acts as a hydrogen peroxide scavenger. The PFL deactivase activity catalyzes the quenching of the pyruvate-formate-lyase catalyst in an iron, NAD, and CoA dependent reaction	adhE	ko:K04072	ko00010,ko00071,ko00350,ko00620,ko00625,ko00626,ko00650,ko01100,ko01110,ko01120,ko01130,ko01220,map00010,map00071,map00350,map00620,map00625,map00626,map00650,map01100,map01110,map01120,map01130,map01220
WP_000301727	F	Catalyzes the oxidation of glucose 6-phosphate to 6- phosphogluconolactone	zwf	ko:K00036	ko00030,ko00480,ko01100,ko01110,ko01120,ko01130,ko01200,ko05230,map00030,map00480,map01100,map01110,map01120,map01130,map01200,map05230
WP_000301864	J	One of the primary rRNA binding proteins. Required for association of the 30S and 50S subunits to form the 70S ribosome, for tRNA binding and peptide bond formation. It has been suggested to have peptidyltransferase activity	rplB	ko:K02886	ko03010,map03010
WP_000312488	O	HflC and HflK could encode or regulate a protease	hflK	ko:K04088	-
WP_000323555	T	Required for resistance to DNA-damaging agents	uspD	ko:K14065	-
WP_000323571	T	Required for resistance to DNA-damaging agents	uspA	ko:K06149	-
WP_000323849	G	pts system	frwD	ko:K11202	-
WP_000331377	C	formate dehydrogenase	fdoH	ko:K00124,ko:K08349	ko00630,ko00680,ko01100,ko01120,ko01200,ko02020,map00630,map00680,map01100,map01120,map01200,map02020
WP_000331707	C	It is likely that Fe-S cluster coordination is flexible as the role of this complex is to build and then hand off Fe-S clusters	iscU	ko:K04488	-
WP_000331776	K	Transcriptional repressor for the pyruvate dehydrogenase complex genes aceEF and lpd	pdhR	ko:K05799,ko:K11474,ko:K14348	-
WP_000332037	F	Provides the precursors necessary for DNA synthesis. Catalyzes the biosynthesis of deoxyribonucleotides from the corresponding ribonucleotides. R2 contains the tyrosyl radical required for catalysis	nrdB	ko:K00526	ko00230,ko00240,ko01100,map00230,map00240,map01100
WP_000332298	K	Controls the expression of several small proteins that may play a role in biofilm maturation. Binds to and represses the operator of the ycgZ-ymgA-ariR-ymgC operon and also regulates ynaK. Binding is antagonized by BluF upon blue light (470 nm) irradiation. Blue light may increase the affinity of BluF for BluR, allowing it to be released from its operator	ycgE	ko:K21089,ko:K21972,ko:K22491	ko02026,map02026
WP_000332891	K	AraC-like ligand binding domain	pobR	ko:K02508,ko:K18954	-
WP_000333125	K	CaiF/GrlA transcriptional regulator	caiF	ko:K08277	-
WP_000333176	S	paraquat-inducible protein A	pqiA	ko:K03808	-
WP_000333380	S	glutamine metabolic process	yafJ	-	-
WP_000334086	M	Catalyzes the first step in hexosamine metabolism, converting fructose-6P into glucosamine-6P using glutamine as a nitrogen source	glmS	ko:K00820	ko00250,ko00520,ko01100,ko01130,ko04931,map00250,map00520,map01100,map01130,map04931
WP_000334224	F	Catalyzes the formation of phosphoribosylamine from phosphoribosylpyrophosphate (PRPP) and glutamine	purF	ko:K00764	ko00230,ko00250,ko01100,ko01110,ko01130,map00230,map00250,map01100,map01110,map01130
WP_000334881	O	Is required for the formation of all three hydrogenase isoenzymes. May bind to the precursor form of the large subunit of dehydrogenases to keep them in a conformation accessible for metal incorporation	hypC	ko:K04653	-
WP_000334896	O	May have a specific role in the maturation of the large subunits of HYD1 and HYD2	hybG	ko:K04653	-
WP_000337665	KO	Required for the maturation of the three NiFe hydrogenases. Exhibits a low intrinsic GTPase activity. The GTP hydrolysis catalyzed by HypB is an integral process in the incorporation of nickel into hydrogenases	hypB	ko:K04652	-
WP_000339064	I	acetate CoA-transferase activity	atoA	ko:K01029,ko:K01035	ko00072,ko00280,ko00310,ko00627,ko00640,ko00650,ko01100,ko01120,ko02020,map00072,map00280,map00310,map00627,map00640,map00650,map01100,map01120,map02020
WP_000339269	C	FMN binding	ydjA	-	-
WP_000339325	U	Responsible for the transport of C4-dicarboxylates from the periplasm across the inner membrane	dcuB	ko:K07792	ko02020,map02020
WP_000339783	H	Catalyzes the decarboxylation of 3-octaprenyl-4-hydroxy benzoate to 2-octaprenylphenol, an intermediate step in ubiquinone biosynthesis	ubiD	ko:K03182	ko00130,ko01100,ko01110,map00130,map01100,map01110
WP_000339900	L	Upon expression enhances RecA-independent DNA recombination 2.9-fold, concomitantly reducing viability by 59 and inducing DNA damage as measured by induction of the SOS repair response	yadD	-	-
WP_000339980	S	36-mer N-terminal peptide of the N protein (N36)	-	-	-
WP_000340159	NOU	Type IV leader peptidase family	outO	ko:K02464,ko:K02506,ko:K02654	ko03070,map03070
WP_000340206	P	) H( ) antiporter that extrudes potassium in exchange for external protons and maintains the internal concentration of potassium under toxic levels	nhaP2	ko:K11105	-
WP_000340737	K	Protects cells from HOCl (hypochlorite) stress but not peroxide or diamide stress. Decreases the intracellular load of reactive oxygen species by up-regulating genes involved in methionine and cysteine biosynthesis and down-regulating Fur- regulated genes involved in iron acquisition. Has also been suggested to down-regulate expression of the flagellar regulon, decreasing motility, but this activity was not confirmed in a second study	yjiE	ko:K21645	-
WP_000340835	S	Plasmid stability protein	-	-	-
WP_000342428	S	Interacts with the SecY protein in vivo. May bind preferentially to an uncomplexed state of SecY, thus functioning either as a chelating agent for excess SecY in the cell or as a regulatory factor that negatively controls the translocase function	syd	ko:K15723	-
WP_000343026	S	-	-	-	-
WP_000343766	L	Transposase	-	-	-
WP_000344800	L	Attenuates Hha toxicity and regulates biofilm formation. Binds to various coding and intergenic regions of genomic DNA	tomB	ko:K19162	-
WP_000345352	S	PTS system sugar-specific permease component	ulaA	ko:K02822,ko:K03475	ko00053,ko01100,ko01120,ko02060,map00053,map01100,map01120,map02060
WP_000345433	S	membrane transporter protein	-	ko:K07090	-
WP_000347117	I	Catalyzes the reduction of crotonobetainyl-CoA to gamma- butyrobetainyl-CoA	caiA	ko:K00249,ko:K04117,ko:K08297,ko:K11731	ko00071,ko00280,ko00281,ko00362,ko00410,ko00640,ko01100,ko01110,ko01120,ko01130,ko01200,ko01212,ko03320,map00071,map00280,map00281,map00362,map00410,map00640,map01100,map01110,map01120,map01130,map01200,map01212,map03320
WP_000347217	H	Belongs to the FPP GGPP synthase family	ispA	ko:K00795,ko:K13789	ko00900,ko01100,ko01110,ko01130,map00900,map01100,map01110,map01130
WP_000347270	K	acts as a transcription factor. The YhaV PrlF complex binds the prlF-yhaV operon, probably negatively regulating its expression	yhaV	ko:K19155	-
WP_000347657	IQ	Involved in the biosynthesis of the siderophore enterobactin (enterochelin), which is a macrocyclic trimeric lactone of N-(2,3-dihydroxybenzoyl)-serine. Catalyzes the reversible NAD-dependent oxidation of the C3-hydroxyl group of 2,3-dihydro-2,3-dihydroxybenzoate (2,3-diDHB), producing the transient intermediate 2-hydroxy-3-oxo-4,6-cyclohexadiene-1- carboxylate, which undergoes rapid aromatization to the final product, 2,3-dihydroxybenzoate (2,3-DHB). Only the compounds with a C3-hydroxyl group such as methyl 2,3-dihydro-2,3- dihydroxybenzoate, methyl-3-hydroxy-1,4-cyclohexadiene-1- carboxylate, trans-3-hydroxy-2-cyclohexene-1-carboxylate, cis-3- hydroxy-4-cyclohexene-1-carboxylate, cis-3-hydroxycyclohexane-1- carboxylic acid are oxidized to the corresponding ketone products. The stereospecificity of the C3 allylic alcohol group oxidation is 3R in a 1R,3R dihydro substrate. It can also increase the DHB-AMP ligase activity of EntE by interaction EntE	entA	ko:K00216	ko01053,ko01110,ko01130,map01053,map01110,map01130
WP_000347712	S	DNA recombination protein RmuC	rmuC	ko:K09760	-
WP_000347836	I	Acyl-coa dehydrogenase	ydiO	ko:K00249,ko:K04117,ko:K08297,ko:K11731	ko00071,ko00280,ko00281,ko00362,ko00410,ko00640,ko01100,ko01110,ko01120,ko01130,ko01200,ko01212,ko03320,map00071,map00280,map00281,map00362,map00410,map00640,map01100,map01110,map01120,map01130,map01200,map01212,map03320
WP_000348804	S	type VI secretion protein	impH	ko:K11895	ko02025,map02025
WP_000349311	N	bacterial-type flagellum-dependent swarming motility	flgF	ko:K02391	ko02040,map02040
WP_000349855	H	Multifunctional enzyme that catalyzes the SAM-dependent methylations of uroporphyrinogen III at position C-2 and C-7 to form precorrin-2 via precorrin-1. Then it catalyzes the NAD- dependent ring dehydrogenation of precorrin-2 to yield sirohydrochlorin. Finally, it catalyzes the ferrochelation of sirohydrochlorin to yield siroheme	cysG	ko:K02302,ko:K02304	ko00860,ko01100,ko01110,ko01120,map00860,map01100,map01110,map01120
WP_000349954	C	acyl-CoA transferases carnitine dehydratase	caiB	ko:K08298	-
WP_000350058	S	Belongs to the UPF0434 family	ycaR	ko:K09791	-
WP_000350265	H	Catalyzes the phosphorylation of ribose at O-5 in a reaction requiring ATP and magnesium. The resulting D-ribose-5- phosphate can then be used either for sythesis of nucleotides, histidine, and tryptophan, or as a component of the pentose phosphate pathway	rbsK_1	ko:K00852	ko00030,map00030
WP_000351469	C	Oxygen-insensitive NAD(P)H nitroreductase	nfnB	ko:K10679	ko00633,ko01120,map00633,map01120
WP_000351505	U	Responsible for the transport of C4-dicarboxylates from the periplasm across the inner membrane	-	-	-
WP_000354046	S	Flavinator of succinate dehydrogenase	ygfY	ko:K09159	-
WP_000354251	J	Methyl-transferase	yjhP	-	-
WP_000354622	I	first, biotin carboxylase catalyzes the carboxylation of the carrier protein and then the transcarboxylase transfers the carboxyl group to form malonyl-CoA	accB	ko:K02160	ko00061,ko00620,ko00640,ko00720,ko01100,ko01110,ko01120,ko01130,ko01200,ko01212,map00061,map00620,map00640,map00720,map01100,map01110,map01120,map01130,map01200,map01212
WP_000355609	S	-	-	-	-
WP_000355616	G	Major Facilitator Superfamily	-	-	-
WP_000355772	E	Peptidase family M20/M25/M40	pepT_1	ko:K01258	-
WP_000356395	K	transcriptional regulator	-	ko:K07726	-
WP_000356956	E	May be involved in the formation of a specific microcompartment in the cell in which the metabolism of potentially toxic by-products takes place	eutS	ko:K04031	-
WP_000357259	M	Belongs to the EPSP synthase family. MurA subfamily	murA	ko:K00790	ko00520,ko00550,ko01100,map00520,map00550,map01100
WP_000357740	L	The UvrABC repair system catalyzes the recognition and processing of DNA lesions. UvrA is an ATPase and a DNA-binding protein. A damage recognition complex composed of 2 UvrA and 2 UvrB subunits scans DNA for abnormalities. When the presence of a lesion has been verified by UvrB, the UvrA molecules dissociate	uvrA	ko:K03701	ko03420,map03420
WP_000358933	E	Converts glutamate to gamma-aminobutyrate (GABA), consuming one intracellular proton in the reaction. The gad system helps to maintain a near-neutral intracellular pH when cells are exposed to extremely acidic conditions. The ability to survive transit through the acidic conditions of the stomach is essential for successful colonization of the mammalian host by commensal and pathogenic bacteria	gadB	ko:K01580	ko00250,ko00410,ko00430,ko00650,ko01100,ko01110,ko01120,ko02024,ko04727,ko04940,map00250,map00410,map00430,map00650,map01100,map01110,map01120,map02024,map04727,map04940
WP_000358960	J	This is one of the proteins that binds and probably mediates the attachment of the 5S RNA into the large ribosomal subunit, where it forms part of the central protuberance	rplR	ko:K02881	ko03010,map03010
WP_000359446	E	Cleaves the N-terminal amino acid of tripeptides	pepT	ko:K01258	-
WP_000360278	S	-	-	-	-
WP_000360916	NU	Prokaryotic N-terminal methylation motif	ppdD	ko:K02650,ko:K02682	ko02020,map02020
WP_000360954	S	YjbR	ybdF	-	-
WP_000361270	K	Transcriptional regulator	-	ko:K05799	-
WP_000361491	M	protein secretion	yhiI	ko:K01993	-
WP_000362388	L	DNA repair enzyme involved in the repair of deaminated bases. Selectively cleaves double-stranded DNA at the second phosphodiester bond 3' to a deoxyinosine leaving behind the intact lesion on the nicked DNA	nfi	ko:K05982	-
WP_000364327	S	SNARE associated Golgi protein	dedA	ko:K03975	-
WP_000364807	M	Glycosyl transferase family 8	JD73_04250	ko:K12985	-
WP_000364877	V	membrane	yiaV	-	-
WP_000364920	V	membrane	yibH	-	-
WP_000365433	S	Membrane	yohD	-	-
WP_000365553	S	Metal dependent phosphohydrolases with conserved 'HD' motif.	yedJ	ko:K06950	-
WP_000365783	K	transcriptional regulator IlvY	ilvY	ko:K02521	-
WP_000365809	S	Nucleotidyl transferase AbiEii toxin, Type IV TA system	-	-	-
WP_000366061	G	Has a broad aminopeptidase activity on non-blocked peptides by progressively cleaving amino acids off the peptide substrate. Aminopeptidase activity stops at the residue before the first proline in the peptide. Cannot cleave when proline is the first N-terminal residue	ypdE	ko:K18530,ko:K20609	-
WP_000366126	S	the ssrA degradation tag (AANDENYALAA) is added trans-translationally to proteins that are stalled on the ribosome, freeing the ribosome and targeting stalled peptides for degradation. SspB activates the ATPase activity of ClpX. Seems to act in concert with SspA in the regulation of several proteins during exponential and stationary-phase growth	sspB	ko:K03600	-
WP_000366959	S	Belongs to the UPF0263 family	yciU	ko:K09901	-
WP_000367171	S	Belongs to the HesB IscA family	sufA	ko:K05997,ko:K13628	-
WP_000368046	F	Bifunctional serine threonine kinase and phosphorylase involved in the regulation of the phosphoenolpyruvate synthase (PEPS) by catalyzing its phosphorylation dephosphorylation	ydiA	ko:K09773	-
WP_000368131	P	formate transmembrane transporter activity	yfdC	ko:K21990	-
WP_000369488	IQ	PKS_KR	irp1	ko:K04784,ko:K04786	ko01053,map01053
WP_000371666	K	Binds to the right arm of the replication origin oriC of the chromosome. Rob binding may influence the formation of the nucleoprotein structure, required for oriC function in the initiation of replication	rob	ko:K05804,ko:K13652,ko:K13653	-
WP_000371882	S	-	-	-	-
WP_000371928	P	Catalyzes, although with low efficiency, the sulfur transfer reaction from thiosulfate to cyanide	glpE	ko:K02439	ko00920,ko01110,ko01120,map00920,map01110,map01120
WP_000372108	H	sulfate adenylyltransferase), subunit 2	cysD	ko:K00957	ko00230,ko00261,ko00450,ko00920,ko01100,ko01120,ko01130,map00230,map00261,map00450,map00920,map01100,map01120,map01130
WP_000372321	E	Belongs to the EutC family	eutC	ko:K03736	ko00564,ko01100,map00564,map01100
WP_000373624	S	Inhibitor of apoptosis-promoting Bax1	ybhL	ko:K06890	-
WP_000373941	L	Belongs to the Nudix hydrolase family. NudC subfamily	nudC	ko:K03426	ko00760,ko01100,ko04146,map00760,map01100,map04146
WP_000373992	C	Catalyzes the NAD-dependent oxidation of glycerol to dihydroxyacetone (glycerone). Allows microorganisms to utilize glycerol as a source of carbon under anaerobic conditions. In E.coli, an important role of GldA is also likely to regulate the intracellular level of dihydroxyacetone by catalyzing the reverse reaction, i.e. the conversion of dihydroxyacetone into glycerol. Possesses a broad substrate specificity, since it is also able to oxidize 1,2-propanediol and to reduce glycolaldehyde, methylglyoxal and hydroxyacetone into ethylene glycol, lactaldehyde and 1,2-propanediol, respectively	gldA	ko:K00005,ko:K00096	ko00561,ko00564,ko00640,ko01100,map00561,map00564,map00640,map01100
WP_000375136	S	Belongs to the BI1 family	yccA	ko:K19416	-
WP_000375956	P	Involved in the biosynthesis of osmoregulated periplasmic glucans (OPGs)	mdoD	ko:K03670	-
WP_000376337	U	Transports nucleosides with a high affinity except guanosine and deoxyguanosine. Driven by a proton motive force	nupC	ko:K03317,ko:K11535	-
WP_000377117	P	Belongs to the monovalent cation proton antiporter 2 (CPA2) transporter (TC 2.A.37) family	kefC	ko:K03455,ko:K11745	-
WP_000377785	P	Part of the phosphate (Pho) regulon, which plays a key role in phosphate homeostasis. PhoU is essential for the repression of the Pho regulon at high phosphate conditions	phoU	ko:K02039	-
WP_000378057	K	DNA-binding transcription factor activity	ybeF	-	-
WP_000378258	U	Required for the insertion and or proper folding and or complex formation of integral membrane proteins into the membrane. Involved in integration of membrane proteins that insert both dependently and independently of the Sec translocase complex, as well as at least some lipoproteins. Aids folding of multispanning membrane proteins	yidC	ko:K03217	ko02024,ko03060,ko03070,map02024,map03060,map03070
WP_000378442	K	Negative regulator of the multidrug operon emrAB	mprA	ko:K15974	-
WP_000378564	P	Shikimate transporter	shiA	ko:K08172	-
WP_000378933	G	TRAP-type C4-dicarboxylate transport system, large permease component	-	-	-
WP_000379230	K	Negatively regulates the transcription of the flagellar master operon flhDC by binding to the upstream region of the operon	hdfR	-	-
WP_000379589	S	Protein of unknown function (DUF1391)	ydfA	-	-
WP_000381170	S	Protein of unknown function (DUF997)	yhdT	-	-
WP_000381213	K	This protein is a repressor of division inhibition gene dicB	dicA	ko:K22300	-
WP_000381622	S	-	-	-	-
WP_000383045	S	Protein of unknown function (DUF2542)	yeiS	-	-
WP_000383248	G	Catalyzes the isomerization of 5-dehydro-4-deoxy-D- glucuronate to 3-deoxy-D-glycero-2,5-hexodiulosonate	kduI	ko:K01815	ko00040,map00040
WP_000383407	L	A helicase with DNA-dependent ATPase activity. Unwinds DNA duplexes with 3' to 5' polarity with respect to the bound strand. Initiates unwinding more efficiently from a nicked substrate than ds duplex DNA. Involved in the post-incision events of nucleotide excision repair and methyl-directed mismatch repair, and probably also in repair of alkylated DNA	uvrD	ko:K03657	ko03420,ko03430,map03420,map03430
WP_000383836	S	Uncharacterised protein family (UPF0370)	ypfN	-	-
WP_000383920	M	Bacteriophage N4 adsorption protein B	nfrB	ko:K11740	-
WP_000384145	S	Protein of unknown function (DUF805)	yhaH	-	-
WP_000384304	S	Belongs to the UPF0231 family	yacL	ko:K09910	-
WP_000384413	O	Co-chaperone involved in the maturation of iron-sulfur cluster-containing proteins. Seems to help targeting proteins to be folded toward HscA	hscB	ko:K04082	-
WP_000386515	E	transferase activity, transferring glycosyl groups	ybiB	-	-
WP_000386733	C	NDH-1 shuttles electrons from NADH, via FMN and iron- sulfur (Fe-S) centers, to quinones in the respiratory chain. The immediate electron acceptor for the enzyme in this species is believed to be ubiquinone. Couples the redox reaction to proton translocation (for every two electrons transferred, four hydrogen ions are translocated across the cytoplasmic membrane), and thus conserves the redox energy in a proton gradient	nuoB	ko:K00331	ko00190,ko01100,map00190,map01100
WP_000387388	P	Mediates efflux of zinc ions	zntB	ko:K16074	-
WP_000387713	CQ	May be involved in the formation of a specific microcompartment in the cell in which the metabolism of potentially toxic by-products takes place	eutM	ko:K04027	-
WP_000388179	F	Presumed to be a dehydrogenase, but possibly an oxidase. Participates in limited purine salvage (requires aspartate) but does not support aerobic growth on purines as the sole carbon source (purine catabolism)	xdhA	ko:K00087	ko00230,ko01100,ko01120,map00230,map01100,map01120
WP_000388207	H	Required for both de novo synthesis of the corrin ring for the assimilation of exogenous corrinoids. Participates in the adenosylation of a variety of incomplete and complete corrinoids	btuR	ko:K19221	ko00860,ko01100,map00860,map01100
WP_000389258	S	Protein of unknown function (DUF2593)	ybjO	-	-
WP_000389811	M	Mechanosensitive channel that participates in the regulation of osmotic pressure changes within the cell, opening in response to stretch forces in the membrane lipid bilayer, without the need for other proteins. Contributes to normal resistance to hypoosmotic shock. Forms an ion channel of 1.0 nanosiemens conductance with a slight preference for anions. The channel is sensitive to voltage	mscS	ko:K03442	-
WP_000390795	L	DNA helicase	-	ko:K03654	ko03018,map03018
WP_000392522	I	Catalyzes the reversible phosphatidyl group transfer from one phosphatidylglycerol molecule to another to form cardiolipin (CL) (diphosphatidylglycerol) and glycerol	-	-	-
WP_000393511	C	NDH-1 shuttles electrons from NADH, via FMN and iron- sulfur (Fe-S) centers, to quinones in the respiratory chain. The immediate electron acceptor for the enzyme in this species is believed to be ubiquinone. Couples the redox reaction to proton translocation (for every two electrons transferred, four hydrogen ions are translocated across the cytoplasmic membrane), and thus conserves the redox energy in a proton gradient	nuoJ	ko:K00339	ko00190,ko01100,map00190,map01100
WP_000394113	EJ	Belongs to the asparaginase 1 family	ansB	ko:K01424,ko:K05597	ko00220,ko00250,ko00460,ko00471,ko01100,ko01110,ko02020,map00220,map00250,map00460,map00471,map01100,map01110,map02020
WP_000394277	S	Domain of unknown function (DUF1127)	yjiS	-	-
WP_000394983	P	UPF0053 inner membrane protein YoaE	yoaE	-	-
WP_000395844	P	arylsulfatase activity	aslA	ko:K01130	ko00140,ko00600,map00140,map00600
WP_000396050	K	Binds to DNA non-specifically. Could be a regulatory factor involved in maltose metabolism	sfsA	ko:K06206	-
WP_000397144	E	involved in the processing and regular turnover of intracellular proteins. Catalyzes the removal of unsubstituted N-terminal amino acids from various peptides	pepA	ko:K01255	ko00480,ko01100,map00480,map01100
WP_000399393	L	Involved in DNA repair and RecF pathway recombination	recO	ko:K03584	ko03440,map03440
WP_000399776	S	TraE protein	-	ko:K12067	-
WP_000402207	P	sodium ion import across plasma membrane	yjcE	ko:K03316	-
WP_000404121	S	double-stranded DNA endodeoxyribonuclease activity	-	-	-
WP_000404858	S	NTF2 fold immunity protein	ybbC	-	-
WP_000405647	S	GCN5-related N-acetyl-transferase	yjdJ	ko:K06975	-
WP_000406000	K	transferase activity, transferring acyl groups other than amino-acyl groups	ypeA	-	-
WP_000406214	G	PTS system sorbose-specific iic component	agaW	ko:K02746	ko00052,ko02060,map00052,map02060
WP_000406391	P	Na( ) H( ) antiporter that extrudes sodium in exchange for external protons	nhaB	ko:K03314	-
WP_000406487	K	Repressor for the exu regulon that encode genes involved in hexuronate utilization. It regulates the ExuT, UxaCA and UxuRAB operons. Binds D-tagaturonate and D-fructuronate as inducers	exuR	ko:K05799,ko:K19775	-
WP_000406926	G	The phosphoenolpyruvate-dependent sugar phosphotransferase system (sugar PTS), a major carbohydrate active transport system, catalyzes the phosphorylation of incoming sugar substrates concomitantly with their translocation across the cell membrane. The enzyme II ManXYZ PTS system is involved in mannose transport. Also functions as a receptor for bacterial chemotaxis and is required for infection of the cell by bacteriophage lambda where it most likely functions as a pore for penetration of lambda DNA	manY	ko:K02746,ko:K02795,ko:K02814	ko00051,ko00052,ko00520,ko01100,ko02060,map00051,map00052,map00520,map01100,map02060
WP_000409205	S	Tetratricopeptide repeat-like domain	yfgM	-	-
WP_000409419	M	Murein-degrading enzyme. Catalyzes the cleavage of the glycosidic bonds between N-acetylmuramic acid and N- acetylglucosamine residues in peptidoglycan. May play a role in recycling of muropeptides during cell elongation and or cell division	slt	ko:K08309	-
WP_000409854	T	swimming returns to normal when residues 359-360 are both mutated to Ala. Overexpression also leads to a 20-fold increase in c-di-GMP levels in vivo. Cyclic-di- GMP is a second messenger which controls cell surface-associated traits in bacteria	ycdT	-	-
WP_000409911	L	Involved in DNA damage recognition. Binds DNA containing O(6)-methylguanine and larger O(6)-alkylguanine adducts, and to double-stranded DNA that contains an AP (apurinic apyrimidinic) site. Binds to the damaged base and flips the base out of the DNA duplex into an extrahelical conformation, which allows processing by repair proteins. Works in partnership with the nucleotide excision repair (NER) pathway to enhance the repair of the O(6)-alkylguanine adducts larger than the methyl adduct. Also prevents methyl-directed mismatch repair (MMR)-mediated attack of the O(6)-alkylguanine T mispairs for the larger alkyl groups	ybaZ	ko:K07443	-
WP_000410144	P	Probably responsible for the transport of L-galactonate from the periplasm across the inner membrane. Is essential for growth on L-galactonate as the sole carbon source	yjjL	-	-
WP_000410201	S	Putative quorum-sensing-regulated virulence factor	ypeB	ko:K09954	-
WP_000410785	K	Inhibits DNA replication at both initiation and elongation steps, most probably by binding to the opened, single- stranded regions at replication forks. Plays a regulatory role in chromosomal replication in nutrient-depleted cells	cspD	ko:K03704	-
WP_000412169	G	The phosphoenolpyruvate-dependent sugar phosphotransferase system (sugar PTS), a major carbohydrate active transport system, catalyzes the phosphorylation of incoming sugar substrates concomitantly with their translocation across the cell membrane. The enzyme II ChbABC PTS system is involved in the transport of the chitin disaccharide N,N'-diacetylchitobiose (GlcNAc2)	chbB	ko:K02760	ko00500,ko02060,map00500,map02060
WP_000412379	E	Arginine ornithine antiporter	ydgI	ko:K03757,ko:K03758	-
WP_000412424	K	Activates the transcription of the soxS gene which itself controls the superoxide response regulon. SoxR contains a 2Fe-2S iron-sulfur cluster that may act as a redox sensor system that recognizes superoxide. The variable redox state of the Fe-S cluster is employed in vivo to modulate the transcriptional activity of SoxR in response to specific types of oxidative stress. Upon reduction of 2Fe-2S cluster, SoxR reversibly loses its transcriptional activity, but retains its DNA binding affinity	soxR	ko:K13639	-
WP_000413677	F	Cell wall formation	ddl	ko:K01921	ko00473,ko00550,ko01100,ko01502,map00473,map00550,map01100,map01502
WP_000414437	S	Represses biofilm formation in M9C glu and LB glu media but not in M9C and LB media. Seems to act as a global regulator of several genes involved in catabolite repression and stress response and regulation of the uptake and export of signaling pathways. Could be involved the regulation of indole as well as uptake and export of AI-2 through a cAMP-dependent pathway	bssS	ko:K12148	-
WP_000414564	K	transcriptional regulator	pcaQ	ko:K02623,ko:K14057	-
WP_000416154	K	helix_turn _helix lactose operon repressor	gntR_2	ko:K06145	-
WP_000416263	P	belongs to the Fur family	zur	ko:K09823	ko02024,map02024
WP_000416901	P	High-affinity branched-chain amino acid transport ATP-binding protein	livF	ko:K01996	ko02010,ko02024,map02010,map02024
WP_000417058	S	Belongs to the UPF0253 family	yaeP	-	-
WP_000417824	K	transcriptional regulator	ygeV	ko:K02688,ko:K11914	-
WP_000420641	O	displays overlapping activities with DnaJ, but functions under different conditions, probably acting as a molecular chaperone in an adaptive response to environmental stresses other than heat shock. Lacks autonomous chaperone activity	cbpA	ko:K05516	-
WP_000421305	O	peptidase activity	yhbU	ko:K08303	ko05120,map05120
WP_000421763	E	Hydrolyzes dipeptides containing N-terminal aspartate residues. May play a role in allowing the cell to use peptide aspartate to spare carbon otherwise required for the synthesis of the aspartate family of amino acids	pepE	ko:K05995	-
WP_000422149	S	Inner membrane protein YqjA	yqjA	-	-
WP_000423742	F	Belongs to the lyase 1 family. Adenylosuccinate lyase subfamily	purB	ko:K01756	ko00230,ko00250,ko01100,ko01110,ko01130,map00230,map00250,map01100,map01110,map01130
WP_000424181	G	methylglyoxal synthase activity	mgsA	ko:K01734	ko00640,ko01120,map00640,map01120
WP_000424395	J	Forms part of the polypeptide exit tunnel	rplD	ko:K02926	ko03010,map03010
WP_000424926	S	response to radiation	ybfA	-	-
WP_000425456	S	Serine hydrolase involved in the detoxification of formaldehyde	yeiG	ko:K01070	ko00680,ko01120,ko01200,map00680,map01120,map01200
WP_000426124	S	Belongs to the UPF0304 family	yfbU	ko:K09161	-
WP_000428786	G	The phosphoenolpyruvate-dependent sugar phosphotransferase system (sugar PTS), a major carbohydrate active transport system, catalyzes the phosphorylation of incoming sugar substrates concomitantly with their translocation across the cell membrane. The enzyme II CmtAB PTS system is involved in D-mannitol transport	cmtA	ko:K02798,ko:K02799,ko:K02800	ko00051,ko02060,map00051,map02060
WP_000429386	C	F(1)F(0) ATP synthase produces ATP from ADP in the presence of a proton or sodium gradient. F-type ATPases consist of two structural domains, F(1) containing the extramembraneous catalytic core and F(0) containing the membrane proton channel, linked together by a central stalk and a peripheral stalk. During catalysis, ATP synthesis in the catalytic domain of F(1) is coupled via a rotary mechanism of the central stalk subunits to proton translocation	atpE	ko:K02110	ko00190,ko00195,ko01100,map00190,map00195,map01100
WP_000429656	K	Belongs to the BolA IbaG family	yrbA	-	-
WP_000431704	H	Catalyzes the reversible retro-aldol cleavage of 2-keto- 3-deoxy-L-rhamnonate (KDR) to pyruvate and lactaldehyde	hpaI	ko:K02510,ko:K12660	ko00051,ko00350,ko01120,map00051,map00350,map01120
WP_000432970	K	and repressor of the expression of gidA at a post-transcriptional level	asnC	ko:K03718,ko:K03719	-
WP_000433462	C	malate dehydrogenase (decarboxylating) (NAD+) activity	maeA	ko:K00027,ko:K00029	ko00620,ko00710,ko01100,ko01120,ko01200,ko02020,map00620,map00710,map01100,map01120,map01200,map02020
WP_000434040	K	Transcriptional regulator	yegW	-	-
WP_000435167	V	Multidrug resistance protein	emrA	ko:K03543,ko:K07797	ko02020,map02020
WP_000436922	S	Phosphotransferase enzyme family	ycbJ	-	-
WP_000437371	K	Sigma factors are initiation factors that promote the attachment of RNA polymerase to specific initiation sites and are then released. This sigma factor is the primary sigma factor during exponential growth	rpoD	ko:K03086	-
WP_000437902	G	PTS system mannose fructose sorbose family IID component	-	ko:K02771,ko:K02796,ko:K02815	ko00051,ko00520,ko01100,ko02060,map00051,map00520,map01100,map02060
WP_000437935	I	Nudix hydrolase	yfcD	ko:K01823	ko00900,ko01100,ko01110,ko01130,map00900,map01100,map01110,map01130
WP_000438245	P	Part of the ABC transporter complex MlaFEDB that actively prevents phospholipid accumulation at the cell surface. Probably maintains lipid asymmetry in the outer membrane by retrograde trafficking of phospholipids from the outer membrane to the inner membrane. Probably responsible for energy coupling to the transport system	mlaF	ko:K02065	ko02010,map02010
WP_000438591	G	Catalyzes the dehydration of D-mannonate	uxuA	ko:K01686	ko00040,ko01100,map00040,map01100
WP_000438819	P	transport protein	ydjE	ko:K08369	-
WP_000438962	L	glycosylase I	tag	ko:K01246	ko03410,map03410
WP_000439188	S	HI0933-like protein	yhiN	ko:K07007	-
WP_000439331	S	Uncharacterized protein family, UPF0114	yqhA	-	-
WP_000439850	E	Catalyzes the conversion of 3-deoxy-D-arabino- heptulosonate 7-phosphate (DAHP) to dehydroquinate (DHQ)	aroB	ko:K01735	ko00400,ko01100,ko01110,ko01130,ko01230,map00400,map01100,map01110,map01130,map01230
WP_000440317	K	Activates transcription of the aaeXAB operon	aaeR	ko:K21698	-
WP_000440439	G	Involved in the degradation of chitin. ChbG is essential for growth on the acetylated chitooligosaccharides chitobiose and chitotriose but is dispensable for growth on cellobiose and chitosan dimer, the deacetylated form of chitobiose. Deacetylation of chitobiose-6-P and chitotriose-6-P is necessary for both the activation of the chb promoter by the regulatory protein ChbR and the hydrolysis of phosphorylated beta-glucosides by the phospho- beta-glucosidase ChbF. Catalyzes the removal of only one acetyl group from chitobiose-6-P to yield monoacetylchitobiose-6-P, the inducer of ChbR and the substrate of ChbF	chbG	ko:K03478	-
WP_000440775	G	Catalyzes the cleavage of L-fuculose 1-phosphate to glycerone phosphate and L-lactaldehyde	fucA	ko:K01628,ko:K22130	ko00051,ko01120,map00051,map01120
WP_000442860	E	May be a ligase forming an amide bond. Shows ATPase activity	ygiC	-	-
WP_000443071	E	The alpha subunit is responsible for the aldol cleavage of indoleglycerol phosphate to indole and glyceraldehyde 3- phosphate	trpA	ko:K01695	ko00260,ko00400,ko01100,ko01110,ko01130,ko01230,map00260,map00400,map01100,map01110,map01130,map01230
WP_000443168	S	response to stress	ygeG	-	-
WP_000444561	E	Splits dipeptides with a prolyl residue in the C- terminal position	pepQ	ko:K01271	-
WP_000444747	S	Hydrolyzes cAMP to 5'-AMP. Plays an important regulatory role in modulating the intracellular concentration of cAMP, thereby influencing cAMP-dependent processes	cpdA	ko:K03651	ko00230,ko02025,map00230,map02025
WP_000445130	S	nuclease activity	yhcG	-	-
WP_000445407	K	This protein is involved in positive regulation of the metabolism of sugars	sfsB	ko:K07724	-
WP_000445541	Q	paraquat-inducible protein b	pqiB	ko:K06192	-
WP_000445640	K	Transcription regulator that can specifically activate or repress expression of target genes	slyA	ko:K06075	-
WP_000446922	S	Belongs to the BI1 family	ybhM	ko:K06890	-
WP_000447248	S	Phage minor tail protein	-	-	-
WP_000447328	G	ABC transporter	-	ko:K02056	-
WP_000447361	S	membrane transporter protein	yfcA	ko:K07090,ko:K11312	-
WP_000447529	J	The globular domain of the protein is located near the polypeptide exit tunnel on the outside of the subunit, while an extended beta-hairpin is found that lines the wall of the exit tunnel in the center of the 70S ribosome	rplV	ko:K02890	ko03010,map03010
WP_000448381	M	Catalyzes the transfer of myristate from myristoyl-acyl carrier protein (ACP) to Kdo(2)-(lauroyl)-lipid IV(A) to form Kdo(2)-lipid A	lpxM	ko:K02560	ko00540,ko01100,map00540,map01100
WP_000450121	K	This protein is one of the repressors that regulate the expression of deoCABD genes, which encode nucleotide and deoxy ribonucleotide catabolizing enzymes. It also negatively regulates the expression of nupG (a transport protein) and tsx (a pore- forming protein). The inducer is deoxyribose-5-phosphate	deoR	ko:K11534	-
WP_000450409	S	Belongs to the UPF0265 family	yeeX	ko:K09802	-
WP_000450588	J	tRNA aminoacylation for protein translation	ygjH	ko:K06878	-
WP_000453196	M	Lipid A core, surface polymer ligase WaaL	waaL	ko:K02847	ko00540,ko01100,map00540,map01100
WP_000455227	H	Catalyzes the prenylation of para-hydroxybenzoate (PHB) with an all-trans polyprenyl group. Mediates the second step in the final reaction sequence of ubiquinone-8 (UQ-8) biosynthesis, which is the condensation of the polyisoprenoid side chain with PHB, generating the first membrane-bound Q intermediate 3- octaprenyl-4-hydroxybenzoate	ubiA	ko:K03179	ko00130,ko01100,ko01110,map00130,map01100,map01110
WP_000455601	S	Belongs to the Ves family	ves	ko:K09975	-
WP_000455798	K	HTH-type transcriptional regulator YiaG	yiaG	ko:K07726	-
WP_000456570	J	Methylates the class 1 translation termination release factors RF1 PrfA and RF2 PrfB on the glutamine residue of the universally conserved GGQ motif	prmC	ko:K02493	-
WP_000456725	F	Probably mediates the hydrolysis of some nucleoside diphosphate derivatives	nudL	-	-
WP_000457123	G	Aldolase	-	ko:K01624	ko00010,ko00030,ko00051,ko00680,ko00710,ko01100,ko01110,ko01120,ko01130,ko01200,ko01230,map00010,map00030,map00051,map00680,map00710,map01100,map01110,map01120,map01130,map01200,map01230
WP_000457202	E	efflux protein	leuE	ko:K11250	-
WP_000457334	S	Belongs to the UPF0181 family	yoaH	ko:K09917	-
WP_000458406	P	Sulfate transport system permease protein CysT	cysT	ko:K02046	ko00920,ko02010,map00920,map02010
WP_000458817	C	Catalyzes the reduction of hydroxylamine to form NH(3) and H(2)O	hcp	ko:K05601	ko00910,map00910
WP_000459216	F	Presumed to be a dehydrogenase, but possibly an oxidase. Participates in limited purine salvage (requires aspartate) but does not support aerobic growth on purines as the sole carbon source (purine catabolism)	xdhB	ko:K13479,ko:K16878	ko00230,ko00365,ko01100,ko01120,map00230,map00365,map01100,map01120
WP_000459229	E	maltose regulon	-	ko:K14155	ko00270,ko00450,ko01100,ko01110,ko01230,map00270,map00450,map01100,map01110,map01230
WP_000459594	U	Part of the twin-arginine translocation (Tat) system that transports large folded proteins containing a characteristic twin-arginine motif in their signal peptide across membranes. Together with TatC, TatB is part of a receptor directly interacting with Tat signal peptides. TatB may form an oligomeric binding site that transiently accommodates folded Tat precursor proteins before their translocation	tatB	ko:K03117	ko03060,ko03070,map03060,map03070
WP_000459750	Q	hydratase	hpaH	ko:K01617,ko:K02509	ko00350,ko00362,ko00621,ko00622,ko01100,ko01120,ko01220,map00350,map00362,map00621,map00622,map01100,map01120,map01220
WP_000460145	K	Transcriptional regulator	allS	ko:K10972	-
WP_000460360	J	GTPase that associates with the 50S ribosomal subunit and may have a role during protein synthesis or ribosome biogenesis	hflX	ko:K03665	-
WP_000460431	S	Selenoprotein, putative	ybdD	-	-
WP_000460504	S	UPF0597 protein YhaM	yhaM	-	-
WP_000460672	S	Belongs to the Smg family	smg	ko:K03747	-
WP_000460707	S	UPF0756 membrane protein	yeaL	-	-
WP_000460792	C	oxidase, subunit	appB	ko:K00426	ko00190,ko01100,ko02020,map00190,map01100,map02020
WP_000460846	G	The phosphoenolpyruvate-dependent sugar phosphotransferase system (PTS), a major carbohydrate active -transport system, catalyzes the phosphorylation of incoming sugar substrates concomitant with their translocation across the cell membrane	sgcC	ko:K02775	ko00052,ko01100,ko02060,map00052,map01100,map02060
WP_000461642	I	Catalyzes the transfer of 4-deoxy-4-formamido-L- arabinose from UDP to undecaprenyl phosphate. The modified arabinose is attached to lipid A and is required for resistance to polymyxin and cationic antimicrobial peptides	arnC	ko:K10012	ko00520,ko01503,map00520,map01503
WP_000462687	E	L-aspartate:2-oxoglutarate aminotransferase activity	aspC	ko:K00813,ko:K00832	ko00220,ko00250,ko00270,ko00330,ko00350,ko00360,ko00400,ko00401,ko00950,ko00960,ko01100,ko01110,ko01130,ko01210,ko01230,map00220,map00250,map00270,map00330,map00350,map00360,map00400,map00401,map00950,map00960,map01100,map01110,map01130,map01210,map01230
WP_000462776	D	Essential cell division protein that forms a contractile ring structure (Z ring) at the future cell division site. The regulation of the ring assembly controls the timing and the location of cell division. One of the functions of the FtsZ ring is to recruit other cell division proteins to the septum to produce a new cell wall between the dividing cells. Binds GTP and shows GTPase activity	ftsZ	ko:K03531	ko04112,map04112
WP_000462905	K	Activates ribosomal RNA transcription. Plays a direct role in upstream activation of rRNA promoters	fis	ko:K03557	ko05111,map05111
WP_000464488	P	Part of the ABC transporter complex ArtPIQMJ involved in arginine transport. Probably responsible for the translocation of the substrate across the membrane	artM	ko:K09998	ko02010,map02010
WP_000466879	S	-	-	-	-
WP_000466989	P	Responsible for the transport of C4-dicarboxylates during anaerobic growth	dcuD	ko:K03326	-
WP_000467098	S	Binds to DNA and alters its conformation. May be involved in regulation of gene expression, nucleoid organization and DNA protection	ybaB	ko:K09747	-
WP_000467180	C	Cytochrome bo(3) ubiquinol terminal oxidase is the component of the aerobic respiratory chain of E.coli that predominates when cells are grown at high aeration. Has proton pump activity across the membrane in addition to electron transfer, pumping 2 protons electron	cyoB	ko:K02298	ko00190,ko01100,map00190,map01100
WP_000467705	H	Acetylation of prosthetic group (2-(5''-phosphoribosyl)- 3'-dephosphocoenzyme-A) of the gamma subunit of citrate lyase	citC	ko:K01910	ko02020,map02020
WP_000467859	S	Selenoprotein, putative	yjiX	-	-
WP_000468186	J	This enzyme acetylates the N-terminal alanine of ribosomal protein S5. Plays also a role in the temperature regulation of pap pilin transcription	rimJ	ko:K03790	-
WP_000468308	K	Cryptic version of the phage P2 OGR protein which acts as an activator of P2 late transcription	ogrK	-	-
WP_000468836	P	Catalyzes the sodium-dependent transport of glutamate	gltS	ko:K03312	-
WP_000469031	V	efflux transmembrane transporter activity	ybhR	ko:K01992	-
WP_000469266	S	Protein of unknown function (DUF4051)	-	-	-
WP_000471143	G	Ureide permease	-	ko:K05340	-
WP_000472021	L	Putative transcription regulator (DUF1323)	yfeC	-	-
WP_000472419	NU	cell adhesion	ybgD	-	-
WP_000473128	P	The phage shock protein (psp) operon (pspABCDE) may play a significant role in the competition for survival under nutrient- or energy-limited conditions. PspE catalyzes the sulfur- transfer reaction from thiosulfate to cyanide, to form sulfite and thiocyanate. Also able to use dithiol (dithiothreitol) as an alternate sulfur acceptor. Also possesses a very low mercaptopyruvate sulfurtransferase activity	pspE	ko:K03972	-
WP_000474077	S	response to hypochlorite	ykgI	ko:K21740	-
WP_000475719	G	The phosphoenolpyruvate-dependent sugar phosphotransferase system (sugar PTS), a major carbohydrate active transport system, catalyzes the phosphorylation of incoming sugar substrates concomitantly with their translocation across the cell membrane. The enzyme II complex composed of PtsG and Crr is involved in glucose transport. Also functions as a chemoreceptor monitoring the environment for changes in sugar concentration	ptsG	ko:K02778,ko:K02779,ko:K02803,ko:K02804	ko00010,ko00520,ko02060,ko05111,map00010,map00520,map02060,map05111
WP_000476012	O	peptidase activity	yegQ	ko:K08303	ko05120,map05120
WP_000476103	F	Belongs to the Nudix hydrolase family. NudJ subfamily	nudJ	ko:K03574,ko:K12152	-
WP_000476484	Q	Actively prevents phospholipid accumulation at the cell surface. Probably maintains lipid asymmetry in the outer membrane by retrograde trafficking of phospholipids from the outer membrane to the inner membrane. May transfer phospholipid across the periplasmic space and deliver it to the MlaFEDB complex at the inner membrane	mlaC	ko:K07323	ko02010,map02010
WP_000477225	O	PPIases accelerate the folding of proteins. It catalyzes the cis-trans isomerization of proline imidic peptide bonds in oligopeptides	ppiA	ko:K01802,ko:K03767,ko:K03768	ko01503,ko04217,map01503,map04217
WP_000477811	F	The enzymes which catalyze the reversible phosphorolysis of pyrimidine nucleosides are involved in the degradation of these compounds and in their utilization as carbon and energy sources, or in the rescue of pyrimidine bases for nucleotide synthesis	deoA	ko:K00758	ko00240,ko00983,ko01100,ko05219,map00240,map00983,map01100,map05219
WP_000478198	S	Protein of unknown function (DUF3302)	yiaW	-	-
WP_000478615	K	May act as a transcriptional regulator of dctA	dctR	ko:K21901	-
WP_000478678	H	4-amino-4-deoxychorismate lyase	pabC	ko:K02619	ko00790,map00790
WP_000479624	S	Protein of unknown function (DUF3302)	yibI	-	-
WP_000480245	L	metal-dependent hydrolase YcfH	ycfH	ko:K03424	-
WP_000481500	K	necessary for transcription of the csgBAC ymdA operon. Plays a positive role in biofilm formation. May have the capability to respond to starvation and or high cell density by activating csgBA transcription. Low-level constitutive expression confers an adherent curli fimbriae-expressing phenotype, up- regulates 10 genes and down-regulates 14 others	csgD	ko:K04333,ko:K20918	ko02026,ko05111,map02026,map05111
WP_000481771	H	Acetylation of prosthetic group (2-(5''-phosphoribosyl)- 3'-dephosphocoenzyme-A) of the gamma subunit of citrate lyase	citC	ko:K01910	ko02020,map02020
WP_000482901	T	low molecular weight	wzb	ko:K01104,ko:K20945	ko05111,map05111
WP_000483371	IQ	7-alpha-dehydroxylation of cholic acid, yielding deoxycholic acid and lithocholic acid, respectively. Highest affinity with taurochenodeoxycholic acid	hdhA	ko:K00076	ko00121,map00121
WP_000484041	T	diguanylate cyclase. The last member of a cascade of expressed proteins, its expression requires YdaM. AdrA production induces biosynthesis of cellulose in some E.coli isolates, but not in K12 strains. Cyclic-di-GMP is a second messenger which controls cell surface-associated traits in bacteria	adrA	ko:K18968	ko02026,map02026
WP_000484405	M	Catalyzes the transfer of palmitoleate from palmitoleoyl-acyl carrier protein (ACP) to Kdo(2)-lipid IV(A) to form Kdo(2)-(palmitoleoyl)-lipid IV(A)	lpxL	ko:K02517,ko:K12974	ko00540,ko01100,map00540,map01100
WP_000487246	G	The phosphoenolpyruvate-dependent sugar phosphotransferase system (sugar PTS), a major carbohydrate active transport system, catalyzes the phosphorylation of incoming sugar substrates concomitantly with their translocation across the cell membrane. The enzyme II FruAB PTS system is involved in fructose transport	fruB	ko:K02768,ko:K11183	ko00051,ko01100,ko01120,ko02060,map00051,map01100,map01120,map02060
WP_000487600	G	PTS HPr component phosphorylation site	ptsH	ko:K02784	ko02060,map02060
WP_000487654	I	Lysophospholipase L2	pldB	ko:K01048	ko00564,map00564
WP_000489665	S	Functions as both a chaperone and a metalloprotease. Maintains the integrity of the outer membrane by promoting either the assembly or the elimination of outer membrane proteins, depending on their folding state	bepA	-	-
WP_000490072	S	Protein of unknown function (DUF2502)	ypeC	-	-
WP_000490275	S	Protein of unknown function (DUF1328)	ytjA	-	-
WP_000491132	S	L-lysine efflux transmembrane transporter activity	ybjE	-	-
WP_000492658	U	L-alanine exporter AlaE	alaE	-	-
WP_000492913	S	Protein of unknown function (DUF1471)	yjfY	-	-
WP_000493484	P	ABC transporter, ATP-binding protein	yphE	ko:K02056	-
WP_000493563	P	Catalyzes nitrite uptake and nitrite export across the cytoplasmic membrane. Is up to 10-fold more active than NarK or NarU in nitrite uptake for subsequent reduction in the cytoplasm by the NirB NirD nitrite reductase	nirC	ko:K02598	-
WP_000493756	S	Cytotoxic translational repressor of toxin-antitoxin stability system	-	-	-
WP_000493785	C	electron transfer protein for hydrogenase	hycF	ko:K12143,ko:K15831	-
WP_000493947	H	Riboflavin synthase	ribE	ko:K00793	ko00740,ko01100,ko01110,map00740,map01100,map01110
WP_000494170	K	COG0454 Histone acetyltransferase HPA2 and related acetyltransferases	yedL	ko:K03829	-
WP_000494186	J	This is one of the proteins that binds to the 5S RNA in the ribosome where it forms part of the central protuberance	rplY	ko:K02897	ko03010,map03010
WP_000494241	S	Protein of unknown function (DUF2554)	yncJ	-	-
WP_000494484	K	Regulatory protein for the xylBAFGHR operon	xylR	ko:K02529	-
WP_000497137	S	Represses biofilm formation in M9C glu and LB glu media but not in M9C and LB media. Seems to act as a global regulator of several genes involved in catabolite repression and stress response and regulation of the uptake and export of signaling pathways. Could be involved the regulation of indole as well as uptake and export of AI-2 through a cAMP-dependent pathway	bssR	ko:K19688	-
WP_000497723	O	A site-1 protease (S1P) that cleaves the peptide bond between 'Val-148' and 'Ser-149' in RseA. Part of a regulated intramembrane proteolysis (RIP) cascade. When heat shock or other environmental stresses disrupt protein folding in the periplasm, DegS senses the accumulation of unassembled outer membrane porins (OMP) and then initiates RseA (anti sigma-E factor) degradation by cleaving its periplasmic domain, making it a substrate for subsequent cleavage by RseP. This cascade ultimately leads to the sigma-E-driven expression of a variety of factors dealing with folding stress in the periplasm and OMP assembly. Required for basal and stress-induced degradation of RseA	degS	ko:K04691,ko:K04772	-
WP_000497942	P	iron ion transmembrane transporter activity	efeU	ko:K07243	-
WP_000498253	M	Provides resistance to osmotic stress. May be important for stationary-phase survival	osmB	ko:K04062	-
WP_000498829	NU	General secretion pathway protein	gspD	ko:K02453	ko03070,ko05111,map03070,map05111
WP_000499788	D	NAD-binding protein involved in the addition of a carboxymethylaminomethyl (cmnm) group at the wobble position (U34) of certain tRNAs, forming tRNA-cmnm(5)s(2)U34	gidA	ko:K03495	-
WP_000500695	IQ	Increases biofilm dispersal. Acts by binding directly to the signaling molecule cyclic-di-GMP, which decreases the intracellular concentration of cyclic-di-GMP and leads to biofilm dispersal. Also controls other biofilm-related phenotypes such as cell motility, cell size, cell aggregation and production of extracellular DNA and extracellular polysaccharides (EPS). Does not act as a phosphodiesterase	yjgI	ko:K00059,ko:K19336	ko00061,ko00333,ko00780,ko01040,ko01100,ko01130,ko01212,map00061,map00333,map00780,map01040,map01100,map01130,map01212
WP_000501615	P	ABC transporter permease	yejB	ko:K13894	ko02010,map02010
WP_000502866	K	ParB-like nuclease domain	-	-	-
WP_000502941	K	ParB-like nuclease domain	ybdM	-	-
WP_000503931	U	Part of the twin-arginine translocation (Tat) system that transports large folded proteins containing a characteristic twin-arginine motif in their signal peptide across membranes. TatE shares overlapping functions with TatA	tatE	ko:K03425	ko03060,ko03070,map03060,map03070
WP_000505359	K	Bacterial regulatory proteins, lacI family	cytR_1	-	-
WP_000506485	I	Catalyzes the reduction of a carbon-carbon double bond in an enoyl moiety that is covalently linked to an acyl carrier protein (ACP). Involved in the elongation cycle of fatty acid which are used in the lipid metabolism and in the biotin biosynthesis	fabI	ko:K00208	ko00061,ko00333,ko00780,ko01100,ko01130,ko01212,map00061,map00333,map00780,map01100,map01130,map01212
WP_000507036	S	Phage terminase large subunit (GpA)	-	-	-
WP_000508177	S	Proteolipid membrane potential modulator	yqaE	-	-
WP_000510962	U	Forms an efflux pump with AaeA. Could function as a metabolic relief valve, allowing to eliminate certain compounds when they accumulate to high levels in the cell	aaeB	ko:K03468	-
WP_000511021	KT	The phage shock protein (psp) operon (pspABCDE) may play a significant role in the competition for survival under nutrient- or energy-limited conditions. PspA negatively regulates expression of the pspABCDE promoter and of pspG through negative regulation of the psp-specific transcriptional activator PspF. Is also required for membrane integrity, efficient translocation and maintenance of the proton motive force	pspA	ko:K03969	-
WP_000511315	S	Transglycosylase associated protein	ymgE	-	-
WP_000511501	O	Required for disulfide bond formation in some proteins. Part of a redox system composed of DsbI and DsbL that mediates formation of an essential disulfide bond in AssT	dsbI	ko:K03611	-
WP_000512153	S	Transglycosylase associated protein	yeaQ	-	-
WP_000512386	E	Ethanolamine utilisation protein, EutH	eutH	ko:K04023	-
WP_000513672	IQ	Catalyzes the reduction of dihydromonapterin to tetrahydromonapterin. Also has lower activity with dihydrofolate	folM	ko:K03793,ko:K13938	ko00670,ko00790,ko01100,map00670,map00790,map01100
WP_000513737	S	Domain of unknown function (DUF1869)	yoaG	-	-
WP_000513768	E	asparaginase	iaaA	ko:K01424,ko:K13051	ko00250,ko00460,ko01100,ko01110,map00250,map00460,map01100,map01110
WP_000514244	K	transcriptional	yiaJ	ko:K21602	-
WP_000516135	O	Heat shock 70 kDa protein	dnaK	ko:K04043	ko03018,ko04212,ko05152,map03018,map04212,map05152
WP_000516990	S	3,4-dihydroxyphenylacetate 2,3-dioxygenase	hpaD	ko:K00455	ko00350,ko01120,ko01220,map00350,map01120,map01220
WP_000517100	S	response to butan-1-ol	yibT	-	-
WP_000517443	IQ	oxidoreductase activity	ucpA	ko:K00059,ko:K18335	ko00051,ko00061,ko00333,ko00780,ko01040,ko01100,ko01120,ko01130,ko01212,map00051,map00061,map00333,map00780,map01040,map01100,map01120,map01130,map01212
WP_000517476	D	Essential cell division protein. May link together the upstream cell division proteins, which are predominantly cytoplasmic, with the downstream cell division proteins, which are predominantly periplasmic	ftsB	ko:K05589	-
WP_000520696	NU	cell adhesion	ydeQ	-	-
WP_000520781	S	Involved in the modulation of the specificity of the ClpAP-mediated ATP-dependent protein degradation	clpS	ko:K06891	-
WP_000522208	S	Bacterial protein of unknown function (DUF937)	yidB	-	-
WP_000522247	G	pts system	crr	ko:K02777	ko00010,ko00500,ko00520,ko02026,ko02060,ko05111,map00010,map00500,map00520,map02026,map02060,map05111
WP_000522413	S	response to potassium ion	ygaU	-	-
WP_000522651	S	Escherichia coli O157 H7 ortholog z1888	-	-	-
WP_000523616	S	May function as iron donor in the assembly of iron- sulfur clusters	iscX	-	-
WP_000523844	K	Transcriptional repressor that controls expression of the genes required for the catabolism of sialic acids	nanR	ko:K22104	-
WP_000523864	P	Translocates 4-amino-4-deoxy-L-arabinose- phosphoundecaprenol (alpha-L-Ara4N-phosphoundecaprenol) from the cytoplasmic to the periplasmic side of the inner membrane	arnF	ko:K12963	ko01503,map01503
WP_000524080	S	peroxiredoxin activity	ynjA	-	-
WP_000524861	S	GlpM protein	ydgC	ko:K02442	-
WP_000524940	E	Aminotransferase class-V	JD73_00825	ko:K00652	ko00780,ko01100,map00780,map01100
WP_000525176	J	Responsible for synthesis of pseudouridine from uracil	rluA	ko:K06177	-
WP_000525568	O	once thought to export heme, this seems not to be the case, but its exact role is uncertain. Responsible for energy coupling to the transport system	ccmA	ko:K02193	ko02010,map02010
WP_000526135	L	pct identical to residues 1 to 152 of 152 from SwissProt.40 sp Q57334 T200_SALTY Transposase for insertion sequence element IS200	-	ko:K07491	-
WP_000527819	G	Belongs to the mannitol dehydrogenase family	ydfI	ko:K00040	ko00040,ko01100,map00040,map01100
WP_000527844	U	Involved in the TonB-dependent energy-dependent transport of various receptor-bound substrates. Protects ExbD from proteolytic degradation and functionally stabilizes TonB	exbB	ko:K03561	-
WP_000527955	F	Plays an important role in the de novo pathway of purine nucleotide biosynthesis. Catalyzes the first committed step in the biosynthesis of AMP from IMP	purA	ko:K01939	ko00230,ko00250,ko01100,map00230,map00250,map01100
WP_000528342	S	fumarate hydratase activity	ydhZ	-	-
WP_000528376	C	Mediates electron flow from quinones to the NapAB complex	napC	ko:K02569	-
WP_000528541	S	Uptake of acetate and succinate. Transport is energetically dependent on the protonmotive force	yaaH	ko:K07034	-
WP_000528603	P	Mediates the uptake of L-fucose across the boundary membrane with the concomitant transport of protons into the cell (symport system). Can also transport L-galactose and D-arabinose, but at reduced rates compared with L-fucose. Is not able to transport L-rhamnose and L-arabinose	fucP	ko:K02429	-
WP_000529576	F	Catalyzes the reversible transfer of the terminal phosphate of ATP to form a long-chain polyphosphate (polyP)	ppk	ko:K00937	ko00190,ko03018,map00190,map03018
WP_000529945	J	Binds the lower part of the 30S subunit head. Binds mRNA in the 70S ribosome, positioning it for translation	rpsC	ko:K02982	ko03010,map03010
WP_000531209	O	Glutathione S-Transferase	yqjG	ko:K07393	-
WP_000531594	P	Part of the ABC transporter complex PotABCD involved in spermidine putrescine import. Responsible for energy coupling to the transport system	potA	ko:K02052,ko:K11072,ko:K11076	ko02010,ko02024,map02010,map02024
WP_000531924	I	Catalyzes the final step of fatty acid oxidation in which acetyl-CoA is released and the CoA ester of a fatty acid two carbons shorter is formed	fadI	ko:K00632	ko00071,ko00280,ko00281,ko00362,ko00592,ko00642,ko01100,ko01110,ko01120,ko01130,ko01212,map00071,map00280,map00281,map00362,map00592,map00642,map01100,map01110,map01120,map01130,map01212
WP_000532923	K	transcriptional regulatory protein YeeN	yeeN	-	-
WP_000533536	T	Phosphate starvation-inducible protein	phoH	ko:K06217	-
WP_000534351	G	The phosphoenolpyruvate-dependent sugar phosphotransferase system (PTS), a major carbohydrate active -transport system, catalyzes the phosphorylation of incoming sugar substrates concomitant with their translocation across the cell membrane. This system is involved in N-acetylgalactosamine transport	agaD	ko:K10986	ko00052,ko02060,map00052,map02060
WP_000534384	E	amino acid	lysP	ko:K11733	-
WP_000534637	S	Dimethyl sulfoxide reductase	dmsC	ko:K07308,ko:K07312	ko00920,map00920
WP_000535015	V	COG0732 Restriction endonuclease S subunits	-	ko:K01154	-
WP_000535436	Q	amine oxidase	tynA	ko:K00276	ko00260,ko00350,ko00360,ko00410,ko00950,ko00960,ko01100,ko01110,map00260,map00350,map00360,map00410,map00950,map00960,map01100,map01110
WP_000535949	EG	EamA-like transporter family	yicL	-	-
WP_000537418	O	Belongs to the class-II pyridine nucleotide-disulfide oxidoreductase family	trxB	ko:K00384	ko00450,map00450
WP_000538191	S	response to peptide	yjjB	-	-
WP_000539521	S	RelE toxin of RelE / RelB toxin-antitoxin system	-	-	-
WP_000540946	S	Involved in the anaerobic nitrogen utilization via the assimilation of allantoin. Catalyzes the second stereospecific hydrolysis reaction (deamination) of the allantoin degradation pathway, producing S-ureidoglycolate and ammonia from S- ureidoglycine	ylbA	ko:K14977	ko00230,ko01120,map00230,map01120
WP_000542773	P	Phosphonate C-P lyase system protein PhnG	phnG	ko:K06166	ko00440,map00440
WP_000543535	K	Negatively regulates transcription of bacterial ribonucleotide reductase nrd genes and operons by binding to NrdR- boxes	nrdR	ko:K07738	-
WP_000543604	E	Catalyzes the conversion of 4-hydroxy- tetrahydrodipicolinate (HTPA) to tetrahydrodipicolinate	dapB	ko:K00215	ko00261,ko00300,ko01100,ko01110,ko01120,ko01130,ko01230,map00261,map00300,map01100,map01110,map01120,map01130,map01230
WP_000543916	K	Homoprotocatechuate degradative operon repressor	hpaR	-	-
WP_000544359	T	Member of the two-component regulatory system YpdA YpdB, which is part of a nutrient-sensing regulatory network composed of YpdA YpdB, the high-affinity pyruvate signaling system BtsS BtsR and their respective target proteins, YhjX and YjiY. YpdA activates YpdB by phosphorylation in response to high concentrations of extracellular pyruvate. Activation of the YpdA YpdB signaling cascade also promotes BtsS BtsR-mediated yjiY expression	ypdA	ko:K02478	-
WP_000544474	G	PTS system N-acetylgalactosamine-specific	agaC	ko:K10985	ko00052,ko02060,map00052,map02060
WP_000544830	L	Residues 1 to 244 of 251 are 41.60 pct identical to residues 1 to 250 of 298 from SwissProt.40 sp P55500 Y4IQ_RHISN	-	-	-
WP_000545042	C	NDH-1 shuttles electrons from NADH, via FMN and iron- sulfur (Fe-S) centers, to quinones in the respiratory chain. The immediate electron acceptor for the enzyme in this species is believed to be ubiquinone. Couples the redox reaction to proton translocation (for every two electrons transferred, four hydrogen ions are translocated across the cytoplasmic membrane), and thus conserves the redox energy in a proton gradient	nuoE	ko:K00334	ko00190,ko01100,map00190,map01100
WP_000545304	K	transcriptional regulator	-	-	-
WP_000545677	P	Low-affinity potassium transport system. Interacts with Trk system potassium uptake protein TrkA	trkH	ko:K03498	-
WP_000547555	S	regulation of mRNA catabolic process	higB	ko:K19166	-
WP_000547760	S	Domain of Unknown Function (DUF350)	yjfL	ko:K08989	-
WP_000548294	K	DNA-binding transcription factor activity	yeiE	-	-
WP_000548347	E	Catalyzes the anaerobic formation of alpha-ketobutyrate and ammonia from threonine in a two-step reaction. The first step involved a dehydration of threonine and a production of enamine intermediates (aminocrotonate), which tautomerizes to its imine form (iminobutyrate). Both intermediates are unstable and short- lived. The second step is the nonenzymatic hydrolysis of the enamine imine intermediates to form 2-ketobutyrate and free ammonia. In the low water environment of the cell, the second step is accelerated by RidA	tdcB	ko:K01754	ko00260,ko00290,ko01100,ko01110,ko01130,ko01200,ko01230,map00260,map00290,map01100,map01110,map01130,map01200,map01230
WP_000548675	G	L-arabinose-binding periplasmic protein	araF	ko:K10537	ko02010,map02010
WP_000550422	H	Transfers 2-(5''-triphosphoribosyl)-3'- dephosphocoenzyme-A on a serine residue to the apo-acyl carrier protein (gamma chain) of the citrate lyase to yield holo-acyl carrier protein	citX	ko:K05964	ko02020,map02020
WP_000551270	V	Involved in lipid A export and possibly also in glycerophospholipid export and for biogenesis of the outer membrane. Transmembrane domains (TMD) form a pore in the inner membrane and the ATP-binding domain (NBD) is responsible for energy generation	msbA	ko:K11085	ko02010,map02010
WP_000551977	P	sugar efflux transporter	setB	ko:K03291	-
WP_000553239	P	Psort location CytoplasmicMembrane, score	-	ko:K16785	ko02010,map02010
WP_000553451	G	inositol metabolic process	suhB	ko:K01092	ko00521,ko00562,ko01100,ko04070,map00521,map00562,map01100,map04070
WP_000553553	F	This enzyme scavenges exogenous and endogenous cytidine and 2'-deoxycytidine for UMP synthesis	cdd	ko:K01489	ko00240,ko00983,ko01100,map00240,map00983,map01100
WP_000554146	S	Probably a connector protein for RcsB C regulation of biofilm formation, providing additional signal input into the two- component signaling pathway. Partially antagonizes the activities of YmgA and AriR, proteins that, via the Rcs phosphorelay, promote the synthesis of colanic acid, an exopolysaccharide and matrix component	ycgZ	ko:K21974	-
WP_000554755	D	Antitoxin component of a toxin-antitoxin (TA) module	yafN	ko:K19161	-
WP_000554934	K	UTRA domain	-	ko:K03710	-
WP_000555620	P	Zinc-uptake complex component A periplasmic	sitA	ko:K02077,ko:K09818,ko:K11604	ko02010,map02010
WP_000555849	F	Catalyzes the hydrolysis of 10-formyltetrahydrofolate (formyl-FH4) to formate and tetrahydrofolate (FH4)	purU	ko:K01433	ko00630,ko00670,map00630,map00670
WP_000556304	S	Catalyzes the addition of a phosphoethanolamine moiety to the outer membrane lipopolysaccharide core	cptA	ko:K19353	ko00540,map00540
WP_000556746	S	-	-	-	-
WP_000557378	P	Plays a role in the correct assembly of subunits of the periplasmic NapAB enzyme	napD	ko:K02570	-
WP_000557701	S	Protein of unknown function (DUF2732)	-	-	-
WP_000558209	S	cellular response to DNA damage stimulus	yjeI	-	-
WP_000558259	P	High-affinity gluconate transporter with fairly broad specificity, including low affinity for glucuronate, several disaccharides, and some hexoses, but not glucose	gntP	ko:K16321	-
WP_000558523	S	Involved in the degradation of phospho-AI-2, thereby terminating induction of the lsr operon and closing the AI-2 signaling cycle. Catalyzes the conversion of (4S)-4-hydroxy-5- phosphonooxypentane-2,3-dione (P-DPD) to 3-hydroxy-5- phosphonooxypentane-2,4-dione (P-HPD)	lsrG	ko:K11530	ko02024,map02024
WP_000558842	S	protein conserved in bacteria containing a divergent form of TPR repeats	-	-	-
WP_000559127	T	Member of the two-component regulatory system AtoS AtoC. In the presence of acetoacetate, AtoS AtoC stimulates the expression of the atoDAEB operon, leading to short chain fatty acid catabolism and activation of the poly-(R)-3-hydroxybutyrate (cPHB) biosynthetic pathway. Also induces the operon in response to spermidine. Involved in the regulation of motility and chemotaxis, via transcriptional induction of the flagellar regulon. AtoS is a membrane-associated kinase that phosphorylates and activates AtoC in response to environmental signals	atoS	ko:K07710	ko02020,map02020
WP_000559277	IQ	organic substance catabolic process	yciK	-	-
WP_000559764	S	YfcL protein	yfcL	-	-
WP_000559899	M	Belongs to the MscS (TC 1.A.23) family	ynaI	ko:K16052	-
WP_000560211	S	Causes inhibition of cell division. At high levels of expression, can also abolish the rod shape of the cells. Division inhibition by KilR can be relieved by overexpression of the cell division protein FtsZ	kilR	-	-
WP_000560983	J	rejects L-amino acids rather than detecting D-amino acids in the active site. By recycling D-aminoacyl-tRNA to D-amino acids and free tRNA molecules, this enzyme counteracts the toxicity associated with the formation of D-aminoacyl-tRNA entities in vivo and helps enforce protein L-homochirality	dtd	ko:K07560	-
WP_000562982	S	4-hydroxybenzoate decarboxylase	bsdD	ko:K21759	ko00627,ko01120,ko01220,map00627,map01120,map01220
WP_000564489	L	Accelerates the degradation of transcripts by removing pyrophosphate from the 5'-end of triphosphorylated RNA, leading to a more labile monophosphorylated state that can stimulate subsequent ribonuclease cleavage	nudH	ko:K08311	ko03018,map03018
WP_000564730	J	Catalyzes carboxymethyl transfer from carboxy-S- adenosyl-L-methionine (Cx-SAM) to 5-hydroxyuridine (ho5U) to form 5-carboxymethoxyuridine (cmo5U) at position 34 in tRNAs	cmoB	ko:K15257	-
WP_000565966	M	involved in the biosynthesis of lipid A, a phosphorylated glycolipid that anchors the lipopolysaccharide to the outer membrane of the cell	lpxA	ko:K00677	ko00540,ko01100,ko01503,map00540,map01100,map01503
WP_000566382	E	Catalyzes the cleavage of L-allo-threonine and L- threonine to glycine and acetaldehyde. L-threo-phenylserine and L- erythro-phenylserine are also good substrates	ltaE	ko:K01620,ko:K20801	ko00260,ko01100,ko01110,ko01120,ko01130,ko01230,map00260,map01100,map01110,map01120,map01130,map01230
WP_000568275	C	A terminal oxidase that produces a proton motive force by the vectorial transfer of protons across the inner membrane. It is the component of the aerobic respiratory chain of E.coli that predominates when cells are grown at low aeration. Generates a proton motive force using protons and electrons from opposite sides of the membrane to generate H(2)O, transferring 1 proton electron	cydB	ko:K00426	ko00190,ko01100,ko02020,map00190,map01100,map02020
WP_000568417	E	Catalyzes the hydrolytic cleavage of a subset of L- isoaspartyl (L-beta-aspartyl) dipeptides. Used to degrade proteins damaged by L-isoaspartyl residues formation	iadA	ko:K01305	-
WP_000568522	L	The RuvA-RuvB complex in the presence of ATP renatures cruciform structure in supercoiled DNA with palindromic sequence, indicating that it may promote strand exchange reactions in homologous recombination. RuvAB is a helicase that mediates the Holliday junction migration by localized denaturation and reannealing	ruvB	ko:K03551	ko03440,map03440
WP_000568924	J	Responsible for synthesis of pseudouridine from uracil- 13 in transfer RNAs	truD	ko:K06176	-
WP_000569080	E	Glutamine transport ATP-binding protein glnQ	glnQ	ko:K02028,ko:K02029,ko:K09972,ko:K10004,ko:K10010,ko:K10038	ko02010,ko02020,map02010,map02020
WP_000569343	P	ATP-binding protein	yehX	ko:K05847	ko02010,map02010
WP_000569963	E	Part of the histidine permease ABC transporter. Also part of a lysine arginine ornithine transporter. Probably responsible for the translocation of the substrate across the membrane. Required to relay the ATPase-inducing signal from the solute-binding protein to HisP (By similarity)	hisM	ko:K10015	ko02010,map02010
WP_000570668	T	Probably interacts with the ribosomes in a GTP dependent manner	typA	ko:K06207	-
WP_000571479	P	High-affinity zinc uptake system membrane protein ZnuB	znuB	ko:K09816	ko02010,map02010
WP_000571705	C	Chaperone required for proper molybdenum cofactor insertion and final assembly of the membrane-bound respiratory nitrate reductase 1. Required for the insertion of the molybdenum into the apo-NarG subunit, maybe by keeping NarG in an appropriate competent-open conformation for the molybdenum cofactor insertion to occur. NarJ maintains the apoNarGH complex in a soluble state. Upon insertion of the molybdenum cofactor, NarJ seems to dissociate from the activated soluble NarGH complex, before its association with the NarI subunit on the membrane	narJ	ko:K00373	ko02020,map02020
WP_000572164	G	probably responsible for the translocation of the substrate across the membrane	ugpE	ko:K05815	ko02010,map02010
WP_000572439	C	flavin adenine dinucleotide binding	ygfM	ko:K12529	ko00450,map00450
WP_000572620	D	Plays a central role in chromosome condensation, segregation and cell cycle progression. Functions as a homodimer, which is essential for chromosome partition. Involved in negative DNA supercoiling in vivo, and by this means organize and compact chromosomes. May achieve or facilitate chromosome segregation by condensation DNA from both sides of a centrally located replisome during cell division	mukB	ko:K03632	-
WP_000573321	G	PTS system glucitol sorbitol-specific	srlA	ko:K02783	ko00051,ko02060,map00051,map02060
WP_000573407	P	Belongs to the ABC transporter superfamily	sapF	ko:K02031,ko:K02032,ko:K13892,ko:K13896,ko:K19229,ko:K19230	ko01503,ko02010,ko02024,map01503,map02010,map02024
WP_000573618	K	MetR is a positive activator of the metA, metE and metH genes	metR	ko:K03576	-
WP_000574084	S	Acyltransferase	elaA	ko:K02348	-
WP_000575589	S	Amidohydrolase	-	-	-
WP_000576069	G	response to radiation	yiaL	-	-
WP_000576690	K	Regulates the expression of several genes involved in acid resistance. Required for the expression of gadA and gadBC, among others, regardless of media or growth conditions. Binds directly to the 20 bp GAD box found in the control regions of both loci	gadE	ko:K21907	-
WP_000576817	F	nicotinate-nucleotide diphosphorylase (carboxylating) activity	modD	ko:K03813	-
WP_000577032	G	TRAP-type C4-dicarboxylate transport system small permease component	-	-	-
WP_000579833	J	One of the primary rRNA binding proteins, it binds directly near the 3'-end of the 23S rRNA, where it nucleates assembly of the 50S subunit	rplC	ko:K02906	ko03010,map03010
WP_000580276	I	Short chain fatty acid transporter	atoE	ko:K02106	ko02020,map02020
WP_000580316	P	Required for the activity of the bacterial periplasmic transport system of putrescine and spermidine	potC	ko:K11070,ko:K11074	ko02010,map02010
WP_000580323	L	The RuvA-RuvB complex in the presence of ATP renatures cruciform structure in supercoiled DNA with palindromic sequence, indicating that it may promote strand exchange reactions in homologous recombination. RuvAB is a helicase that mediates the Holliday junction migration by localized denaturation and reannealing. RuvA stimulates, in the presence of DNA, the weak ATPase activity of RuvB	ruvA	ko:K03550	ko03440,map03440
WP_000580422	T	the biosynthesis of isoleucine and valine, the TraJ protein activation activity for tra gene expression in F plasmid, and the synthesis, translocation, or stability of cell envelope proteins. Activates	cpxA	ko:K07640	ko01503,ko02020,map01503,map02020
WP_000581937	K	Antitoxin component of a type II toxin-antitoxin (TA) system. Labile antitoxin that binds to the MazF endoribonuclease toxin and neutralizes its endoribonuclease activity. Is considered to be an 'addiction' molecule as the cell dies in its absence. Toxicity results when the levels of MazE decrease in the cell, leading to mRNA degradation. This effect can be rescued by expression of MazE, but after 6 hours in rich medium the overexpression of MazF leads to programmed cell death. Cell growth and viability are not affected when MazF and MazE are coexpressed. Both MazE and MazE-MazF bind to the promoter region of the mazE- mazF operon to inhibit their own transcription. There are 3 operators to which MazE binds. MazE has higher affinity for promoter DNA in the presence of MazF	chpR	ko:K07172	-
WP_000582444	J	Translation factor necessary for the incorporation of selenocysteine into proteins. It probably replaces EF-Tu for the insertion of selenocysteine directed by the UGA codon. SelB binds GTP and GDP	selB	ko:K03833	-
WP_000584114	S	Permease	lptF	ko:K07091	ko02010,map02010
WP_000584467	N	Autotransporter beta-domain	yhjY	-	-
WP_000586457	E	1-(5-phosphoribosyl)-5- (5-phosphoribosylamino)methylideneamino imidazole-4-carboxamide isomerase	hisA	ko:K01814	ko00340,ko01100,ko01110,ko01230,map00340,map01100,map01110,map01230
WP_000587586	S	-	ydhT	-	-
WP_000587750	GM	Catalyzes the interconversion between ADP-D-glycero- beta-D-manno-heptose and ADP-L-glycero-beta-D-manno-heptose via an epimerization at carbon 6 of the heptose	hldD	ko:K03274	ko00540,ko01100,map00540,map01100
WP_000587933	S	Belongs to the UPF0227 family	ycfP	ko:K07000	-
WP_000588474	D	Cell division protein that is involved in the assembly of the Z ring. May serve as a membrane anchor for the Z ring	ftsA	ko:K03590	ko04112,map04112
WP_000589046	T	Sigma-E factor regulatory protein RseC	rseC	ko:K03803	-
WP_000589828	M	Belongs to the ompA family	yfiB	-	-
WP_000590810	V	ATPase activity, coupled to transmembrane movement of substances	-	-	-
WP_000591795	F	Catalyzes the phosphorylation of D-fructose 6-phosphate to fructose 1,6-bisphosphate by ATP, the first committing step of glycolysis	pfkA	ko:K00850	ko00010,ko00030,ko00051,ko00052,ko00680,ko01100,ko01110,ko01120,ko01130,ko01200,ko01230,ko03018,ko04152,ko05230,map00010,map00030,map00051,map00052,map00680,map01100,map01110,map01120,map01130,map01200,map01230,map03018,map04152,map05230
WP_000592809	T	swimming returnes to normal when residues 206-207 are both mutated to Ala. Overexpression also leads to a reduction in flagellar abundance and a 20-fold increase in c-di- GMP levels in vivo. Required for aminoglycoside-mediated induction of biofilm formation, it also plays a lesser role in biofilm production in response to other classes of translation inhibitors. The c-di-GMP produced by this enzyme up-regulates poly-GlcNAc production as well as the biofilm synthesis protein PgaD, although c-di-GMP is probably not the main inducing principle. Cyclic-di- GMP is a second messenger which controls cell surface-associated traits in bacteria	ydeH	ko:K13069	-
WP_000593260	F	glutathione synthase activity	gshB	ko:K01920	ko00270,ko00480,ko01100,map00270,map00480,map01100
WP_000593994	P	Part of the ABC transporter complex MetNIQ involved in methionine import. Responsible for energy coupling to the transport system	metN	ko:K02071	ko02010,map02010
WP_000594819	NU	Part of the yadCKLM-htrE-yadVN fimbrial operon. Could contribute to adhesion to various surfaces in specific environmental niches	yadM	-	-
WP_000595102	M	it may function in amino acid uptake salvage, or possibly in peptidoglycan linkage. Catalyzes the hydrolysis and transpeptidation of many gamma-glutamyl compounds (including some D-gamma-glutamyl substrates), with a preference for basic and aromatic amino acids as acceptors. The KM values for gamma-glutamyl acceptors are so high that it has been proposed transpeptidation is not the physiological role in E.coli	ggt	ko:K00681	ko00430,ko00460,ko00480,ko01100,map00430,map00460,map00480,map01100
WP_000595482	M	Catalyzes the hydrolysis of UDP-3-O-myristoyl-N- acetylglucosamine to form UDP-3-O-myristoylglucosamine and acetate, the committed step in lipid A biosynthesis	lpxC	ko:K02535	ko00540,ko01100,map00540,map01100
WP_000596109	S	-	yaiO	-	-
WP_000597196	M	Outer membrane lipoprotein slyB	slyB	ko:K06077	-
WP_000598614	H	Involved in sulfur transfer in the conversion of molybdopterin precursor Z to molybdopterin	moaD	ko:K03636	ko04122,map04122
WP_000598760	S	HicA toxin of bacterial toxin-antitoxin,	-	-	-
WP_000599651	P	galactarate transporter	garP	ko:K03535,ko:K12299	-
WP_000599806	L	ATP-dependent endonuclease of the OLD family	ybjD	ko:K07459	-
WP_000599923	OU	cellular response to DNA damage stimulus	yqiJ	-	-
WP_000600541	H	Catalyzes a proton abstraction reaction that results in 2,5-elimination of pyruvate from 2-succinyl-5-enolpyruvyl-6- hydroxy-3-cyclohexene-1-carboxylate (SEPHCHC) and the formation of 2-succinyl-6-hydroxy-2,4-cyclohexadiene-1-carboxylate (SHCHC)	menH	ko:K08680	ko00130,ko01100,ko01110,map00130,map01100,map01110
WP_000600625	G	ribulose-phosphate 3-epimerase activity	sgcE	ko:K14587	-
WP_000600725	C	Regulatory subunit of a potassium efflux system that confers protection against electrophiles. Required for full activity of KefC. Shows redox enzymatic activity, but this enzymatic activity is not required for activation of KefC	kefF	ko:K11746	-
WP_000603518	IQ	Catalyzes the reversible reduction of 2,5-diketo-3- deoxygluconate (DKII or 4,6-dihydroxy-2,5-dioxohexanoate) into 2- keto-3-deoxygluconate (KDG or 2-dehydro-3-deoxygluconate) with a concomitant oxidation of NADH (Ref.4). To a lesser extent, can also reduce 5-keto-D-gluconate and oxidize D-gluconate and 1,2- propanediol. Together with KduI, seems to play a role in the catabolism of hexuronates under osmotic stress conditions, substituting for the regular hexuronate degrading enzymes UxaABC and UxuAB whose expression is repressed in these conditions. In vitro, also exhibits NADH- dependent 20-ketosteroid reductase activity against eukaryotic steroid hormone 11-deoxycorticosterone (11-DOC), which is converted into the product 4-pregnen-20,21-diol-3-one. In addition to 11-DOC, five other C21 steroid compounds (11-deoxycortisol, cortisol, corticosterone, cortisone, and 21-hydroxypregnenolone) are reduced by KduD, but steroids lacking the hydroxyl group at C21 position, such as pregnenolone, testosterone propionate, cortisone acetate, or progesterone, cannot be used as substrate	kduD	ko:K00065	ko00040,map00040
WP_000604039	P	Molybdenum transport system permease protein ModB	modB	ko:K02018	ko02010,map02010
WP_000605090	S	Protein of unknown function (DUF2534)	ynaJ	-	-
WP_000605480	S	-	ybjH	-	-
WP_000605676	S	RelE-like toxin of type II toxin-antitoxin system HigB	-	ko:K07334	-
WP_000606405	G	The phosphoenolpyruvate-dependent sugar phosphotransferase system (sugar PTS), a major carbohydrate active -transport system, catalyzes the phosphorylation of incoming sugar substrates concomitantly with their translocation across the cell membrane	sgcA	ko:K02773,ko:K02821	ko00052,ko00053,ko01100,ko01120,ko02060,map00052,map00053,map01100,map01120,map02060
WP_000608464	S	Cell invasion protein SipD (Salmonella invasion protein D)	sipD	ko:K13287	ko05100,ko05131,ko05132,map05100,map05131,map05132
WP_000608644	L	Transposase DDE domain group 1	-	-	-
WP_000609663	C	Seems to be involved in the anchoring of the catalytic components of the fumarate reductase complex to the cytoplasmic membrane	frdD	ko:K00247	ko00020,ko00190,ko00620,ko00650,ko00720,ko01100,ko01110,ko01120,ko01130,ko01200,ko02020,map00020,map00190,map00620,map00650,map00720,map01100,map01110,map01120,map01130,map01200,map02020
WP_000610446	M	N-acetylglucosaminyltransferase that catalyzes the polymerization of single monomer units of UDP-N- acetylglucosamine to produce the linear homopolymer poly-beta-1,6- N-acetyl-D-glucosamine (PGA), a biofilm adhesin polysaccharide	pgaC	ko:K11936	ko02026,map02026
WP_000610901	P	ApaG domain	apaG	ko:K06195	-
WP_000611288	K	Member of the two-component regulatory system DcuR DcuS. Involved in the C4-dicarboxylate-stimulated regulation of the genes encoding the anaerobic fumarate respiratory system (frdABCD	dcuR	ko:K02475,ko:K07703,ko:K11615	ko02020,map02020
WP_000611328	K	Member of the two-component regulatory system UvrY BarA involved in the regulation of carbon metabolism via the CsrA CsrB regulatory system. UvrY activates the transcription of the untranslated csrB RNA and of barA, in an autoregulatory loop. Mediates the effects of CsrA on csrB RNA by BarA-dependent and BarA-independent mechanisms	uvrY	ko:K07689	ko02020,ko02025,ko02026,ko05111,map02020,map02025,map02026,map05111
WP_000611568	S	cellular response to DNA damage stimulus	yjhC	-	-
WP_000611911	K	Global transcription factor that controls the expression of over 100 target genes in response to anoxia. It facilitates the adaptation to anaerobic growth conditions by regulating the expression of gene products that are involved in anaerobic energy metabolism. When the terminal electron acceptor, O(2), is no longer available, it represses the synthesis of enzymes involved in aerobic respiration and increases the synthesis of enzymes required for anaerobic respiration	fnr	ko:K01420	-
WP_000612626	L	COG3436 Transposase and inactivated derivatives	-	ko:K07484	-
WP_000612640	C	NDH-1 shuttles electrons from NADH, via FMN and iron- sulfur (Fe-S) centers, to quinones in the respiratory chain. The immediate electron acceptor for the enzyme in this species is believed to be ubiquinone. Couples the redox reaction to proton translocation (for every two electrons transferred, four hydrogen ions are translocated across the cytoplasmic membrane), and thus conserves the redox energy in a proton gradient	nuoK	ko:K00340	ko00190,ko01100,map00190,map01100
WP_000613955	J	Binds to 23S rRNA. Forms part of two intersubunit bridges in the 70S ribosome	rplN	ko:K02874	ko03010,map03010
WP_000616245	P	Catalyzes the reaction of cyanate with bicarbonate to produce ammonia and carbon dioxide	cynS	ko:K01725	ko00910,map00910
WP_000616773	U	Membrane	ychE	ko:K05595	-
WP_000617122	C	Nitrate reductase gamma subunit	narI	ko:K00374	ko00910,ko01120,ko02020,map00910,map01120,map02020
WP_000617470	K	transferase activity, transferring acyl groups	yiaC	ko:K03826	-
WP_000617544	J	One of the early assembly proteins it binds 23S rRNA. One of the proteins that surrounds the polypeptide exit tunnel on the outside of the ribosome. Forms the main docking site for trigger factor binding to the ribosome	rplW	ko:K02892	ko03010,map03010
WP_000617723	D	Part of the ABC transporter FtsEX involved in cellular division. Important for assembly or stability of the septal ring	ftsE	ko:K09812	ko02010,map02010
WP_000619112	S	DinI-like family	-	ko:K12149	-
WP_000619389	O	Involved in iron-sulfur cluster biogenesis. Binds a 4Fe- 4S cluster, can transfer this cluster to apoproteins, and thereby intervenes in the maturation of Fe S proteins. Could also act as a scaffold chaperone for damaged Fe S proteins	nfuA	ko:K07400	-
WP_000619508	G	Involved in the anomeric conversion of L-rhamnose	rhaM	ko:K03534	-
WP_000620396	KLT	PhoP regulatory network protein YrbL	yrbL	-	-
WP_000620511	L	dna polymerase III delta subunit	holA	ko:K02340	ko00230,ko00240,ko01100,ko03030,ko03430,ko03440,map00230,map00240,map01100,map03030,map03430,map03440
WP_000620888	S	(Lipo)protein	yidQ	-	-
WP_000621336	S	Domain of unknown function (DUF1732)	yicC	-	-
WP_000621515	H	Catalyzes the pyruvoyl-dependent decarboxylation of aspartate to produce beta-alanine	panD	ko:K01579	ko00410,ko00770,ko01100,ko01110,map00410,map00770,map01100,map01110
WP_000622115	E	L-serine ammonia-lyase activity	sdaA	ko:K01752	ko00260,ko00270,ko01100,ko01110,ko01130,ko01200,ko01230,map00260,map00270,map01100,map01110,map01130,map01200,map01230
WP_000622290	K	Not known, does not seem to act on the proton translocating NADH dehydrogenase genes (nuoA-N) which are part of the lrhA operon	lrhA	-	-
WP_000622357	G	Belongs to the HpcH HpaI aldolase family	citE	ko:K01644	ko02020,map02020
WP_000622418	J	Responsible for the release of ribosomes from messenger RNA at the termination of protein biosynthesis. May increase the efficiency of translation by recycling ribosomes from one round of translation to another	frr	ko:K02838	-
WP_000623043	Q	protein Irp2 TR Q9Z399 (EMBL AL031866) (2041 aa) fasta scores E() 0	irp2	ko:K04784,ko:K04786,ko:K12239	ko01053,map01053
WP_000623136	G	General (non sugar-specific) component of the phosphoenolpyruvate-dependent sugar phosphotransferase system (sugar PTS). This major carbohydrate active-transport system catalyzes the phosphorylation of incoming sugar substrates concomitantly with their translocation across the cell membrane. Enzyme I transfers the phosphoryl group from phosphoenolpyruvate (PEP) to the phosphoryl carrier protein (HPr)	ptsI	ko:K08483,ko:K11189,ko:K11201	ko02060,map02060
WP_000624107	S	Type-F conjugative transfer system pilin chaperone (TraQ)	-	-	-
WP_000624292	E	L-serine dehydratase 1	sdaA	ko:K01752	ko00260,ko00270,ko01100,ko01110,ko01130,ko01200,ko01230,map00260,map00270,map01100,map01110,map01130,map01200,map01230
WP_000624375	H	Key enzyme in folate metabolism. Catalyzes an essential reaction for de novo glycine and purine synthesis, and for DNA precursor synthesis	folA	ko:K00287,ko:K18590	ko00670,ko00790,ko01100,ko01523,map00670,map00790,map01100,map01523
WP_000625622	L	IS66 Orf2 like protein	-	ko:K07484	-
WP_000625658	D	Essential cell division protein. May link together the upstream cell division proteins, which are predominantly cytoplasmic, with the downstream cell division proteins, which are predominantly periplasmic	ftsL	ko:K03586	-
WP_000625837	N	Belongs to the flagella basal body rod proteins family	flgG	ko:K02392	ko02040,map02040
WP_000626187	S	response to ethanol	uspB	ko:K06144	-
WP_000626398	E	l-serine dehydratase	sdaB	ko:K01752	ko00260,ko00270,ko01100,ko01110,ko01130,ko01200,ko01230,map00260,map00270,map01100,map01110,map01130,map01200,map01230
WP_000627804	S	Acts as a radical domain for damaged PFL and possibly other radical proteins	grcA	ko:K06866	-
WP_000627995	S	Catalyzes the hydrolysis of the N-glycosidic bond of diverse pyrimidine and purine nucleotide 5'-monophosphates, to form ribose 5-phosphate and the corresponding free base. Can use AMP, GMP, IMP, CMP, dTMP and UMP as substrates. Cannot catalyze the reverse reactions	ygdH	ko:K06966	ko00230,ko00240,map00230,map00240
WP_000628565	P	ATPase activity, coupled to movement of substances	yddA	ko:K02471	ko02010,map02010
WP_000628659	K	transcriptional regulator	galS	ko:K02529	-
WP_000631384	P	Part of the ABC transporter complex GltIJKL involved in glutamate and aspartate uptake. Probably responsible for energy coupling to the transport system	gltL	ko:K02028,ko:K02029,ko:K09972,ko:K10004,ko:K10010,ko:K10038	ko02010,ko02020,map02010,map02020
WP_000632281	H	Catalyzes the activation of phenylacetic acid (PA) to phenylacetyl-CoA (PA-CoA)	paaK	ko:K01912	ko00360,ko01120,ko05111,map00360,map01120,map05111
WP_000633080	S	Lipopolysaccharide core biosynthesis protein (WaaY)	waaY	ko:K02850	ko00540,ko01100,map00540,map01100
WP_000633668	K	Part of the UhpABC signaling cascade that controls the expression of the hexose phosphate transporter UhpT. Activates the transcription of the uhpT gene. Acts by binding specifically to the uhpT promoter region	uhpA	ko:K07686,ko:K07689,ko:K20264	ko02020,ko02024,ko02025,ko02026,ko05111,map02020,map02024,map02025,map02026,map05111
WP_000633911	D	VirC1 protein	-	ko:K03496	-
WP_000634155	S	Immunity protein 35	yrhB	-	-
WP_000634253	M	Lipopolysaccharide core biosynthesis protein RfaG	rfaG	ko:K02844	ko00540,ko01100,map00540,map01100
WP_000635534	J	Rescues stalled ribosomes. Can hydrolyze peptidyl-tRNA on ribosomes stalled by both non-stop mRNAs and mRNAs that contain rare codon clusters or ribosomes stalled in the middle of mRNA. First identified as a complementary ribosome rescue system when the stalled ribosome cannot be rescued by the SsrA(tmRNA)-SmpB quality control system or the alternative ribosome-rescue factor A (arfA)	yaeJ	ko:K15034	-
WP_000636575	S	NADP-dependent dehydrogenase with broad substrate specificity acting on 3-hydroxy acids. Catalyzes the NADP- dependent oxidation of L-allo-threonine to L-2-amino-3-keto- butyrate, which is spontaneously decarboxylated into aminoacetone. Also acts on D-threonine, L-serine, D-serine, D-3- hydroxyisobutyrate, L-3-hydroxyisobutyrate, D-glycerate and L- glycerate. Able to catalyze the reduction of the malonic semialdehyde to 3-hydroxypropionic acid. YdfG is apparently supplementing RutE, the presumed malonic semialdehyde reductase involved in pyrimidine degradation since both are able to detoxify malonic semialdehyde	ydfG	ko:K16066	ko00240,ko00260,ko01100,map00240,map00260,map01100
WP_000637986	Q	Catalyzes the hydrolysis of 1,4-dihydroxy-2-naphthoyl- CoA (DHNA-CoA) to 1,4-dihydroxy-2-naphthoate (DHNA)	menI	ko:K19222	ko00130,ko01100,ko01110,map00130,map01100,map01110
WP_000638031	P	Translocates 4-amino-4-deoxy-L-arabinose- phosphoundecaprenol (alpha-L-Ara4N-phosphoundecaprenol) from the cytoplasmic to the periplasmic side of the inner membrane	arnE	ko:K12962	ko01503,map01503
WP_000639821	S	however, may provide a mechanism that would avoid inhibition of key cellular proteins, such as DNA gyrase, by quercetin	yhhW	ko:K06911	-
WP_000639883	S	Protein of unknown function (DUF2545)	yfdY	-	-
WP_000639996	H	Converts o-succinylbenzoyl-CoA (OSB-CoA) to 1,4- dihydroxy-2-naphthoyl-CoA (DHNA-CoA)	menB	ko:K01661	ko00130,ko01100,ko01110,map00130,map01100,map01110
WP_000640107	S	Protein of unknown function (DUF1133)	-	-	-
WP_000642212	M	of the peptidoglycan cell wall at the division septum	ftsI	ko:K03587	ko00550,ko01501,map00550,map01501
WP_000642344	K	transcriptional regulator	fucR	ko:K02430	-
WP_000642407	C	acetaldehyde catabolic process	adhP	ko:K00001,ko:K13953	ko00010,ko00071,ko00350,ko00625,ko00626,ko00830,ko00980,ko00982,ko01100,ko01110,ko01120,ko01130,ko01220,map00010,map00071,map00350,map00625,map00626,map00830,map00980,map00982,map01100,map01110,map01120,map01130,map01220
WP_000642546	P	Involved in the bidirectional transport of formate	focA	ko:K06212	-
WP_000642852	S	Protein of unknown function (DUF421)	ycaP	-	-
WP_000644685	M	Murein-degrading enzyme. May play a role in recycling of muropeptides during cell elongation and or cell division (By similarity)	mltD	ko:K08307	-
WP_000644741	J	ribosomal protein L29	rpmC	ko:K02904	ko03010,map03010
WP_000644908	K	transcriptional	cytR	ko:K05499	-
WP_000645205	C	zinc ion binding	ydjL	-	-
WP_000645420	G	mannitol-1-phosphate 5-dehydrogenase activity	mtlD	ko:K00009	ko00051,map00051
WP_000646014	C	Catalyzes the NAD( )-dependent oxidation of L-threonine to 2-amino-3-ketobutyrate	tdh	ko:K00060	ko00260,map00260
WP_000646049	S	Periplasmic or secreted lipoprotein	yraP	-	-
WP_000646078	K	Represses a number of genes involved in the response to DNA damage (SOS response), including recA and lexA. Binds to the 16 bp palindromic sequence 5'-CTGTATATATATACAG-3'. In the presence of single-stranded DNA, RecA interacts with LexA causing an autocatalytic cleavage which disrupts the DNA-binding part of LexA, leading to derepression of the SOS regulon and eventually DNA repair	lexA	ko:K01356	-
WP_000646842	K	Transcriptional regulator	ypdC	-	-
WP_000646923	O	prohibitin homologues	-	-	-
WP_000647907	S	Domain of unknown function (DUF1287)	yijF	ko:K09974	-
WP_000648420	M	Lipoprotein leucine-zipper	lpp	ko:K06078	-
WP_000648583	K	Transcriptional regulator	yafC	-	-
WP_000649530	S	COG0790 FOG TPR repeat, SEL1 subfamily	yibG	-	-
WP_000650323	I	Catalyzes the phosphatidyl group transfer from one phosphatidylglycerol molecule to another to form cardiolipin (CL) (diphosphatidylglycerol) and glycerol	clsB	ko:K06131	ko00564,ko01100,map00564,map01100
WP_000650973	K	Helix-turn-helix domain	-	ko:K07726	-
WP_000651599	P	Reversible hydration of carbon dioxide	can	ko:K01673	ko00910,map00910
WP_000651752	S	-	-	-	-
WP_000653944	K	DNA-dependent RNA polymerase catalyzes the transcription of DNA into RNA using the four ribonucleoside triphosphates as substrates	rpoC	ko:K03046	ko00230,ko00240,ko01100,ko03020,map00230,map00240,map01100,map03020
WP_000654150	S	-	-	-	-
WP_000654503	M	slime layer organization	wcaA	-	-
WP_000654623	K	Acts both as a biotin-- acetyl-CoA-carboxylase ligase and a biotin-operon repressor. In the presence of ATP, BirA activates biotin to form the BirA-biotinyl-5'-adenylate (BirA-bio- 5'-AMP or holoBirA) complex. HoloBirA can either transfer the biotinyl moiety to the biotin carboxyl carrier protein (BCCP) subunit of acetyl-CoA carboxylase, or bind to the biotin operator site and inhibit transcription of the operon	birA	ko:K03524	ko00780,ko01100,map00780,map01100
WP_000655986	S	Protein of unknown function (DUF406)	yiiS	-	-
WP_000656011	I	Belongs to the thiolase family	yqeF	ko:K00626	ko00071,ko00072,ko00280,ko00310,ko00362,ko00380,ko00620,ko00630,ko00640,ko00650,ko00720,ko00900,ko01100,ko01110,ko01120,ko01130,ko01200,ko01212,ko02020,map00071,map00072,map00280,map00310,map00362,map00380,map00620,map00630,map00640,map00650,map00720,map00900,map01100,map01110,map01120,map01130,map01200,map01212,map02020
WP_000656352	S	phosphotriesterase homology protein	pteR	ko:K07048	-
WP_000657676	S	Protein of unknown function (DUF3343)	-	-	-
WP_000660483	J	Involved in the recycling of free 50S ribosomal subunits that still carry a nascent chain. Binds RNA more specifically than DNA. Binds with very high affinity to the free 50S ribosomal subunit. Does not bind it when it is part of the 70S ribosome	hslR	ko:K04762	-
WP_000660700	S	-	-	-	-
WP_000661623	E	Belongs to the carbamate kinase family	yahI	ko:K00926	ko00220,ko00230,ko00910,ko01100,ko01120,ko01200,map00220,map00230,map00910,map01100,map01120,map01200
WP_000662199	G	Pts system fructose-specific	-	ko:K02770	ko00051,ko01100,ko01120,ko02060,map00051,map01100,map01120,map02060
WP_000664216	S	-	-	-	-
WP_000665218	S	cofactor binding	yccU	ko:K06929	-
WP_000665680	S	Protein of unknown function (DUF2810)	yibL	ko:K14762	-
WP_000667319	F	Catalyzes the base-exchange of a guanine (G) residue with the queuine precursor 7-aminomethyl-7-deazaguanine (PreQ1) at position 34 (anticodon wobble position) in tRNAs with GU(N) anticodons (tRNA-Asp, -Asn, -His and -Tyr). Catalysis occurs through a double-displacement mechanism. The nucleophile active site attacks the C1' of nucleotide 34 to detach the guanine base from the RNA, forming a covalent enzyme-RNA intermediate. The proton acceptor active site deprotonates the incoming PreQ1, allowing a nucleophilic attack on the C1' of the ribose to form the product. After dissociation, two additional enzymatic reactions on the tRNA convert PreQ1 to queuine (Q), resulting in the hypermodified nucleoside queuosine (7-(((4,5-cis-dihydroxy-2- cyclopenten-1-yl)amino)methyl)-7-deazaguanosine)	tgt	ko:K00773	-
WP_000667429	GK	helix_turn_helix, Deoxyribose operon repressor	rbsK	-	-
WP_000668662	F	Catalyzes the ATP-dependent transfer of a sulfur to tRNA to produce 4-thiouridine in position 8 of tRNAs, which functions as a near-UV photosensor. Also catalyzes the transfer of sulfur to the sulfur carrier protein ThiS, forming ThiS-thiocarboxylate. This is a step in the synthesis of thiazole, in the thiamine biosynthesis pathway. The sulfur is donated as persulfide by IscS	thiI	ko:K03151	ko00730,ko01100,ko04122,map00730,map01100,map04122
WP_000669785	S	Involved in the assembly of lipopolysaccharide (LPS). Required for the translocation of LPS from the inner membrane to the outer membrane. May form a bridge between the inner membrane and the outer membrane, via interactions with LptC and LptD, thereby facilitating LPS transfer across the periplasm	lptA	ko:K09774	-
WP_000669838	S	cellular response to heat	yggE	ko:K09807	-
WP_000670998	S	Protein of unknown function (DUF1656)	ydhI	-	-
WP_000671574	F	inosine kinase activity	gsk	ko:K00847,ko:K00852,ko:K00892	ko00030,ko00051,ko00230,ko00500,ko00520,ko01100,map00030,map00051,map00230,map00500,map00520,map01100
WP_000671729	S	single-species biofilm formation on inanimate substrate	ydeI	-	-
WP_000672359	J	phenylalanine-tRNA ligase activity	pheT	ko:K01890	ko00970,map00970
WP_000673373	T	Member of a two-component regulatory system QseB QseC. Activates the flagella regulon by activating transcription of FlhDC. May activate QseB by phosphorylation	qseC	ko:K07645	ko02020,ko02024,map02020,map02024
WP_000673464	L	Confers DNA tethering and processivity to DNA polymerases and other proteins. Acts as a clamp, forming a ring around DNA (a reaction catalyzed by the clamp-loading complex) which diffuses in an ATP-independent manner freely and bidirectionally along dsDNA. Initially characterized for its ability to contact the catalytic subunit of DNA polymerase III (Pol III), a complex, multichain enzyme responsible for most of the replicative synthesis in bacteria	dnaN	ko:K02338	ko00230,ko00240,ko01100,ko03030,ko03430,ko03440,map00230,map00240,map01100,map03030,map03430,map03440
WP_000673561	S	An essential GTPase which binds GTP, GDP and possibly (p)ppGpp with moderate affinity, with high nucleotide exchange rates and a fairly low GTP hydrolysis rate. Plays a role in control of the cell cycle, stress response, ribosome biogenesis and in those bacteria that undergo differentiation, in morphogenesis control	obg	ko:K03979	-
WP_000673933	L	Major apurinic-apyrimidinic endonuclease of E.coli. It removes the damaged DNA at cytosines and guanines by cleaving on the 3'-side of the AP site by a beta-elimination reaction. It exhibits 3'-5'-exonuclease, 3'-phosphomonoesterase, 3'-repair diesterase and ribonuclease H activities	xthA	ko:K01142	ko03410,map03410
WP_000675163	T	Member of the two-component regulatory system BaeS BaeR which responds to envelope stress. Activates expression of periplasmic chaperone spy in response to spheroplast formation, indole and P pili protein PapG overexpression. Activates BaeR by phosphorylation which then activates the mdtABCD and probably the CRISPR-Cas casABCDE-ygbT-ygbF operons	baeS	ko:K07642	ko02020,map02020
WP_000675515	P	Iron-storage protein, whose ferroxidase center binds Fe(2 ) ions, oxidizes them by dioxygen to Fe(3 ), and participates in the subsequent Fe(3 ) oxide mineral core formation within the central cavity of the protein complex	bfr	ko:K03594	ko00860,map00860
WP_000676062	H	Catalyzes the formation of dTDP-glucose, from dTTP and glucose 1-phosphate, as well as its pyrophosphorolysis	rffH	ko:K00973	ko00521,ko00523,ko00525,ko01130,map00521,map00523,map00525,map01130
WP_000677102	S	prophage	-	-	-
WP_000677248	M	Asp/Glu/Hydantoin racemase	-	ko:K01779	ko00250,ko01054,map00250,map01054
WP_000677340	NU	fimbrial chaperone	yehC	-	-
WP_000678201	O	Molecular chaperone. Has ATPase activity	htpG	ko:K04079	ko04141,ko04151,ko04217,ko04612,ko04621,ko04626,ko04657,ko04659,ko04914,ko04915,ko05200,ko05215,ko05418,map04141,map04151,map04217,map04612,map04621,map04626,map04657,map04659,map04914,map04915,map05200,map05215,map05418
WP_000678399	L	Critical role in recombination and DNA repair. Helps process Holliday junction intermediates to mature products by catalyzing branch migration. Has a DNA unwinding activity characteristic of a DNA helicase with a 3'- to 5'- polarity. Unwinds branched duplex DNA (Y-DNA)	recG	ko:K03655	ko03440,map03440
WP_000678646	M	Murein-degrading enzyme. May play a role in recycling of muropeptides during cell elongation and or cell division	mltA	ko:K08304	-
WP_000679091	Q	Fumarylacetoacetate (FAA) hydrolase family	hpaG	ko:K05921	ko00350,ko01120,ko01220,map00350,map01120,map01220
WP_000679814	S	carboxylic ester hydrolase activity	ypfH	ko:K06999	-
WP_000681108	S	Putative inner membrane protein of Enterobacteriaceae	ybjM	-	-
WP_000681360	P	Na( ) H( ) antiporter that extrudes sodium in exchange for external protons	nhaA	ko:K03313	-
WP_000682518	S	Protein of unknown function (DUF1158)	ybdJ	-	-
WP_000683335	F	Belongs to the purine pyrimidine phosphoribosyltransferase family	hpt	ko:K00760	ko00230,ko00983,ko01100,ko01110,map00230,map00983,map01100,map01110
WP_000684321	F	Is an L-glutamate ligase that catalyzes the ATP- dependent post-translational addition of glutamate residues to the C-terminus of ribosomal protein S6 (RpsF). Is also able to catalyze the synthesis of poly-alpha-glutamate in vitro, via ATP hydrolysis from unprotected glutamate as substrate. The number of glutamate residues added to either RpsF or to poly-alpha-glutamate changes with pH	rimK	ko:K05844	-
WP_000685029	P	transporter	amtB	ko:K03320	-
WP_000686620	J	Specifically methylates the guanosine in position 1516 of 16S rRNA	rsmJ	ko:K15984	-
WP_000686723	C	ferredoxin-type protein NapF	napF	ko:K02572	-
WP_000686865	S	-	-	-	-
WP_000687776	H	kinase activity	yggC	ko:K02173	-
WP_000689228	S	Protein of unknown function (DUF1107)	ytfK	-	-
WP_000689844	F	Catalyzes the irreversible cleavage of the glycosidic bond in both 5'-methylthioadenosine (MTA) and S- adenosylhomocysteine (SAH AdoHcy) to adenine and the corresponding thioribose, 5'-methylthioribose and S-ribosylhomocysteine, respectively	mtnN	ko:K01243	ko00270,ko01100,ko01230,map00270,map01100,map01230
WP_000691382	P	Part of the constitutive potassium transport systems TrkG and TrkH. May regulate the transport activity of TrkG and TrkH systems. Binds to NAD( ) and NADH	trkA	ko:K03499	-
WP_000691635	S	Protein of unknown function (DUF3828)	yqhG	-	-
WP_000691953	S	response to radiation	yahO	-	-
WP_000692323	S	Escherichia coli O157 H7 ortholog	yeeT	-	-
WP_000692345	S	Escherichia coli O157 H7 ortholog	-	-	-
WP_000693801	S	Putative bacterial toxin ydaT	ydaT	-	-
WP_000694075	F	5'-nucleotidase, C-terminal domain	-	-	-
WP_000695027	E	Methylaspartate ammonia-lyase C-terminus	-	ko:K04835	ko00630,ko00660,ko01100,ko01200,map00630,map00660,map01100,map01200
WP_000695220	S	lysozyme inhibitor activity	pliG	-	-
WP_000695572	NU	Fimbriae (also called pili), polar filaments radiating from the surface of the bacterium to a length of 0.5-1.5 micrometers and numbering 100-300 per cell, enable bacteria to colonize the epithelium of specific host organs	fimA	ko:K07345	ko05133,map05133
WP_000695653	J	Catalyzes the attachment of glutamate to tRNA(Glu) in a two-step reaction glutamate is first activated by ATP to form Glu-AMP and then transferred to the acceptor end of tRNA(Glu)	gltX	ko:K01885	ko00860,ko00970,ko01100,ko01110,ko01120,map00860,map00970,map01100,map01110,map01120
WP_000695690	S	cellular response to acidic pH	yhcN	-	-
WP_000697915	K	transcriptional regulatory protein	basR	ko:K07771	ko01503,ko02020,map01503,map02020
WP_000698145	S	(Lipo)protein	ynbE	-	-
WP_000699228	M	heptosyltransferase	rfaF	ko:K02843	ko00540,ko01100,map00540,map01100
WP_000699685	G	slime layer organization	wcaI	ko:K03208	-
WP_000700703	C	Covalent carrier of the coenzyme of citrate lyase	citD	ko:K01646	ko02020,map02020
WP_000701039	EGP	transmembrane transport	ydhP	ko:K18567,ko:K19577	-
WP_000702551	C	This is a second nitrate reductase enzyme which can substitute for the NRA enzyme and allows E.coli to use nitrate as an electron acceptor during anaerobic growth. The beta chain is an electron transfer unit containing four cysteine clusters involved in the formation of iron-sulfur centers. Electrons are transferred from the gamma chain to the molybdenum cofactor of the alpha subunit	narH	ko:K00371	ko00910,ko01120,ko02020,map00910,map01120,map02020
WP_000702660	C	The nitrate reductase enzyme complex allows E.coli to use nitrate as an electron acceptor during anaerobic growth. The beta chain is an electron transfer unit containing four cysteine clusters involved in the formation of iron-sulfur centers. Electrons are transferred from the gamma chain to the molybdenum cofactor of the alpha subunit	narH	ko:K00371	ko00910,ko01120,ko02020,map00910,map01120,map02020
WP_000703053	K	Helix-turn-helix XRE-family like proteins	-	-	-
WP_000703911	C	AllD plays a pivotal role as a metabolic branch-point enzyme in nitrogen utilization via the assimilation of allantoin. It is able to utilize allantoin as a sole source of nitrogen under anaerobic conditions. Catalyzes the oxidation of ureidoglycolate to oxalurate	allD	ko:K00073	ko00230,ko01120,map00230,map01120
WP_000703959	S	response to oxidative stress	yidH	ko:K00389	-
WP_000704523	S	X-Pro dipeptidyl-peptidase (S15 family)	-	-	-
WP_000704863	M	Belongs to the UDP-glucose GDP-mannose dehydrogenase family	ugd	ko:K00012	ko00040,ko00053,ko00520,ko01100,map00040,map00053,map00520,map01100
WP_000705006	M	Catalyzes the dehydration of D-galactonate to 2-keto-3- deoxy-D-galactonate	dgoD	ko:K01684	ko00052,ko01100,ko01120,map00052,map01100,map01120
WP_000705012	M	Catalyzes the dehydration of D-galactonate to 2-keto-3- deoxy-D-galactonate	dgoD	ko:K01684	ko00052,ko01100,ko01120,map00052,map01100,map01120
WP_000705205	S	Belongs to the UPF0482 family	ynfB	-	-
WP_000705387	S	Putative bacterial toxin ydaT	ydfX	-	-
WP_000705865	H	Catalyzes the NADPH-dependent reduction of ketopantoate into pantoic acid	panE	ko:K00077	ko00770,ko01100,ko01110,map00770,map01100,map01110
WP_000705927	G	PTS system, Lactose/Cellobiose specific IIB subunit	ulaB	ko:K02822	ko00053,ko01100,ko01120,ko02060,map00053,map01100,map01120,map02060
WP_000706914	K	transcriptional	-	ko:K19776	-
WP_000708998	I	CDP-diacylglycerol catabolic process	cdh	ko:K01521	ko00564,ko01110,map00564,map01110
WP_000709869	S	Part of a cation efflux system that mediates resistance to copper and silver. Binds one copper per polypeptide	cusF	ko:K07810	ko02020,map02020
WP_000710619	S	MqsR-controlled colanic acid and biofilm protein A	mcbA	ko:K13650	-
WP_000710769	J	Binds the 23S rRNA	rpmE	ko:K02909	ko03010,map03010
WP_000712252	M	General inhibitor of pancreatic serine proteases inhibits chymotrypsin, trypsin, elastases, factor X, kallikrein as well as a variety of other proteases	eco	ko:K08276	-
WP_000712658	S	cellular response to cadmium ion	ygiW	-	-
WP_000714550	S	PhoP-regulated transcription is redox-sensitive, being activated when the periplasm becomes more reducing. MgrB acts between DsbA DsbB and PhoP PhoQ in this pathway. Represses PhoP PhoQ signaling, possibly by binding to the periplasmic domain of PhoQ, altering its activity and that of downstream effector PhoP	mgrB	-	-
WP_000714563	EM	Catalyze the formation of 2-keto-3-deoxy-gluconate (KDG) from pyruvate and glyceraldehyde. May also function as a 2-dehydro-3-deoxy-D-pentonate aldolase. Overexpression leads to increased growth (over 2 hours) in the presence of the antibiotics norfloxacin, ampicillin and streptomycin	yjhH	ko:K01714,ko:K22397	ko00040,ko00261,ko00300,ko01100,ko01110,ko01120,ko01130,ko01230,map00040,map00261,map00300,map01100,map01110,map01120,map01130,map01230
WP_000715230	O	Required for disulfide bond formation in some periplasmic proteins. Acts by transferring its disulfide bond to other proteins and is reduced in the process	dsbC	ko:K03981	-
WP_000715936	G	Catalyzes the interconversion of beta-pyran and beta- furan forms of D-ribose	rbsD	ko:K06726	ko02010,map02010
WP_000717111	M	Part of a cation efflux system that mediates resistance to copper and silver	cusB	ko:K07798	ko02020,map02020
WP_000717694	K	Nitrogen regulatory protein P-II	glnB	ko:K04751	ko02020,map02020
WP_000718901	I	Reduces 3-sulfolactaldehyde (SLA) to 2,3- dihydroxypropane 1-sulfonate (DHPS)	yihU	ko:K08318	ko00650,ko01100,ko01200,map00650,map01100,map01200
WP_000718995	M	May play a role in stationary phase survival	galU	ko:K00963	ko00040,ko00052,ko00500,ko00520,ko01100,ko01130,map00040,map00052,map00500,map00520,map01100,map01130
WP_000719088	K	DeoR C terminal sensor domain	ydjF	-	-
WP_000719886	S	enzyme activator activity	yjcO	ko:K07126	-
WP_000719990	E	May be a post-translational regulator that controls the metabolic fate of L-threonine or the potentially toxic intermediate 2-ketobutyrate	tdcF	ko:K09022	-
WP_000720962	S	-	ynfN	-	-
WP_000721664	G	TRAP transporter small permease	yiaM	ko:K21394	-
WP_000722571	G	PTS system, Lactose/Cellobiose specific IIB subunit	gmuB_2	ko:K02760	ko00500,ko02060,map00500,map02060
WP_000722957	C	)-tartrate dehydratase	ttdB	ko:K03780	ko00630,map00630
WP_000722973	G	The phosphoenolpyruvate-dependent sugar phosphotransferase system (sugar PTS), a major carbohydrate active -transport system, catalyzes the phosphorylation of incoming sugar substrates concomitantly with their translocation across the cell membrane	sgcB	ko:K02774	ko00052,ko01100,ko02060,map00052,map01100,map02060
WP_000723530	C	belongs to the aldehyde dehydrogenase family	hpaE	ko:K00151	ko00350,ko01120,ko01220,map00350,map01120,map01220
WP_000723698	C	Catalyzes the NADH-dependent reduction of methylglyoxal (2-oxopropanal) in vitro. It is not known if this activity has physiological significance. Cannot use NADPH as a cosubstrate. Seems to play some role in intestinal colonization	ydjG	ko:K18471	ko00640,map00640
WP_000724204	U	Sodium:dicarboxylate symporter family	gltT	-	-
WP_000725337	O	Required for disulfide bond formation in some periplasmic proteins such as PhoA or OmpA. Acts by transferring its disulfide bond to other proteins and is reduced in the process. DsbA is reoxidized by DsbB	dsbA	ko:K03673	ko01503,map01503
WP_000726672	C	Belongs to the prokaryotic molybdopterin-containing oxidoreductase family	ydeP	-	-
WP_000726974	S	Glycine-zipper domain	ymgG	-	-
WP_000729117	O	Prevents misfolding and promotes the refolding and proper assembly of unfolded polypeptides generated under stress conditions	groL	ko:K04077	ko03018,ko04212,ko04940,ko05134,ko05152,map03018,map04212,map04940,map05134,map05152
WP_000729155	F	Catalyzes the oxidation of 5,10- methylenetetrahydrofolate to 5,10-methenyltetrahydrofolate and then the hydrolysis of 5,10-methenyltetrahydrofolate to 10- formyltetrahydrofolate	folD	ko:K01491	ko00670,ko00720,ko01100,ko01120,ko01200,map00670,map00720,map01100,map01120,map01200
WP_000729185	J	One of the proteins that surrounds the polypeptide exit tunnel on the outside of the subunit	rplX	ko:K02895	ko03010,map03010
WP_000729218	V	MacB-like periplasmic core domain	lolE_1	ko:K02004	-
WP_000730252	K	Negative regulator for the gluconate utilization system GNT-I, the gntUKR operon	gntR	ko:K06145	-
WP_000730623	NU	Part of the elfADCG-ycbUVF fimbrial operon, which promotes adhesion of bacteria to different abiotic surfaces	ycbU	-	-
WP_000730805	S	Belongs to the UPF0115 family	yfcN	-	-
WP_000730972	S	Part of the ecpRABCDE operon, which encodes the E.coli common pilus (ECP). ECP is found in both commensal and pathogenic strains and plays a dual role in early-stage biofilm development and host cell recognition. Major subunit of the fimbria	matB	ko:K21964	-
WP_000732240	S	DoxX	yqjF	ko:K15977	-
WP_000733592	M	YbfN-like lipoprotein	ybfN	-	-
WP_000733697	G	Dihydroxyacetone binding subunit of the dihydroxyacetone kinase, which is responsible for the phosphoenolpyruvate (PEP)- dependent phosphorylation of dihydroxyacetone via a phosphoryl group transfer from DhaL-ATP. Binds covalently dihydroxyacetone in hemiaminal linkage. DhaK acts also as corepressor of the transcription activator DhaR by binding to the sensor domain of DhaR. In the presence of dihydroxyacetone, DhaL-ADP displaces DhaK and stimulates DhaR activity. In the absence of dihydroxyacetone, DhaL-ADP is converted by the PTS to DhaL-ATP, which does not bind to DhaR	dhaK	ko:K05878	ko00561,ko01100,map00561,map01100
WP_000734212	M	Murein-degrading enzyme that degrades murein glycan strands and insoluble, high-molecular weight murein sacculi, with the concomitant formation of a 1,6-anhydromuramoyl product. Lytic transglycosylases (LTs) play an integral role in the metabolism of the peptidoglycan (PG) sacculus. Their lytic action creates space within the PG sacculus to allow for its expansion as well as for the insertion of various structures such as secretion systems and flagella	mltF	ko:K18691	-
WP_000734287	F	Catalyzes the decarboxylation of S-adenosylmethionine to S-adenosylmethioninamine (dcAdoMet), the propylamine donor required for the synthesis of the polyamines spermine and spermidine from the diamine putrescine	speD	ko:K01611	ko00270,ko00330,ko01100,map00270,map00330,map01100
WP_000735278	M	Outer membrane channel, which is required for the function of several efflux systems such as AcrAB-TolC, AcrEF-TolC, EmrAB-TolC and MacAB-TolC. These systems are involved in export of antibiotics and other toxic compounds from the cell. TolC is also involved in import of colicin E1 into the cells	tolC	ko:K12340	ko01501,ko01503,ko02020,ko03070,ko04626,ko05133,map01501,map01503,map02020,map03070,map04626,map05133
WP_000735412	T	adaptation to low Mg(2 ) environments and the control of acid resistance genes. In low periplasmic Mg(2 ), PhoQ functions as a membrane-associated protein kinase that undergoes autophosphorylation and subsequently transfers the phosphate to PhoP, resulting in the expression of PhoP-activated genes (PAG) and repression of PhoP-repressed genes (PRG). In high periplasmic Mg(2 ), acts as a protein phosphatase that dephosphorylates phospho-PhoP	phoQ	ko:K07637	ko01503,ko02020,map01503,map02020
WP_000736860	S	Protein of unknown function (DUF2559)	yhfG	-	-
WP_000736903	S	NinB protein	-	-	-
WP_000737015	P	Transporter of a GTP-driven Fe(2 ) uptake system	feoB	ko:K04759	-
WP_000737245	M	outer membrane protein W	ompW	ko:K07275	-
WP_000737631	ET	Part of the histidine permease ABC transporter. Binds histidine. Interacts with HisQMP and stimulates ATPase activity of HisP, which results in histidine translocation (By similarity)	hisJ	ko:K09996,ko:K10013,ko:K10014	ko02010,map02010
WP_000738583	ET	amino-acid ABC	aapJ	ko:K09969	ko02010,map02010
WP_000738728	S	Protein of unknown function (DUF2502)	yaaX	-	-
WP_000739816	S	protein conserved in bacteria	-	ko:K09936	ko02024,map02024
WP_000740082	C	Part of the MsrPQ system that repairs oxidized periplasmic proteins containing methionine sulfoxide residues (Met-O), using respiratory chain electrons. Thus protects these proteins from oxidative-stress damage caused by reactive species of oxygen and chlorine generated by the host defense mechanisms. MsrPQ is essential for the maintenance of envelope integrity under bleach stress, rescuing a wide series of structurally unrelated periplasmic proteins from methionine oxidation, including the primary periplasmic chaperone SurA and the lipoprotein Pal. The catalytic subunit MsrP is non-stereospecific, being able to reduce both (R-) and (S-) diastereoisomers of methionine sulfoxide	msrP	ko:K07147	-
WP_000741500	C	L-threonine 3-dehydrogenase activity	yiaY	ko:K13954	ko00010,ko00071,ko00350,ko00625,ko00626,ko01100,ko01110,ko01120,ko01130,ko01220,map00010,map00071,map00350,map00625,map00626,map01100,map01110,map01120,map01130,map01220
WP_000741620	P	probably responsible for the translocation of the substrate across the membrane	pstC	ko:K02037	ko02010,map02010
WP_000741815	S	Bacterial regulatory helix-turn-helix protein, lysR family	-	-	-
WP_000742141	L	Methylates DNA within the sequence GATC and protects the DNA from cleavage by the restriction endonuclease MboI. Although it shares sequence specificity with a number of type II restriction endonucleases and methylases, it is thought to act in postreplication mismatch repair rather than as a part of a restriction modification system. May also play a role in DNA replication	dam	ko:K06223	ko03430,map03430
WP_000742296	K	DNA binding	-	-	-
WP_000743193	J	Specifically methylates the guanine in position 966 of 16S rRNA in the assembled 30S particle	rsmD	ko:K08316	-
WP_000743444	M	UPF0194 membrane protein YbhG	ybhG	ko:K01993	-
WP_000745255	S	Protein of unknown function (DUF1202)	yggM	-	-
WP_000746151	M	Together with LptE, is involved in the assembly of lipopolysaccharide (LPS) at the surface of the outer membrane	lptD	ko:K04744	-
WP_000747625	M	Belongs to the ompA family	yiaD	ko:K12216	-
WP_000748261	ET	belongs to the bacterial solute-binding protein 3 family	argT	ko:K09996,ko:K10013,ko:K10014	ko02010,map02010
WP_000749254	S	YceI-like domain	yceI	-	-
WP_000749881	M	Belongs to the Gram-negative porin family	phoE	ko:K09475,ko:K09476,ko:K11929,ko:K14062,ko:K16076	ko01501,ko02020,map01501,map02020
WP_000749944	G	Porin-like glycoporin RafY	-	-	-
WP_000750344	U	Branched-chain amino acid transport system / permease component	lsrD_1	ko:K02057,ko:K10440	ko02010,map02010
WP_000750398	M	Bacterial protein of unknown function (DUF903)	ygdI	-	-
WP_000750418	M	Required for the action of colicins K and L and for the stabilization of mating aggregates in conjugation. Serves as a receptor for a number of T-even like phages. Also acts as a porin with low permeability that allows slow penetration of small solutes	ompA	ko:K03286	-
WP_000751627	S	S-adenosyl-l-methionine hydroxide adenosyltransferase	salL	ko:K22205	-
WP_000753556	S	-	-	-	-
WP_000753589	J	Required for formate dehydrogenase (FDH) activity. Acts as a sulfur carrier protein that transfers sulfur from IscS to the molybdenum cofactor prior to its insertion into FDH	fdhD	ko:K02379	-
WP_000753946	O	DegP acts as a chaperone at low temperatures but switches to a peptidase (heat shock protein) at higher temperatures. Degrades transiently denatured and unfolded or misfolded proteins which accumulate in the periplasm following heat shock or other stress conditions. DegP is efficient with Val-Xaa and Ile-Xaa peptide bonds, suggesting a preference for beta-branched side chain amino acids. Only unfolded proteins devoid of disulfide bonds appear capable of being cleaved, thereby preventing non-specific proteolysis of folded proteins. Its proteolytic activity is essential for the survival of cells at elevated temperatures. It can degrade IciA, Ada, casein, globin and PapA. DegP shares specificity with DegQ. DegP is also involved in the biogenesis of partially folded outer-membrane proteins (OMP)	degP	ko:K04771,ko:K04772,ko:K08070	ko01503,ko02020,map01503,map02020
WP_000754737	GM	coenzyme binding	yeeZ	-	-
WP_000756550	M	Required for optimal acid stress protection. Exhibits a chaperone-like activity only at low pH by suppressing non- specifically the aggregation of denaturated periplasmic proteins	hdeA	ko:K19777	-
WP_000756575	ET	Belongs to the bacterial solute-binding protein 3 family	artI	ko:K09996,ko:K09997,ko:K10014	ko02010,map02010
WP_000756841	S	Functions as a peptidoglycan terminase that cleaves nascent peptidoglycan strands endolytically to terminate their elongation	mltG	ko:K07082	-
WP_000757211	G	enterotoxin	ast	-	-
WP_000757333	S	extracellular polysaccharide metabolic process	yjbE	-	-
WP_000758074	C	malate dehydrogenase (menaquinone) activity	mqo	ko:K00116	ko00020,ko00620,ko01100,ko01110,ko01120,ko01130,ko01200,map00020,map00620,map01100,map01110,map01120,map01130,map01200
WP_000758655	S	Bacterial protein of unknown function (DUF903)	ygdR	-	-
WP_000758882	S	-	-	-	-
WP_000758956	M	Molecular chaperone that interacts specifically with outer membrane proteins, thus maintaining the solubility of early folding intermediates during passage through the periplasm	skp	ko:K06142	-
WP_000759123	S	protein conserved in bacteria	ymbA	ko:K09857	-
WP_000759309	P	Required for the activity of the bacterial periplasmic transport system of putrescine	potD	ko:K11069	ko02010,map02010
WP_000759929	NU	Part of the yehABCD fimbrial operon. Could contribute to adhesion to various surfaces in specific environmental niches	yehD	-	-
WP_000762196	CQ	May be involved in the formation of a specific microcompartment in the cell in which the metabolism of potentially toxic by-products takes place	eutN	ko:K04028	-
WP_000762229	CH	Belongs to the D-isomer specific 2-hydroxyacid dehydrogenase family	ldhA	ko:K03778	ko00620,ko01120,map00620,map01120
WP_000762401	K	Global transcriptional regulator, which plays an important role in the regulation of carbon metabolism	fruR	ko:K03435	-
WP_000763742	C	electron transporter required for biotin synthase activity	mioC	ko:K06205	-
WP_000763867	KT	Involved in the transmission of sensory signals from the chemoreceptors to the flagellar motors. In its active (phosphorylated or acetylated) form, CheY exhibits enhanced binding to a switch component, FliM, at the flagellar motor which induces a change from counterclockwise to clockwise flagellar rotation	cheY	ko:K03413	ko02020,ko02030,map02020,map02030
WP_000764314	I	Displays esterase activity towards short chain fatty esters (acyl chain length of up to 8 carbons). Able to hydrolyze triacetylglycerol (triacetin) and tributyrylglycerol (tributyrin), but not trioleylglycerol (triolein) or cholesterol oleate. Negatively regulates MalT activity by antagonizing maltotriose binding. Inhibits MelA galactosidase activity	aes	ko:K01066	-
WP_000764731	H	Catalyzes the condensation of para-aminobenzoate (pABA) with 6-hydroxymethyl-7,8-dihydropterin diphosphate (DHPt-PP) to form 7,8-dihydropteroate (H2Pte), the immediate precursor of folate derivatives	folP	ko:K00796	ko00790,ko01100,map00790,map01100
WP_000765603	S	symporter activity	yfeH	ko:K14347	-
WP_000765742	O	Catalyzes the conjugation of reduced glutathione (GSH) to a wide number of exogenous and endogenous hydrophobic electrophiles. Shows activity toward 1-chloro-2,4-dinitrobenzene (CDNB) and ethacrynic acid. Also possesses thiol disulfide oxidoreductase activity, using GSH to reduce bis-(2-hydroxyethyl) disulfide (HEDS). Has a low level of glutathione-dependent peroxidase activity toward cumene hydroperoxide. Is important for defense against oxidative stress, probably via its peroxidase activity	gst	ko:K00799	ko00480,ko00980,ko00982,ko00983,ko01524,ko05200,ko05204,ko05225,ko05418,map00480,map00980,map00982,map00983,map01524,map05200,map05204,map05225,map05418
WP_000765839	I	2-hydroxy-3-oxopropionate reductase	glxR	ko:K00042,ko:K08319	ko00630,ko01100,map00630,map01100
WP_000766808	L	Protein of unknown function (DUF2726)	-	-	-
WP_000767329	H	Belongs to the ribF family	ribF	ko:K11753	ko00740,ko01100,ko01110,map00740,map01100,map01110
WP_000767410	S	Phosphatidylethanolamine-binding protein	ybhB	ko:K06910	-
WP_000767826	S	Addiction module toxin, Txe YoeB	yoeB	ko:K19158	-
WP_000768393	M	Gram-negative porin	ompD	ko:K09475,ko:K09476,ko:K11929,ko:K14062,ko:K16076	ko01501,ko02020,map01501,map02020
WP_000769322	S	Protein of unknown function (DUF1471)	ydgH	-	-
WP_000769961	E	ethanolamine ammonia-lyase activity	eutB	ko:K03735	ko00564,ko01100,map00564,map01100
WP_000770953	K	Member of the two-component regulatory system CusS CusR. Activates the expression of cusCFBA	cusR	ko:K02483,ko:K07665	ko02020,map02020
WP_000771396	M	Protein of unknown function, DUF481	ydiY	ko:K07283	-
WP_000771435	S	Curli are coiled surface structures that assemble preferentially at growth temperatures below 37 degrees Celsius. Curli can bind to fibronectin	csgA	ko:K04334	ko02026,map02026
WP_000772452	S	Shows phosphodiesterase activity, hydrolyzing phosphodiesters bonds in the artificial chromogenic substrates bis-p-nitrophenyl phosphate (bis-pNPP), and less efficiently thymidine 5'-monophosphate p-nitrophenyl ester (pNP-TMP) and p- nitrophenylphosphorylcholine (pNPPC). The physiological substrate is	yfcE	ko:K07095	-
WP_000772737	T	Truncated proteins consisting of the GGDEF EAL domains (residues 319-747) or of the EAL domain alone (481-747) have c-di- GMP phosphodiesterase activity. They do not have diguanylate cyclase activity. Cyclic-di-GMP is a second messenger which controls cell surface-associated traits in bacteria	yfgF	-	-
WP_000772928	S	-	-	-	-
WP_000774741	E	transport protein	yifK	ko:K03293	-
WP_000774978	P	glycine betaine	proW	ko:K02001,ko:K02002	ko02010,map02010
WP_000775943	L	A helicase nuclease that prepares dsDNA breaks (DSB) for recombinational DNA repair. Binds to DSBs and unwinds DNA via a highly rapid and processive ATP-dependent bidirectional helicase activity. Unwinds dsDNA until it encounters a Chi (crossover hotspot instigator) sequence from the 3' direction. Cuts ssDNA a few nucleotides 3' to the Chi site. The properties and activities of the enzyme are changed at Chi. The Chi-altered holoenzyme produces a long 3'-ssDNA overhang and facilitates RecA-binding to the ssDNA for homologous DNA recombination and repair. Holoenzyme degrades any linearized DNA that is unable to undergo homologous recombination. In the holoenzyme this subunit has ssDNA-dependent ATPase and 5'-3' helicase activity. When added to pre-assembled RecBC greatly stimulates nuclease activity and augments holoenzyme processivity. Negatively regulates the RecA-loading ability of RecBCD	recD	ko:K03581	ko03440,map03440
WP_000776104	J	Specifically methylates the pseudouridine at position 1915 (m3Psi1915) in 23S rRNA	rlmH	ko:K00783	-
WP_000776191	M	Catalyzes cross-linking of the peptidoglycan cell wall	mrdA	ko:K05515	ko00550,ko01501,map00550,map01501
WP_000776253	K	This protein is a positive regulator of gene expression for the cysteine regulon	cysB	ko:K13634	-
WP_000776372	F	Catalyzes the catabolism of the allantoin degradation intermediate (S)-ureidoglycolate, generating urea and glyoxylate. Involved in the anaerobic utilization of allantoin as sole nitrogen source. Reinforces the induction of genes involved in the degradation of allantoin and glyoxylate by producing glyoxylate	allA	ko:K01483	ko00230,ko01100,map00230,map01100
WP_000776505	G	The phosphoenolpyruvate-dependent sugar phosphotransferase system (sugar PTS), a major carbohydrate active transport system, catalyzes the phosphorylation of incoming sugar substrates concomitantly with their translocation across the cell membrane. The enzyme II UlaABC PTS system is involved in ascorbate transport	ulaC	ko:K02821	ko00053,ko01100,ko01120,ko02060,map00053,map01100,map01120,map02060
WP_000776555	NU	Part of the sfmACDHF fimbrial operon. Could contribute to adhesion to various surfaces in specific environmental niches. Increases adhesion to eukaryotic T24 bladder epithelial cells in the absence of fim genes	fimA	ko:K07345,ko:K07352	ko05133,map05133
WP_000776768	M	Actively prevents phospholipid accumulation at the cell surface. Probably maintains lipid asymmetry in the outer membrane by retrograde trafficking of phospholipids from the outer membrane to the inner membrane	vacJ	ko:K04754	-
WP_000778067	C	nitrate reductase (NAP). Only expressed at high levels during aerobic growth. NapAB complex receives electrons from the membrane-anchored tetraheme protein NapC	napA	ko:K02567	ko00910,ko01120,map00910,map01120
WP_000778795	K	Controls both the activation and catalytic activity of PanD in a coenzyme A (CoA)-dependent fashion	panZ	-	-
WP_000779071	C	glycerophosphoryl diester phosphodiesterase	glpQ	ko:K01126	ko00564,map00564
WP_000779408	M	NLPA lipoprotein	nlpA	ko:K02073	ko02010,map02010
WP_000779651	S	Predicted permease YjgP/YjgQ family	lptF	ko:K07091	ko02010,map02010
WP_000779792	O	Glutathione S-transferase, C-terminal domain	yibF	ko:K00799	ko00480,ko00980,ko00982,ko00983,ko01524,ko05200,ko05204,ko05225,ko05418,map00480,map00980,map00982,map00983,map01524,map05200,map05204,map05225,map05418
WP_000779831	S	Type III secretion system lipoprotein chaperone (YscW)	ybaY	ko:K09914	-
WP_000780912	O	in a coupled system with glutathione reductase. Does not act as hydrogen donor for ribonucleotide reductase	grxB	ko:K03675	-
WP_000781061	E	Catalyzes the gamma-elimination of phosphate from L- phosphohomoserine and the beta-addition of water to produce L- threonine. To a lesser extent, is able to slowly catalyze the deamination of L-threonine into alpha-ketobutyrate and that of L- serine and 3-chloroalanine into pyruvate. Is also able to rapidly convert vinylglycine to threonine, which proves that the pyridoxal p-quinonoid of vinylglycine is an intermediate in the TS reaction	thrC	ko:K01733	ko00260,ko00750,ko01100,ko01110,ko01120,ko01230,map00260,map00750,map01100,map01110,map01120,map01230
WP_000781866	L	Belongs to the Nudix hydrolase family	nudG	ko:K03574,ko:K08320	-
WP_000782451	S	Enterobacterial TraT complement resistance protein	ylpA	-	-
WP_000783134	P	Permease protein	yehW	ko:K05846	ko02010,map02010
WP_000783444	S	Maltose operon periplasmic	malM	ko:K05775	-
WP_000783734	S	Pfam:Phage_holin_3_1	-	-	-
WP_000784010	G	Bacterial extracellular solute-binding protein, family 7	-	-	-
WP_000784342	S	YbgS-like protein	ybgS	-	-
WP_000784540	P	Receptor	fyuA	ko:K02014,ko:K15721	-
WP_000785613	E	Catalyzes the anaerobic formation of alpha-ketobutyrate and ammonia from threonine in a two-step reaction. The first step involved a dehydration of threonine and a production of enamine intermediates (aminocrotonate), which tautomerizes to its imine form (iminobutyrate). Both intermediates are unstable and short- lived. The second step is the nonenzymatic hydrolysis of the enamine imine intermediates to form 2-ketobutyrate and free ammonia. In the low water environment of the cell, the second step is accelerated by RidA	ilvA	ko:K01754	ko00260,ko00290,ko01100,ko01110,ko01130,ko01200,ko01230,map00260,map00290,map01100,map01110,map01130,map01200,map01230
WP_000785722	S	Putative Actinobacterial Holin-X, holin superfamily III	yqjE	-	-
WP_000785834	C	Belongs to the citrate synthase family	gltA	ko:K01647	ko00020,ko00630,ko01100,ko01110,ko01120,ko01130,ko01200,ko01210,ko01230,map00020,map00630,map01100,map01110,map01120,map01130,map01200,map01210,map01230
WP_000785931	E	Aminotransferase	yfdZ	ko:K14261	-
WP_000786320	P	Permease that is involved in the transport across the cytoplasmic membrane of phenylalanine	pheP	ko:K03293,ko:K11732,ko:K11734	-
WP_000786399	L	Part of the beta sliding clamp loading complex, which hydrolyzes ATP to load the beta clamp onto primed DNA to form the DNA replication pre-initiation complex. DNA polymerase III is a complex, multichain enzyme responsible for most of the replicative synthesis in bacteria. This DNA polymerase also exhibits 3' to 5' exonuclease activity	holC	ko:K02339	ko00230,ko00240,ko01100,ko03030,ko03430,ko03440,map00230,map00240,map01100,map03030,map03430,map03440
WP_000786525	I	acetoacetic acid catabolic process	atoB	ko:K00626	ko00071,ko00072,ko00280,ko00310,ko00362,ko00380,ko00620,ko00630,ko00640,ko00650,ko00720,ko00900,ko01100,ko01110,ko01120,ko01130,ko01200,ko01212,ko02020,map00071,map00072,map00280,map00310,map00362,map00380,map00620,map00630,map00640,map00650,map00720,map00900,map01100,map01110,map01120,map01130,map01200,map01212,map02020
WP_000786911	J	catalyzes the formation of N(7)-methylguanine at position 46 (m7G46) in tRNA	trmB	ko:K03439	-
WP_000787111	M	Catalyzes the exchange of L-carnitine for gamma- butyrobetaine and related betaines	caiT	ko:K03451,ko:K05245	-
WP_000789107	K	Protects cells from HOCl (hypochlorite) stress but not peroxide or diamide stress. Decreases the intracellular load of reactive oxygen species by up-regulating genes involved in methionine and cysteine biosynthesis and down-regulating Fur- regulated genes involved in iron acquisition. Has also been suggested to down-regulate expression of the flagellar regulon, decreasing motility, but this activity was not confirmed in a second study	yjiE	ko:K21645	-
WP_000789502	C	NDH-1 shuttles electrons from NADH, via FMN and iron- sulfur (Fe-S) centers, to quinones in the respiratory chain	nuoF	ko:K00335	ko00190,ko01100,map00190,map01100
WP_000789589	C	Catalyzes the proton-dependent transport of glutamate and aspartate	gltP	ko:K11102	-
WP_000789913	S	Flavodoxin-like fold	-	ko:K11746	-
WP_000789997	F	Belongs to the GPI family	pgi	ko:K01810	ko00010,ko00030,ko00500,ko00520,ko01100,ko01110,ko01120,ko01130,ko01200,map00010,map00030,map00500,map00520,map01100,map01110,map01120,map01130,map01200
WP_000790168	J	Required for accurate and efficient protein synthesis under certain stress conditions. May act as a fidelity factor of the translation reaction, by catalyzing a one-codon backward translocation of tRNAs on improperly translocated ribosomes. Back- translocation proceeds from a post-translocation (POST) complex to a pre-translocation (PRE) complex, thus giving elongation factor G a second chance to translocate the tRNAs correctly. Binds to ribosomes in a GTP-dependent manner	lepA	ko:K03596	ko05134,map05134
WP_000790504	O	Sulfurtransferase TusA	yedF	-	-
WP_000790583	K	FimB is one of the 2 regulatory proteins which control the phase variation of type 1 fimbriae in E.coli. These proteins mediate the periodic inversion of a 300bp DNA segment that harbors the promoter for the fimbrial structural gene, fimA. FimB switches fimA on	fimB	ko:K07357	-
WP_000791650	S	PFAM Curlin associated repeat	csgB	ko:K04335	ko02026,map02026
WP_000792975	J	Inhibits RpoS proteolysis by regulating RssB activity, thereby increasing the stability of the sigma stress factor RpoS especially during phosphate starvation, but also in stationary phase and during nitrogen starvation. Its effect on RpoS stability is due to its interaction with RssB, which probably blocks the interaction of RssB with RpoS, and the consequent delivery of the RssB-RpoS complex to the ClpXP protein degradation pathway	iraP	-	-
WP_000795532	P	transporter activity	ydiM	-	-
WP_000796330	C	COG1018 Flavodoxin reductases (ferredoxin-NADPH reductases) family 1	fpr	ko:K00528	-
WP_000796459	M	Cell wall formation. Catalyzes the addition of glutamate to the nucleotide precursor UDP-N-acetylmuramoyl-L-alanine (UMA)	murD	ko:K01925	ko00471,ko00550,ko01100,map00471,map00550,map01100
WP_000797561	E	amino acid	tyrP	ko:K03834	-
WP_000799401	P	Binding-protein-dependent transport system inner membrane component	potB	ko:K11071	ko02010,map02010
WP_000799889	N	Prokaryotic lipoprotein-attachment site	yifL	-	-
WP_000799911	L	This protein is required for chromosomal replication. It forms, in concert with DnaB protein and other prepriming proteins DnaT, N, N', N'' a prepriming protein complex on the specific site of the template DNA recognized by protein N'	dnaC	ko:K02315	-
WP_000800153	M	Reduces the permeability of the outer membrane to copper	bhsA	ko:K12151	-
WP_000800177	GM	NAD(P)H-binding	-	-	-
WP_000800457	O	Chaperone involved in the correct folding and assembly of outer membrane proteins. Recognizes specific patterns of aromatic residues and the orientation of their side chains, which are found more frequently in integral outer membrane proteins. May act in both early periplasmic and late outer membrane-associated steps of protein maturation	surA	ko:K03771	-
WP_000800512	G	Involved in the degradation of glucose via the Entner- Doudoroff pathway. Catalyzes the reversible, stereospecific retro- aldol cleavage of 2-Keto-3-deoxy-6-phosphogluconate (KDPG) to pyruvate and D-glyceraldehyde-3-phosphate. In the synthetic direction, it catalyzes the addition of pyruvate to electrophilic aldehydes with si-facial selectivity. It accepts some nucleophiles other than pyruvate, including 2-oxobutanoate, phenylpyruvate, and fluorobutanoate. It has a preference for the S-configuration at C2 of the electrophile	eda	ko:K01625	ko00030,ko00630,ko01100,ko01120,ko01200,map00030,map00630,map01100,map01120,map01200
WP_000800825	V	Restriction endonuclease	-	-	-
WP_000801125	K	Involved in transcription antitermination. Required for transcription of ribosomal RNA (rRNA) genes. Binds specifically to the boxA antiterminator sequence of the ribosomal RNA (rrn) operons	nusB	ko:K03625	-
WP_000801313	S	DJ-1/PfpI family	-	-	-
WP_000801467	Q	4-hydroxyphenylacetate 3-monooxygenase oxygenase component	hpaB	ko:K00483	ko00350,ko01120,ko01220,map00350,map01120,map01220
WP_000802080	D	May be involved in cell division. May play a role in bacterial septation or regulation of cell wall degradation during cell division	nlpI	ko:K05803	-
WP_000802226	S	Protein of unknown function (DUF1454)	yiiQ	-	-
WP_000802507	M	shape-determining protein MreC	mreC	ko:K03570	-
WP_000803191	P	Sn-glycerol-3-phosphate and glycerophosphoryl diester- binding protein interacts with the binding protein-dependent transport system UgpACE	ugpB	ko:K05813	ko02010,map02010
WP_000803366	K	transcriptional regulator	yeeY	-	-
WP_000803518	S	response to antibiotic	marB	ko:K13630	-
WP_000803998	J	50S ribosomal protein L31 type B	rpmE2	ko:K02909	ko03010,map03010
WP_000804552	K	phosphoenolpyruvate-dependent sugar phosphotransferase system	srlR	ko:K02468	-
WP_000805031	CH	Catalyzes the NADPH-dependent reduction of glyoxylate and hydroxypyruvate into glycolate and glycerate, respectively	ghrB	ko:K00032,ko:K00090	ko00030,ko00260,ko00480,ko00620,ko00630,ko01100,ko01110,ko01120,map00030,map00260,map00480,map00620,map00630,map01100,map01110,map01120
WP_000805414	K	intracellular signal transduction	fimZ	ko:K07688,ko:K07690	ko02020,ko05133,map02020,map05133
WP_000805670	I	CoA transferase having broad substrate specificity for short-chain acyl-CoA thioesters with the activity decreasing when the length of the carboxylic acid chain exceeds four carbons	ydiF	ko:K01026,ko:K19709	ko00620,ko00627,ko00640,ko00643,ko00650,ko01100,ko01120,map00620,map00627,map00640,map00643,map00650,map01100,map01120
WP_000806177	F	Catalyzes the transfer of a ribosyl phosphate group from 5-phosphoribose 1-diphosphate to orotate, leading to the formation of orotidine monophosphate (OMP)	pyrE	ko:K00762	ko00240,ko01100,map00240,map01100
WP_000806411	S	Protein of unknown function (DUF1422)	yijD	-	-
WP_000806638	L	Site-specific tyrosine recombinase, which acts by catalyzing the cutting and rejoining of the recombining DNA molecules. Binds cooperatively to specific DNA consensus sequences that are separated from XerC binding sites by a short central region, forming the heterotetrameric XerC-XerD complex that recombines DNA substrates. The complex is essential to convert dimers of the bacterial chromosome into monomers to permit their segregation at cell division. It also contributes to the segregational stability of plasmids	xerD	ko:K04763	-
WP_000807125	FG	Hydrolyzes purine nucleotide phosphoramidates, including adenosine 5'monophosphoramidate (AMP-NH2), adenosine 5'monophosphomorpholidate (AMP-morpholidate), guanosine 5'monophosphomorpholidate (GMP-morpholidate) and tryptamine 5'guanosine monophosphate (TpGd). Hydrolyzes lysyl-AMP (AMP-N-epsilon-(N-alpha- acetyl lysine methyl ester)) generated by lysine--tRNA ligase, and lysyl-GMP (GMP-N-epsilon-(N-alpha-acetyl lysine methyl ester)). Is essential for the activity of the enzyme D- alanine dehydrogenase (DadA) and is required for E.coli to grow on D-alanine as a sole carbon source. Is also required for growth at high salt concentrations	hinT	ko:K02503	-
WP_000807584	N	Flagellar protein that affects chemotactic events	fliJ	ko:K02413	ko02040,map02040
WP_000807651	S	Stress-induced protein	yciG	ko:K06884	-
WP_000807756	C	FMN binding	yqcA	ko:K06205	-
WP_000807785	S	Protein of unknown function (DUF2560)	-	-	-
WP_000809051	K	Sigma factors are initiation factors that promote the attachment of RNA polymerase to specific initiation sites and are then released	rpoN	ko:K03092	ko02020,ko05111,map02020,map05111
WP_000809168	S	PFAM Hok gef cell toxic protein	-	ko:K18919,ko:K18920,ko:K18921	-
WP_000809263	J	Catalyzes the 2'-O-methylation of the ribose of cytidine 1402 (C1402) in 16S rRNA	rsmI	ko:K07056	-
WP_000809774	T	Histidine kinase	arcB	ko:K07648	ko02020,ko02026,map02020,map02026
WP_000809889	S	Type IV conjugative transfer system lipoprotein (TraV)	-	-	-
WP_000811065	M	Belongs to the KdsA family	kdsA	ko:K01627	ko00540,ko01100,map00540,map01100
WP_000811566	S	Protein of unknown function (DUF1471)	yjfN	-	-
WP_000811923	I	Catalyzes the NADP-dependent rearrangement and reduction of 1-deoxy-D-xylulose-5-phosphate (DXP) to 2-C-methyl-D-erythritol 4-phosphate (MEP)	dxr	ko:K00099	ko00900,ko01100,ko01110,ko01130,map00900,map01100,map01110,map01130
WP_000812053	T	Negatively modulates the activity of sigma-E (RpoE) by stabilizing RseA under non-stress conditions. Although not essential for association of sigma-E with Rsea it increases their affinity 2- to 3-fold. When bound to RseA it prevents proteolysis by DegS, which is probably relieved by lipopolysaccharide binding (LPS)	rseB	ko:K03598	-
WP_000812796	S	Protein of unknown function, DUF484	yigA	ko:K09921	-
WP_000813014	EG	EamA-like transporter family	yhbE	-	-
WP_000813195	L	single-stranded-DNA-specific exonuclease RecJ	recJ	ko:K07462	ko03410,ko03430,ko03440,map03410,map03430,map03440
WP_000813254	S	When overexpressed kills the cells from the inside by interfering with a vital function in the cell membrane	hokD	ko:K18919	-
WP_000813432	S	-	-	-	-
WP_000813446	S	-	-	-	-
WP_000813634	K	Post-segregation antitoxin CcdA	ccdA	ko:K19164	-
WP_000813794	J	this blockage is overcome (after 90 minutes) by subsequent expression of antitoxin HicB. Overexpression causes cleavage of a number of mRNAs and tmRNA, in a translation-independent fashion, suggesting this is an mRNA interferase. mRNA interferases play a role in bacterial persistence to antibiotics	hicA	ko:K07339	-
WP_000813860	F	Catalyzes the strictly specific dephosphorylation of 2'- deoxyribonucleoside 5'-monophosphates	yfbR	ko:K08722	ko00240,ko01100,map00240,map01100
WP_000813947	S	Domain of unknown function (DUF4387)	-	-	-
WP_000815099	K	transcriptional regulator	glpR	ko:K02444	-
WP_000815339	C	Belongs to the TPP enzyme family	poxB	ko:K00156,ko:K00158	ko00620,ko01100,map00620,map01100
WP_000815435	F	Catalyzes the hydrolysis of 6-phosphogluconolactone to 6-phosphogluconate	pgl	ko:K07404	ko00030,ko01100,ko01110,ko01120,ko01130,ko01200,map00030,map01100,map01110,map01120,map01130,map01200
WP_000816232	F	Catalyzes the reductive methylation of 2'-deoxyuridine- 5'-monophosphate (dUMP) to 2'-deoxythymidine-5'-monophosphate (dTMP) while utilizing 5,10-methylenetetrahydrofolate (mTHF) as the methyl donor and reductant in the reaction, yielding dihydrofolate (DHF) as a by-product. This enzymatic reaction provides an intracellular de novo source of dTMP, an essential precursor for DNA biosynthesis	thyA	ko:K00560	ko00240,ko00670,ko01100,ko01523,map00240,map00670,map01100,map01523
WP_000816280	F	Catalyzes the reversible epimerization of D-ribulose 5- phosphate to D-xylulose 5-phosphate	rpe	ko:K01783	ko00030,ko00040,ko00710,ko01100,ko01110,ko01120,ko01130,ko01200,ko01230,map00030,map00040,map00710,map01100,map01110,map01120,map01130,map01200,map01230
WP_000816740	S	-	ybfC	-	-
WP_000817109	M	cysteine-type carboxypeptidase activity	ycfS	ko:K16291,ko:K19234,ko:K19235,ko:K19236	ko01503,map01503
WP_000817178	I	Catalyzes the condensation reaction of fatty acid synthesis by the addition to an acyl acceptor of two carbons from malonyl-ACP. Specific for elongation from C-10 to unsaturated C-16 and C-18 fatty acids	fabB	ko:K00647	ko00061,ko00780,ko01100,ko01212,map00061,map00780,map01100,map01212
WP_000817229	F	Catalyzes the ATP-dependent conversion of 7-carboxy-7- deazaguanine (CDG) to 7-cyano-7-deazaguanine (preQ(0))	queC	ko:K06920	ko00790,ko01100,map00790,map01100
WP_000817700	K	Transcriptional regulator	ycjZ	-	-
WP_000818114	J	Associates with the EF-Tu.GDP complex and induces the exchange of GDP to GTP. It remains bound to the aminoacyl-tRNA.EF- Tu.GTP complex up to the GTP hydrolysis stage on the ribosome	tsf	ko:K02357	-
WP_000818231	E	Catalyzes the isomerization between 2-isopropylmalate and 3-isopropylmalate, via the formation of 2-isopropylmaleate	leuD	ko:K01704	ko00290,ko00660,ko01100,ko01110,ko01210,ko01230,map00290,map00660,map01100,map01110,map01210,map01230
WP_000818425	E	Catalyzes the irreversible transfer of a propylamine group from the amino donor S-adenosylmethioninamine (decarboxy- AdoMet) to putrescine (1,4-diaminobutane) to yield spermidine	speE	ko:K00797	ko00270,ko00330,ko00410,ko00480,ko01100,map00270,map00330,map00410,map00480,map01100
WP_000818601	K	Required for nucleoid occlusion (NO) phenomenon, which prevents Z-ring formation and cell division over the nucleoid. Acts as a DNA-associated cell division inhibitor that binds simultaneously chromosomal DNA and FtsZ, and disrupts the assembly of FtsZ polymers. SlmA-DNA-binding sequences (SBS) are dispersed on non-Ter regions of the chromosome, preventing FtsZ polymerization at these regions	slmA	ko:K05501	-
WP_000818618	F	Catalyzes the specific phosphorylation of the 3-hydroxyl group of shikimic acid using ATP as a cosubstrate	aroK	ko:K00891	ko00400,ko01100,ko01110,ko01130,ko01230,map00400,map01100,map01110,map01130,map01230
WP_000819739	S	-	yjdP	-	-
WP_000820072	NU	Type II secretion system (T2SS), protein I	gspI	ko:K02458	ko03070,ko05111,map03070,map05111
WP_000820713	J	Part of a sulfur-relay system required for 2-thiolation of 5-methylaminomethyl-2-thiouridine (mnm(5)s(2)U) at tRNA wobble positions	tusC	ko:K07236	ko04122,map04122
WP_000820771	E	ethanolamine metabolic process	eutP	ko:K04029	-
WP_000821859	S	F plasmid TraN appears to recognize OmpA in the recipient cell	traN	ko:K12058	-
WP_000822277	H	Phosphomethylpyrimidine kinase	thiD	ko:K00941	ko00730,ko01100,map00730,map01100
WP_000823289	G	The phosphoenolpyruvate-dependent sugar phosphotransferase system (PTS), a major carbohydrate active transport system, catalyzes the phosphorylation of incoming sugar substrates concomitant with their translocation across the cell membrane. The enzyme II complex composed of GatA, GatB and GatC is involved in galactitol transport	gatB	ko:K02774	ko00052,ko01100,ko02060,map00052,map01100,map02060
WP_000823885	S	cellular response to cadmium ion	ychH	-	-
WP_000824112	NU	pilus assembly	fimI	ko:K07351	-
WP_000824439	O	Involved in disulfide bond formation. Catalyzes a late, reductive step in the assembly of periplasmic c-type cytochromes, probably the reduction of disulfide bonds of the apocytochrome c to allow covalent linkage with the heme	dsbE	ko:K02199	-
WP_000825458	NU	cell adhesion	fimG	ko:K07349	-
WP_000825598	S	YfdX protein	yfdX	-	-
WP_000825639	S	Protein involved in biological_process	yhdV	-	-
WP_000825691	H	Flavin prenyltransferase that catalyzes the synthesis of the prenylated FMN cofactor (prenyl-FMN) for 4-hydroxy-3- polyprenylbenzoic acid decarboxylase UbiD. The prenyltransferase is metal-independent and links a dimethylallyl moiety from dimethylallyl monophosphate (DMAP) to the flavin N5 and C6 atoms of FMN	ubiX	ko:K03186	ko00130,ko00627,ko00940,ko01100,ko01110,ko01120,ko01220,map00130,map00627,map00940,map01100,map01110,map01120,map01220
WP_000825768	S	ATP binding	ycjX	ko:K06918	-
WP_000825996	S	Protein of unknown function (DUF2756)	yhhA	-	-
WP_000826023	NU	Part of the yfcOPQRSUV fimbrial operon. Could contribute to adhesion to various surfaces in specific environmental niches. Increases adhesion to eukaryotic T24 bladder epithelial cells in the absence of fim genes	yfcR	-	-
WP_000826500	L	sequence-specific DNA binding	yfeD	-	-
WP_000826721	T	Member of a two-component regulatory system	yedV	ko:K02484,ko:K07644	ko02020,map02020
WP_000826833	NU	Part of the yfcOPQRSUV fimbrial operon. Could contribute to adhesion to various surfaces in specific environmental niches. Increases adhesion to eukaryotic T24 bladder epithelial cells in the absence of fim genes	yfcQ	-	-
WP_000828222	NPTU	Binds zinc. Could be an important component of the zinc- balancing mechanism	zraP	ko:K07803	ko02020,map02020
WP_000828351	K	Controls the transcription of genes involved in arginine and lysine metabolism	argP	ko:K05596	-
WP_000828648	J	During stationary phase, converts 70S ribosomes to an inactive dimeric form (100S ribosomes)	rmf	ko:K03812	-
WP_000829013	C	Allows to use formate as major electron donor during aerobic respiration. Subunit gamma is probably the cytochrome b556(FDO) component of the formate dehydrogenase	fdoI	ko:K00127,ko:K08350	ko00630,ko00680,ko01100,ko01120,ko01200,ko02020,map00630,map00680,map01100,map01120,map01200,map02020
WP_000829498	C	the fumarate reductase is used in anaerobic growth, and the succinate dehydrogenase is used in aerobic growth	frdB	ko:K00245	ko00020,ko00190,ko00620,ko00650,ko00720,ko01100,ko01110,ko01120,ko01130,ko01200,ko02020,map00020,map00190,map00620,map00650,map00720,map01100,map01110,map01120,map01130,map01200,map02020
WP_000829818	J	Belongs to the universal ribosomal protein uS9 family	rpsI	ko:K02996	ko03010,map03010
WP_000830156	M	Belongs to the peptidase S11 family	dacA	ko:K07258	ko00550,ko01100,map00550,map01100
WP_000830468	NU	Part of the yehABCD fimbrial operon. Could contribute to adhesion to various surfaces in specific environmental niches	yehD	-	-
WP_000830838	S	PFAM TraU	traU	ko:K12060	-
WP_000831330	J	Belongs to the bacterial ribosomal protein bL34 family	rpmH	ko:K02914	ko03010,map03010
WP_000831543	S	Protein of unknown function (DUF1190)	ygiB	-	-
WP_000832231	NU	Involved in regulation of length and mediation of adhesion of type 1 fimbriae (but not necessary for the production of fimbriae). Adhesin responsible for the binding to D-mannose. It is laterally positioned at intervals in the structure of the type 1 fimbriae. In order to integrate FimH in the fimbriae FimF and FimG are needed	fimH	ko:K07350	-
WP_000832475	P	TonB-dependent Receptor Plug Domain	yddB	-	-
WP_000832554	P	Cation acetate symporter ActP	actP	ko:K14393	-
WP_000833288	S	May be involved in the biogenesis of curli organelles	csgE	ko:K04337	-
WP_000833393	S	Protein of unknown function (DUF1249)	yqiB	ko:K09920	-
WP_000833679	K	Uxu operon transcriptional regulator	uxuR	ko:K13637	-
WP_000835077	F	Catalyzes the specific phosphorylation of 1,6-anhydro-N- acetylmuramic acid (anhMurNAc) with the simultaneous cleavage of the 1,6-anhydro ring, generating MurNAc-6-P. Is required for the utilization of anhMurNAc either imported from the medium or derived from its own cell wall murein, and thus plays a role in cell wall recycling	anmK	ko:K09001	-
WP_000835174	C	Electron transfer subunit of the periplasmic nitrate reductase complex NapAB	napB	ko:K02568	ko00910,ko01120,map00910,map01120
WP_000836037	C	zinc ion binding	rspB	ko:K08322	ko00040,ko01100,map00040,map01100
WP_000836768	K	response to cold	ydfK	-	-
WP_000837902	M	Outer membrane protein N	ompN	ko:K09476,ko:K11929,ko:K14062,ko:K16076	ko01501,ko02020,map01501,map02020
WP_000838261	M	PPIases accelerate the folding of proteins. It catalyzes the cis-trans isomerization of proline imidic peptide bonds in oligopeptides	fkpA	ko:K03772	-
WP_000838415	C	4 iron, 4 sulfur cluster binding	ygfS	-	-
WP_000838889	H	Catalyzes the reversible adenylation of nicotinate mononucleotide (NaMN) to nicotinic acid adenine dinucleotide (NaAD)	nadD	ko:K00969,ko:K01488	ko00230,ko00760,ko01100,ko05340,map00230,map00760,map01100,map05340
WP_000838945	S	Protein of unknown function (DUF1131)	yfeY	-	-
WP_000839153	K	Induces low levels of natural DNA uptake by inducing transcription of the competence genes (the CRP-S regulon) required for DNA transformation. Induction of the CRP-S regulon also requires Sxy-activated promoter (CRP-S), cAMP receptor protein (CRP) and cAMP. Induces CRP-S site-containing genes which are involved in genome maintenance and transcription or encoding transposases and toxin-antitoxin pairs	sxy	ko:K07343	-
WP_000839179	L	Transposase	-	ko:K07483	-
WP_000839590	S	Lysis protein S homolog from lambdoid prophage	essQ	-	-
WP_000839599	S	Lysis protein S homolog from lambdoid prophage	essD	-	-
WP_000840481	S	Protein of unknown function (DUF1289)	ydhL	ko:K06938	-
WP_000841001	S	Belongs to the UPF0438 family	yifE	ko:K09897	-
WP_000841103	EGP	transporter	kgtP	ko:K02625,ko:K03761	-
WP_000841554	J	Although this protein associates with the 30S subunit of the ribosome it is not considered to be a bona fide ribosomal protein	sra	ko:K02972	-
WP_000842102	C	Has high formaldehyde dehydrogenase activity in the presence of glutathione and catalyzes the oxidation of normal alcohols in a reaction that is not GSH-dependent	adhC	ko:K00121	ko00010,ko00071,ko00350,ko00625,ko00626,ko00680,ko00830,ko00980,ko00982,ko01100,ko01110,ko01120,ko01130,ko01200,ko01220,ko05204,map00010,map00071,map00350,map00625,map00626,map00680,map00830,map00980,map00982,map01100,map01110,map01120,map01130,map01200,map01220,map05204
WP_000843422	K	Multiple antibiotic resistance protein MarR	marR	ko:K03712	-
WP_000843577	S	Protein of unknown function (DUF2541)	yaaI	-	-
WP_000843779	S	Carboxymuconolactone decarboxylase family	-	ko:K01607	ko00362,ko01100,ko01120,ko01220,map00362,map01100,map01120,map01220
WP_000843866	ET	glutamine-binding periplasmic protein	glnH	ko:K02030,ko:K10036	ko02010,map02010
WP_000844800	S	cellular response to acidic pH	yodD	-	-
WP_000845394	P	proton pump that is linked to amino acid decarboxylation, as part of the extreme acid resistance (XAR) response	clcA	ko:K03281	-
WP_000845910	S	Plasmid SOS inhibition protein (PsiB)	psiB	-	-
WP_000846342	J	Responsible for synthesis of pseudouridine from uracil	rluC	ko:K06179	-
WP_000846399	S	Phage Tail Protein X	-	-	-
WP_000847345	S	Phage minor tail protein	JD73_18905	-	-
WP_000847559	J	This protein is one of the early assembly proteins of the 50S ribosomal subunit, although it is not seen to bind rRNA by itself. It is important during the early stages of 50S assembly	rplM	ko:K02871	ko03010,map03010
WP_000847791	S	Uncharacterized protein conserved in bacteria (DUF2057)	yccT	ko:K09909	-
WP_000847881	S	Belongs to the UPF0149 family	yecA	ko:K07039	-
WP_000847985	I	Catalyzes oxidation of L-threonate to 2-oxo-tetronate. Can use either NAD( ) or NADP( ) as cosubstrate, with a preference for NAD( )	ygbJ	ko:K08319	-
WP_000848387	L	Negative regulator of replication initiation, which contributes to regulation of DNA replication and ensures that replication initiation occurs exactly once per chromosome per cell cycle. Binds to pairs of hemimethylated GATC sequences in the oriC region, thus preventing assembly of replication proteins and re- initiation at newly replicated origins. Repression is relieved when the region becomes fully methylated	seqA	ko:K03645	-
WP_000848523	M	Lipoprotein leucine-zipper	yqhH	-	-
WP_000848654	M	Belongs to the aspartate glutamate racemases family	ygeA	ko:K01779	ko00250,ko01054,map00250,map01054
WP_000849301	S	cellular response to DNA damage stimulus	ybiJ	ko:K12151	-
WP_000849708	M	Family of unknown function (DUF5339)	-	-	-
WP_000850550	S	Belongs to the UPF0250 family	ybeD	ko:K09158	-
WP_000852287	H	Converts molybdopterin precursor Z to molybdopterin. This requires the incorporation of two sulfur atoms into precursor Z to generate a dithiolene group. The sulfur is provided by MoaD	moaE	ko:K03635	ko00790,ko01100,ko04122,map00790,map01100,map04122
WP_000852686	P	Part of the ABC transporter complex CysAWTP (TC 3.A.1.6.1) involved in sulfate thiosulfate import. Probably responsible for the translocation of the substrate across the membrane	cysW	ko:K02047	ko00920,ko02010,map00920,map02010
WP_000852812	K	This regulatory protein, when combined with SAM (S- adenosylmethionine) represses the expression of the methionine regulon and of enzymes involved in SAM synthesis	metJ	ko:K03764	-
WP_000852835	K	psp operon transcriptional activator	pspF	ko:K03974	-
WP_000853189	E	oxidoreductase activity	yggP	ko:K19956	ko00051,map00051
WP_000853256	S	Haem-degrading	glcG	ko:K11477	-
WP_000853753	G	D-fructose-1,6-bisphosphate 1-phosphohydrolase class 1	fbp	ko:K03841	ko00010,ko00030,ko00051,ko00680,ko00710,ko01100,ko01110,ko01120,ko01130,ko01200,ko04152,ko04910,map00010,map00030,map00051,map00680,map00710,map01100,map01110,map01120,map01130,map01200,map04152,map04910
WP_000853964	H	Catalyzes the 6-electron oxidation of protoporphyrinogen-IX to form protoporphyrin-IX using menaquinone as electron acceptor	hemG	ko:K00230	ko00860,ko01100,ko01110,map00860,map01100,map01110
WP_000854033	V	P-hydroxybenzoic acid efflux pump subunit AaeA	aaeA	ko:K15548	-
WP_000854250	G	Belongs to the glycosyl hydrolase 31 family	yicI	ko:K01187	ko00052,ko00500,ko01100,map00052,map00500,map01100
WP_000854561	D	Division inhibition protein dicB	dicB	ko:K22304	-
WP_000854633	G	Belongs to the mannitol dehydrogenase family. UxaB subfamily	uxaB	ko:K00040,ko:K00041	ko00040,ko01100,map00040,map01100
WP_000854796	C	Aldo/keto reductase family	-	-	-
WP_000855046	S	Escherichia coli O157 H7 ortholog z1656	yfjX	-	-
WP_000855378	F	Belongs to the carbamate kinase family	arcC	ko:K00926	ko00220,ko00230,ko00910,ko01100,ko01120,ko01200,map00220,map00230,map00910,map01100,map01120,map01200
WP_000856744	K	Necessary for efficient RNA polymerase transcription elongation past template-encoded arresting sites. The arresting sites in DNA have the property of trapping a certain fraction of elongating RNA polymerases that pass through, resulting in locked ternary complexes. Cleavage of the nascent transcript by cleavage factors such as GreA or GreB allows the resumption of elongation from the new 3'terminus. GreB releases sequences of up to 9 nucleotides in length	greB	ko:K04760	-
WP_000857051	NU	Prokaryotic N-terminal methylation motif	ppdA	ko:K02679	-
WP_000857245	C	Conversion of glycerol 3-phosphate to dihydroxyacetone. Uses fumarate or nitrate as electron acceptor	glpA	ko:K00111	ko00564,ko01110,map00564,map01110
WP_000857406	S	Deacetylates O-acetyl-ADP ribose. Down-regulates ribonuclease 3 (RNase III) activity. Acts by interacting directly with the region of the ribonuclease that is required for dimerization activation	ymdB	-	-
WP_000858017	S	Probably a connector protein for RcsB C regulation of biofilm formation, providing additional signal input into the two- component signaling pathway. May serve to stimulate biofilm maturation, probably via the Rcs phosphorelay. Mild overexpression at 16 degrees Celsius increases the production of colanic acid, an exopolysaccharide and matrix component, and reduces adhesive curli fimbriae expression. Both of these effects require RcsB	ymgA	ko:K21975	-
WP_000858214	C	Responsible for the transport of dicarboxylates such as succinate, fumarate, and malate across the membrane	dctA	ko:K11103	ko02020,map02020
WP_000858523	P	nucleoside transporter	yegT	-	-
WP_000858557	E	oxidoreductase activity	sorE	ko:K19956	ko00051,map00051
WP_000859001	H	6-pyruvoyl tetrahydropterin synthase	queD	ko:K01737	ko00790,ko01100,map00790,map01100
WP_000859787	F	carbamoyltransferase YgeW	ygeW	-	-
WP_000860030	S	X-Pro dipeptidyl-peptidase (S15 family)	-	ko:K06889	-
WP_000860081	S	Escherichia coli O157 H7 ortholog z1656	yfjX	-	-
WP_000860192	E	Catalyzes the cis-dehydration of 3-dehydroquinate (DHQ) and introduces the first double bond of the aromatic ring to yield 3- dehydroshikimate	aroD	ko:K03785	ko00400,ko01100,ko01110,ko01130,ko01230,map00400,map01100,map01110,map01130,map01230
WP_000861334	O	Folding helper with both chaperone and peptidyl-prolyl cis-trans isomerase (PPIase) activities. Chaperone activity prevents aggregation of unfolded or partially folded proteins and promotes their correct folding. PPIases catalyze the cis-trans isomerization of Xaa-Pro bonds of peptides, which accelerates slow steps of protein folding and thus shortens the lifetime of intermediates. Both strategies lower the concentration of intermediates and increase the productivity and yield of the folding reaction. SlyD could be involved in Tat-dependent translocation, by binding to the Tat-type signal of folded proteins	slyD	ko:K03775	-
WP_000861734	C	formate acetyltransferase	tdcE	ko:K00656	ko00620,ko00640,ko00650,ko01100,ko01120,map00620,map00640,map00650,map01100,map01120
WP_000864314	S	Conjugal transfer protein TrbE	-	-	-
WP_000865539	M	Forms pores that allow passive diffusion of small molecules across the outer membrane	ompC	ko:K09475,ko:K09476,ko:K11929,ko:K14062,ko:K16076	ko01501,ko02020,map01501,map02020
WP_000866436	J	Belongs to the bacterial ribosomal protein bL36 family	rpmJ	ko:K02919	ko03010,map03010
WP_000866856	F	Belongs to the GARS family	purD	ko:K01945,ko:K13713	ko00230,ko01100,ko01110,ko01130,map00230,map01100,map01110,map01130
WP_000867161	P	Part of the ABC transporter complex PstSACB involved in phosphate import	pstS	ko:K02040	ko02010,ko02020,ko05152,map02010,map02020,map05152
WP_000867217	S	Belongs to the DsrB family	dsrB	-	-
WP_000868187	J	Belongs to the bacterial ribosomal protein bL36 family	rpmJ	ko:K02919	ko03010,map03010
WP_000868863	L	Transposase	-	ko:K07486	-
WP_000869042	C	Catalyzes the reduction of 2,3-diketo-L-gulonate in the presence of NADH, to form 3-keto-L-gulonate	dlgD	ko:K08092,ko:K13574	ko00040,ko00053,map00040,map00053
WP_000869178	F	belongs to the carbohydrate kinase PfkB family	hldE	ko:K03272,ko:K21344	ko00540,ko01100,map00540,map01100
WP_000870712	S	Nucleotidase that shows high phosphatase activity toward non-canonical pyrimidine nucleotides and three canonical nucleoside 5'-monophosphates (UMP, dUMP, and dTMP), and very low activity against TDP, IMP, UDP, GMP, dGMP, AMP, dAMP, and 6- phosphogluconate. Appears to function as a house-cleaning nucleotidase in vivo, since the general nucleotidase activity of YjjG allows it to protect cells against non-canonical pyrimidine derivatives such as 5-fluoro-2'-deoxyuridine, 5-fluorouridine, 5- fluoroorotate, 5-fluorouracil, and 5-aza-2'-deoxycytidine, and prevents the incorporation of potentially mutagenic nucleotides into DNA. Its dUMP phosphatase activity that catalyzes the hydrolysis of dUMP to deoxyuridine is necessary for thymine utilization via the thymine salvage pathway. Is strictly specific to substrates with 5'-phosphates and shows no activity against nucleoside 2'- or 3'-monophosphates	yjjG	ko:K01560,ko:K07025,ko:K08723	ko00230,ko00240,ko00361,ko00625,ko00760,ko01100,ko01110,ko01120,map00230,map00240,map00361,map00625,map00760,map01100,map01110,map01120
WP_000871982	S	Putative inner membrane protein YbhQ	ybhQ	-	-
WP_000872836	E	Catalyzes the oxidative demethylation of N-methyl-L- tryptophan	solA	ko:K02846	-
WP_000872908	H	Globally modulates RNA abundance by binding to RNase E (Rne) and regulating its endonucleolytic activity. Can modulate Rne action in a substrate-dependent manner by altering the composition of the degradosome. Modulates RNA-binding and helicase activities of the degradosome	rraA	ko:K02553	-
WP_000873387	J	Responsible for synthesis of pseudouridine from uracil- 2457 in 23S ribosomal RNA	rluE	ko:K06181	-
WP_000873880	L	Endonuclease IV plays a role in DNA repair. It cleaves phosphodiester bonds at apurinic or apyrimidinic sites (AP sites) to produce new 5'-ends that are base-free deoxyribose 5-phosphate residues. It preferentially attacks modified AP sites created by bleomycin and neocarzinostatin	nfo	ko:K01151	ko03410,map03410
WP_000873944	S	-	ybfB	-	-
WP_000874189	S	-	-	-	-
WP_000874224	P	Belongs to the NlpA lipoprotein family	metQ	ko:K02072,ko:K02073	ko02010,map02010
WP_000875487	S	CreA protein	creA	ko:K05805	-
WP_000876284	S	Involved in the assembly of lipopolysaccharide (LPS)	lapA	ko:K08992	-
WP_000876770	NU	Fimbrial protein	ydeS	-	-
WP_000877161	D	Required for spatial organization of the terminus region of the chromosome (Ter macrodomain) during the cell cycle. Prevents early segregation of duplicated Ter macrodomains during cell division. Binds specifically to matS, which is a 13 bp signature motif repeated within the Ter macrodomain	matP	ko:K09911	-
WP_000878883	G	aldehyde-lyase activity	ydjI	-	-
WP_000879194	P	Mediates the exchange of external hexose 6-phosphate and internal inorganic phosphate. Can transport glucose-6-phosphate, fructose-6-phosphate and mannose-6-phosphate. Also catalyzes the neutral exchange of internal and external phosphate	uhpT	ko:K07784	ko02020,map02020
WP_000879689	N	Involved in the assembly process of the P-ring formation. It may associate with FlgF on the rod constituting a structure essential for the P-ring assembly or may act as a modulator protein for the P-ring assembly	flgA	ko:K02386	ko02040,map02040
WP_000882823	S	ABC transporter	ynjD	ko:K05779	-
WP_000883024	E	Belongs to the glutaminase family	glsA	ko:K01425	ko00220,ko00250,ko00471,ko01100,ko04724,ko04727,ko04964,ko05206,ko05230,map00220,map00250,map00471,map01100,map04724,map04727,map04964,map05206,map05230
WP_000883400	P	Involved in resistance toward heavy metals	cutA	ko:K03926	-
WP_000884361	C	A terminal oxidase that produces a proton motive force by the vectorial transfer of protons across the inner membrane. It is the component of the aerobic respiratory chain of E.coli that predominates when cells are grown at low aeration. Generates a proton motive force using protons and electrons from opposite sides of the membrane to generate H(2)O, transferring 1 proton electron	cydA	ko:K00425	ko00190,ko01100,ko02020,map00190,map01100,map02020
WP_000884589	K	Plays a role in L-cysteine detoxification. Binds to the dlsT(yhaO)-yhaM operon promoter in the presence but not absence of L-cysteine	ybaO	ko:K05800	-
WP_000884639	I	first, biotin carboxylase catalyzes the carboxylation of the carrier protein and then the transcarboxylase transfers the carboxyl group to form malonyl-CoA	accC	ko:K01961	ko00061,ko00620,ko00640,ko00720,ko01100,ko01110,ko01120,ko01130,ko01200,ko01212,map00061,map00620,map00640,map00720,map01100,map01110,map01120,map01130,map01200,map01212
WP_000884702	N	Structural component of flagellum, the bacterial motility apparatus. Part of the rod structure of flagellar basal body	flgB	ko:K02387	ko02040,map02040
WP_000884972	L	Dioxygenase that repairs alkylated DNA and RNA containing 3-methylcytosine or 1-methyladenine by oxidative demethylation. Has highest activity towards 3-methylcytosine. Has lower activity towards alkylated DNA containing ethenoadenine, and no detectable activity towards 1-methylguanine or 3-methylthymine. Accepts double-stranded and single-stranded substrates. Requires molecular oxygen, alpha-ketoglutarate and iron. Provides extensive resistance to alkylating agents such as MMS and DMS (SN2 agents), but not to MMNG and MNU (SN1 agents)	alkB	ko:K03919	-
WP_000885033	U	UPF0056 membrane protein	marC	ko:K05595	-
WP_000885449	K	transcriptional regulator	abgR	ko:K14057	-
WP_000885792	S	Involved in the biosynthesis of the siderophore enterobactin (enterochelin), which is a macrocyclic trimeric lactone of N-(2,3-dihydroxybenzoyl)-serine. Plays a role in the catalytic function of EntF. It is required for adenylation of amino acids in non-ribosomal peptide biosynthesis	ybdZ	ko:K05375	ko00261,ko01130,map00261,map01130
WP_000885855	N	bacterial-type flagellum-dependent swarming motility	flgE	ko:K02390	ko02040,map02040
WP_000886078	J	Folate-binding protein involved in regulating the level of ATP-DnaA and in the modification of some tRNAs. It is probably a key factor in regulatory networks that act via tRNA modification, such as initiation of chromosomal replication	ygfZ	ko:K06980	-
WP_000886683	J	Catalyzes the attachment of serine to tRNA(Ser). Is also able to aminoacylate tRNA(Sec) with serine, to form the misacylated tRNA L-seryl-tRNA(Sec), which will be further converted into selenocysteinyl-tRNA(Sec)	serS	ko:K01875	ko00970,map00970
WP_000888652	G	Belongs to the aldolase class II family. AraD FucA subfamily	araD	ko:K03077	ko00040,ko00053,ko01100,ko01120,map00040,map00053,map01100,map01120
WP_000888714	E	Bacterial transferase hexapeptide (six repeats)	wcaB	ko:K00640,ko:K03819	ko00270,ko00920,ko01100,ko01110,ko01120,ko01200,ko01230,ko05111,map00270,map00920,map01100,map01110,map01120,map01200,map01230,map05111
WP_000888778	K	Probably a connector protein for RcsB C regulation of biofilm and acid-resistance, providing additional signal input into the two-component signaling pathway. May serve to stimulate biofilm maturation, via the Rcs phosphorelay. Regulates expression of genes involved in acid-resistance and biofilm formation, including the RcsB C two-component system. May be a non-specific DNA-binding protein that binds genes and or intergenic regions via a geometric recognition. Also confers resistance to H(2)O(2). Overexpression at 28 and 16 degrees Celsius increases the production of colanic acid, an exopolysaccharide and matrix component, and reduces adhesive curli fimbriae expression. Both of these effects require RcsB	ariR	ko:K21976	-
WP_000890001	J	Pseudouridine synthase	truC	ko:K06175	-
WP_000891404	S	Phage Shock Protein G	pspG	-	-
WP_000891515	U	AcrA-AcrB-AcrZ-TolC is a drug efflux protein complex with a broad substrate specificity. This protein binds to AcrB and is required for efflux of some but not all substrates, suggesting it may influence the specificity of drug export	acrZ	-	-
WP_000891564	M	Involved in lipopolysaccharide (LPS) biosynthesis. Catalyzes the transfer of two 3-deoxy-D-manno-octulosonate (Kdo) residues from CMP-Kdo to lipid IV(A), the tetraacyldisaccharide- 1,4'-bisphosphate precursor of lipid A	kdtA	ko:K02527	ko00540,ko01100,map00540,map01100
WP_000891692	P	Part of the ABC transporter complex ModABC involved in molybdenum import. Responsible for energy coupling to the transport system	modC	ko:K02017	ko02010,map02010
WP_000891823	K	AraC-like ligand binding domain	yisR	-	-
WP_000892044	S	transporter activity	perM	ko:K03548	-
WP_000892317	I	Overexpression leads to increased undecaprenyl diphosphatase activity and to increased resistance to bacitracin. May have a preferred substrate other than undecaprenyl diphosphate in vivo	ybjG	ko:K19302	ko00550,map00550
WP_000893603	T	Phosphate regulon sensor protein PhoR	phoR	ko:K07636	ko02020,map02020
WP_000893994	S	-	-	-	-
WP_000895624	P	UPF0053 inner membrane protein YgdQ	ygdQ	-	-
WP_000896498	C	Produces ATP from ADP in the presence of a proton gradient across the membrane. The gamma chain is believed to be important in regulating ATPase activity and the flow of protons through the CF(0) complex	atpG	ko:K02115	ko00190,ko00195,ko01100,map00190,map00195,map01100
WP_000896734	F	gluconokinase activity	idnK	ko:K00851	ko00030,ko01100,ko01110,ko01120,ko01130,ko01200,map00030,map01100,map01110,map01120,map01130,map01200
WP_000896871	S	Polysaccharide biosynthesis protein	yghQ	-	-
WP_000897305	S	Cytotoxic translational repressor of toxin-antitoxin stability system	-	-	-
WP_000897378	KT	Involved in UV protection and mutation. Poorly processive, error-prone DNA polymerase involved in translesion repair. Essential for induced (or SOS) mutagenesis. Able to replicate DNA across DNA lesions (thymine photodimers and abasic sites, called translesion synthesis) in the presence of activated RecA	umuD	ko:K03503	-
WP_000899522	S	Responsible for the transport of C4-dicarboxylates from the periplasm across the inner membrane	dcuB	ko:K07792	ko02020,map02020
WP_000899599	S	Gram-negative-bacterium-type cell wall biogenesis	ycbC	-	-
WP_000901098	E	metal ion binding	yaeR	ko:K08234	-
WP_000901367	S	-	-	-	-
WP_000902780	P	Low-affinity inorganic phosphate transport. Can also transport arsenate	pitA	ko:K03306,ko:K16322	-
WP_000903375	J	Part of a sulfur-relay system required for 2-thiolation of 5-methylaminomethyl-2-thiouridine (mnm(5)s(2)U) at tRNA wobble positions	tusB	ko:K07237	ko04122,map04122
WP_000904442	J	Part of a sulfur-relay system	tusE	ko:K11179	ko04122,map04122
WP_000904502	O	Identified as a multi-copy suppressor of an FtsH HtpX protease double disruption mutant. May play a role in the quality control of integral membrane proteins	qmcA	-	-
WP_000905382	H	Catalyzes the condensation of pantoate with beta-alanine in an ATP-dependent reaction via a pantoyl-adenylate intermediate	panC	ko:K01918	ko00410,ko00770,ko01100,ko01110,map00410,map00770,map01100,map01110
WP_000905780	U	Part of the Sec protein translocase complex. Interacts with the SecYEG preprotein conducting channel. Has a central role in coupling the hydrolysis of ATP to the transfer of proteins into and across the cell membrane, serving both as a receptor for the preprotein-SecB complex and as an ATP-driven molecular motor driving the stepwise translocation of polypeptide chains across the membrane	secA	ko:K03070	ko02024,ko03060,ko03070,map02024,map03060,map03070
WP_000905920	M	COG3524 Capsule polysaccharide export protein	kpsE	ko:K10107	ko02010,map02010
WP_000906177	S	Belongs to the UPF0246 family	yaaA	ko:K09861	-
WP_000906236	F	hydrolase activity, acting on carbon-nitrogen (but not peptide) bonds	ssnA	-	-
WP_000906336	N	transmembrane proton channel. Overexpression of MotA, with or without MotB, restores motility in a yhjH disruption, (a c-di-GMP phosphodiesterase) suggesting there is an interaction (direct or indirect) between the c-di-GMP-binding flagellar brake protein YcgR and the flagellar stator	motA	ko:K02556	ko02020,ko02030,ko02040,map02020,map02030,map02040
WP_000906486	J	Could accelerate the degradation of some genes transcripts potentially through selective RNA binding	csrA	ko:K03563	ko02020,ko02025,ko02026,ko05111,map02020,map02025,map02026,map05111
WP_000906949	K	Positively regulates the transcription of the maltose regulon whose gene products are responsible for uptake and catabolism of malto-oligosaccharides. Binds and recognizes a DNA motif (called the malT box) 5'-GGA TG GA-3'	malT	ko:K03556	-
WP_000907085	S	Belongs to the UPF0270 family	yheU	ko:K09898	-
WP_000907234	K	transcriptional regulatory protein YebC	yebC	-	-
WP_000907387	KT	The phage shock protein (psp) operon (pspABCDE) may play a significant role in the competition for survival under nutrient- or energy-limited conditions. PspC is involved in transcription regulation	pspC	ko:K03973	-
WP_000908071	S	-	-	-	-
WP_000909116	C	Antibiotic biosynthesis monooxygenase	VY92_08690	-	-
WP_000911112	EP	probably responsible for the translocation of the substrate across the membrane	oppB	ko:K15581	ko01501,ko02010,ko02024,map01501,map02010,map02024
WP_000912345	J	Belongs to the class-I aminoacyl-tRNA synthetase family	cysS	ko:K01883	ko00970,map00970
WP_000912582	S	Protein of unknown function (DUF2713)	yjbM	-	-
WP_000912716	E	5-oxoprolinase (ATP-hydrolyzing) activity	ybgK	ko:K01457,ko:K01941	ko00220,ko00791,ko01100,ko01120,map00220,map00791,map01100,map01120
WP_000913396	D	rod shape-determining protein MreB	mreB	ko:K03569	-
WP_000915482	S	Domain of unknown function (DUF4868)	-	-	-
WP_000916763	L	DNA polymerase III is a complex, multichain enzyme responsible for most of the replicative synthesis in bacteria. This DNA polymerase also exhibits 3' to 5' exonuclease activity	holE	ko:K02345	ko00230,ko00240,ko01100,ko03030,ko03430,ko03440,map00230,map00240,map01100,map03030,map03430,map03440
WP_000916813	G	Phosphoenolpyruvate-dependent sugar phosphotransferase system, EIIA 2	cmtB	ko:K02821	ko00053,ko01100,ko01120,ko02060,map00053,map01100,map01120,map02060
WP_000917117	L	Acts on ADP-mannose and ADP-glucose as well as ADP- ribose. Prevents glycogen biosynthesis. The reaction catalyzed by this enzyme is a limiting step of the gluconeogenic process	nudF	ko:K01515	ko00230,map00230
WP_000917186	S	P2 phage tail completion protein R (GpR)	-	-	-
WP_000917208	P	Iron-storage protein	ftnA	ko:K02217	-
WP_000917883	L	Endonuclease that specifically degrades the RNA of RNA- DNA hybrids	rnhA	ko:K03469	ko03030,map03030
WP_000918166	M	Cell wall formation. Synthesis of cross-linked peptidoglycan from the lipid intermediates. The enzyme has a penicillin-insensitive transglycosylase N-terminal domain (formation of linear glycan strands) and a penicillin-sensitive transpeptidase C-terminal domain (cross-linking of the peptide subunits)	mrcB	ko:K05365	ko00550,map00550
WP_000918363	L	it exhibits DNA-dependent ATPase activity and contains distinct active sites for ATP binding, DNA binding, and interaction with DnaC protein, primase, and other prepriming proteins	dnaB	ko:K02314	ko03030,ko04112,map03030,map04112
WP_000918506	P	transmembrane transporter activity	ycaM	-	-
WP_000918827	L	RNA polymerase that catalyzes the synthesis of short RNA molecules used as primers for DNA polymerase during DNA replication	dnaG	ko:K02316	ko03030,map03030
WP_000919149	E	Catalyzes the reversible interconversion of serine and glycine with tetrahydrofolate (THF) serving as the one-carbon carrier. This reaction serves as the major source of one-carbon groups required for the biosynthesis of purines, thymidylate, methionine, and other important biomolecules. Also exhibits THF- independent aldolase activity toward beta-hydroxyamino acids, producing glycine and aldehydes, via a retro-aldol mechanism	glyA	ko:K00600	ko00260,ko00460,ko00630,ko00670,ko00680,ko01100,ko01110,ko01120,ko01130,ko01200,ko01230,ko01523,map00260,map00460,map00630,map00670,map00680,map01100,map01110,map01120,map01130,map01200,map01230,map01523
WP_000919226	H	Catalyzes a mechanistically unusual reaction, the ATP- dependent insertion of CO2 between the N7 and N8 nitrogen atoms of 7,8-diaminopelargonic acid (DAPA) to form an ureido ring	ynfK	ko:K01935	ko00780,ko01100,map00780,map01100
WP_000919560	NT	Methyl-accepting chemotaxis protein	tsr	ko:K03406,ko:K05874,ko:K05875,ko:K05876,ko:K05877	ko02020,ko02030,map02020,map02030
WP_000920064	S	Participates in the barrier function of the cell envelope	sanA	ko:K03748	-
WP_000920132	F	Belongs to the transthyretin family. 5-hydroxyisourate hydrolase subfamily	hiuH	ko:K07127	ko00230,ko01100,ko01120,map00230,map01100,map01120
WP_000920349	V	Inner membrane protein CreD	creD	ko:K06143	-
WP_000920799	C	Part of a membrane complex involved in electron transport. Required to maintain the reduced state of SoxR	rnfG	ko:K03612	-
WP_000920840	G	Involved in the anomeric conversion of L-fucose	fucU	ko:K02431	-
WP_000921592	D	DNA-binding transcriptional regulator Cro	-	ko:K22302	-
WP_000921783	H	Involved in a late step of protoheme IX synthesis	hemY	ko:K02498	-
WP_000922683	S	Protein of unknown function (DUF808)	yedI	ko:K09781	-
WP_000924289	S	UPF0126 domain	yicG	-	-
WP_000925795	Q	Part of the ABC transporter complex MlaFEDB that actively prevents phospholipid accumulation at the cell surface. Probably maintains lipid asymmetry in the outer membrane by retrograde trafficking of phospholipids from the outer membrane to the inner membrane	mlaE	ko:K02066	ko02010,map02010
WP_000925997	M	cysteine-type carboxypeptidase activity	ycbB	ko:K21470	-
WP_000926441	C	NDH-1 shuttles electrons from NADH, via FMN and iron- sulfur (Fe-S) centers, to quinones in the respiratory chain. The immediate electron acceptor for the enzyme in this species is believed to be ubiquinone. Couples the redox reaction to proton translocation (for every two electrons transferred, four hydrogen ions are translocated across the cytoplasmic membrane), and thus conserves the redox energy in a proton gradient	nuoM	ko:K00342	ko00190,ko01100,map00190,map01100
WP_000927012	S	colanic acid biosynthesis glycosyl transferase	wcaE	ko:K13683	-
WP_000928844	E	Threonine efflux protein	rhtC	ko:K05835	-
WP_000929408	S	double-strand break repair	yegP	ko:K09946	-
WP_000929439	K	diacid regulator	cdaR	ko:K02647	-
WP_000932347	J	Methylates the ribose at the nucleotide 34 wobble position in the two leucyl isoacceptors tRNA(Leu)(CmAA) and tRNA(Leu)(cmnm5UmAA). Catalyzes the methyl transfer from S- adenosyl-L-methionine to the 2'-OH of the wobble nucleotide	trmL	ko:K03216	-
WP_000934041	O	ATP-dependent specificity component of the ClpAP protease. It directs the protease to specific substrates. It has unfoldase activity. The primary function of the ClpA-ClpP complex appears to be the degradation of unfolded or abnormal proteins	clpA	ko:K03694	-
WP_000934216	G	Hydrolyzes trehalose to glucose. Could be involved, in cells returning to low osmolarity conditions, in the utilization of the accumulated cytoplasmic trehalose, which was synthesized in response to high osmolarity	treF	ko:K01194	ko00500,ko01100,map00500,map01100
WP_000934822	U	Part of the Sec protein translocase complex. Interacts with the SecYEG preprotein conducting channel. SecDF uses the proton motive force (PMF) to complete protein translocation after the ATP-dependent function of SecA	secD	ko:K03072	ko03060,ko03070,map03060,map03070
WP_000934925	I	Catalyzes the formation of phosphatidylethanolamine (PtdEtn) from phosphatidylserine (PtdSer)	psd	ko:K01613	ko00564,ko01100,ko01110,map00564,map01100,map01110
WP_000935042	P	Hemolysins and related proteins containing CBS domains	ytfL	-	-
WP_000935209	K	Positive regulator required for L-tartrate-dependent anaerobic growth on glycerol. Induces expression of the ttdA-ttdB- ygjE operon	ttdR	ko:K16135,ko:K21742	-
WP_000935372	E	Catalyzes the NADPH-dependent reduction of N-acetyl-5- glutamyl phosphate to yield N-acetyl-L-glutamate 5-semialdehyde	argC	ko:K00145	ko00220,ko01100,ko01110,ko01130,ko01210,ko01230,map00220,map01100,map01110,map01130,map01210,map01230
WP_000936043	EP	Part of the ABC transporter complex GsiABCD involved in glutathione import. Probably responsible for the translocation of the substrate across the membrane	gsiC	ko:K13890	ko02010,map02010
WP_000936365	J	Catalyzes the synthesis of pseudouridine from uracil- 2604 in 23S ribosomal RNA	rluF	ko:K06182,ko:K06183	-
WP_000936635	K	response to methylglyoxal	yjjQ	-	-
WP_000938855	EP	probably responsible for the translocation of the substrate across the membrane	dppB	ko:K12369,ko:K19227	ko01503,ko02010,map01503,map02010
WP_000939323	P	Domain of unknown function (DUF1971)	yeaR	-	-
WP_000939738	D	Important for reducing fluoride concentration in the cell, thus reducing its toxicity	crcB	ko:K06199	-
WP_000940019	J	Catalyzes the formation of 2'O-methylated cytidine (Cm32) or 2'O-methylated uridine (Um32) at position 32 in tRNA	trmJ	ko:K02533,ko:K15396	-
WP_000940121	J	Located at the back of the 30S subunit body where it stabilizes the conformation of the head with respect to the body	rpsE	ko:K02988	ko03010,map03010
WP_000940514	C	With EpmA is involved in the beta-lysylation step of the post-translational modification of translation elongation factor P (EF-P) on 'Lys-34'. EpmB appears to act before EpmA. Displays lysine 2,3-aminomutase activity, producing (R)-beta-lysine from (S)-alpha-lysine (L-lysine). Cannot use (S)-ornithine or (R)- alpha-lysine as a substrate	epmB	ko:K01843,ko:K19810	ko00310,map00310
WP_000940595	J	Ribosomal L27 protein	rpmA	ko:K02899	ko03010,map03010
WP_000940876	HP	(ABC) transporter	yusV	ko:K02013	ko02010,map02010
WP_000941088	K	propionate catabolism operon regulatory protein	prpR	ko:K02688,ko:K11914	-
WP_000941119	S	Protein of unknown function (DUF416)	yjaG	ko:K09891	-
WP_000941212	J	Binds 23S rRNA and is also seen to make contacts with the A and possibly P site tRNAs	rplP	ko:K02878	ko03010,map03010
WP_000941552	C	protein maturation	aslB	ko:K06871	-
WP_000941942	S	Catalyzes the phosphorolysis of diverse nucleosides, yielding D-ribose 1-phosphate and the respective free bases. Can use uridine, adenosine, guanosine, cytidine, thymidine, inosine and xanthosine as substrates. Also catalyzes the reverse reactions	ppnP	ko:K09913	ko00230,ko00240,map00230,map00240
WP_000942354	F	Belongs to the phosphoglycerate mutase family. GpmB subfamily	gpmB	ko:K15634	ko00010,ko00260,ko00680,ko01100,ko01110,ko01120,ko01130,ko01200,ko01230,map00010,map00260,map00680,map01100,map01110,map01120,map01130,map01200,map01230
WP_000943556	G	Catalyzes the reversible isomerization between hydroxypyruvate and 2-hydroxy-3-oxopropanoate (also termed tartronate semialdehyde). Does not catalyze the isomerization of D-fructose to D-glucose or that of D-xylulose to D-xylose. Also does not catalyze racemization of serine, alanine, glycerate or lactate	hyi	ko:K01816,ko:K22131	ko00630,ko01100,map00630,map01100
WP_000944114	H	Catalyzes the rearrangement of 1-deoxy-D-xylulose 5- phosphate (DXP) to produce the thiazole phosphate moiety of thiamine. Sulfur is provided by the thiocarboxylate moiety of the carrier protein ThiS. In vitro, sulfur can be provided by H(2)S	thiG	ko:K03149	ko00730,ko01100,map00730,map01100
WP_000944256	L	Capable of degrading both single-strand and double- strand DNA with 3' to 5' polarity. Has higher affinity for ssDNA ends than for dsDNA	exoX	ko:K10857	ko03430,map03430
WP_000944331	S	PFAM Conjugative relaxosome accessory transposon protein	traH	ko:K12072	-
WP_000945045	J	Involved in the cellular defense against the biological effects of O6-methylguanine (O6-MeG) and O4-methylthymine (O4-MeT) in DNA. Repairs the methylated nucleobase in DNA by stoichiometrically transferring the methyl group to a cysteine residue in the enzyme. This is a suicide reaction the enzyme is irreversibly inactivated	ogt	ko:K00567	-
WP_000945398	NU	outer membrane usher protein	yehB	ko:K07347	ko05133,map05133
WP_000947068	P	Nickel transport system permease protein NikB	nikB	ko:K15585	ko02010,map02010
WP_000947159	P	Mediates influx of magnesium ions	corA	ko:K03284	-
WP_000948349	L	TrwC relaxase	-	-	-
WP_000948724	P	glycerol-phosphate:inorganic phosphate antiporter activity	glpT	ko:K02445	-
WP_000948837	G	PTS system fructose IIA component	agaF	ko:K02744,ko:K02793,ko:K02794	ko00051,ko00052,ko00520,ko01100,ko02060,map00051,map00052,map00520,map01100,map02060
WP_000948872	P	Has low ATPase activity. The SufBCD complex acts synergistically with SufE to stimulate the cysteine desulfurase activity of SufS. The SufBCD complex contributes to the assembly or repair of oxygen-labile iron-sulfur clusters under oxidative stress. May facilitate iron uptake from extracellular iron chelators under iron limitation	sufC	ko:K09013	-
WP_000949265	I	CDP-diacylglycerol-serine O-phosphatidyltransferase activity	pssA	ko:K00998	ko00260,ko00564,ko01100,ko01110,map00260,map00564,map01100,map01110
WP_000949451	CO	Thioredoxin	scsD	-	-
WP_000949498	G	Catalyzes the isomerization of L-xylulose-5-phosphate to L-ribulose-5-phosphate. Is involved in the anaerobic L-ascorbate utilization	ulaE	ko:K03079	ko00040,ko00053,ko01100,ko01120,map00040,map00053,map01100,map01120
WP_000951213	H	Catalyzes the conversion of dethiobiotin (DTB) to biotin by the insertion of a sulfur atom into dethiobiotin via a radical- based mechanism	bioB	ko:K01012	ko00780,ko01100,map00780,map01100
WP_000951845	F	Belongs to the ribulokinase family	araB	ko:K00853	ko00040,ko01100,map00040,map01100
WP_000952134	G	Phosphotransferase system, EIIC	aglA	ko:K02749,ko:K02750	ko00500,ko02060,map00500,map02060
WP_000952372	L	Integrase core domain	-	-	-
WP_000952487	K	Positively regulates the cynTSX operon, and negatively regulates its own transcription. Binds specifically to the cynR- cynTSX intergenic region	cynR	ko:K11921,ko:K21757	-
WP_000952736	K	NAD-dependent lysine deacetylase and desuccinylase that specifically removes acetyl and succinyl groups on target proteins. Modulates the activities of several proteins which are inactive in their acylated form	cobB	ko:K12410	-
WP_000953368	E	periplasmic	nikA	ko:K02035,ko:K15584	ko02010,ko02024,map02010,map02024
WP_000955028	U	transmembrane transport	yfdV	ko:K07088	-
WP_000955057	P	Responsible for the transport of C4-dicarboxylates during anaerobic growth	dcuC	ko:K03326	-
WP_000956312	P	transmembrane transport	yihN	-	-
WP_000956458	S	Hok/gef family	hokE	ko:K18922	-
WP_000956470	S	Hok/gef family	hokE	ko:K18922	-
WP_000956632	S	VWA domain protein interacting with AAA ATPase	viaA	-	-
WP_000956830	P	Na Pi-Cotransporter	yjbB	ko:K03324	-
WP_000956887	P	ATPases associated with a variety of cellular activities	-	ko:K16787	ko02010,map02010
WP_000957914	T	Component of the phosphoenolpyruvate-dependent nitrogen- metabolic phosphotransferase system (nitrogen-metabolic PTS), that seems to be involved in regulating nitrogen metabolism. Enzyme I- Ntr transfers the phosphoryl group from phosphoenolpyruvate (PEP) to the phosphoryl carrier protein (NPr). Could function in the transcriptional regulation of sigma-54 dependent operons in conjunction with the NPr (PtsO) and EIIA-Ntr (PtsN) proteins. Enzyme I-Ntr is specific for NPr	ptsP	ko:K08483,ko:K08484	ko02060,map02060
WP_000958598	S	Can oxidize menadiol to menadione	ygiN	-	-
WP_000961457	S	ABC transporter, ATP-binding protein	ybiT	-	-
WP_000961959	S	Responsible for the transport of C4-dicarboxylates from the periplasm across the inner membrane	dcuA	ko:K07791	-
WP_000963143	L	Can catalyze the hydrolysis of ATP in the presence of single-stranded DNA, the ATP-dependent uptake of single-stranded DNA by duplex DNA, and the ATP-dependent hybridization of homologous single-stranded DNAs. It interacts with LexA causing its activation and leading to its autocatalytic cleavage	recA	ko:K03553	ko03440,map03440
WP_000963837	F	Major role in the synthesis of nucleoside triphosphates other than ATP. The ATP gamma phosphate is transferred to the NDP beta phosphate via a ping-pong mechanism, using a phosphorylated active-site intermediate	ndk	ko:K00940	ko00230,ko00240,ko00983,ko01100,ko01110,ko01130,ko04016,map00230,map00240,map00983,map01100,map01110,map01130,map04016
WP_000964122	M	First step of the lipid cycle reactions in the biosynthesis of the cell wall peptidoglycan	mraY	ko:K01000	ko00550,ko01100,ko01502,map00550,map01100,map01502
WP_000964221	S	UPF0126 domain	yadS	-	-
WP_000964653	V	MacB-like periplasmic core domain	macB_3	ko:K02004	-
WP_000964718	S	membrane	yhhN	-	-
WP_000965039	E	glutamate synthase	gltB	ko:K00265	ko00250,ko00910,ko01100,ko01110,ko01120,ko01130,ko01230,map00250,map00910,map01100,map01110,map01120,map01130,map01230
WP_000965518	P	Part of the histidine permease ABC transporter. Also part of a lysine arginine ornithine transporter. Probably responsible for the translocation of the substrate across the membrane. Required to relay the ATPase-inducing signal from the solute-binding protein to HisP (By similarity)	hisQ	ko:K10016,ko:K10024	ko02010,map02010
WP_000965681	S	response to pH	hdeD	ko:K21908	-
WP_000965711	I	Belongs to the 1-acyl-sn-glycerol-3-phosphate acyltransferase family	plsC	ko:K00655	ko00561,ko00564,ko01100,ko01110,map00561,map00564,map01100,map01110
WP_000966454	K	Represses the expression of the murPQ operon involved in the uptake and degradation of N-acetylmuramic acid (MurNAc). Binds to two adjacent inverted repeats within the operator region. MurNAc 6-phosphate, the substrate of MurQ, is the specific inducer that weakens binding of MurR to the operator	murR	ko:K15835	-
WP_000966624	P	Outer membrane protein beta-barrel family	-	ko:K16087	-
WP_000968208	M	effector of murein hydrolase	yohK	-	-
WP_000968919	G	Phosphotransferase System	chbA	ko:K02759	ko00500,ko02060,map00500,map02060
WP_000969092	K	HTH-type transcriptional regulator UidR	uidR	ko:K16138	-
WP_000969915	U	Permease that is involved in the transport across the cytoplasmic membrane of the aromatic amino acids (phenylalanine, tyrosine, and tryptophan)	aroP	ko:K11732,ko:K11734	-
WP_000970327	OU	NfeD-like C-terminal, partner-binding	ybbJ	ko:K07340	-
WP_000970479	J	Specifically methylates the N4 position of cytidine in position 1402 (C1402) of 16S rRNA	rsmH	ko:K03438	-
WP_000971326	H	Converts heme B (protoheme IX) to heme O by substitution of the vinyl group on carbon 2 of heme B porphyrin ring with a hydroxyethyl farnesyl side group	cyoE	ko:K02257	ko00190,ko00860,ko01100,ko01110,ko04714,map00190,map00860,map01100,map01110,map04714
WP_000971741	O	Required for the export of heme to the periplasm for the biogenesis of c-type cytochromes	ccmB	ko:K02194	ko02010,map02010
WP_000972203	V	Transport Permease Protein	yadH	ko:K01992	-
WP_000972237	K	Negatively regulates expression of the nimT operon and its own expression. Acts by binding to the nimR-nimT intergenic region	yeaM	-	-
WP_000973092	I	Catalyzes the dehydrogenation of acyl-coenzymes A (acyl- CoAs) to 2-enoyl-CoAs, the first step of the beta-oxidation cycle of fatty acid degradation. Is required for	fadE	ko:K06445	ko00071,ko01100,ko01212,map00071,map01100,map01212
WP_000973176	H	Catalyzes ATP-dependent phosphorylation of adenosylcobinamide and addition of GMP to adenosylcobinamide phosphate	cobU	ko:K02231	ko00860,ko01100,map00860,map01100
WP_000973448	K	Transcriptional regulator that plays an important role in general stress response. Has many effects on cell morphology, cell growth and cell division. Acts by regulating the transcription of many genes, including dacA (PBP-5), dacC (PBP-6), ampC and mreB. Probably involved in the coordination of genes that adapt the cell physiology in order to enhance cell adaptation and survival under stress conditions. Essential for normal cell morphology in stationary phase and under conditions of starvation. Also regulates a complex network of genes encoding proteins related to biofilm development, and negatively modulates flagellar biosynthesis and swimming capacity. Could be a motile adhesive transcriptional switch, specifically involved in the transition between the planktonic and the attachment stage of biofilm formation. Overexpression produces round cell shape, impairs cell growth rate and induces biofilm development	bolA	ko:K05527	-
WP_000973665	M	Involved in the transport of maltose and maltodextrins	lamB	ko:K02024	-
WP_000974813	V	endonuclease activity	yajD	-	-
WP_000976070	F	This enzyme is involved in nucleotide metabolism it produces dUMP, the immediate precursor of thymidine nucleotides and it decreases the intracellular concentration of dUTP so that uracil cannot be incorporated into DNA	dut	ko:K01520	ko00240,ko00983,ko01100,map00240,map00983,map01100
WP_000976472	S	Protein of unknown function (DUF2511)	yebY	-	-
WP_000976514	V	Beta-lactamase	ampC	ko:K01467,ko:K19100,ko:K19101,ko:K19215,ko:K20319,ko:K20320	ko01501,ko02020,map01501,map02020
WP_000977394	P	Domain of unknown function (DUF4198)	-	-	-
WP_000977754	S	Entericidin EcnA/B family	ecnA	ko:K16347	-
WP_000977905	M	Belongs to the Gram-negative porin family	ompF	ko:K09476,ko:K14062	ko01501,ko02020,map01501,map02020
WP_000978094	M	polysaccharide export protein	wza	ko:K01991	ko02026,map02026
WP_000978495	C	Catalyzes the NAD( )-dependent oxidative decarboxylation of D-malate into pyruvate. Is essential for aerobic growth on D- malate as the sole carbon source. But is not required for anaerobic D-malate utilization, although DmlA is expressed and active in those conditions. Appears to be not able to use L- tartrate as a substrate for dehydrogenation instead of D-malate	yeaU	ko:K07246	ko00630,ko00650,map00630,map00650
WP_000979091	U	Responsible for the transport of C4-dicarboxylates from the periplasm across the inner membrane	dcuB	ko:K07792	ko02020,map02020
WP_000979661	EP	Oligopeptide transport system permease protein OppC	oppC	ko:K15582	ko01501,ko02010,ko02024,map01501,map02010,map02024
WP_000979887	G	Domain of unknown function (DUF386)	yhcH	ko:K19334	-
WP_000979977	S	YmgD protein	ymgD	-	-
WP_000980983	S	-	rem	-	-
WP_000981091	M	COG0810 Periplasmic protein TonB, links inner and outer membranes	cjrB	ko:K03832	-
WP_000981977	S	ATPase or kinase	yjeE	ko:K06925	-
WP_000982075	S	glucuronosyltransferase activity	yibD	ko:K19354	-
WP_000982446	O	Cytochrome c-type biogenesis protein	ccmF	ko:K02198	-
WP_000982863	Q	protein ybtU TR Q9Z3C6 (EMBL AL031866) (365 aa) fasta scores E()	irp3	ko:K04785	ko01053,map01053
WP_000983255	E	acetolactate synthase activity	ilvM	ko:K11258	ko00290,ko00650,ko00660,ko00770,ko01100,ko01110,ko01130,ko01210,ko01230,map00290,map00650,map00660,map00770,map01100,map01110,map01130,map01210,map01230
WP_000983407	E	amino acid transmembrane transporter activity	yahN	ko:K03329	-
WP_000983609	J	Plays an important role in bacterial chemotaxis signal transduction pathway by accelerating the dephosphorylation of phosphorylated CheY (CheY-P)	cheZ	ko:K03414	ko02030,map02030
WP_000983653	K	Dual-function repressor activator of the chbBCARFG operon. In the absence of the inducing sugar chitobiose, together with NagC, represses the chbBCARFG operon for the uptake and metabolism of chitobiose. In association with Crp, and probably in the presence of chitobiose 6-phosphate, induces the transcription of the chbBCARFG operon	chbR	ko:K03490	-
WP_000984517	O	Heat shock protein HtpX	htpX	ko:K03799	-
WP_000984795	S	Protein of unknown function (DUF2884)	yggN	-	-
WP_000984992	S	-	JD73_00845	-	-
WP_000985273	O	Sulfurtransferase TusA	yeeD	-	-
WP_000985321	G	The phosphoenolpyruvate-dependent sugar phosphotransferase system (PTS), a major carbohydrate active -transport system, catalyzes the phosphorylation of incoming sugar substrates concomitant with their translocation across the cell membrane	fryC	ko:K11203	-
WP_000985490	P	glycine, betaine	proV	ko:K02000	ko02010,map02010
WP_000985549	S	member of the haloacid dehalogenase-like hydrolases superfamily and Cof family of proteins	yidA	-	-
WP_000986046	I	Transfers the 4'-phosphopantetheine moiety from coenzyme A to a Ser of acyl-carrier-protein	acpS	ko:K00997	ko00770,map00770
WP_000986213	S	Inhibits RpoS proteolysis by regulating RssB activity, thereby increasing the stability of the sigma stress factor RpoS during oxidative stress. Its effect on RpoS stability is due to its interaction with RssB, which probably blocks the interaction of RssB with RpoS, and the consequent delivery of the RssB-RpoS complex to the ClpXP protein degradation pathway	iraD	ko:K21637	-
WP_000986308	M	Responsible, at least in part, for anchoring of the major outer membrane lipoprotein (Lpp, also known as the Braun lipoprotein) to the peptidoglycan via a meso-diaminopimelyl-L- Lys- bond on the terminal residue of Lpp	erfK	ko:K16291	-
WP_000986441	P	Belongs to the binding-protein-dependent transport system permease family. FecCD subfamily	-	ko:K02015	ko02010,map02010
WP_000986622	G	melibiose metabolic process	melA	ko:K07406	ko00052,ko00561,ko00600,ko00603,map00052,map00561,map00600,map00603
WP_000987266	G	Catalyzes the hydrolysis of fructose 1,6-bisphosphate to fructose 6-phosphate. Also displays a low activity toward glucose 1,6-bisphosphate, and no activity against ribulose 1,5- bisphosphate, fructose 2,6-bisphosphate, or fructose 1-phosphate	yggF	-	-
WP_000988308	S	Cellulose biosynthesis protein BcsF	bcsF	-	-
WP_000988364	NU	Part of the sfmACDHF fimbrial operon. Could contribute to adhesion to various surfaces in specific environmental niches. Increases adhesion to eukaryotic T24 bladder epithelial cells in the absence of fim genes	sfmC	ko:K07346,ko:K07353	-
WP_000988504	S	-	yrhA	-	-
WP_000988600	S	Enterobacterial protein of unknown function (DUF957)	-	-	-
WP_000988633	S	Phage head completion protein (GPL)	-	-	-
WP_000988711	S	Domain of unknown function (DUF296)	-	ko:K06934	-
WP_000990146	S	PKHD-type hydroxylase YbiX	ybiX	ko:K07336	-
WP_000990302	M	N-acetylmuramoyl-L-alanine amidase	amiB	ko:K01448	ko01503,map01503
WP_000990667	S	-	-	-	-
WP_000990774	H	O-methyltransferase that catalyzes the 2 O-methylation steps in the ubiquinone biosynthetic pathway	ubiG	ko:K00568	ko00130,ko01100,ko01110,map00130,map01100,map01110
WP_000991370	K	response regulator	evgA	ko:K07690	ko02020,ko05133,map02020,map05133
WP_000991995	P	Phosphonate ABC transporter	phnD	ko:K02044	ko02010,map02010
WP_000992818	M	Curli assembly protein	csgC	ko:K04336	ko02026,map02026
WP_000992992	H	Catalyzes the reversible retro-aldol cleavage of 2-keto- 3-deoxy-L-rhamnonate (KDR) to pyruvate and lactaldehyde	rhmA	ko:K02510,ko:K12660	ko00051,ko00350,ko01120,map00051,map00350,map01120
WP_000993450	G	Phosphorylase is an important allosteric enzyme in carbohydrate metabolism. Enzymes from different sources differ in their regulatory mechanisms and in their natural substrates. However, all known phosphorylases share catalytic and structural properties	glgP	ko:K00688	ko00500,ko01100,ko01110,ko02026,ko04217,ko04910,ko04922,ko04931,map00500,map01100,map01110,map02026,map04217,map04910,map04922,map04931
WP_000994309	S	transmembrane transporter activity	ydhK	ko:K03468	-
WP_000994435	N	The M ring may be actively involved in energy transduction	fliF	ko:K02409	ko02040,map02040
WP_000994515	S	Phage NinH protein	-	-	-
WP_000996698	S	PemK-like, MazF-like toxin of type II toxin-antitoxin system	-	-	-
WP_000997053	S	Catalyzes the reduction of 2,5-diketo-D-gluconic acid (25DKG) to 2-keto-L-gulonic acid (2KLG)	dkgB	ko:K06221,ko:K06222	-
WP_000997795	S	Pyridoxal 5'-phosphate (PLP)-binding protein, which is involved in PLP homeostasis	yggS	ko:K06997	-
WP_000998349	P	Mediates the uptake of L-fucose across the boundary membrane with the concomitant transport of protons into the cell (symport system). Can also transport L-galactose and D-arabinose, but at reduced rates compared with L-fucose. Is not able to transport L-rhamnose and L-arabinose	fucP	ko:K02429	-
WP_000998695	IQ	Catalyzes the reduction of 5-keto-D-gluconate to D- gluconate, using either NADH or NADPH. Is likely involved in an L- idonate degradation pathway that allows E.coli to utilize L- idonate as the sole carbon and energy source. Is also able to catalyze the reverse reaction in vitro, but the D-gluconate oxidation by the enzyme can only proceed with NAD	idnO	ko:K00046	-
WP_000999630	S	-	-	-	-
WP_000999730	H	ubiquitin-like modifier activating enzyme activity	thiF	ko:K03148,ko:K21029	ko00730,ko01100,ko04122,map00730,map01100,map04122
WP_000999947	P	Belongs to the frataxin family	cyaY	ko:K06202	-
WP_001000377	C	Anaerobic glycerol-3-phosphate dehydrogenase subunit C	glpC	ko:K00113,ko:K11473	ko00564,ko00630,ko01100,ko01110,ko01120,ko01130,map00564,map00630,map01100,map01110,map01120,map01130
WP_001000710	S	-	-	-	-
WP_001000953	P	transmembrane transport	yajR	-	-
WP_001001643	S	-	-	-	-
WP_001001687	P	Part of the ABC transporter complex ArtPIQMJ involved in arginine transport. Probably responsible for the translocation of the substrate across the membrane	artQ	ko:K09999	ko02010,map02010
WP_001001761	S	-	-	-	-
WP_001001767	S	Phage virion morphogenesis family	S	-	-
WP_001001909	S	Acts as a chaperone that increases YcdX activity, maybe by facilitating the correct insertion of the zinc ions into the catalytic site of YcdX. Involved in the swarming motility process	ycdY	-	-
WP_001002544	U	MarC family integral membrane protein	yhgN	ko:K05595	-
WP_001003709	F	Transaldolase is important for the balance of metabolites in the pentose-phosphate pathway	talA	ko:K00616	ko00030,ko01100,ko01110,ko01120,ko01130,ko01200,ko01230,map00030,map01100,map01110,map01120,map01130,map01200,map01230
WP_001004446	G	The phosphoenolpyruvate-dependent sugar phosphotransferase system (PTS), a major carbohydrate active -transport system, catalyzes the phosphorylation of incoming sugar substrates concomitant with their translocation across the cell membrane	frwC	ko:K02768,ko:K02769,ko:K02770,ko:K11203	ko00051,ko01100,ko01120,ko02060,map00051,map01100,map01120,map02060
WP_001004562	S	-	-	-	-
WP_001005448	D	Binds and transfers iron-sulfur (Fe-S) clusters to target apoproteins. Can hydrolyze ATP	mrp	ko:K03593	-
WP_001005579	H	Forms oxaloacetate, a four-carbon dicarboxylic acid source for the tricarboxylic acid cycle	ppc	ko:K01595	ko00620,ko00680,ko00710,ko00720,ko01100,ko01120,ko01200,map00620,map00680,map00710,map00720,map01100,map01120,map01200
WP_001006855	S	YebO-like protein	yebO	-	-
WP_001007080	S	TraG-like protein, N-terminal region	-	ko:K12056	-
WP_001007138	Q	Involved in the biosynthesis of the siderophore enterobactin (enterochelin), which is a macrocyclic trimeric lactone of N-(2,3-dihydroxybenzoyl)-serine. The serine trilactone serves as a scaffolding for the three catechol functionalities that provide hexadentate coordination for the tightly ligated iron(2 ) atoms. EntB is a bifunctional protein that serves as an isochorismate lyase and an aryl carrier protein (ArCP). Catalyzes the conversion of isochorismate to 2,3-dihydro-2,3- dihydroxybenzoate (2,3-diDHB), the precursor of 2,3- dihydroxybenzoate (DHB). In the enterobactin assembly, EntB functions as an aryl carrier protein phosphopantetheinylated near the C terminus by EntD to yield holo-EntB, which is then acylated by EntE with 2,3-dihydroxybenzoyl-AMP to form DHB-holo-EntB. Then this product will serve in the formation of the amide bond between 2,3-dihydroxybenzoate (DHB) and L-serine	entB	ko:K01252	ko01053,ko01110,ko01130,map01053,map01110,map01130
WP_001007419	CH	Catalyzes the insertion of one atom of molecular oxygen into position 2 of the phenyl ring of 3-(3- hydroxyphenyl)propionate (3-HPP) and hydroxycinnamic acid (3HCI)	mhpA	ko:K05712	ko00360,ko01120,ko01220,map00360,map01120,map01220
WP_001007730	S	Probable metal-binding protein (DUF2387)	yheV	ko:K07070	-
WP_001007783	S	periplasmic or secreted protein	zinT	ko:K09815	ko02010,map02010
WP_001008025	S	YjeJ-like	yjeJ	-	-
WP_001008963	P	Nickel transport system permease protein nikC	nikC	ko:K15586	ko02010,map02010
WP_001009182	O	Activation of anaerobic ribonucleoside-triphosphate reductase under anaerobic conditions by generation of an organic free radical, using S-adenosylmethionine and reduced flavodoxin as cosubstrates to produce 5'-deoxy-adenosine	nrdG	ko:K04068	-
WP_001009886	I	Converts holo-ACP to apo-ACP by hydrolytic cleavage of the phosphopantetheine prosthetic group from ACP	acpH	ko:K08682	ko00770,map00770
WP_001010716	U	Belongs to the dicarboxylate amino acid cation symporter (DAACS) (TC 2.A.23) family	ydjN	ko:K06956	-
WP_001011007	K	Transcriptional regulator	cbl	ko:K13634,ko:K13635	-
WP_001012364	EJ	Belongs to the asparaginase 1 family	ansB	ko:K01424,ko:K05597	ko00220,ko00250,ko00460,ko00471,ko01100,ko01110,ko02020,map00220,map00250,map00460,map00471,map01100,map01110,map02020
WP_001012889	P	potassium ion transport	yfbS	-	-
WP_001013779	K	Represses the expression of the murPQ operon involved in the uptake and degradation of N-acetylmuramic acid (MurNAc). Binds to two adjacent inverted repeats within the operator region. MurNAc 6-phosphate, the substrate of MurQ, is the specific inducer that weakens binding of MurR to the operator	yfhH	ko:K15835	-
WP_001013896	S	Protein of unknown function (DUF1097)	yahC	-	-
WP_001014327	M	HlyD membrane-fusion protein of T1SS	-	ko:K02022,ko:K11003,ko:K12542	ko03070,ko05133,map03070,map05133
WP_001014565	S	Membrane	yjcH	-	-
WP_001015035	K	it directly binds FlhC, thus inhibiting the binding of the FlhC FlhD complex to class 2 promoters, resulting in decreased expression of class 2 flagellar operons. As a chaperone, effects FliD transition to the membrane by preventing its premature polymerization, and by directing it to the export apparatus	fliT	ko:K02423	ko02040,map02040
WP_001015102	S	Protein of unknown function (DUF2543)	ymjA	-	-
WP_001016349	E	Ethanolamine utilisation - propanediol utilisation	pduV	ko:K04029	-
WP_001016595	F	Xanthine dehydrogenase iron-sulfur-binding subunit	xdhC	ko:K03518,ko:K07302,ko:K13480	ko00230,ko01100,ko01120,map00230,map01100,map01120
WP_001018040	T	ATP binding	ybeZ	ko:K06217	-
WP_001018194	E	Removes the N-terminal methionine from nascent proteins. The N-terminal methionine is often cleaved when the second residue in the primary sequence is small and uncharged (Met-Ala-, Cys, Gly, Pro, Ser, Thr, or Val). Requires deformylation of the N(alpha)-formylated initiator methionine before it can be hydrolyzed	map	ko:K01265	-
WP_001018416	P	Sulfate starvation-induced protein 1	tauA	ko:K15551	ko00920,ko02010,map00920,map02010
WP_001018618	C	Low-potential electron donor to a number of redox enzymes	fldA	ko:K03839	-
WP_001019197	S	Overexpression increases levels of unsaturated fatty acids and suppresses both the temperature-sensitive fabA6 mutation and cold-sensitive secG null mutation	gnsA	-	-
WP_001019558	K	transcriptional regulator	ynfL	-	-
WP_001019606	S	Overexpression increases levels of unsaturated fatty acids and suppresses both the temperature-sensitive fabA6 mutation and cold-sensitive secG null mutation	gnsB	-	-
WP_001019882	T	cellular response to nitrogen levels	yeaG	ko:K07180	-
WP_001019920	S	response to acidic pH	yagU	ko:K08996	-
WP_001020384	O	XdhC and CoxI family	yqeB	ko:K07402	-
WP_001020413	S	DNA binding	-	-	-
WP_001020973	E	lysine decarboxylase	ldcC	ko:K01582,ko:K01584	ko00310,ko00330,ko00960,ko01100,ko01110,map00310,map00330,map00960,map01100,map01110
WP_001021161	H	Catalyzes the formation of 6,7-dimethyl-8- ribityllumazine by condensation of 5-amino-6-(D- ribitylamino)uracil with 3,4-dihydroxy-2-butanone 4-phosphate. This is the penultimate step in the biosynthesis of riboflavin	ribH	ko:K00794	ko00740,ko01100,ko01110,map00740,map01100,map01110
WP_001024876	P	potassium ion transport	ybjL	ko:K07085	-
WP_001024929	S	Permuted papain-like amidase enzyme, YaeF/YiiX, C92 family	yebB	-	-
WP_001025308	J	arginyl-tRNA aminoacylation	argS	ko:K01887	ko00970,map00970
WP_001025381	S	Protein of unknown function, DUF488	yeaO	-	-
WP_001025942	K	Hydrogen peroxide sensor. Activates the expression of a regulon of hydrogen peroxide-inducible genes such as katG, gor, ahpC, ahpF, oxyS (a regulatory RNA), dps, fur and grxA. OxyR expression is negatively autoregulated by binding to a 43 bp region upstream of its own coding sequence. OxyR is inactivated by reduction of its essential disulfide bond by the product of GrxA, itself positively regulated by OxyR. Has also a positive regulatory effect on the production of surface proteins that control the colony morphology and auto-aggregation ability	oxyR	ko:K04761	ko02026,map02026
WP_001026276	O	Binds to Cpn60 in the presence of Mg-ATP and suppresses the ATPase activity of the latter	groS	ko:K04078	-
WP_001026418	O	Heme chaperone required for the biogenesis of c-type cytochromes. Transiently binds heme delivered by CcmC and transfers the heme to apo-cytochromes in a process facilitated by CcmF and CcmH	ccmE	ko:K02197	-
WP_001026752	K	Regulates the transcription of the copA and cueO genes. It detects cytoplasmic copper stress and activates transcription in response to increasing copper concentrations	cueR	ko:K19591	-
WP_001027516	S	-	-	-	-
WP_001027853	G	iib component	sorB	ko:K02813	ko00051,ko02060,map00051,map02060
WP_001028074	G	PTS system fructose-specific IIB	manP	ko:K02769	ko00051,ko01100,ko01120,ko02060,map00051,map01100,map01120,map02060
WP_001028095	C	Catalyzes the reduction of FMN to FMNH2 which is used to reduce pyrimidine by RutA via the Rut pathway	rutF	ko:K09024	ko00240,ko01100,map00240,map01100
WP_001028621	F	Catalyzes the transfer of a formyl group from 10- formyltetrahydrofolate to 5-phospho-ribosyl-glycinamide (GAR), producing 5-phospho-ribosyl-N-formylglycinamide (FGAR) and tetrahydrofolate	purN	ko:K11175	ko00230,ko00670,ko01100,ko01110,ko01130,map00230,map00670,map01100,map01110,map01130
WP_001028895	S	Protein of unknown function (DUF2776)	yhiM	-	-
WP_001029005	K	Barstar (barnase inhibitor)	yhcO	ko:K03623	-
WP_001029684	J	Located on the platform of the 30S subunit, it bridges several disparate RNA helices of the 16S rRNA. Forms part of the Shine-Dalgarno cleft in the 70S ribosome	rpsK	ko:K02948	ko03010,map03010
WP_001029698	O	DNA-dependent ATPase involved in processing of recombination intermediates, plays a role in repairing DNA breaks. Stimulates the branch migration of RecA-mediated strand transfer reactions, allowing the 3' invading strand to extend heteroduplex DNA faster. Binds ssDNA in the presence of ADP but not other nucleotides, has ATPase activity that is stimulated by ssDNA and various branched DNA structures, but inhibited by SSB. Does not have RecA's homology-searching function	radA	ko:K04485	-
WP_001029743	V	N-6 DNA Methylase	hsdM	ko:K03427	-
WP_001030385	CO	Type IV secretion system pilus assembly protein	traF	ko:K12057	-
WP_001030484	S	HicB family	hicB	-	-
WP_001030593	S	Belongs to the UPF0337 (CsbD) family	yjbJ	-	-
WP_001031055	K	Participates in both transcription termination and antitermination	nusA	ko:K02600	-
WP_001031303	S	Phage tail assembly chaperone proteins, E, or 41 or 14	-	-	-
WP_001031530	S	Protein of unknown function (DUF2498)	yciN	-	-
WP_001031834	S	Protein of unknown function (DUF4223)	yhfL	-	-
WP_001032207	P	phosphate ion binding	sphX	ko:K02040	ko02010,ko02020,ko05152,map02010,map02020,map05152
WP_001032943	K	Represses the transcription of the nemRA operon by binding to the nemR box	nemR	ko:K16137	-
WP_001033363	P	Responsible for the aerobic transport of succinate from the periplasm to the cytoplasm at acidic pH. Can transport other C4-dicarboxylic acids such as aspartate and fumarate. May also play a role in the regulation of C4-dicarboxylic acid metabolism at pH 7, via regulation of expression and or activity of DctA. May act as a co-sensor of DcuS	ychM	ko:K03321	-
WP_001033695	V	Part of the ABC transporter complex LolCDE involved in the translocation of	lolD	ko:K09810	ko02010,map02010
WP_001033722	K	Response regulators consisting of a CheY-like receiver domain and a winged-helix DNA-binding domain	cpxR	ko:K07662,ko:K19610	ko01503,ko02020,map01503,map02020
WP_001034923	P	This protein is involved in the initial step of iron uptake by binding ferrienterobactin (Fe-ENT), an iron chelatin siderophore that allows E.coli to extract iron from the environment. FepA also acts as a receptor for colicins B and D	fepA	ko:K16089,ko:K19611	ko02020,map02020
WP_001036964	G	Wtih MglAC is involved in the transport of beta-methylgalactoside	mglB	ko:K10439,ko:K10540,ko:K17205,ko:K17213	ko02010,ko02030,map02010,map02030
WP_001037376	S	Protein of unknown function (DUF445)	yjiN	-	-
WP_001039044	M	response to osmotic stress	osmE	ko:K04064	-
WP_001040187	J	One of the essential components for the initiation of protein synthesis. Stabilizes the binding of IF-2 and IF-3 on the 30S subunit to which N-formylmethionyl-tRNA(fMet) subsequently binds. Helps modulate mRNA selection, yielding the 30S pre- initiation complex (PIC). Upon addition of the 50S ribosomal subunit IF-1, IF-2 and IF-3 are released leaving the mature 70S translation initation complex	infA	ko:K02518	-
WP_001040205	J	One of several proteins that assist in the late maturation steps of the functional core of the 30S ribosomal subunit. Associates with free 30S ribosomal subunits (but not with 30S subunits that are part of 70S ribosomes or polysomes). Required for efficient processing of 16S rRNA. May interact with the 5'-terminal helix region of 16S rRNA	rbfA	ko:K02834	-
WP_001040492	G	The phosphoenolpyruvate-dependent sugar phosphotransferase system (sugar PTS), a major carbohydrate active transport system, catalyzes the phosphorylation of incoming sugar substrates concomitantly with their translocation across the cell membrane. This system is involved in N-acetylmuramic acid (MurNAc) transport, yielding cytoplasmic MurNAc-6-P. Is	murP	ko:K11191,ko:K11192	ko00520,ko02060,map00520,map02060
WP_001041010	K	transcriptional regulator	yhaJ	-	-
WP_001041781	EGP	Exports the siderophore enterobactin out of the cell	entS	ko:K08225	-
WP_001042003	D	Part of the ABC transporter FtsEX involved in cellular division	ftsX	ko:K09811	ko02010,map02010
WP_001042105	G	Periplasmic binding protein domain	lsrB_2	ko:K02058	-
WP_001043146	T	carbon starvation protein	cstA	ko:K06200	-
WP_001043323	S	identical protein binding	ydgA	-	-
WP_001043596	P	ATP-binding	cydD	ko:K16013	ko02010,map02010
WP_001043808	M	Murein endopeptidase that cleaves the D-alanyl-meso-2,6- diamino-pimelyl amide bond that connects peptidoglycan strands. Likely plays a role in the removal of murein from the sacculus	mepA	ko:K07261	-
WP_001043884	T	L-methionine-(R)-S-oxide reductase activity	yebR	ko:K08968	ko00270,map00270
WP_001044124	M	Converts alpha-N-acetylneuranimic acid (Neu5Ac) to the beta-anomer, accelerating the equilibrium between the alpha- and beta-anomers. Probably facilitates sialidase-negative bacteria to compete sucessfully for limited amounts of extracellular Neu5Ac, which is likely taken up in the beta-anomer. In addition, the rapid removal of sialic acid from solution might be advantageous to the bacterium to damp down host responses	nanM	ko:K17948	-
WP_001044307	S	glucose-1-phosphatase	agp	ko:K01085	ko00010,ko01120,map00010,map01120
WP_001044513	L	Histone-like DNA-binding protein which is capable of wrapping DNA to stabilize it, and thus to prevent its denaturation under extreme environmental conditions	hupA	ko:K03530,ko:K05787	-
WP_001044880	J	Zinc-ribbon containing domain	ybeL	-	-
WP_001045520	J	Belongs to the class I-like SAM-binding methyltransferase superfamily. RNA methyltransferase RlmE family. RlmM subfamily	rlmM	ko:K06968	-
WP_001045689	P	sulfate ABC transporter	sbp	ko:K02048	ko00920,ko02010,map00920,map02010
WP_001046832	L	endodeoxyribonuclease activity	ydaL	-	-
WP_001047336	H	Polyprenyl synthetase	ispB	ko:K02523	ko00900,ko01110,map00900,map01110
WP_001048602	F	Succinyl-CoA synthetase functions in the citric acid cycle (TCA), coupling the hydrolysis of succinyl-CoA to the synthesis of either ATP or GTP and thus represents the only step of substrate-level phosphorylation in the TCA. The beta subunit provides nucleotide specificity of the enzyme and binds the substrate succinate, while the binding sites for coenzyme A and phosphate are found in the alpha subunit	sucC	ko:K01903	ko00020,ko00640,ko00660,ko00720,ko01100,ko01110,ko01120,ko01130,ko01200,map00020,map00640,map00660,map00720,map01100,map01110,map01120,map01130,map01200
WP_001049193	S	-	-	-	-
WP_001049791	G	Broad-specificity transporter of purine and pyrimidine nucleosides. Driven by a proton motive force	nupG	ko:K03289,ko:K11537	-
WP_001050683	S	Involved in peptidoglycan biosynthesis. Transports lipid-linked peptidoglycan precursors from the inner to the outer leaflet of the cytoplasmic membrane	murJ	ko:K03980	-
WP_001050745	S	-	-	-	-
WP_001050960	M	Catalyzes the transfer of the GlcNAc-1-phosphate moiety from UDP-GlcNAc onto the carrier lipid undecaprenyl phosphate (C55-P), yielding GlcNAc-pyrophosphoryl-undecaprenyl (GlcNAc-PP- C55)	wecA	ko:K02851	-
WP_001051798	J	there are paralogous genes in several bacterial genomes, and a CXXC motif for zinc binding and an upstream regulation region of the paralog lacking this motif that are regulated by zinc	rpmG	ko:K02913	ko03010,map03010
WP_001051883	J	RNA chaperone that binds small regulatory RNA (sRNAs) and mRNAs to facilitate mRNA translational regulation in response to envelope stress, environmental stress and changes in metabolite concentrations. Also binds with high specificity to tRNAs	hfq	ko:K03666	ko02024,ko03018,ko05111,map02024,map03018,map05111
WP_001052138	T	Sensor protein basS	basS	ko:K07643,ko:K07645	ko01503,ko02020,ko02024,map01503,map02020,map02024
WP_001052184	F	Transfers a GMP moiety from GTP to Mo-molybdopterin (Mo- MPT) cofactor (Moco or molybdenum cofactor) to form Mo- molybdopterin guanine dinucleotide (Mo-MGD) cofactor	mobA	ko:K03752	ko00790,ko01100,map00790,map01100
WP_001052219	C	F(1)F(0) ATP synthase produces ATP from ADP in the presence of a proton or sodium gradient. F-type ATPases consist of two structural domains, F(1) containing the extramembraneous catalytic core and F(0) containing the membrane proton channel, linked together by a central stalk and a peripheral stalk. During catalysis, ATP synthesis in the catalytic domain of F(1) is coupled via a rotary mechanism of the central stalk subunits to proton translocation	atpF	ko:K02109	ko00190,ko00195,ko01100,map00190,map00195,map01100
WP_001052732	S	Thiolesterase that catalyzes the hydrolysis of S-D- lactoyl-glutathione to form glutathione and D-lactic acid	gloB	ko:K01069	ko00620,map00620
WP_001052917	M	glycosyltransferase involved in LPS biosynthesis	-	ko:K07270	-
WP_001053178	K	Belongs to the UPF0301 (AlgH) family	yqgE	ko:K07735	-
WP_001054376	S	Belongs to the UPF0386 family	yjhX	ko:K09982	-
WP_001054420	J	preribosome binding	yhbY	ko:K07574	-
WP_001054527	K	Facilitates transcription termination by a mechanism that involves Rho binding to the nascent RNA, activation of Rho's RNA-dependent ATPase activity, and release of the mRNA from the DNA template	rho	ko:K03628	ko03018,map03018
WP_001055785	M	Belongs to the peptidase S41A family	prc	ko:K03797	-
WP_001055874	C	Low-potential electron donor to a number of redox enzymes	fldB	ko:K03840	-
WP_001056273	G	Part of the ABC transporter complex RbsABC involved in ribose import. Binds ribose. Also serves as the primary chemoreceptor for chemotaxis	rbsB	ko:K10439	ko02010,ko02030,map02010,map02030
WP_001056384	M	Responsible, at least in part, for anchoring of the major outer membrane lipoprotein (Lpp)	ybiS	ko:K16291,ko:K19234,ko:K19235,ko:K19236	ko01503,map01503
WP_001056491	S	cellular response to DNA damage stimulus	yciF	-	-
WP_001056694	K	transcription factor activity, bacterial-type RNA polymerase proximal promoter sequence-specific DNA binding	hexR	ko:K19337	-
WP_001056861	S	Fels-1 Prophage Protein-like	ycgJ	-	-
WP_001057453	M	Outer membrane protein slp	slp	ko:K07285	-
WP_001057776	K	Transcriptional regulator	Z012_07430	-	-
WP_001058323	C	This is one of three E.coli hydrogenases synthesized in response to different physiological conditions. HYD1 is believed to have a role in hydrogen cycling during fermentative growth	hyaA	ko:K06282	ko00633,ko01120,map00633,map01120
WP_001058802	C	alcohol dehydrogenase [NAD(P)+] activity	yqhD	ko:K08325	ko00640,map00640
WP_001059139	S	response to butan-1-ol	yghW	-	-
WP_001059169	F	Involved in the regulation of the intracellular balance of NAD and NADP, and is a key enzyme in the biosynthesis of NADP. Catalyzes specifically the phosphorylation on 2'-hydroxyl of the adenosine moiety of NAD to yield NADP	nadK	ko:K00858	ko00760,ko01100,map00760,map01100
WP_001059339	S	Phage regulatory protein Rha (Phage_pRha)	-	-	-
WP_001059912	O	formation protein hypE	hypE	ko:K04655	-
WP_001060099	S	The physiological role of BioH is to remove the methyl group introduced by BioC when the pimeloyl moiety is complete. It allows to synthesize pimeloyl-ACP via the fatty acid synthetic pathway through the hydrolysis of the ester bonds of pimeloyl-ACP esters	bioH	ko:K02170	ko00780,ko01100,map00780,map01100
WP_001060244	F	Catalyzes the hydrolysis of the N-glycosidic bond of AMP to form adenine and ribose 5-phosphate. Involved in regulation of AMP concentrations	amn	ko:K01241	ko00230,map00230
WP_001061095	S	PgaD-like protein	pgaD	ko:K11937	ko02026,map02026
WP_001061578	K	transcriptional regulator	dmlR	ko:K16135,ko:K21742	-
WP_001061658	P	Required for the activity of the bacterial periplasmic transport system of putrescine	potI	ko:K11070,ko:K11074	ko02010,map02010
WP_001061917	K	Component of the Rcs signaling system, which controls transcription of numerous genes. RcsB is the response regulator that binds to regulatory DNA regions	rcsB	ko:K07687	ko02020,ko02026,map02020,map02026
WP_001062128	H	Catalyzes the formation of S-adenosylmethionine (AdoMet) from methionine and ATP. The overall synthetic reaction is composed of two sequential steps, AdoMet formation and the subsequent tripolyphosphate hydrolysis which occurs prior to release of AdoMet from the enzyme	metK	ko:K00789	ko00270,ko01100,ko01110,ko01230,map00270,map01100,map01110,map01230
WP_001062678	K	Cold shock	cspC	ko:K03704	-
WP_001063314	S	bacterial cellulose biosynthetic process	yhjR	-	-
WP_001064042	M	Catalyzes the synthesis of Und-PP-GlcNAc-ManNAcA (Lipid II), the second lipid-linked intermediate involved in enterobacterial common antigen (ECA) synthesis	rffM	ko:K02852	-
WP_001065361	J	Specifically dimethylates two adjacent adenosines (A1518 and A1519) in the loop of a conserved hairpin near the 3'-end of 16S rRNA in the 30S particle. May play a critical role in biogenesis of 30S subunits	ksgA	ko:K02528	-
WP_001065519	F	A protein kinase that phosphorylates Ser and Thr residues. Probably acts to suppress the effects of stress linked to accumulation of reactive oxygen species. Probably involved in the extracytoplasmic stress response	srkA	-	-
WP_001065715	F	adenine deaminase	ade	ko:K01486	ko00230,ko01100,map00230,map01100
WP_001066367	S	Putative glutamine amidotransferase	-	-	-
WP_001066947	L	Phage integrase family	-	-	-
WP_001067029	K	Member of the two-component regulatory system DcuR DcuS. Involved in the C4-dicarboxylate-stimulated regulation of the genes encoding the anaerobic fumarate respiratory system (frdABCD	dcuR	ko:K02475,ko:K07703,ko:K11615	ko02020,map02020
WP_001067519	K	transcriptional regulator	feaR	ko:K14063	-
WP_001067837	L	Transposase IS66 family	-	ko:K18320	-
WP_001068343	J	Digests double-stranded RNA. Involved in the processing of primary rRNA transcript to yield the immediate precursors to the large and small rRNAs (23S and 16S). Processes some mRNAs, and tRNAs when they are encoded in the rRNA operon. Processes pre- crRNA and tracrRNA of type II CRISPR loci if present in the organism	rnc	ko:K03685	ko03008,ko05205,map03008,map05205
WP_001068682	O	Thiol-specific peroxidase that catalyzes the reduction of hydrogen peroxide and organic hydroperoxides to water and alcohols, respectively. Plays a role in cell protection against oxidative stress by detoxifying peroxides and as sensor of hydrogen peroxide-mediated signaling events	bcp	ko:K03564	-
WP_001069326	NU	carbon utilization	hofN	ko:K12289	-
WP_001069467	EG	Belongs to the IlvD Edd family	edd	ko:K01690	ko00030,ko01100,ko01120,ko01200,map00030,map01100,map01120,map01200
WP_001069806	S	50S ribosome-binding GTPase	-	ko:K06946	-
WP_001070006	C	respiratory electron transport chain	ydhU	ko:K08354	ko00920,ko01120,map00920,map01120
WP_001070187	J	Catalyzes the 2'-O methylation of guanosine at position 18 in tRNA	trmH	ko:K00556	-
WP_001070230	C	4 iron, 4 sulfur cluster binding	ydhY	-	-
WP_001070346	I	Necessary for the succinyl substitution of periplasmic glucans. Could catalyze the transfer of succinyl residues from the cytoplasmic side of the membrane to the nascent glucan backbones on the periplasmic side of the membrane	mdoC	ko:K11941	-
WP_001070567	S	Protein of unknown function (DUF1488)	yrdB	-	-
WP_001071643	F	mediates programmed cell death (PCD). This is achieved by lowering the cellular concentration of (p)ppGpp produced by RelA under amino acid starvation, thus protecting the cell from the toxicity of MazF. Reduction of (p)ppGpp can be achieved by direct degradation of (p)ppGpp or by degradation of NTPs, which are substrates for (p)ppGpp synthesis by RelA	mazG	ko:K04765	ko00230,ko00240,ko00760,ko00770,ko01100,map00230,map00240,map00760,map00770,map01100
WP_001071769	S	Protein of unknown function (DUF2514)	-	-	-
WP_001072343	S	-	-	-	-
WP_001072358	S	-	-	-	-
WP_001075170	F	Provides the precursors necessary for DNA synthesis. Catalyzes the biosynthesis of deoxyribonucleotides from the corresponding ribonucleotides	nrdA	ko:K00525	ko00230,ko00240,ko01100,map00230,map00240,map01100
WP_001075519	P	P-loop containing region of AAA domain	phnK	ko:K05781	-
WP_001075890	G	MFS/sugar transport protein	uidB	ko:K03292,ko:K11104,ko:K16139	-
WP_001076194	I	Glycerol-3-phosphate dehydrogenase	gpsA	ko:K00057	ko00564,ko01110,map00564,map01110
WP_001076241	F	ATP binding	yghS	-	-
WP_001076541	S	Putative inner membrane exporter, YdcZ	ydcZ	ko:K09936	ko02024,map02024
WP_001076742	P	Iron-efflux transporter responsible for iron detoxification. Also able to transport Zn(2 ) in a proton- dependent manner	fieF	ko:K13283	-
WP_001077351	IQ	Belongs to the short-chain dehydrogenases reductases (SDR) family	srlD	ko:K00068,ko:K03366	ko00051,ko00650,map00051,map00650
WP_001077735	S	-	-	-	-
WP_001078399	S	Protein of unknown function (DUF2509)	ygdB	-	-
WP_001078777	C	electron transport from formate to hydrogen	hydN	ko:K00196,ko:K05796	ko00633,ko00680,ko00720,ko01120,ko01200,map00633,map00680,map00720,map01120,map01200
WP_001078843	C	oxidoreductase activity, acting on the CH-NH2 group of donors, NAD or NADP as acceptor	gltD	ko:K00266	ko00250,ko00910,ko01100,ko01110,ko01120,ko01130,ko01230,map00250,map00910,map01100,map01110,map01120,map01130,map01230
WP_001079186	C	Formate hydrogenlyase	hycB	ko:K12136,ko:K15827	-
WP_001079419	S	Phage minor tail protein U	-	-	-
WP_001079500	S	cellular response to DNA damage stimulus	yciE	-	-
WP_001080102	P	Part of the multicomponent 3-phenylpropionate dioxygenase, that converts 3-phenylpropionic acid (PP) and cinnamic acid (CI) into 3-phenylpropionate-dihydrodiol (PP- dihydrodiol) and cinnamic acid-dihydrodiol (CI-dihydrodiol), respectively. This protein seems to be a 2Fe-2S ferredoxin	hcaC	ko:K05710,ko:K14750,ko:K18087,ko:K18089	ko00360,ko00361,ko00362,ko00621,ko00623,ko00625,ko00642,ko01100,ko01120,ko01220,map00360,map00361,map00362,map00621,map00623,map00625,map00642,map01100,map01120,map01220
WP_001080149	S	protein conserved in bacteria	vasD	ko:K11906	ko03070,map03070
WP_001080251	S	Type-F conjugative transfer system pilin assembly protein	trbC	ko:K12059	-
WP_001080732	S	Colicin E1 (microcin) immunity protein	-	-	-
WP_001081870	C	Participates in the periplasmic electron-transferring activity of hydrogenase 2 during its catalytic turnover	hybA	-	-
WP_001083460	S	catalytic activity	ibrA	-	-
WP_001084390	K	DNA-binding transcription factor activity	yahB	-	-
WP_001085926	J	Forms part of the ribosomal stalk which helps the ribosome interact with GTP-bound translation factors	rplK	ko:K02867	ko03010,map03010
WP_001085946	S	Phage capsid scaffolding protein (GPO) serine peptidase	O	-	-
WP_001086163	S	-	yafT	-	-
WP_001086527	J	Specifically methylates the guanine in position 2445 (m2G2445) and the guanine in position 2069 (m7G2069) of 23S rRNA	rlmL	ko:K12297	-
WP_001087161	E	Belongs to the sodium solute symporter (SSF) (TC 2.A.21) family	yidK	ko:K03307	-
WP_001087250	S	SURF4 family	yphA	ko:K15977	-
WP_001087296	U	General secretion pathway protein	gspG	ko:K02456	ko03070,ko05111,map03070,map05111
WP_001087467	K	Sigma factors are initiation factors that promote the attachment of RNA polymerase to specific initiation sites and are then released. This sigma factor controls the expression of flagella-related genes	fliA	ko:K02405	ko02020,ko02025,ko02026,ko02040,ko05111,map02020,map02025,map02026,map02040,map05111
WP_001088372	O	4 iron, 4 sulfur cluster binding	yjjW	ko:K04069	-
WP_001088621	K	Transcriptional regulator	yciT	-	-
WP_001088828	Q	AMP-binding enzyme C-terminal domain	irp5	ko:K02363,ko:K04783	ko01053,ko01110,ko01130,map01053,map01110,map01130
WP_001089295	S	Uncharacterized protein conserved in bacteria (DUF2065)	yjeT	ko:K09937	-
WP_001090200	S	Protein of unknown function (DUF1482)	-	-	-
WP_001090758	K	Transcription activator for the expression of the melAB operon. MelR binds at two sites located upstream of the melAB transcription site	melR	-	-
WP_001090850	S	Cytoskeletal protein that is involved in cell-shape control through regulation of the length of the long axis	rodZ	ko:K15539	-
WP_001092082	M	Removes C-terminal D-alanyl residues from sugar-peptide cell wall precursors	dacA	ko:K07258	ko00550,ko01100,map00550,map01100
WP_001092971	G	Corresponds to locus_tag	arrQ	ko:K01185	-
WP_001094685	F	Catalyzes the adenylation of molybdopterin as part of the biosynthesis of the molybdenum-cofactor	mog	ko:K03831	ko00790,ko01100,ko04122,map00790,map01100,map04122
WP_001094831	S	YGGT family	yggT	ko:K02221	-
WP_001096200	J	This is 1 of the proteins that binds and probably mediates the attachment of the 5S RNA into the large ribosomal subunit, where it forms part of the central protuberance. In the 70S ribosome it contacts protein S13 of the 30S subunit (bridge B1b), connecting the 2 subunits	rplE	ko:K02931	ko03010,map03010
WP_001096684	J	Binds directly to 23S rRNA. The L1 stalk is quite mobile in the ribosome, and is involved in E site tRNA release	rplA	ko:K02863	ko03010,map03010
WP_001096705	S	Uncharacterized protein conserved in bacteria (DUF2058)	yaiL	ko:K09912	-
WP_001097039	S	Uncharacterized conserved protein (DUF2190)	-	-	-
WP_001097470	E	ethanolamine utilization protein	eutA	ko:K04019	ko00564,ko01100,map00564,map01100
WP_001098384	S	Thioesterase-like superfamily	ybgC	ko:K01075,ko:K07107	ko00130,ko00362,ko01100,ko01110,ko01120,map00130,map00362,map01100,map01110,map01120
WP_001098629	U	Proton-dependent permease that transports di- and tripeptides	dtpB	ko:K03305	-
WP_001098726	O	Efficient electron donor for the essential enzyme ribonucleotide reductase. Is also able to reduce the interchain disulfide bridges of insulin	trxC	ko:K03672	-
WP_001098805	P	Has been proposed to be a redox modulator	alx	ko:K05794	-
WP_001098988	S	TraA	-	-	-
WP_001099113	C	Involved in the TCA cycle. Catalyzes the stereospecific interconversion of fumarate to L-malate	fumC	ko:K01679	ko00020,ko00620,ko00720,ko01100,ko01110,ko01120,ko01130,ko01200,ko04934,ko05200,ko05211,map00020,map00620,map00720,map01100,map01110,map01120,map01130,map01200,map04934,map05200,map05211
WP_001100467	U	Involved in the import of queuosine (Q) precursors, required for Q precursor salvage	yhhQ	ko:K09125	-
WP_001100763	P	TonB dependent receptor	-	ko:K16087	-
WP_001101732	P	ABC 3 transport family	sitC	ko:K09819,ko:K11605,ko:K11709	ko02010,map02010
WP_001101796	L	SNF2 family N-terminal domain	-	ko:K03580	-
WP_001102376	S	Domain of unknown function (DUF3944)	yaaW	-	-
WP_001103560	E	IGPS catalyzes the conversion of PRFAR and glutamine to IGP, AICAR and glutamate. The HisH subunit provides the glutamine amidotransferase activity that produces the ammonia necessary to HisF for the synthesis of IGP and AICAR	hisH	ko:K02501	ko00340,ko01100,ko01110,ko01230,map00340,map01100,map01110,map01230
WP_001103694	O	PFAM StbA family protein	stbA	ko:K18640	-
WP_001104873	S	-	-	-	-
WP_001105414	L	Inhibits the supercoiling activity of DNA gyrase. Acts by inhibiting DNA gyrase at an early step, prior to (or at the step of) binding of DNA by the gyrase. It protects cells against toxins that target DNA gyrase, by inhibiting activity of these toxins and reducing the formation of lethal double-strand breaks in the cell	sbmC	ko:K07470	-
WP_001105433	DJ	silverDB	relE	ko:K06218	-
WP_001107125	E	metallopeptidase activity	ygeY	ko:K05831	ko00220,ko00300,ko01100,ko01210,ko01230,map00220,map00300,map01100,map01210,map01230
WP_001107467	O	Acts as a processive, ATP-dependent zinc metallopeptidase for both cytoplasmic and membrane proteins. Plays a role in the quality control of integral membrane proteins	ftsH	ko:K03798	-
WP_001107566	S	Protein with unknown function (DUF469)	yggL	ko:K09923	-
WP_001107889	G	The phosphoenolpyruvate-dependent sugar phosphotransferase system (sugar PTS), a major carbohydrate active -transport system, catalyzes the phosphorylation of incoming sugar substrates concomitantly with their translocation across the cell membrane. This system is involved in arbutin, cellobiose, and salicin transport	ascF	ko:K02752,ko:K02753,ko:K02755,ko:K02756,ko:K02757	ko00010,ko02060,map00010,map02060
WP_001109449	S	Type II glyoxalase, isozyme of GloB, that hydrolyzes (R)-S-lactoylglutathione to (R)-lactate and glutathione. Plays a minor contribution to methylglyoxal (MG) detoxification in E.coli, compared to GloB. The two isoenzymes have additive effects and ensure maximal MG degradation	ycbL	ko:K01069	ko00620,map00620
WP_001109783	K	bacterial-type proximal promoter sequence-specific DNA binding	yfeR	ko:K17737	-
WP_001110447	S	Protein of unknown function (DUF1778)	-	-	-
WP_001110486	K	Escherichia coli uses a different mechanism of phosphonate catabolism where PhnO is not essential and seems to play a regulatory role	phnO	ko:K09994	ko00440,map00440
WP_001110573	P	ATP-binding protein YbbA	ybbA	ko:K02003	-
WP_001111038	E	Carboxysome structural protein involved in ethanolamine utilization	eutL	ko:K04026	-
WP_001111989	S	Domain of unknown function (DUF1889)	yoaC	-	-
WP_001112301	EGP	across the boundary membrane with the concomitant transport of protons into the cell (symport system)	galP	ko:K02100,ko:K05548,ko:K08137	-
WP_001113263	T	C4-type zinc finger protein	-	-	-
WP_001113348	L	Endonuclease/Exonuclease/phosphatase family	ybhP	-	-
WP_001113432	S	Domain of unknown function (DUF202)	yidG	-	-
WP_001113637	K	Nitrate nitrite response regulator	narP	ko:K07685	ko02020,map02020
WP_001114542	L	Involved in base excision repair of DNA damaged by oxidation or by mutagenic agents. Acts as DNA glycosylase that recognizes and removes damaged bases. Has a preference for oxidized purines, such as 7,8-dihydro-8-oxoguanine (8-oxoG). Has AP (apurinic apyrimidinic) lyase activity and introduces nicks in the DNA strand. Cleaves the DNA backbone by beta-delta elimination to generate a single-strand break at the site of the removed base with both 3'- and 5'-phosphates	fpg	ko:K10563	ko03410,map03410
WP_001114711	K	Helix-turn-helix domain, rpiR family	ybbH_2	-	-
WP_001115129	NU	Type II transport protein GspH	gspH	ko:K02456,ko:K02457	ko03070,ko05111,map03070,map05111
WP_001115472	K	uxaCA, sdaCB and yjiY. H-NS repression of the bgl operon, leading to the ability to metabolize some beta-glucosides. It also directly activates the bgl operon. Activation is H-NS and BglJ-RcsB independent	leuO	ko:K05798	-
WP_001117011	K	Transcription regulator that activates transcription by stimulating RNA polymerase (RNAP) recycling in case of stress conditions such as supercoiled DNA or high salt concentrations. Probably acts by releasing the RNAP, when it is trapped or immobilized on tightly supercoiled DNA. Does not activate transcription on linear DNA. Probably not involved in DNA repair	rapA	ko:K03580	-
WP_001117568	S	Belongs to the UPF0401 family	ykfF	-	-
WP_001117840	S	RnfH family Ubiquitin	rnfH	ko:K09801	-
WP_001118215	S	Controls the transport of the quorum-sensing signal AI-2 either by enhancing its secretion or inhibiting its uptake and consequently represses biofilm formation and motility and affects the global gene expression in biofilms	tqsA	ko:K11744	-
WP_001118464	O	ATP binding to DnaK triggers the release of the substrate protein, thus completing the reaction cycle. Several rounds of ATP-dependent interactions between DnaJ, DnaK and GrpE are required for fully efficient folding. Also involved, together with DnaK and GrpE, in the DNA replication of plasmids through activation of initiation proteins	dnaJ	ko:K03686	-
WP_001118861	U	The central subunit of the protein translocation channel SecYEG. Consists of two halves formed by TMs 1-5 and 6-10. These two domains form a lateral gate at the front which open onto the bilayer between TMs 2 and 7, and are clamped together by SecE at the back. The channel is closed by both a pore ring composed of hydrophobic SecY resides and a short helix (helix 2A) on the extracellular side of the membrane which forms a plug. The plug probably moves laterally to allow the channel to open. The ring and the pore may move independently	secY	ko:K03076	ko02024,ko03060,ko03070,map02024,map03060,map03070
WP_001118930	J	Binds 16S rRNA, required for the assembly of 30S particles and may also be responsible for determining the conformation of the 16S rRNA at the A site	rpsN	ko:K02954	ko03010,map03010
WP_001119037	K	Transcriptional regulator	-	-	-
WP_001119872	E	5-carboxymethyl-2-hydroxymuconate isomerase	hpcD	ko:K01826	ko00350,ko01120,ko01220,map00350,map01120,map01220
WP_001120112	K	Member of the two-component regulatory system TorS TorR involved in the anaerobic utilization of trimethylamine-N-oxide (TMAO). Phosphorylated TorR activates the transcription of the torCAD operon by binding to four decameric boxes located in the torCAD promoter. Box1, 2 and 4 contain the DNA sequence 5'- CTGTTCATAT-3' and box3 contains the DNA sequence 5'-CCGTTCATCC-3'. Phosphorylated as well as unphosphorylated TorR negatively regulates its own expression by binding to box1 and 2	torR	ko:K02483,ko:K07772	ko02020,map02020
WP_001120147	S	Belongs to the 4-oxalocrotonate tautomerase family. PptA subfamily	pptA	ko:K01821	ko00362,ko00621,ko00622,ko01100,ko01120,ko01220,map00362,map00621,map00622,map01100,map01120,map01220
WP_001120720	E	Specifically catalyzes the decarboxylation of meso- diaminopimelate (meso-DAP) to L-lysine	lysA	ko:K01586	ko00300,ko01100,ko01110,ko01120,ko01130,ko01230,map00300,map01100,map01110,map01120,map01130,map01230
WP_001120810	C	Conversion of NADPH, generated by peripheral catabolic pathways, to NADH, which can enter the respiratory chain for energy generation	sthA	ko:K00322	ko00760,ko01100,map00760,map01100
WP_001121363	FP	Degradation of inorganic polyphosphates (polyP). Releases orthophosphate processively from the ends of the polyP chain	ppx	ko:K01524	ko00230,map00230
WP_001122782	E	Transfers a succinyl group from succinyl-CoA to L- homoserine, forming succinyl-L-homoserine	metAS	ko:K00651	ko00270,ko00920,ko01100,ko01110,ko01230,map00270,map00920,map01100,map01110,map01230
WP_001123601	H	Methyl-transferase	-	ko:K00558	ko00270,ko01100,ko05206,map00270,map01100,map05206
WP_001124225	J	Belongs to the bacterial ribosomal protein bL35 family	rpmI	ko:K02916	ko03010,map03010
WP_001124471	C	that it has a role as a cellular electron transfer protein. Involved in the in vivo assembly of the Fe-S clusters in a wide variety of iron- sulfur proteins	fdx	ko:K04755	-
WP_001124893	G	ABC transporter	yphF	ko:K02058	-
WP_001124935	L	Bidirectionally degrades single-stranded DNA into large acid-insoluble oligonucleotides, which are then degraded further into small acid-soluble oligonucleotides	xseB	ko:K03602	ko03430,map03430
WP_001125202	D	Maf-like protein	yceF	ko:K06287	-
WP_001125331	T	Bacterial SH3 domain	ygiM	ko:K07184	-
WP_001126366	F	Carbamoyl-phosphate synthetase ammonia chain	carB	ko:K01955	ko00240,ko00250,ko01100,map00240,map00250,map01100
WP_001126780	J	May reduce aminoacrylate peracid to aminoacrylate. Required to remove a toxic intermediate produce by the pyrimidine nitrogen degradation	rutC	ko:K09021,ko:K09022	ko00240,ko01100,map00240,map01100
WP_001128215	E	Catalyzes the alpha,beta-elimination reaction of D- cysteine and of several D-cysteine derivatives. It could be a defense mechanism against D-cysteine	dcyD	ko:K05396	ko00270,map00270
WP_001128335	P	gluconate transporter	idnT	ko:K03299,ko:K06155,ko:K06157	-
WP_001128363	P	gluconate transporter	yjhF	ko:K03299,ko:K06155,ko:K06157	-
WP_001128858	P	Part of a putrescine export transport system, does not play a role in resistance to antimicrobial peptides. Stimulates K( )-uptake proteins TrkG and TrkH to import K( ), may act via ATP-binding rather than ATP hydrolysis	sapD	ko:K02031,ko:K02032,ko:K13892,ko:K13896,ko:K19229,ko:K19230	ko01503,ko02010,ko02024,map01503,map02010,map02024
WP_001129723	L	DNA topological change	yrdD	ko:K07479	-
WP_001130211	F	Involved in the synthesis of autoinducer 2 (AI-2) which is secreted by bacteria and is used to communicate both the cell density and the metabolic potential of the environment. The regulation of gene expression in response to changes in cell density is called quorum sensing. Catalyzes the transformation of S-ribosylhomocysteine (RHC) to homocysteine (HC) and 4,5- dihydroxy-2,3-pentadione (DPD)	luxS	ko:K07173	ko00270,ko01100,ko01230,ko02024,ko02026,ko05111,map00270,map01100,map01230,map02024,map02026,map05111
WP_001130266	K	response to biotic stimulus	ygcP	ko:K02443	-
WP_001130640	F	ATP-dependent carboxylate-amine ligase which exhibits weak glutamate--cysteine ligase activity	ybdK	ko:K06048	-
WP_001130692	M	Plays a critical role in the incorporation of lipoproteins in the outer membrane after they are released by the LolA protein	lolB	ko:K02494	-
WP_001131068	NU	Part of the ecpRABCDE operon, which encodes the E.coli common pilus (ECP). ECP is found in both commensal and pathogenic strains and plays a dual role in early-stage biofilm development and host cell recognition (By similarity)	ecpC	ko:K21966	-
WP_001131178	K	DNA-binding transcription factor activity	yieP	-	-
WP_001131232	M	Part of an ABC transporter complex involved in low- affinity glycine betaine uptake. Binds glycine betaine with low affinity	yehZ	ko:K05845	ko02010,map02010
WP_001131758	P	gluconate transporter	gntT	ko:K06155,ko:K06157	-
WP_001131965	S	Ribonuclease toxin, BrnT, of type II toxin-antitoxin system	-	-	-
WP_001132480	V	efflux pump	acrB	ko:K18138,ko:K18142	ko01501,ko01503,map01501,map01503
WP_001132956	E	Catalyzes the dephosphorylation of phosphoserine (P- Ser)	serB	ko:K01079	ko00260,ko00680,ko01100,ko01120,ko01130,ko01200,ko01230,map00260,map00680,map01100,map01120,map01130,map01200,map01230
WP_001135079	Q	nicotinamidase activity	pncA	ko:K08281	ko00760,ko01100,map00760,map01100
WP_001135168	F	Belongs to the NadC ModD family	nadC	ko:K00767	ko00760,ko01100,map00760,map01100
WP_001135574	O	Redox regulated molecular chaperone. Protects both thermally unfolding and oxidatively damaged proteins from irreversible aggregation. Plays an important role in the bacterial defense system toward oxidative stress	hslO	ko:K04083	-
WP_001136198	P	Part of the ABC transporter complex NikABCDE involved in nickel import. Responsible for energy coupling to the transport system	nikD	ko:K15587	ko02010,map02010
WP_001136535	GM	Protein of unknown function (DUF2867)	ybjT	-	-
WP_001136827	J	translation elongation factor activity	yeiP	ko:K02356	-
WP_001136925	G	isomerase activity	ygbM	ko:K01816,ko:K22131	ko00630,ko01100,map00630,map01100
WP_001137015	P	Confers resistance to acriflavine, chloramphenicol, norfloxacin, ethidium bromide and TPP	cmr	ko:K08160	-
WP_001138043	J	One of the primary rRNA binding proteins, it binds directly to 16S rRNA where it nucleates assembly of the head domain of the 30S subunit. Is located at the subunit interface close to the decoding center	rpsG	ko:K02992	ko03010,map03010
WP_001138117	J	Protein S19 forms a complex with S13 that binds strongly to the 16S ribosomal RNA	rpsS	ko:K02965	ko03010,map03010
WP_001138160	O	Endopeptidase that degrades small peptides of less than 7 kDa, such as glucagon and insulin	ptrA	ko:K01407	-
WP_001138434	K	helix_turn_helix gluconate operon transcriptional repressor	gabR_2	ko:K00375,ko:K05825	ko00300,ko01100,ko01130,ko01210,map00300,map01100,map01130,map01210
WP_001138584	J	Involved in the protection against polyamine toxicity by regulating their concentration. Catalyzes the transfer of an acetyl group from acetyl coenzyme A (AcCoA) to the primary amino groups of spermidine to yield N(1)- and N(8)-acetylspermidine	speG	ko:K00657	ko00330,ko01100,ko04216,map00330,map01100,map04216
WP_001138904	S	UPF0234 protein YajQ	yajQ	ko:K09767	-
WP_001139287	M	Catalyzes the N-acylation of UDP-3-O- (hydroxytetradecanoyl)glucosamine using 3-hydroxytetradecanoyl-ACP as the acyl donor. Is involved in the biosynthesis of lipid A, a phosphorylated glycolipid that anchors the lipopolysaccharide to the outer membrane of the cell	lpxD	ko:K02536	ko00540,ko01100,map00540,map01100
WP_001139613	F	GTP cyclohydrolase	folE	ko:K01495	ko00790,ko01100,map00790,map01100
WP_001139680	S	-	-	-	-
WP_001140178	F	by removing the phosphate group at the C-7 position	gmhB	ko:K03273	ko00540,ko01100,map00540,map01100
WP_001140258	O	PPIases accelerate the folding of proteins. It prefers amino acid residues with hydrophobic side chains like leucine and phenylalanine in the P1 position of the peptides substrates	ppiC	ko:K03769	-
WP_001140433	J	structural constituent of ribosome	rpmD	ko:K02907	ko03010,map03010
WP_001140665	E	Catalyzes the isomerization between 2-isopropylmalate and 3-isopropylmalate, via the formation of 2-isopropylmaleate	leuC	ko:K01703	ko00290,ko00660,ko00966,ko01100,ko01110,ko01210,ko01230,map00290,map00660,map00966,map01100,map01110,map01210,map01230
WP_001141190	EGP	Uncharacterised MFS-type transporter YbfB	yjiJ	-	-
WP_001141271	K	Repressor of the frmRAB operon	frmR	-	-
WP_001141345	T	phosphatase 2	pphB	ko:K07313,ko:K07314	-
WP_001142439	S	YaiA protein	yaiA	-	-
WP_001142445	S	-	-	-	-
WP_001142958	S	Type VI secretion system effector, Hcp	hcp	ko:K11903	ko02025,ko03070,map02025,map03070
WP_001143120	S	YccJ-like protein	yccJ	-	-
WP_001144069	J	Belongs to the bacterial ribosomal protein bS21 family	rpsU	ko:K02970	ko03010,map03010
WP_001144101	G	Phage lysozyme	-	-	-
WP_001144202	J	Catalyzes the attachment of threonine to tRNA(Thr) in a two-step reaction L-threonine is first activated by ATP to form Thr-AMP and then transferred to the acceptor end of tRNA(Thr)	thrS	ko:K01868	ko00970,map00970
WP_001145185	K	Catalyzes the acetylation of dTDP-fucosamine (dTDP-4- amino-4,6-dideoxy-D-galactose) to dTDP-Fuc4NAc, which is utilized in the biosynthesis of the enterobacterial common antigen (ECA)	wecD	ko:K16704	-
WP_001145501	K	ParB-like nuclease domain	-	ko:K03497	-
WP_001145827	J	Methylates ribosomal protein L11	prmA	ko:K02687	-
WP_001146161	V	peptide transport system, permease	sapC	ko:K19228	ko01503,ko02010,map01503,map02010
WP_001146444	K	Might be a regulator of the sodium-potassium proton antiporter ChaA	chaB	ko:K06197	-
WP_001146509	G	Part of the ABC transporter complex XylFGH involved in xylose import. Responsible for energy coupling to the transport system	xylG	ko:K02056,ko:K10441,ko:K10542,ko:K10545	ko02010,map02010
WP_001148001	K	Necessary for efficient RNA polymerase transcription elongation past template-encoded arresting sites. The arresting sites in DNA have the property of trapping a certain fraction of elongating RNA polymerases that pass through, resulting in locked ternary complexes. Cleavage of the nascent transcript by cleavage factors such as GreA or GreB allows the resumption of elongation from the new 3'terminus. GreA releases sequences of 2 to 3 nucleotides	greA	ko:K03624	-
WP_001148908	O	OsmC-like protein	yhfA	ko:K07397	-
WP_001149003	P	transmembrane transporter activity	yhjE	-	-
WP_001149573	G	Belongs to the xylose isomerase family	xylA	ko:K01805	ko00040,ko00051,ko01100,map00040,map00051,map01100
WP_001149712	J	Catalyzes the formation of 5-methyl-uridine at position 747 (m5U747) in 23S rRNA	rlmC	ko:K03212	-
WP_001150479	H	Converts 2,5-diamino-6-(ribosylamino)-4(3h)-pyrimidinone 5'-phosphate into 5-amino-6-(ribosylamino)-2,4(1h,3h)- pyrimidinedione 5'-phosphate	ribD	ko:K01498,ko:K11752	ko00740,ko01100,ko01110,ko02024,map00740,map01100,map01110,map02024
WP_001151230	S	Bacterial protein of unknown function (DUF977)	-	-	-
WP_001151437	S	Belongs to the WrbA family	wrbA	ko:K03809	ko00130,ko01110,map00130,map01110
WP_001151562	S	TraM protein, DNA-binding	-	-	-
WP_001151604	E	Catalyzes the reversible oxidation of 3-phospho-D- glycerate to 3-phosphonooxypyruvate, the first step of the phosphorylated L-serine biosynthesis pathway. Also catalyzes the reversible oxidation of 2-hydroxyglutarate to 2-oxoglutarate	serA	ko:K00058	ko00260,ko00680,ko01100,ko01120,ko01130,ko01200,ko01230,map00260,map00680,map01100,map01120,map01130,map01200,map01230
WP_001151854	J	Removes the 2'-phosphate from RNA via an intermediate in which the phosphate is ADP-ribosylated by NAD followed by a presumed transesterification to release the RNA and generate ADP- ribose 1''-2''-cyclic phosphate (APPR P). May function as an ADP- ribosylase	kptA	ko:K07559	-
WP_001152402	S	Phage minor tail protein L	-	-	-
WP_001153132	M	Mechanosensitive channel of miniconductance that confers protection against mild hypoosmotic shock. Overexpression confers protection against severe shocks	ybdG	ko:K16053	-
WP_001153615	S	Belongs to the SlyX family	slyX	ko:K03745	-
WP_001154182	O	Non-specific peroxidase that can use thioredoxin or glutathione as a reducing agent	btuE	ko:K00432	ko00480,ko00590,ko04918,map00480,map00590,map04918
WP_001154271	K	Activates cell division by specifically increasing transcription from one of the two promoters that lie immediately upstream of the ftsQAZ gene cluster. Activates ydiV expression in response to extracellular autoinducer AI-1 (Vibrio fischeri autoinducer oxoC6)	sdiA	ko:K07782,ko:K15852,ko:K19666,ko:K19734	ko02020,ko02024,ko02026,map02020,map02024,map02026
WP_001155227	T	Transcription factor that acts by binding directly to the RNA polymerase (RNAP). Required for negative regulation of rRNA expression and positive regulation of several amino acid biosynthesis promoters. Also required for regulation of fis expression	dksA	ko:K06204	ko02026,map02026
WP_001156174	P	Rhodanese-like domain	yibN	ko:K01011	ko00270,ko00920,ko01100,ko01120,ko04122,map00270,map00920,map01100,map01120,map04122
WP_001156454	S	Component of the p-aminobenzoyl-glutamate hydrolase multicomponent enzyme system which catalyzes the cleavage of p- aminobenzoyl-glutamate (PABA-GLU) to form p-aminobenzoate (PABA) and glutamate. AbgAB does not degrade dipeptides and the physiological role of abgABT should be clarified	abgB	ko:K12941	-
WP_001157275	L	This methylase recognizes the double-stranded sequence CCWGG, causes specific methylation on C-2 on both strands	dcm	ko:K00558	ko00270,ko01100,ko05206,map00270,map01100,map05206
WP_001157377	J	Catalyzes the ATP-dependent 2-thiolation of cytidine in position 32 of tRNA, to form 2-thiocytidine (s(2)C32). The sulfur atoms are provided by the cysteine cysteine desulfurase (IscS) system	ttcA	ko:K14058	-
WP_001157535	P	Part of the ABC transporter complex FetAB, which is probably involved in iron export and enhances resistance to H(2)O(2)-mediated oxidative stress. Probably responsible for energy coupling to the transport system	ybbL	ko:K02068	-
WP_001157751	K	Response regulators consisting of a CheY-like receiver domain and a winged-helix DNA-binding domain	ompR	ko:K07659	ko02020,ko02026,map02020,map02026
WP_001157771	S	-	-	-	-
WP_001157896	J	Belongs to the class-I aminoacyl-tRNA synthetase family	leuS	ko:K01869	ko00970,map00970
WP_001158035	J	Required for the timely initiation of chromosomal replication via direct interactions with the DnaA initiator protein	diaA	ko:K03271,ko:K12961	ko00540,ko01100,map00540,map01100
WP_001158220	P	amino acid ABC transporter	yecS	ko:K02029,ko:K10009	ko02010,map02010
WP_001158929	P	Part of the ABC transporter complex FhuCDB involved in iron(3 )-hydroxamate import. Responsible for energy coupling to the transport system	fhuC	ko:K02013	ko02010,map02010
WP_001159065	P	probably responsible for the translocation of the substrate across the membrane	glnP	ko:K10037	ko02010,map02010
WP_001159140	E	Involved in the biosynthesis of the osmoprotectant glycine betaine. Catalyzes the oxidation of choline to betaine aldehyde and betaine aldehyde to glycine betaine at the same rate	betA	ko:K00108	ko00260,ko01100,map00260,map01100
WP_001159871	K	CcdB protein	ccdB	ko:K19163	-
WP_001160110	C	The nitrate reductase enzyme complex allows E.coli to use nitrate as an electron acceptor during anaerobic growth. The gamma chain is a membrane-embedded heme-iron unit resembling cytochrome b, which transfers electrons from quinones to the beta subunit	narI	ko:K00374	ko00910,ko01120,ko02020,map00910,map01120,map02020
WP_001160187	I	This protein catalyzes the committed step to the synthesis of the acidic phospholipids	pgsA	ko:K00995,ko:K08744	ko00564,ko01100,map00564,map01100
WP_001160658	E	Catalyzes the stereoinversion of LL-2,6- diaminoheptanedioate (L,L-DAP) to meso-diaminoheptanedioate (meso- DAP), a precursor of L-lysine and an essential component of the bacterial peptidoglycan	dapF	ko:K01778	ko00300,ko01100,ko01110,ko01120,ko01130,ko01230,map00300,map01100,map01110,map01120,map01130,map01230
WP_001160731	S	Belongs to the UPF0145 family	ybjQ	-	-
WP_001160804	S	DcrB	-	-	-
WP_001161009	S	phage tail assembly protein T	-	-	-
WP_001161664	J	Functions as a ribosomal silencing factor. Interacts with ribosomal protein L14 (rplN), blocking formation of intersubunit bridge B8. Prevents association of the 30S and 50S ribosomal subunits and the formation of functional ribosomes, thus repressing translation	rsfS	ko:K09710	-
WP_001162094	K	DNA-dependent RNA polymerase catalyzes the transcription of DNA into RNA using the four ribonucleoside triphosphates as substrates	rpoA	ko:K03040	ko00230,ko00240,ko01100,ko03020,map00230,map00240,map01100,map03020
WP_001162173	S	Metalloprotease involved in CcdA degradation. Suppresses the inhibitory activity of the carbon storage regulator (CsrA)	pmbA	ko:K03592	-
WP_001163160	S	metallopeptidase activity	yhjJ	ko:K07263	-
WP_001163428	K	Transcription inhibitory protein for the torCAD operon. Also acts as an excisionase and plays an essential role in the defective prophage CPS53 excision	torI	-	-
WP_001166045	U	The 2-keto-3-deoxygluconate permease transports the degraded pectin products into the bacterial cell, where they serve as carbon and energy sources. This is a hydrogen coupled transport system	kdgT	ko:K02526	-
WP_001166230	H	thiamine biosynthesis protein ThiS	thiS	ko:K03154	ko04122,map04122
WP_001166372	C	nitrate reductase 2	narW	ko:K00373	ko02020,map02020
WP_001166395	IM	Catalyzes the conversion of 1-hydroxy-2-methyl-2-(E)- butenyl 4-diphosphate (HMBPP) into a mixture of isopentenyl diphosphate (IPP) and dimethylallyl diphosphate (DMAPP). Acts in the terminal step of the DOXP MEP pathway for isoprenoid precursor biosynthesis	ispH	ko:K03527	ko00900,ko01100,ko01110,ko01130,map00900,map01100,map01110,map01130
WP_001166760	S	Modulates the activity of the EnvZ OmpR two-component regulatory system, probably by directly modulating EnvZ enzymatic activity and increasing stability of phosphorylated OmpR	mzrA	-	-
WP_001167450	S	-	-	-	-
WP_001167543	G	aldose 1-epimerase activity	yihR	ko:K01785	ko00010,ko00052,ko01100,ko01110,ko01120,ko01130,map00010,map00052,map01100,map01110,map01120,map01130
WP_001167676	K	nucleic acid-templated transcription	yhjB	-	-
WP_001168045	E	Stereospecific condensation of phosphoenolpyruvate (PEP) and D-erythrose-4-phosphate (E4P) giving rise to 3-deoxy-D- arabino-heptulosonate-7-phosphate (DAHP)	aroF	ko:K01626	ko00400,ko01100,ko01110,ko01130,ko01230,ko02024,map00400,map01100,map01110,map01130,map01230,map02024
WP_001168459	T	An anti-sigma factor for extracytoplasmic function (ECF) sigma factor sigma-E (RpoE). ECF sigma factors are held in an inactive form by an anti-sigma factor until released by regulated intramembrane proteolysis (RIP). RIP occurs when an extracytoplasmic signal triggers a concerted proteolytic cascade to transmit information and elicit cellular responses. The membrane-spanning regulatory substrate protein is first cut periplasmically (site-1 protease, S1P, DegS), then within the membrane itself (site-2 protease, S2P, RseP), while cytoplasmic proteases finish degrading the anti-sigma factor, liberating sigma-E	rseA	ko:K03597	-
WP_001168544	J	glycyl-tRNA synthetase alpha subunit	glyQ	ko:K01878	ko00970,map00970
WP_001169150	S	Protein of unknown function (DUF1391)	-	-	-
WP_001169669	P	protein hexamerization	ychN	ko:K06039	-
WP_001170183	EJ	asparagine catabolic process via L-aspartate	ansA	ko:K01424	ko00250,ko00460,ko01100,ko01110,map00250,map00460,map01100,map01110
WP_001170677	G	mannose-6-phosphate isomerase	manA	ko:K01809	ko00051,ko00520,ko01100,ko01110,ko01130,map00051,map00520,map01100,map01110,map01130
WP_001170791	G	Catalyzes the isomerization of L-ribulose 5-phosphate to D-xylulose 5-phosphate. Is involved in the anaerobic L-ascorbate utilization	ulaF	ko:K03077	ko00040,ko00053,ko01100,ko01120,map00040,map00053,map01100,map01120
WP_001171866	F	Reversibly transfers an adenylyl group from ATP to 4'- phosphopantetheine, yielding dephospho-CoA (dPCoA) and pyrophosphate	coaD	ko:K00954	ko00770,ko01100,map00770,map01100
WP_001172288	C	Aldo/keto reductase family	-	-	-
WP_001172876	P	sugar efflux transporter	setB	ko:K03291	-
WP_001173343	S	Toxin GhoT_OrtT	ydcX	-	-
WP_001173673	F	Catalyzes the synthesis of activated sulfate	cysC	ko:K00860	ko00230,ko00920,ko01100,ko01120,map00230,map00920,map01100,map01120
WP_001174452	S	Aldo/keto reductase family	aRA11	ko:K06221,ko:K17743	ko00040,ko01100,map00040,map01100
WP_001174481	S	Plays a role in synthesis, processing and or stability of 23S rRNA	yceD	ko:K07040	-
WP_001174736	F	Pyrophosphatase that catalyzes the hydrolysis of nucleoside triphosphates to their monophosphate derivatives, with a high preference for the non-canonical purine nucleotides XTP (xanthosine triphosphate), dITP (deoxyinosine triphosphate) and ITP. Seems to function as a house-cleaning enzyme that removes non-canonical purine nucleotides from the nucleotide pool, thus preventing their incorporation into DNA RNA and avoiding chromosomal lesions	rdgB	ko:K02428	ko00230,map00230
WP_001174939	P	Multidrug efflux pump that functions probably as a Na( ) drug antiporter	mdtK	ko:K03327	-
WP_001175455	S	4-hydroxyphenylacetate 3-monooxygenase, reductase component	hpaC	ko:K00484,ko:K09024	ko00240,ko00350,ko00740,ko01100,ko01120,ko01220,map00240,map00350,map00740,map01100,map01120,map01220
WP_001175589	K	transcriptional	arsR2	ko:K03892	-
WP_001175617	S	Specifically catalyzes the cleavage of the D-lactyl ether substituent of MurNAc 6-phosphate, producing GlcNAc 6- phosphate and D-lactate. Together with AnmK, is also required for the utilization of anhydro-N-acetylmuramic acid (anhMurNAc) either imported from the medium or derived from its own cell wall murein, and thus plays a role in cell wall recycling	murQ	ko:K07106	ko00520,ko01100,map00520,map01100
WP_001175714	H	Belongs to the sodium solute symporter (SSF) (TC 2.A.21) family	panF	ko:K14392	-
WP_001176295	F	Catalyzes the conversion of GTP to 2,5-diamino-6- ribosylamino-4(3H)-pyrimidinone 5'-phosphate (DARP), formate and pyrophosphate	ribA	ko:K01497	ko00740,ko00790,ko01100,ko01110,ko02024,map00740,map00790,map01100,map01110,map02024
WP_001176745	F	Produces ATP from ADP in the presence of a proton gradient across the membrane. The alpha chain is a regulatory subunit	atpA	ko:K02111	ko00190,ko00195,ko01100,map00190,map00195,map01100
WP_001176835	K	Invasion protein	hilA	ko:K22486	-
WP_001177048	M	Part of the outer membrane protein assembly complex, which is involved in assembly and insertion of beta-barrel proteins into the outer membrane	bamB	ko:K17713	-
WP_001177639	K	Nitric oxide-sensitive repressor of genes involved in protecting the cell against nitrosative stress. May require iron for activity	nsrR	ko:K13771	ko05132,map05132
WP_001177975	K	Mga helix-turn-helix domain	-	ko:K02538,ko:K03491	-
WP_001178774	C	Ethanolamine utilization protein eutG	eutG	ko:K04022	ko00010,ko01100,ko01110,ko01120,ko01130,map00010,map01100,map01110,map01120,map01130
WP_001181004	J	Involved in the binding of tRNA to the ribosomes	rpsJ	ko:K02946	ko03010,map03010
WP_001181473	F	The 2-oxoglutarate dehydrogenase complex catalyzes the overall conversion of 2-oxoglutarate to succinyl-CoA and CO(2). It contains multiple copies of three enzymatic components 2- oxoglutarate dehydrogenase (E1), dihydrolipoamide succinyltransferase (E2) and lipoamide dehydrogenase (E3)	sucA	ko:K00164	ko00020,ko00310,ko00380,ko01100,ko01110,ko01120,ko01130,ko01200,map00020,map00310,map00380,map01100,map01110,map01120,map01130,map01200
WP_001181706	E	acetolactate synthase	ilvN	ko:K01653	ko00290,ko00650,ko00660,ko00770,ko01100,ko01110,ko01130,ko01210,ko01230,map00290,map00650,map00660,map00770,map01100,map01110,map01130,map01210,map01230
WP_001182362	P	drug transmembrane transporter activity	ydhC	-	-
WP_001183198	P	response to oxidative stress	yaaU	ko:K08368	-
WP_001183282	G	isomerase B	rpiB	ko:K01808	ko00030,ko00051,ko00710,ko01100,ko01110,ko01120,ko01130,ko01200,ko01230,map00030,map00051,map00710,map01100,map01110,map01120,map01130,map01200,map01230
WP_001184045	M	A murein DD-endopeptidase with specificity for D-Ala- meso-diaminopimelic acid (mDAP) cross-links. Its role is probably to cleave D-Ala-mDAP cross-links to allow insertion of new glycans and thus cell wall expansion. Functionally redundant with MepM and MepH	yebA	ko:K19304	-
WP_001185146	G	Multifunctional protein that includes general (non sugar-specific) and sugar-specific components of the phosphoenolpyruvate-dependent sugar phosphotransferase system (sugar PTS). This major carbohydrate active transport system catalyzes the phosphorylation of incoming sugar substrates concomitantly with their translocation across the cell membrane. The enzyme II FrwABC PTS system is involved in fructose transport	ptsA	ko:K08483,ko:K11189,ko:K11201	ko02060,map02060
WP_001185287	S	protein conserved in bacteria	yaeQ	-	-
WP_001185665	D	Prevents the cell division inhibition by proteins MinC and MinD at internal division sites while permitting inhibition at polar sites. This ensures cell division at the proper site by restricting the formation of a division septum at the midpoint of the long axis of the cell	minE	ko:K03608	-
WP_001185732	P	Participates in the control of copper homeostasis	cutC	ko:K06201	-
WP_001186656	E	Belongs to the transferase hexapeptide repeat family	dapD	ko:K00674	ko00300,ko01100,ko01120,ko01230,map00300,map01100,map01120,map01230
WP_001186726	E	Belongs to the UPF0758 family	ykfG	ko:K03630	-
WP_001186773	E	Belongs to the UPF0758 family	ykfG	ko:K03630	-
WP_001187178	K	transcriptional activator	cadC	ko:K03765	-
WP_001187551	F	Bifunctional purine biosynthesis protein PurH	purH	ko:K00602	ko00230,ko00670,ko01100,ko01110,ko01130,ko01523,map00230,map00670,map01100,map01110,map01130,map01523
WP_001187822	P	Part of the ABC transporter complex AraFGH involved in arabinose import. Responsible for energy coupling to the transport system	araG	ko:K10441,ko:K10539	ko02010,map02010
WP_001188343	E	5-oxoprolinase (ATP-hydrolyzing) activity	ybgJ	-	-
WP_001188520	K	nucleic acid-templated transcription	yjdC	-	-
WP_001188687	K	Transcriptional regulatory protein, C terminal	creB	ko:K07663	ko02020,map02020
WP_001188777	T	Member of the two-component regulatory system NtrB NtrC, which controls expression of the nitrogen-regulated (ntr) genes in response to nitrogen limitation. Phosphorylated NtrC binds directly to DNA and stimulates the formation of open promoter- sigma54-RNA polymerase complexes	glnG	ko:K07712	ko02020,map02020
WP_001188905	S	membrane	ybaN	ko:K09790	-
WP_001189113	L	Group II intron, maturase-specific domain	-	ko:K00986,ko:K20170	ko00760,ko01120,map00760,map01120
WP_001189203	L	phenylacetate-CoA oxygenase, PaaJ subunit	paaD	ko:K02612	ko00360,ko01120,map00360,map01120
WP_001189321	M	Curli production assembly transport component CsgG	csgG	ko:K06214	-
WP_001190062	K	Transcriptional repressor of the nikABCDE operon. Is active in the presence of excessive concentrations of intracellular nickel	nikR	ko:K07722	-
WP_001190772	F	ATP binding	yghT	-	-
WP_001192406	K	Enhances distal genes transcription elongation in a specialized subset of operons that encode extracytoplasmic components. RfaH is recruited into a multi-component RNA polymerase complex by the ops element, which is a short conserved DNA sequence located downstream of the main promoter of these operons. Once bound, RfaH suppresses pausing and inhibits Rho- dependent and intrinsic termination at a subset of sites. Termination signals are bypassed, which allows complete synthesis of long RNA chains	rfaH	ko:K05785	-
WP_001192792	I	Catalyzes the 1,3-allylic rearrangement of the homoallylic substrate isopentenyl (IPP) to its highly electrophilic allylic isomer, dimethylallyl diphosphate (DMAPP)	idi	ko:K01597,ko:K01823	ko00900,ko01100,ko01110,ko01130,map00900,map01100,map01110,map01130
WP_001192973	C	fumarate reductase, flavoprotein subunit	frdA	ko:K00244	ko00020,ko00190,ko00620,ko00650,ko00720,ko01100,ko01110,ko01120,ko01130,ko01200,ko02020,map00020,map00190,map00620,map00650,map00720,map01100,map01110,map01120,map01130,map01200,map02020
WP_001193403	P	Part of the ABC transporter complex PhnCDE involved in phosphonates import. Responsible for energy coupling to the transport system	phnC	ko:K02041	ko02010,map02010
WP_001193496	P	Phosphonate ABC transporter	phnE	ko:K02042	ko02010,map02010
WP_001194218	S	sequence-specific DNA binding	-	-	-
WP_001194358	K	It also may be involved in the osmoregulation of envelope proteins. When activated by ArcB, it negatively regulates the expression of genes of aerobic function. Activates the transcription of the plfB operon by binding to its promoter	arcA	ko:K07773	ko02020,ko02026,map02020,map02026
WP_001194534	S	acyl-CoA hydrolase activity	tesC	ko:K12500	-
WP_001194736	D	Cell division factor that enhances FtsZ-ring assembly. Directly interacts with FtsZ and promotes bundling of FtsZ protofilaments, with a reduction in FtsZ GTPase activity	zapD	ko:K18778	-
WP_001195025	L	May play a role in DNA repair. It seems to be involved in an RecBC-independent recombinational process of DNA repair. It may act with RecF and RecO	recR	ko:K06187	ko03440,map03440
WP_001195159	M	chaperone	fimC	ko:K07346	-
WP_001195231	O	The disulfide bond functions as an electron carrier in the glutathione-dependent synthesis of deoxyribonucleotides by the enzyme ribonucleotide reductase. In addition, it is also involved in reducing some disulfide bonds in a coupled system with glutathione reductase	grxA	ko:K03674	-
WP_001195594	F	Catalyzes the phosphorylation of the hydroxyl group of 4-methyl-5-beta-hydroxyethylthiazole (THZ)	thiM	ko:K00878	ko00730,ko01100,map00730,map01100
WP_001195819	T	Phosphohistidine phosphatase sixA	sixA	ko:K08296	-
WP_001196062	J	Binds to the 23S rRNA	rplI	ko:K02939	ko03010,map03010
WP_001196285	C	4 iron, 4 sulfur cluster binding	yfhL	-	-
WP_001196460	N	Belongs to the flagella basal body rod proteins family	flgC	ko:K02388	ko02040,map02040
WP_001196487	EP	Part of the binding-protein-dependent transport system for dipeptides. Probably responsible for energy coupling to the transport system	dppD	ko:K02031,ko:K12371,ko:K15583	ko01501,ko02010,ko02024,map01501,map02010,map02024
WP_001196617	O	Chaperone involved in the maturation of iron-sulfur cluster-containing proteins. Has a low intrinsic ATPase activity which is markedly stimulated by HscB. Involved in the maturation of IscU	hscA	ko:K04044	-
WP_001197021	P	LacY proton/sugar symporter	-	ko:K02532	-
WP_001197416	E	L-idonate 5-dehydrogenase	idnD	ko:K00098	-
WP_001197646	F	Synthesizes alpha-1,4-glucan chains using ADP-glucose	glgA	ko:K00703	ko00500,ko01100,ko01110,ko02026,map00500,map01100,map01110,map02026
WP_001198386	D	Involved in protein export. Acts as a chaperone by maintaining the newly synthesized protein in an open conformation. Functions as a peptidyl-prolyl cis-trans isomerase	tig	ko:K03545	-
WP_001198727	G	Involved in the degradation of galactose via the DeLey- Doudoroff pathway. Catalyzes the reversible, stereospecific retro- aldol cleavage of 2-keto-3-deoxy-6-phosphogalactonate (KDPGal) to pyruvate and D-glyceraldehyde-3-phosphate. In the synthetic direction, it catalyzes the addition of pyruvate to electrophilic aldehydes with re-facial selectivity. It can use a limited number of aldehyde substrates, including D-glyceraldehyde-3-phosphate (natural substrate), D-glyceraldehyde, glycolaldehyde, 2- pyridinecarboxaldehyde, D-ribose, D-erythrose and D-threose. It efficiently catalyzes aldol addition only using pyruvate as the nucleophilic component and accepts both stereochemical configurations at C2 of the electrophile	dgoA	ko:K01631	ko00052,ko01100,map00052,map01100
WP_001198735	G	Involved in the degradation of galactose via the DeLey- Doudoroff pathway. Catalyzes the reversible, stereospecific retro- aldol cleavage of 2-keto-3-deoxy-6-phosphogalactonate (KDPGal) to pyruvate and D-glyceraldehyde-3-phosphate. In the synthetic direction, it catalyzes the addition of pyruvate to electrophilic aldehydes with re-facial selectivity. It can use a limited number of aldehyde substrates, including D-glyceraldehyde-3-phosphate (natural substrate), D-glyceraldehyde, glycolaldehyde, 2- pyridinecarboxaldehyde, D-ribose, D-erythrose and D-threose. It efficiently catalyzes aldol addition only using pyruvate as the nucleophilic component and accepts both stereochemical configurations at C2 of the electrophile	dgoA	ko:K01631	ko00052,ko01100,map00052,map01100
WP_001198783	S	Protein of unknown function (DUF805)	yhaI	-	-
WP_001198903	S	Escherichia coli O157 H7 ortholog z1656	yfjX	-	-
WP_001199299	C	response to amino acid starvation	tas	-	-
WP_001199376	G	altronate dehydratase activity	uxaA	ko:K01685	ko00040,ko01100,map00040,map01100
WP_001199973	F	Catalyzes the complex heterocyclic radical-mediated conversion of 6-carboxy-5,6,7,8-tetrahydropterin (CPH4) to 7- carboxy-7-deazaguanine (CDG), a step common to the biosynthetic pathways of all 7-deazapurine-containing compounds	queE	ko:K10026	ko00790,ko01100,map00790,map01100
WP_001200455	P	Ferrous iron transport protein A	feoA	ko:K04758	-
WP_001200459	C	Aldo/keto reductase family	-	-	-
WP_001200573	O	Regulatory DnaK co-chaperone. Direct interaction between DnaK and DjlA is needed for the induction of the wcaABCDE operon, involved in the synthesis of a colanic acid polysaccharide capsule, possibly through activation of the RcsB RcsC phosphotransfer signaling pathway. The colanic acid capsule may help the bacterium survive conditions outside the host	djlA	ko:K05801	-
WP_001202329	M	Essential component of the Rcs signaling system, which controls transcription of numerous genes. Plays a role in signal transduction from the cell surface to the histidine kinase RcsC. May detect outer membrane defects	rcsF	ko:K06080	ko02020,map02020
WP_001203437	M	Part of the outer membrane protein assembly complex, which is involved in assembly and insertion of beta-barrel proteins into the outer membrane	bamE	ko:K06186	-
WP_001204540	S	head-tail joining protein of prophage	-	-	-
WP_001206190	I	Catalyzes the final step of fatty acid oxidation in which acetyl-CoA is released and the CoA ester of a fatty acid two carbons shorter is formed	paaJ	ko:K00626,ko:K00632,ko:K02615	ko00071,ko00072,ko00280,ko00281,ko00310,ko00360,ko00362,ko00380,ko00592,ko00620,ko00630,ko00640,ko00642,ko00650,ko00720,ko00900,ko01100,ko01110,ko01120,ko01130,ko01200,ko01212,ko02020,map00071,map00072,map00280,map00281,map00310,map00360,map00362,map00380,map00592,map00620,map00630,map00640,map00642,map00650,map00720,map00900,map01100,map01110,map01120,map01130,map01200,map01212,map02020
WP_001207201	J	Forms part of the ribosomal stalk, playing a central role in the interaction of the ribosome with GTP-bound translation factors	rplJ	ko:K02864	ko03010,map03010
WP_001207525	F	Hydrolyzes with equal efficiency cytidine or uridine to ribose and cytosine or uracil, respectively	rihA	ko:K01239,ko:K01250	ko00230,ko00760,ko01100,map00230,map00760,map01100
WP_001207638	S	YjbD family (DUF3811)	yjbD	-	-
WP_001207933	P	Catalyzes nitrate uptake, nitrite uptake and nitrite export across the cytoplasmic membrane. May function as a nitrate H( ) and nitrite H( ) channel. Could confer a selective advantage during severe nutrient starvation or slow growth	narU	ko:K02575	ko00910,map00910
WP_001208066	K	transcriptional regulator	hosA	ko:K22489	-
WP_001209685	P	Part of a sulfur-relay system required for 2-thiolation of 5-methylaminomethyl-2-thiouridine (mnm(5)s(2)U) at tRNA wobble positions. Accepts sulfur from TusA and transfers it in turn to TusE	tusD	ko:K07235	ko04122,map04122
WP_001209780	M	cysteine-type peptidase activity	nlpC	ko:K13694,ko:K13695	-
WP_001211011	S	YobH-like protein	yobH	-	-
WP_001211575	P	subunit of a heme lyase	ccmH	ko:K02200	-
WP_001212386	S	bacterial-type flagellum-dependent swarming motility	yfiR	-	-
WP_001212633	M	D-alanyl-D-alanine carboxypeptidase	dacB	ko:K07259	ko00550,map00550
WP_001212768	N	Flagellar hook-associated protein 3	flgL	ko:K02397	ko02040,map02040
WP_001212973	O	Belongs to the HypD family	hypD	ko:K04654	-
WP_001213584	S	Hydrolase	yigB	ko:K20862	ko00740,ko01100,ko01110,map00740,map01100,map01110
WP_001213834	H	Catalyzes the cleavage of 2-amino-3-ketobutyrate to glycine and acetyl-CoA	kbl	ko:K00639	ko00260,map00260
WP_001214456	S	Protein of unknown function (DUF2737)	-	-	-
WP_001215556	S	Molybdate metabolism regulator	-	-	-
WP_001215901	NU	YfhG lipoprotein	yfhG	-	-
WP_001216257	V	ABC-type multidrug transport system, permease component	yhhJ	ko:K01992	-
WP_001216325	F	Involved in the gluconeogenesis. Catalyzes stereospecifically the conversion of dihydroxyacetone phosphate (DHAP) to D-glyceraldehyde-3-phosphate (G3P)	tpiA	ko:K01803	ko00010,ko00051,ko00562,ko00710,ko01100,ko01110,ko01120,ko01130,ko01200,ko01230,map00010,map00051,map00562,map00710,map01100,map01110,map01120,map01130,map01200,map01230
WP_001216368	J	Ribosomal protein L17	rplQ	ko:K02879	ko03010,map03010
WP_001216477	T	Member of the two-component regulatory system DcuR DcuS. Involved in the C4-dicarboxylate-stimulated regulation of the genes encoding the anaerobic fumarate respiratory system (frdABCD	dcuS	ko:K02476,ko:K07701,ko:K11614	ko02020,map02020
WP_001216531	E	Part of the ProU ABC transporter complex involved in glycine betaine and proline betaine uptake. Binds glycine betaine and proline betaine with high affinity	proX	ko:K02002	ko02010,map02010
WP_001216676	J	Binds together with S18 to 16S ribosomal RNA	rpsF	ko:K02990	ko03010,map03010
WP_001216963	S	-	yohO	-	-
WP_001217337	F	Catalyzes the irreversible NADPH-dependent deamination of GMP to IMP. It functions in the conversion of nucleobase, nucleoside and nucleotide derivatives of G to A nucleotides, and in maintaining the intracellular balance of A and G nucleotides	guaC	ko:K00088,ko:K00364	ko00230,ko00983,ko01100,ko01110,map00230,map00983,map01100,map01110
WP_001217754	L	Involved in SOS regulation. Inhibits RecA by preventing RecA to bind ssDNA. Can displace ssDNA from RecA	dinI	ko:K12149	-
WP_001218934	L	Belongs to the 'phage' integrase family	intB	-	-
WP_001219242	I	Involved in the biosynthesis of isopentenyl diphosphate (IPP) and dimethylallyl diphosphate (DMAPP), two major building blocks of isoprenoid compounds. Catalyzes the conversion of 4- diphosphocytidyl-2-C-methyl-D-erythritol 2-phosphate (CDP-ME2P) to 2-C-methyl-D-erythritol 2,4-cyclodiphosphate (ME-CPP) with a corresponding release of cytidine 5-monophosphate (CMP)	ispF	ko:K01770	ko00900,ko01100,ko01110,ko01130,map00900,map01100,map01110,map01130
WP_001219350	S	-	yoaK	-	-
WP_001219652	J	Catalyzes the synthesis of 5,6-dihydrouridine (D), a modified base found in the D-loop of most tRNAs, via the reduction of the C5-C6 double bond in target uridines	dusB	ko:K05540	-
WP_001220233	F	Catalyzes the reversible transfer of the terminal phosphate group between ATP and AMP. Plays an important role in cellular energy homeostasis and in adenine nucleotide metabolism	adk	ko:K00939	ko00230,ko00730,ko01100,ko01110,ko01130,map00230,map00730,map01100,map01110,map01130
WP_001221046	S	Protein conserved in bacteria	-	-	-
WP_001221493	K	Member of a two-component regulatory system QseB QseC. Activates the flagella regulon by activating transcription of FlhDC. Currently it is not known whether this effect is direct or not	qseB	ko:K07666	ko02020,ko02024,map02020,map02024
WP_001221623	S	Probable zinc-ribbon	-	-	-
WP_001221626	S	Probable zinc-ribbon	-	-	-
WP_001221666	M	Lipocalin / cytosolic fatty-acid binding protein family	blc	ko:K03098	-
WP_001221954	C	Protease involved in the C-terminal processing of HybC, the large subunit of hydrogenase 2. Specifically cleaves off a 15 amino acid peptide from the C-terminus of the precursor of HybC	hybD	ko:K03605	-
WP_001222509	J	Specifically methylates the N3 position of the uracil ring of uridine 1498 (m3U1498) in 16S rRNA. Acts on the fully assembled 30S ribosomal subunit	rsmE	ko:K09761	-
WP_001222876	E	Dipeptide-binding protein of a transport system that can be subject to osmotic shock. DppA is also required for peptide chemotaxis	dppA	ko:K02035,ko:K12368	ko02010,ko02024,ko02030,map02010,map02024,map02030
WP_001223213	K	Antitoxin component of a type II toxin-antitoxin (TA) system. May be involved in the regulation of cell growth. It acts as a suppressor of the endoribonuclease (inhibitory function) of ChpB protein. Both ChpS and ChpB probably bind to the promoter region of the chpS-chpB operon to autoregulate their synthesis	chpS	ko:K18842	-
WP_001223227	O	Electron transport system for the ribonucleotide reductase system NrdEF	nrdH	ko:K06191	-
WP_001223800	NPTU	overexpression decreases Cpx pathway activity. Some periplasmic stimulii (shown for P pili subunit PapE and probably 0.3 M NaCl) increase CpxP's susceptibility to DegP, leading to CpxP degradation, inducing the Cpx pathway. Aids in combating extracytoplasmic protein- mediated toxicity. Overexpression leads to degradation by DegP of misfolded P pili subunits in the periplasm (tested using PapE). Inhibits autophosphorylation of CpxA in reconstituted liposomes by 50 but has no effect on phosphatase activity of CpxA. Has mild protein chaperone activity	cpxP	ko:K06006	-
WP_001224623	S	Iron-regulated protein	cjrA	-	-
WP_001225291	S	cellular response to DNA damage stimulus	ycfL	-	-
WP_001225679	M	peptidoglycan biosynthetic process	yafK	-	-
WP_001226476	S	phosphatidylcholine metabolic process	rssA	ko:K07001	-
WP_001226928	S	Belongs to the class B bacterial acid phosphatase family	aphA	ko:K03788	ko00740,ko01100,map00740,map01100
WP_001227015	M	Enhances the activity of the UidB (GusB) glucuronide transporter, on its own however it has no transport activity. Glucuronide transport does not occur in strain K12 due to a variant at position 100 of the UidB (GusB, AC P0CE44, AC P0CE45) protein	uidC	ko:K16140	-
WP_001228252	M	Enterobacterial Ail/Lom protein	pagC	ko:K07804	ko02020,map02020
WP_001228981	NPTU	An ATP-independent periplasmic chaperone, decreases protein aggregation and helps protein refolding. Binds substrate over a large region	spy	ko:K06006	-
WP_001229265	K	This protein is one of the two subunits of integration host factor, a specific DNA-binding protein that functions in genetic recombination as well as in transcriptional and translational control	himA	ko:K04764	-
WP_001230242	C	Part of the anaerobic respiratory chain of trimethylamine-N-oxide reductase TorA. Acts by transferring electrons from the membranous menaquinones to TorA. This transfer probably involves an electron transfer pathway from menaquinones to the N-terminal domain of TorC, then from the N-terminus to the C-terminus, and finally to TorA. TorC apocytochrome negatively autoregulates the torCAD operon probably by inhibiting the TorS kinase activity	torC	ko:K03532	ko02020,map02020
WP_001230787	P	TraK protein	traK	ko:K12066	-
WP_001230983	S	UPF0294 protein YafD	yafD	-	-
WP_001231428	M	Lytic transglycosylase with a strong preference for naked glycan strands that lack stem peptides	rlpA	ko:K03642	-
WP_001232246	C	Soluble cytochrome b562	cybC	ko:K15536	-
WP_001232412	O	HflC and HflK help govern the stability of phage lambda cII protein, and thereby control the lysogenization frequency of phage lambda. HflKC inhibits the SecY-degrading activity of FtsH, possibly helping quality control of integral membrane proteins	hflC	ko:K04087	-
WP_001233838	L	Staphylococcal nuclease homologues	Z012_04225	ko:K01174	-
WP_001234345	P	part of the binding-protein- dependent transport system for uptake of ferrienterobactin	fepB	ko:K02016	ko02010,map02010
WP_001234378	S	Escherichia coli O157 H7 ortholog z1655	yfjQ	-	-
WP_001234489	S	Escherichia coli O157 H7 ortholog z1655	yfjQ	-	-
WP_001234777	F	Deoxycytidine triphosphate deaminase	dcd	ko:K01494	ko00240,ko01100,map00240,map01100
WP_001234850	J	Responsible for synthesis of pseudouridine from uracil- 516 in 16S ribosomal RNA	rsuA	ko:K06183	-
WP_001235102	O	Part of a stress-induced multi-chaperone system, it is involved in the recovery of the cell from heat-induced damage, in cooperation with DnaK, DnaJ and GrpE	clpB	ko:K03695	ko04213,map04213
WP_001235263	C	Belongs to the succinate dehydrogenase fumarate reductase iron-sulfur protein family	sdhB	ko:K00240	ko00020,ko00190,ko00650,ko00720,ko01100,ko01110,ko01120,ko01130,ko01200,map00020,map00190,map00650,map00720,map01100,map01110,map01120,map01130,map01200
WP_001235462	S	heat shock protein binding	-	-	-
WP_001236042	EP	Part of the ABC transporter complex GsiABCD involved in glutathione import. Probably responsible for the translocation of the substrate across the membrane	gsiD	ko:K13891	ko02010,map02010
WP_001236699	G	The phosphoenolpyruvate-dependent sugar phosphotransferase system (sugar PTS), a major carbohydrate active transport system, catalyzes the phosphorylation of incoming sugar substrates concomitantly with their translocation across the cell membrane. The enzyme II CmtAB PTS system is involved in D-mannitol transport	cmtB	ko:K02798	ko00051,ko02060,map00051,map02060
WP_001236795	M	Mechanosensitive channel that protects cells against hypoosmotic stress when highly overexpressed. Gates spontaneously in response to increased membrane tension	yjeP	ko:K05802,ko:K22051	-
WP_001237072	F	Catalyzes the reversible isomerization-deamination of glucosamine 6-phosphate (GlcN6P) to form fructose 6-phosphate (Fru6P) and ammonium ion	nagB	ko:K02564	ko00520,ko01100,map00520,map01100
WP_001237173	H	Flavin prenyltransferase that catalyzes the synthesis of the prenylated FMN cofactor (prenyl-FMN) for phenolic acid decarboxylase C	pad1	ko:K03186	ko00130,ko00627,ko00940,ko01100,ko01110,ko01120,ko01220,map00130,map00627,map00940,map01100,map01110,map01120,map01220
WP_001237205	S	cellular response to DNA damage stimulus	yceK	-	-
WP_001237796	E	Catalyzes the conversion of hemimercaptal, formed from methylglyoxal and glutathione, to S-lactoylglutathione	gloA	ko:K01759	ko00620,map00620
WP_001238217	S	Sugar transport-related sRNA regulator N-term	ybaE	-	-
WP_001238886	L	it can initiate unwinding at a nick in the DNA. It binds to the single-stranded DNA and acts in a progressive fashion along the DNA in the 3' to 5' direction	rep	ko:K03656,ko:K03657	ko03420,ko03430,map03420,map03430
WP_001238917	J	binds to the 23S rRNA	rplO	ko:K02876	ko03010,map03010
WP_001240073	C	Part of the MsrPQ system that repairs oxidized periplasmic proteins containing methionine sulfoxide residues (Met-O), using respiratory chain electrons. Thus protects these proteins from oxidative-stress damage caused by reactive species of oxygen and chlorine generated by the host defense mechanisms. MsrPQ is essential for the maintenance of envelope integrity under bleach stress, rescuing a wide series of structurally unrelated periplasmic proteins from methionine oxidation, including the primary periplasmic chaperone SurA and the lipoprotein Pal. MsrQ provides electrons for reduction to the reductase catalytic subunit MsrP, using the quinone pool of the respiratory chain	msrQ	ko:K17247	-
WP_001240398	K	transcriptional regulator	mlrA	ko:K21089,ko:K21972,ko:K22491	ko02026,map02026
WP_001240537	S	protein conserved in bacteria	vasJ	ko:K11910	-
WP_001240582	C	formate dehydrogenase	fdnH	ko:K00124,ko:K08349	ko00630,ko00680,ko01100,ko01120,ko01200,ko02020,map00630,map00680,map01100,map01120,map01200,map02020
WP_001240712	U	Involved in the TonB-dependent energy-dependent transport of various receptor-bound substrates	exbD	ko:K03559	-
WP_001240896	M	Part of the outer membrane protein assembly complex, which is involved in assembly and insertion of beta-barrel proteins into the outer membrane. Constitutes, with BamD, the core component of the assembly machinery	bamA	ko:K07277	-
WP_001241357	K	Regulates the transcription of several operons and genes involved in the biogenesis of Fe-S clusters and Fe-S-containing proteins	iscR	ko:K13643	-
WP_001241402	T	Serves as a specificity factor required for RNase E- mediated decay of the small global regulatory RNAs CsrB and CsrC, it is probably not a nuclease. Nor does its activity involve c-di- GMP, despite its domain composition. Positively modulates motility gene expression, is also required for curli expression	csrD	ko:K18765	-
WP_001241553	D	Activates the cell division inhibited by chromosomal DNA over-replication	cedA	ko:K15722	-
WP_001241678	O	Functions in the N-end rule pathway of protein degradation where it conjugates Leu, Phe and, less efficiently, Met from aminoacyl-tRNAs to the N-termini of proteins containing an N-terminal arginine or lysine	aat	ko:K00684	-
WP_001241878	G	Belongs to the phosphoglycerate mutase family	cobC	ko:K02226,ko:K22306	ko00860,ko01100,map00860,map01100
WP_001243355	S	Bacteriophage lambda Kil protein	-	-	-
WP_001243431	O	Associates with aggregated proteins, together with IbpA, to stabilize and protect them from irreversible denaturation and extensive proteolysis during heat shock and oxidative stress. Aggregated proteins bound to the IbpAB complex are more efficiently refolded and reactivated by the ATP-dependent chaperone systems ClpB and DnaK DnaJ GrpE. Its activity is ATP- independent	ibpB	ko:K04081	-
WP_001243437	O	Associates with aggregated proteins, together with IbpB, to stabilize and protect them from irreversible denaturation and extensive proteolysis during heat shock and oxidative stress. Aggregated proteins bound to the IbpAB complex are more efficiently refolded and reactivated by the ATP-dependent chaperone systems ClpB and DnaK DnaJ GrpE. Its activity is ATP- independent	ibpA	ko:K04080	-
WP_001245295	S	DcrB	dcrB	-	-
WP_001245699	G	alpha-amylase activity	amyA	ko:K01176	ko00500,ko01100,ko04973,map00500,map01100,map04973
WP_001246461	T	cyclic-guanylate-specific phosphodiesterase activity	ycgG	ko:K13244	-
WP_001247093	J	Phosphorolytic exoribonuclease that removes nucleotide residues following the -CCA terminus of tRNA and adds nucleotides to the ends of RNA molecules by using nucleoside diphosphates as substrates	rph	ko:K00989	-
WP_001250117	H	Catalyzes the ferrous insertion into protoporphyrin IX	hemH	ko:K01772	ko00860,ko01100,ko01110,map00860,map01100,map01110
WP_001250454	U	Type II secretion system (T2SS), protein J	gspJ	ko:K02459	ko03070,ko05111,map03070,map05111
WP_001250644	G	Fructose-1,6-bisphosphatase	glpX	ko:K02446	ko00010,ko00030,ko00051,ko00680,ko00710,ko01100,ko01110,ko01120,ko01130,ko01200,map00010,map00030,map00051,map00680,map00710,map01100,map01110,map01120,map01130,map01200
WP_001251315	P	ABC transporter permease	ydcU	ko:K02054	ko02024,map02024
WP_001251635	P	Fosmidomycin resistance protein	fsr	ko:K08223	-
WP_001251965	C	Produces ATP from ADP in the presence of a proton gradient across the membrane	atpC	ko:K02114	ko00190,ko00195,ko01100,map00190,map00195,map01100
WP_001251991	P	Phosphate transport system permease protein PstA	pstA	ko:K02038	ko02010,map02010
WP_001252058	P	probably responsible for the translocation of the substrate across the membrane	malG	ko:K10110	ko02010,map02010
WP_001252744	E	acetolactate synthase	ilvH	ko:K01653	ko00290,ko00650,ko00660,ko00770,ko01100,ko01110,ko01130,ko01210,ko01230,map00290,map00650,map00660,map00770,map01100,map01110,map01130,map01210,map01230
WP_001253418	S	response to acidic pH	yceO	-	-
WP_001253450	N	Plays a role in the flagellum-specific transport system	fliP	ko:K02419	ko02040,map02040
WP_001253707	T	Member of the two-component regulatory system EnvZ OmpR involved in the regulation of osmoregulation (genes ompF and ompC). EnvZ functions as a membrane-associated protein kinase that phosphorylates OmpR in response to environmental signals	envZ	ko:K07638	ko02020,ko02026,map02020,map02026
WP_001253910	OU	Peptidase family S49	-	ko:K21511	-
WP_001257002	F	Phosphorylation of dTMP to form dTDP in both de novo and salvage pathways of dTTP synthesis	tmk	ko:K00943	ko00240,ko01100,map00240,map01100
WP_001257044	S	Transglutaminase-like superfamily	ychA	-	-
WP_001257846	K	Regulates arginine biosynthesis genes	argR	ko:K03402	-
WP_001258828	M	amino disaccharide metabolic process	chiP	-	-
WP_001258949	L	Belongs to the N(4) N(6)-methyltransferase family	yhdJ	ko:K00571,ko:K07319	-
WP_001259255	D	Antitoxin component of a toxin-antitoxin (TA) module	yefM	ko:K19159	-
WP_001259590	N	Flagellar protein flhE	flhE	ko:K03516	-
WP_001259693	M	hydrolysis of phosphatidylcholine with phospholipase A2 (EC 3.1.1.4) and phospholipase A1 (EC 3.1.1.32) activities	pldA	ko:K01058	ko00564,ko00565,ko00590,ko00591,ko00592,ko01100,ko01110,map00564,map00565,map00590,map00591,map00592,map01100,map01110
WP_001259796	OU	signal peptide peptidase	sppA	ko:K04773	-
WP_001260323	F	Catalyzes the phosphorylation of the position 2 hydroxy group of 4-diphosphocytidyl-2C-methyl-D-erythritol	ispE	ko:K00919	ko00900,ko01100,ko01110,ko01130,map00900,map01100,map01110,map01130
WP_001260708	J	Catalyzes the attachment of proline to tRNA(Pro) in a two-step reaction proline is first activated by ATP to form Pro- AMP and then transferred to the acceptor end of tRNA(Pro). As ProRS can inadvertently accommodate and process non-cognate amino acids such as alanine and cysteine, to avoid such errors it has two additional distinct editing activities against alanine. One activity is designated as 'pretransfer' editing and involves the tRNA(Pro)-independent hydrolysis of activated Ala-AMP. The other activity is designated 'posttransfer' editing and involves deacylation of mischarged Ala-tRNA(Pro). The misacylated Cys- tRNA(Pro) is not edited by ProRS	proS	ko:K01881	ko00970,map00970
WP_001260850	E	Belongs to the peptidase S1B family	ydgD	ko:K04775	-
WP_001261002	M	Protein of unknown function (DUF3313)	ydcL	-	-
WP_001261214	G	Converts N-acetylmannosamine-6-phosphate (ManNAc-6-P) to N-acetylglucosamine-6-phosphate (GlcNAc-6-P)	nanE	ko:K01788	ko00520,map00520
WP_001261235	S	Membrane	yccF	-	-
WP_001261254	P	Belongs to the binding-protein-dependent transport system permease family. FecCD subfamily	-	ko:K02015	ko02010,map02010
WP_001262123	T	Required for resistance to DNA-damaging agents	uspE	ko:K14055	-
WP_001262182	K	Transcriptional regulator	kdgR	ko:K19333	-
WP_001262721	L	Excises uracil residues from the DNA which can arise as a result of misincorporation of dUMP residues by DNA polymerase or due to deamination of cytosine	ung	ko:K03648	ko03410,ko05340,map03410,map05340
WP_001263491	S	this blockage is overcome by subsequent expression of antitoxin YafN. Overexpression causes cleavage of a number of mRNAs in a ribosome-dependent fashion. YafO binding to the 50S ribosomal subunit in the translation complex induces mRNA cleavage 3' to the region protected by the ribosome	yafO	ko:K19160	-
WP_001264096	S	May be involved in the biogenesis of curli organelles	csgF	ko:K04338	-
WP_001264352	J	Required for the formation of a threonylcarbamoyl group on adenosine at position 37 (t(6)A37) in tRNAs that read codons beginning with adenine. Is involved in the transfer of the threonylcarbamoyl moiety of threonylcarbamoyl-AMP (TC-AMP) to the N6 group of A37, together with TsaE and TsaB. TsaD likely plays a direct catalytic role in this reaction	tsaD	ko:K01409	-
WP_001264698	E	homoserine dehydrogenase I	thrA	ko:K12524,ko:K12525	ko00260,ko00261,ko00270,ko00300,ko01100,ko01110,ko01120,ko01130,ko01230,map00260,map00261,map00270,map00300,map01100,map01110,map01120,map01130,map01230
WP_001264959	G	inducer it probably interacts with TorS and allows it to play a role in the induction of the torCAD operon for trimethylamine N-oxide reductase	torT	ko:K11930	-
WP_001265443	M	UDP-glucose 4-epimerase	galE	ko:K01784	ko00052,ko00520,ko01100,map00052,map00520,map01100
WP_001265481	K	Response regulators consisting of a CheY-like receiver domain and a winged-helix DNA-binding domain	phoP	ko:K07660	ko01503,ko02020,map01503,map02020
WP_001265627	S	-	-	-	-
WP_001266309	T	3',5'-cyclic diguanylic acid metabolic process	yhjK	-	-
WP_001266908	E	Oxidative deamination of D-amino acids	dadA	ko:K00285	ko00360,map00360
WP_001267176	CO	Thioredoxin-like	resA	-	-
WP_001267445	S	Suppressor of F exclusion of phage T7	fxsA	ko:K07113	-
WP_001267498	S	Putative neutral zinc metallopeptidase	ypfJ	ko:K07054	-
WP_001267924	L	Part of the beta sliding clamp loading complex, which hydrolyzes ATP to load the beta clamp onto primed DNA to form the DNA replication pre-initiation complex. DNA polymerase III is a complex, multichain enzyme responsible for most of the replicative synthesis in bacteria. This DNA polymerase also exhibits 3' to 5' exonuclease activity. The gamma complex (gamma(3),delta,delta') is thought to load beta dimers onto DNA by binding ATP which alters the complex's conformation so it can bind beta sliding clamp dimers and open them at one interface. Primed DNA is recognized, ATP is hydrolyzed releasing the gamma complex and closing the beta sliding clamp ring around the primed DNA	holB	ko:K02341	ko00230,ko00240,ko01100,ko03030,ko03430,ko03440,map00230,map00240,map01100,map03030,map03430,map03440
WP_001269196	S	Catalyzes the addition of a phosphoethanolamine (pEtN) moiety to the outer 3-deoxy-D-manno-octulosonic acid (Kdo) residue of a Kdo(2)-lipid A. Phosphatidylethanolamines with one unsaturated acyl group functions as pEtN donors and the reaction releases diacylglycerol	eptB	ko:K03760,ko:K12975,ko:K19353	ko00540,ko01503,map00540,map01503
WP_001269292	M	Part of the translocation and assembly module (TAM) autotransporter assembly complex, which functions in translocation of autotransporters across the outer membrane	ytfM	ko:K07278	-
WP_001269520	F	Catalyzes the phosphorylation of the 3'-hydroxyl group of dephosphocoenzyme A to form coenzyme A	coaE	ko:K00859	ko00770,ko01100,map00770,map01100
WP_001269673	M	Together with LptD, is involved in the assembly of lipopolysaccharide (LPS) at the surface of the outer membrane. Required for the proper assembly of LptD. Binds LPS and may serve as the LPS recognition site at the outer membrane	lptE	ko:K03643	-
WP_001270252	S	toxin catabolic process	yiiM	-	-
WP_001270286	K	Antitoxin component of a type II toxin-antitoxin (TA) system. Functions as an mRNA interferase antitoxin	hicB	ko:K18843	-
WP_001270526	S	Protein of unknown function (DUF1176)	ypfG	-	-
WP_001270810	P	Hemin uptake protein	hemP	-	-
WP_001271717	F	Catalyzes the ATP-dependent biosynthesis of glutamine from glutamate and ammonia	glnA	ko:K01915	ko00220,ko00250,ko00630,ko00910,ko01100,ko01120,ko01230,ko02020,ko04217,ko04724,ko04727,map00220,map00250,map00630,map00910,map01100,map01120,map01230,map02020,map04217,map04724,map04727
WP_001272558	M	autolysis	nlpD	ko:K06194,ko:K12943	-
WP_001272745	M	lipopolysaccharide glucosyltransferase II activity	rfaI	ko:K03275,ko:K03278	ko00540,ko01100,map00540,map01100
WP_001272796	I	Catalyzes the transfer of an acyl group from acyl-ACP to glycerol-3-phosphate (G3P) to form lysophosphatidic acid (LPA). This enzyme can also utilize acyl-CoA as fatty acyl donor, but not acyl-PO(4)	plsY	ko:K08591	ko00561,ko00564,ko01100,ko01110,map00561,map00564,map01100,map01110
WP_001272891	L	that it carries out the mismatch recognition step. This protein has a weak ATPase activity	mutS	ko:K03555	ko03430,map03430
WP_001273003	P	Part of the ABC transporter complex FliY-YecC-YecS involved in L-cystine transport. The system can probably also transport L-cysteine, and it mediates accumulation of the toxic compounds L-selenaproline (SCA) and L-selenocystine (SeCys). Probably responsible for energy coupling to the transport system	yecC	ko:K02028,ko:K02029,ko:K09972,ko:K10004,ko:K10010,ko:K10038	ko02010,ko02020,map02010,map02020
WP_001273136	U	efflux pump	acrD	ko:K18324	ko02020,map02020
WP_001273658	S	Stress-induced bacterial acidophilic repeat motif	ymdF	ko:K06884	-
WP_001273738	E	Catalyzes the dehydration of galactarate to form 5- dehydro-4-deoxy-D-glucarate	garD	ko:K01708	ko00053,map00053
WP_001274021	J	Binds directly to 16S ribosomal RNA	rpsT	ko:K02968	ko03010,map03010
WP_001274493	S	antiporter activity	yfcC	-	-
WP_001274680	G	Phosphoribulokinase	prkB	ko:K00855	ko00710,ko01100,ko01120,ko01200,map00710,map01100,map01120,map01200
WP_001274963	S	The phage shock protein (psp) operon (pspABCDE) may play a significant role in the competition for survival under nutrient- or energy-limited conditions. PspB is involved in transcription regulation	pspB	ko:K03970	-
WP_001275118	G	the binding-protein-dependent transport system	mglC	ko:K10541	ko02010,map02010
WP_001275702	U	Essential subunit of the Sec protein translocation channel SecYEG. Clamps together the 2 halves of SecY. May contact the channel plug during translocation	secE	ko:K03073	ko02024,ko03060,ko03070,map02024,map03060,map03070
WP_001276008	D	Activator of cell division through the inhibition of FtsZ GTPase activity, therefore promoting FtsZ assembly into bundles of protofilaments necessary for the formation of the division Z ring. It is recruited early at mid-cell but it is not essential for cell division	zapA	ko:K09888	-
WP_001276077	Q	Part of the multicomponent 3-phenylpropionate dioxygenase. Converts 3-phenylpropionic acid (PP) and cinnamic acid (CI) into 3-phenylpropionate-dihydrodiol (PP-dihydrodiol) and cinnamic acid-dihydrodiol (CI-dihydrodiol), respectively	hcaF	ko:K05709	ko00360,ko01120,ko01220,map00360,map01120,map01220
WP_001276175	S	Protein of unknown function (DUF2645)	yjeO	-	-
WP_001276418	E	AroM protein	aroM	ko:K14591	-
WP_001276664	G	Probably part of the binding-protein-dependent transport system YphDEF. Probably responsible for the translocation of the substrate across the membrane	yphD	ko:K02057	-
WP_001277142	Q	Thioesterase superfamily	yigI	-	-
WP_001277222	S	Belongs to the UPF0235 family	yggU	ko:K09131	-
WP_001277561	E	Belongs to the transferase hexapeptide repeat family	cysE	ko:K00640	ko00270,ko00920,ko01100,ko01110,ko01120,ko01200,ko01230,ko05111,map00270,map00920,map01100,map01110,map01120,map01200,map01230,map05111
WP_001277958	S	Pfam:DUF5405	-	-	-
WP_001278605	P	Magnesium and cobalt efflux protein CorC	corC	ko:K06189	-
WP_001278694	T	Phage conjugal plasmid C-4 type zinc finger protein, TraR family	-	-	-
WP_001278727	K	Transcriptional regulator	puuR	ko:K14056	-
WP_001278881	H	Required for both de novo synthesis of the corrin ring for the assimilation of exogenous corrinoids. Participates in the adenosylation of a variety of incomplete and complete corrinoids	btuR	ko:K19221	ko00860,ko01100,map00860,map01100
WP_001278994	G	Belongs to the aldolase class II family. AraD FucA subfamily	ygbL	ko:K22130	-
WP_001279763	P	potassium ion transport	yidE	ko:K07085	-
WP_001280339	J	Catalyzes the transfer of a dimethylallyl group onto the adenine at position 37 in tRNAs that read codons beginning with uridine, leading to the formation of N6-(dimethylallyl)adenosine (i(6)A)	miaA	ko:K00791	ko00908,ko01100,ko01110,map00908,map01100,map01110
WP_001280645	D	adenylyltransferase that mediates the addition of adenosine 5'-monophosphate (AMP) to specific residues of target proteins (By similarity). Involved in cell filamentation induced by cyclic AMP. May have some role in cell division	fic	ko:K04095	-
WP_001280776	O	Thioredoxin	trxA	ko:K03671	ko04621,ko05418,map04621,map05418
WP_001280852	EGP	Major facilitator superfamily	yieO	-	-
WP_001280945	K	helix-turn-helix	-	ko:K07726	-
WP_001281201	S	-	-	-	-
WP_001281251	L	A type II topoisomerase that negatively supercoils closed circular double-stranded (ds) DNA in an ATP-dependent manner to modulate DNA topology and maintain chromosomes in an underwound state. Negative supercoiling favors strand separation, and DNA replication, transcription, recombination and repair, all of which involve strand separation. Also able to catalyze the interconversion of other topological isomers of dsDNA rings, including catenanes and knotted rings. Type II topoisomerases break and join 2 DNA strands simultaneously in an ATP-dependent manner	gyrA	ko:K02469	-
WP_001281377	IQ	Belongs to the short-chain dehydrogenases reductases (SDR) family	hcaB	ko:K05711,ko:K14582	ko00360,ko00624,ko00626,ko01100,ko01120,ko01220,map00360,map00624,map00626,map01100,map01120,map01220
WP_001281890	L	Topoisomerase IV is essential for chromosome segregation. It relaxes supercoiled DNA. Performs the decatenation events required during the replication of a circular DNA molecule	parC	ko:K02621	-
WP_001282281	J	Trims short 3' overhangs of a variety of RNA species, leaving a one or two nucleotide 3' overhang. Responsible for the end-turnover of tRNA specifically removes the terminal AMP residue from uncharged tRNA (tRNA-C-C-A). Also appears to be involved in tRNA biosynthesis	rnt	ko:K03683	-
WP_001282319	H	Catalyzes the oxidation of either pyridoxine 5'- phosphate (PNP) or pyridoxamine 5'-phosphate (PMP) into pyridoxal 5'-phosphate (PLP)	pdxH	ko:K00275	ko00750,ko01100,ko01120,map00750,map01100,map01120
WP_001282361	J	Exhibits a very high intrinsic GTPase hydrolysis rate. Involved in the addition of a carboxymethylaminomethyl (cmnm) group at the wobble position (U34) of certain tRNAs, forming tRNA- cmnm(5)s(2)U34	mnmE	ko:K03650	-
WP_001282694	N	Flagellar assembly protein fliH	fliH	ko:K02411	ko02040,map02040
WP_001283153	S	ATP-binding sugar transporter from pro-phage	-	-	-
WP_001283590	J	Formation of pseudouridine at positions 38, 39 and 40 in the anticodon stem and loop of transfer RNAs	truA	ko:K06173	-
WP_001283727	G	Catalyzes the formation of the alpha-1,6-glucosidic linkages in glycogen by scission of a 1,4-alpha-linked oligosaccharide from growing alpha-1,4-glucan chains and the subsequent attachment of the oligosaccharide to the alpha-1,6 position	glgB	ko:K00700	ko00500,ko01100,ko01110,map00500,map01100,map01110
WP_001285288	F	Catalyzes the transfer of a phosphate group to glutamate to form L-glutamate 5-phosphate	proB	ko:K00931	ko00330,ko00332,ko01100,ko01130,ko01230,map00330,map00332,map01100,map01130,map01230
WP_001285352	S	Tail protein	-	-	-
WP_001285446	E	transmembrane transporter activity	ygjI	-	-
WP_001285585	S	CbeA_antitoxin, type IV, cytoskeleton bundling-enhancing factor A	yeeU	ko:K18838	-
WP_001285692	S	Efficiently catalyzes the hydrolysis of the 3'-phosphate from 3',5'-bis-phosphonucleotides as well as the successive hydrolysis of 5'-phosphomononucleotides from the 5'-end of short pieces of RNA and DNA, with no specificity toward the identity of the nucleotide base. Is more efficient at hydrolyzing RNA oligonucleotides than DNA oligonucleotides. This enzyme can also hydrolyze annealed DNA duplexes, albeit at a catalytic efficiency approximately 10-fold lower than that of the corresponding single- stranded oligonucleotides	trpH	ko:K07053	-
WP_001285769	P	transmembrane transport	hpaX	ko:K02511	-
WP_001286216	S	protein homotrimerization	yrdA	-	-
WP_001286869	J	amino acids such as valine, to avoid such errors it has two additional distinct tRNA(Ile)-dependent editing activities. One activity is designated as 'pretransfer' editing and involves the hydrolysis of activated Val-AMP. The other activity is designated 'posttransfer' editing and involves deacylation of mischarged Val-tRNA(Ile)	ileS	ko:K01870	ko00970,map00970
WP_001287164	J	glutaminyl-tRNA aminoacylation	glnS	ko:K01886	ko00970,ko01100,map00970,map01100
WP_001287378	K	A DNA-binding protein implicated in transcriptional repression and chromosome organization and compaction. Binds nucleation sites in AT-rich DNA and bridges them, forming higher- order nucleoprotein complexes and condensing the chromosome. As many horizontally transferred genes are AT-rich, it plays a central role in silencing foreign genes. A subset of genes are repressed by H-NS in association with other proteins (By similarity)	hns	ko:K03746,ko:K11685	-
WP_001287415	F	It is also able of sustaining the biosynthetic pathway of 3-deoxy-D-manno-octulosonate (KDO), a unique 8-carbon sugar component of lipopolysaccharides (LPSs)	gutQ	ko:K02467	-
WP_001287454	S	Membrane	yqaA	-	-
WP_001287516	K	Participates in transcription elongation, termination and antitermination. In the absence of Rho, increases the rate of transcription elongation by the RNA polymerase (RNAP), probably by partially suppressing pausing. In the presence of Rho, modulates most Rho-dependent termination events by interacting with the RNAP to render the complex more susceptible to the termination activity of Rho. May be required to overcome a kinetic limitation of Rho to function at certain terminators. Also involved in ribosomal RNA	nusG	ko:K02601	-
WP_001288122	C	nickel cation binding	hycE	ko:K12142,ko:K14090,ko:K15830	-
WP_001288368	S	Belongs to the UPF0509 family	yciZ	-	-
WP_001288546	EGP	Involved in the efflux of purine ribonucleosides, such as guanosine, adenosine and especially inosine. Involved in the resistance to 6-mercaptopurine	nepI	ko:K03445	-
WP_001288587	C	F(1)F(0) ATP synthase produces ATP from ADP in the presence of a proton or sodium gradient. F-type ATPases consist of two structural domains, F(1) containing the extramembraneous catalytic core and F(0) containing the membrane proton channel, linked together by a central stalk and a peripheral stalk. During catalysis, ATP synthesis in the catalytic domain of F(1) is coupled via a rotary mechanism of the central stalk subunits to proton translocation	atpH	ko:K02113	ko00190,ko00195,ko01100,map00190,map00195,map01100
WP_001288850	D	Involved in chromosome condensation, segregation and cell cycle progression. May participate in facilitating chromosome segregation by condensation DNA from both sides of a centrally located replisome during cell division. Not required for mini-F plasmid partitioning. Probably acts via its interaction with MukB and MukE. Overexpression results in anucleate cells. It has a calcium binding activity	mukF	ko:K03633	-
WP_001289165	E	Catalyzes the NADPH-dependent formation of L-aspartate- semialdehyde (L-ASA) by the reductive dephosphorylation of L- aspartyl-4-phosphate	usg	ko:K00133	ko00260,ko00261,ko00270,ko00300,ko01100,ko01110,ko01120,ko01130,ko01210,ko01230,map00260,map00261,map00270,map00300,map01100,map01110,map01120,map01130,map01210,map01230
WP_001290317	E	Belongs to the aspartokinase family	lysC	ko:K00928	ko00260,ko00261,ko00270,ko00300,ko01100,ko01110,ko01120,ko01130,ko01210,ko01230,map00260,map00261,map00270,map00300,map01100,map01110,map01120,map01130,map01210,map01230
WP_001290706	H	Component of the sulfite reductase complex that catalyzes the 6-electron reduction of sulfite to sulfide. This is one of several activities required for the biosynthesis of L- cysteine from sulfate	cysI	ko:K00381	ko00920,ko01100,ko01120,map00920,map01100,map01120
WP_001291217	J	Responsible for synthesis of pseudouridine from uracil- 2605 in 23S ribosomal RNA	rluB	ko:K06178	-
WP_001291435	K	Hha and Cnu (YdgT) increase the number of genes DNA bound by H-NS StpA and may also modulate the oligomerization of the H-NS StpA-complex. Binds DNA and influences DNA topology in response to environmental stimuli	hha	ko:K05839	-
WP_001291591	K	Functions in complex with FlhD as a master transcriptional regulator that regulates transcription of several flagellar and non-flagellar operons by binding to their promoter region. Activates expression of class 2 flagellar genes, including fliA, which is a flagellum-specific sigma factor that turns on the class 3 genes. Also regulates genes whose products function in a variety of physiological pathways	flhC	ko:K02402	ko02020,ko02024,ko02026,ko02040,map02020,map02024,map02026,map02040
WP_001291918	E	formate hydrogenlyase maturation	hycH	ko:K12145,ko:K15834	-
WP_001291990	F	Acts on guanine, xanthine and to a lesser extent hypoxanthine	gpt	ko:K00769	ko00230,ko01100,ko01110,map00230,map01100,map01110
WP_001292674	M	Transfers a phosphoglycerol residue from phosphatidylglycerol to the membrane-bound nascent glucan backbones	mdoB	ko:K01002	ko01100,map01100
WP_001292809	C	formate C-acetyltransferase activity	pflB	ko:K00656	ko00620,ko00640,ko00650,ko01100,ko01120,map00620,map00640,map00650,map01100,map01120
WP_001293009	E	Dipeptidase with broad substrate specificity. Requires dipeptide substrates with an unblocked N-terminus and the amino group in the alpha or beta position. Non-protein amino acids and proline are not accepted in the C-terminal position, whereas some dipeptide amides and formyl amino acids are hydrolyzed. Also shows cysteinylglycinase activity, which is sufficient for E.coli to utilize cysteinylglycine as a cysteine source	pepD	ko:K01270	ko00480,ko01100,map00480,map01100
WP_001293282	J	Specifically methylates the ribose of guanosine 2251 in 23S rRNA	rlmB	ko:K03218	-
WP_001293344	O	this subunit has chaperone activity. The binding of ATP and its subsequent hydrolysis by HslU are essential for unfolding of protein substrates subsequently hydrolyzed by HslV. HslU recognizes the N-terminal part of its protein substrates and unfolds these before they are guided to HslV for hydrolysis	hslU	ko:K03667	-
WP_001293612	E	AAA domain, putative AbiEii toxin, Type IV TA system	hisP	ko:K10017	ko02010,map02010
WP_001294556	S	Type IV secretion-system coupling protein DNA-binding domain	yjgR	ko:K06915	-
WP_001294600	P	Part of the binding-protein-dependent transport system for D-methionine and the toxic methionine analog alpha-methyl- methionine. Probably responsible for the translocation of the substrate across the membrane	metI	ko:K02072	ko02010,map02010
WP_001294687	J	Hydrolyzes RNA 2',3'-cyclic phosphodiester to an RNA 2'- phosphomonoester	ligT	ko:K01975	-
WP_001294781	L	DNA polymerase III is a complex, multichain enzyme responsible for most of the replicative synthesis in bacteria. This DNA polymerase also exhibits 3' to 5' exonuclease activity. The alpha chain is the DNA polymerase	dnaE	ko:K02337	ko00230,ko00240,ko01100,ko03030,ko03430,ko03440,map00230,map00240,map01100,map03030,map03430,map03440
WP_001295111	E	Part of the binding-protein-dependent transport system for branched-chain amino acids. Probably responsible for the translocation of the substrates across the membrane	livH	ko:K01997	ko02010,ko02024,map02010,map02024
WP_001295162	S	FUSC-like inner membrane protein yccS	yhfK	-	-
WP_001295168	S	GMP 5'-nucleotidase activity	yrfG	ko:K20881	ko00230,ko00240,ko00760,ko01100,ko01110,map00230,map00240,map00760,map01100,map01110
WP_001295173	E	4-amino butyrate transport carrier	gabP	ko:K11735	-
WP_001295174	S	ribosome binding	ygaM	-	-
WP_001295175	V	Multidrug resistance protein	emrA	ko:K03543,ko:K07797	ko02020,map02020
WP_001295176	U	Part of the tripartite efflux system EmrAB-TolC, which confers resistance to antibiotics	emrB	ko:K03446	-
WP_001295182	F	Nucleotidase with a broad substrate specificity as it can dephosphorylate various ribo- and deoxyribonucleoside 5'- monophosphates and ribonucleoside 3'-monophosphates with highest affinity to 3'-AMP. Also hydrolyzes polyphosphate (exopolyphosphatase activity) with the preference for short-chain- length substrates (P20-25). Might be involved in the regulation of dNTP and NTP pools, and in the turnover of 3'-mononucleotides produced by numerous intracellular RNases (T1, T2, and F) during the degradation of various RNAs	surE	ko:K03787	ko00230,ko00240,ko00760,ko01100,ko01110,map00230,map00240,map00760,map01100,map01110
WP_001295188	A	3'-to-5' exoribonuclease specific for small oligoribonucleotides	orn	ko:K13288	ko03008,map03008
WP_001295191	S	Probably catalyzes the hydrolysis of L-ascorbate-6-P into 3-keto-L-gulonate-6-P. Is essential for L-ascorbate utilization under anaerobic conditions	ulaG	ko:K03476	ko00053,ko01100,ko01120,map00053,map01100,map01120
WP_001295196	O	Has an important function as a repair enzyme for proteins that have been inactivated by oxidation. Catalyzes the reversible oxidation-reduction of methionine sulfoxide in proteins to methionine	msrA	ko:K07304	-
WP_001295207	S	Protein of unknown function (DUF1145)	yhhL	ko:K08993	-
WP_001295224	S	Toxin Ldr, type I toxin-antitoxin system	-	ko:K18862	-
WP_001295237	F	Essential for recycling GMP and indirectly, cGMP	gmk	ko:K00942	ko00230,ko01100,map00230,map01100
WP_001295238	F	Specific, proton motive force-dependent high-affinity transporter for xanthine	xanP	ko:K03458,ko:K16345,ko:K16346	-
WP_001295241	S	Protein of unknown function (DUF1198)	yicN	-	-
WP_001295247	E	Belongs to the beta-eliminating lyase family	tnaA	ko:K01667	ko00380,map00380
WP_001295255	S	-	rhoL	-	-
WP_001295260	U	Part of the twin-arginine translocation (Tat) system that transports large folded proteins containing a characteristic twin-arginine motif in their signal peptide across membranes. TatA could form the protein-conducting channel of the Tat system	tatA	ko:K03116	ko03060,ko03070,map03060,map03070
WP_001295263	S	Protein of unknown function (DUF1040)	yihD	ko:K09896	-
WP_001295266	S	A GTPase-activating protein (GAP) that modifies Der EngA GTPase function. May play a role in ribosome biogenesis	yihI	ko:K09894	-
WP_001295270	S	oxidoreductase activity	yhcB	ko:K09908	-
WP_001295271	M	DegQ could degrade transiently denatured and unfolded proteins which accumulate in the periplasm following stress conditions. DegQ is efficient with Val-Xaa and Ile-Xaa peptide bonds, suggesting a preference for a beta-branched side chain amino acids. Only unfolded proteins devoid of disulfide bonds appear capable to be cleaved, thereby preventing non-specific proteolysis of folded proteins. DegQ can substitute for the periplasmic protease DegP	degQ	ko:K04771,ko:K04772,ko:K08070	ko01503,ko02020,map01503,map02020
WP_001295275	S	Protein of unknown function (DUF2556)	yhdU	-	-
WP_001295289	K	Regulates the expression of a number of genes involved in biofilm formation and stress response. Target genes include six stress-response transcriptional regulators csgD, which is a master regulator of biofilm formation, appY, sxy, ycgF, fimB and rcdA itself. This indicates that a large number of genes must be regulated indirectly via these transcriptional regulators. Acts by binding to the upstream region of its target genes	ybjK	-	-
WP_001295296	M	Outer membrane protein X	ompX	ko:K11934	-
WP_001295305	F	Belongs to the phosphoglycerate mutase family. BPG- dependent PGAM subfamily	gpmA	ko:K01834	ko00010,ko00260,ko00680,ko01100,ko01110,ko01120,ko01130,ko01200,ko01230,ko04922,ko05230,map00010,map00260,map00680,map01100,map01110,map01120,map01130,map01200,map01230,map04922,map05230
WP_001295306	M	Thought to play a role in bacterial envelope integrity. Very strongly associated with the peptidoglycan	pal	ko:K03640	-
WP_001295307	U	Involved in the TonB-independent uptake of	tolB	ko:K03641	-
WP_001295318	F	Catalyzes the conversion of N5-carboxyaminoimidazole ribonucleotide (N5-CAIR) to 4-carboxy-5-aminoimidazole ribonucleotide (CAIR)	purE	ko:K01588	ko00230,ko01100,ko01110,ko01130,map00230,map01100,map01110,map01130
WP_001295322	O	protein disulfide oxidoreductase activity	ybbN	ko:K03671,ko:K05838	ko04621,ko05418,map04621,map05418
WP_001295323	S	Part of the ABC transporter complex FetAB, which is probably involved in iron export and enhances resistance to H(2)O(2)-mediated oxidative stress. Probably responsible for the translocation of the substrate across the membrane	ybbM	ko:K02069	-
WP_001295325	O	Required for cellular homeostasis and for survival from DNA damage and developmental changes induced by stress. Degrades polypeptides processively to yield small peptide fragments that are 5 to 10 amino acids long. Binds to DNA in a double-stranded, site-specific manner	lon	ko:K01338	ko04112,map04112
WP_001295328	M	Nucleoside-specific channel-forming protein Tsx	tsx	ko:K05517	-
WP_001295332	S	psiF repeat	psiF	-	-
WP_001295334	S	Protein of unknown function (DUF2754)	yaiZ	-	-
WP_001295337	H	Belongs to the ALAD family	hemB	ko:K01698	ko00860,ko01100,ko01110,ko01120,map00860,map01100,map01110,map01120
WP_001295343	M	Participates in the translocation of lipoproteins from the inner membrane to the outer membrane. Only forms a complex with a lipoprotein if the residue after the N-terminal Cys is not an aspartate (The Asp acts as a targeting signal to indicate that the lipoprotein should stay in the inner membrane)	lolA	ko:K03634	-
WP_001295353	D	Contributes to the efficiency of the cell division process by stabilizing the polymeric form of the cell division protein FtsZ. Acts by promoting interactions between FtsZ protofilaments and suppressing the GTPase activity of FtsZ	zapC	ko:K18657	-
WP_001295356	S	Involved in the degradation of certain denaturated proteins, including DnaA, during heat shock stress	hspQ	ko:K11940	-
WP_001295364	K	Sigma factors are initiation factors that promote the attachment of RNA polymerase (RNAP) to specific initiation sites and are then released. Extracytoplasmic function (ECF) sigma-E controls the envelope stress response, responding to periplasmic protein stress, increased levels of periplasmic lipopolysaccharide (LPS) as well as heat shock and oxidative stress	rpoE	ko:K03088	-
WP_001295373	E	Master enzyme that delivers sulfur to a number of partners involved in Fe-S cluster assembly, tRNA modification or cofactor biosynthesis. Catalyzes the removal of elemental sulfur and selenium atoms from cysteine and selenocysteine to produce alanine. Functions as a sulfur delivery protein for Fe-S cluster synthesis onto IscU, an Fe-S scaffold assembly protein, as well as other S acceptor proteins. Also functions as a selenium delivery protein in the pathway for the biosynthesis of selenophosphate	iscS	ko:K04487	ko00730,ko01100,ko04122,map00730,map01100,map04122
WP_001295378	S	Belongs to the UPF0149 family	ygfB	ko:K09895	-
WP_001295380	H	Catalyzes the biosynthesis of agmatine from arginine	speA	ko:K01585	ko00330,ko01100,map00330,map01100
WP_001295387	K	Transcriptional regulator	phnF	ko:K02043,ko:K03482	-
WP_001295394	M	Has low D-mannonate dehydratase activity (in vitro), suggesting that this is not a physiological substrate and that it has no significant role in D-mannonate degradation in vivo. Has no detectable activity with a panel of 70 other acid sugars (in vitro)	rspA	ko:K08323	ko00040,ko01100,map00040,map01100
WP_001295396	S	Protein of unknown function (DUF1161)	ynfD	-	-
WP_001295398	C	The transhydrogenation between NADH and NADP is coupled to respiration and ATP hydrolysis and functions as a proton pump across the membrane	pntA	ko:K00324	ko00760,ko01100,map00760,map01100
WP_001295400	J	to tRNA(Tyr) in a two-step reaction tyrosine is first activated by ATP to form Tyr- AMP and then transferred to the acceptor end of tRNA(Tyr)	tyrS	ko:K01866	ko00970,map00970
WP_001295403	F	Pyruvate kinase	pykF	ko:K00873	ko00010,ko00230,ko00620,ko01100,ko01110,ko01120,ko01130,ko01200,ko01230,ko04922,ko04930,ko05165,ko05203,ko05230,map00010,map00230,map00620,map01100,map01110,map01120,map01130,map01200,map01230,map04922,map04930,map05165,map05203,map05230
WP_001295408	S	SOS response	ydjM	ko:K07038	-
WP_001295410	S	Periplasmic or secreted lipoprotein	osmY	ko:K04065	-
WP_001295412	F	Catalyzes a reversible aldol reaction between acetaldehyde and D-glyceraldehyde 3-phosphate to generate 2-deoxy- D-ribose 5-phosphate	deoC	ko:K01619	ko00030,map00030
WP_001295424	F	CTP salvage	udk	ko:K00855,ko:K00876	ko00240,ko00710,ko00983,ko01100,ko01120,ko01200,map00240,map00710,map00983,map01100,map01120,map01200
WP_001295426	K	DeoR C terminal sensor domain	gatR	ko:K02081,ko:K02436	-
WP_001295429	S	Protein of unknown function (DUF1307)	yehR	-	-
WP_001295430	S	Protein of unknown function (DUF1456)	yehS	-	-
WP_001295431	T	Histidine kinase	yehU	ko:K02478	-
WP_001295435	S	Cupin 4 family protein	ycfD	ko:K18850	-
WP_001295443	S	(Lipo)protein	yceB	-	-
WP_001295447	U	Required for the export of heme to the periplasm for the biogenesis of c-type cytochromes	ccmC	ko:K02195	ko02010,map02010
WP_001295452	S	UPF0299 membrane protein	yohJ	ko:K06518	-
WP_001295461	E	Belongs to the cysteine synthase cystathionine beta- synthase family	cysM	ko:K12339	ko00270,ko00920,ko01100,ko01110,ko01120,ko01130,ko01200,ko01230,map00270,map00920,map01100,map01110,map01120,map01130,map01200,map01230
WP_001295467	F	phosphoribosylaminoimidazolesuccinocarboxamide synthase activity	purC	ko:K01923	ko00230,ko01100,ko01110,ko01130,map00230,map01100,map01110,map01130
WP_001295469	E	Catalyzes the condensation of (S)-aspartate-beta- semialdehyde (S)-ASA and pyruvate to 4-hydroxy- tetrahydrodipicolinate (HTPA)	dapA	ko:K01714	ko00261,ko00300,ko01100,ko01110,ko01120,ko01130,ko01230,map00261,map00300,map01100,map01110,map01120,map01130,map01230
WP_001295473	F	Catalyzes the conversion of uracil and 5-phospho-alpha- D-ribose 1-diphosphate (PRPP) to UMP and diphosphate	upp	ko:K00761	ko00240,ko01100,map00240,map01100
WP_001295474	F	Phosphoribosylformylglycinamidine cyclo-ligase	purM	ko:K01933	ko00230,ko01100,ko01110,ko01130,map00230,map01100,map01110,map01130
WP_001295476	M	Glycine zipper	yfgH	-	-
WP_001295478	S	bacterial-type flagellum-dependent swarming motility	yfgJ	-	-
WP_001295485	F	Synthesizes selenophosphate from selenide and ATP	selD	ko:K01008	ko00450,ko01100,map00450,map01100
WP_001295493	J	Endoribonuclease L-PSP	yoaB	-	-
WP_001295494	T	overexpression inhibits cell aggregation in strains able to produce adhesive curli fimbriae. Cyclic-di-GMP is a second messenger which controls cell surface-associated traits in bacteria	yoaD	ko:K21090	ko02026,map02026
WP_001295496	S	Protein of unknown function (DUF2627)	yobF	-	-
WP_001295499	S	Protein of unknown function (DUF1480)	yebV	-	-
WP_001295500	S	YebF-like protein	yebF	-	-
WP_001295514	E	also catalyzes the opposing reaction, i.e. the hydrolysis of glutathionylspermidine (Gsp) back to glutathione and spermidine. The amidase active site can also hydrolyze Gsp-disulfide (Gsp-S-S- Gsp) to Gsp-SG and Gsp S-thiolated proteins (GspSSPs) to GSH S- thiolated protein (GSSPs). Likely acts synergistically with glutaredoxin to regulate the redox environment of E.coli and defend against oxidative damage. In vitro, the amidase active site also catalyzes hydrolysis of amide and ester derivatives of glutathione (e.g. glutathione ethyl ester and glutathione amide) but lacks activity toward acetylspermidine (N1 and N8) and acetylspermine (N1)	gsp	ko:K01460	ko00480,ko01100,map00480,map01100
WP_001295525	S	GTPase activity	yjiA	-	-
WP_001295532	D	Peptidoglycan polymerase that is essential for cell division	ftsW	ko:K03588	ko04112,map04112
WP_001295536	P	thiamine ABC transporter	tbpA	ko:K02064	ko02010,map02010
WP_001295541	H	Catalyzes the conversion of 7,8-dihydroneopterin to 6- hydroxymethyl-7,8-dihydropterin	folB	ko:K01633	ko00790,ko01100,map00790,map01100
WP_001295547	G	pts system	agaV	ko:K02745,ko:K02794	ko00051,ko00052,ko00520,ko01100,ko02060,map00051,map00052,map00520,map01100,map02060
WP_001295548	G	PTS system mannose/fructose/sorbose family IID component	agaE	ko:K02747	ko00052,ko02060,map00052,map02060
WP_001295552	I	SCP-2 sterol transfer family	yhbT	-	-
WP_001295553	F	DEAD-box RNA helicase involved in various cellular processes at low temperature, including ribosome biogenesis, mRNA degradation and translation initiation	deaD	ko:K05592	ko03018,map03018
WP_001295556	U	Preprotein translocase band 1 subunit	secG	ko:K03075	ko02024,ko03060,ko03070,map02024,map03060,map03070
WP_001295557	M	Involved in the biosynthesis of 3-deoxy-D-manno- octulosonate (KDO), a unique 8-carbon sugar component of lipopolysaccharides (LPSs)	kdsD	ko:K06041	ko00540,ko01100,map00540,map01100
WP_001295562	I	Catalyzes the sequential condensation of isopentenyl diphosphate (IPP) with (2E,6E)-farnesyl diphosphate (E,E-FPP) to yield (2Z,6Z,10Z,14Z,18Z,22Z,26Z,30Z,34E,38E)-undecaprenyl diphosphate (di-trans,octa-cis-UPP). UPP is the precursor of glycosyl carrier lipid in the biosynthesis of bacterial cell wall polysaccharide components such as peptidoglycan and lipopolysaccharide	uppS	ko:K00806	ko00900,ko01110,map00900,map01110
WP_001295564	C	Probably involved in the insertion of Fe-S clusters into apoproteins in vivo including IspG and or IspH. Essential for growth under aerobic conditions and for anaerobic respiration but not for fermentation. In vitro it binds Fe-S clusters and transfers them to apo-IspG, which is involved in quinone biosynthesis among many other cell components. Experiments indicate that it is probably also involved in the insertion of other Fe-S clusters than IspG IspH	erpA	ko:K15724	-
WP_001295575	J	Belongs to the SUA5 family	yciO	-	-
WP_001295576	L	Releases the supercoiling and torsional tension of DNA, which is introduced during the DNA replication and transcription, by transiently cleaving and rejoining one strand of the DNA duplex. Introduces a single-strand break via transesterification at a target site in duplex DNA. The scissile phosphodiester is attacked by the catalytic tyrosine of the enzyme, resulting in the formation of a DNA-(5'-phosphotyrosyl)-enzyme intermediate and the expulsion of a 3'-OH DNA strand. The free DNA strand then undergoes passage around the unbroken strand, thus removing DNA supercoils. Finally, in the religation step, the DNA 3'-OH attacks the covalent intermediate to expel the active-site tyrosine and restore the DNA phosphodiester backbone	topA	ko:K03168	-
WP_001295580	J	cap-independent translational initiation of linear mRNA	yciH	ko:K03113	ko03013,map03013
WP_001295585	S	The phage shock protein (psp) operon (pspABCDE) may play a significant role in the competition for survival under nutrient- or energy-limited conditions	pspD	ko:K03971	-
WP_001295593	T	Universal stress protein family	-	ko:K14061	-
WP_001295597	S	Nucleoside recognition	yjiH	-	-
WP_001295616	M	Murein-degrading enzyme. May play a role in recycling of muropeptides during cell elongation and or cell division. Preferentially cleaves at a distance of more than two disaccharide units from the ends of the glycan chain	emtA	ko:K08308	-
WP_001295621	P	Catalyzes the cleavage of glutathione into 5-oxo-L- proline and a Cys-Gly dipeptide. Acts specifically on glutathione, but not on other gamma-glutamyl peptides	chaC	ko:K07232	-
WP_001295627	P	Mediates zinc uptake. May also transport other divalent cations	zupT	ko:K07238	-
WP_001295641	N	FliM is one of three proteins (FliG, FliN, FliM) that forms the rotor-mounted switch complex (C ring), located at the base of the basal body. This complex interacts with the CheY and CheZ chemotaxis proteins, in addition to contacting components of the motor that determine the direction of flagellar rotation	fliM	ko:K02416	ko02030,ko02040,map02030,map02040
WP_001295642	M	YedD-like protein	yedD	-	-
WP_001295643	ET	Ligated ion channel L-glutamate- and glycine-binding site	fliY	ko:K02424	ko02010,map02010
WP_001295646	G	Probably involved in the osmoprotection via the biosynthesis of trehalose. Catalyzes the transfer of glucose from UDP-glucose (UDP-Glc) to D-glucose 6-phosphate (Glc-6-P) to form trehalose-6-phosphate. Acts with retention of the anomeric configuration of the UDP-sugar donor	otsA	ko:K00697	ko00500,ko01100,map00500,map01100
WP_001295647	K	Functions in complex with FlhC as a master transcriptional regulator that regulates transcription of several flagellar and non-flagellar operons by binding to their promoter region. Activates expression of class 2 flagellar genes, including fliA, which is a flagellum-specific sigma factor that turns on the class 3 genes. Also regulates genes whose products function in a variety of physiological pathways	flhD	ko:K02403	ko02020,ko02024,ko02026,ko02040,map02020,map02024,map02026,map02040
WP_001295676	K	regulation of nucleic acid-templated transcription	yiiE	-	-
WP_001295681	S	Part of the ABC transporter complex LptBFG involved in the translocation of lipopolysaccharide (LPS) from the inner membrane to the outer membrane	lptG	ko:K11720	ko02010,map02010
WP_001295689	S	Family of unknown function	yjcB	-	-
WP_001295715	S	Domain of unknown function (DUF333)	ydbJ	-	-
WP_001295734	M	Outer membrane channel protein allowing the entry of N- acetylneuraminic acid (Neu5Ac, the most abundant sialic acid on host cell surfaces) into the bacteria	nanC	ko:K22110	-
WP_001295770	K	Negatively regulates its own expression and that of the subsequent genes in the proximal part of the division and cell wall (dcw) gene cluster. Acts by binding directly to DNA. May also regulate the expression of genes outside the dcw cluster	mraZ	ko:K03925	-
WP_001295817	K	Involved in oxidative stress resistance	iprA	-	-
WP_001295833	M	AcrA-AcrB-AcrZ-TolC is a drug efflux protein complex with broad substrate specificity that uses the proton motive force to export substrates. This subunit may act as an adapter protein that links AcrB and TolC stably together	acrA	ko:K03585,ko:K18141	ko01501,ko01503,map01501,map01503
WP_001295836	E	TesA is a multifunctional esterase that can act as a thioesterase, lysophospholipase and protease. TesA functions as a thioesterase specific for fatty acyl thioesters of greater than ten carbons, with highest activity on palmitoyl-CoA, cis-vaccenyl-CoA and palmitoleoyl-CoA. TesA also possesses an arylesterase activity towards short acyl-chain aromatic esters such as alpha-naphthyl acetate, alpha-naphthyl butyrate, benzyl acetate and phenyl acetate. Also able to hydrolyze short acyl-chain triacylglycerols such as triacetin and tributyrin, and p- nitrophenyl esters such as p-nitrophenyl hexanoate and p- nitrophenyl butyrate. The protease activity is mainly active on small peptides. TesA is also able to hydrolyze p-nitrophenyl esters of N- substituted amino acids such as N-benzyloxycarbonyl-L-Phe-p- nitrophenyl ester (Z-L-Phe-ONp) and N-benzyloxycarbonyl-L-Tyr-p- nitrophenyl ester (Z-L-Tyr-ONp), however it is unable to hydrolyze N-acetyl-L-Phe ethyl ester and its Tyr analog. TesA also hydrolyzes N- benzyloxycarbonyl-L-Phe beta-nitrophenyl ester (Cbz-Phe-ONap) and N-acetyl-DL-Phe-2-naphthyl ester (chymotrypsin-like specificity). Shows a slow proteolytic activity against denatured casein. The lysophospholipase activity of TesA is able to hydrolyze 1- palmitoyl-sn-glycero-3-phosphocholine, 1-acyl-sn-glycero-3- phosphoglycerol, 1- and 2-acyl-sn-glycero-3-phosphoethanolamine	tesA	ko:K10804	ko01040,map01040
WP_001295931	D	Involved in chromosome condensation, segregation and cell cycle progression. May participate in facilitating chromosome segregation by condensation DNA from both sides of a centrally located replisome during cell division. Probably acts via its interaction with MukB and MukF	mukE	ko:K03804	-
WP_001295932	S	Bacterial protein of unknown function (DUF882)	ycbK	-	-
WP_001295972	J	Catalyzes the 2-thiolation of uridine at the wobble position (U34) of tRNA(Lys), tRNA(Glu) and tRNA(Gln), leading to the formation of s(2)U34, the first step of tRNA-mnm(5)s(2)U34 synthesis. Sulfur is provided by IscS, via a sulfur-relay system. Binds ATP and its substrate tRNAs	mnmA	ko:K00566	ko04122,map04122
WP_001295992	S	YcgL domain	ycgL	ko:K09902	-
WP_001296096	S	-	-	-	-
WP_001296104	S	Domain of unknown function	ydiH	-	-
WP_001296134	P	Probably functions as a manganese efflux pump	mntP	-	-
WP_001296140	S	Protein of unknown function (DUF1482)	yebW	-	-
WP_001296216	F	Involved in GDP-mannose biosynthesis which serves as the activated sugar nucleotide precursor for mannose residues in cell surface polysaccharides. This enzyme participates in synthesis of the LPS	manB	ko:K01840	ko00051,ko00520,ko01100,ko01110,ko01130,map00051,map00520,map01100,map01110,map01130
WP_001296261	S	Protein of unknown function (DUF406)	yfcZ	-	-
WP_001296347	F	guanine catabolic process	guaD	ko:K01487	ko00230,ko01100,map00230,map01100
WP_001296424	S	Major determinant of cell surface composition. Negatively regulates motility, adhesion and synthesis of biofilm exopolysaccharides	glgS	-	-
WP_001296448	Q	Part of the ABC transporter complex MlaFEDB that actively prevents phospholipid accumulation at the cell surface. Probably maintains lipid asymmetry in the outer membrane by retrograde trafficking of phospholipids from the outer membrane to the inner membrane	mlaD	ko:K02067	ko02010,map02010
WP_001296497	J	Specifically methylates the adenine in position 2030 of 23S rRNA	rlmJ	ko:K07115	-
WP_001296581	H	lysine biosynthetic process via aminoadipic acid	yieE	-	-
WP_001296623	D	Non-essential, abundant cell division factor that is required for proper Z-ring formation. It is recruited early to the divisome by direct interaction with FtsZ, stimulating Z-ring assembly and thereby promoting cell division earlier in the cell cycle. Its recruitment to the Z-ring requires functional FtsA or ZipA	zapB	ko:K09892	-
WP_001296626	P	Bifunctional enzyme with both catalase and broad- spectrum peroxidase activity	katG	ko:K03782	ko00360,ko00380,ko00940,ko00983,ko01100,ko01110,map00360,map00380,map00940,map00983,map01100,map01110
WP_001296647	C	Plays a role in nitrite reduction	nrfB	ko:K04013	-
WP_001296681	L	Binds single-stranded DNA at the primosome assembly site (PAS). During primosome assembly it facilitates the complex formation between PriA and DnaT	priB	ko:K02686	ko03440,map03440
WP_001296693	F	operon leader peptide	pyrL	-	-
WP_001296725	P	PFAM C4-dicarboxylate transporter malic acid transport protein	tehA	ko:K03304	-
WP_001296726	K	Antitoxin component of a type II toxin-antitoxin (TA) system. Neutralizes the toxic effect of cognate toxin HipA. Also neutralizes the toxic effect of non- cognate toxin YjjJ. Binds to operator sites with the consensus sequence 5-'TATCCN(8)GGATA-3' to repress the hipBA operon promoter	hipB	ko:K15773	-
WP_001296746	E	Involved in the breakdown of putrescine via the biosynthesis of gamma-L-glutamylputrescine. It is able to use several diamines, spermidine and spermine. Absolutely essential to utilize putrescine as both nitrogen and carbon sources and to decrease the toxicity of putrescine, which can lead to inhibition of cell growth and protein synthesis	puuA	ko:K01915,ko:K09470	ko00220,ko00250,ko00330,ko00630,ko00910,ko01100,ko01120,ko01230,ko02020,ko04217,ko04724,ko04727,map00220,map00250,map00330,map00630,map00910,map01100,map01120,map01230,map02020,map04217,map04724,map04727
WP_001296758	NU	Fimbrial protein	-	ko:K07345	ko05133,map05133
WP_001296778	S	Protein of unknown function (DUF465)	ydcH	ko:K09794	-
WP_001296796	G	2-dehydro-3-deoxygluconokinase activity	kdgK	ko:K00874	ko00030,ko01100,ko01120,ko01200,map00030,map01100,map01120,map01200
WP_001296979	S	YigZ family	yigZ	ko:K00560	ko00240,ko00670,ko01100,ko01523,map00240,map00670,map01100,map01523
WP_001296991	K	Transcriptional regulator	ybiH	-	-
WP_001297064	P	radicals which are normally produced within the cells and which are toxic to biological systems	sodA	ko:K04564	ko04013,ko04068,ko04146,ko04211,ko04212,ko04213,ko05016,map04013,map04068,map04146,map04211,map04212,map04213,map05016
WP_001297068	K	protein acetylation	yiiD	-	-
WP_001297116	S	-	-	-	-
WP_001297320	M	Part of the outer membrane protein assembly complex, which is involved in assembly and insertion of beta-barrel proteins into the outer membrane	bamC	ko:K07287	-
WP_001297350	H	Joins adenosylcobinamide-GDP and alpha-ribazole to generate adenosylcobalamin (Ado-cobalamin). Also synthesizes adenosylcobalamin 5'-phosphate from adenosylcobinamide-GDP and alpha-ribazole 5'-phosphate	cobS	ko:K02233	ko00860,ko01100,map00860,map01100
WP_001297375	E	Belongs to the UPF0758 family. YicR subfamily	radC	ko:K03630	-
WP_001297406	S	Virulence promoting factor	yqgB	-	-
WP_001297409	F	Catalyzes the deamination of adenosine to inosine at the wobble position 34 of tRNA(Arg2)	tadA	ko:K11991	-
WP_001297479	S	Negative regulator of phage lambda lysogenization. Contributes to the degradation of the phage regulatory protein CII. Acts probably by holding CII on the membrane surface, away from the target promoters, but close to the FtsH protease	hflD	ko:K07153	-
WP_001297514	S	Regulatory subunit of a potassium efflux system that confers protection against electrophiles. Required for full activity of KefB	kefG	ko:K11748	-
WP_001297704	S	-	yedR	-	-
WP_001297957	S	amidase activity	bax	ko:K03796	-
WP_001298109	F	Involved in the biosynthesis of the central metabolite phospho-alpha-D-ribosyl-1-pyrophosphate (PRPP) via the transfer of pyrophosphoryl group from ATP to 1-hydroxyl of ribose-5-phosphate (Rib-5-P)	prs	ko:K00948	ko00030,ko00230,ko01100,ko01110,ko01120,ko01130,ko01200,ko01230,map00030,map00230,map01100,map01110,map01120,map01130,map01200,map01230
WP_001298300	J	Catalyzes the methylation of 5-carboxymethoxyuridine (cmo5U) to form 5-methoxycarbonylmethoxyuridine (mcmo5U) at position 34 in tRNAs	cmoM	ko:K06219	-
WP_001298330	J	Involved in mRNA degradation. Catalyzes the phosphorolysis of single-stranded polyribonucleotides processively in the 3'- to 5'-direction	pnp	ko:K00962	ko00230,ko00240,ko03018,map00230,map00240,map03018
WP_001298379	S	Membrane fusogenic activity	yqiC	ko:K09806	-
WP_001298490	S	lipid catabolic process	yjjU	-	-
WP_001298528	P	Destroys radicals which are normally produced within the cells and which are toxic to biological systems	sodC	ko:K04565	ko04146,ko04213,ko05014,ko05016,ko05020,map04146,map04213,map05014,map05016,map05020
WP_001298559	L	Pfam:Methyltransf_26	-	-	-
WP_001298565	S	non-specific DNA-binding protein which affects the production of multiple proteins	-	ko:K05839	-
WP_001298580	K	Member of the two-component regulatory system YpdA YpdB, which is part of a nutrient-sensing regulatory network composed of YpdA YpdB, the high-affinity pyruvate signaling system BtsS BtsR and their respective target proteins, YhjX and YjiY. YpdB regulates expression of yhjX by binding to its promoter region. Activation of the YpdA YpdB signaling cascade also promotes BtsS BtsR-mediated yjiY expression	ypdB	ko:K02477,ko:K07705	ko02020,map02020
WP_001298664	M	Outer membrane heme hemoglobin receptor	hxuC	ko:K16087	-
WP_001298676	S	Protein of unknown function (DUF1281)	-	-	-
WP_001298690	K	Transcriptional activator protein BglJ	bglJ	-	-
WP_001298717	M	Required for optimal acid stress protection, which is important for survival of enteric bacteria in the acidic environment of the host stomach. Exhibits a chaperone-like activity at acidic pH by preventing the aggregation of many different periplasmic proteins	hdeB	ko:K19778	-
WP_001298719	E	May play a specific role in the degradation of signal peptides after they are released from precursor forms of secreted proteins. Can cleave N-acetyl-L-Ala(4)	prlC	ko:K01414	-
WP_001298783	C	NDH-1 shuttles electrons from NADH, via FMN and iron- sulfur (Fe-S) centers, to quinones in the respiratory chain. The immediate electron acceptor for the enzyme in this species is believed to be ubiquinone. Couples the redox reaction to proton translocation (for every two electrons transferred, four hydrogen ions are translocated across the cytoplasmic membrane), and thus conserves the redox energy in a proton gradient	nuoG	ko:K00336	ko00190,ko01100,map00190,map01100
WP_001298868	J	Catalyzes the synthesis of 5,6-dihydrouridine (D), a modified base found in the D-loop of most tRNAs, via the reduction of the C5-C6 double bond in target uridines. Specifically modifies U20 and U20a in tRNAs	dusA	ko:K05539	-
WP_001298932	S	Esterase-like activity of phytase	yjiK	-	-
WP_001298983	K	Member of the two-component regulatory system GlrR GlrK that up-regulates transcription of the glmY sRNA when cells enter the stationary growth phase. Regulates glmY transcription by binding to three conserved sites in the purL-glmY intergenic region	yfhA	ko:K07715	ko02020,ko02024,map02020,map02024
WP_001299100	S	Probably plays a role in a hydrogenase nickel cofactor insertion step	hypA	ko:K04651	-
WP_001299106	E	Catalyzes the removal of elemental sulfur and selenium atoms from L-cysteine, L-cystine, L-selenocysteine, and L- selenocystine to produce L-alanine, and transiently retains the released sulfur atom on a cysteine residue, in the form of a persulfide. Can also desulfinate L-cysteine sulfinate, which is the best substrate of the enzyme. Functions as a selenium delivery protein in the pathway for the biosynthesis of selenophosphate. Seems to participate in Fe S biogenesis by recruiting the SufBCD- SufE proteins. Transfers sulfur to CsdE that increases the cysteine desulfurase activity of CsdA. Can also transfer sulfur directly to TcdA CsdL in vitro. Appears to support the function of TcdA in the generation of cyclic threonylcarbamoyladenosine at position 37 (ct(6)A37) in tRNAs that read codons beginning with adenine	csdA	ko:K01766,ko:K11717	ko00450,ko01100,map00450,map01100
WP_001299384	S	Bacteriophage lambda tail assembly chaperone, TAC, protein G	-	-	-
WP_001299507	F	Catalyzes the conversion of inosine 5'-phosphate (IMP) to xanthosine 5'-phosphate (XMP), the first committed and rate- limiting step in the de novo synthesis of guanine nucleotides, and therefore plays an important role in the regulation of cell growth	guaB	ko:K00088	ko00230,ko00983,ko01100,ko01110,map00230,map00983,map01100,map01110
WP_001299664	G	PTS system, trehalose-specific	treB	ko:K02818,ko:K02819	ko00500,ko02060,map00500,map02060
WP_001299679	H	Catalyzes the NADPH-dependent reduction of glutamyl- tRNA(Glu) to glutamate 1-semialdehyde (GSA)	hemA	ko:K02492	ko00860,ko01100,ko01110,ko01120,map00860,map01100,map01110,map01120
WP_001300356	V	Belongs to the membrane fusion protein (MFP) (TC 8.A.1) family	ydhJ	-	-
WP_001300397	J	Required for maturation of 30S ribosomal subunits	rimP	ko:K09748	-
WP_001300411	Q	Displays glyoxalase activity, catalyzing the conversion of glyoxal to glycolate	elbB	-	-
WP_001300421	S	ADP-binding subunit of the dihydroxyacetone kinase, which is responsible for the phosphoenolpyruvate (PEP)-dependent phosphorylation of dihydroxyacetone. DhaL-ADP is converted to DhaL-ATP via a phosphoryl group transfer from DhaM and transmits it to dihydroxyacetone binds to DhaK. DhaL acts also as coactivator of the transcription activator DhaR by binding to the sensor domain of DhaR. In the presence of dihydroxyacetone, DhaL- ADP displaces DhaK and stimulates DhaR activity. In the absence of dihydroxyacetone, DhaL-ADP is converted by the PTS to DhaL-ATP, which does not bind to DhaR	dhaL	ko:K05879	ko00561,ko01100,map00561,map01100
WP_001300526	K	acetyltransferase	yghO	-	-
WP_001300547	C	Belongs to the prokaryotic molybdopterin-containing oxidoreductase family	fdhF	ko:K00123,ko:K22015	ko00630,ko00680,ko01100,ko01120,ko01200,map00630,map00680,map01100,map01120,map01200
WP_001300609	L	ATP-binding protein, IstB SW ISTB_ECOLI (P15026) (265 aa) fasta scores E() 0, 47.4 id in 249 aa. Also almost identical to Yersinia pestis and Escherichia coli	-	-	-
WP_001300651	S	Protein of unknown function (DUF1481)	yjaH	-	-
WP_001300695	S	The phosphoenolpyruvate-dependent sugar phosphotransferase system (sugar PTS), a major carbohydrate active transport system, catalyzes the phosphorylation of incoming sugar substrates concomitantly with their translocation across the cell membrane. The enzyme II UlaABC PTS system is involved in ascorbate transport	ulaA	ko:K02822,ko:K03475	ko00053,ko01100,ko01120,ko02060,map00053,map01100,map01120,map02060
WP_001300728	S	cellular response to DNA damage stimulus	yaaY	-	-
WP_001300753	E	IlvB leader peptide	-	-	-
WP_001300811	K	This protein controls the expression of at least six genes that are involved in the transport and catabolism of L- arabinose. It regulates initiation of transcription of the araBAD operon and it also controls its own synthesis. The L-arabinose operon displays both positive and negative regulation through AraC	araC	ko:K02099	-
WP_001300829	S	regulation of nucleic acid-templated transcription	ybfE	-	-
WP_001300855	K	regulatory protein	nhaR	ko:K03717	-
WP_001300891	P	PhnA Zinc-Ribbon	phnA	ko:K06193	ko01120,map01120
WP_001300896	S	-	ymiA	-	-
WP_001301056	S	-	-	-	-
WP_001301088	K	Transcriptional	mprA	ko:K15974	-
WP_001301116	V	COG0534 Na -driven multidrug efflux pump	dinF	ko:K03327	-
WP_001301376	N	Flagellar hook-basal body complex protein FliE	fliE	ko:K02408	ko02040,map02040
WP_001301446	KT	Formate hydrogen-lyase transcriptional activator	fhlA	ko:K12146,ko:K15836	-
WP_001301905	M	penicillin-binding protein 1A	mrcA	ko:K05366	ko00550,ko01100,ko01501,map00550,map01100,map01501
WP_001301991	G	Part of the UhpABC signaling cascade that controls the expression of the hexose phosphate transporter UhpT. UhpC senses external glucose-6-phosphate and interacts with the histidine kinase UhpB, leading to the stimulation of the autokinase activity of UhpB	uhpC	ko:K07783	ko02020,map02020
WP_001302086	H	Pyridoxal kinase involved in the salvage pathway of pyridoxal 5'-phosphate (PLP). Catalyzes the phosphorylation of pyridoxal to PLP	pdxY	ko:K00868	ko00750,ko01100,map00750,map01100
WP_001302429	N	bacterial-type flagellum organization	fliO	ko:K02418	ko02040,map02040
WP_001302749	G	Belongs to the glycosyl hydrolase 8 (cellulase D) family	bcsZ	ko:K20542	-
WP_001302767	F	xanthine transmembrane transporter activity	ybbY	-	-
WP_001303155	H	Tetrapolymerization of the monopyrrole PBG into the hydroxymethylbilane pre-uroporphyrinogen in several discrete steps	hemC	ko:K01749	ko00860,ko01100,ko01110,ko01120,map00860,map01100,map01110,map01120
WP_001303517	S	-	-	-	-
WP_001303529	J	Exonuclease involved in the 3' processing of various precursor tRNAs. Initiates hydrolysis at the 3'-terminus of an RNA molecule and releases 5'-mononucleotides	rnd	ko:K03684	-
WP_001303579	S	-	yegR	-	-
WP_001303598	L	Catalyzes the hydrolysis of nucleoside triphosphates, with a preference for pyrimidine deoxynucleoside triphosphates (dUTP, dTTP and dCTP)	nudI	ko:K12944	-
WP_001303782	S	-	yjjY	-	-
WP_001303787	S	-	fruL	-	-
WP_001303809	S	metal cluster binding	ykgJ	ko:K06940	-
WP_001304269	V	ABC transporter transmembrane region	-	ko:K06147	-
WP_001304835	EGP	Sugar (and other) transporter	araJ	ko:K08156	-
WP_001304845	U	Uptake of antimicrobial peptides. Required for the transport of microcin B17 (MccB17), microcin 25 (Mcc25) and proline-rich antimicrobial peptides into the cell	sbmA	ko:K17938	-
WP_001304974	K	L-lactate dehydrogenase operon regulatory protein	lldR	ko:K14348	-
WP_001305156	K	Bacterial antitoxin of ParD toxin-antitoxin type II system and RHH	-	ko:K07746	-
WP_001305310	S	Protein of unknown function (DUF2684)	yqgD	-	-
WP_001305312	L	deoxyribonuclease I activity	endA	ko:K01150	-
WP_001305338	K	This protein is one of the repressors that regulate the expression of deoCABD genes, which encode nucleotide and deoxy ribonucleotide catabolizing enzymes. It also negatively regulates the expression of nupG (a transport protein) and tsx (a pore- forming protein). The inducer is deoxyribose-5-phosphate	deoR	ko:K11534	-
WP_001305433	K	Part of the ecpRABCDE operon, which encodes the E.coli common pilus (ECP). ECP is found in both commensal and pathogenic strains and plays a dual role in early-stage biofilm development and host cell recognition	matA	ko:K21963	-
WP_001305451	K	Hydrolyzes c-di-GMP (cyclic bis(3'-5') dimeric GMP) to 5'-pGpG, known as PDE-A activity. PDE-B activity, that is hydrolysis of 5'-pGpG to GMP, proceeds only very slowly	yahA	ko:K13244	-
WP_001305525	E	Involved in the anaerobic nitrogen utilization via the assimilation of allantoin. Catalyzes specifically the hydrolysis of allantoate to yield CO2, NH3 and S-ureidoglycine, which is unstable and readily undergoes a second deamination by S-ureidoglycine aminohydrolase AllE to yield S-ureidoglycolate and NH3. In vivo, the spontaneous release of S-ureidoglycolate and ammonia from S- ureidoglycine appears to be too slow to sustain an efficient flux of nitrogen	allC	ko:K02083	ko00230,ko01120,map00230,map01120
WP_001305557	T	Member of the two-component regulatory system DpiA DpiB, which is essential for expression of citrate-specific fermentation genes and genes involved in plasmid inheritance. Could be involved in response to both the presence of citrate and external redox conditions. Functions as a sensor kinase that phosphorylates DpiA in the presence of citrate	dpiB	ko:K07700	ko02020,map02020
WP_001305561	S	terminal fragment. The intact protein (AC A0A140NCB4) hydrolyzes deaminated glutathione (dGSH, 2-oxoglutaramate) to alpha- ketoglutarate (alpha-KG) and cysteinylglycine, has less activity against alpha-ketoglutaramate (a-KGM) and no activity on glutathione or L-glutamine (By similarity). May function as a metabolite repair enzyme (By similarity)	ybeM	ko:K11206	-
WP_001305652	G	Influences biofilm formation. Represses fimbria genes in 8 hours biofilms. May act in response to the combined activity of several toxin-antitoxin (TA) systems	tabA	ko:K19334	-
WP_001305708	EGP	Proton symporter that senses osmotic shifts and responds by importing osmolytes such as proline, glycine betaine, stachydrine, pipecolic acid, ectoine and taurine. It is both an osmosensor and an osmoregulator which is available to participate early in the bacterial osmoregulatory response	proP	ko:K03762	-
WP_001305718	C	Catalyzes the reduction of nitrite to ammonia, consuming six electrons in the process	nrfA	ko:K03385	ko00910,ko01120,ko05132,map00910,map01120,map05132
WP_001305725	M	extracellular polysaccharide metabolic process	yjbF	-	-
WP_001305886	N	Assembles around the rod to form the L-ring and probably protects the motor basal body from shearing forces during rotation	flgH	ko:K02393	ko02040,map02040
WP_001305889	S	Belongs to the UPF0176 family	yceA	ko:K07146	-
WP_001305893	I	COG1502 Phosphatidylserine phosphatidylglycerophosphate cardiolipi n synthases and related enzymes	clsC	ko:K06132	ko00564,ko01100,map00564,map01100
WP_001305914	F	Catalyzes the conversion of dihydroorotate to orotate with quinone as electron acceptor	pyrD	ko:K00254	ko00240,ko01100,map00240,map01100
WP_001305916	F	Catalyzes the synthesis of beta-nicotinate D- ribonucleotide from nicotinate and 5-phospho-D-ribose 1-phosphate at the expense of ATP	pncB	ko:K00763	ko00760,ko01100,map00760,map01100
WP_001305939	S	Catalyzes the dephosphorylation of 5-amino-6-(5-phospho- D-ribitylamino)uracil, and thus could be involved in the riboflavin biosynthesis pathway. Is also able to dephosphorylate flavin mononucleotide (FMN), erythrose 4-phosphate and other phosphoric acid esters	ybjI	ko:K07757,ko:K20861	ko00740,ko01100,ko01110,map00740,map01100,map01110
WP_001305965	M	Polysaccharide biosynthesis/export protein	kpsD	-	-
WP_001305988	P	Periplasmic binding protein	-	ko:K02016	ko02010,map02010
WP_001306002	P	Hexuronate transporter	exuT	ko:K07783,ko:K08191	ko02020,map02020
WP_001306004	S	Protein of unknown function (DUF1090)	yqjC	-	-
WP_001306007	S	-	yhaL	-	-
WP_001306012	I	Catalyzes the reduction of tatronate semialdehyde to D- glycerate	garR	ko:K00020,ko:K00042	ko00280,ko00630,ko01100,map00280,map00630,map01100
WP_001306030	S	4 iron, 4 sulfur cluster binding	yhcC	ko:K07139	-
WP_001306050	P	sulfuric ester hydrolase activity	ydeN	ko:K01138	-
WP_001306081	S	UPF0060 membrane protein	ynfA	ko:K09771	-
WP_001306093	J	Trans-acting protein required for termination of DNA replication. Binds to DNA replication terminator sequences (terA to terF) to prevent the passage of replication forks. The termination efficiency will be affected by the affinity of this protein for the terminator sequence	tus	ko:K10748	-
WP_001306099	S	Protein of unknown function (DUF2569)	ydgK	-	-
WP_001306144	S	-	ydjO	-	-
WP_001306169	T	diguanylate cyclase activity	yeaP	ko:K13069,ko:K21021	ko02025,map02025
WP_001306211	G	Glucose dehydrogenase	gcd	ko:K00117	ko00030,ko01100,ko01110,ko01130,map00030,map01100,map01110,map01130
WP_001306256	S	Protein of unknown function (DUF2919)	yfeZ	-	-
WP_001306469	M	Catalyzes the dephosphorylation of heptose(II) of the outer membrane lipopolysaccharide core	ais	-	-
WP_001306533	S	Protein of unknown function (DUF1318)	ydbL	ko:K09978	-
WP_001306544	K	Transcriptional regulator of aromatic amino acids metabolism	tyrR	ko:K03721	-
WP_001306606	G	D-xylose metabolic process	xylF	ko:K10543	ko02010,map02010
WP_001306625	S	-	yicS	-	-
WP_001306638	EG	Permeases of the drug metabolite transporter (DMT) superfamily	yijE	-	-
WP_001306726	EGP	Multidrug resistance protein D	emrD	ko:K07552,ko:K08154	-
WP_001306785	C	Catalyzes the reduction of soluble flavins by reduced pyridine nucleotides. Seems to reduce the complexed Fe(3 ) iron of siderophores to Fe(2 ), thus releasing it from the chelator	fre	ko:K00523,ko:K05368,ko:K20256	ko00520,ko00740,ko00860,ko01100,ko02024,map00520,map00740,map00860,map01100,map02024
WP_001306825	S	Putative zinc- or iron-chelating domain	ycgN	ko:K09160	-
WP_001306826	O	Toxin, which has some hemolytic activity towards mammalian cells. Acts by forming a pore-like structure upon contact with mammalian cells	hlyE	ko:K11139	-
WP_001306870	S	-	htrC	-	-
WP_001306921	S	response to hypochlorite	ykgB	ko:K21741	-
WP_001307333	J	Mediates the interaction of DNA replication inititator protein DnaA with DNA polymerase subunit beta sliding clamp (dnaN). Stimulates hydrolysis of ATP-DnaA to ADP-DnaA, rendering DnaA inactive for reinititation, a process called regulatory inhibition of DnaA or RIDA	hda	ko:K10763	-
WP_001307474	S	Could be involved in insertion of integral membrane proteins into the membrane	yidD	ko:K08998	-
WP_001307570	C	Involved in the catabolism of short chain fatty acids (SCFA) via the tricarboxylic acid (TCA)(acetyl degradation route) and the 2-methylcitrate cycle I (propionate degradation route). Catalyzes the reversible isomerization of citrate to isocitrate via cis-aconitate. Also catalyzes the hydration of 2-methyl-cis- aconitate to yield (2R,3S)-2-methylisocitrate. The apo form of AcnB functions as a RNA-binding regulatory protein. During oxidative stress inactive AcnB apo-enzyme without iron sulfur clusters binds the acnB mRNA 3' UTRs (untranslated regions), stabilizes acnB mRNA and increases AcnB synthesis, thus mediating a post-transcriptional positive autoregulatory switch. AcnB also decreases the stability of the sodA transcript	acnB	ko:K01682	ko00020,ko00630,ko00640,ko00720,ko01100,ko01110,ko01120,ko01130,ko01200,ko01210,ko01230,map00020,map00630,map00640,map00720,map01100,map01110,map01120,map01130,map01200,map01210,map01230
WP_001307957	O	Participates actively in the response to hyperosmotic and heat shock by preventing the aggregation of stress-denatured proteins, in association with DnaK and GrpE. It is the nucleotide exchange factor for DnaK and may function as a thermosensor. Unfolded proteins bind initially to DnaJ	grpE	ko:K03687	-
WP_001308304	EG	EamA-like transporter family	ytfF	-	-
WP_001308373	Q	methyltransferase activity	yafS	-	-
WP_001308374	L	DNA polymerase III is a complex, multichain enzyme responsible for most of the replicative synthesis in bacteria. The epsilon subunit contain the editing function and is a proofreading 3'-5' exonuclease	dnaQ	ko:K02342,ko:K14159	ko00230,ko00240,ko01100,ko03030,ko03430,ko03440,map00230,map00240,map01100,map03030,map03430,map03440
WP_001308392	O	Inhibitor of vertebrate lysozyme	ivy	-	-
WP_001308472	T	Belongs to the universal stress protein A family	uspG	ko:K11932	-
WP_001308624	E	putrescine transmembrane transporter activity	puuP	ko:K14052	-
WP_001308626	S	Involved in the breakdown of putrescine via hydrolysis of the gamma-glutamyl linkage of gamma-glutamyl-gamma- aminobutyrate	puuD	ko:K07010,ko:K09473	ko00330,ko01100,map00330,map01100
WP_001308680	S	DNA binding	ydiL	-	-
WP_001308712	L	Catalyzes the hydrolysis of dihydroneopterin triphosphate to dihydroneopterin monophosphate and pyrophosphate. Required for efficient folate biosynthesis. Can also hydrolyze nucleoside triphosphates with a preference for dATP	nudB	ko:K08310	ko00790,map00790
WP_001308766	K	Member of the two-component regulatory system BtsS BtsR, which is part of a nutrient-sensing regulatory network composed of BtsS BtsR, the low-affinity pyruvate signaling system YpdA YpdB and their respective target proteins, YjiY and YhjX. Responds to depletion of nutrients, specifically serine, and the concomitant presence of extracellular pyruvate. BtsR regulates expression of yjiY by binding to its promoter region. Activation of the BtsS BtsR signaling cascade also suppresses YpdA YpdB-mediated yhjX induction	yehT	ko:K02477,ko:K07705	ko02020,map02020
WP_001308827	T	cyclic-guanylate-specific phosphodiesterase activity	yfeA	-	-
WP_001308829	K	Positive regulator required for the expression of xapA and xapB. Binds to the inducer xanthosine	xapR	ko:K21757	-
WP_001308834	CQ	Ethanolamine utilization protein EutK	eutK	ko:K04025	-
WP_001308860	S	DTW	yfiP	ko:K05812	-
WP_001308990	P	amino-acid ABC transporter permease protein YhdY	yhdY	ko:K02029,ko:K09971,ko:K10002,ko:K10037	ko02010,ko02020,map02010,map02020
WP_001309018	EGP	MFS-type transporter	yhhS	-	-
WP_001309028	S	MgtC family	yhiD	ko:K07507	-
WP_001309076	K	transcriptional regulator	yidP	ko:K03482,ko:K03710,ko:K11922	-
WP_001309097	S	protein conserved in bacteria	yigP	ko:K03690	-
WP_001309117	K	fabB, involved in unsaturated fatty acid (UFA) biosynthesis. By controlling UFA production, FabR directly influences the physical properties of the membrane bilayer	fabR	ko:K22105	-
WP_001309139	S	Uncharacterised protein family	ytcA	-	-
WP_001309144	S	Catalyzes the addition of a phosphoethanolamine moiety to the lipid A. The phosphoethanolamine modification is required for resistance to polymyxin (By similarity)	eptA	ko:K03760,ko:K12975,ko:K19353	ko00540,ko01503,map00540,map01503
WP_001309245	S	-	-	-	-
WP_001309280	K	Bacterial transcription activator, effector binding domain	ykgA	-	-
WP_001309281	S	reductase	-	ko:K06221,ko:K17743	ko00040,ko01100,map00040,map01100
WP_001309304	S	Catalyzes the hydrolysis of 4-amino-2-methyl-5- hydroxymethylpyrimidine pyrophosphate (HMP-PP) to 4-amino-2- methyl-5-hydroxymethylpyrimidine phosphate (HMP-P)	cof	ko:K11938	-
WP_001309400	S	Putative antitoxin of bacterial toxin-antitoxin system	ymcE	-	-
WP_001309461	P	proton antiporter	chaA	ko:K07300	-
WP_001309467	S	-	yciY	-	-
WP_001309484	S	Hok/gef family	hokB	ko:K18920,ko:K18921	-
WP_001309490	E	amino acid transport	ansP	ko:K11738	-
WP_001309518	S	Protein of unknown function (DUF1327)	-	-	-
WP_001309532	C	4 iron, 4 sulfur cluster binding	ydhX	ko:K08353	ko00920,ko01120,map00920,map01120
WP_001309534	IQ	Catalyzes the esterification, concomitant with transport, of exogenous fatty acids into metabolically active CoA thioesters for subsequent degradation or incorporation into phospholipids. Is maximally active on C6 0, C8 0 and C12 0 fatty acids, while has a low activity on C14-C18 chain length fatty acids. Is involved in the anaerobic beta-oxidative degradation of fatty acids, which allows anaerobic growth of E.coli on fatty acids as a sole carbon and energy source in the presence of nitrate or fumarate as a terminal electron acceptor. Can functionally replace FadD under anaerobic conditions	fadK	ko:K04116,ko:K12507	ko00362,ko01120,map00362,map01120
WP_001309538	S	SNARE associated Golgi protein	ydjX	-	-
WP_001309561	G	Removes the phosphate from trehalose 6-phosphate to produce free trehalose	otsB	ko:K01087	ko00500,ko01100,map00500,map01100
WP_001309606	J	Specifically methylates the 50S ribosomal protein L3 on	prmB	ko:K07320	-
WP_001309757	M	cellular response to DNA damage stimulus	yghG	-	-
WP_001309763	Q	X-Pro dipeptidyl-peptidase (S15 family)	yghX	ko:K01061	ko00361,ko00364,ko00623,ko01100,ko01110,ko01120,ko01130,map00361,map00364,map00623,map01100,map01110,map01120,map01130
WP_001309778	G	Belongs to the glycerate kinase type-1 family	glxK	ko:K00865	ko00260,ko00561,ko00630,ko01100,ko01120,ko01130,map00260,map00561,map00630,map01100,map01120,map01130
WP_001309861	K	Involved in anaerobic NO protection	yidZ	-	-
WP_001309864	S	Functions as an ATPase. May play a role in metal insertion (metal-chelatase) or as a chaperone	ravA	ko:K03924	-
WP_001309878	M	Outer membrane channel protein that allows an efficient diffusion of low-molecular-weight solutes such as small sugars and tetraglycine. However, the specific substrate recognized by the OmpL channel is	ompL	ko:K22110	-
WP_001309881	K	Ribbon-helix-helix protein, copG family	yiiF	-	-
WP_001309886	G	L-rhamnose isomerase activity	rhaA	ko:K01813	ko00051,ko01120,map00051,map01120
WP_001309887	K	Activates expression of the rhaSR operon in response to L-rhamnose	rhaR	ko:K02854	-
WP_001310017	L	to Escherichia coli transposase for insertion sequence element IS21 IstA SW ISTA_ECOLI (P15025) (390 aa) fasta scores E() 3e-27, 33.1 id in 329 aa. Identical to the previously sequenced Yersinia pestis,Yersinia pseudotuberculosis and Escherichia coli pesticin plasmid insertion sequence transposase Y1055 TR P74993 (EMBL U59875) (340 aa) fasta scores E() 0, 100.0 id in 340 aa	-	-	-
WP_001311244	E	branched-chain amino acid biosynthetic process	ilvL	-	-
WP_001312078	E	The glycine cleavage system catalyzes the degradation of glycine. The H protein shuttles the methylamine group of glycine from the P protein to the T protein	gcvH	ko:K02437	ko00260,ko00630,ko01100,ko01110,ko01130,ko01200,map00260,map00630,map01100,map01110,map01130,map01200
WP_001312672	E	Orn/Lys/Arg decarboxylase, N-terminal domain	-	-	-
WP_001313729	F	Catalyzes the pyrimidine ring opening between N-3 and C- 4 by an unusual flavin hydroperoxide-catalyzed mechanism to yield ureidoacrylate peracid. It cleaves pyrmidine rings directly by adding oxygen atoms, making a toxic ureidoacrylate peracid product which can be spontaneously reduced to ureidoacrylate	rutA	ko:K09018	ko00240,ko01100,map00240,map01100
WP_001314258	M	Modulates the polysaccharide chain length of enterobacterial common antigen (ECA)	wzzE	ko:K05790	-
WP_001314642	S	Belongs to the UPF0225 family	ychJ	ko:K09858	-
WP_001314661	T	Part of a 2 protein system that seems to be dedicated to regulate transcription of csgD. The CsdG protein in turn regulates expression of adhesive curli fimbriae genes csgEFG, csgBAC ymaD and adrA (yaic). Activity of this protein is antagonized by the phosphodiesterase Gmr (YciR). In vitro has weak diguanylate cyclase activity. Cyclic-di-GMP is a second messenger which controls cell surface-associated traits in bacteria	ydaM	ko:K19707,ko:K21088	ko02026,map02026
WP_001314664	S	-	racC	-	-
WP_001314706	S	-	-	-	-
WP_001314746	G	PTS system, Lactose/Cellobiose specific IIA subunit	chbA	ko:K02759	ko00500,ko02060,map00500,map02060
WP_001314798	G	Belongs to the glucose-6-phosphate 1-epimerase family	yeaD	ko:K01792	ko00010,ko01100,ko01110,ko01120,ko01130,map00010,map01100,map01110,map01120,map01130
WP_001314829	G	Belongs to the binding-protein-dependent transport system permease family	araH	ko:K10440,ko:K10538	ko02010,map02010
WP_001314925	L	GDP-mannose pyrophosphatase NudK	nudK	ko:K08077,ko:K12945	-
WP_001314973	L	activity. During DNA replication, flap endonucleases cleave the 5'-overhanging flap structure that is generated by displacement synthesis when DNA polymerase encounters the 5'-end of a downstream Okazaki fragment	xni	ko:K01146	-
WP_001315007	S	Predicted permease YjgP/YjgQ family	lptG	ko:K11720	ko02010,map02010
WP_001315036	C	Catalyzes the reversible oxidation of malate to oxaloacetate	mdh	ko:K00024	ko00020,ko00270,ko00620,ko00630,ko00680,ko00710,ko00720,ko01100,ko01110,ko01120,ko01130,ko01200,map00020,map00270,map00620,map00630,map00680,map00710,map00720,map01100,map01110,map01120,map01130,map01200
WP_001315111	S	Catalyzes the dephosphorylation of alpha-D-glucose 1- phosphate (Glc1P) and, to a lesser extent, of other sugar phosphates. Has no activity with the beta form of Glc1P. In addition, YihX has significant phosphatase activity against pyridoxal phosphate (PLP) and low beta-phosphoglucomutase activity	yihX	ko:K07025,ko:K20866	ko00010,ko01120,map00010,map01120
WP_001315112	S	-	-	-	-
WP_001315138	G	probably responsible for the translocation of the substrate across the membrane	malF	ko:K10109	ko02010,map02010
WP_001315901	C	4Fe-4S binding domain	yiaI	ko:K05796	-
WP_001316225	EGP	Efflux pump driven by the proton motive force. Confers resistance to a broad spectrum of chemically unrelated drugs. Confers resistance to a diverse group of cationic or zwitterionic lipophilic compounds such as ethidium bromide, tetraphenylphosphonium, rhodamine, daunomycin, benzalkonium, rifampicin, tetracycline, puromycin, and to chemically unrelated, clinically important antibiotics such as chloramphenicol, erythromycin, and certain aminoglycosides and fluoroquinolones. Overexpression results in isopropyl-beta-D-thiogalactopyranoside (IPTG) exclusion and spectinomycin sensitivity. Transport of neutral substrates is electrogenic, whereas transport of cationic substrates is electroneutral. In addition to its role in multidrug resistance, confers extreme alkaline pH resistance, allowing the growth under conditions that are close to those used normally by alkaliphiles. This activity requires Na( ) or K(	cmr	ko:K08160	-
WP_001316740	S	Belongs to the xanthine uracil permease family. AzgA purine transporter (TC 2.A.1.40) subfamily	purP	ko:K06901	-
WP_001317028	L	Toxic component of a type I toxin-antitoxin (TA) system. Upon overexpression inhibits growth and reduces colony-forming units in both the presence and absence of the Rac prophage, cells become filamentous. Has deoxyribonuclease activity (probably endonucleolytic), does not digest RNA. Its toxic effects are neutralized by sRNA antitoxin RalA, which is encoded in trans on the opposite DNA strand. Has RAL-like activity	lar	ko:K19779	-
WP_001317493	L	ATP-binding protein, IstB SW ISTB_ECOLI (P15026) (265 aa) fasta scores E() 0, 47.4 id in 249 aa. Also almost identical to Yersinia pestis and Escherichia coli	-	-	-
WP_001317588	K	nucleic acid-templated transcription	ytfH	-	-
WP_001317975	D	Essential cell division protein that stabilizes the FtsZ protofilaments by cross-linking them and that serves as a cytoplasmic membrane anchor for the Z ring. Also required for the recruitment to the septal ring of	zipA	ko:K03528	-
WP_001319943	M	Belongs to the peptidase S11 family	pbpG	ko:K07262	-
WP_001322415	S	metal-dependent hydrolase of the TIM-barrel fold	-	ko:K07045,ko:K14333,ko:K22213	ko00362,ko00627,ko01120,map00362,map00627,map01120
WP_001322416	S	metal-dependent hydrolase of the TIM-barrel fold	-	ko:K07045,ko:K14333,ko:K22213	ko00362,ko00627,ko01120,map00362,map00627,map01120
WP_001322417	S	metal-dependent hydrolase of the TIM-barrel fold	-	ko:K07045,ko:K14333,ko:K22213	ko00362,ko00627,ko01120,map00362,map00627,map01120
WP_001322642	S	Adhesin biosynthesis transcription regulatory protein	-	-	-
WP_001322902	S	cellular response to DNA damage stimulus	yiaA	-	-
WP_001322965	T	negative regulation of cell motility	yeaJ	-	-
WP_001323326	M	Transglycosylase SLT domain	-	-	-
WP_001326322	P	protein domain, possibly involved in tellurite resistance	-	-	-
WP_001327567	L	Transposase	-	ko:K07483	-
WP_001327859	K	transcriptional regulator	yqhC	-	-
WP_001327954	V	ABC transporter transmembrane region	irtA	ko:K06147	-
WP_001327955	S	Involved in the regulation of ptsG expression by binding and inactivating Mlc	mtfA	ko:K09933	-
WP_001328123	K	transcriptional regulator	-	-	-
WP_001328276	S	Protein of unknown function (DUF2574)	yehE	-	-
WP_001328330	S	Uncharacterised protein family	yjbT	-	-
WP_001328405	S	Protein of unknown function (DUF1175)	yfaT	ko:K09934	-
WP_001328700	T	Sensor protein KdpD	kdpD	ko:K07646	ko02020,map02020
WP_001328782	M	Part of the yadCKLM-htrE-yadVN fimbrial operon. Could contribute to adhesion to various surfaces in specific environmental niches	yadV	ko:K15540	-
WP_001328842	P	transmembrane transporter activity	yebQ	ko:K08169	-
WP_001328865	EGP	Major Facilitator Superfamily	ydiN	-	-
WP_001328874	M	Lytic murein transglycosylase B	mltB	ko:K08305	-
WP_001332815	P	Iron permease FTR1 family	efeU_1	ko:K07243	-
WP_001333102	L	reverse transcriptase	-	-	-
WP_001338897	S	cytochrome complex assembly	ypjD	-	-
WP_001339231	S	-	-	-	-
WP_001339296	G	Belongs to the glycosyl hydrolase 1 family	bglA	ko:K01223,ko:K05350	ko00010,ko00460,ko00500,ko00940,ko01100,ko01110,map00010,map00460,map00500,map00940,map01100,map01110
WP_001339904	S	cellular response to DNA damage stimulus	yiaB	-	-
WP_001340933	S	succinate transport	yjjP	-	-
WP_001341133	K	transcriptional regulator	-	-	-
WP_001349988	C	Catalyzes the reduction of a wide range of aldehydes including aliphatic fatty aldehydes (C4-C16), into their corresponding alcohols. Has a strong preference for NADPH over NADH as the electron donor. Cannot use glyceraldehyde or a ketone as substrate. Is a relevant source of NADPH-dependent aldehyde reductase activity in E.coli. The in vivo functions of Ahr has yet to be determined	yjgB	ko:K12957	-
WP_001349989	K	Idn operon regulator. May repress gntKU and gntT genes when growing on L-idonate	idnR	ko:K06146	-
WP_001350438	E	This protein is a component of the leucine, isoleucine, valine, (threonine) transport system, which is one of the two periplasmic binding protein-dependent transport systems of the high-affinity transport of the branched-chain amino acids	livJ	ko:K01999	ko02010,ko02024,map02010,map02024
WP_001350692	E	Catalyzes the sequential NAD-dependent oxidations of L- histidinol to L-histidinaldehyde and then to L-histidine	hisD	ko:K00013	ko00340,ko01100,ko01110,ko01230,map00340,map01100,map01110,map01230
WP_001351184	G	phosphotransferase system, EIIB	ptsG_2	ko:K02790,ko:K02791,ko:K20117,ko:K20118	ko00010,ko00500,ko00520,ko02060,map00010,map00500,map00520,map02060
WP_001353857	K	transcriptional regulatory protein YedW	yedW	ko:K02483,ko:K07665	ko02020,map02020
WP_001355621	S	cellular response to DNA damage stimulus	ybjX	ko:K09824	-
WP_001357268	E	Ethanolamine utilization	eutJ	ko:K04024	-
WP_001361201	O	peptidase activity	yhbV	-	-
WP_001361266	S	-	-	-	-
WP_001361358	S	Protein of unknown function (DUF2501)	yjjA	-	-
WP_001361575	P	flavin adenine dinucleotide binding	yegH	-	-
WP_001361977	S	-	-	-	-
WP_001362115	S	Required for growth and or survival at acidic conditions	asr	-	-
WP_001362445	F	Catalyzes the ATP-dependent phosphorylation of N-acetyl- L-glutamate	argB	ko:K00930,ko:K22478	ko00220,ko01100,ko01110,ko01130,ko01210,ko01230,map00220,map01100,map01110,map01130,map01210,map01230
WP_001363023	C	oxidoreductase activity, acting on the CH-NH2 group of donors, NAD or NADP as acceptor	gltD	ko:K00266	ko00250,ko00910,ko01100,ko01110,ko01120,ko01130,ko01230,map00250,map00910,map01100,map01110,map01120,map01130,map01230
WP_001363024	F	Proton-dependent high-capacity transporter for uric acid. Shows also a low capacity for transport of xanthine at 37 degrees Celsius but not at 25 degrees Celsius	ygfU	ko:K03458	-
WP_001365093	F	permease	uraA	ko:K02824,ko:K09016	-
WP_001366226	MNOU	Flagellum-specific muramidase which hydrolyzes the peptidoglycan layer to assemble the rod structure in the periplasmic space	flgJ	ko:K02395	-
WP_001366446	T	May function as a c-di-GMP phosphodiesterase. Cyclic-di- GMP is a second messenger which controls cell surface-associated traits in bacteria (By similarity)	ylaB	-	-
WP_001366457	J	May be involved in recombination	rdgC	ko:K03554	-
WP_001366511	O	Alkyl hydroperoxide reductase	ahpF	ko:K03387	-
WP_001366517	F	Catalyzes the hydrolytic deamination of cytosine to uracil. Is involved in the pyrimidine salvage pathway, which allows the cell to utilize cytosine for pyrimidine nucleotide synthesis. Is also able to catalyze deamination of isoguanine, a mutagenic oxidation product of adenine in DNA, and of isocytosine. To a lesser extent, also catalyzes the conversion of 5- fluorocytosine (5FC) to 5-fluorouracil (5FU)	codA	ko:K01485	ko00240,ko00330,ko01100,map00240,map00330,map01100
WP_001366551	M	Murein-degrading enzyme. May play a role in recycling of muropeptides during cell elongation and or cell division	mltC	ko:K08306	-
WP_001366592	O	Metalloprotease that cleaves substrates preferentially between Phe-Phe residues. Plays a role in response to some stress conditions. Seems to regulate the expression of speB	yggG	ko:K07387	-
WP_001366598	E	putrescine biosynthetic process from ornithine	speC	ko:K01581	ko00330,ko00480,ko01100,ko01110,ko01130,map00330,map00480,map01100,map01110,map01130
WP_001366601	C	May be involved in the control of utilization of gamma- aminobutyric acid	csiD	ko:K15737	-
WP_001366602	L	A G-specific adenine glycosylase	mutY	ko:K03575	ko03410,map03410
WP_001366744	F	Catalyzes the conversion of pppGpp to ppGpp. Guanosine pentaphosphate (pppGpp) is a cytoplasmic signaling molecule which together with ppGpp controls the stringent response , an adaptive process that allows bacteria to respond to amino acid starvation, resulting in the coordinated regulation of numerous cellular activities	gppA	ko:K01524	ko00230,map00230
WP_001366774	F	Catalyzes the phosphorylation of heptose(I) of the outer membrane lipopolysaccharide core	rfaP	ko:K02848	ko00540,ko01100,map00540,map01100
WP_001366808	P	Involved in the active translocation of vitamin B12 (cyanocobalamin) across the outer membrane to the periplasmic space. It derives its energy for transport by interacting with the trans-periplasmic membrane protein TonB	btuB	ko:K16092	-
WP_001371603	I	Belongs to the CDP-alcohol phosphatidyltransferase class-I family	ynjF	ko:K17884	-
WP_001376735	K	Repressor involved in choline regulation of the bet genes	betI	ko:K02167	-
WP_001376860	S	Belongs to the peptidase M16 family	pqqL	ko:K07263	-
WP_001376892	M	thiosulfate sulfurtransferase activity	ynjE	ko:K21028	ko04122,map04122
WP_001376970	M	Catalyzes the conversion of UDP-4-keto-arabinose (UDP- Ara4O) to UDP-4-amino-4-deoxy-L-arabinose (UDP-L-Ara4N). The modified arabinose is attached to lipid A and is required for resistance to polymyxin and cationic antimicrobial peptides	arnB	ko:K07806	ko00520,ko01503,ko02020,map00520,map01503,map02020
WP_001377074	S	oxidoreductase activity	ygjR	ko:K22230	ko00562,ko01120,map00562,map01120
WP_001379071	S	-	-	-	-
WP_001389790	O	The SufBCD complex acts synergistically with SufE to stimulate the cysteine desulfurase activity of SufS. The SufBCD complex contributes to the assembly or repair of oxygen-labile iron-sulfur clusters under oxidative stress. May facilitate iron uptake from extracellular iron chelators under iron limitation	sufB	ko:K09014	-
WP_001389825	E	This protein is a component of the leucine-specific transport system, which is one of the two periplasmic binding protein-dependent transport systems of the high-affinity transport of the branched-chain amino acids in E.coli	livK	ko:K01999	ko02010,ko02024,map02010,map02024
WP_001389840	M	Involved in translocation of long-chain fatty acids across the outer membrane	fadL	ko:K06076	-
WP_001389849	S	Interacts with phosphorylated BasR protein to mediate transcriptional induction of BasR-activated genes to induce polymyxin resistance in some natural isolates	pmrD	ko:K19238	ko01503,map01503
WP_001389872	S	permease	-	ko:K07089	-
WP_001400742	O	the actual physiological substrates are not known. Also displays a modest GSH-dependent peroxidase activity toward several organic hydroperoxides, such as cumene hydroperoxide and linoleic acid 13(S)-hydroperoxide, but does not reduce H(2)O(2) or tert- butyl hydroperoxide at appreciable rates. Exhibits little or no GSH transferase activity with most typical electrophilic substrates, and has no detectable transferase activity toward 1- chloro-2,4-dinitrobenzene (CDNB) with glutathionylspermidine (GspSH) as the nucleophilic substrate	yghU	ko:K11209	-
WP_001405948	S	-	-	-	-
WP_001430611	S	Regulatory phage protein cox	cox	-	-
WP_001439114	E	Asparaginase	iaaA	ko:K01424,ko:K13051	ko00250,ko00460,ko01100,ko01110,map00250,map00460,map01100,map01110
WP_001439119	G	Inosine-uridine preferring nucleoside hydrolase	rihA	-	-
WP_001439293	L	to GP 6723233	-	-	-
WP_001439306	T	Protein of unknown function (DUF3987)	yfjI	-	-
WP_001439314	E	Belongs to the UPF0758 family	yeeS	ko:K03630	-
WP_001439327	NU	Involved in regulation of length and mediation of adhesion of type 1 fimbriae (but not necessary for the production of fimbriae). Involved in the integration of FimH in the fimbriae	fimF	ko:K07348	-
WP_001439331	T	Part of a nutrient-sensing regulatory network composed of the two-component regulatory systems BtsS BtsR and YpdA YpdB, and their respective target proteins, YjiY and YhjX	cstA	ko:K06200	-
WP_001441925	N	Assembles around the rod to form the L-ring and probably protects the motor basal body from shearing forces during rotation	flgI	ko:K02394	ko02040,map02040
WP_001443307	S	Domain of unknown function (DUF3950)	-	-	-
WP_001445370	S	-	-	-	-
WP_001445682	P	Belongs to the alkaline phosphatase family	phoA	ko:K01077	ko00730,ko00790,ko01100,ko02020,map00730,map00790,map01100,map02020
WP_001445719	L	catalyzes the formation of phosphodiester linkages between 5'-phosphoryl and 3'-hydroxyl groups in double-stranded DNA using NAD as a coenzyme and as the energy source for the reaction	ligB	ko:K01972	ko03030,ko03410,ko03420,ko03430,map03030,map03410,map03420,map03430
WP_001445779	M	COG0454 Histone acetyltransferase HPA2 and related acetyltransferases	yhhY	ko:K03825	-
WP_001445798	I	Catalyzes the reversible dehydration of L-carnitinyl-CoA to crotonobetainyl-CoA	caiD	ko:K08299	-
WP_001445800	F	Carbamoyl-phosphate synthetase glutamine chain	carA	ko:K01956	ko00240,ko00250,ko01100,map00240,map00250,map01100
WP_001445835	S	In vitro, opens the cyclic ring of dihydroxy- phenylalanine (DOPA) between carbons 4 and 5, thus producing an unstable seco-DOPA that rearranges nonenzymatically to betalamic acid. The physiological substrate is	ygiD	ko:K15777	ko00965,map00965
WP_001445862	H	Catalyzes the complicated ring closure reaction between the two acyclic compounds 1-deoxy-D-xylulose-5-phosphate (DXP) and 3-amino-2-oxopropyl phosphate (1-amino-acetone-3-phosphate or AAP) to form pyridoxine 5'-phosphate (PNP) and inorganic phosphate	pdxJ	ko:K03474	ko00750,ko01100,map00750,map01100
WP_001445912	M	Provides the (R)-glutamate required for cell wall biosynthesis	murI	ko:K01776	ko00471,ko01100,map00471,map01100
WP_001446648	S	Putative zinc- or iron-chelating domain	yeiW	ko:K06940	-
WP_001446784	Q	In vivo, quickly hydrolyzes the ureidoacrylate peracid to avoid toxicity, but can also hydrolyzes ureidoacrylate that is formed spontaneously from ureidoacrylate peracid. One of the products of hydrolysis, carbamate, hydrolyzes spontaneously, thereby releasing one of the pyrimidine rings nitrogen atoms as ammonia and one of its carbons as CO2	rutB	ko:K09020	ko00240,ko01100,map00240,map01100
WP_001467865	P	Involved in the biosynthesis of osmoregulated periplasmic glucans (OPGs)	mdoG	ko:K03670	-
WP_001469144	S	Bestrophin, RFP-TM, chloride channel	yneE	ko:K08994	-
WP_001469536	J	Specifically methylates the adenine in position 37 of tRNA(1)(Val) (anticodon cmo5UAC)	yfiC	ko:K15460	-
WP_001469928	S	-	-	-	-
WP_001490512	P	FecCD transport family	feuC	ko:K02015	ko02010,map02010
WP_001513042	S	permease	yieG	ko:K06901	-
WP_001513438	GM	ABC-2 type transporter	kpsM	ko:K09688	ko02010,map02010
WP_001514281	T	in the regulation of cellulose production	yedQ	ko:K21085	ko02026,map02026
WP_001516462	S	zinc ion binding	ydaE	-	-
WP_001520515	O	Modifies, by uridylylation and deuridylylation, the PII regulatory proteins (GlnB and homologs), in response to the nitrogen status of the cell that GlnD senses through the glutamine level. Under low glutamine levels, catalyzes the conversion of the PII proteins and UTP to PII-UMP and PPi, while under higher glutamine levels, GlnD hydrolyzes PII-UMP to PII and UMP (deuridylylation). Thus, controls uridylylation state and activity of the PII proteins, and plays an important role in the regulation of nitrogen	glnD	ko:K00990	ko02020,map02020
WP_001520521	M	A site-2 regulated intramembrane protease (S2P) that cleaves the peptide bond between 'Ala-108' and 'Cys-109' in the transmembrane region of RseA. Part of a regulated intramembrane proteolysis (RIP) cascade. Acts on DegS-cleaved RseA to release the cytoplasmic domain of RseA	rseP	ko:K11749	ko02024,ko04112,map02024,map04112
WP_001520610	C	oxidoreductase activity, acting on the aldehyde or oxo group of donors, iron-sulfur protein as acceptor	ydhV	ko:K03738	ko00030,ko01100,ko01120,ko01200,map00030,map01100,map01120,map01200
WP_001520628	U	Part of the ABC transporter complex BtuCDF involved in vitamin B12 import. Involved in the translocation of the substrate across the membrane	btuC	ko:K06073	ko02010,map02010
WP_001520632	G	kinase activity	yniA	-	-
WP_001520656	L	Releases the supercoiling and torsional tension of DNA, which is introduced during the DNA replication and transcription, by transiently cleaving and rejoining one strand of the DNA duplex. Introduces a single-strand break via transesterification at a target site in duplex DNA. The scissile phosphodiester is attacked by the catalytic tyrosine of the enzyme, resulting in the formation of a DNA-(5'-phosphotyrosyl)-enzyme intermediate and the expulsion of a 3'-OH DNA strand. The free DNA strand then undergoes passage around the unbroken strand, thus removing DNA supercoils. Finally, in the religation step, the DNA 3'-OH attacks the covalent intermediate to expel the active-site tyrosine and restore the DNA phosphodiester backbone	topB	ko:K03169	-
WP_001520665	G	phosphotransferase activity, alcohol group as acceptor	ydjH	ko:K00874	ko00030,ko01100,ko01120,ko01200,map00030,map01100,map01120,map01200
WP_001520673	S	methylglyoxal catabolic process	yeaE	-	-
WP_001520830	M	lysozyme activity	yegX	ko:K07273	-
WP_001520834	J	Is required not only for elongation of protein synthesis but also for the initiation of all mRNA translation through initiator tRNA(fMet) aminoacylation	metG	ko:K01874	ko00450,ko00970,map00450,map00970
WP_001520904	G	Catalyzes the deformylation of 4-deoxy-4-formamido-L- arabinose-phosphoundecaprenol to 4-amino-4-deoxy-L-arabinose- phosphoundecaprenol. The modified arabinose is attached to lipid A and is required for resistance to polymyxin and cationic antimicrobial peptides	arnD	ko:K13014	ko00520,ko01503,map00520,map01503
WP_001520905	I	Catalyzes the transfer of the L-Ara4N moiety of the glycolipid undecaprenyl phosphate-alpha-L-Ara4N to lipid A. The modified arabinose is attached to lipid A and is required for resistance to polymyxin and cationic antimicrobial peptides	arnT	ko:K07264	ko01503,map01503
WP_001520983	V	COG1680 Beta-lactamase class C and other penicillin binding proteins	yfeW	ko:K21469	ko00550,map00550
WP_001520986	K	Activates the transcription of the eut operon. Also positively regulates its own transcription. Probably binds ethanolamine and vitamin B12 as effectors (By similarity)	eutR	ko:K04033	-
WP_001521030	C	4Fe-4S binding domain	hyfA	ko:K12136	-
WP_001521057	S	SseB protein N-terminal domain	sseB	-	-
WP_001521077	C	Is involved in NO detoxification in an aerobic process, termed nitric oxide dioxygenase (NOD) reaction that utilizes O(2) and NAD(P)H to convert NO to nitrate, which protects the bacterium from various noxious nitrogen compounds. Therefore, plays a central role in the inducible response to nitrosative stress	hmp	ko:K05916	ko05132,map05132
WP_001521088	U	Cysteine O-acetylserine efflux protein	eamB	ko:K11249	-
WP_001521090	J	Belongs to the class IV-like SAM-binding methyltransferase superfamily. RNA methyltransferase TrmH family	yfiF	ko:K03214	-
WP_001521091	CJ	Acetylates RNase R in exponential phase cells. Also required for the glucose-dependent acetylation on multiple lysines of alpha, beta and beta' RNAP subunits. May acetylate Acs and inhibit its activity	yfiQ	ko:K09181	-
WP_001521160	EH	Reduction of activated sulfate into sulfite	cysH	ko:K00390	ko00920,ko01100,ko01120,map00920,map01100,map01120
WP_001521163	C	electron transfer flavoprotein-quinone oxidoreductase YgcN	ygcN	ko:K00313	-
WP_001521165	C	Electron transfer flavoprotein	ygcQ	-	-
WP_001521167	C	Electron transfer flavoprotein	ygcR	-	-
WP_001521191	S	-	-	-	-
WP_001521477	G	beta-maltose 4-alpha-glucanotransferase activity	malQ	ko:K00705	ko00500,ko01100,map00500,map01100
WP_001521479	A	Catalyzes the conversion of 3'-phosphate to a 2',3'- cyclic phosphodiester at the end of RNA. The mechanism of action of the enzyme occurs in 3 steps (A) adenylation of the enzyme by ATP	rtcA	ko:K01974	-
WP_001521512	P	Part of the ABC transporter complex NikABCDE involved in nickel import. Responsible for energy coupling to the transport system	nikE	ko:K10824	ko02010,map02010
WP_001521516	C	response to radiation	yibA	-	-
WP_001521540	P	Part of the ABC transporter complex HmuTUV involved in hemin import. Responsible for energy coupling to the transport system	hmuV	ko:K02013	ko02010,map02010
WP_001521545	E	Converts glutamate to gamma-aminobutyrate (GABA), consuming one intracellular proton in the reaction. The gad system helps to maintain a near-neutral intracellular pH when cells are exposed to extremely acidic conditions. The ability to survive transit through the acidic conditions of the stomach is essential for successful colonization of the mammalian host by commensal and pathogenic bacteria	gadA	ko:K01580	ko00250,ko00410,ko00430,ko00650,ko01100,ko01110,ko01120,ko02024,ko04727,ko04940,map00250,map00410,map00430,map00650,map01100,map01110,map01120,map02024,map04727,map04940
WP_001521561	S	Toxin Ldr, type I toxin-antitoxin system	-	ko:K18862	-
WP_001521562	E	amino acid transmembrane transport	yhjV	-	-
WP_001521595	C	Belongs to the aldehyde dehydrogenase family	aldB	ko:K00138	ko00010,ko00620,ko01100,ko01110,ko01120,map00010,map00620,map01100,map01110,map01120
WP_001521607	M	lipopolysaccharide	rfaC	ko:K02841	ko00540,ko01100,map00540,map01100
WP_001521608	M	heptosyltransferase	rfaQ	ko:K02849	ko00540,ko01100,map00540,map01100
WP_001521621	G	PTS IIA-like nitrogen-regulatory protein PtsN	fruA_2	ko:K02768	ko00051,ko01100,ko01120,ko02060,map00051,map01100,map01120,map02060
WP_001521777	S	Type VI secretion system effector, Hcp	yhhZ	ko:K06887	-
WP_001521800	F	Phosphorylates 6-deoxy-6-sulfo-D-fructose (SF) to 6- deoxy-6-sulfo-D-fructose 1-phosphate (SFP)	yihV	ko:K00846,ko:K18478	ko00051,ko01100,ko01120,map00051,map01100,map01120
WP_001521833	S	COG0790 FOG TPR repeat, SEL1 subfamily	yibG	-	-
WP_001521840	L	Transposase	-	-	-
WP_001521863	N	Type VI secretion system protein DotU	icmH	ko:K11892	ko03070,map03070
WP_001521865	S	Type VI secretion system, TssF	vasA	ko:K11896	-
WP_001521866	S	protein conserved in bacteria	-	ko:K11905	-
WP_001521910	L	reverse transcriptase	-	-	-
WP_001521920	S	Part of the ecpRABCDE operon, which encodes the E.coli common pilus (ECP). ECP is found in both commensal and pathogenic strains and plays a dual role in early-stage biofilm development and host cell recognition. Tip pilus adhesin, which is required for assembly of EcpA into fibers (By similarity)	yagW	ko:K21967	-
WP_001521922	M	Part of the ecpRABCDE operon, which encodes the E.coli common pilus (ECP). ECP is found in both commensal and pathogenic strains and plays a dual role in early-stage biofilm development and host cell recognition (By similarity)	ecpB	ko:K21965	-
WP_001521951	S	Catalyzes the reduction of a wide range of aldehydes into their corresponding alcohols. Has a strong preference for NADPH over NADH as the electron donor. Cannot use a ketone as substrate. Is a major source of NADPH-dependent aldehyde reductase activity in E.coli. The in vivo functions of YahK has yet to be determined	yahK	ko:K13979	-
WP_001522038	L	Primosomal replication protein N'	priC	ko:K04067	ko03440,map03440
WP_001522247	V	Could be involved in resistance to puromycin, acriflavine and tetraphenylarsonium chloride	mdtN	ko:K15549	-
WP_001522248	Q	dodecyl sulfate metabolic process	yjcS	-	-
WP_001522380	S	Protein of unknown function (DUF2686)	-	-	-
WP_001522402	M	Reutilizes the intact tripeptide L-alanyl-gamma-D- glutamyl-meso-diaminopimelate by linking it to UDP-N- acetylmuramate	mpl	ko:K02558	-
WP_001522517	P	esterase	fes	ko:K07214	-
WP_001522532	F	Catalyzes the formation of 2-(5''-triphosphoribosyl)-3'- dephosphocoenzyme-A, the precursor of the prosthetic group of the holo-acyl carrier protein (gamma chain) of citrate lyase, from ATP and dephospho-CoA	citG	ko:K05966,ko:K13927,ko:K13930	ko02020,map02020
WP_001522578	S	Protein of unknown function (DUF1722)	ybgA	-	-
WP_001522630	C	Belongs to the galactose-1-phosphate uridylyltransferase type 1 family	galT	ko:K00965	ko00052,ko00520,ko01100,ko04917,map00052,map00520,map01100,map04917
WP_001522634	P	Involved in the transport of molybdenum into the cell. Involved in photorepair. Could act on UV-induced DNA damage other than pyrimidine dimers	modF	ko:K02013,ko:K05776	ko02010,map02010
WP_001522657	S	-	-	-	-
WP_001522659	S	ParE toxin of type II toxin-antitoxin system, parDE	-	-	-
WP_001522815	S	myo-inositol hexakisphosphate dephosphorylation	appA	ko:K01085,ko:K01093	ko00010,ko00562,ko00740,ko01100,ko01120,map00010,map00562,map00740,map01100,map01120
WP_001522832	P	Belongs to the sodium solute symporter (SSF) (TC 2.A.21) family	putP	ko:K11928	-
WP_001522834	P	Involved in the recovery of exogenous heme iron. Extracts iron from heme while preserving the tetrapyrrol ring intact	ycdB	ko:K16301	-
WP_001522835	M	Catalyzes the N-deacetylation of poly-beta-1,6-N-acetyl- D-glucosamine (PGA), a biofilm adhesin polysaccharide. N- deacetylation promotes PGA export through the PgaA porin	pgaB	ko:K11931,ko:K21478	ko02026,map02026
WP_001522898	C	Isocitrate dehydrogenase	icd	ko:K00031	ko00020,ko00480,ko00720,ko01100,ko01110,ko01120,ko01130,ko01200,ko01210,ko01230,ko04146,map00020,map00480,map00720,map01100,map01110,map01120,map01130,map01200,map01210,map01230,map04146
WP_001522899	S	Protein of unknown function (DUF1398)	ycgX	-	-
WP_001522901	T	Binds to and releases the BluR repressor from its bound DNA target in a blue light-dependent (470 nm) fashion. A shift to low temperature also triggers a BluF-mediated relief of repression by BluR, suggesting BluF may serve as a thermometer. Blue light may act to increase the affinity of BluF for BluR, allowing it to be released from its operator. The protein has a reversible photocycle, and undergoes structural changes, probably in the EAL domain, in response to light	ycgF	ko:K21973	-
WP_001523120	OU	peptidase	sohB	ko:K04774	-
WP_001523197	O	Heat shock protein HslJ	hslJ	ko:K03668	-
WP_001523214	S	-	-	-	-
WP_001523243	S	DNA binding	yncE	-	-
WP_001523246	O	disulfide oxidoreductase activity	yncG	ko:K11208	-
WP_001523247	S	Phage late control gene D protein (GPD)	vgrG	ko:K11904	ko03070,map03070
WP_001523249	Q	dodecyl sulfate metabolic process	yjcS	-	-
WP_001523317	G	Glycosyl hydrolase family 1	celA	ko:K01223,ko:K05350	ko00010,ko00460,ko00500,ko00940,ko01100,ko01110,map00010,map00460,map00500,map00940,map01100,map01110
WP_001523867	GM	NmrA-like family	-	-	-
WP_001525140	H	Functions in two distinct reactions of the de novo folate biosynthetic pathway. Catalyzes the addition of a glutamate residue to dihydropteroate (7,8-dihydropteroate or H2Pte) to form dihydrofolate (7,8-dihydrofolate monoglutamate or H2Pte-Glu). Also catalyzes successive additions of L-glutamate to tetrahydrofolate or 10-formyltetrahydrofolate or 5,10-methylenetetrahydrofolate, leading to folylpolyglutamate derivatives	folC	ko:K11754	ko00790,ko01100,map00790,map01100
WP_001525592	S	Belongs to the UPF0267 family	yqfB	ko:K09900	-
WP_001527276	F	which catalyzes the reversible aldol condensation of dihydroxyacetone phosphate (DHAP or glycerone-phosphate) with glyceraldehyde 3-phosphate (G3P) to produce tagatose 1,6- bisphosphate (TBP). Requires	gatY	ko:K08302	ko00052,ko01100,map00052,map01100
WP_001527679	P	phosphate transporter	pitA	ko:K03306,ko:K16322	-
WP_001544590	T	Diguanylate phosphodiesterase	ydiV	-	-
WP_001544800	CP	cellular response to DNA damage stimulus	hyfF	ko:K12141	-
WP_001545011	G	Catalyzes the isomerization of L-xylulose-5-phosphate to L-ribulose-5-phosphate (Potential). May be involved in the utilization of 2,3-diketo-L-gulonate	sgbU	ko:K03079	ko00040,ko00053,ko01100,ko01120,map00040,map00053,map01100,map01120
WP_001545012	G	L-ribulose-5-phosphate 4-epimerase	sgbE	ko:K03077	ko00040,ko00053,ko01100,ko01120,map00040,map00053,map01100,map01120
WP_001545221	S	protein homooligomerization	-	-	-
WP_001550341	H	molybdopterin-guanine dinucleotide biosynthesis protein	mobB	ko:K03753,ko:K13818	ko00790,ko01100,map00790,map01100
WP_001550342	S	identical protein binding	ydgA	-	-
WP_001550343	I	transferase activity, transferring acyl groups	yihG	-	-
WP_001550344	H	Belongs to the anaerobic coproporphyrinogen-III oxidase family	hemN	ko:K02495	ko00860,ko01100,ko01110,map00860,map01100,map01110
WP_001550345	K	HTH-type transcriptional regulator YihL	yihL	ko:K03710	-
WP_001550347	G	transporter	yihO	ko:K03292	-
WP_001550348	G	Belongs to the glycosyl hydrolase 31 family	yihQ	ko:K15922	-
WP_001550349	G	Catalyzes the isomerization of sulfoquinovose (SQ) to 6- deoxy-6-sulfo-D-fructose (SF)	yihS	ko:K18479	-
WP_001550350	G	Cleaves 6-deoxy-6-sulfo-D-fructose 1-phosphate (SFP) to form dihydroxyacetone phosphate (DHAP) and 3-sulfolactaldehyde (SLA)	yihT	ko:K01635,ko:K01671	ko00052,ko01100,ko02024,map00052,map01100,map02024
WP_001550351	S	UPF0761 membrane protein YihY	rbn	ko:K07058	-
WP_001550353	I	alpha/beta hydrolase fold	aes	ko:K01066	-
WP_001550358	GKT	Frv operon regulatory protein	frvR	ko:K18531	-
WP_001550359	G	Has a broad aminopeptidase activity on non-blocked peptides by progressively cleaving amino acids off the peptide substrate. Aminopeptidase activity stops at the residue before the first proline in the peptide. Cannot cleave when proline is the first N-terminal residue	frvX	ko:K18530,ko:K20609	-
WP_001550360	G	The phosphoenolpyruvate-dependent sugar phosphotransferase system (sugar PTS), a major carbohydrate active transport system, catalyzes the phosphorylation of incoming sugar substrates concomitantly with their translocation across the cell membrane. The enzyme II FrvAB PTS system is involved in fructose transport	frvB	ko:K11202,ko:K11203	-
WP_001550361	G	The phosphoenolpyruvate-dependent sugar phosphotransferase system (sugar PTS), a major carbohydrate active transport system, catalyzes the phosphorylation of incoming sugar substrates concomitantly with their translocation across the cell membrane. The enzyme II FrvAB PTS system is involved in fructose transport	frvA	ko:K02768,ko:K02769,ko:K02770,ko:K11201	ko00051,ko01100,ko01120,ko02060,map00051,map01100,map01120,map02060
WP_001550368	L	Involved in the restart of stalled replication forks. Recognizes and binds the arrested nascent DNA chain at stalled replication forks. It can open the DNA duplex, via its helicase activity, and promote assembly of the primosome and loading of the major replicative helicase DnaB onto DNA	priA	ko:K04066	ko03440,map03440
WP_001550378	S	Permuted papain-like amidase enzyme, YaeF/YiiX, C92 family	yiiX	-	-
WP_001550384	G	Catalyzes the reversible formation of fructose 6- phosphate from dihydroxyacetone and D-glyceraldehyde 3-phosphate via an aldolization reaction	fsaB	ko:K08313,ko:K08314	-
WP_001550385	C	Glycine radical enzyme that catalyzes the cleavage of a C-N bond in choline, producing trimethylamine (TMA) and acetaldehyde	pflD	ko:K00656	ko00620,ko00640,ko00650,ko01100,ko01120,map00620,map00640,map00650,map01100,map01120
WP_001550386	O	Activation of pyruvate formate-lyase 2 under anaerobic conditions by generation of an organic free radical, using S- adenosylmethionine and reduced flavodoxin as cosubstrates to produce 5'-deoxy-adenosine	pflC	ko:K04069	-
WP_001550389	E	Displays a broad specificity and can also deacylate substrates such as acetylarginine, acetylhistidine or acetylglutamate semialdehyde	argE	ko:K01438	ko00220,ko01100,ko01110,ko01130,ko01210,ko01230,map00220,map01100,map01110,map01130,map01210,map01230
WP_001550390	E	argininosuccinate lyase	argH	ko:K01755,ko:K14681	ko00220,ko00250,ko01100,ko01110,ko01130,ko01210,ko01230,map00220,map00250,map01100,map01110,map01130,map01210,map01230
WP_001550392	G	Class II Aldolase and Adducin N-terminal domain	araD	ko:K03077	ko00040,ko00053,ko01100,ko01120,map00040,map00053,map01100,map01120
WP_001550393	K	DeoR C terminal sensor domain	fucR	ko:K02430	-
WP_001550394	G	Periplasmic binding protein domain	lsrB_1	ko:K02058	-
WP_001550395	G	ATPases associated with a variety of cellular activities	araG_1	ko:K02056	-
WP_001550396	U	Branched-chain amino acid transport system / permease component	-	ko:K02057	-
WP_001550397	U	Branched-chain amino acid transport system / permease component	alsC_1	ko:K02057,ko:K10440	ko02010,map02010
WP_001550398	G	Xylose isomerase-like TIM barrel	sgbU	ko:K03079	ko00040,ko00053,ko01100,ko01120,map00040,map00053,map01100,map01120
WP_001550399	G	FGGY family of carbohydrate kinases, N-terminal domain	lyx	ko:K00880	ko00040,ko00053,map00040,map00053
WP_001550400	M	Belongs to the mandelate racemase muconate lactonizing enzyme family	-	ko:K08323	ko00040,ko01100,map00040,map01100
WP_001550401	P	Probably responsible for the transport of L-galactonate from the periplasm across the inner membrane. Is essential for growth on L-galactonate as the sole carbon source	yjjL	-	-
WP_001550402	J	Dual-specificity methyltransferase that catalyzes the formation of 5-methyluridine at position 54 (m5U54) in all tRNAs, and that of position 341 (m5U341) in tmRNA (transfer-mRNA)	trmA	ko:K00557	-
WP_001550403	M	Cell wall formation	murB	ko:K00075	ko00520,ko00550,ko01100,map00520,map00550,map01100
WP_001550405	H	Catalyzes the synthesis of the hydroxymethylpyrimidine phosphate (HMP-P) moiety of thiamine from aminoimidazole ribotide (AIR) in a radical S-adenosyl-L-methionine (SAM)-dependent reaction	thiC	ko:K03147	ko00730,ko01100,map00730,map01100
WP_001550407	K	Binds RpoD and negatively regulates RpoD-mediated transcription activation by preventing the interaction between the primary sigma factor RpoD with the catalytic core of the RNA polymerase and with promoter DNA. May be involved in replacement of the RNA polymerase sigma subunit from RpoD to RpoS during the transition from exponential growth to the stationary phase	rsd	ko:K07740	-
WP_001550415	S	Corresponds to locus_tag	-	ko:K06867	-
WP_001550416	G	iic component	sorA	ko:K02746,ko:K02795,ko:K02814	ko00051,ko00052,ko00520,ko01100,ko02060,map00051,map00052,map00520,map01100,map02060
WP_001550417	G	IIa component	sorF	ko:K02812	ko00051,ko02060,map00051,map02060
WP_001550418	K	transcriptional regulator	sorC	-	-
WP_001550420	NU	Capsule biosynthesis GfcC	-	-	-
WP_001550422	M	extracellular polysaccharide metabolic process	yjbH	-	-
WP_001550423	S	protein homooligomerization	yjbI	-	-
WP_001550424	H	Removes the pyruvyl group from chorismate, with concomitant aromatization of the ring, to provide 4- hydroxybenzoate (4HB) for the ubiquinone pathway	ubiC	ko:K03181	ko00130,ko01100,ko01110,map00130,map01100,map01110
WP_001550427	E	Catalyzes the interconversion of L-alanine and D- alanine. May also act on other amino acids	alr	ko:K01775	ko00473,ko01100,ko01502,map00473,map01100,map01502
WP_001550432	S	Pentapeptide repeats (9 copies)	yjcF	-	-
WP_001550433	F	Catalyzes the conversion of acetate into acetyl-CoA (AcCoA), an essential intermediate at the junction of anabolic and catabolic pathways. Acs undergoes a two-step reaction. In the first half reaction, Acs combines acetate with ATP to form acetyl- adenylate (AcAMP) intermediate. In the second half reaction, it can then transfer the acetyl group from AcAMP to the sulfhydryl group of CoA, forming the product AcCoA	acsA	ko:K01895	ko00010,ko00620,ko00640,ko00680,ko00720,ko01100,ko01110,ko01120,ko01130,ko01200,map00010,map00620,map00640,map00680,map00720,map01100,map01110,map01120,map01130,map01200
WP_001550434	P	Polysulphide reductase, NrfD	nrfD	ko:K04015	-
WP_001550436	P	Formate-dependent nitrite reductase complex subunit	nrfF	ko:K02200,ko:K04017	-
WP_001550437	O	Formate-dependent nitrite reductase complex	nrfG	ko:K04018	-
WP_001550439	MU	RND efflux system, outer membrane lipoprotein	mdtP	ko:K15550	-
WP_001550441	U	Could be involved in resistance to puromycin, acriflavine and tetraphenylarsonium chloride	mdtO	ko:K15547	-
WP_001550444	S	Carbon-phosphorus lyase complex accessory protein	phnP	ko:K06167	ko00440,map00440
WP_001550446	F	Catalyzes the phosphorylation of ribose 1,5-bisphosphate to 5-phospho-D-ribosyl alpha-1-diphosphate (PRPP)	phnN	ko:K05774	ko00030,map00030
WP_001550451	P	Phosphonate	phnI	ko:K06164	ko00440,map00440
WP_001550457	S	3-demethylubiquinone-9 3-methyltransferase	phnB	ko:K04750	-
WP_001550468	C	Catalyzes the reversible hydration of fumarate to (S)- malate	fumB	ko:K01676	ko00020,ko00620,ko00720,ko01100,ko01110,ko01120,ko01130,ko01200,map00020,map00620,map00720,map01100,map01110,map01120,map01130,map01200
WP_001550470	S	Divergent 4Fe-4S mono-cluster	yjdI	-	-
WP_001550472	J	Belongs to the class-II aminoacyl-tRNA synthetase family	lysS	ko:K04567	ko00970,map00970
WP_001550473	E	Proton-dependent permease that transports di- and tripeptides. Shows significantly higher specificity towards dipeptides than tripeptides. Has a preference for dipeptides with a C-terminal Lys residue. Can bind Ala-Lys, Lys-Ala, Ala-Ala. Can also transport alanine and trialanine	yjdL	ko:K03305	-
WP_001550474	E	lysine decarboxylase	cadA	ko:K01582,ko:K01584	ko00310,ko00330,ko00960,ko01100,ko01110,map00310,map00330,map00960,map01100,map01110
WP_001550476	CO	Required to facilitate the formation of correct disulfide bonds in some periplasmic proteins and for the assembly of the periplasmic c-type cytochromes. Acts by transferring electrons from cytoplasmic thioredoxin to the periplasm. This transfer involves a cascade of disulfide bond formation and reduction steps	dsbD	ko:K04084	-
WP_001550477	M	Involved in the storage or transport of lipids necessary for membrane maintenance under stressful conditions. Displays a binding preference for lysophospholipids	blc	ko:K03098	-
WP_001550478	V	beta-lactamase	ampC	ko:K01467,ko:K19100,ko:K19101,ko:K19215,ko:K20319,ko:K20320	ko01501,ko02020,map01501,map02020
WP_001550491	E	Glutathionylspermidine synthase preATP-grasp	yjfC	-	-
WP_001550492	I	Part of the adaptive DNA-repair response to alkylating agents. Could prevent alkylation damage by protecting DNA and destroying alkylating agents that have yet to reach their DNA target. Binds to double-stranded DNA with a preference for a DNA region that includes its own promoter. Shows weak isovaleryl-CoA dehydrogenase activity in vitro	aidB	ko:K09456	-
WP_001550493	S	short-chain carboxylesterase activity	yjfP	ko:K06889	-
WP_001550498	M	Opacity-associated protein A N-terminal motif	ytfB	ko:K07268,ko:K07269	-
WP_001550499	D	Di-iron-containing protein involved in the repair of iron-sulfur clusters	ytfE	ko:K07322	-
WP_001550500	F	Belongs to the 5'-nucleotidase family	cpdB	ko:K01119	ko00230,ko00240,map00230,map00240
WP_001550501	P	Belongs to the inositol monophosphatase superfamily. CysQ family	cysQ	ko:K01082	ko00920,ko01100,ko01120,ko01130,map00920,map01100,map01120,map01130
WP_001550502	S	-	ytfI	-	-
WP_001550506	P	ABC transporter, ATP-binding protein	ytfR	ko:K02056,ko:K10441,ko:K10542,ko:K10545,ko:K10551	ko02010,map02010
WP_001550507	G	Belongs to the binding-protein-dependent transport system permease family	ytfT	ko:K02057,ko:K10440	ko02010,map02010
WP_001550508	G	ABC transporter permease protein YjfF	yjfF	ko:K02057,ko:K10440,ko:K17209	ko02010,map02010
WP_001550509	G	Hydrolyzes trehalose-6-phosphate to glucose and glucose 6-phosphate. Can also very effectively hydrolyzes p-nitrophenyl- alpha-D-glucopyranoside, but it does not recognize trehalose, sucrose, maltose, isomaltose, or maltodextrins	treC	ko:K01182,ko:K01187,ko:K01226	ko00052,ko00500,ko01100,map00052,map00500,map01100
WP_001550510	P	ATPase, P-type (transporting), HAD superfamily, subfamily IC	mgtA	ko:K01531,ko:K12955	-
WP_001550511	K	tetR family	yjgJ	ko:K19335	-
WP_001550512	S	-	yjgL	-	-
WP_001550579	NU	Fimbrial protein	-	-	-
WP_001550581	S	protein homooligomerization	M1-336	-	-
WP_001550598	K	Activates the small RNA gene sgrS under glucose- phosphate stress conditions as well as yfdZ. Represses its own transcription under both stress and non-stress conditions. Might act as a sensor of the intracellular accumulation of phosphoglucose by binding these molecules in its C-terminal solute-binding domain	sgrR	ko:K11925	-
WP_001550599	H	acetolactate synthase activity	ilvI	ko:K01652	ko00290,ko00650,ko00660,ko00770,ko01100,ko01110,ko01130,ko01210,ko01230,map00290,map00650,map00660,map00770,map01100,map01110,map01130,map01210,map01230
WP_001550601	M	Catalyzes the addition of meso-diaminopimelic acid to the nucleotide precursor UDP-N-acetylmuramoyl-L-alanyl-D-glutamate (UMAG) in the biosynthesis of bacterial cell-wall peptidoglycan	murE	ko:K01928	ko00300,ko00550,map00300,map00550
WP_001550602	M	Involved in cell wall formation. Catalyzes the final step in the synthesis of UDP-N-acetylmuramoyl-pentapeptide, the precursor of murein	murF	ko:K01929	ko00300,ko00550,ko01100,ko01502,map00300,map00550,map01100,map01502
WP_001550603	M	Cell wall formation. Catalyzes the transfer of a GlcNAc subunit on undecaprenyl-pyrophosphoryl-MurNAc-pentapeptide (lipid intermediate I) to form undecaprenyl-pyrophosphoryl-MurNAc- (pentapeptide)GlcNAc (lipid intermediate II)	murG	ko:K02563	ko00550,ko01100,ko01502,ko04112,map00550,map01100,map01502,map04112
WP_001550604	L	Belongs to the Nudix hydrolase family	mutT	ko:K03574	-
WP_001550605	U	protein transport across the cell outer membrane	hofC	ko:K02505,ko:K02653	-
WP_001550607	NU	ATP binding	hofB	ko:K02454,ko:K02504,ko:K02652	ko03070,ko05111,map03070,map05111
WP_001550610	V	Involved in both cell wall peptidoglycans recycling and beta-lactamase induction. Specifically cleaves the amide bond between the lactyl group of N-acetylmuramic acid and the alpha- amino group of the L-alanine in degradation products containing an anhydro N-acetylmuramyl moiety (By similarity)	ampD	ko:K01447,ko:K03806	-
WP_001550611	V	regulatory protein AmpE	ampE	ko:K03807	-
WP_001550612	F	The pyruvate dehydrogenase complex catalyzes the overall conversion of pyruvate to acetyl-CoA and CO(2)	aceF	ko:K00627	ko00010,ko00020,ko00620,ko01100,ko01110,ko01120,ko01130,ko01200,map00010,map00020,map00620,map01100,map01110,map01120,map01130,map01200
WP_001550615	Q	Probably involved in periplasmic detoxification of copper by oxidizing Cu( ) to Cu(2 ) and thus preventing its uptake into the cytoplasm. Possesses phenoloxidase and ferroxidase activities and might be involved in the production of polyphenolic compounds and the prevention of oxidative damage in the periplasm	cueO	ko:K08100,ko:K14588	ko00860,ko01110,map00860,map01110
WP_001550616	G	The phosphoenolpyruvate-dependent sugar phosphotransferase system (sugar PTS), a major carbohydrate active -transport system, catalyzes the phosphorylation of incoming sugar substrates concomitantly with their translocation across the cell membrane	yadI	-	-
WP_001550617	H	Catalyzes the reversible reaction in which hydroxymethyl group from 5,10-methylenetetrahydrofolate is transferred onto alpha-ketoisovalerate to form ketopantoate	panB	ko:K00606	ko00770,ko01100,ko01110,map00770,map01100,map01110
WP_001550626	M	Condensation of UDP-2,3-diacylglucosamine and 2,3- diacylglucosamine-1-phosphate to form lipid A disaccharide, a precursor of lipid A, a phosphorylated glycolipid that anchors the lipopolysaccharide to the outer membrane of the cell	lpxB	ko:K00748	ko00540,ko01100,map00540,map01100
WP_001550627	L	Endonuclease that specifically degrades the RNA of RNA- DNA hybrids	rnhB	ko:K03470	ko03030,map03030
WP_001550628	J	Ligates lysine onto the cytidine present at position 34 of the AUA codon-specific tRNA(Ile) that contains the anticodon CAU, in an ATP-dependent manner. Cytidine is converted to lysidine, thus changing the amino acid specificity of the tRNA from methionine to isoleucine	tilS	ko:K04075	-
WP_001550629	M	cysteine-type peptidase activity	yaeF	-	-
WP_001550637	Q	S-adenosylmethionine-dependent methyltransferase activity	yafE	-	-
WP_001550641	S	Type VI secretion-associated protein, VC_A0118 family	vasI	ko:K11909	-
WP_001550643	T	conserved protein, contains FHA domain	impI	ko:K11894	-
WP_001550644	S	Type VI secretion protein, EvpB/VC_A0108, tail sheath	impC	ko:K11900	ko02025,map02025
WP_001550647	S	Phage late control gene D protein (GPD)	vgrG	ko:K11904	ko03070,map03070
WP_001550655	L	Poorly processive, error-prone DNA polymerase involved in untargeted mutagenesis. Copies undamaged DNA at stalled replication forks, which arise in vivo from mismatched or misaligned primer ends. These misaligned primers can be extended by PolIV. Exhibits no 3'-5' exonuclease (proofreading) activity. May be involved in translesional synthesis, in conjunction with the beta clamp from PolIII	dinB	ko:K02346	-
WP_001550659	E	Catalyzes the NADPH-dependent reduction of L-glutamate 5-phosphate into L-glutamate 5-semialdehyde and phosphate. The product spontaneously undergoes cyclization to form 1-pyrroline-5- carboxylate	proA	ko:K00147	ko00330,ko00332,ko01100,ko01110,ko01130,ko01230,map00330,map00332,map01100,map01110,map01130,map01230
WP_001550661	K	Transcriptional regulator, AbiEi antitoxin N-terminal domain	-	-	-
WP_001550663	EGP	Major Facilitator Superfamily	opdE	ko:K03445	-
WP_001550665	O	molybdopterin cofactor binding	yagQ	ko:K07402	-
WP_001550695	G	Belongs to the glycosyl hydrolase 2 family	lacZ	ko:K01190,ko:K12111	ko00052,ko00511,ko00600,ko01100,map00052,map00511,map00600,map01100
WP_001550698	K	Activator of the mhpABCDFE operon coding for components of the 3-hydroxyphenylpropionate degradation pathway	mhpR	ko:K05818	-
WP_001550699	S	Catalyzes the non-heme iron(II)-dependent oxidative cleavage of 2,3-dihydroxyphenylpropionic acid and 2,3- dihydroxicinnamic acid into 2-hydroxy-6-ketononadienedioate and 2- hydroxy-6-ketononatrienedioate, respectively	mhpB	ko:K04099,ko:K05713	ko00360,ko00627,ko01120,ko01220,map00360,map00627,map01120,map01220
WP_001550700	Q	Catalyzes the conversion of acetaldehyde to acetyl-CoA, using NAD( ) and coenzyme A. Is the final enzyme in the meta- cleavage pathway for the degradation of	mhpF	ko:K04073	ko00360,ko00362,ko00620,ko00621,ko00622,ko00650,ko01100,ko01120,ko01220,map00360,map00362,map00620,map00621,map00622,map00650,map01100,map01120,map01220
WP_001550701	E	Catalyzes the retro-aldol cleavage of 4-hydroxy-2- oxopentanoate to pyruvate and acetaldehyde. Is involved in the meta-cleavage pathway for the degradation of	mhpE	ko:K01649,ko:K01666	ko00290,ko00360,ko00362,ko00620,ko00621,ko00622,ko01100,ko01110,ko01120,ko01210,ko01220,ko01230,map00290,map00360,map00362,map00620,map00621,map00622,map01100,map01110,map01120,map01210,map01220,map01230
WP_001550702	P	Uptake of 3-(3-hydroxyphenyl)propionate (3HPP) across the cytoplasmic membrane. Transport is driven by the proton motive force. Does not transport benzoate, 3-hydroxybenzoate or gentisate	mhpT	ko:K05819	-
WP_001550703	S	Serine hydrolase involved in the detoxification of formaldehyde	fghA	ko:K01070	ko00680,ko01120,ko01200,map00680,map01120,map01200
WP_001550706	P	Part of the ABC transporter complex TauABC involved in taurine import. Responsible for energy coupling to the transport system	tauB	ko:K10831	ko00920,ko02010,map00920,map02010
WP_001550708	P	Taurine transport system permease protein	tauC	ko:K15552	ko00920,ko02010,map00920,map02010
WP_001550710	MU	Autotransporter beta-domain	yaiT	-	-
WP_001550711	M	Hydrolyzes the cross-linked dimers tetrapentapeptide (D45) and tetratetrapeptide (D44). Removes the terminal D-alanine from muropeptides and disaccharide pentapeptide M5 with a C- terminal D-Ala-D-Ala dipeptide. Associated with recycling and remodeling of peptidoglycan (PG)	ampH	ko:K18988	-
WP_001550712	S	Protein of unknown function (DUF2755)	yaiY	-	-
WP_001550713	E	Catalyzes the reduction of 1-pyrroline-5-carboxylate (PCA) to L-proline	proC	ko:K00286	ko00330,ko01100,ko01110,ko01130,ko01230,map00330,map01100,map01110,map01130,map01230
WP_001550716	GK	Catalyzes the phosphorylation of fructose to fructose-6- P. Has also low level glucokinase activity in vitro. Is not able to phosphorylate D-ribose, D-mannitol, D-sorbitol, inositol, and L-threonine	mak	ko:K00845,ko:K00847	ko00010,ko00051,ko00052,ko00500,ko00520,ko00521,ko00524,ko01100,ko01110,ko01120,ko01130,ko01200,map00010,map00051,map00052,map00500,map00520,map00521,map00524,map01100,map01110,map01120,map01130,map01200
WP_001550718	L	SbcCD cleaves DNA hairpin structures. These structures can inhibit DNA replication and are intermediates in certain DNA recombination reactions. The complex acts as a 3'- 5' double strand exonuclease that can open hairpins. It also has a 5' single-strand endonuclease activity	sbcC	ko:K03546	-
WP_001550719	L	SbcCD cleaves DNA hairpin structures. These structures can inhibit DNA replication and are intermediates in certain DNA recombination reactions. The complex acts as a 3'- 5' double strand exonuclease that can open hairpins. It also has a 5' single-strand endonuclease activity	sbcD	ko:K03547	-
WP_001550720	L	Transposase IS200 like	-	ko:K07491	-
WP_001550721	E	Permease that is involved in the transport across the cytoplasmic membrane of proline	proY	ko:K03293,ko:K11736	-
WP_001550722	G	May play a role in regulating the intracellular level of maltotriose. Cleaves glucose from the reducing end of maltotriose and longer maltodextrins with a chain length of up to 7 glucose units	malZ	ko:K01187,ko:K21575	ko00052,ko00500,ko01100,map00052,map00500,map01100
WP_001550724	F	Transfers and isomerizes the ribose moiety from AdoMet to the 7-aminomethyl group of 7-deazaguanine (preQ1-tRNA) to give epoxyqueuosine (oQ-tRNA)	queA	ko:K07568	-
WP_001550726	F	Catalyzes the ATP-dependent phosphorylation of thiamine- monophosphate (TMP) to form thiamine-pyrophosphate (TPP), the active form of vitamin B1	thiL	ko:K00946	ko00730,ko01100,map00730,map01100
WP_001550728	S	protein homooligomerization	-	-	-
WP_001550729	C	thiamine metabolic process	yajO	-	-
WP_001550730	S	Protein and nucleotide deglycase that catalyzes the deglycation of the Maillard adducts formed between amino groups of proteins or nucleotides and reactive carbonyl groups of glyoxals. Thus, functions as a protein deglycase that repairs methylglyoxal- and glyoxal-glycated proteins, and releases repaired proteins and lactate or glycolate, respectively. Deglycates cysteine, arginine and lysine residues in proteins, and thus reactivates these proteins by reversing glycation by glyoxals. Is able to repair glycated serum albumin, collagen, glyceraldehyde-3-phosphate dehydrogenase, and fructose biphosphate aldolase. Acts on early glycation intermediates (hemithioacetals and aminocarbinols), preventing the formation of Schiff bases and advanced glycation endproducts (AGE) that cause irreversible damage. Also functions as a nucleotide deglycase able to repair glycated guanine in the free nucleotide pool (GTP, GDP, GMP, dGTP) and in DNA and RNA. Is thus involved in a major nucleotide repair system named guanine glycation repair (GG repair), dedicated to reversing methylglyoxal and glyoxal damage via nucleotide sanitization and direct nucleic acid repair. However, is less efficient than Hsp31 and YhbO, suggesting that YajL might be preferentially dedicated to protein repair. Displays a covalent chaperone activity with sulfenylated thiol proteins by forming mixed disulfides with members of the thiol proteome, and preferentially with sulfenylated cellular proteins, upon oxidative stress	thiJ	ko:K03152	-
WP_001550732	C	Cytochrome bo(3) ubiquinol terminal oxidase is the component of the aerobic respiratory chain of E.coli that predominates when cells are grown at high aeration. Has proton pump activity across the membrane in addition to electron transfer, pumping 2 protons electron	cyoA	ko:K02297	ko00190,ko01100,map00190,map01100
WP_001550733	M	Uncharacterized lipoprotein	yajG	ko:K07286	-
WP_001550735	O	PPIases accelerate the folding of proteins. Seems to be involved in the folding of outer membrane proteins	ppiD	ko:K03770	-
WP_001550736	L	DNA repair	comEA	ko:K02237	-
WP_001550738	P	ATP-binding	mdlA	ko:K06147,ko:K18889	ko02010,map02010
WP_001550739	P	xenobiotic transmembrane transporting ATPase activity	mdlB	ko:K18104,ko:K18890	ko01501,ko02010,map01501,map02010
WP_001550740	K	Nitrogen regulatory protein P-II	glnK	ko:K04752	-
WP_001550741	S	Protein of unknown function (DUF1428)	ybaA	-	-
WP_001550744	S	TraB family	ybaP	ko:K09973	-
WP_001550745	P	Belongs to the cation transport ATPase (P-type) (TC 3.A.3) family. Type IB subfamily	copA	ko:K17686	ko01524,ko04016,map01524,map04016
WP_001550747	MU	Outer membrane efflux protein	-	ko:K12340,ko:K12543	ko01501,ko01503,ko02020,ko03070,ko04626,ko05133,map01501,map01503,map02020,map03070,map04626,map05133
WP_001550749	V	ABC transporter transmembrane region	-	ko:K12541	ko02010,map02010
WP_001550750	UW	YadA-like membrane anchor domain	-	-	-
WP_001550751	Q	FtsX-like permease family	ybbP	ko:K02004	-
WP_001550753	FH	Allantoin transport protein	ybbW	ko:K03457,ko:K10975	-
WP_001550768	L	transposase	-	-	-
WP_001550787	P	Belongs to the binding-protein-dependent transport system permease family. FecCD subfamily	fepD	ko:K02015	ko02010,map02010
WP_001550788	HQ	Involved in the biosynthesis of the siderophore enterobactin (macrocyclic trimeric lactone of N-(2,3- dihydroxybenzoyl)-serine). Catalyzes the reversible conversion of chorismate to isochorismate	entC	ko:K01851,ko:K02361	ko00130,ko01053,ko01100,ko01110,ko01130,map00130,map01053,map01100,map01110,map01130
WP_001550789	Q	Involved in the biosynthesis of the siderophore enterobactin (enterochelin), which is a macrocyclic trimeric lactone of N-(2,3-dihydroxybenzoyl)-serine. The serine trilactone serves as a scaffolding for the three catechol functionalities that provide hexadentate coordination for the tightly ligated iron(2 ) atoms. EntE proccesses via a two-step adenylation- ligation reaction (bi-uni-uni-bi ping-pong mechanism). First, it catalyzes the activation of the carboxylate group of 2,3- dihydroxy-benzoate (DHB), via a reversible ATP-dependent pyrophosphate exchange reactions to yield the acyladenylate intermediate 2,3-dihydroxybenzoyl-AMP. It can also transfer AMP to salicylate, 2,4-dihydroxybenzoate, gentisate and 2,3,4- trihydroxybenzoate. In the second step, DHB is transferred from 2,3-dihydroxybenzoyl-AMP onto the phosphopantetheinylated EntB (holo-EntB) to form DHB-holo-EntB. Then this product will serve in the formation of the amide bond between 2,3-dihydroxybenzoate (DHB) and L-serine	entE	ko:K02363,ko:K12238	ko01053,ko01110,ko01130,map01053,map01110,map01130
WP_001550790	Q	Required for optimal enterobactin synthesis. Acts as a proofreading enzyme that prevents EntB misacylation by hydrolyzing the thioester bound existing between EntB and wrongly charged molecules	entH	ko:K02614	ko00360,map00360
WP_001550791	C	Catalyzes the NADPH-dependent reduction of 2- oxoglutarate and 2-oxobutanoate, leading to the respective 2- hydroxycarboxylate. Cannot use NADH instead of NADPH as a redox partner. Do not catalyze the reverse reactions	ybdH	ko:K08317	-
WP_001550792	E	Aminotransferase	ybdL	ko:K14287	-
WP_001550793	K	Transcriptional regulator	ybdO	-	-
WP_001550794	J	Belongs to the RNase T2 family	rna	ko:K01166,ko:K01169	-
WP_001550795	M	Transfers the fatty acyl group on membrane lipoproteins	lnt	ko:K03820	-
WP_001550797	S	Alpha beta hydrolase	ybfF	ko:K01175	-
WP_001550798	G	phosphoglucomutase activity	pgm	ko:K01835	ko00010,ko00030,ko00052,ko00230,ko00500,ko00520,ko00521,ko01100,ko01110,ko01120,ko01130,map00010,map00030,map00052,map00230,map00500,map00520,map00521,map01100,map01110,map01120,map01130
WP_001550800	K	KDP operon transcriptional regulatory protein KdpE	kdpE	ko:K07667	ko02020,ko02024,map02020,map02024
WP_001550801	P	Part of the high-affinity ATP-driven potassium transport (or Kdp) system, which catalyzes the hydrolysis of ATP coupled with the electrogenic transport of potassium into the cytoplasm. This subunit acts as a catalytic chaperone that increases the ATP- binding affinity of the ATP-hydrolyzing subunit KdpB by the formation of a transient KdpB KdpC ATP ternary complex	kdpC	ko:K01548	ko02020,map02020
WP_001550802	P	Part of the high-affinity ATP-driven potassium transport (or Kdp) system, which catalyzes the hydrolysis of ATP coupled with the electrogenic transport of potassium into the cytoplasm. This subunit is responsible for energy coupling to the transport system	kdpB	ko:K01547	ko02020,map02020
WP_001550803	P	Part of the high-affinity ATP-driven potassium transport (or Kdp) system, which catalyzes the hydrolysis of ATP coupled with the electrogenic transport of potassium into the cytoplasm. This subunit binds and transports the potassium across the cytoplasmic membrane	kdpA	ko:K01546	ko02020,map02020
WP_001550810	L	Deoxyribodipyrimidine photo-lyase	phrB	ko:K01669	-
WP_001550812	U	proton-dependent permease that transports dipeptides	dtpD	ko:K03305	-
WP_001550813	S	Provides significant protection from radiation damage and may be involved in the degradation of radiation-damaged nucleotides	ybgI	-	-
WP_001550814	S	Belongs to the UPF0271 (lamB) family	ybgL	ko:K07160	-
WP_001550815	L	Involved in base excision repair of DNA damaged by oxidation or by mutagenic agents. Acts as DNA glycosylase that recognizes and removes damaged bases. Has a preference for oxidized pyrimidines, such as thymine glycol, 5,6-dihydrouracil and 5,6-dihydrothymine. Has AP (apurinic apyrimidinic) lyase activity and introduces nicks in the DNA strand. Cleaves the DNA backbone by beta-delta elimination to generate a single-strand break at the site of the removed base with both 3'- and 5'- phosphates	nei	ko:K05522	ko03410,map03410
WP_001550816	S	regulation of gene expression	abrB	ko:K07120	-
WP_001550818	M	chaperone	ybgP	-	-
WP_001550820	C	the fumarate reductase is used in anaerobic growth, and the succinate dehydrogenase is used in aerobic growth	sdhA	ko:K00239	ko00020,ko00190,ko00650,ko00720,ko01100,ko01110,ko01120,ko01130,ko01200,ko05134,map00020,map00190,map00650,map00720,map01100,map01110,map01120,map01130,map01200,map05134
WP_001550822	K	LysR substrate binding domain	gcvA_2	-	-
WP_001550823	C	Catalyzes the reversible hydration of fumarate to (S)- malate	fumA	ko:K01676	ko00020,ko00620,ko00720,ko01100,ko01110,ko01120,ko01130,ko01200,map00020,map00620,map00720,map01100,map01110,map01120,map01130,map01200
WP_001550824	E	Catalyzes the carbon skeleton rearrangement of L- glutamate to L-threo-3-methylaspartate ((2S,3S)-3- methylaspartate)	glmE	ko:K19268	ko00630,ko00660,ko01100,ko01200,map00630,map00660,map01100,map01200
WP_001550825	D	MutL protein	-	-	-
WP_001550826	E	Catalyzes the carbon skeleton rearrangement of L- glutamate to L-threo-3-methylaspartate ((2S,3S)-3- methylaspartate)	mamA	ko:K01846	ko00630,ko00660,ko01100,ko01200,map00630,map00660,map01100,map01200
WP_001550828	U	Involved in the TonB-independent uptake of group A colicins (colicins A, E1, E2, E3, and K). Necessary for the colicins to reach their respective targets after initial binding to the bacteria. Also involved in the translocation of bacteriophage DNA	tolA	ko:K03646	-
WP_001550829	H	nicotinamide riboside transmembrane transporter activity	pnuC	ko:K03811	-
WP_001550830	P	Involved in zinc efflux across the cytoplasmic membrane, thus reducing zinc accumulation in the cytoplasm and rendering bacteria more resistant to zinc. It may contribute to zinc homeostasis at low concentrations of zinc	zitB	ko:K16264	-
WP_001550831	E	Stereospecific condensation of phosphoenolpyruvate (PEP) and D-erythrose-4-phosphate (E4P) giving rise to 3-deoxy-D- arabino-heptulosonate-7-phosphate (DAHP)	aroG	ko:K01626	ko00400,ko01100,ko01110,ko01130,ko01230,ko02024,map00400,map01100,map01110,map01130,map01230,map02024
WP_001550832	G	converts alpha-aldose to the beta-anomer	galM	ko:K01785	ko00010,ko00052,ko01100,ko01110,ko01120,ko01130,map00010,map00052,map01100,map01110,map01120,map01130
WP_001550836	S	Pyridoxal phosphate phosphatase YbhA	ybhA	-	-
WP_001550837	K	transcriptional regulator	ybhD	-	-
WP_001550838	S	isomerase activity	ybhH	-	-
WP_001550839	C	response to oxidative stress	ybhJ	ko:K01681	ko00020,ko00630,ko00720,ko01100,ko01110,ko01120,ko01130,ko01200,ko01210,ko01230,map00020,map00630,map00720,map01100,map01110,map01120,map01130,map01200,map01210,map01230
WP_001550840	M	Pectinesterase	ybhC	ko:K01051	ko00040,ko01100,map00040,map01100
WP_001550860	H	Catalyzes the transfer of the alpha-amino group from S- adenosyl-L-methionine (SAM) to 7-keto-8-aminopelargonic acid (KAPA) to form 7,8-diaminopelargonic acid (DAPA). It is the only animotransferase known to utilize SAM as an amino donor	bioA	ko:K00833	ko00780,ko01100,map00780,map01100
WP_001550861	H	Catalyzes the decarboxylative condensation of pimeloyl- acyl-carrier protein and L-alanine to produce 8-amino-7- oxononanoate (AON), acyl-carrier protein , and carbon dioxide	bioF	ko:K00652	ko00780,ko01100,map00780,map01100
WP_001550862	H	Converts the free carboxyl group of a malonyl-thioester to its methyl ester by transfer of a methyl group from S-adenosyl- L-methionine (SAM). It allows to synthesize pimeloyl-ACP via the fatty acid synthetic pathway	bioC	ko:K02169	ko00780,ko01100,map00780,map01100
WP_001550863	H	Catalyzes a mechanistically unusual reaction, the ATP- dependent insertion of CO2 between the N7 and N8 nitrogen atoms of 7,8-diaminopelargonic acid (DAPA) to form an ureido ring	bioD	ko:K01935	ko00780,ko01100,map00780,map01100
WP_001550864	S	Required for morphogenesis under gluconeogenic growth conditions	ybhK	-	-
WP_001550865	H	Catalyzes the cyclization of GTP to (8S)-3',8-cyclo-7,8- dihydroguanosine 5'-triphosphate	moaA	ko:K03639	ko00790,ko01100,ko04122,map00790,map01100,map04122
WP_001550869	V	(ABC) transporter	ybhF	ko:K01990	-
WP_001550870	F	DEAD-box RNA helicase involved in ribosome assembly. Has RNA-dependent ATPase activity and unwinds double-stranded RNA	rhlE	ko:K11927	ko03018,map03018
WP_001550871	L	helicase involved in DNA repair and perhaps also replication	dinG	ko:K03722	-
WP_001550872	C	Catalyzes the NAD(P)H-dependent reduction of 2- oxoglutarate, phenylpyruvate and (4-hydroxyphenyl)pyruvate, leading to the respective 2-hydroxycarboxylate in vitro. Shows a preference for NADPH over NADH as a redox partner. Do not catalyze the reverse reactions	ybiC	ko:K13574	-
WP_001550874	J	Specifically methylates the adenine in position 1618 of 23S rRNA	rlmF	ko:K06970	-
WP_001550875	M	ion transport	ybiO	ko:K22044	-
WP_001550876	S	Involved in the efflux of threonine and homoserine	rhtA	ko:K11939	-
WP_001550877	S	sulfuric ester hydrolase activity	ybiP	ko:K19353	ko00540,map00540
WP_001550878	P	transmembrane transport	ybiR	-	-
WP_001550879	G	Major facilitator superfamily	exuT_1	ko:K07783,ko:K08191	ko02020,map02020
WP_001550880	S	Protein of unknown function (DUF1479)	ybiU	-	-
WP_001550889	S	response to herbicide	ybjC	-	-
WP_001550891	P	Part of the ABC transporter complex PotABCD involved in spermidine putrescine import. Responsible for energy coupling to the transport system	potG	ko:K02052,ko:K11072,ko:K11076	ko02010,ko02024,map02010,map02024
WP_001550892	ET	belongs to the bacterial solute-binding protein 3 family	artJ	ko:K09996,ko:K09997,ko:K10014	ko02010,map02010
WP_001550893	M	Protein of unknown function (DUF3828)	ybjP	-	-
WP_001550894	V	N-acetylmuramoyl-L-alanine amidase	amiD	ko:K01447,ko:K11066	-
WP_001550895	M	coenzyme binding	ybjS	-	-
WP_001550896	G	Channel that permits osmotically driven movement of water in both directions. It is involved in the osmoregulation and in the maintenance of cell turgor during volume expansion in rapidly growing cells. It mediates rapid entry or exit of water in response to abrupt changes in osmolarity	aqpZ	ko:K06188	-
WP_001550897	M	Part of the tripartite efflux system MacAB-TolC. MacA stimulates the ATPase activity of MacB by promoting the closed ATP-bound state of MacB, increases the capacity of MacB to bind macrolides such as erythromycin, and provides a physical link between MacB and TolC	macA	ko:K13888	-
WP_001550899	P	ATP-binding	cydC	ko:K16012	ko02010,map02010
WP_001550902	D	Essential cell division protein that coordinates cell division and chromosome segregation. The N-terminus is involved in assembly of the cell-division machinery. The C-terminus functions as a DNA motor that moves dsDNA in an ATP-dependent manner towards the dif recombination site, which is located within the replication terminus region. Translocation stops specifically at Xer-dif sites, where FtsK interacts with the Xer recombinase, allowing activation of chromosome unlinking by recombination. FtsK orienting polar sequences (KOPS) guide the direction of DNA translocation. FtsK can remove proteins from DNA as it translocates, but translocation stops specifically at XerCD-dif site, thereby preventing removal of XerC and XerD from dif	ftsK	ko:K03466	-
WP_001550903	E	Catalyzes the transfer of the enolpyruvyl moiety of phosphoenolpyruvate (PEP) to the 5-hydroxyl of shikimate-3- phosphate (S3P) to produce enolpyruvyl shikimate-3-phosphate and inorganic phosphate	aroA	ko:K00800	ko00400,ko01100,ko01110,ko01130,ko01230,map00400,map01100,map01110,map01130,map01230
WP_001550904	O	metalloprotease	ycaL	ko:K07387	-
WP_001550905	S	establishment of competence for transformation	ycaI	ko:K02238	-
WP_001550907	I	Transfers the gamma-phosphate of ATP to the 4'-position of a tetraacyldisaccharide 1-phosphate intermediate (termed DS-1- P) to form tetraacyldisaccharide 1,4'-bis-phosphate (lipid IVA)	lpxK	ko:K00912	ko00540,ko01100,map00540,map01100
WP_001550911	E	Aminopeptidase N is involved in the degradation of intracellular peptides generated by protein breakdown during normal growth as well as in response to nutrient starvation	pepN	ko:K01256	ko00480,ko01100,map00480,map01100
WP_001550914	NU	Part of the elfADCG-ycbUVF fimbrial operon, which promotes adhesion of bacteria to different abiotic surfaces. Could be required for the biogenesis of the ElfA fimbriae	elfD	-	-
WP_001550915	NU	Usher protein	elfC	ko:K07347	ko05133,map05133
WP_001550916	NU	Part of the elfADCG-ycbUVF fimbrial operon, which promotes adhesion of bacteria to different abiotic surfaces	elfG	-	-
WP_001550919	C	Mosc domain protein beta barrel domain protein	ycbX	ko:K07140	-
WP_001550920	S	FUSC-like inner membrane protein yccS	yccS	-	-
WP_001550923	C	acylphosphatase activity	acyP	ko:K01512	ko00620,ko00627,ko01120,map00620,map00627,map01120
WP_001550924	C	Belongs to the NiFe NiFeSe hydrogenase large subunit family	hyaB	ko:K05922,ko:K06281	ko00633,ko01120,map00633,map01120
WP_001550925	C	b-type cytochrome subunit	hyaC	ko:K03620	ko02020,map02020
WP_001550926	O	Protease involved in the C-terminal processing of HyaB, the large subunit of hydrogenase 1	hyaD	ko:K03605	-
WP_001550927	S	Hydrogenase-1 operon protein HyaE	hyaE	ko:K03619	-
WP_001550929	C	oxidase, subunit	appC	ko:K00425	ko00190,ko01100,ko02020,map00190,map01100,map02020
WP_001550938	C	May reduce toxic product malonic semialdehyde to 3- hydroxypropionic acid, which is excreted	rutE	ko:K09019	ko00240,ko01100,map00240,map01100
WP_001550939	F	May increase the rate of spontaneous hydrolysis of aminoacrylate to malonic semialdehyde. Required to remove a toxic intermediate produce in	rutD	ko:K09023	ko00240,ko01100,map00240,map01100
WP_001550940	K	Oxidizes proline to glutamate for use as a carbon and nitrogen source	putA	ko:K13821	ko00250,ko00330,ko01100,ko01110,ko01130,map00250,map00330,map01100,map01110,map01130
WP_001550942	EH	Catalyzes the NADPH-dependent reduction of glyoxylate and hydroxypyruvate into glycolate and glycerate, respectively	ghrA	ko:K12972	ko00260,ko00620,ko00630,ko01100,ko01110,ko01120,map00260,map00620,map00630,map01100,map01110,map01120
WP_001550945	S	-	ymdA	-	-
WP_001550947	S	MsyB protein	msyB	ko:K12147	-
WP_001550948	F	Catalyzes the reversible cyclization of carbamoyl aspartate to dihydroorotate	pyrC	ko:K01465	ko00240,ko01100,map00240,map01100
WP_001550949	S	Belongs to the UPF0502 family	yceH	ko:K09915	-
WP_001550953	P	Outer-membrane receptor for Fe(III)-coprogen, Fe(III)-ferrioxamine B and Fe(III)-rhodotrulic acid	fhuE	ko:K16088	-
WP_001550954	F	Catalyzes the phosphorylation of thiamine to thiamine phosphate	thiK	ko:K07251	ko00730,ko01100,map00730,map01100
WP_001550955	G	Plays a role in peptidoglycan recycling by cleaving the terminal beta-1,4-linked N-acetylglucosamine (GlcNAc) from peptide-linked peptidoglycan fragments, giving rise to free GlcNAc, anhydro-N-acetylmuramic acid and anhydro-N-acetylmuramic acid-linked peptides	nagZ	ko:K01207	ko00520,ko00531,ko01100,ko01501,map00520,map00531,map01100,map01501
WP_001550959	S	transferase activity, transferring acyl groups other than amino-acyl groups	ycfT	-	-
WP_001550961	F	Catalyzes the phosphorylation of N-acetyl-D-glucosamine (GlcNAc) derived from cell-wall degradation, yielding GlcNAc-6-P	nagK	ko:K00845,ko:K00884	ko00010,ko00052,ko00500,ko00520,ko00521,ko00524,ko01100,ko01110,ko01120,ko01130,ko01200,map00010,map00052,map00500,map00520,map00521,map00524,map01100,map01110,map01120,map01130,map01200
WP_001550962	S	TPM domain	ycfZ	-	-
WP_001550963	S	Protein of unknown function (DUF3592)	ymfA	-	-
WP_001550982	L	DNA polymerase	umuC	ko:K03502	-
WP_001550983	O	Required for disulfide bond formation in some periplasmic proteins	dsbB	ko:K03611	-
WP_001550987	Q	Methyltransferase domain	-	-	-
WP_001550989	P	Periplasmic binding protein	-	ko:K02016	ko02010,map02010
WP_001550990	G	Provides the cells with the ability to utilize trehalose at high osmolarity by splitting it into glucose molecules that can subsequently be taken up by the phosphotransferase-mediated uptake system	treA	ko:K01194	ko00500,ko01100,map00500,map01100
WP_001550991	G	Protein deacetylase that removes acetyl groups on specific lysine residues in target proteins. Regulates transcription by catalyzing deacetylation of 'Lys-52' and 'Lys-62' of the transcriptional repressor RutR. Is also able to deacetylate NhoA and RluC in vitro. Targets a distinct set of substrates compared to CobB	dhaM	ko:K05881	ko00561,map00561
WP_001550992	KQ	PTS-dependent dihydroxyacetone kinase operon regulatory protein	dhaR	ko:K05880	-
WP_001550993	MU	cell adhesion involved in biofilm formation	ycgV	-	-
WP_001550995	J	ATPase that binds to both the 70S ribosome and the 50S ribosomal subunit in a nucleotide-independent manner	ychF	ko:K06942	-
WP_001550996	J	Peptide chain release factor 1 directs the termination of translation in response to the peptide chain termination codons UAG and UAA	prfA	ko:K02835	-
WP_001550998	T	Acts as a sensor for nitrate nitrite and transduces signal of nitrate availability to the NarL protein and of both nitrate nitrite to the NarP protein. NarX probably activates NarL and NarP by phosphorylation in the presence of nitrate. NarX also plays a negative role in controlling NarL activity, probably through dephosphorylation in the absence of nitrate	narX	ko:K07673,ko:K07674	ko02020,map02020
WP_001550999	C	Belongs to the prokaryotic molybdopterin-containing oxidoreductase family	narG	ko:K00370	ko00910,ko01120,ko02020,map00910,map01120,map02020
WP_001551005	D	probably involved in intracellular septation	ispZ	ko:K06190	-
WP_001551009	EH	Part of a heterotetrameric complex that catalyzes the two-step biosynthesis of anthranilate, an intermediate in the biosynthesis of L-tryptophan. In the first step, the glutamine- binding beta subunit (TrpG) of anthranilate synthase (AS) provides the glutamine amidotransferase activity which generates ammonia as a substrate that, along with chorismate, is used in the second step, catalyzed by the large alpha subunit of AS (TrpE) to produce anthranilate. In the absence of TrpG, TrpE can synthesize anthranilate directly from chorismate and high concentrations of ammonia	trpE	ko:K01657,ko:K13503	ko00400,ko00405,ko01100,ko01110,ko01130,ko01230,ko02024,ko02025,map00400,map00405,map01100,map01110,map01130,map01230,map02024,map02025
WP_001551011	C	Catalyzes the isomerization of citrate to isocitrate via cis-aconitate	acnA	ko:K01681	ko00020,ko00630,ko00720,ko01100,ko01110,ko01120,ko01130,ko01200,ko01210,ko01230,map00020,map00630,map00720,map01100,map01110,map01120,map01130,map01200,map01210,map01230
WP_001551012	I	Catalyzes the dephosphorylation of diacylglycerol diphosphate (DGPP) to phosphatidate (PA) and the subsequent dephosphorylation of PA to diacylglycerol (DAG). Also has undecaprenyl pyrophosphate phosphatase activity, required for the biosynthesis of the lipid carrier undecaprenyl phosphate. Can also use lysophosphatidic acid (LPA) and phosphatidylglycerophosphate as substrates. The pattern of activities varies according to subcellular location, PGP phosphatase activity is higher in the cytoplasmic membrane, whereas PA and LPA phosphatase activities are higher in the outer membrane. Activity is independent of a divalent cation ion and insensitive to inhibition by N- ethylmaleimide	pgpB	ko:K01096	ko00564,ko01100,map00564,map01100
WP_001551013	G	Modulates cellular lipopolysaccharide (LPS) levels by regulating LpxC, which is involved in lipid A biosynthesis. May act by modulating the proteolytic activity of FtsH towards LpxC. May also coordinate assembly of proteins involved in LPS synthesis at the plasma membrane	lapB	ko:K19804	-
WP_001551016	J	Involved in mRNA degradation. Hydrolyzes single-stranded polyribonucleotides processively in the 3' to 5' direction	rnb	ko:K01147	-
WP_001551017	S	protein conserved in bacteria	yciW	-	-
WP_001551018	M	Belongs to the membrane fusion protein (MFP) (TC 8.A.1) family	mexA	ko:K03585,ko:K18141,ko:K18321	ko01501,ko01503,ko02020,map01501,map01503,map02020
WP_001551019	V	Efflux pump membrane transporter	mexB	ko:K18138	ko01501,ko01503,map01501,map01503
WP_001551020	M	Outer membrane efflux protein	oprM	ko:K18139,ko:K18147	ko01501,ko02024,map01501,map02024
WP_001551021	EGP	Uncharacterised MFS-type transporter YbfB	tcaB	ko:K07552	-
WP_001551023	V	permease protein sapB	sapB	ko:K19227	ko01503,ko02010,map01503,map02010
WP_001551024	E	to a S.typhimurium protein implicated in antimicrobial peptide resistance, but the SapBCDF operon in E.coli is implicated in putrescine export	sapA	ko:K19226	ko01503,ko02010,map01503,map02010
WP_001551025	C	Involved in the biosynthesis of the osmoprotectant glycine betaine. Catalyzes the reversible oxidation of betaine aldehyde to the corresponding acid	puuC	ko:K00128,ko:K09472	ko00010,ko00053,ko00071,ko00280,ko00310,ko00330,ko00340,ko00380,ko00410,ko00561,ko00620,ko00625,ko00903,ko00981,ko01100,ko01110,ko01120,ko01130,map00010,map00053,map00071,map00280,map00310,map00330,map00340,map00380,map00410,map00561,map00620,map00625,map00903,map00981,map01100,map01110,map01120,map01130
WP_001551026	E	Belongs to the class-III pyridoxal-phosphate-dependent aminotransferase family	goaG	ko:K00823,ko:K07250	ko00250,ko00280,ko00410,ko00640,ko00650,ko01100,ko01120,map00250,map00280,map00410,map00640,map00650,map01100,map01120
WP_001551030	E	Periplasmic murein peptide-binding protein	mppA	ko:K15580	ko01501,ko02010,ko02024,map01501,map02010,map02024
WP_001551031	E	Component of the p-aminobenzoyl-glutamate hydrolase multicomponent enzyme system which catalyzes the cleavage of p- aminobenzoyl-glutamate (PABA-GLU) to form p-aminobenzoate (PABA) and glutamate. AbgAB does not degrade dipeptides and the physiological role of abgABT should be clarified	abgA	ko:K12940	-
WP_001551032	V	HlyD membrane-fusion protein of T1SS	-	ko:K03543	-
WP_001551034	F	DEAD-box RNA helicase involved in the assembly of the 50S ribosomal subunit. Has an RNA-dependent ATPase activity, which is specific for 23S rRNA, and a 3' to 5' RNA helicase activity that uses the energy of ATP hydrolysis to destabilize and unwind short rRNA duplexes	dbpA	ko:K05591	-
WP_001551068	C	Oxidoreductase required for the transfer of electrons from pyruvate to flavodoxin	nifJ	ko:K03737	ko00010,ko00020,ko00620,ko00650,ko00720,ko01100,ko01120,ko01130,ko01200,map00010,map00020,map00620,map00650,map00720,map01100,map01120,map01130,map01200
WP_001551070	C	belongs to the aldehyde dehydrogenase family	feaB	ko:K00146	ko00360,ko00643,ko01100,ko01120,map00360,map00643,map01100,map01120
WP_001551071	CI	Aldehyde dehydrogenase	paaN	ko:K02618	ko00360,ko01120,map00360,map01120
WP_001551072	S	Phenylacetate-CoA oxygenase, PaaI subunit	paaC	ko:K02611	ko00360,ko01120,map00360,map01120
WP_001551073	C	COG1018 Flavodoxin reductases (ferredoxin-NADPH reductases) family 1	paaE	ko:K02613	ko00360,ko01120,map00360,map01120
WP_001551074	I	Belongs to the enoyl-CoA hydratase isomerase family	paaF	ko:K01692	ko00071,ko00280,ko00281,ko00310,ko00360,ko00362,ko00380,ko00410,ko00627,ko00640,ko00650,ko00903,ko00930,ko01100,ko01110,ko01120,ko01130,ko01212,map00071,map00280,map00281,map00310,map00360,map00362,map00380,map00410,map00627,map00640,map00650,map00903,map00930,map01100,map01110,map01120,map01130,map01212
WP_001551075	I	Enoyl-CoA hydratase	paaG	ko:K15866	ko00360,ko01120,map00360,map01120
WP_001551077	Q	phenylacetic acid degradation protein	paaI	ko:K02614	ko00360,map00360
WP_001551078	K	phenylacetic acid degradation operon negative regulatory protein	paaX	ko:K02616	-
WP_001551079	S	Phenylacetic acid degradation protein PaaY	paaY	ko:K02617,ko:K08279	-
WP_001551100	Q	Catalyzes the acetyl-CoA-dependent N-acetylation of aromatic amines, and, probably, the O-acetylation of N- hydroxyarylamines. In vitro, catalyzes the N-acetylation of various arylamines such as aminobenzoic acid, aminophenol, aminotoluene, phenetidine, anisidine, aniline, isoniazid and 2- amino-fluorene. N-hydroxyarylamine O-acetyltransferase activity has not been assayed directly, however, NhoA activity is required for the mutagenicity of nitroaromatic compounds, suggesting that it also has O-acetyltransferase activity	nhoA	ko:K00675	-
WP_001551101	S	isomerase activity	yddE	-	-
WP_001551150	C	The transhydrogenation between NADH and NADP is coupled to respiration and ATP hydrolysis and functions as a proton pump across the membrane	pntB	ko:K00325	ko00760,ko01100,map00760,map01100
WP_001551151	K	transcriptional Regulatory protein	rstA	ko:K07661	ko02020,map02020
WP_001551152	T	Member of the two-component regulatory system RstB RstA. RstB functions as a membrane-associated protein kinase that phosphorylates RstA	rstB	ko:K07639	ko02020,map02020
WP_001551153	G	Belongs to the glycosyl hydrolase 2 family	uidA	ko:K01195	ko00040,ko00531,ko00860,ko00944,ko00983,ko01100,ko01110,ko04142,map00040,map00531,map00860,map00944,map00983,map01100,map01110,map04142
WP_001551154	G	The phosphoenolpyruvate-dependent sugar phosphotransferase system (sugar PTS), a major carbohydrate active transport system, catalyzes the phosphorylation of incoming sugar substrates concomitantly with their translocation across the cell membrane. This system is involved in maltose transport. MalX can also recognize and transport glucose even though this sugar may not represent the natural substrate of the system	malX	ko:K02790,ko:K02791	ko00010,ko00500,ko00520,ko02060,map00010,map00500,map00520,map02060
WP_001551155	E	maltose regulon	malY	ko:K14155	ko00270,ko00450,ko01100,ko01110,ko01230,map00270,map00450,map01100,map01110,map01230
WP_001551156	F	Belongs to the metallo-dependent hydrolases superfamily. Adenosine and AMP deaminases family. Adenosine deaminase subfamily	add	ko:K01488	ko00230,ko01100,ko05340,map00230,map01100,map05340
WP_001551157	S	oxidoreductase activity	ydgJ	ko:K16044	ko00562,ko01120,map00562,map01120
WP_001551159	C	Part of a membrane complex involved in electron transport. Required to maintain the reduced state of SoxR	rnfB	ko:K03616	-
WP_001551166	S	monooxygenase	ydhR	-	-
WP_001551167	S	FAD-NAD(P)-binding	ydhS	-	-
WP_001551168	S	-	ydhW	-	-
WP_001551169	S	Participates in cysteine desulfuration mediated by SufS. Cysteine desulfuration mobilizes sulfur from L-cysteine to yield L-alanine and constitutes an essential step in sulfur metabolism for biosynthesis of a variety of sulfur-containing biomolecules. Functions as a sulfur acceptor for SufS, by mediating the direct transfer of the sulfur atom from the S-sulfanylcysteine of SufS, an intermediate product of cysteine desulfuration process	sufE	ko:K02426	-
WP_001551173	C	Electron transfer flavoprotein	ydiQ	-	-
WP_001551174	C	electron transfer flavoprotein-quinone oxidoreductase ydiS	ydiS	ko:K00313	-
WP_001551175	G	Catalyzes the phosphorylation of pyruvate to phosphoenolpyruvate	ppsA	ko:K01007	ko00620,ko00680,ko00720,ko01100,ko01120,ko01200,map00620,map00680,map00720,map01100,map01120,map01200
WP_001551176	E	Stereospecific condensation of phosphoenolpyruvate (PEP) and D-erythrose-4-phosphate (E4P) giving rise to 3-deoxy-D- arabino-heptulosonate-7-phosphate (DAHP)	aroH	ko:K01626	ko00400,ko01100,ko01110,ko01130,ko01230,ko02024,map00400,map01100,map01110,map01130,map01230,map02024
WP_001551177	S	Belongs to the UPF0061 (SELO) family	ydiU	ko:K08997	-
WP_001551178	J	Belongs to the class-II aminoacyl-tRNA synthetase family. Phe-tRNA synthetase alpha subunit type 1 subfamily	pheS	ko:K01889	ko00970,map00970
WP_001551201	S	Corresponds to locus_tag	-	ko:K06867	-
WP_001551203	P	serves to protect cells from the toxic effects of hydrogen peroxide	katE	ko:K03781	ko00380,ko00630,ko01110,ko01130,ko01200,ko04011,ko04016,ko04068,ko04146,ko04211,ko04212,ko04213,ko05014,map00380,map00630,map01110,map01130,map01200,map04011,map04016,map04068,map04146,map04211,map04212,map04213,map05014
WP_001551205	G	The phosphoenolpyruvate-dependent sugar phosphotransferase system (PTS), a major carbohydrate active - transport system, catalyzes the phosphorylation of incoming sugar substrates concomitant with their translocation across the cell membrane	celB	ko:K02761	ko00500,ko02060,map00500,map02060
WP_001551206	E	Belongs to the AspA AstE family. Succinylglutamate desuccinylase subfamily	astE	ko:K05526	ko00330,ko01100,map00330,map01100
WP_001551207	E	Catalyzes the hydrolysis of N(2)-succinylarginine into N(2)-succinylornithine, ammonia and CO(2)	astB	ko:K01484	ko00330,ko01100,map00330,map01100
WP_001551208	C	Catalyzes the NAD-dependent reduction of succinylglutamate semialdehyde into succinylglutamate	astD	ko:K06447	ko00330,ko01100,map00330,map01100
WP_001551209	E	Catalyzes the transfer of succinyl-CoA to arginine to produce N(2)-succinylarginine	astA	ko:K00673	ko00330,ko01100,map00330,map01100
WP_001551210	E	Catalyzes the transamination of N(2)-succinylornithine and alpha-ketoglutarate into N(2)-succinylglutamate semialdehyde and glutamate. Can also act as an acetylornithine aminotransferase	argD	ko:K00821,ko:K00840	ko00220,ko00300,ko00330,ko01100,ko01110,ko01120,ko01130,ko01210,ko01230,map00220,map00300,map00330,map01100,map01110,map01120,map01130,map01210,map01230
WP_001551211	S	-	ydjY	-	-
WP_001551212	S	SNARE associated Golgi protein	ydjZ	-	-
WP_001551213	S	Bacterial extracellular solute-binding protein	ynjB	ko:K05777	-
WP_001551214	P	ABC transporter permease	ynjC	ko:K05778	-
WP_001551231	T	Plays a key role in signaling protein misfolding via the CpxR CPXA transducing system. It also modulates the phosphorylated status of many phosphoproteins in E.coli, some of which acting as major chaperones. Has been shown, in vitro, to act on Ser, Thr and Tyr-phosphorylated substrates	pphA	ko:K07313	-
WP_001551232	P	copper ion transport	yebZ	ko:K07245	-
WP_001551233	E	Protease II	ptrB	ko:K01354	ko05142,ko05143,map05142,map05143
WP_001551234	L	Transposase	-	ko:K07496	-
WP_001551236	F	Involved in the de novo purine biosynthesis. Catalyzes the transfer of formate to 5-phospho-ribosyl-glycinamide (GAR), producing 5-phospho-ribosyl-N-formylglycinamide (FGAR). Formate is provided by PurU via hydrolysis of 10-formyl-tetrahydrofolate	purT	ko:K08289	ko00230,ko00670,ko01100,ko01110,ko01130,map00230,map00670,map01100,map01110,map01130
WP_001551239	L	Nuclease that resolves Holliday junction intermediates in genetic recombination. Cleaves the cruciform structure in supercoiled DNA by nicking to strands with the same polarity at sites symmetrically opposed at the junction in the homologous arms and leaves a 5'-terminal phosphate and a 3'-terminal hydroxyl group	ruvC	ko:K01159	ko03440,map03440
WP_001551240	J	Catalyzes the attachment of L-aspartate to tRNA(Asp) in a two-step reaction L-aspartate is first activated by ATP to form Asp-AMP and then transferred to the acceptor end of tRNA(Asp)	aspS	ko:K01876	ko00970,map00970
WP_001551241	Q	hydrolase activity	yecD	-	-
WP_001551263	C	an anaerobic reaction coupled to energy-yielding reactions. Can also reduce other N- and S-oxide compounds such as 4-methylmorpholine-N-oxide and biotin sulfoxide (BSO), but with a lower catalytic efficiency	torZ	ko:K07306,ko:K07309,ko:K07310,ko:K07811,ko:K07812,ko:K08351	ko00450,ko00780,ko00920,ko01100,ko02020,map00450,map00780,map00920,map01100,map02020
WP_001551264	C	Part of the anaerobic respiratory chain of trimethylamine-N-oxide reductase TorZ. Required for electron transfer to the TorZ terminal enzyme	torY	ko:K03532,ko:K07821	ko02020,map02020
WP_001551265	S	YecM protein	yecM	ko:K09907	-
WP_001551266	N	Required for formation of the rod structure of the flagellar apparatus. Together with FliI and FliH, may constitute the export apparatus of flagellin	flhA	ko:K02400	ko02040,map02040
WP_001551267	N	Required for formation of the rod structure in the basal body of the flagellar apparatus. Together with FliI and FliH, may constitute the export apparatus of flagellin	flhB	ko:K02401	ko02040,map02040
WP_001551268	NT	Methyl-accepting chemotaxis protein	tap	ko:K03406,ko:K05874,ko:K05875,ko:K05876,ko:K05877	ko02020,ko02030,map02020,map02030
WP_001551269	NT	Methyl-accepting chemotaxis protein II	tar	ko:K03406,ko:K05874,ko:K05875	ko02020,ko02030,map02020,map02030
WP_001551270	NT	Chemotaxis protein cheA	cheA	ko:K03407	ko02020,ko02030,map02020,map02030
WP_001551271	N	MotA and MotB comprise the stator element of the flagellar motor complex. Required for the rotation of the flagellar motor. Probably a linker that fastens the torque- generating machinery to the cell wall. Overexpression of this protein with MotA improves motility in a yhjH disruption, (a c-di- GMP phosphodiesterase) suggesting there is an interaction (direct or indirect) between the c-di-GMP-binding flagellar brake protein YcgR and the flagellar stator	motB	ko:K02557	ko02030,ko02040,map02030,map02040
WP_001551345	S	Domain of unknown function (DUF4132)	yehI	-	-
WP_001551350	S	VWA domain containing CoxE-like protein	yehP	-	-
WP_001551351	S	SWIM zinc finger	yehQ	-	-
WP_001551353	P	Permease protein	yehY	ko:K05846	ko02010,map02010
WP_001551355	S	cellular response to DNA damage stimulus	yohC	-	-
WP_001551358	MU	Could be involved in resistance to puromycin, acriflavine and tetraphenylarsonium chloride	mdtQ	ko:K15550	-
WP_001551359	J	Catalyzes the synthesis of 5,6-dihydrouridine (D), a modified base found in the D-loop of most tRNAs, via the reduction of the C5-C6 double bond in target uridines	dusC	ko:K05541	-
WP_001551360	C	Involved in pyrimidine base degradation. Catalyzes physiologically the reduction of uracil to 5,6-dihydrouracil (DHU) by using NADH as a specific cosubstrate. It also catalyzes the reverse reaction and the reduction of thymine to 5,6- dihydrothymine (DHT)	preT	ko:K17722	ko00240,ko00410,ko00770,ko01100,map00240,map00410,map00770,map01100
WP_001551361	CF	Involved in pyrimidine base degradation. Catalyzes physiologically the reduction of uracil to 5,6-dihydrouracil (DHU) by using NADH as a specific cosubstrate. It also catalyzes the reverse reaction and the reduction of thymine to 5,6- dihydrothymine (DHT)	preA	ko:K17723	ko00240,ko00410,ko00770,ko01100,map00240,map00410,map00770,map01100
WP_001551362	S	Protein of unknown function (DUF418)	yeiB	ko:K07148	-
WP_001551374	EGP	Major Facilitator	-	-	-
WP_001551377	C	Conversion of glycerol 3-phosphate to dihydroxyacetone. Uses fumarate or nitrate as electron acceptor	glpB	ko:K00112	ko00564,ko01110,map00564,map01110
WP_001551378	S	Putative transposase, YhgA-like	yfaD	-	-
WP_001551380	H	Catalyzes the dehydration of L-rhamnonate to 2-keto-3- deoxy-L-rhamnonate (KDR)	rhmD	ko:K12661	ko00051,ko01120,map00051,map01120
WP_001551381	K	Transcriptional regulator	rhmR	-	-
WP_001551382	S	Probable molybdopterin binding domain	yfaY	-	-
WP_001551383	S	YfaZ precursor	yfaZ	-	-
WP_001551384	I	Bifunctional enzyme that catalyzes the oxidative decarboxylation of UDP-glucuronic acid (UDP-GlcUA) to UDP-4-keto- arabinose (UDP-Ara4O) and the addition of a formyl group to UDP-4- amino-4-deoxy-L-arabinose (UDP-L-Ara4N) to form UDP-L-4-formamido- arabinose (UDP-L-Ara4FN). The modified arabinose is attached to lipid A and is required for resistance to polymyxin and cationic antimicrobial peptides	arnA	ko:K01784,ko:K10011	ko00052,ko00520,ko01100,ko01503,map00052,map00520,map01100,map01503
WP_001551385	IQ	O-succinylbenzoic acid--CoA ligase	menE	ko:K00666,ko:K01911	ko00130,ko01100,ko01110,map00130,map01100,map01110
WP_001551386	H	Converts 2-succinyl-6-hydroxy-2,4-cyclohexadiene-1- carboxylate (SHCHC) to 2-succinylbenzoate (OSB)	menC	ko:K02549	ko00130,ko01100,ko01110,map00130,map01100,map01110
WP_001551389	H	Catalyzes the thiamine diphosphate-dependent decarboxylation of 2-oxoglutarate and the subsequent addition of the resulting succinic semialdehyde-thiamine pyrophosphate anion to isochorismate to yield 2-succinyl-5-enolpyruvyl-6-hydroxy-3- cyclohexene-1-carboxylate (SEPHCHC)	menD	ko:K02551	ko00130,ko01100,ko01110,map00130,map01100,map01110
WP_001551390	H	Catalyzes the conversion of chorismate to isochorismate	menF	ko:K01851,ko:K02361,ko:K02552	ko00130,ko01053,ko01100,ko01110,ko01130,map00130,map01053,map01100,map01110,map01130
WP_001551391	S	Zinc phosphodiesterase, which displays some tRNA 3'- processing endonuclease activity. Probably involved in tRNA maturation, by removing a 3'-trailer from precursor tRNA	rnz	ko:K00784	ko03013,map03013
WP_001551394	S	Domain of unknown function (DUF1877)	yfbM	-	-
WP_001551395	CP	NADH-Ubiquinone oxidoreductase (complex I), chain 5 N-terminus	nuoL	ko:K00341	ko00190,ko01100,map00190,map01100
WP_001551397	S	Sugar-phosphate phosphohydrolase that appears to contribute to butanol tolerance. Catalyzes the dephosphorylation of D-mannitol 1-phosphate and D-sorbitol 6- phosphate. Is also able to dephosphorylate other sugar phosphates in vitro including ribose-5-phosphate (Rib5P), 2- deoxyribose-5-phosphate, fructose-1-phosphate (Fru1P), fructose-6- phosphate (Fru6P), and glucose-6-phosphate (Glu6P). Selectively hydrolyzes beta-D-glucose-1- phosphate (bGlu1P) and has no activity with the alpha form	yfbT	ko:K19270	-
WP_001551398	O	Belongs to the GST superfamily	yfcG	ko:K11209	-
WP_001551399	S	coenzyme binding	yfcH	ko:K07071	-
WP_001551400	D	Non-essential cell division protein that could be required for efficient cell constriction	dedD	ko:K03749	-
WP_001551410	S	-	-	-	-
WP_001551411	G	pfkB family carbohydrate kinase	scrK	ko:K00847	ko00051,ko00500,ko00520,ko01100,map00051,map00500,map00520,map01100
WP_001551412	G	Glycosyl hydrolases family 32	cscA	ko:K01193	ko00052,ko00500,ko01100,map00052,map00500,map01100
WP_001551416	EGP	multidrug resistance	emrY	ko:K03446,ko:K07786,ko:K18926	ko02020,map02020
WP_001551428	F	Not highly important in E.coli as glucose is transported into the cell by the PTS system already as glucose 6-phosphate	glk	ko:K00845	ko00010,ko00052,ko00500,ko00520,ko00521,ko00524,ko01100,ko01110,ko01120,ko01130,ko01200,map00010,map00052,map00500,map00520,map00521,map00524,map01100,map01110,map01120,map01130,map01200
WP_001551429	P	ion-transport protein YfeO	yfeO	-	-
WP_001551431	G	Uptake of xanthosine. Driven by a proton motive force. Can also transport other nucleosides such as inosine, adenosine, cytidine, uridine and thymidine	xapB	ko:K03289,ko:K11537	-
WP_001551432	F	The purine nucleoside phosphorylases catalyze the phosphorolytic breakdown of the N-glycosidic bond in the beta- (deoxy)ribonucleoside molecules, with the formation of the corresponding free purine bases and pentose-1-phosphate	xapA	ko:K00772,ko:K03783,ko:K03815,ko:K19696	ko00230,ko00240,ko00270,ko00760,ko01100,ko01110,map00230,map00240,map00270,map00760,map01100,map01110
WP_001551433	S	Nucleoside-specific channel-forming protein, Tsx	yfeN	-	-
WP_001551434	L	DNA ligase that catalyzes the formation of phosphodiester linkages between 5'-phosphoryl and 3'-hydroxyl groups in double-stranded DNA using NAD as a coenzyme and as the energy source for the reaction. It is essential for DNA replication and repair of damaged DNA	ligA	ko:K01972	ko03030,ko03410,ko03420,ko03430,map03030,map03410,map03420,map03430
WP_001551436	S	Family of unknown function (DUF5329)	yfeK	-	-
WP_001551446	CP	Formate hydrogenlyase, subunit	hyfB	ko:K05568,ko:K12137,ko:K15828	-
WP_001551447	C	oxidoreductase activity	hyfC	ko:K12138,ko:K12139,ko:K15829	-
WP_001551448	CP	hydrogenase 4	hyfD	ko:K12139	-
WP_001551451	C	nickel cation binding	hyfG	ko:K12142,ko:K14090,ko:K15830	-
WP_001551452	C	electron transfer protein for hydrogenase	hyfH	ko:K12143	-
WP_001551453	E	formate hydrogenlyase maturation	hyfJ	ko:K12145	-
WP_001551455	P	formate transporter	focB	ko:K03459,ko:K21993	-
WP_001551456	S	cellular response to DNA damage stimulus	yfgI	-	-
WP_001551457	F	Catalyzes the synthesis of GMP from XMP	guaA	ko:K01951	ko00230,ko00983,ko01100,map00230,map00983,map01100
WP_001551458	L	Bidirectionally degrades single-stranded DNA into large acid-insoluble oligonucleotides, which are then degraded further into small acid-soluble oligonucleotides	xseA	ko:K03601	ko03430,map03430
WP_001551459	J	histidyl-tRNA aminoacylation	hisS	ko:K01892	ko00970,map00970
WP_001551460	M	penicillin-binding protein 1C	pbpC	ko:K05367	ko00550,map00550
WP_001551461	S	peptidase regulator activity	yfhM	ko:K06894	-
WP_001551462	P	Its participation in detoxification of cyanide may be small. May be involved in the enhancement of serine sensitivity	sseA	ko:K01011	ko00270,ko00920,ko01100,ko01120,ko04122,map00270,map00920,map01100,map01120,map04122
WP_001551465	K	regulation of nucleic acid-templated transcription	csiE	-	-
WP_001551466	K	transcriptional activator of	hcaR	ko:K05817	-
WP_001551467	P	Part of the multicomponent 3-phenylpropionate dioxygenase. Converts 3-phenylpropionic acid (PP) and cinnamic acid (CI) into 3-phenylpropionate-dihydrodiol (PP-dihydrodiol) and cinnamic acid-dihydrodiol (CI-dihydrodiol), respectively	hcaE	ko:K03268,ko:K05708,ko:K08689	ko00360,ko00361,ko00362,ko00621,ko00623,ko00625,ko01100,ko01120,ko01220,map00360,map00361,map00362,map00621,map00623,map00625,map01100,map01120,map01220
WP_001551475	F	Phosphoribosylformylglycinamidine synthase involved in the purines biosynthetic pathway. Catalyzes the ATP-dependent conversion of formylglycinamide ribonucleotide (FGAR) and glutamine to yield formylglycinamidine ribonucleotide (FGAM) and glutamate	purL	ko:K01952	ko00230,ko01100,ko01110,ko01130,map00230,map01100,map01110,map01130
WP_001551512	H	Catalyzes the oxidation of L-aspartate to iminoaspartate	nadB	ko:K00278	ko00250,ko00760,ko01100,map00250,map00760,map01100
WP_001551513	K	Transcriptional regulator	yfiE	-	-
WP_001551518	S	Belongs to the multicopper oxidase YfiH RL5 family	yfiH	ko:K05810	-
WP_001551521	T	cellular response to cell envelope stress	yfiN	ko:K20956,ko:K21021	ko02025,ko05111,map02025,map05111
WP_001551524	U	Involved in targeting and insertion of nascent membrane proteins into the cytoplasmic membrane. Binds to the hydrophobic signal sequence of the ribosome-nascent chain (RNC) as it emerges from the ribosomes. The SRP-RNC complex is then targeted to the cytoplasmic membrane where it interacts with the SRP receptor FtsY. Interaction with FtsY leads to the transfer of the RNC complex to the Sec translocase for insertion into the membrane, the hydrolysis of GTP by both Ffh and FtsY, and the dissociation of the SRP-FtsY complex into the individual components	ffh	ko:K03106	ko02024,ko03060,ko03070,map02024,map03060,map03070
WP_001551525	L	May be involved in recombinational repair of damaged DNA	recN	ko:K03631	-
WP_001551527	MU	cell adhesion	ypjA	-	-
WP_001551529	G	Alpha amylase, catalytic domain	-	-	-
WP_001551530	C	Belongs to the aldehyde dehydrogenase family	gabD	ko:K00135	ko00250,ko00310,ko00350,ko00650,ko00760,ko01100,ko01120,map00250,map00310,map00350,map00650,map00760,map01100,map01120
WP_001551531	E	Belongs to the class-III pyridoxal-phosphate-dependent aminotransferase family	gabT	ko:K00823,ko:K07250,ko:K14268	ko00250,ko00280,ko00310,ko00410,ko00640,ko00650,ko01100,ko01120,map00250,map00280,map00310,map00410,map00640,map00650,map01100,map01120
WP_001551532	P	thiosulfate sulfurtransferase activity	ygaP	-	-
WP_001551533	F	Probably involved in ribonucleotide reductase function	nrdI	ko:K03647	-
WP_001551535	H	Belongs to the glutamate--cysteine ligase type 1 family. Type 1 subfamily	gshA	ko:K01919	ko00270,ko00480,ko01100,map00270,map00480,map01100
WP_001551538	C	uses NADH to detoxify nitric oxide (NO), protecting several 4Fe-4S NO-sensitive enzymes. Has at least 2 reductase partners, only one of which (NorW, flavorubredoxin reductase) has been identified. NO probably binds to the di-iron center	norV	ko:K12264	ko05132,map05132
WP_001551540	O	Along with HypE, it catalyzes the synthesis of the CN ligands of the active site iron of NiFe -hydrogenases using carbamoylphosphate as a substrate. It functions as a carbamoyl transferase using carbamoylphosphate as a substrate and transferring the carboxamido moiety in an ATP-dependent reaction to the thiolate of the C-terminal cysteine of HypE yielding a protein-S-carboxamide	hypF	ko:K04656	-
WP_001551543	CP	Formate hydrogenlyase, subunit	hycC	ko:K05568,ko:K12137,ko:K15828	-
WP_001551545	S	Nitrous oxide-stimulated promoter	ygbA	-	-
WP_001551546	S	kinase activity	ygbK	ko:K21948,ko:K22129	-
WP_001551547	H	Decarboxylase involved in the decarboxylation and detoxification of phenolic derivatives under both aerobic and anaerobic conditions. It is able to catalyze the reversible decarboxylation of 4-hydroxybenzoate and vanillate	vdcC	ko:K01612	ko00627,ko01120,ko01220,map00627,map01120,map01220
WP_001551549	S	Protein of unknown function (DUF3561)	ygbE	-	-
WP_001551550	H	Belongs to the TRAFAC class translation factor GTPase superfamily. Classic translation factor GTPase family. CysN NodQ subfamily	cysN	ko:K00956	ko00230,ko00261,ko00450,ko00920,ko01100,ko01120,ko01130,map00230,map00261,map00450,map00920,map01100,map01120,map01130
WP_001551551	S	This protein, presumably an aminopeptidase, mediates the conversion of E.coli alkaline phosphatase isozyme 1, to isozymes 2 and 3 by removing, one by one, the two N-terminal arginine residues	iap	ko:K09612	-
WP_001551553	S	CRISPR-associated protein (Cas_Cas5)	cas5e	ko:K19125	-
WP_001551555	L	CRISPR (clustered regularly interspaced short palindromic repeat), is an adaptive immune system that provides protection against mobile genetic elements (viruses, transposable elements and conjugative plasmids). CRISPR clusters contain sequences complementary to antecedent mobile elements and target invading nucleic acids. CRISPR clusters are transcribed and processed into CRISPR RNA (crRNA). Cas3 plus Cascade participate in CRISPR interference, the third stage of CRISPR immunity	ygcB	ko:K07012	-
WP_001551556	E	Component of the sulfite reductase complex that catalyzes the 6-electron reduction of sulfite to sulfide. This is one of several activities required for the biosynthesis of L- cysteine from sulfate. The flavoprotein component catalyzes the electron flow from NADPH - FAD - FMN to the hemoprotein component	cysJ	ko:K00380	ko00920,ko01100,ko01120,map00920,map01100,map01120
WP_001551560	P	transmembrane transport	yqcE	-	-
WP_001551561	S	TPM domain	ygcG	ko:K06872	-
WP_001551562	F	In eubacteria ppGpp (guanosine 3'-diphosphate 5-' diphosphate) is a mediator of the stringent response that coordinates a variety of cellular activities in response to changes in nutritional abundance	relA	ko:K00951	ko00230,map00230
WP_001551563	J	Catalyzes the formation of 5-methyl-uridine at position 1939 (m5U1939) in 23S rRNA	rlmD	ko:K03215	-
WP_001551566	M	Does not seem to have an in-vivo activity on glucarate or idarate. Its real substrate is	gudX	ko:K01706,ko:K13918	ko00053,ko01100,map00053,map01100
WP_001551567	S	single-species biofilm formation	yqcC	ko:K01790	ko00521,ko00523,ko01130,map00521,map00523,map01130
WP_001551568	E	Involved in the import of serine into the cell. May be required for phage C1 adsorption by interacting with DrcB. May also be involved in ampicillin sensitivity	sdaC	ko:K03837	-
WP_001551570	G	Converts the aldose L-fucose into the corresponding ketose L-fuculose	fucI	ko:K01818	ko00051,ko01120,map00051,map01120
WP_001551571	F	Catalyzes the phosphorylation of L-fuculose	fucK	ko:K00854,ko:K00879	ko00040,ko00051,ko01100,ko01120,map00040,map00051,map01100,map01120
WP_001551574	NU	Type II secretion prepilin peptidase dependent protein C	ppdC	ko:K02681	-
WP_001551575	U	Prepilin peptidase dependent protein B	ppdB	ko:K02680	-
WP_001551576	I	Plays a role in lysophospholipid acylation. Transfers fatty acids to the 1-position via an enzyme-bound acyl-ACP intermediate in the presence of ATP and magnesium. Its physiological function is to regenerate phosphatidylethanolamine from 2-acyl-glycero-3-phosphoethanolamine (2-acyl-GPE) formed by transacylation reactions or degradation by phospholipase A1	aas	ko:K05939	ko00071,ko00564,map00071,map00564
WP_001551645	GM	NmrA-like family	JD73_00815	-	-
WP_001551651	S	Probably plays a role in a hydrogenase nickel cofactor insertion step	hypA	ko:K04651	-
WP_001551659	S	Protein of unknown function (DUF2645)	ygiZ	-	-
WP_001551661	P	Receptor	-	ko:K02014	-
WP_001551663	S	Displays esterase activity toward palmitoyl-CoA and pNP- butyrate	yqiA	ko:K07000	-
WP_001551664	M	Catalyzes the transfer of sulfuryl groups between phenolic compounds	assT	ko:K01023	-
WP_001551665	H	Catalyzes the conversion of D-ribulose 5-phosphate to formate and 3,4-dihydroxy-2-butanone 4-phosphate	ribB	ko:K02858,ko:K14652	ko00740,ko00790,ko01100,ko01110,map00740,map00790,map01100,map01110
WP_001551668	S	Flotillin	yqiK	ko:K07192	ko04910,map04910
WP_001551669	H	Involved in the regulation of glutamine synthetase GlnA, a key enzyme in the process to assimilate ammonia. When cellular nitrogen levels are high, the C-terminal adenylyl transferase (AT) inactivates GlnA by covalent transfer of an adenylyl group from ATP to specific tyrosine residue of GlnA, thus reducing its activity. Conversely, when nitrogen levels are low, the N-terminal adenylyl removase (AR) activates GlnA by removing the adenylyl group by phosphorolysis, increasing its activity. The regulatory region of GlnE binds the signal transduction protein PII (GlnB) which indicates the nitrogen status of the cell	glnE	ko:K00982	-
WP_001551670	S	Involved in the hydrolysis of the beta-gamma- phosphoanhydride linkage of triphosphate-containing substrates (inorganic or nucleoside-linked). Catalyzes the hydrolysis of inorganic triphosphate (PPPi), which could be cytotoxic because of its high affinity for calcium ion, thereby interfering with calcium signaling. It also hydrolyzes slowly thiamine triphosphate (ThTP). YgiF is a specific PPPase, but it contributes only marginally to the total PPPase activity in E.coli, where the main enzyme responsible for hydrolysis of PPPi is inorganic pyrophosphatase (PPase)	ygiF	ko:K18446	-
WP_001551671	J	Catalyzes the addition and repair of the essential 3'- terminal CCA sequence in tRNAs without using a nucleic acid template. Adds these three nucleotides in the order of C, C, and A to the tRNA nucleotide-73, using CTP and ATP as substrates and producing inorganic pyrophosphate. Also shows phosphatase, 2'- nucleotidase and 2',3'-cyclic phosphodiesterase activities. These phosphohydrolase activities are probably involved in the repair of the tRNA 3'-CCA terminus degraded by intracellular RNases	cca	ko:K00974	ko03013,map03013
WP_001551672	V	Catalyzes the dephosphorylation of undecaprenyl diphosphate (UPP). Confers resistance to bacitracin	uppP	ko:K06153	ko00550,map00550
WP_001551674	C	L( )-tartrate dehydratase subunit alpha	ttdA	ko:K03779	ko00630,map00630
WP_001551675	P	ferric-chelate reductase (NADPH) activity	yqjH	ko:K07229	-
WP_001551677	G	lactose catabolic process	ebgA	ko:K01190,ko:K12111	ko00052,ko00511,ko00600,ko01100,map00052,map00511,map00600,map01100
WP_001551678	G	beta' subunit	ebgC	ko:K12112	ko00052,ko00511,ko01100,map00052,map00511,map01100
WP_001551680	S	-	ygjJ	-	-
WP_001551683	C	Functions as an auxiliary enzyme in the beta-oxidation of unsaturated fatty acids with double bonds at even carbon positions. Catalyzes the NADPH-dependent reduction of the C4-C5 double bond of the acyl chain of 2,4-dienoyl-CoA to yield 2-trans- enoyl-CoA. Acts on both isomers, 2-trans,4-cis- and 2-trans,4-trans-decadienoyl-CoA, with almost equal efficiency. Is not active with NADH instead of NADPH. Does not show cis- trans isomerase activity	fadH	ko:K00219	-
WP_001551686	S	DUF218 domain	ygjQ	-	-
WP_001551688	E	Plays a role in L-cysteine detoxification. May transport both D- and L-serine (By similarity)	yhaO	-	-
WP_001551689	F	Catalyzes the conversion of propionyl phosphate and ADP to propionate and ATP	ackA	ko:K00925,ko:K00932	ko00430,ko00620,ko00640,ko00680,ko00720,ko01100,ko01120,ko01200,map00430,map00620,map00640,map00680,map00720,map01100,map01120,map01200
WP_001551692	G	Catalyzes the reversible retro-aldol cleavage of both 5- keto-4-deoxy-D-glucarate and 2-keto-3-deoxy-D-glucarate to pyruvate and tartronic semialdehyde	garL	ko:K01630	ko00053,map00053
WP_001551693	K	Antitoxin component of a type II toxin-antitoxin (TA) system. Labile antitoxin that binds to the YhaV toxin and neutralizes its ribonuclease activity. Also acts as a transcription factor. The YhaV PrlF complex binds the prlF-yhaV operon, probably negatively regulating its expression	sohA	ko:K19156	-
WP_001551694	G	that is required for full activity and stability of the Y subunit. Could have a chaperone-like function for the proper and stable folding of	kbaZ	ko:K16371	ko00052,ko01100,map00052,map01100
WP_001551696	G	Belongs to the metallo-dependent hydrolases superfamily. NagA family	agaA	ko:K02079	ko00052,map00052
WP_001551697	G	Catalyzes the isomerization-deamination of galactosamine 6-phosphate to form tagatofuranose 6-phosphate and ammonium ion	agaS	ko:K02082	-
WP_001551699	M	Regulator of peptidoglycan synthesis that is essential for the function of penicillin-binding protein 1A (PBP1a)	lpoA	ko:K07121	-
WP_001551701	S	Predicted permease	yraQ	ko:K07089	-
WP_001551702	S	cofactor binding	yhbP	ko:K09979	-
WP_001551707	P	calcium:cation antiporter activity	yrbG	ko:K07301	-
WP_001551712	F	Belongs to the ROK (NagC XylR) family. NanK subfamily	nanK	ko:K00845,ko:K00885	ko00010,ko00052,ko00500,ko00520,ko00521,ko00524,ko01100,ko01110,ko01120,ko01130,ko01200,map00010,map00052,map00500,map00520,map00521,map00524,map01100,map01110,map01120,map01130,map01200
WP_001551713	EGP	Catalyzes the proton-dependent transport of sialic acid	nanT	ko:K03290,ko:K08178	-
WP_001551714	D	Reduces the stability of FtsZ polymers in the presence of ATP	zapE	ko:K06916	-
WP_001551722	K	acrEF envCD operon repressor	envR	ko:K03577,ko:K18140	-
WP_001551724	M	Belongs to the membrane fusion protein (MFP) (TC 8.A.1) family	acrE	ko:K03585,ko:K18141	ko01501,ko01503,map01501,map01503
WP_001551725	U	efflux transmembrane transporter activity	acrB	ko:K18138,ko:K18142	ko01501,ko01503,map01501,map01503
WP_001551732	E	Involved in the biosynthesis of the chorismate, which leads to the biosynthesis of aromatic amino acids. Catalyzes the reversible NADPH linked reduction of 3-dehydroshikimate (DHSA) to yield shikimate (SA)	aroE	ko:K00014	ko00400,ko01100,ko01110,ko01130,ko01230,map00400,map01100,map01110,map01130,map01230
WP_001551733	J	Required for the formation of a threonylcarbamoyl group on adenosine at position 37 (t(6)A37) in tRNAs that read codons beginning with adenine. Catalyzes the conversion of L-threonine, HCO(3)(-) CO(2) and ATP to give threonylcarbamoyl-AMP (TC-AMP) as the acyladenylate intermediate, with the release of diphosphate	tsaC	ko:K07566	-
WP_001551734	LU	Partially complements natural chromosomal DNA transformation defect of an H.influenzae dprA disruption mutant. May help load RecA onto ssDNA (By similarity)	smf	ko:K04096	-
WP_001551736	J	Specifically methylates the cytosine at position 967 (m5C967) of 16S rRNA	sun	ko:K03500	-
WP_001551738	P	Pore-forming subunit of a potassium efflux system that confers protection against electrophiles. Catalyzes K( ) H( ) antiport	kefB	ko:K03455,ko:K11745,ko:K11747	-
WP_001551739	S	ABC transporter, ATP-binding protein	yheS	ko:K06158	-
WP_001551740	S	poly(3-hydroxybutyrate) depolymerase activity	yheT	ko:K07019	-
WP_001551741	E	Involved in both the arginine and lysine biosynthetic pathways	argD	ko:K00821,ko:K00840	ko00220,ko00300,ko00330,ko01100,ko01110,ko01120,ko01130,ko01210,ko01230,map00220,map00300,map00330,map01100,map01110,map01120,map01130,map01210,map01230
WP_001551743	EH	Part of a heterodimeric complex that catalyzes the two- step biosynthesis of 4-amino-4-deoxychorismate (ADC), a precursor of p-aminobenzoate (PABA) and tetrahydrofolate. In the first step, a glutamine amidotransferase (PabA) generates ammonia as a substrate that, along with chorismate, is used in the second step, catalyzed by aminodeoxychorismate synthase (PabB) to produce ADC. PabA converts glutamine into glutamate only in the presence of stoichiometric amounts of PabB	pabA	ko:K01658,ko:K01664	ko00400,ko00405,ko00790,ko01100,ko01110,ko01130,ko01230,ko02024,ko02025,map00400,map00405,map00790,map01100,map01110,map01130,map01230,map02024,map02025
WP_001551750	S	regulation of nucleic acid-templated transcription	yhfY	-	-
WP_001551751	K	YhfZ C-terminal domain	yhfZ	-	-
WP_001551752	G	Phosphoglycolate phosphatase	gph	ko:K01091	ko00630,ko01100,ko01110,ko01130,map00630,map01100,map01110,map01130
WP_001551753	D	Cell division protein DamX	damX	ko:K03112	-
WP_001551755	S	carbon utilization	hofP	ko:K12291	-
WP_001551756	S	carbon utilization	hofO	ko:K12290	-
WP_001551759	NU	Pilus assembly protein	hofM	ko:K12288	-
WP_001551761	L	Domain of unknown function (DUF4153)	yhgE	-	-
WP_001551762	F	Involved in the gluconeogenesis. Catalyzes the conversion of oxaloacetate (OAA) to phosphoenolpyruvate (PEP) through direct phosphoryl transfer between the nucleoside triphosphate and OAA	pckA	ko:K01610	ko00010,ko00020,ko00620,ko00710,ko01100,ko01110,ko01120,ko01130,ko01200,map00010,map00020,map00620,map00710,map01100,map01110,map01120,map01130,map01200
WP_001551763	K	response to ionizing radiation	yhgF	ko:K06959	-
WP_001551764	K	May function as a transcriptional regulator that controls feoABC expression	feoC	ko:K07490	-
WP_001551765	S	DNA utilization protein	gntX	-	-
WP_001551766	G	Phosphorylase is an important allosteric enzyme in carbohydrate metabolism. Enzymes from different sources differ in their regulatory mechanisms and in their natural substrates. However, all known phosphorylases share catalytic and structural properties	malP	ko:K00688	ko00500,ko01100,ko01110,ko02026,ko04217,ko04910,ko04922,ko04931,map00500,map01100,map01110,map02026,map04217,map04910,map04922,map04931
WP_001551771	K	Transcriptional regulatory protein RtcR	rtcR	ko:K14414	-
WP_001551773	S	Rhomboid-type serine protease that catalyzes intramembrane proteolysis	glpG	ko:K02441	-
WP_001551774	C	Belongs to the FAD-dependent glycerol-3-phosphate dehydrogenase family	glpD	ko:K00111	ko00564,ko01110,map00564,map01110
WP_001551777	L	ATP-dependent DNA helicase	-	ko:K03654	ko03018,map03018
WP_001551781	G	probably responsible for the translocation of the substrate across the membrane	ugpA	ko:K05814	ko02010,map02010
WP_001551782	P	the binding-protein-dependent transport system	livM	ko:K01998	ko02010,ko02024,map02010,map02024
WP_001551783	D	Involved in targeting and insertion of nascent membrane proteins into the cytoplasmic membrane. Acts as a receptor for the complex formed by the signal recognition particle (SRP) and the ribosome-nascent chain (RNC). Interaction with SRP-RNC leads to the transfer of the RNC complex to the Sec translocase for insertion into the membrane, the hydrolysis of GTP by both Ffh and FtsY, and the dissociation of the SRP-FtsY complex into the individual components	ftsY	ko:K03110	ko02024,ko03060,ko03070,map02024,map03060,map03070
WP_001551784	P	Confers resistance to zinc, cadmium and lead. Couples the hydrolysis of ATP with the export of zinc, cadmium or lead, with highest activity when the metals are present as metal-thiolate complexes. Can also bind nickel, copper, cobalt and mercury	zntA	ko:K01534	-
WP_001551785	T	permease	yhhT	ko:K11744	-
WP_001551789	V	(ABC) transporter	rbbA	ko:K13926	-
WP_001551793	K	Transcriptional repressor for the arsEFG operon. ArsE is a trans-acting regulatory protein which controls its own expression. The repressive effect of ArsE is alleviated by oxyions of III oxidation state of arsenic, antimony, and bismuth, as well as arsenate (As(V)) (By similarity)	arsR	ko:K03892	-
WP_001551794	U	Involved in arsenical resistance. Thought to form the channel of an arsenite pump	arsB	ko:K03893	-
WP_001551795	P	Haem utilisation ChuX/HutX	hmuS	ko:K07225	-
WP_001551796	P	Periplasmic binding protein	chuT	ko:K02016	ko02010,map02010
WP_001551797	H	coproporphyrinogen III oxidase	hutW	ko:K21936	-
WP_001551798	GM	NmrA-like family	YPO0284	-	-
WP_001551804	K	Positively regulates the expression of about fifteen genes involved in acid resistance such as gadA, gadB and gadC. Depending on the conditions (growth phase and medium), can repress gadW	gadX	ko:K21905	-
WP_001551806	M	regulation of protein targeting	yhjG	ko:K07290	-
WP_001551807	T	A bis-(3'-5') cyclic diguanylic acid (c-di-GMP) phosphodiesterase involved in regulating the levels of c-di-GMP that control cell motility (the flagella) and adhesion (adhesive curli fimbriae). The YhjH effect on flagella is controlled via the c-di-GMP-binding flagellar brake protein YcgR, however curli expression is not regulated via YcgR. Forms a network with different diguanylate cyclases (DosC, YeaJ, YedQ, YegE have been identified) to regulate c-di-GMP levels. Flagellar activity is high at low c-di-GMP levels whereas curli fimbria are induced at high c-di-GMP levels. Cyclic-di-GMP is a second messenger which controls cell surface-associated traits in bacteria	yhjH	ko:K21086	ko02026,map02026
WP_001551808	O	cellulose synthase operon protein C	bcsC	ko:K20543	-
WP_001551816	C	This enzyme may serve as a scavenger, allowing the cell to utilize biotin sulfoxide as a biotin source. It reduces a spontaneous oxidation product of biotin, D-biotin D-sulfoxide (BSO or BDS), back to biotin. Also exhibits methionine-(S)-sulfoxide (Met-S-SO) reductase activity, acting specifically on the (S) enantiomer in the free, but not the protein-bound form. It thus plays a role in assimilation of oxidized methionines	bisC	ko:K07306,ko:K07309,ko:K07310,ko:K07811,ko:K07812,ko:K08351	ko00450,ko00780,ko00920,ko01100,ko02020,map00450,map00780,map00920,map01100,map02020
WP_001551819	J	Glycyl-tRNA synthetase beta subunit	glyS	ko:K01879	ko00970,map00970
WP_001551820	S	YsaB-like lipoprotein	ysaB	-	-
WP_001551822	S	Responsible for the incorporation of O-acetyl groups into the enterobacterial common antigen (ECA) trisaccharide repeat units	wecH	-	-
WP_001551823	F	xylulose metabolic process	xylB	ko:K00854	ko00040,ko01100,map00040,map01100
WP_001551825	G	Since only maltooligosaccharides up to a chain length of 6 glucose units are actively transported through the cytoplasmic membrane via the membrane-bound complex of three proteins, MalF, MalG, and MalK, longer maltooligosaccharides must first be degraded by the periplasmic alpha-amylase, the MalS protein	malS	ko:K01176	ko00500,ko01100,ko04973,map00500,map01100,map04973
WP_001551826	E	Valine--pyruvate aminotransferase	avtA	ko:K00835	ko00290,ko01100,ko01110,ko01130,map00290,map01100,map01110,map01130
WP_001551841	S	Protein of unknown function (DUF3251)	-	-	-
WP_001551844	C	Transports L-lactate across the membrane. Can also transport D-lactate and glycolate. Seems to be driven by a proton motive force	lldP	ko:K00427,ko:K03303	-
WP_001551846	S	carbohydrate metabolic process	yibQ	ko:K09798	-
WP_001551848	M	Lipopolysaccharide 1,2-glucosyltransferase	rfaJ	ko:K03276,ko:K03279	ko00540,ko01100,map00540,map01100
WP_001551850	S	DNA-damage-inducible protein d	dinD	ko:K14623	-
WP_001551854	M	AsmA family	yicH	-	-
WP_001551856	S	Pfam:DUF1498	-	ko:K09988	ko00040,map00040
WP_001551858	GK	Catalyzes the phosphorylation of fructose to fructose-6- P. Has also low level glucokinase activity in vitro. Is not able to phosphorylate D-ribose, D-mannitol, D-sorbitol, inositol, and L-threonine	Z012_07775	ko:K00845,ko:K00847	ko00010,ko00051,ko00052,ko00500,ko00520,ko00521,ko00524,ko01100,ko01110,ko01120,ko01130,ko01200,map00010,map00051,map00052,map00500,map00520,map00521,map00524,map01100,map01110,map01120,map01130,map01200
WP_001551859	G	Fructose-bisphosphate aldolase class-II	fba	ko:K01624	ko00010,ko00030,ko00051,ko00680,ko00710,ko01100,ko01110,ko01120,ko01130,ko01200,ko01230,map00010,map00030,map00051,map00680,map00710,map01100,map01110,map01120,map01130,map01200,map01230
WP_001551861	G	Belongs to the glycosyl hydrolase 31 family	yicI	ko:K01811	-
WP_001551898	T	Part of the UhpABC signaling cascade that controls the expression of the hexose phosphate transporter UhpT. UhpB functions as a membrane-associated protein kinase that autophosphorylates in response to interaction with UhpC, and subsequently transfers its phosphate group to the response regulator UhpA. Can also dephosphorylate UhpA	uhpB	ko:K07675,ko:K20263	ko02020,ko02024,map02020,map02024
WP_001551923	E	Involved in tryptophan transport across the cytoplasmic membrane. Plays a role in transporting tryptophan which is to be used catabolically	tnaB	ko:K03834,ko:K03835,ko:K03836	-
WP_001551926	S	Can also reduce toxic chromate to insoluble and less toxic Cr(3 ). Catalyzes the transfer of three electrons to Cr(6 ) producing Cr(3 ) and one electron to molecular oxygen without producing the toxic Cr(5 ) species and only producing a minimal amount of reactive oxygen species (ROS). Chromate reduction protects the cell against chromate toxicity, but is likely a secondary activity	yieF	ko:K19784	-
WP_001551928	S	Catalyzes strongly the dephosphorylation of 6- phosphogluconate (6P-Glu) and slightly the dephosphorylation of dihydroxyacetone phosphate (DHAP) and phosphoenolpyruvate (PEP). Also hydrolyzes both purines (GMP and IMP) and pyrimidines as secondary substrates	yieH	-	-
WP_001551936	M	Catalyzes the last two sequential reactions in the de novo biosynthetic pathway for UDP-N-acetylglucosamine (UDP- GlcNAc). The C-terminal domain catalyzes the transfer of acetyl group from acetyl coenzyme A to glucosamine-1-phosphate (GlcN-1-P) to produce N-acetylglucosamine-1-phosphate (GlcNAc-1-P), which is converted into UDP-GlcNAc by the transfer of uridine 5- monophosphate (from uridine 5-triphosphate), a reaction catalyzed by the N-terminal domain	glmU	ko:K04042	ko00520,ko01100,ko01130,map00520,map01100,map01130
WP_001551941	F	Catalyzes the phosphorylation of ribose at O-5 in a reaction requiring ATP and magnesium. The resulting D-ribose-5- phosphate can then be used either for sythesis of nucleotides, histidine, and tryptophan, or as a component of the pentose phosphate pathway	rbsK	ko:K00852	ko00030,map00030
WP_001551955	O	ATP-dependent peptidase activity	comM	ko:K07391	-
WP_001551957	H	Thiamine pyrophosphate enzyme, central domain	ilvG	ko:K01652	ko00290,ko00650,ko00660,ko00770,ko01100,ko01110,ko01130,ko01210,ko01230,map00290,map00650,map00660,map00770,map01100,map01110,map01130,map01210,map01230
WP_001551959	E	Dihydroxy-acid dehydratase	ilvD	ko:K01687	ko00290,ko00770,ko01100,ko01110,ko01130,ko01210,ko01230,map00290,map00770,map01100,map01110,map01130,map01210,map01230
WP_001551962	M	Catalyzes the reversible epimerization at C-2 of UDP-N- acetylglucosamine (UDP-GlcNAc) and thereby provides bacteria with UDP-N-acetylmannosamine (UDP-ManNAc), the activated donor of ManNAc residues	wecB	ko:K01791,ko:K08068	ko00520,ko01100,ko05111,map00520,map01100,map05111
WP_001551963	M	Catalyzes the four-electron oxidation of UDP-N-acetyl-D- mannosamine (UDP-ManNAc), reducing NAD( ) and releasing UDP-N- acetylmannosaminuronic acid (UDP-ManNAcA)	wecC	ko:K02472	ko00520,ko05111,map00520,map05111
WP_001551965	M	Belongs to the NAD(P)-dependent epimerase dehydratase family. dTDP-glucose dehydratase subfamily	rffG	ko:K01710	ko00521,ko00523,ko00525,ko01055,ko01130,map00521,map00523,map00525,map01055,map01130
WP_001551966	E	Catalyzes the synthesis of dTDP-4-amino-4,6-dideoxy-D- galactose (dTDP-Fuc4N) from dTDP-4-keto-6-deoxy-D-glucose (dTDP-D- Glc4O) and L-glutamate	wecE	ko:K02805	-
WP_001551967	CG	Catalyzes the synthesis of Und-PP-GlcNAc-ManNAcA-Fuc4NAc (Lipid III), the third lipid-linked intermediate involved in ECA synthesis	wecF	ko:K12582	-
WP_001551968	S	Probably involved in the polymerization of enterobacterial common antigen (ECA) trisaccharide repeat units	wzyE	ko:K02853	-
WP_001551970	H	synthase	hemD	ko:K01719	ko00860,ko01100,ko01110,ko01120,map00860,map01100,map01110,map01120
WP_001551974	D	Site-specific tyrosine recombinase, which acts by catalyzing the cutting and rejoining of the recombining DNA molecules. Binds cooperatively to specific DNA consensus sequences that are separated from XerD binding sites by a short central region, forming the heterotetrameric XerC-XerD complex that recombines DNA substrates. The complex is essential to convert dimers of the bacterial chromosome into monomers to permit their segregation at cell division. It also contributes to the segregational stability of plasmids	xerC	ko:K03733	-
WP_001551977	S	Enterobacterial putative membrane protein (DUF943)	-	-	-
WP_001551979	M	Protein of unknown function (DUF3289)	-	-	-
WP_001551980	S	EamA-like transporter family	rarD	ko:K05786	-
WP_001551984	EG	EamA-like transporter family	yigM	-	-
WP_001551985	E	Catalyzes the transfer of a methyl group from 5- methyltetrahydrofolate to homocysteine resulting in methionine formation	metE	ko:K00549	ko00270,ko00450,ko01100,ko01110,ko01230,map00270,map00450,map01100,map01110,map01230
WP_001551986	Q	Dienelactone hydrolase	ysgA	ko:K01061	ko00361,ko00364,ko00623,ko01100,ko01110,ko01120,ko01130,map00361,map00364,map00623,map01100,map01110,map01120,map01130
WP_001551988	L	3'-5' exonuclease that prefers single-stranded DNA and RNA. May play a role in the H(2)O(2)-induced DNA damage repair	tatD	ko:K03424	-
WP_001552008	M	Protein of unknown function (DUF3300)	yacH	-	-
WP_001552112	E	D-serine dehydratase	dsdA	ko:K01753	ko00260,map00260
WP_001552795	S	tail component of prophage	-	-	-
WP_001557866	L	Integrase is necessary for integration of the phage into the host genome by site-specific recombination. In conjunction with excisionase, integrase is also necessary for excision of the prophage from the host genome (By similarity)	intR	ko:K14059	-
WP_001558750	S	Hydrolyzes the pyrophosphate bond of UDP-2,3- diacylglucosamine to yield 2,3-diacylglucosamine 1-phosphate (lipid X) and UMP by catalyzing the attack of water at the alpha-P atom. Involved in the biosynthesis of lipid A, a phosphorylated glycolipid that anchors the lipopolysaccharide to the outer membrane of the cell	lpxH	ko:K03269	ko00540,ko01100,map00540,map01100
WP_001559103	J	N-terminal peptidyl-serine acetylation	rimL	ko:K03817	-
WP_001559156	S	Domain of unknown function (DUF4186)	yneG	-	-
WP_001559250	EH	Part of a heterodimeric complex that catalyzes the two- step biosynthesis of 4-amino-4-deoxychorismate (ADC), a precursor of p-aminobenzoate (PABA) and tetrahydrofolate. In the first step, a glutamine amidotransferase (PabA) generates ammonia as a substrate that, along with chorismate, is used in the second step, catalyzed by aminodeoxychorismate synthase (PabB) to produce ADC. PabB, in the absence of PabA, can catalyze the formation of ADC in the presence of exogenous ammonia	pabB	ko:K01665	ko00790,map00790
WP_001559478	S	Uncharacterized protein conserved in bacteria (DUF2135)	yfaP	-	-
WP_001559570	F	Ethanolamine utilization cobalamin adenosyltransferase	eutT	ko:K04032	ko00860,ko01100,map00860,map01100
WP_001559574	P	Belongs to the ArsC family	yffB	ko:K00537	-
WP_001559934	C	Involved in the glycolate utilization. Catalyzes the condensation and subsequent hydrolysis of acetyl-coenzyme A (acetyl-CoA) and glyoxylate to form malate and CoA	glcB	ko:K01638	ko00620,ko00630,ko01100,ko01110,ko01120,ko01200,map00620,map00630,map01100,map01110,map01120,map01200
WP_001563736	M	ImpA domain protein	-	ko:K11911	-
WP_001563792	S	oxidoreductase activity	mviM	ko:K03810	-
WP_001563799	S	Outer Membrane Lipoprotein	ycfJ	-	-
WP_001563811	MU	outer membrane autotransporter barrel domain protein	-	ko:K12678	-
WP_001563812	HP	AAA domain, putative AbiEii toxin, Type IV TA system	-	ko:K02013	ko02010,map02010
WP_001563833	C	Catalyzes the NAD(P)H-dependent reduction of pyridoxal to pyridoxine in vitro. Is not able to reduce 4-pyridoxate, and to oxidize pyridoxine or pyridoxamine. Has Kemp eliminase activity towards the non-physiological substrate 5- nitrobenzisoxazole, producing 4-nitro-2-cyanophenol	ydbC	ko:K05275	ko00750,ko01100,ko01120,map00750,map01100,map01120
WP_001563891	S	Protein of unknown function DUF72	yecE	-	-
WP_001563949	P	Colicin I receptor	cirA	ko:K16089,ko:K19611	ko02020,map02020
WP_001564186	C	cytochrome C peroxidase	yhjA	ko:K00428	-
WP_001564208	H	HemX, putative uroporphyrinogen-III C-methyltransferase	hemX	ko:K02496,ko:K13543	ko00860,ko01100,ko01110,ko01120,map00860,map01100,map01110,map01120
WP_001564234	P	phosphonate C-P lyase system protein PhnL	phnL	ko:K05780	ko00440,map00440
WP_001570904	F	Phosphatase that hydrolyzes non-canonical purine nucleotides such as XTP and ITP to their respective diphosphate derivatives. Probably excludes non-canonical purines from DNA precursor pool, thus preventing their incorporation into DNA and avoiding chromosomal lesions	yjjX	-	-
WP_001572089	U	galacturonate metabolic process	yidR	-	-
WP_001576746	P	ATPases associated with a variety of cellular activities	sitB	ko:K02074,ko:K09820,ko:K11607,ko:K11710	ko02010,map02010
WP_001577669	S	Protein of unknown function (DUF1435)	yjjZ	-	-
WP_001577698	S	Overproduction of CaiE stimulates the activity of CaiB and CaiD	caiE	ko:K02617,ko:K08279	-
WP_001577811	C	Involved in the catabolism of short chain fatty acids (SCFA) via the tricarboxylic acid (TCA)(acetyl degradation route) and via the 2-methylcitrate cycle I (propionate degradation route). Catalyzes the Claisen condensation of propionyl-CoA and oxaloacetate (OAA) to yield (2S,3S)-2-methylcitrate (2-MC) and CoA. Also catalyzes the condensation of oxaloacetate with acetyl- CoA to yield citrate but with a lower specificity	prpC	ko:K01659	ko00640,map00640
WP_001578237	E	murein tripeptide carboxypeptidase activity	mpaA	ko:K14054	-
WP_001578329	C	Belongs to the prokaryotic molybdopterin-containing oxidoreductase family	narZ	ko:K00370	ko00910,ko01120,ko02020,map00910,map01120,map02020
WP_001578393	V	Corresponds to locus_tag	ydfU	-	-
WP_001578517	K	During the post-exponential growth phase transiently interferes with RpoS (sigma S) activity without affecting expression of RpoS itself. It is probably not an anti-sigma factor as its overexpression is detrimental in rapidly growing cells where there is almost no sigma S factor. There is a strong overlap between Crl-activated genes and FliZ-down-regulated genes. FliZ acts as a timing device for expression of the genes for the adhesive curli fimbriae by indirectly decreasing expression of the curli regulator CsgD	fliZ	ko:K02425	ko02026,map02026
WP_001578664	K	Cyclic nucleotide-monophosphate binding domain	yeiL	ko:K16326	-
WP_001578772	T	Acts as a sensor for nitrate nitrite and transduces signal of nitrate nitrite availability to the NarL NarP proteins. NarQ probably activates NarL and NarP by phosphorylation. NarQ probably negatively regulates the NarL protein by dephosphorylation	narQ	ko:K07673,ko:K07674	ko02020,map02020
WP_001586580	J	One of several proteins that assist in the late maturation steps of the functional core of the 30S ribosomal subunit. Helps release RbfA from mature subunits. May play a role in the assembly of ribosomal proteins into the subunit. Circularly permuted GTPase that catalyzes slow GTP hydrolysis, GTPase activity is stimulated by the 30S ribosomal subunit	rsgA	ko:K06949	ko00730,ko01100,map00730,map01100
WP_001586679	P	Part of the ABC transporter complex FhuCDB involved in iron(3 )-hydroxamate import. Binds the iron(3 )-hydroxamate complex and transfers it to the membrane-bound permease. Required for the transport of all iron(3 )-hydroxamate siderophores such as ferrichrome, gallichrome, desferrioxamine, coprogen, aerobactin, shizokinen, rhodotorulic acid and the antibiotic albomycin	fhuD	ko:K02016	ko02010,map02010
WP_001586708	NU	Part of the ecpRABCDE operon, which encodes the E.coli common pilus (ECP). ECP is found in both commensal and pathogenic strains and plays a dual role in early-stage biofilm development and host cell recognition (By similarity)	ecpE	ko:K21968	-
WP_001586713	M	cell adhesion	eaeH	ko:K13735	ko05100,map05100
WP_001586717	S	response to radiation	yahD	ko:K06867	-
WP_001586752	S	LexA-binding, inner membrane-associated putative hydrolase	ybcI	ko:K07038	-
WP_001586781	K	Porin thermoregulatory protein EnvY	envY	ko:K03755,ko:K11920	-
WP_001586783	S	Domain of unknown function (DUF4434)	ybcH	-	-
WP_001586784	M	Bacteriophage N4 adsorption protein A	nfrA	ko:K11739	-
WP_001586787	M	RHS Repeat	-	-	-
WP_001586788	S	TIGRFAM type VI secretion system Vgr family protein	-	ko:K11904	ko03070,map03070
WP_001587065	K	Transcriptional regulator	yneJ	-	-
WP_001587106	L	DNA repair enzyme that has both DNA N-glycosylase activity and AP-lyase activity. The DNA N-glycosylase activity releases various damaged pyrimidines from DNA by cleaving the N- glycosidic bond, leaving an AP (apurinic apyrimidinic) site. The AP-lyase activity cleaves the phosphodiester bond 3' to the AP site by a beta-elimination, leaving a 3'-terminal unsaturated sugar and a product with a terminal 5'-phosphate	nth	ko:K10773	ko03410,map03410
WP_001589678	P	transport system permease protein	thiP	ko:K02063	ko02010,map02010
WP_001590124	C	Cytochrome b(561)	cybB	ko:K12262	-
WP_001590484	E	ethanolamine metabolic process	eutQ	ko:K04030	-
WP_001590707	F	ATP binding	yghR	-	-
WP_001592643	K	In vitro catalyzes the addition of water to fumarate, forming malate. Cannot catalyze the reverse reaction. Cannot use the cis-isomer maleate as substrate	yggD	-	-
WP_001595351	C	Oxidoreductase	-	-	-
WP_001595352	K	Transcriptional regulator	-	-	-
WP_001595353	C	pyridine nucleotide-disulfide oxidoreductase	ykgC	ko:K21739	-
WP_001595356	K	Cupin	ykgD	ko:K18991,ko:K21746	-
WP_001595359	C	Cysteine-rich domain	ykgE	ko:K18928	-
WP_001595361	C	lactate oxidation	ykgF	ko:K18929	-
WP_001595362	S	LUD domain	ykgG	ko:K00782	-
WP_001595368	C	cofactor binding	yahF	-	-
WP_001595370	F	hydrolase activity, acting on carbon-nitrogen (but not peptide) bonds, in cyclic amidines	yahJ	ko:K01485	ko00240,ko00330,ko01100,map00240,map00330,map01100
WP_001595371	S	ASCH	-	-	-
WP_001595373	U	Branched-chain amino acid transport system / permease component	-	ko:K02057	-
WP_001595376	S	Involved in the catabolism of short chain fatty acids (SCFA) via the tricarboxylic acid (TCA)(acetyl degradation route) and via the 2-methylcitrate cycle I (propionate degradation route). Catalyzes the stereospecific dehydration of (2S,3S)-2- methylcitrate (2-MC) to yield the cis isomer of 2-methyl- aconitate	prpD	ko:K01720	ko00640,map00640
WP_001595377	P	Reversible hydration of carbon dioxide. Carbon dioxide formed in the bicarbonate-dependent decomposition of cyanate by cyanase (CynS) diffuses out of the cell faster than it would be hydrated to bicarbonate, so the apparent function of this enzyme is to catalyze the hydration of carbon dioxide and thus prevent depletion of cellular bicarbonate	cynT	ko:K01673	ko00910,map00910
WP_001595378	P	transporter	cynX	ko:K03449	-
WP_001595382	M	transferase activity, transferring glycosyl groups	yaiP	-	-
WP_001595385	Q	Catalyzes the conversion of taurine and alpha ketoglutarate to sulfite, aminoacetaldehyde and succinate. Required for the utilization of taurine (2-aminoethanesulfonic acid) as an alternative sulfur source. Pentane-sulfonic acid, 3- (N-morpholino)propanesulfonic acid and 1,3-dioxo-2- isoindolineethanesulfonic acid are also substrates for this enzyme	tauD	ko:K03119	ko00430,ko00920,map00430,map00920
WP_001595397	L	Transposase IS200 like	-	ko:K07491	-
WP_001595403	F	Belongs to the 5'-nucleotidase family	ushA	ko:K11751	ko00230,ko00240,ko00760,ko01100,ko01110,map00230,map00240,map00760,map01100,map01110
WP_001595405	E	transport protein	ybaT	-	-
WP_001595407	Q	von willebrand factor, type A	lapA	ko:K12549	-
WP_001595408	J	Catalyzes the transfer of selenium from selenophosphate for conversion of 2-thiouridine to 2-selenouridine at the wobble position in tRNA	selU	ko:K06917	-
WP_001595409	G	Belongs to the glycerate kinase type-1 family	glxK	ko:K00865	ko00260,ko00561,ko00630,ko01100,ko01120,ko01130,map00260,map00561,map00630,map01100,map01120,map01130
WP_001595411	C	multicopy suppressor of dominant negative ftsH	fdrA	ko:K02381	-
WP_001595413	C	Protein of unknown function (DUF1116)	ylbE	-	-
WP_001595415	S	Protein of unknown function (DUF2877)	ylbF	-	-
WP_001595417	F	Catalyzes the ATP-dependent conversion of 5- aminoimidazole ribonucleotide (AIR) and HCO(3)(-) to N5- carboxyaminoimidazole ribonucleotide (N5-CAIR)	purK	ko:K01589	ko00230,ko01100,ko01110,ko01130,map00230,map01100,map01110,map01130
WP_001595419	NU	Part of the sfmACDHF fimbrial operon. Could contribute to adhesion to various surfaces in specific environmental niches. Increases adhesion to eukaryotic T24 bladder epithelial cells in the absence of fim genes. Probably involved in the export and assembly of fimbrial subunits across the outer membrane	sfmD	ko:K07347,ko:K07354	ko05133,map05133
WP_001595421	NU	Part of the sfmACDHF fimbrial operon. Could contribute to adhesion to various surfaces in specific environmental niches. Increases adhesion to eukaryotic T24 bladder epithelial cells in the absence of fim genes	fimH	ko:K07350,ko:K07356	-
WP_001595422	NU	Part of the sfmACDHF fimbrial operon. Could contribute to adhesion to various surfaces in specific environmental niches. Increases adhesion to eukaryotic T24 bladder epithelial cells in the absence of fim genes	fimF	ko:K07345,ko:K07348,ko:K07355	ko05133,map05133
WP_001595435	S	Minor tail protein T	GJ12_01675	-	-
WP_001595447	M	Forms pores that allow passive diffusion of cations across the outer membrane. Part of a cation efflux system that mediates resistance to copper and silver	cusC	ko:K07796,ko:K08721,ko:K18139	ko01501,ko02020,ko02024,map01501,map02020,map02024
WP_001595448	P	Belongs to the resistance-nodulation-cell division (RND) (TC 2.A.6) family	cusA	ko:K07787	ko02020,map02020
WP_001595453	Q	Activates the carboxylate group of L-serine via ATP- dependent PPi exchange reactions to the aminoacyladenylate, preparing that molecule for the final stages of enterobactin synthesis. Holo-EntF acts as the catalyst for the formation of the three amide and three ester bonds present in the cyclic (2,3- dihydroxybenzoyl)serine trimer enterobactin, using seryladenylate and acyl-holo-EntB (acylated with 2,3-dihydroxybenzoate by EntE)	entF	ko:K02364	ko01053,ko01110,ko01130,map01053,map01110,map01130
WP_001595454	M	Ferric enterobactin transport protein FepE	fepE	-	-
WP_001595455	P	Belongs to the binding-protein-dependent transport system permease family. FecCD subfamily	fepG	ko:K02015	ko02010,map02010
WP_001595460	O	Required for disulfide bond formation in some periplasmic proteins. Acts by transferring its disulfide bond to other proteins and is reduced in the process	dsbG	ko:K03805	-
WP_001595461	C	Citrate (pro-3S)-lyase alpha chain	citF	ko:K01643	ko02020,map02020
WP_001595463	M	Transfers a palmitate residue from the sn-1 position of a phospholipid to the N-linked hydroxymyristate on the proximal unit of lipid A or its precursors	pagP	ko:K12973	ko01503,ko05133,map01503,map05133
WP_001595468	P	Part of the ABC transporter complex GltIJKL involved in glutamate and aspartate uptake. Probably responsible for the translocation of the substrate across the membrane	gltJ	ko:K02029,ko:K10003	ko02010,ko02020,map02010,map02020
WP_001595470	ET	Part of the ABC transporter complex GltIJKL involved in glutamate and aspartate uptake. Binds to both glutamate and aspartate	gltI	ko:K10001	ko02010,ko02020,map02010,map02020
WP_001595472	E	Asparagine synthetase B	asnB	ko:K01953	ko00250,ko01100,ko01110,map00250,map01100,map01110
WP_001595473	G	Involved in the first step in the biosynthesis of amino- sugar-nucleotides. Catalyzes the hydrolysis of the N-acetyl group of N-acetylglucosamine-6-phosphate (GlcNAc-6-P) to yield glucosamine 6-phosphate and acetate. In vitro, can also hydrolyze substrate analogs such as N-thioacetyl-D-glucosamine-6-phosphate, N-trifluoroacetyl-D-glucosamine-6-phosphate, N-acetyl-D- glucosamine-6-sulfate, N-acetyl-D-galactosamine-6-phosphate, and N-formyl-D-glucosamine-6-phosphate	nagA	ko:K01443	ko00520,ko01130,map00520,map01130
WP_001595476	G	PTS system, N-acetylglucosamine-specific	nagE	ko:K02802,ko:K02803,ko:K02804	ko00520,ko02060,map00520,map02060
WP_001595485	NU	May be involved in a fimbrial system chaperoned by	ybgO	-	-
WP_001595489	C	Succinyl-CoA synthetase functions in the citric acid cycle (TCA), coupling the hydrolysis of succinyl-CoA to the synthesis of either ATP or GTP and thus represents the only step of substrate-level phosphorylation in the TCA. The alpha subunit of the enzyme binds the substrates coenzyme A and phosphate, while succinate binding and nucleotide specificity is provided by the beta subunit	sucD	ko:K01902	ko00020,ko00640,ko00660,ko00720,ko01100,ko01110,ko01120,ko01130,ko01200,map00020,map00640,map00660,map00720,map01100,map01110,map01120,map01130,map01200
WP_001595490	K	The ModE-Mo complex acts as a repressor of the modABC operon, involved in the transport of molybdate. Upon binding molybdate, the conformation of the protein changes, promoting dimerization of ModE-Mo. The protein dimer is then competent to bind a DNA region, upstream of the modABC operon	modE	ko:K02019	-
WP_001595491	P	Molybdate-binding periplasmic	modA	ko:K02020	ko02010,map02010
WP_001595492	P	sodium ion transport	ybhI	ko:K03319	-
WP_001595511	S	Bacteriophage Rz lysis protein	-	-	-
WP_001595534	P	Involved in the active transport across the outer membrane of iron complexed with catecholate siderophores such as dihydroxybenzoylserine and dihydroxybenzoate. It derives its energy for transport by interacting with the trans-periplasmic membrane protein TonB. Can also transport catechol-substituted cephalosporins. Receptor for microcins M, H47 and E492	fiu	ko:K16090	-
WP_001595539	O	Activation of pyruvate formate-lyase 2 under anaerobic conditions by generation of an organic free radical, using S- adenosylmethionine and reduced flavodoxin as cosubstrates to produce 5'-deoxy-adenosine	ybiY	ko:K04069	-
WP_001595541	G	Catalyzes the reversible formation of fructose 6- phosphate from dihydroxyacetone and D-glyceraldehyde 3-phosphate via an aldolization reaction	fsaA	ko:K08313,ko:K08314	-
WP_001595542	H	COG0476 Dinucleotide-utilizing enzymes involved in molybdopterin and thiamine biosynthesis family 2	moeB	ko:K03148,ko:K21029	ko00730,ko01100,ko04122,map00730,map01100,map04122
WP_001595543	H	Molybdopterin	moeA	ko:K03750	ko00790,ko01100,map00790,map01100
WP_001595545	P	Part of the ABC transporter complex GsiABCD involved in glutathione import. Responsible for energy coupling to the transport system	gsiA	ko:K02031,ko:K02032,ko:K13892,ko:K13896,ko:K19229,ko:K19230	ko01503,ko02010,ko02024,map01503,map02010,map02024
WP_001595546	T	Overexpression reduces biofilm formation. Cyclic-di-GMP is a second messenger which controls cell surface-associated traits in bacteria	yliE	-	-
WP_001595547	G	Can oxidize glucose to gluconolactone. Can also utilize D-arabinose, L- arabinose and 2-deoxy-glucose. Has higher activity towards oligomeric sugars, such as maltose, maltotriose or cellobiose. It may function to input sugar-derived electrons into the respiratory network	yliI	ko:K21430	-
WP_001595548	O	Conjugation of reduced glutathione to a wide number of exogenous and endogenous hydrophobic electrophiles	yliJ	ko:K00799	ko00480,ko00980,ko00982,ko00983,ko01524,ko05200,ko05204,ko05225,ko05418,map00480,map00980,map00982,map00983,map01524,map05200,map05204,map05225,map05418
WP_001595600	C	Dimethyl sulfoxide reductase	dmsA	ko:K07306,ko:K07309,ko:K07310,ko:K07811,ko:K07812,ko:K08351	ko00450,ko00780,ko00920,ko01100,ko02020,map00450,map00780,map00920,map01100,map02020
WP_001595602	S	protein conserved in bacteria	ycaQ	ko:K09927	-
WP_001595606	P	Part of the ABC transporter complex SsuABC involved in aliphatic sulfonates import. Responsible for energy coupling to the transport system	ssuB	ko:K15555	ko00920,ko02010,map00920,map02010
WP_001595607	P	ABC transporter	ssuA	ko:K15553	ko00920,ko02010,map00920,map02010
WP_001595608	S	Catalyzes an NADPH-dependent reduction of FMN, but is also able to reduce FAD or riboflavin	ssuE	ko:K00299	ko00740,ko00920,ko01100,map00740,map00920,map01100
WP_001595609	NU	Fimbrial	elfA	-	-
WP_001595613	L	Helicase IV catalyzes the unwinding of duplex DNA in the 3' to 5' direction with respect to the bound single strand in a reaction that is dependent upon the hydrolysis of ATP	helD	ko:K03658	-
WP_001595614	K	nucleic acid-templated transcription	cspG	ko:K03704	-
WP_001595616	CK	Regulator of nitric oxide reductase transcription	nosR	ko:K19339	-
WP_001595618	C	an anaerobic reaction coupled to energy-yielding reactions	torA	ko:K07306,ko:K07309,ko:K07310,ko:K07811,ko:K07812,ko:K08351	ko00450,ko00780,ko00920,ko01100,ko02020,map00450,map00780,map00920,map01100,map02020
WP_001595619	S	-	yccE	-	-
WP_001595623	S	Exports the biofilm adhesin polysaccharide poly-beta- 1,6-N-acetyl-D-glucosamine (PGA) across the outer membrane. The PGA transported seems to be partially N-deacetylated since N- deacetylation of PGA by PgaB is needed for PGA export through the PgaA porin	pgaA	ko:K11935	ko02026,map02026
WP_001595626	S	Acetyltransferase (GNAT) domain	-	-	-
WP_001595627	J	Endoribonuclease that plays a central role in RNA processing and decay. Required for the maturation of 5S and 16S rRNAs and the majority of tRNAs. Also involved in the degradation of most mRNAs	rne	ko:K08300	ko03018,map03018
WP_001595628	IQ	reductase	fabG	ko:K00059	ko00061,ko00333,ko00780,ko01040,ko01100,ko01130,ko01212,map00061,map00333,map00780,map01040,map01100,map01130,map01212
WP_001595636	S	-	ymgC	-	-
WP_001595640	E	Catalyzes the interconversion of L-alanine and D- alanine. May also act on other amino acids	dadX	ko:K01775	ko00473,ko01100,ko01502,map00473,map01100,map01502
WP_001595642	S	regulation of response to stimulus	inlE	-	-
WP_001595645	M	TonB dependent receptor	prrA	ko:K02014	-
WP_001595648	P	Belongs to the ABC transporter superfamily	oppF	ko:K10823,ko:K12372	ko01501,ko02010,ko02024,map01501,map02010,map02024
WP_001595650	T	Part of a 2 protein system that seems to be dedicated to transcription of csgD. This protein decreases csgD transcription and thus decreases expression of adhesive curli fimbriae genes csgEFG, csgBAC ymaD and adrA (yaic). Activity of this protein is antagonized by the diguanylate cyclase YdaM. In vitro has c-di-GMP phosphodiesterase activity. Cyclic-di-GMP is a second messenger which controls cell surface-associated traits in bacteria	gmr	ko:K14051	ko02024,ko02026,map02024,map02026
WP_001595652	S	UPF0283 membrane protein YcjF	ycjF	ko:K08990	-
WP_001595653	M	Belongs to the mandelate racemase muconate lactonizing enzyme family	ycjG	ko:K01856,ko:K19802	ko00361,ko00362,ko00364,ko00623,ko01100,ko01120,ko01220,map00361,map00362,map00364,map00623,map01100,map01120,map01220
WP_001595656	J	Helps to maintain the integrity of the chromosome by lowering the steady-state level of double strand breaks. This region of DNA acts as an antitoxin to toxin RalR, a DNase, but it seems to be sRNA RalA that has the antitoxin activity and not this	ydaC	ko:K19780	-
WP_001595658	L	Binds to single-stranded DNA and also promotes the renaturation of complementary single-stranded DNA. Function in recombination. Has a function	recT	ko:K07455	-
WP_001595659	L	Is involved in the RecE pathway of recombination. Catalyzes the degradation of double-stranded DNA. Acts progressively in a 5' to 3' direction, releasing 5'- phosphomononucleotides. Has a strong preference for linear duplex substrate DNA and appears to be unable to initiate degradation from single-stranded breaks in DNA	recE	ko:K10906	-
WP_001595661	S	UBA-like domain	-	-	-
WP_001595662	S	Protein involved in DNA replication initiation, regulation of DNA replication, viral process and DNA replication	ydaU	-	-
WP_001595663	A	DNA strand elongation	ydaV	ko:K02315,ko:K10762	-
WP_001595665	K	Protein of unknown function (DUF1627)	-	-	-
WP_001595666	S	Bacterial protein of unknown function (DUF977)	-	-	-
WP_001595668	C	Catalyzes the conversion of epoxyqueuosine (oQ) to queuosine (Q), which is a hypermodified base found in the wobble positions of tRNA(Asp), tRNA(Asn), tRNA(His) and tRNA(Tyr)	queH	ko:K09765	-
WP_001595669	S	Protein of unknown function (DUF1367)	-	-	-
WP_001595670	S	phage protein	-	-	-
WP_001595671	S	Protein of unknown function (DUF1327)	ydfR	-	-
WP_001595673	G	Corresponds to locus_tag	arrQ	ko:K01185	-
WP_001595674	S	Bacteriophage Rz lysis protein	-	-	-
WP_001595675	L	DNA packaging	-	ko:K22014	-
WP_001595676	S	Terminase	-	ko:K21512	-
WP_001595677	S	Phage portal protein, lambda family	-	-	-
WP_001595678	S	Bacteriophage lambda head decoration protein D	-	-	-
WP_001595680	S	tail protein	JD73_18875	-	-
WP_001595682	S	Phage minor tail protein U	-	-	-
WP_001595684	N	Corresponds to locus_tag	GJ12_03320	-	-
WP_001595687	S	Phage minor tail protein L	JD73_18910	-	-
WP_001595689	NT	Phage-related protein, tail component	-	-	-
WP_001595691	M	Enterobacterial Ail/Lom protein	pagC	ko:K07804	ko02020,map02020
WP_001595694	S	peptidoglycan catabolic process	-	-	-
WP_001595695	EGP	Major facilitator superfamily	bcr	ko:K07552	-
WP_001595697	P	COG1108 ABC-type Mn2 Zn2 transport systems permease components	yfeD	ko:K09819,ko:K11606,ko:K11709	ko02010,map02010
WP_001595701	S	Dicarboxylate transport	ydbH	-	-
WP_001595704	L	helicase HrpA	hrpA	ko:K03578	-
WP_001595705	S	DUF218 domain	ydcF	-	-
WP_001595706	C	dehydrogenase	aldA	ko:K07248	ko00620,ko00630,ko01120,map00620,map00630,map01120
WP_001595707	G	Belongs to the glyceraldehyde-3-phosphate dehydrogenase family	gapC	ko:K00134	ko00010,ko00710,ko01100,ko01110,ko01120,ko01130,ko01200,ko01230,ko04066,ko05010,map00010,map00710,map01100,map01110,map01120,map01130,map01200,map01230,map04066,map05010
WP_001595708	S	-	ydcA	ko:K03646	-
WP_001595709	NT	Mediates taxis to the sugars ribose and galactose via an interaction with the periplasmic ribose- or galactose-binding proteins	trg	ko:K03406,ko:K05874,ko:K05875,ko:K05876,ko:K05877	ko02020,ko02030,map02020,map02030
WP_001595710	S	DUF1338	ydcJ	-	-
WP_001595712	S	transferase activity, transferring acyl groups	ydcK	-	-
WP_001595714	Q	Tellurite resistance	tehB	ko:K16868	-
WP_001595717	K	Regulates the expression of 12-16 transcription units involved in various steps of sulfur utilization. Represses expression of pfkB, fliZ, cysE, ydcO and its own expression. Activates expression of ypfN. Acts by binding to SutR boxes	ydcN	-	-
WP_001595719	O	peptidase activity	ydcP	ko:K08303	ko05120,map05120
WP_001595721	K	Transcriptional regulator	ydcR	-	-
WP_001595723	P	Belongs to the ABC transporter superfamily	ydcT	ko:K02052,ko:K11072,ko:K11076	ko02010,ko02024,map02010,map02024
WP_001595724	P	ABC transporter permease protein	ydcV	ko:K02053	ko02024,map02024
WP_001595725	C	Catalyzes the oxidation of 1-pyrroline, which is spontaneously formed from 4-aminobutanal, leading to 4- aminobutanoate (GABA)	prr	ko:K00137	ko00330,ko00410,ko01100,map00330,map00410,map01100
WP_001595727	S	COG0110 Acetyltransferase (isoleucine patch superfamily)	-	-	-
WP_001595729	S	Toxin GhoT_OrtT	ydcX	-	-
WP_001595732	S	Protein of unknown function (DUF2526)	ydcY	-	-
WP_001595734	M	Acyltransferase that appears to be required for E.coli optimal growth rate and yield via the formation of N-acetylated amino acids. Catalyzes the acylation of L-methionine using acetyl- CoA or propanoyl-CoA as acyl donors, and the acetylation of L- phenylglycine. Is also able to N-acylate other free L-amino acids and their derivatives using a CoA thioester as cosubstrate. Using acetyl-CoA as an acyl donor, substrate specificity is methionine sulfone methionine sulfoximine methionine sulfoxide methionine. Asparagine, lysine, glutamine, aspartate and glutamate are very poor substrates. Using methionine as a substrate, acyl donor preference is propanoyl-CoA acetyl- CoA butyryl-CoA (Ref.4). Likely plays a role in the resistance against the toxic effects of L-methionine sulfoximine (MSX), via its ability to catalyze its acetylation	yncA	ko:K03823	ko00440,ko01130,map00440,map01130
WP_001595735	S	Catalyzes the metal-independent reduction of curcumin to dihydrocurcumin (DHC) as an intermediate product, followed by further reduction to tetrahydrocurcumin (THC) as an end product. It also acts on 3-octene-2-one, 3-hepten-2-one, resveratrol, and trans-2-octenal	yncB	ko:K07119	-
WP_001595736	K	Important for biofilm formation. Represses expression of McbA by binding to its promoter region, which prevents colanic acid overproduction and mucoidy	mcbR	ko:K13654	-
WP_001595738	P	siderophore transport	yncD	ko:K02014	-
WP_001595739	M	Rhs elements have a nonessential function. They may play an important role in the natural ecology of the cell	rhsD	-	-
WP_001595743	S	regulation of response to stimulus	yddK	-	-
WP_001595745	K	sequence-specific DNA binding	yddM	ko:K21498	-
WP_001595746	S	positive regulation of bacterial-type flagellum assembly	bdm	-	-
WP_001595747	P	Belongs to the ABC transporter superfamily	ddpF	ko:K02032	ko02024,map02024
WP_001595748	P	Belongs to the ABC transporter superfamily	ddpD	ko:K02031,ko:K12371,ko:K15583	ko01501,ko02010,ko02024,map01501,map02010,map02024
WP_001595749	EP	Part of the ABC transporter complex DdpABCDF, which is probably involved in D,D-dipeptide transport. Probably responsible for the translocation of the substrate across the membrane	ddpC	ko:K02034	ko02024,map02024
WP_001595752	S	catalytic activity	yddW	-	-
WP_001595757	C	protein maturation	ydeM	ko:K06871	-
WP_001595765	NU	Outer membrane usher protein fimD	fimD	ko:K07347	ko05133,map05133
WP_001595766	S	Toxic component of a type II toxin-antitoxin (TA) system, first identified by mutations that increase production of persister cells, a fraction of cells that are phenotypic variants not killed by antibiotics, which lead to multidrug tolerance. Persistence may be ultimately due to global remodeling of the persister cell's ribosomes. Phosphorylates Glu-tRNA-ligase (AC P04805, gltX, on 'Ser-239') in vivo. Phosphorylation of GltX prevents it from being charged, leading to an increase in uncharged tRNA(Glu). This induces amino acid starvation and the stringent response via RelA SpoT and increased (p)ppGpp levels, which inhibits replication, transcription, translation and cell wall synthesis, reducing growth and leading to persistence and multidrug resistance. Once the level of HipA exceeds a threshold cells become dormant, and the length of dormancy is determined by how much HipA levels exceed the threshold. The hipA7 mutation (a double G22S D291A mutation) leads to increased generation of persister cells (cells that survive antibiotic treatment) probably by entering into a dormant state, as well as cold-sensitivity. Wild-type cells produce persisters at a frequency of 10(-6) to 10(-5) whereas hipA7 cells produce about 100-fold more persisters. hipA7 decreases the affinity for antitoxin HipB, leading to increased HipA levels and persistence	hipA	ko:K07154	-
WP_001595769	G	Catalyzes the phosphorylation of autoinducer-2 (AI-2) to phospho-AI-2, which subsequently inactivates the transcriptional regulator LsrR and leads to the transcription of the lsr operon. Phosphorylates the ring-open form of (S)-4,5-dihydroxypentane-2,3- dione (DPD), which is the precursor to all AI-2 signaling molecules, at the C5 position	lsrK	ko:K00854,ko:K11216	ko00040,ko01100,ko02024,map00040,map01100,map02024
WP_001595770	G	Part of the ABC transporter complex LsrABCD involved in autoinducer 2 (AI-2) import. Responsible for energy coupling to the transport system	lsrA	ko:K10558	ko02010,ko02024,map02010,map02024
WP_001595771	U	Part of the ABC transporter complex LsrABCD involved in autoinducer 2 (AI-2) import. Probably responsible for the translocation of the substrate across the membrane	lsrC	ko:K10556	ko02010,ko02024,map02010,map02024
WP_001595772	U	Belongs to the binding-protein-dependent transport system permease family	lsrD	ko:K10557	ko02010,ko02024,map02010,map02024
WP_001595774	H	Involved in the degradation of phospho-AI-2, thereby terminating induction of the lsr operon and closing the AI-2 signaling cycle. Catalyzes the transfer of an acetyl moiety from 3-hydroxy-5-phosphonooxypentane-2,4-dione to CoA to form glycerone phosphate and acetyl-CoA	lsrF	ko:K08321,ko:K11645	ko00010,ko00030,ko00051,ko00680,ko00710,ko01100,ko01110,ko01120,ko01130,ko01200,ko01230,ko02024,map00010,map00030,map00051,map00680,map00710,map01100,map01110,map01120,map01130,map01200,map01230,map02024
WP_001595775	S	Catalyzes the S-adenosylmethionine monomethyl esterification of trans-aconitate	tam	ko:K00598	-
WP_001595776	T	diguanylate cyclase	yneF	-	-
WP_001595778	C	Catalyzes the NAD( )-dependent oxidation of succinate semialdehyde to succinate. It acts preferentially with NAD as cosubstrate but can also use NADP. Prevents the toxic accumulation of succinate semialdehyde (SSA) and plays an important role when arginine and putrescine are used as the sole nitrogen or carbon sources	yneI	ko:K00135,ko:K08324	ko00250,ko00310,ko00350,ko00650,ko00760,ko01100,ko01120,map00250,map00310,map00350,map00650,map00760,map01100,map01120
WP_001595780	S	-	yneK	-	-
WP_001595781	G	The phosphoenolpyruvate-dependent sugar phosphotransferase system (PTS), a major carbohydrate active - transport system, catalyzes the phosphorylation of incoming sugar substrates concomitant with their translocation across the cell membrane	-	ko:K02761	ko00500,ko02060,map00500,map02060
WP_001595782	K	UTRA	-	ko:K03482,ko:K03710,ko:K11922	-
WP_001595783	EGP	A transporter able to export peptides. When overexpressed, allows cells deleted for multiple peptidases (pepA, pepB, pepD and pepN) to grow in the presence of dipeptides Ala-Gln or Gly-Tyr which otherwise inhibit growth. Cells overexpressing this protein have decreased intracellular levels of Ala-Gln dipeptide, and in a system that produces the Ala-Gln dipeptide overproduction of this protein increases export of the dipeptide	ydeE	-	-
WP_001595784	E	metalloendopeptidase activity	dcp	ko:K01284	-
WP_001595793	D	tail length tape measure	-	-	-
WP_001595794	N	Corresponds to locus_tag	-	-	-
WP_001595795	S	Clp protease	-	-	-
WP_001595796	S	Phage portal protein, lambda family	-	-	-
WP_001595798	S	-	-	-	-
WP_001595800	S	Protein of unknown function (DUF1441)	-	-	-
WP_001595810	S	Dmso reductase anchor subunit	dmsC	ko:K07308,ko:K07312	ko00920,map00920
WP_001595811	S	Required for biogenesis assembly of DMSO reductase, but not for the interaction of the DmsA signal peptide with the Tat system. May be part of a chaperone cascade complex that facilitates a folding-maturation pathway for the substrate protein	dmsD	-	-
WP_001595815	C	Part of a membrane complex involved in electron transport. Required to maintain the reduced state of SoxR	rnfD	ko:K03614	-
WP_001595816	C	Part of a membrane complex involved in electron transport. Required to maintain the reduced state of SoxR	rnfE	ko:K03613	-
WP_001595820	L	RNA secondary structure unwinding	lhr	ko:K03724	-
WP_001595821	MU	cellular response to DNA damage stimulus	ydhQ	-	-
WP_001595824	O	FeS assembly protein SufD	sufD	ko:K09015	-
WP_001595827	C	flavin adenine dinucleotide binding	ydiJ	-	-
WP_001595831	E	Belongs to the Glu Leu Phe Val dehydrogenases family	gdhA	ko:K00262	ko00220,ko00250,ko00910,ko01100,map00220,map00250,map00910,map01100
WP_001595832	C	Catalyzes the NAD( )-dependent oxidation of L-threonine to 2-amino-3-ketobutyrate	ydjJ	ko:K00004,ko:K00008,ko:K05351	ko00040,ko00051,ko00650,ko01100,map00040,map00051,map00650,map01100
WP_001595833	P	transmembrane transporter activity	ydjK	ko:K08369	-
WP_001595834	S	protein conserved in bacteria	yeaC	ko:K09916	-
WP_001595835	O	peptide-methionine (R)-S-oxide reductase activity	msrB	ko:K07305	-
WP_001595836	T	negative regulation of cell motility	yeaI	-	-
WP_001595837	S	hemolysin	yoaF	ko:K09712	-
WP_001595838	M	nitrogen compound transport	yeaV	ko:K03451,ko:K05245	-
WP_001595839	P	Belongs to the bacterial ring-hydroxylating dioxygenase alpha subunit family. CntA subfamily	yeaW	ko:K00499,ko:K22443	ko00260,map00260
WP_001595840	C	Converts carnitine to trimethylamine and malic semialdehyde. Can also use gamma-butyrobetaine, choline and betaine as substrates	yeaX	ko:K07006,ko:K22444	-
WP_001595842	O	Required for the formation of a threonylcarbamoyl group on adenosine at position 37 (t(6)A37) in tRNAs that read codons beginning with adenine. Is probably involved in the transfer of the threonylcarbamoyl moiety of threonylcarbamoyl-AMP (TC-AMP) to the N6 group of A37, together with TsaD and TsaE. TsaB seems to play an indirect role in the t(6)A biosynthesis pathway, possibly in regulating the core enzymatic function of TsaD. In fact, can act as a protease that specifically degrades TsaD in vitro	yeaZ	ko:K14742	-
WP_001595843	T	RNA chaperone with significant RNA binding, RNA strand exchange and RNA duplexing activities	proQ	ko:K03607	-
WP_001595844	S	response to heat	yebS	ko:K03808	-
WP_001595845	Q	intermembrane lipid transfer	yebT	ko:K06192	-
WP_001595852	P	Iron-storage protein	ftnB	ko:K02255	-
WP_001595854	S	YecR-like lipoprotein	yecR	-	-
WP_001595857	S	Protein of unknown function (DUF2492)	yecH	-	-
WP_001595858	V	HNH nucleases	-	-	-
WP_001595859	S	AAA ATPase domain	-	-	-
WP_001595862	S	-	-	-	-
WP_001595863	L	The UvrABC repair system catalyzes the recognition and processing of DNA lesions. UvrC both incises the 5' and 3' sides of the lesion. The N-terminal half is responsible for the 3' incision and the C-terminal half is responsible for the 5' incision	uvrC	ko:K03703	ko03420,map03420
WP_001595868	N	Flagellin is the subunit protein which polymerizes to form the filaments of bacterial flagella	fliC	ko:K02406	ko02020,ko02040,ko04621,ko04626,ko05132,ko05134,map02020,map02040,map04621,map04626,map05132,map05134
WP_001595870	E	Belongs to the SOS response-associated peptidase family	yedK	-	-
WP_001595872	N	Flagellar hook-length control protein	fliK	ko:K02414	ko02040,map02040
WP_001595873	N	FliN is one of three proteins (FliG, FliN, FliM) that form the rotor-mounted switch complex (C ring), located at the base of the basal body. This complex interacts with the CheY and CheZ chemotaxis proteins, in addition to contacting components of the motor that determine the direction of flagellar rotation	fliN	ko:K02417	ko02030,ko02040,map02030,map02040
WP_001595875	N	Role in flagellar biosynthesis	fliR	ko:K02421	ko02040,map02040
WP_001595877	S	glycoside biosynthetic process	yedP	ko:K07026,ko:K15918	ko00051,ko00260,ko00561,ko00630,ko01100,ko01110,ko01130,ko01200,map00051,map00260,map00561,map00630,map01100,map01110,map01130,map01200
WP_001595878	EG	inner membrane transporter YedA	yedA	-	-
WP_001595879	L	May nick specific sequences that contain T G mispairs resulting from m5C-deamination	vsr	ko:K07458	-
WP_001595883	EH	chorismate binding enzyme	-	ko:K04781	ko01053,ko01110,ko01130,map01053,map01110,map01130
WP_001595884	EGP	Major Facilitator Superfamily	ybtX	ko:K05373	-
WP_001595964	U	Efflux system for nickel and cobalt	rcnA	ko:K08970	-
WP_001595965	NU	Part of the yehABCD fimbrial operon. Could contribute to adhesion to various surfaces in specific environmental niches	yehA	-	-
WP_001595967	IQ	oxidoreductase activity	yohF	ko:K03366	ko00650,map00650
WP_001595968	G	PfkB domain protein	yeiI	ko:K16328	ko00240,map00240
WP_001595969	F	Belongs to the concentrative nucleoside transporter (CNT) (TC 2.A.41) family	nupX	ko:K16324,ko:K16325	-
WP_001595970	F	Hydrolyzes cytidine or uridine to ribose and cytosine or uracil, respectively. Has a clear preference for cytidine over uridine. Strictly specific for ribonucleosides	rihB	ko:K01239,ko:K10213,ko:K12700	ko00230,ko00240,ko00760,ko01100,map00230,map00240,map00760,map01100
WP_001595971	F	Belongs to the concentrative nucleoside transporter (CNT) (TC 2.A.41) family	yeiM	ko:K16324,ko:K16325	-
WP_001595972	Q	Catalyzes the reversible cleavage of pseudouridine 5'- phosphate (PsiMP) to ribose 5-phosphate and uracil. Functions biologically in the cleavage direction, as part of a pseudouridine degradation pathway	psuG	ko:K16329	ko00240,map00240
WP_001595973	G	pseudouridine kinase activity	psuK	ko:K16328	ko00240,map00240
WP_001595974	G	Pts system fructose-specific	fruA	ko:K02768,ko:K02769,ko:K02770	ko00051,ko01100,ko01120,ko02060,map00051,map01100,map01120,map02060
WP_001595975	G	Belongs to the mannitol dehydrogenase family	yeiQ	ko:K00040	ko00040,ko01100,map00040,map01100
WP_001595976	S	cobalamin synthesis protein, P47K	yeiR	-	-
WP_001595978	I	Involved in the modification of the lipid A domain of lipopolysaccharides (LPS). Transfers a phosphate group from undecaprenyl pyrophosphate (C55-PP) to lipid A to form lipid A 1- diphosphate. Contributes to the recycling of undecaprenyl phosphate (C55-P)	lpxT	ko:K19803	-
WP_001595979	T	cyclic-guanylate-specific phosphodiesterase activity	rtn	-	-
WP_001595980	E	microcin transport	yejA	ko:K02035,ko:K13893	ko02010,ko02024,map02010,map02024
WP_001595981	U	membrane translocase. A transporter able to export peptides. When overexpressed, allows cells deleted for multiple peptidases (pepA, pepB, pepD and pepN) to grow in the presence of dipeptides Ala-Gln or Gly-Tyr which otherwise inhibit growth. Cells overexpressing this protein have decreased intracellular levels of Ala-Gln dipeptide, and in a system that produces the Ala-Gln dipeptide overproduction of this protein increases export of the dipeptide	bcr	ko:K07552	-
WP_001595982	L	Type III restriction protein res subunit	yejH	ko:K19789	-
WP_001595983	S	Belongs to the UPF0352 family	yejL	ko:K09904	-
WP_001595997	MU	Pertactin	yejO	-	-
WP_001596003	C	ferredoxin-type protein, NapH	napH	ko:K02574	-
WP_001596005	P	ATP-binding	yojI	ko:K06159,ko:K06160	ko02010,map02010
WP_001596007	FL	Involved in the cellular defense against the biological effects of O6-methylguanine (O6-MeG) and O4-methylthymine (O4-MeT) in DNA. Repairs the methylated nucleobase in DNA by stoichiometrically transferring the methyl group to a cysteine residue in the enzyme. This is a suicide reaction the enzyme is irreversibly inactivated	ada	ko:K00567,ko:K10778	-
WP_001596008	H	Flavin transferase that catalyzes the transfer of the FMN moiety of FAD and its covalent binding to the hydroxyl group of a threonine residue in a target flavoprotein	apbE	ko:K03734	-
WP_001596010	T	Component of the Rcs signaling system, which controls transcription of numerous genes. RcsC functions as a membrane- associated protein kinase that phosphorylates RcsD in response to environmental signals. The phosphoryl group is then transferred to the response regulator RcsB	rcsC	ko:K07677	ko02020,ko02026,map02020,map02026
WP_001596011	I	acetate CoA-transferase activity	atoD	ko:K01034	ko00310,ko00627,ko00640,ko00650,ko01100,ko01120,ko02020,map00310,map00627,map00640,map00650,map01100,map01120,map02020
WP_001596012	S	Stage II sporulation protein	yfaQ	-	-
WP_001596028	H	Catalyzes the oxidation of erythronate-4-phosphate to 3- hydroxy-2-oxo-4-phosphonooxybutanoate	pdxB	ko:K03473	ko00750,ko01100,map00750,map01100
WP_001596029	N	Acts as a regulator of flagellar gene expression by modulating the protein level of the anti sigma factor FlgM upon sensing ring completion or hook elongation. Flk could inhibit FlgM secretion by acting as a braking system for the flagellar- associated type III secretion	flk	-	-
WP_001596030	EGP	MFS-type transporter YfcJ	yfcJ	-	-
WP_001596031	J	Catalyzes the last two steps in the biosynthesis of 5- methylaminomethyl-2-thiouridine (mnm(5)s(2)U) at the wobble position (U34) in tRNA. Catalyzes the FAD-dependent demodification of cmnm(5)s(2)U34 to nm(5)s(2)U34, followed by the transfer of a methyl group from S-adenosyl-L-methionine to nm(5)s(2)U34, to form mnm(5)s(2)U34	mnmC	ko:K15461	-
WP_001596032	E	Catalyzes the anti-1,4-elimination of the C-3 phosphate and the C-6 proR hydrogen from 5-enolpyruvylshikimate-3-phosphate (EPSP) to yield chorismate, which is the branch point compound that serves as the starting substrate for the three terminal pathways of aromatic amino acid biosynthesis. This reaction introduces a second double bond into the aromatic ring system	aroC	ko:K01736	ko00400,ko01100,ko01110,ko01130,ko01230,map00400,map01100,map01110,map01130,map01230
WP_001596033	S	Protein of unknown function (DUF2544)	yfcO	-	-
WP_001596034	NU	Fimbrial protein	-	-	-
WP_001596035	M	Part of the yfcOPQRSUV fimbrial operon. Could contribute to adhesion to various surfaces in specific environmental niches. Increases adhesion to eukaryotic T24 bladder epithelial cells in the absence of fim genes	yfcS	-	-
WP_001596036	NU	outer membrane usher protein	yfcU	-	-
WP_001596039	T	Component of the Rcs signaling system, which controls transcription of numerous genes. RcsC functions as a membrane- associated protein kinase that phosphorylates RcsD in response to environmental signals. The phosphoryl group is then transferred to the response regulator RcsB	evgS	ko:K07677,ko:K07679	ko02020,ko02026,ko05133,map02020,map02026,map05133
WP_001596041	EH	Involved in the catabolism of oxalate and in the adapatation to low pH via the induction of the oxalate-dependent acid tolerance response (ATR). Catalyzes the decarboxylation of oxalyl-CoA to yield carbon dioxide and formyl-CoA	oxc	ko:K01577	ko00630,ko01100,map00630,map01100
WP_001596042	C	acyl-CoA transferases carnitine dehydratase	frc	ko:K07749	-
WP_001596044	G	Multifunctional protein that includes general (non sugar-specific) and sugar-specific components of the phosphoenolpyruvate-dependent sugar phosphotransferase system (sugar PTS). This major carbohydrate active transport system catalyzes the phosphorylation of incoming sugar substrates concomitantly with their translocation across the cell membrane. The enzyme II FryABC PTS system is involved in fructose transport	fryA	ko:K08483,ko:K11189,ko:K11201	ko02060,map02060
WP_001596045	E	Hydrolyzes the N-terminal methionine when the next amino acid is alanine, proline or serine. The substrate preference for methionyl aminopeptidase activity is Pro Ala Ser. Also able to hydrolyze the Xaa-Pro peptide bond when the first amino acid is alanine, asparagine or methionine	ypdF	ko:K01262,ko:K08326	-
WP_001596050	P	peroxidase activity	yfeX	ko:K07223	-
WP_001596053	C	Ethanolamine utilization protein EutE	eutE	ko:K04021	ko00620,ko01100,ko01120,map00620,map01100,map01120
WP_001596054	C	phosphate acetyltransferase activity	eutD	ko:K00625,ko:K04020,ko:K13788	ko00430,ko00620,ko00640,ko00680,ko00720,ko01100,ko01120,ko01200,map00430,map00620,map00640,map00680,map00720,map01100,map01120,map01200
WP_001596055	C	malate dehydrogenase (decarboxylating) (NADP+) activity	maeB	ko:K00027,ko:K00029	ko00620,ko00710,ko01100,ko01120,ko01200,ko02020,map00620,map00710,map01100,map01120,map01200,map02020
WP_001596056	G	Catalyzes the transfer of a two-carbon ketol group from a ketose donor to an aldose acceptor, via a covalent intermediate with the cofactor thiamine pyrophosphate	tktA	ko:K00615	ko00030,ko00710,ko01051,ko01100,ko01110,ko01120,ko01130,ko01200,ko01230,map00030,map00710,map01051,map01100,map01110,map01120,map01130,map01200,map01230
WP_001596058	J	Catalyzes the formation of N(4)-acetylcytidine (ac(4)C) at the wobble position of tRNA(Met), by using acetyl-CoA as an acetyl donor and ATP (or GTP)	tmcA	ko:K06957	-
WP_001596059	KT	Formate hydrogen-lyase transcriptional activator	hyfR	ko:K12146,ko:K15836	-
WP_001596062	P	pyridine nucleotide-disulphide oxidoreductase	hcaD	ko:K00529,ko:K18227	ko00071,ko00360,ko00622,ko01120,ko01220,map00071,map00360,map00622,map01120,map01220
WP_001596063	G	aldose 1-epimerase activity	yphB	ko:K01785	ko00010,ko00052,ko01100,ko01110,ko01120,ko01130,map00010,map00052,map01100,map01110,map01120,map01130
WP_001596066	S	Domain of unknown function (DUF5107)	yphG	-	-
WP_001596067	K	ROK family	yphH	-	-
WP_001596091	F	Provides the precursors necessary for DNA synthesis. Catalyzes the biosynthesis of deoxyribonucleotides from the corresponding ribonucleotides	nrdE	ko:K00525	ko00230,ko00240,ko01100,map00230,map00240,map01100
WP_001596092	F	Provides the precursors necessary for DNA synthesis. Catalyzes the biosynthesis of deoxyribonucleotides from the corresponding ribonucleotides	nrdF	ko:K00526	ko00230,ko00240,ko01100,map00230,map00240,map01100
WP_001596093	P	transmembrane transport	ygaY	-	-
WP_001596095	C	One of at least two accessory proteins for anaerobic nitric oxide (NO) reductase. Reduces the rubredoxin moiety of NO reductase	norW	ko:K12265	ko05132,map05132
WP_001596096	K	Transcriptional regulator	ygbI	ko:K03436	-
WP_001596101	S	CRISPR-associated protein Cse1 (CRISPR_cse1)	casA	ko:K19123	-
WP_001596103	M	Catalyzes the dehydration of glucarate to 5-keto-4- deoxy-D-glucarate (5-kdGluc). Also acts on L-idarate	gudD	ko:K01706	ko00053,ko01100,map00053,map01100
WP_001596106	L	A helicase nuclease that prepares dsDNA breaks (DSB) for recombinational DNA repair. Binds to DSBs and unwinds DNA via a highly rapid and processive ATP-dependent bidirectional helicase activity. Unwinds dsDNA until it encounters a Chi (crossover hotspot instigator) sequence from the 3' direction. Cuts ssDNA a few nucleotides 3' to the Chi site. The properties and activities of the enzyme are changed at Chi. The Chi-altered holoenzyme produces a long 3'-ssDNA overhang and facilitates RecA-binding to the ssDNA for homologous DNA recombination and repair. Holoenzyme degrades any linearized DNA that is unable to undergo homologous recombination. In the holoenzyme this subunit contributes ATPase, 3'-5' helicase, exonuclease activity and loads RecA onto ssDNA	recB	ko:K03582	ko03440,map03440
WP_001596107	L	A helicase nuclease that prepares dsDNA breaks (DSB) for recombinational DNA repair. Binds to DSBs and unwinds DNA via a highly rapid and processive ATP-dependent bidirectional helicase activity. Unwinds dsDNA until it encounters a Chi (crossover hotspot instigator) sequence from the 3' direction. Cuts ssDNA a few nucleotides 3' to the Chi site. The properties and activities of the enzyme are changed at Chi. The Chi-altered holoenzyme produces a long 3'-ssDNA overhang and facilitates RecA-binding to the ssDNA for homologous DNA recombination and repair. Holoenzyme degrades any linearized DNA that is unable to undergo homologous recombination. In the holoenzyme this subunit recognizes the wild- type Chi sequence, and when added to isolated RecB increases its ATP-dependent helicase processivity	recC	ko:K03583	ko03440,map03440
WP_001596108	F	Catalyzes the stereospecific hydrolysis of the cyclic amide bond of D-hydantoin derivatives with an aromatic side chains at the 5'-position. Has no activity on dihydropyrimidines. The physiological function is	hyuA	ko:K01464	ko00240,ko00410,ko00770,ko00983,ko01100,map00240,map00410,map00770,map00983,map01100
WP_001596111	M	ATP binding	yqeC	-	-
WP_001596114	C	Could be an iron-sulfur flavoprotein with NADPH O(2) oxidoreductase activity	ygfK	ko:K12527	ko00450,map00450
WP_001596116	F	however deletion results in increased adenine sensitivity, suggesting that this protein contributes to the conversion of adenine to guanine nucleotides during purine salvage	xdhD	ko:K12528	ko00450,map00450
WP_001596117	F	Specific, proton motive force-dependent high-affinity transporter for xanthine	xanQ	ko:K03458,ko:K16345,ko:K16346	-
WP_001596122	E	The glycine cleavage system catalyzes the degradation of glycine. The P protein binds the alpha-amino group of glycine through its pyridoxal phosphate cofactor	gcvP	ko:K00281,ko:K00283	ko00260,ko00630,ko01100,ko01110,ko01130,ko01200,map00260,map00630,map01100,map01110,map01130,map01200
WP_001596123	CH	FAD-dependent monooxygenase required for the aerobic hydroxylation of 2-octaprenylphenol to 2-octaprenyl-6-hydroxy- phenol, the first hydroxylation step in coenzyme Q (ubiquinone) biosynthesis	visC	ko:K18800	ko00130,ko01100,ko01110,map00130,map01100,map01110
WP_001596124	CH	2-octaprenyl-6-methoxyphenol hydroxylase	ubiH	ko:K03185,ko:K18800	ko00130,ko01100,ko01110,map00130,map01100,map01110
WP_001596128	E	metalloexopeptidase activity	pepP	ko:K01262	-
WP_001596129	H	Involved in the removal of 5-formyltetrahydrofolate. In vitro, it is a potent inhibitor of various folate-dependent enzymes in the C1 metabolism network and in vivo it might function as a folate storage. 5-formyltetrahydrofolate is also used as an antifolate rescue agent in cancer chemotherapy. Catalyzes the irreversible ATP-dependent transformation of 5- formyltetrahydrofolate (5-CHO-THF) to form 5,10- methenyltetrahydrofolate (5,10-CH THF). The reverse reaction is catalyzed by the serine hydroxymethyltransferase GlyA (SHMT)	ygfA	ko:K01934	ko00670,ko01100,map00670,map01100
WP_001596136	S	Involved in the export of arginine. Important to control the intracellular level of arginine and the correct balance between arginine and lysine	argO	ko:K06895	-
WP_001596138	NU	ATP binding	pilT	ko:K02669	-
WP_001596139	L	Pfam:DUF4102	intB	-	-
WP_001596146	G	PTS system maltose	-	ko:K02790,ko:K02791	ko00010,ko00500,ko00520,ko02060,map00010,map00500,map00520,map02060
WP_001596149	K	repressor for the aga operon for N-acetyl galactosamine transport and metabolism	agaR	ko:K02081	-
WP_001596151	C	Involved in the catabolism of short chain fatty acids (SCFA) via the tricarboxylic acid (TCA)(acetyl degradation route) and the 2-methylcitrate cycle I (propionate degradation route). Catalyzes the reversible isomerization of citrate to isocitrate via cis-aconitate. Also catalyzes the hydration of 2-methyl-cis- aconitate to yield (2R,3S)-2-methylisocitrate. The apo form of AcnB functions as a RNA-binding regulatory protein. During oxidative stress inactive AcnB apo-enzyme without iron sulfur clusters binds the acnB mRNA 3' UTRs (untranslated regions), stabilizes acnB mRNA and increases AcnB synthesis, thus mediating a post-transcriptional positive autoregulatory switch. AcnB also decreases the stability of the sodA transcript	acnB	ko:K01682	ko00020,ko00630,ko00640,ko00720,ko01100,ko01110,ko01120,ko01130,ko01200,ko01210,ko01230,map00020,map00630,map00640,map00720,map01100,map01110,map01120,map01130,map01200,map01210,map01230
WP_001596152	F	Catalyzes the formation of 2-(5''-triphosphoribosyl)-3'- dephosphocoenzyme-A, the precursor of the prosthetic group of the holo-acyl carrier protein (gamma chain) of citrate lyase, from ATP and dephospho-CoA	citG	ko:K05966,ko:K13927,ko:K13930	ko02020,map02020
WP_001596153	H	Transfers 2-(5''-triphosphoribosyl)-3'- dephosphocoenzyme-A on a serine residue to the apo-acyl carrier protein (gamma chain) of the citrate lyase to yield holo-acyl carrier protein	citX	ko:K05964	ko02020,map02020
WP_001596154	G	Major Facilitator Superfamily	-	-	-
WP_001596155	L	of 539 from GenPept.129 gb AAL57569.1 AF453441_53 (AF453441)	-	-	-
WP_001596157	S	Probable zinc-ribbon	-	-	-
WP_001596162	EGP	Involved in the efflux of purine ribonucleosides, such as guanosine, adenosine and especially inosine. Involved in the resistance to 6-mercaptopurine	opdE	-	-
WP_001596163	S	cell division	-	ko:K06889	-
WP_001596164	S	GTP binding	yfjP	ko:K06946	-
WP_001596165	MU	Adhesin of bacterial autotransporter system, probable stalk	flu	ko:K12687	ko02026,map02026
WP_001596170	S	CbeA_antitoxin, type IV, cytoskeleton bundling-enhancing factor A	yeeU	ko:K18838	-
WP_001596171	S	CbtA_toxin of type IV toxin-antitoxin system	-	ko:K18837	-
WP_001596172	S	-	-	-	-
WP_001596173	S	Enterobacterial protein of unknown function (DUF957)	-	-	-
WP_001596179	M	Cytidylyltransferase	-	ko:K00979	ko00540,ko01100,map00540,map01100
WP_001596180	M	Capsule polysaccharide biosynthesis protein	kpsC	ko:K07266	-
WP_001596181	M	Capsule polysaccharide biosynthesis protein	kpsS	ko:K07265	-
WP_001596187	U	involved in a type II secretion system (T2SS, formerly general secretion pathway, GSP) for the export of proteins	epsM	ko:K02462	ko03070,ko05111,map03070,map05111
WP_001596189	U	Type II secretion system	gspK	ko:K02460	ko03070,ko05111,map03070,map05111
WP_001596190	U	General secretion pathway	gspF	ko:K02455	ko03070,ko05111,map03070,map05111
WP_001596191	NU	Type II/IV secretion system protein	gspE	ko:K02454	ko03070,ko05111,map03070,map05111
WP_001596192	NOU	Cleaves type-4 fimbrial leader sequence and methylates the N-terminal (generally Phe) residue	pppA	ko:K02464,ko:K02654,ko:K10966	ko03070,map03070
WP_001596195	M	N-terminal domain of M60-like peptidases	acfD	ko:K10939	ko05111,map05111
WP_001596197	P	Glycolate permease glcA	glcA	ko:K00427,ko:K02550,ko:K03303	-
WP_001596198	C	glycolate dehydrogenase activity	glcF	ko:K11473	ko00630,ko01100,ko01110,ko01120,ko01130,map00630,map01100,map01110,map01120,map01130
WP_001596199	C	glycolate dehydrogenase activity	glcE	ko:K11472	ko00630,ko01100,ko01110,ko01120,ko01130,map00630,map01100,map01110,map01120,map01130
WP_001596200	C	Glycolate oxidase subunit	glcD	ko:K00104	ko00630,ko01100,ko01110,ko01120,ko01130,map00630,map01100,map01110,map01120,map01130
WP_001596201	K	Activator for the glycolate oxidation locus	glcC	ko:K05799,ko:K11474	-
WP_001596204	S	Bacterial protein of unknown function (YtfJ_HI0045)	JD73_00840	ko:K07109	-
WP_001596205	C	Catalyzes the stereospecific, NADPH-dependent reduction of L-glyceraldehyde 3-phosphate (L-GAP). The physiological role of gpr is the detoxification of L-GAP, which may be formed by non- enzymatic racemization of GAP. Also involved in the stress response as a methylglyoxal reductase which converts the toxic metabolite methylglyoxal to acetol in vitro and in vivo	yghZ	ko:K19265	-
WP_001596206	E	cystathionine beta-lyase	metC	ko:K01760	ko00270,ko00450,ko01100,ko01110,ko01230,map00270,map00450,map01100,map01110,map01230
WP_001596207	E	higher expression in the presence of deoxycholate inhibits cell growth completely. Bile acid detergents such as deoxycholate are important for host defense against bacterial growth in the gall bladder and duodenum	ygiS	ko:K02035	ko02024,map02024
WP_001596209	K	transcriptional regulator	-	-	-
WP_001596211	P	Catalyzes the uptake of tartrate in exchange for intracellular succinate. Essential for anaerobic L-tartrate fermentation	ttdT	ko:K11106	-
WP_001596215	G	COG3408 Glycogen debranching enzyme	ygjK	ko:K03931	-
WP_001596217	S	Belongs to the pirin family	yhaK	ko:K06911	-
WP_001596219	S	transferase activity, transferring acyl groups	yhbS	ko:K03824	-
WP_001596225	L	pct identical to residues 1 to 152 of 152 from SwissProt.40 sp Q57334 T200_SALTY Transposase for insertion sequence element IS200	-	ko:K07491	-
WP_001596229	J	During stationary phase, promotes and stabilizes dimerization of 70S ribosomes by the ribosome modulation factor (RMF), leading to the formation of inactive 100S ribosomes	yhbH	ko:K05808	-
WP_001596234	S	Protein of unknown function	yhdP	-	-
WP_001596235	C	acryloyl-CoA reductase (NADP+) activity	yhdH	ko:K19745	ko00640,ko01100,map00640,map01100
WP_001596243	C	Belongs to the nitrite and sulfite reductase 4Fe-4S domain family	nirB	ko:K00362	ko00910,ko01120,map00910,map01120
WP_001596246	E	O-acetylhomoserine aminocarboxypropyltransferase activity	yhfS	-	-
WP_001596247	S	Protein of unknown function	yhfT	-	-
WP_001596249	S	Protein of unknown function DUF2620	yhfU	-	-
WP_001596251	S	Its real enzymatic activity is not yet known. It was tested for general esterase, aminopeptidase, sulfatase, phosphatase, carbonic anhydrase, phosphodiesterase, and phosphotriesterase activities with the following substrates p- nitrophenyl acetate, L-alanine nitroanilide, p-nitrophenyl sulfate, bis(p-nitrophenyl) phosphate, paraoxon, and p-nitrophenyl phosphate. No enzymatic activity was detected with any of these non-specific substrates	php	ko:K07048	-
WP_001596252	G	phosphopentomutase activity	yhfW	-	-
WP_001596254	E	Alanine racemase, N-terminal domain	yhfX	-	-
WP_001596264	S	RNA ligase that mediates the joining of broken tRNA-like stem-loop structures in case of tRNA damage. Probably participates to tRNA restriction-repair by ligating broken tRNA-like stem-loop structures with 2',3'-cyclic phosphate and 5'-OH ends to form a splice junction with a 2'-OH, 3',5'-phosphodiester, a step that requires GTP. Also acts as a DNA ligase in case of DNA damage by splicing 'dirty' DNA breaks, characterized by 3'-PO4 (or cyclic-PO4) and 5'-OH ends that cannot be sealed by classical DNA ligases	rtcB	ko:K14415	-
WP_001596269	S	Type VI secretion system effector, Hcp	yhhZ	ko:K06887	-
WP_001596273	P	Part of the ABC transporter complex UgpABCE involved in sn-glycerol-3-phosphate import. Responsible for energy coupling to the transport system	ugpC	ko:K05816	ko02010,map02010
WP_001596283	S	Domain of unknown function (DUF4049)	yhiJ	-	-
WP_001596285	S	Domain of unknown function (DUF4049)	-	-	-
WP_001596294	G	Part of the tripartite ATP-independent periplasmic (TRAP) transport system YiaMNO involved in the uptake of 2,3- diketo-L-gulonate. This protein specifically binds 2,3-diketo-L- gulonate. Is not able to bind either L-ascorbate or dehydroascorbate	yiaO	ko:K21395	-
WP_001596295	G	Catalyzes the phosphorylation of L-xylulose and 3-keto- L-gulonate. Is involved in L-lyxose utilization via xylulose, and may also be involved in the utilization of 2,3-diketo-L-gulonate	lyx	ko:K00880	ko00040,ko00053,map00040,map00053
WP_001596296	G	Catalyzes the decarboxylation of 3-keto-L-gulonate-6-P into L-xylulose-5-P. May be involved in the utilization of 2,3- diketo-L-gulonate	sgbH	ko:K03078,ko:K08093	ko00030,ko00040,ko00053,ko00680,ko01100,ko01120,ko01200,ko01230,map00030,map00040,map00053,map00680,map01100,map01120,map01200,map01230
WP_001596297	S	Beta-L-arabinofuranosidase, GH127	-	ko:K09955	-
WP_001596298	M	May serve as a scaffold protein required for the formation of a complex with MrcB PonB and MltA, this complex could play a role in enlargement and septation of the murein sacculus	yiaT	ko:K07274	-
WP_001596303	C	Catalyzes the conversion of L-lactate to pyruvate. Is coupled to the respiratory chain	lldD	ko:K00101	ko00620,ko01100,map00620,map01100
WP_001596308	G	sodium ion transport	yicJ	ko:K03292,ko:K11104,ko:K16139	-
WP_001596319	H	acetolactate synthase	ilvB	ko:K01652	ko00290,ko00650,ko00660,ko00770,ko01100,ko01110,ko01130,ko01210,ko01230,map00290,map00650,map00660,map00770,map01100,map01110,map01130,map01210,map01230
WP_001596321	S	-	yidI	-	-
WP_001596322	P	sulfuric ester hydrolase activity	yidJ	ko:K01133,ko:K01138	-
WP_001596323	K	sequence-specific DNA binding	yidL	-	-
WP_001596324	G	Family 4 glycosyl hydrolase	aglB	ko:K01222,ko:K01232	ko00010,ko00500,map00010,map00500
WP_001596327	C	TIGRFAM geranylgeranyl reductase	cbrA	ko:K10960	ko00860,ko00900,ko01100,ko01110,map00860,map00900,map01100,map01110
WP_001596329	G	2-keto-3-deoxy-galactonokinase	dgoK	ko:K00883	ko00052,ko01100,map00052,map01100
WP_001596330	L	A type II topoisomerase that negatively supercoils closed circular double-stranded (ds) DNA in an ATP-dependent manner to modulate DNA topology and maintain chromosomes in an underwound state. Negative supercoiling favors strand separation, and DNA replication, transcription, recombination and repair, all of which involve strand separation. Also able to catalyze the interconversion of other topological isomers of dsDNA rings, including catenanes and knotted rings. Type II topoisomerases break and join 2 DNA strands simultaneously in an ATP-dependent manner	gyrB	ko:K02470	-
WP_001596332	S	Corresponds to locus_tag	-	ko:K06867	-
WP_001596338	J	Specifically methylates the N7 position of guanine in position 527 of 16S rRNA	rsmG	ko:K03501	-
WP_001596339	F	aspartate--ammonia ligase	asnA	ko:K01914	ko00250,ko00460,ko01100,ko01110,ko01230,map00250,map00460,map01100,map01110,map01230
WP_001596340	P	Part of the ABC transporter complex RbsABC involved in ribose import. Responsible for energy coupling to the transport system	rbsA	ko:K02056,ko:K10441,ko:K10542,ko:K10545,ko:K10551	ko02010,map02010
WP_001596360	H	Is probably a protein kinase regulator of UbiI activity which is involved in aerobic coenzyme Q (ubiquinone) biosynthesis	ubiB	ko:K03688	-
WP_001596362	U	Part of the twin-arginine translocation (Tat) system that transports large folded proteins containing a characteristic twin-arginine motif in their signal peptide across membranes. Together with TatB, TatC is part of a receptor directly interacting with Tat signal peptides	tatC	ko:K03118	ko03060,ko03070,map03060,map03070
WP_001596368	I	Catalyzes the final step of fatty acid oxidation in which acetyl-CoA is released and the CoA ester of a fatty acid two carbons shorter is formed	fadA	ko:K00632	ko00071,ko00280,ko00281,ko00362,ko00592,ko00642,ko01100,ko01110,ko01120,ko01130,ko01212,map00071,map00280,map00281,map00362,map00592,map00642,map01100,map01110,map01120,map01130,map01212
WP_001596370	I	Involved in the aerobic and anaerobic degradation of long-chain fatty acids via beta-oxidation cycle. Catalyzes the formation of 3-oxoacyl-CoA from enoyl-CoA via L-3-hydroxyacyl-CoA. It can also use D-3-hydroxyacyl-CoA and cis-3-enoyl-CoA as substrate	fadB	ko:K01782,ko:K01825	ko00071,ko00280,ko00281,ko00310,ko00362,ko00380,ko00410,ko00640,ko00650,ko00903,ko00930,ko01040,ko01100,ko01110,ko01120,ko01130,ko01200,ko01212,map00071,map00280,map00281,map00310,map00362,map00380,map00410,map00640,map00650,map00903,map00930,map01040,map01100,map01110,map01120,map01130,map01200,map01212
WP_001596372	L	In addition to polymerase activity, this DNA polymerase exhibits 5'-3' exonuclease activity	polA	ko:K02335	ko00230,ko00240,ko01100,ko03030,ko03410,ko03420,ko03440,map00230,map00240,map01100,map03030,map03410,map03420,map03440
WP_001596381	E	Homoserine dehydrogenase II	metL	ko:K12524,ko:K12525	ko00260,ko00261,ko00270,ko00300,ko01100,ko01110,ko01120,ko01130,ko01230,map00260,map00261,map00270,map00300,map01100,map01110,map01120,map01130,map01230
WP_001596385	K	transcriptional regulator	yijO	-	-
WP_001596392	H	2-iminoacetate synthase activity	thiH	ko:K03150	ko00730,ko01100,map00730,map01100
WP_001596395	H	Belongs to the malate synthase family	aceB	ko:K01638	ko00620,ko00630,ko01100,ko01110,ko01120,ko01200,map00620,map00630,map01100,map01110,map01120,map01200
WP_001596396	C	Involved in the metabolic adaptation in response to environmental changes. Catalyzes the reversible formation of succinate and glyoxylate from isocitrate, a key step of the glyoxylate cycle, which operates as an anaplerotic route for replenishing the tricarboxylic acid cycle during growth on fatty acid substrates	aceA	ko:K01637	ko00630,ko01100,ko01110,ko01120,ko01200,map00630,map01100,map01110,map01120,map01200
WP_001596398	F	Bifunctional enzyme which can phosphorylate or dephosphorylate isocitrate dehydrogenase (IDH) on a specific serine residue. This is a regulatory mechanism which enables bacteria to bypass the Krebs cycle via the glyoxylate shunt in response to the source of carbon. When bacteria are grown on glucose, IDH is fully active and unphosphorylated, but when grown on acetate or ethanol, the activity of IDH declines drastically concomitant with its phosphorylation	aceK	ko:K00906	-
WP_001596400	E	Broad-specificity enzyme that catalyzes the transamination of 2-ketoisocaproate, p-hydroxyphenylpyruvate, and phenylpyruvate to yield leucine, tyrosine, and phenylalanine, respectively. In vitro, is able to catalyze the conversion of beta-methyl phenylpyruvate to the nonproteinogenic amino acid (2S,3S)-beta-methyl-phenylalanine, a building block of the antibiotic mannopeptimycin produced by Streptomyces hygroscopicus NRRL3085	tyrB	ko:K00832	ko00270,ko00350,ko00360,ko00400,ko00401,ko00950,ko00960,ko01100,ko01110,ko01130,ko01230,map00270,map00350,map00360,map00400,map00401,map00950,map00960,map01100,map01110,map01130,map01230
WP_001596408	P	phosphonate metabolism protein PhnM	phnM	ko:K06162	ko00440,map00440
WP_001596409	S	Important for the colocalization of sister nascent DNA strands after replication fork passage during DNA replication, and for positioning and subsequent partitioning of sister chromosomes. Does not have GTPase activity on its own	yjdA	-	-
WP_001596412	K	regulatory protein	adiY	ko:K03755	-
WP_001596417	C	Catalyzes the conversion of epoxyqueuosine (oQ) to queuosine (Q), which is a hypermodified base found in the wobble positions of tRNA(Asp), tRNA(Asn), tRNA(His) and tRNA(Tyr)	queG	ko:K18979	-
WP_001596421	L	This protein is involved in the repair of mismatches in DNA. It is required for dam-dependent methyl-directed DNA mismatch repair. May act as a molecular matchmaker , a protein that promotes the formation of a stable complex between two or more DNA-binding proteins in an ATP-dependent manner without itself being part of	mutL	ko:K03572	ko03430,map03430
WP_001596422	S	Uncharacterized protein conserved in bacteria (DUF2170)	yjfI	ko:K09980	-
WP_001596424	KT	identical protein binding	yjfJ	ko:K03969	-
WP_001596425	S	Protein of unknown function (DUF1190)	yjfM	-	-
WP_001596432	S	Part of the translocation and assembly module (TAM) autotransporter assembly complex, which functions in translocation of autotransporters across the outer membrane. In reconstituted TAM this subunit (Ag43, AC P39180) is not necessary for substrate penetration in the outer membrane. Substrate binding to TamA moves its POTRA domains about 30 Angstroms into the periplasm, which would deform either the outer membrane or TamB and may provide force to reset TAM	ytfN	ko:K09800	-
WP_001596433	S	AIG2 family	ytfP	-	-
WP_001596436	K	Acetyltransferase (GNAT) domain	-	-	-
WP_001596437	S	Bacterial protein of unknown function (DUF898)	yjgN	-	-
WP_001596439	J	amino acids such as threonine, to avoid such errors, it has a posttransfer editing activity that hydrolyzes mischarged Thr-tRNA(Val) in a tRNA-dependent manner	valS	ko:K01873	ko00970,map00970
WP_001596498	NU	fimbrial chaperone	yehC	-	-
WP_001596500	F	Hydrolyzes both purine and pyrimidine ribonucleosides with a broad-substrate specificity	rihC	ko:K10213,ko:K12700	ko00230,ko00240,ko01100,map00230,map00240,map01100
WP_001596503	IQ	Could catalyze the transfer of CoA to carnitine, generating the initial carnitinyl-CoA needed for the CaiB reaction cycle	caiC	ko:K02182	-
WP_001596504	C	Electron transfer flavoprotein	fixA	ko:K03521	-
WP_001596506	C	Required for anaerobic carnitine reduction. May bring reductant to CaiA	fixB	ko:K03522	-
WP_001596508	C	Could be part of an electron transfer system required for anaerobic carnitine reduction	fixC	ko:K00313	-
WP_001596509	C	Could be part of an electron transfer system required for anaerobic carnitine reduction. Could be a 3Fe-4S cluster- containing protein	fixX	ko:K03855	-
WP_001596510	L	DNA polymerase	polB	ko:K02336	-
WP_001596511	G	Catalyzes the conversion of L-arabinose to L-ribulose	araA	ko:K01804	ko00040,ko01100,map00040,map01100
WP_001596512	I	membrane-associated protein	yabI	-	-
WP_001596513	P	Part of the ABC transporter complex ThiBPQ involved in thiamine import. Responsible for energy coupling to the transport system	thiQ	ko:K02062	ko02010,map02010
WP_001596516	C	Inhibitor of glucose uptake transporter SgrT	sgrT	-	-
WP_001596522	NU	cell adhesion	yadC	ko:K07350	-
WP_001596523	NU	Part of the yadCKLM-htrE-yadVN fimbrial operon. Could contribute to adhesion to various surfaces in specific environmental niches	yadK	-	-
WP_001596528	L	ATP-dependent helicase activity	hrpB	ko:K03579	-
WP_001596529	P	Part of the ABC transporter complex BtuCDF involved in vitamin B12 import. Binds vitamin B12 and delivers it to the periplasmic surface of BtuC	btuF	ko:K02016,ko:K06858	ko02010,map02010
WP_001604639	M	chain length	wzzB	ko:K05789	-
WP_001695893	S	Important for the colocalization of sister nascent DNA strands after replication fork passage during DNA replication, and for positioning and subsequent partitioning of sister chromosomes. Does not have GTPase activity on its own	-	-	-
WP_001696047	S	Predicted periplasmic lipoprotein (DUF2279)	yfiM	ko:K05811	-
WP_001700733	J	binds to the 30S ribosomal subunit and shifts the equilibrum between 70S ribosomes and their 50S and 30S subunits in favor of the free subunits, thus enhancing the availability of 30S subunits on which protein synthesis initiation begins	infC	ko:K02520	-
WP_001701073	J	Peptide chain release factor 2 directs the termination of translation in response to the peptide chain termination codons UGA and UAA	prfB	ko:K02836	-
WP_001718153	M	entry into host	ychO	ko:K13735	ko05100,map05100
WP_010723106	S	-	-	-	-
WP_010723175	P	flavin adenine dinucleotide binding	yfjD	-	-
WP_011076428	P	Belongs to the bacterial solute-binding protein 9 family	znuA	ko:K09815	ko02010,map02010
WP_012372823	C	NQR complex catalyzes the reduction of ubiquinone-1 to ubiquinol by two successive reactions, coupled with the transport of Na( ) ions from the cytoplasm to the periplasm. NqrA to NqrE are probably involved in the second step, the conversion of ubisemiquinone to ubiquinol	nqrC	ko:K00348	-
WP_012602261	F	Belongs to the Nudix hydrolase family	gmm	ko:K03207	-
WP_012602782	C	Formate dehydrogenase allows E.coli to use formate as major electron donor during anaerobic respiration, when nitrate is used as electron acceptor. The alpha subunit FdnG contains the formate oxidation site. Electrons are transferred from formate to menaquinone in the gamma subunit (FdnI), through the 4Fe-4S clusters in the beta subunit (FdnH). Formate dehydrogenase-N is part of a system that generates proton motive force, together with the dissimilatory nitrate reductase (Nar)	fdnG	ko:K00123,ko:K08348	ko00630,ko00680,ko01100,ko01120,ko01200,ko02020,map00630,map00680,map01100,map01120,map01200,map02020
WP_014639061	S	Type II secretion system pilotin lipoprotein (PulS_OutS)	yacC	-	-
WP_014639063	F	Adds poly(A) tail to the 3' end of many RNAs, which usually targets these RNAs for decay. Plays a significant role in the global control of gene expression, through influencing the rate of transcript degradation, and in the general RNA quality control	pcnB	ko:K00970	ko03018,map03018
WP_016235447	S	Caudovirales tail fibre assembly protein, lambda gpK	tfaE	-	-
WP_016235449	S	Phage-related minor tail protein	-	-	-
WP_016242724	J	Catalyzes the formation of 2'O-methylated cytidine (Cm32) or 2'O-methylated uridine (Um32) at position 32 in tRNA	lasT	ko:K02533	-
WP_019842229	T	Toxic component of a toxin-antitoxin (TA) module	chpB	ko:K07171,ko:K18841	-
WP_019842250	I	Belongs to the CDS family	cdsA	ko:K00981	ko00564,ko01100,ko01110,ko04070,map00564,map01100,map01110,map04070
WP_019842261	C	Belongs to the 4Fe4S bacterial-type ferredoxin family. RnfC subfamily	rnfC	ko:K03615	-
WP_019842280	IQ	Catalyzes the esterification, concomitant with transport, of exogenous long-chain fatty acids into metabolically active CoA thioesters for subsequent degradation or incorporation into phospholipids	fadD	ko:K01897	ko00061,ko00071,ko01100,ko01212,ko02024,ko03320,ko04146,ko04216,ko04714,ko04920,map00061,map00071,map01100,map01212,map02024,map03320,map04146,map04216,map04714,map04920
WP_019842282	O	Protease that can act as an efficient and specific deubiquitinating enzyme in vitro. Does not possess desumoylating and deneddylating activities. The physiological substrate is	elaD	ko:K18015	-
WP_019842287	MU	cell adhesion involved in single-species biofilm formation	yfaL	ko:K07279	-
WP_019842288	S	Alpha-2-Macroglobulin	yfaS	ko:K06894	-
WP_019842294	M	Involved in the biosynthesis of osmoregulated periplasmic glucans (OPGs)	mdoH	ko:K03669	-
WP_019842297	T	Member of the two-component regulatory system TorS TorR involved in the anaerobic utilization of trimethylamine-N-oxide (TMAO). Detects the presence of TMAO in the medium and, in response, activates TorR via a four-step phosphorelay. When TMAO is removed, TorS can dephosphorylate TorR, probably by a reverse phosphorelay involving His-860 and Asp-733	torS	ko:K07647	ko02020,map02020
WP_019842299	J	Specifically methylates the cytosine at position 1962 (m5C1962) of 23S rRNA	rlmI	ko:K06969	-
WP_019842300	NU	Fimbrial	bcfF	-	-
WP_019842307	K	Transcriptional	cscR	ko:K02529	-
WP_019842312	E	zinc ion binding	yphC	-	-
WP_019842313	T	Member of the two-component regulatory system GlrR GlrK that up-regulates transcription of the glmY sRNA when cells enter the stationary growth phase. Activates GlrR by phosphorylation	yfhK	ko:K07711	ko02020,ko02024,map02020,map02024
WP_019842332	G	galactosamine-6-phosphate isomerase activity	agaI	ko:K02080	ko00052,map00052
WP_019842333	S	sulfuric ester hydrolase activity	yhbX	-	-
WP_019842341	LU	Rossmann fold nucleotide-binding protein involved in DNA uptake	-	-	-
WP_019842344	U	Required for the use of extracellular DNA as a nutrient. Could be the porin responsible for transport of DNA across the outer membrane	pilQ	ko:K02507,ko:K02666	-
WP_019842380	M	system transmembrane protein lolE	lolE	ko:K09808	ko02010,map02010
WP_019842381	L	Couples transcription and DNA repair by recognizing RNA polymerase (RNAP) stalled at DNA lesions. Mediates ATP-dependent release of RNAP and its truncated transcript from the DNA, and recruitment of nucleotide excision repair machinery to the damaged site	mfd	ko:K03723	ko03420,map03420
WP_019842382	M	Responsible, at least in part, for anchoring of the major outer membrane lipoprotein (Lpp, also known as the Braun lipoprotein) to the peptidoglycan via a meso-diaminopimelyl-L- Lys- bond on the terminal residue of Lpp	ycfS	ko:K16291,ko:K19234,ko:K19235,ko:K19236	ko01503,map01503
WP_019842457	S	Protein of unknown function (DUF2799)	yfiL	-	-
WP_019842467	H	Bifunctional enzyme that catalyzes the epimerization of the S- and R-forms of NAD(P)HX and the dehydration of the S-form of NAD(P)HX at the expense of ADP, which is converted to AMP. This allows the repair of both epimers of NAD(P)HX, a damaged form of NAD(P)H that is a result of enzymatic or heat-dependent hydration	nnrD	ko:K17758,ko:K17759	-
WP_019842468	P	transmembrane transporter activity	yjeM	-	-
WP_019842499	M	cysteine-type peptidase activity	yafL	ko:K01183,ko:K19303	ko00520,ko01100,map00520,map01100
WP_019842500	K	acetyltransferase	yafP	ko:K03830	-
WP_019842507	K	binds specific sites in lac operon resulting in DNA looping between the operators	lacI	-	-
WP_019842675	I	3-hydroxyacyl-CoA dehydrogenase	paaH	ko:K00074	ko00360,ko00362,ko00650,ko01100,ko01120,map00360,map00362,map00650,map01100,map01120
WP_019842676	U	domain, Protein	-	ko:K12516	-
WP_019842823	S	cellulose biosynthesis protein BcsE	bcsE	-	-
WP_019842825	S	Hok/gef family	hokA	ko:K18919,ko:K18920	-
WP_019842999	S	BrnA antitoxin of type II toxin-antitoxin system	-	-	-
WP_019843002	E	lyase activity	yjiM	-	-
WP_019843006	K	negative regulation of nucleic acid-templated transcription	yjhI	-	-
WP_019843007	G	Catalyzes the cleavage of L-fuculose 1-phosphate to glycerone phosphate and L-lactaldehyde	fucA	ko:K01628,ko:K22130	ko00051,ko01120,map00051,map01120
WP_019843008	S	CbeA_antitoxin, type IV, cytoskeleton bundling-enhancing factor A	yeeU	ko:K18838	-
WP_019843009	S	Escherichia coli O157 H7 ortholog z1655	yfjQ	-	-
WP_019843011	S	GTP binding	yfjP	ko:K06946	-
WP_019843015	S	-	-	-	-
WP_019843088	S	peptidoglycan catabolic process	-	-	-
WP_021512553	S	Bacteriophage replication gene A protein (GPA)	-	-	-
WP_021512554	S	Phage portal protein, pbsx family	-	-	-
WP_021512555	S	Putative ATPase subunit of terminase (gpP-like)	-	-	-
WP_021512561	S	Type VI secretion system, phage-baseplate injector	-	-	-
WP_021512563	S	tail collar domain protein	H	-	-
WP_021512565	S	Phage tail tube protein FII	FII	ko:K06908	-
WP_021563804	S	DNA replication	-	-	-
WP_022645153	E	alanine:sodium symporter activity	yaaJ	ko:K03310	-
WP_022645839	S	slime layer organization	wcaD	ko:K13620	-
WP_022645840	M	lipopolysaccharide-1,6-galactosyltransferase activity	wcaC	ko:K13684	-
WP_022645843	K	conserved small protein	-	-	-
WP_022645844	M	Involved in the inhibition of assembly of mutant ompF proteins. In general, could be involved in the assembly of outer membrane proteins	asmA	ko:K07289	-
WP_022645845	T	diguanylate cyclase activity	yegE	ko:K21084	ko02026,map02026
WP_022645846	L	Hydrolysis of the deoxyribose N-glycosidic bond to excise 3-methyladenine, 3-methylguanine, 7-methylguanine, O2- methylthymine, and O2-methylcytosine from the damaged DNA polymer formed by alkylation lesions	alkA	ko:K01247,ko:K13529	ko03410,map03410
WP_022645847	O	ATP binding	yegD	ko:K04046	-
WP_022645848	S	protein kinase activity	yegI	-	-
WP_022645850	V	The MdtABC tripartite complex confers resistance against novobiocin and deoxycholate	mdtB	ko:K07788	ko02020,map02020
WP_022645851	V	The MdtABC tripartite complex confers resistance against novobiocin and deoxycholate	mdtC	ko:K07789	ko02020,map02020
WP_022645853	S	ParE toxin of type II toxin-antitoxin system, parDE	-	ko:K19092	-
WP_022645854	F	the in vivo substrate is	yegS	-	-
WP_022645855	E	5-dehydrogenase	gatD	ko:K00094	ko00052,ko01100,map00052,map01100
WP_022645856	G	system Galactitol-specific IIC component	gatC	ko:K02775	ko00052,ko01100,ko02060,map00052,map01100,map02060
WP_022645857	G	that is required for full activity and stability of the Y subunit. Could have a chaperone-like function for the proper and stable folding of	gatZ	ko:K02775,ko:K16371	ko00052,ko01100,ko02060,map00052,map01100,map02060
WP_022645858	O	hydrolase activity	yegU	-	-
WP_022645859	G	belongs to the carbohydrate kinase PfkB family	yegV	-	-
WP_022646481	T	Member of the two-component regulatory system CreC CreB involved in catabolic regulation. CreC may function as a membrane- associated protein kinase that phosphorylates CreB in response to environmental signals. CreC can also phosphorylate PhoB	creC	ko:K07641,ko:K07711	ko02020,ko02024,map02020,map02024
WP_023063587	H	Catalyzes the aminotransferase reaction from putrescine to 2-oxoglutarate, leading to glutamate and 4-aminobutanal, which spontaneously cyclizes to form 1-pyrroline. Is also able to transaminate cadaverine and, in lower extent, spermidine, but not ornithine	patA	ko:K00821,ko:K09251	ko00220,ko00300,ko00330,ko01100,ko01110,ko01120,ko01130,ko01210,ko01230,map00220,map00300,map00330,map01100,map01110,map01120,map01130,map01210,map01230
WP_023063648	G	Belongs to the glycosyl hydrolase 3 family	bglX	ko:K05349	ko00460,ko00500,ko00940,ko01100,ko01110,map00460,map00500,map00940,map01100,map01110
WP_023063656	F	Catalyzes the decarboxylation of orotidine 5'- monophosphate (OMP) to uridine 5'-monophosphate (UMP)	pyrF	ko:K01591	ko00240,ko01100,map00240,map01100
WP_023063657	E	Bifunctional enzyme that catalyzes two sequential steps of tryptophan biosynthetic pathway. The first reaction is catalyzed by the isomerase, coded by the TrpF domain	trpC	ko:K13498	ko00400,ko01100,ko01110,ko01130,ko01230,map00400,map01100,map01110,map01130,map01230
WP_023140295	U	A transporter able to export peptides and flavins. When overexpressed allows cells deleted for multiple peptidases (pepA, pepB, pepD and pepN) to grow in the presence of dipeptides Ala-Gln or Gly-Tyr which otherwise inhibit growth. Cells overexpressing this protein have decreased intracellular levels of Ala-Gln dipeptide, and in a system that produces the Ala-Gln dipeptide, overproduction of this protein increases its export. When overexpressed increases secretion of FMN and FAD but not riboflavin	yeeO	-	-
WP_023140913	S	-	-	-	-
WP_023281835	S	site-specific DNA-methyltransferase (adenine-specific) activity	-	-	-
WP_023908912	T	Protein phosphatase 2C	-	-	-
WP_023909825	UW	Mediates aggregation, biofilm formation and adhesion to a range of extracellular matrix (ECM) proteins, such as fibronectin, fibrinogen, laminin and collagen types I, II, III, and V. Mediates adhesion to	xadA	ko:K21449	-
WP_023910089	M	Binds the cellulose synthase activator, bis-(3'-5') cyclic diguanylic acid (c-di-GMP)	bcsB	ko:K00694,ko:K20541	ko00500,ko01100,ko02026,map00500,map01100,map02026
WP_024174090	S	May assist cellular detoxification by acetylating non- metabolizable pyranosides, thereby preventing their reentry into the cell	lacA	ko:K00633	-
WP_024176208	K	response to copper ion	ycfQ	ko:K22041	-
WP_024186437	L	Pfam:DUF4102	intB	-	-
WP_024186439	J	Specifically methylates the cytosine at position 1407 (m5C1407) of 16S rRNA	rsmF	ko:K11392	-
WP_024186445	H	Involved in the heme biosynthesis. Catalyzes the aerobic oxidative decarboxylation of propionate groups of rings A and B of coproporphyrinogen-III to yield the vinyl groups in protoporphyrinogen-IX	hemF	ko:K00228	ko00860,ko01100,ko01110,map00860,map01100,map01110
WP_024186454	L	ATP-dependent DNA helicase	recQ	ko:K03654	ko03018,map03018
WP_024186456	I	oligoketide cyclase lipid transport protein	ratA	-	-
WP_024186487	T	Member of the two-component regulatory system ZraS ZraR. May function as a membrane-associated protein kinase that phosphorylates ZraR in response to high concentrations of zinc or lead in the medium	zraS	ko:K07709	ko02020,map02020
WP_024186492	K	transcriptional regulator	yhjC	-	-
WP_024190717	U	Type II secretion system protein C	gspC	ko:K02452	ko03070,ko05111,map03070,map05111
WP_024192281	S	Transfers a CMP moiety from CTP to Mo-molybdopterin (Mo- MPT) cofactor (Moco or molybdenum cofactor) to form Mo- molybdopterin cytosine dinucleotide (Mo-MCD) cofactor. Is specific for CTP	ygfJ	ko:K07141	ko00790,map00790
WP_024192499	L	transposase	-	-	-
WP_024194431	L	Transposase	Z012_11195	ko:K07496	-
WP_024195016	S	NINE Protein	-	-	-
WP_024225557	K	This enzyme acetylates the N-terminal alanine of ribosomal protein S18	rimI	ko:K03789	-
WP_024228922	S	DNA metabolic process	-	-	-
WP_029130985	K	Repressor of the asc operon. The cryptic operon is activated by the insertion of IS186 into the ascG gene	ascG	ko:K03487	-
WP_032084602	F	Catalyzes the dehydration of dTDP-D-glucose to form dTDP-6-deoxy-D-xylo-4-hexulose via a three-step process involving oxidation, dehydration and reduction	rfbB	ko:K01710	ko00521,ko00523,ko00525,ko01055,ko01130,map00521,map00523,map00525,map01055,map01130
WP_032145787	S	Protein of unknown function (DUF1097)	ycdZ	-	-
WP_032145808	P	Belongs to the binding-protein-dependent transport system permease family. FecCD subfamily	btuC	ko:K02015	ko02010,map02010
WP_032158983	M	Uncharacterised protein family (UPF0257)	ynfC	-	-
WP_032160272	M	JAB/MPN domain	-	-	-
WP_032160275	S	Peptidase family M28	yfbL	-	-
WP_032160294	S	Belongs to the SprT family	sprT	ko:K02742	-
WP_032160306	J	Catalyzes the tRNA-independent activation of glutamate in presence of ATP and the subsequent transfer of glutamate onto a tRNA(Asp). Glutamate is transferred on the 2-amino-5-(4,5- dihydroxy-2-cyclopenten-1-yl) moiety of the queuosine in the wobble position of the QUC anticodon	gluQ	ko:K01894	-
WP_032176422	F	Histidine biosynthesis bifunctional protein HisIE	hisI	ko:K11755	ko00340,ko01100,ko01110,ko01230,map00340,map01100,map01110,map01230
WP_033875827	J	FR47-like protein	-	-	-
WP_042038731	E	Fumarase C C-terminus	aspA	ko:K01744	ko00250,ko01100,map00250,map01100
WP_046077388	S	P22_AR N-terminal domain	-	-	-
WP_047613045	S	-	-	-	-
WP_052925274	M	UDP-galactopyranose mutase	glf	ko:K01854	ko00052,ko00520,map00052,map00520
WP_052925276	M	Catalyzes the epimerization of the C3' and C5'positions of dTDP-6-deoxy-D-xylo-4-hexulose, forming dTDP-6-deoxy-L-lyxo-4- hexulose	rfbC	ko:K01790	ko00521,ko00523,ko01130,map00521,map00523,map01130
WP_053273168	F	Catalyzes the reduction of dTDP-6-deoxy-L-lyxo-4- hexulose to yield dTDP-L-rhamnose	rfbD	ko:K00067	ko00521,ko00523,ko01130,map00521,map00523,map01130
WP_053273170	M	transferase activity, transferring glycosyl groups	-	-	-
WP_053273171	V	Glycosyl transferase, family 2	rfbF	ko:K12990	ko02024,ko02025,map02024,map02025
WP_053273172	M	Glycosyltransferase Family 4	-	-	-
WP_053273173	S	Glycosyl Transferase	wbbN	ko:K07011	-
WP_053273174	F	Catalyzes the oxidative decarboxylation of 6- phosphogluconate to ribulose 5-phosphate and CO(2), with concomitant reduction of NADP to NADPH	gnd	ko:K00033	ko00030,ko00480,ko01100,ko01110,ko01120,ko01130,ko01200,map00030,map00480,map01100,map01110,map01120,map01130,map01200
WP_053884252	E	IGPS catalyzes the conversion of PRFAR and glutamine to IGP, AICAR and glutamate. The HisF subunit catalyzes the cyclization activity that produces IGP and AICAR from PRFAR using the ammonia provided by the HisH subunit	hisF	ko:K01663,ko:K02500	ko00340,ko01100,ko01110,ko01230,map00340,map01100,map01110,map01230
WP_057780690	S	Domain of unknown function (DUF4752)	-	-	-
WP_062875671	S	-	-	-	-
WP_063815011	S	slime layer organization	wcaK	ko:K16710	-
WP_063815013	S	colanic acid biosynthesis acetyltransferase wcaF	wcaF	ko:K03818	-
WP_063815015	M	The MdtABC tripartite complex confers resistance against novobiocin and deoxycholate	mdtA	ko:K07799,ko:K21135	ko02020,map02020
WP_063815017	EGP	Major facilitator superfamily	mdtD	ko:K18326	ko02020,map02020
WP_063815163	S	ferric iron reductase	fhuF	ko:K13255	-
WP_063815164	J	Specifically methylates the guanine in position 1207 of 16S rRNA in the 30S particle	rsmC	ko:K00564	-
WP_063815166	L	endodeoxyribonuclease activity, producing 5'-phosphomonoesters	yjjV	ko:K03424	-
WP_063815167	F	anaerobic respiration	yjjI	-	-
WP_063815168	F	Phosphotransfer between the C1 and C5 carbon atoms of pentose	deoB	ko:K01839	ko00030,ko00230,map00030,map00230
WP_063815169	S	Toxic when overexpressed in E.coli, leading to long filamentous cells. The toxic effect is neutralized by non-cognate antitoxin HipB. Does not seem to inhibit DNA, RNA or protein synthesis, and unlike paralogous toxin HipA its toxic activity is not counteracted by overexpression of GltX. Binds DNA. Might be a protein kinase (By similarity)	yjjJ	-	-
WP_063815170	J	Catalyzes both the ATP-dependent activation of exogenously supplied lipoate to lipoyl-AMP and the transfer of the activated lipoyl onto the lipoyl domains of lipoate-dependent enzymes	lplA	ko:K03800	ko00785,ko01100,map00785,map01100
WP_064468989	M	membrane protein of prophage CP-933X Escherichia coli O157 H7 EDL933	-	-	-
WP_064717848	S	-	-	-	-
WP_064759649	S	Polysaccharide biosynthesis protein	rfbX	ko:K03328,ko:K18799	-
WP_064770391	M	Catalyzes the formation of dTDP-glucose, from dTTP and glucose 1-phosphate, as well as its pyrophosphorolysis	rfbA	ko:K00973	ko00521,ko00523,ko00525,ko01130,map00521,map00523,map00525,map01130
WP_064770392	M	slime layer organization	wcaM	ko:K16711	-
WP_064770393	M	colanic acid biosynthesis glycosyl transferase	wcaL	ko:K16703	-
WP_064770395	DM	Tyrosine-protein kinase	wzc	ko:K16692	-
WP_064770396	G	Phosphoenolpyruvate-dependent sugar phosphotransferase system	gatA	ko:K02773	ko00052,ko01100,ko02060,map00052,map01100,map02060
WP_064770399	S	-	yehK	-	-
WP_064770401	S	Is involved in the final hydroxylation step of the post- translational modification of translation elongation factor P (EF- P) on 'Lys-34'. Acts after beta-lysylation of 'Lys-34' by EpmA and EpmB. EpmC adds an oxygen atom to the C5 position of 'Lys-34' and does not modify the added beta-lysine	yfcM	ko:K09906	-
WP_064770402	I	Catalyzes the formation of a hydroxyacyl-CoA by addition of water on enoyl-CoA. Also exhibits 3-hydroxyacyl-CoA epimerase and 3-hydroxyacyl-CoA dehydrogenase activities	fadJ	ko:K01782	ko00071,ko00280,ko00281,ko00310,ko00362,ko00380,ko00410,ko00640,ko00650,ko00903,ko00930,ko01040,ko01100,ko01110,ko01120,ko01130,ko01200,ko01212,map00071,map00280,map00281,map00310,map00362,map00380,map00410,map00640,map00650,map00903,map00930,map01040,map01100,map01110,map01120,map01130,map01200,map01212
WP_064770404	S	Prolyl oligopeptidase family	yfhR	ko:K06889	-
WP_064770406	IQ	Oxidoreductase	ygcW	-	-
WP_064770409	S	Phage late control gene D protein (GPD)	-	ko:K06905	-
WP_064770410	S	Phage P2 GpU	gpU	ko:K06906	-
WP_064770411	S	tail sheath protein	FI	ko:K06907	-
WP_064770412	S	Baseplate J-like protein	-	-	-
WP_064770413	S	Baseplate assembly protein	-	ko:K06903	-
WP_064770414	S	-	-	-	-
WP_064770415	S	-	-	-	-
WP_064770417	S	Phage small terminase subunit	-	-	-
WP_064770418	S	Major capsid protein	-	-	-
WP_064770420	G	Catalyzes the reversible cleavage of L-rhamnulose-1- phosphate to dihydroxyacetone phosphate (DHAP) and L-lactaldehyde	rhaD	ko:K01629	ko00040,ko00051,ko01120,map00040,map00051,map01120
WP_064770447	S	magnesium ion binding	-	-	-
WP_064770449	S	-	-	-	-
WP_064770461	E	Extracellular solute-binding protein, family 5	ddpA	ko:K02035	ko02024,map02024
WP_064770466	E	Ornithine decarboxylase	speF	ko:K01581	ko00330,ko00480,ko01100,ko01110,ko01130,map00330,map00480,map01100,map01110,map01130
WP_064770471	IQ	Belongs to the short-chain dehydrogenases reductases (SDR) family	sorD	ko:K00068	ko00051,map00051
WP_064770472	P	Involved in the high-affinity maltose membrane transport system MalEFGK. Initial receptor for the active transport of and chemotaxis toward maltooligosaccharides	malE	ko:K10108	ko02010,ko02030,map02010,map02030
WP_064770477	S	Specifically catalyzes the hydrolysis of UTP to UMP and diphosphate in vitro, albeit at apparently slow rate. Shows no activity towards ATP, GTP, CTP, dTTP and ITP as substrates	ygjP	ko:K07043	-
WP_064770486	S	Bacteriophage lambda tail assembly protein I	-	-	-
WP_064770487	D	Escherichia coli O157 H7 ortholog z2140	-	-	-
WP_064770489	F	Catalyzes the transfer of the phosphoribosyl group of 5- phosphorylribose-1-pyrophosphate (PRPP) to anthranilate to yield N-(5'-phosphoribosyl)-anthranilate (PRA)	trpD	ko:K00766,ko:K13497	ko00400,ko01100,ko01110,ko01130,ko01230,map00400,map01100,map01110,map01130,map01230
WP_064770498	S	Phage stabilisation protein	-	-	-
WP_064770503	E	Belongs to the class-II pyridoxal-phosphate-dependent aminotransferase family. Histidinol-phosphate aminotransferase subfamily	hisC	ko:K00817	ko00340,ko00350,ko00360,ko00400,ko00401,ko00960,ko01100,ko01110,ko01130,ko01230,map00340,map00350,map00360,map00400,map00401,map00960,map01100,map01110,map01130,map01230
WP_064770504	F	Catalyzes the condensation of ATP and 5-phosphoribose 1- diphosphate to form N'-(5'-phosphoribosyl)-ATP (PR-ATP). Has a crucial role in the pathway because the rate of histidine biosynthesis seems to be controlled primarily by regulation of HisG enzymatic activity	hisG	ko:K00765	ko00340,ko01100,ko01110,ko01230,map00340,map01100,map01110,map01230
WP_064770505	S	Inner membrane protein PRK11099	yeeE	ko:K07112	-
WP_064770506	S	transmembrane transporter activity	yeeA	-	-
WP_064770514	F	Catalyzes the synthesis of alpha-ribazole-5'-phosphate from nicotinate mononucleotide (NAMN) and 5,6- dimethylbenzimidazole (DMB)	cobT	ko:K00768	ko00860,ko01100,map00860,map01100
WP_064770516	C	C4-dicarboxylate anaerobic carrier	dcuD_1	ko:K03326	-
WP_064770521	S	esterase of the alpha-beta hydrolase superfamily	-	ko:K07001	-
WP_064770528	S	Responsible for the transport of C4-dicarboxylates from the periplasm across the inner membrane	dcuA	ko:K07791	-
WP_064770537	M	Glycosyltransferase family 9 (heptosyltransferase)	JD73_21370	-	-
WP_064770542	K	Transcriptional activator for the hut, put and ure operons and repressor for the gdh and gltB operons in response to nitrogen limitation. Negative regulator of its own expression (By similarity)	nac	ko:K19338	-
WP_071524604	S	-	-	-	-
WP_071524879	S	-	-	-	-
WP_071591548	O	Cytochrome c-type biogenesis protein	nrfE	ko:K04016	-
WP_071600865	Q	benzoate transport	ydcO	ko:K05782	-
WP_071600869	P	Probably acts as an electrical shunt for an outwardly- directed proton pump that is linked to amino acid decarboxylation, as part of the extreme acid resistance (XAR) response	clcB	ko:K03281	-
WP_072134741	JM	Bacterial transferase hexapeptide (six repeats)	-	-	-
WP_072141759	C	Belongs to the prokaryotic molybdopterin-containing oxidoreductase family	ynfF	ko:K07306,ko:K07309,ko:K07310,ko:K07811,ko:K07812,ko:K08351	ko00450,ko00780,ko00920,ko01100,ko02020,map00450,map00780,map00920,map01100,map02020
WP_072617203	O	C-terminal, D2-small domain, of ClpB protein	clpV	ko:K11907	ko02025,ko03070,map02025,map03070
WP_074157994	N	OmpA family	lafU	ko:K02557	ko02030,ko02040,map02030,map02040
WP_074158036	L	Degrades single-stranded DNA (ssDNA) in a highly processive manner. Also functions as a DNA deoxyribophosphodiesterase that releases deoxyribose-phosphate moieties following the cleavage of DNA at an apurinic apyrimidinic (AP) site by either an AP endonuclease or AP lyase	sbcB	ko:K01141	ko03430,map03430
WP_075370621	MU	Adhesin of bacterial autotransporter system, probable stalk	flu	ko:K12687	ko02026,map02026
WP_076797591	E	Biodegradative arginine decarboxylase	adiA	ko:K01584	ko00330,ko01100,map00330,map01100
WP_077626238	C	Formate dehydrogenase allows E.coli to use formate as major electron donor during anaerobic respiration, when nitrate is used as electron acceptor. The alpha subunit FdnG contains the formate oxidation site. Electrons are transferred from formate to menaquinone in the gamma subunit (FdnI), through the 4Fe-4S clusters in the beta subunit (FdnH). Formate dehydrogenase-N is part of a system that generates proton motive force, together with the dissimilatory nitrate reductase (Nar)	fdoG	ko:K00123,ko:K08348	ko00630,ko00680,ko01100,ko01120,ko01200,ko02020,map00630,map00680,map01100,map01120,map01200,map02020
WP_077696817	H	Involved in the biosynthesis of the siderophore enterobactin (enterochelin), which is a macrocyclic trimeric lactone of N-(2,3-dihydroxybenzoyl)-serine. The serine trilactone serves as a scaffolding for the three catechol functionalities that provide hexadentate coordination for the tightly ligated iron(2 ) atoms. Plays an essential role in the assembly of the enterobactin by catalyzing the transfer of the 4'- phosphopantetheine (Ppant) moiety from coenzyme A to the apo- domains of both EntB (ArCP domain) and EntF (PCP domain) to yield their holo-forms which make them competent for the activation of 2,3-dihydroxybenzoate (DHB) and L-serine, respectively	entD	ko:K02362	ko01053,ko01110,ko01130,map01053,map01110,map01130
WP_077897989	NU	Involved in regulation of length and mediation of adhesion of type 1 fimbriae (but not necessary for the production of fimbriae). Involved in the integration of FimH in the fimbriae	fimG	ko:K07349	-
WP_085947598	L	DDE domain	insF	ko:K07497	-
WP_085948682	L	COG2801 Transposase and inactivated derivatives	insK	ko:K07497	-
WP_085960995	L	DDE domain	-	ko:K07497	-
WP_089577994	S	sequence-specific DNA binding	-	-	-
WP_089586018	S	Pfam:Phage_tail_NK	-	-	-
WP_089614336	S	Protein of unknown function (DUF2824)	-	-	-
WP_089615018	L	transposase activity	-	-	-
WP_096035150	M	Rhs elements have a nonessential function. They may play an important role in the natural ecology of the cell	rhsA	-	-
WP_096035151	M	Rhs elements have a nonessential function. They may play an important role in the natural ecology of the cell	rhsA	-	-
WP_096035157	L	DDE domain	-	ko:K07497	-
WP_096035160	G	2-keto-3-deoxy-galactonokinase	dgoK	ko:K00883	ko00052,ko01100,map00052,map01100
WP_096035161	EGP	Sugar (and other) transporter	ydfJ	ko:K08173	-
WP_096035166	C	Catalyzes the conversion of epoxyqueuosine (oQ) to queuosine (Q), which is a hypermodified base found in the wobble positions of tRNA(Asp), tRNA(Asn), tRNA(His) and tRNA(Tyr)	queH	ko:K09765	-
WP_096035167	K	Antitermination protein Q	quuQ	-	-
WP_096035168	S	virus tail assembly	-	-	-
WP_096035169	NT	Phage-related protein, tail component	-	-	-
WP_096035170	M	membrane protein of prophage CP-933X Escherichia coli O157 H7 EDL933	-	-	-
WP_096035171	S	N-acetylmuramoyl-L-alanine amidase activity	-	-	-
WP_096035172	MU	Autotransporter beta-domain	ydeU	ko:K12678	-
WP_096035176	MU	cell adhesion	ypjA	-	-
WP_096035177	M	Rhs elements have a nonessential function. They may play an important role in the natural ecology of the cell	rhsA	-	-
WP_096035180	L	Transposase	Z012_11195	ko:K07496	-
WP_096035187	M	Rhs elements have a nonessential function. They may play an important role in the natural ecology of the cell	rhsA	-	-
WP_096937776	S	Hok/gef family	-	ko:K18921	-
WP_097476798	S	-	-	-	-
WP_100190661	L	Transposase insK for insertion sequence element IS150	-	ko:K07497	-
WP_101687415	L	Transposase insK for insertion sequence element IS150	-	ko:K07497	-
WP_106106683	L	Transposase insK for insertion sequence element IS150	-	ko:K07497	-
WP_106409401	L	Transposase insK for insertion sequence element IS150	-	ko:K07497	-
WP_109553727	S	-	-	-	-
WP_112022881	S	YCII-related domain	yciI	ko:K05527,ko:K09780	-
WP_122134680	S	RelE toxin of RelE / RelB toxin-antitoxin system	-	-	-
WP_122987197	S	cell division	-	ko:K06889	-
WP_122987212	S	ImcF-related N-terminal domain	icmF	ko:K11891,ko:K12210	ko02025,ko03070,map02025,map03070
WP_122989436	P	Part of the ABC transporter complex PstSACB involved in phosphate import	-	ko:K02040	ko02010,ko02020,ko05152,map02010,map02020,map05152
WP_124056418	S	-	tdcR	ko:K07591	-
WP_129766506	M	cell adhesion	yeeJ	ko:K13735	ko05100,map05100
WP_129766510	E	Catalyzes the NADPH-dependent formation of L-aspartate- semialdehyde (L-ASA) by the reductive dephosphorylation of L- aspartyl-4-phosphate	asd	ko:K00133	ko00260,ko00261,ko00270,ko00300,ko01100,ko01110,ko01120,ko01130,ko01210,ko01230,map00260,map00261,map00270,map00300,map01100,map01110,map01120,map01130,map01210,map01230
WP_129766513	M	Domain in cystathionine beta-synthase and other proteins.	kdsD	ko:K06041	ko00540,ko01100,map00540,map01100
WP_129766517	E	L-valine transmembrane transporter activity	ygaZ	-	-
WP_129766519	I	Converts 2C-methyl-D-erythritol 2,4-cyclodiphosphate (ME-2,4cPP) into 1-hydroxy-2-methyl-2-(E)-butenyl 4-diphosphate	ispG	ko:K03526	ko00900,ko01100,ko01110,ko01130,map00900,map01100,map01110,map01130
WP_129766521	E	Catalyzes the hydrolysis of N-succinyl-L,L- diaminopimelic acid (SDAP), forming succinate and LL-2,6- diaminoheptanedioate (DAP), an intermediate involved in the bacterial biosynthesis of lysine and meso-diaminopimelic acid, an essential component of bacterial cell walls	dapE	ko:K01439	ko00300,ko01100,ko01120,ko01230,map00300,map01100,map01120,map01230
WP_129766523	S	-	-	-	-
WP_129766529	S	Ead/Ea22-like protein	-	-	-
WP_129766531	S	-	-	-	-
WP_129766535	S	-	-	-	-
WP_129766537	S	DNA helicase activity	-	-	-
WP_129766541	S	NinF protein	-	-	-
WP_129766543	S	-	-	-	-
WP_129766545	S	Protein of unknown function (DUF1364)	-	-	-
WP_129766547	S	actin binding	-	-	-
WP_129766549	S	P22 coat protein - gene protein 5	-	-	-
WP_129766551	S	Packaged DNA stabilization protein gp4	-	-	-
WP_129766553	S	Pfam:Inj_translocase	-	-	-
WP_129766555	S	N-acetylmuramoyl-L-alanine amidase activity	-	-	-
WP_129766557	S	-	-	-	-
WP_129766559	T	Component of the Rcs signaling system, which controls transcription of numerous genes. RcsD is a phosphotransfer intermediate between the sensor kinase RcsC and the response regulator RcsB. It acquires a phosphoryl group from RcsC and transfers it to RcsB	rcsD	ko:K07676,ko:K07687	ko02020,ko02026,map02020,map02026
WP_129766562	S	Proposed nucleic acid binding domain	JD73_20480	-	-
WP_129766564	S	lipopolysaccharide biosynthetic process	wzxC	ko:K03328,ko:K16695	-
WP_129766570	S	Inovirus Gp2	-	-	-
WP_129766572	M	Belongs to the Gram-negative porin family	ompF	ko:K09475,ko:K09476,ko:K11929,ko:K14062	ko01501,ko02020,map01501,map02020
WP_129766574	E	The actual biological function of YdiB remains unclear, nor is it known whether 3-dehydroshikimate or quinate represents the natural substrate. Catalyzes the reversible NAD-dependent reduction of both 3-dehydroshikimate (DHSA) and 3-dehydroquinate to yield shikimate (SA) and quinate, respectively. It can use both NAD or NADP for catalysis, however it has higher catalytic efficiency with NAD	ydiB	ko:K00014,ko:K05887	ko00400,ko01100,ko01110,ko01130,ko01230,map00400,map01100,map01110,map01130,map01230
WP_129766576	L	DnaD domain protein	ybl78	-	-
WP_129766578	G	Maltoporin periplasmic N-terminal extension	bglH	ko:K10124	-
WP_129766584	S	ATP diphosphatase activity	ycaO	ko:K09136	-
WP_129766587	S	Catalyzes the condensation of two molecules of glyoxylate to give 2-hydroxy-3-oxopropanoate (also termed tartronate semialdehyde)	gcl	ko:K01608	ko00630,ko01100,map00630,map01100
WP_129766589	P	Belongs to the monovalent cation proton antiporter 2 (CPA2) transporter (TC 2.A.37) family	ybaL	ko:K03455	-
WP_129766591	S	Protein of unknown function (DUF2877)	yahE	-	-
WP_129766593	M	Belongs to the MurCDEF family	murC	ko:K01924	ko00471,ko00550,ko01100,map00471,map00550,map01100
WP_129766595	O	with 'Suc-Ala-Xaa-Pro-Phe-4-nitroanilide' where Xaa is the amino acid tested, was found to be Phe Leu Ile Lys Ala Trp His Gln	fkpB	ko:K03774	-
WP_129766601	S	High-affinity transporter for guanine and hypoxanthine	yjcD	ko:K06901	-
WP_129766603	T	May function as a c-di-GMP phosphodiesterase. Cyclic-di- GMP is a second messenger which controls cell surface-associated traits in bacteria. Overexpression reduces biofilm formation	yjcC	-	-
WP_129766605	S	Replication protein B	-	-	-
WP_129766609	L	Belongs to the 'phage' integrase family	intS	-	-
WP_129766625	S	Type-F conjugative transfer system protein TraW	traW	ko:K12061	-
WP_129766627	U	type-IV secretion system protein TraC	traC	ko:K12063	-
WP_137498330	IQ	AMP-binding enzyme	JD73_00810	ko:K00666	-
WP_160342164	NU	chaperone	ycbF	-	-
WP_161978231	P	Intake of galactonate into the cell	dgoT	ko:K03535,ko:K08194,ko:K12299	-
WP_169057738	NU	outer membrane usher protein	ybgQ	-	-
WP_171869584	S	Haemolysin expression modulating protein	-	-	-
WP_172598455	T	Globin-coupled heme-based oxygen sensor protein displaying diguanylate cyclase (DGC) activity in response to oxygen availability. Thus, catalyzes the synthesis of cyclic diguanylate (c-di-GMP) via the condensation of 2 GTP molecules	dosC	ko:K13069	-
WP_223362157	L	Domain of unknown function (DUF4942)	-	-	-
WP_223364201	S	Protein of unknown function (DUF1380)	-	-	-
WP_223438176	L	it binds specifically double-stranded DNA at a 9 bp consensus (dnaA box) 5'-TTATC CA A CA A-3'. DnaA binds to ATP and to acidic phospholipids	dnaA	ko:K02313	ko02020,ko04112,map02020,map04112
WP_227534287	S	RePlication protein	-	-	-
WP_229018344	S	Antirestriction protein	klcA_1	-	-
WP_229018389	S	-	-	-	-
WP_250189536	M	CDP-Glycerol:Poly(glycerophosphate) glycerophosphotransferase	-	-	-
WP_250189537	H	Stealth protein CR3, conserved region 3	-	-	-
WP_250189538	S	Stealth protein CR2, conserved region 2	-	-	-
WP_254892905	L	Histone-like DNA-binding protein which is capable of wrapping DNA to stabilize it, and thus to prevent its denaturation under extreme environmental conditions	hupB	ko:K03530	-
WP_267236050	S	-	-	-	-
WP_284147024	S	Psort location CytoplasmicMembrane, score 10.00	-	-	-
WP_306174120	DM	COG0739 Membrane proteins related to metalloendopeptidases	nlpD	ko:K06194,ko:K12943	-
WP_306174501	M	Part of the tripartite efflux system MdtEF-TolC, which confers resistance to	mdtE	ko:K18898	-
WP_306308214	L	to GP 6723233	-	-	-
