GeneID	COG_category	Description	Preferred_name	KEGG_ko	KEGG_Pathway
WP_000014594	K	SMART Cold shock protein	cspA	ko:K03704	-
WP_000103754	IQ	Carrier of the growing fatty acid chain in fatty acid biosynthesis	acpP	ko:K02078	-
WP_000124850	J	Binds directly to 23S ribosomal RNA and is necessary for the in vitro assembly process of the 50S ribosomal subunit. It is not involved in the protein synthesizing functions of that subunit	rplT	ko:K02887	ko03010,map03010
WP_000135058	K	Promotes RNA polymerase assembly. Latches the N- and C- terminal regions of the beta' subunit thereby facilitating its interaction with the beta and alpha subunits	rpoZ	ko:K03060	ko00230,ko00240,ko01100,ko03020,map00230,map00240,map01100,map03020
WP_000135199	J	Binds as a heterodimer with protein S6 to the central domain of the 16S rRNA, where it helps stabilize the platform of the 30S subunit	rpsR	ko:K02963	ko03010,map03010
WP_000228469	K	Transcriptional regulator	lrp	ko:K03719	-
WP_000242758	K	COG0664 cAMP-binding proteins - catabolite gene activator and regulatory subunit of cAMP-dependent protein kinases	crp	ko:K10914	ko02020,ko02024,ko02025,ko02026,ko05111,map02020,map02024,map02025,map02026,map05111
WP_000290724	J	Belongs to the bacterial ribosomal protein bL32 family	rpmF	ko:K02911	ko03010,map03010
WP_000387720	CQ	BMC domain	eutM	ko:K04027	-
WP_000429386	C	F(1)F(0) ATP synthase produces ATP from ADP in the presence of a proton or sodium gradient. F-type ATPases consist of two structural domains, F(1) containing the extramembraneous catalytic core and F(0) containing the membrane proton channel, linked together by a central stalk and a peripheral stalk. During catalysis, ATP synthesis in the catalytic domain of F(1) is coupled via a rotary mechanism of the central stalk subunits to proton translocation	atpE	ko:K02110	ko00190,ko00195,ko01100,map00190,map00195,map01100
WP_000462905	K	Activates ribosomal RNA transcription. Plays a direct role in upstream activation of rRNA promoters	fis	ko:K03557	ko05111,map05111
WP_000617546	J	One of the early assembly proteins it binds 23S rRNA. One of the proteins that surrounds the polypeptide exit tunnel on the outside of the ribosome. Forms the main docking site for trigger factor binding to the ribosome	rplW	ko:K02892	ko03010,map03010
WP_000704907	M	Belongs to the UDP-glucose GDP-mannose dehydrogenase family	ugd	ko:K00012	ko00040,ko00053,ko00520,ko01100,map00040,map00053,map00520,map01100
WP_000829815	J	Belongs to the universal ribosomal protein uS9 family	rpsI	ko:K02996	ko03010,map03010
WP_000831330	J	Belongs to the bacterial ribosomal protein bL34 family	rpmH	ko:K02914	ko03010,map03010
WP_000868187	J	Belongs to the bacterial ribosomal protein bL36 family	rpmJ	ko:K02919	ko03010,map03010
WP_000906486	J	Could accelerate the degradation of some genes transcripts potentially through selective RNA binding	csrA	ko:K03563	ko02020,ko02025,ko02026,ko05111,map02020,map02025,map02026,map05111
WP_000940121	J	Located at the back of the 30S subunit body where it stabilizes the conformation of the head with respect to the body	rpsE	ko:K02988	ko03010,map03010
WP_001021161	H	Catalyzes the formation of 6,7-dimethyl-8- ribityllumazine by condensation of 5-amino-6-(D- ribitylamino)uracil with 3,4-dihydroxy-2-butanone 4-phosphate. This is the penultimate step in the biosynthesis of riboflavin	ribH	ko:K00794	ko00740,ko01100,ko01110,map00740,map01100,map01110
WP_001040187	J	One of the essential components for the initiation of protein synthesis. Stabilizes the binding of IF-2 and IF-3 on the 30S subunit to which N-formylmethionyl-tRNA(fMet) subsequently binds. Helps modulate mRNA selection, yielding the 30S pre- initiation complex (PIC). Upon addition of the 50S ribosomal subunit IF-1, IF-2 and IF-3 are released leaving the mature 70S translation initation complex	infA	ko:K02518	-
WP_001041499	K	Transcription regulator that activates transcription by stimulating RNA polymerase (RNAP) recycling in case of stress conditions such as supercoiled DNA or high salt concentrations. Probably acts by releasing the RNAP, when it is trapped or immobilized on tightly supercoiled DNA. Does not activate transcription on linear DNA. Probably not involved in DNA repair	-	-	-
WP_001062678	K	Cold shock	cspC	ko:K03704	-
WP_001124225	J	Belongs to the bacterial ribosomal protein bL35 family	rpmI	ko:K02916	ko03010,map03010
WP_001138115	J	Protein S19 forms a complex with S13 that binds strongly to the 16S ribosomal RNA	rpsS	ko:K02965	ko03010,map03010
WP_001140434	J	Ribosomal protein L30	rpmD	ko:K02907	ko03010,map03010
WP_001144069	J	Belongs to the bacterial ribosomal protein bS21 family	rpsU	ko:K02970	ko03010,map03010
WP_001157751	K	Response regulators consisting of a CheY-like receiver domain and a winged-helix DNA-binding domain	ompR	ko:K07659	ko02020,ko02026,map02020,map02026
WP_001181005	J	Involved in the binding of tRNA to the ribosomes	rpsJ	ko:K02946	ko03010,map03010
WP_001207203	J	Forms part of the ribosomal stalk, playing a central role in the interaction of the ribosome with GTP-bound translation factors	rplJ	ko:K02864	ko03010,map03010
WP_001311244	E	branched-chain amino acid biosynthetic process	ilvL	-	-
WP_001541509	S	-	yjjY	-	-
WP_001565641	HKLT	Methyltransferase domain	wxcB	ko:K18827	-
WP_002434222	J	Belongs to the bacterial ribosomal protein bL27 family	rpmA	ko:K02899	ko03010,map03010
WP_002436699	J	Belongs to the bacterial ribosomal protein bL28 family	rpmB	ko:K02902	ko03010,map03010
WP_002444653	L	Histone-like DNA-binding protein which is capable of wrapping DNA to stabilize it, and thus to prevent its denaturation under extreme environmental conditions	hupB	ko:K03530	-
WP_002882510	K	transcriptional	asnC	ko:K03718,ko:K03719	-
WP_002882527	G	Catalyzes the interconversion of beta-pyran and beta- furan forms of D-ribose	rbsD	ko:K06726	ko02010,map02010
WP_002882612	S	protein conserved in bacteria	yihD	ko:K09896	-
WP_002882809	J	rejects L-amino acids rather than detecting D-amino acids in the active site. By recycling D-aminoacyl-tRNA to D-amino acids and free tRNA molecules, this enzyme counteracts the toxicity associated with the formation of D-aminoacyl-tRNA entities in vivo and helps enforce protein L-homochirality	dtd	ko:K07560	-
WP_002882818	C	formate dehydrogenase	fdoI	ko:K00127,ko:K08350	ko00630,ko00680,ko01100,ko01120,ko01200,ko02020,map00630,map00680,map01100,map01120,map01200,map02020
WP_002882822	C	formate dehydrogenase	fdoH	ko:K00124,ko:K08349	ko00630,ko00680,ko01100,ko01120,ko01200,ko02020,map00630,map00680,map01100,map01120,map01200,map02020
WP_002882858	S	-	-	-	-
WP_002882865	K	Transcriptional regulator	sinR	-	-
WP_002882870	G	Involved in the anomeric conversion of L-rhamnose	rhaM	ko:K03534	-
WP_002882901	K	Response regulators consisting of a CheY-like receiver domain and a winged-helix DNA-binding domain	cpxR	ko:K07662,ko:K19610	ko01503,ko02020,map01503,map02020
WP_002882911	F	Catalyzes the phosphorylation of D-fructose 6-phosphate, the first committing step of glycolysis. Uses inorganic phosphate (PPi) as phosphoryl donor instead of ATP like common ATP-dependent phosphofructokinases (ATP-PFKs), which renders the reaction reversible, and can thus function both in glycolysis and gluconeogenesis. Consistently, PPi-PFK can replace the enzymes of both the forward (ATP-PFK) and reverse (fructose-bisphosphatase (FBPase)) reactions	pfkA	ko:K00850	ko00010,ko00030,ko00051,ko00052,ko00680,ko01100,ko01110,ko01120,ko01130,ko01200,ko01230,ko03018,ko04152,ko05230,map00010,map00030,map00051,map00052,map00680,map01100,map01110,map01120,map01130,map01200,map01230,map03018,map04152,map05230
WP_002882913	H	Catalyzes the aldol cleavage of 4-hydroxy-4-methyl-2- oxoglutarate (HMG) into 2 molecules of pyruvate. Also contains a secondary oxaloacetate (OAA) decarboxylase activity due to the common pyruvate enolate transition state formed following C-C bond cleavage in the retro-aldol and decarboxylation reactions	rraA	ko:K02553	-
WP_002882918	O	Protease subunit of a proteasome-like degradation complex believed to be a general protein degrading machinery	hslV	ko:K01419	-
WP_002882952	E	Methylenetetrahydrofolate reductase	metF	ko:K00297	ko00670,ko00720,ko01100,ko01120,ko01200,ko01523,map00670,map00720,map01100,map01120,map01200,map01523
WP_002883180	G	peptidylprolyl isomerase	ppiC	ko:K03769	-
WP_002883224	O	Belongs to the thioredoxin family	trxA	ko:K03671	ko04621,ko05418,map04621,map05418
WP_002883293	K	Facilitates transcription termination by a mechanism that involves Rho binding to the nascent RNA, activation of Rho's RNA-dependent ATPase activity, and release of the mRNA from the DNA template	rho	ko:K03628	ko03018,map03018
WP_002883296	M	Modulates the polysaccharide chain length of enterobacterial common antigen (ECA)	wzzE	ko:K05790	-
WP_002883307	H	Catalyzes the formation of dTDP-glucose, from dTTP and glucose 1-phosphate, as well as its pyrophosphorolysis	rffH	ko:K00973	ko00521,ko00523,ko00525,ko01130,map00521,map00523,map00525,map01130
WP_002883383	F	Adenylate cyclase	cyaA	ko:K05851	ko00230,ko02026,ko05111,map00230,map02026,map05111
WP_002883389	P	Belongs to the frataxin family	cyaY	ko:K06202	-
WP_002883394	E	Catalyzes the stereoinversion of LL-2,6- diaminoheptanedioate (L,L-DAP) to meso-diaminoheptanedioate (meso- DAP), a precursor of L-lysine and an essential component of the bacterial peptidoglycan	dapF	ko:K01778	ko00300,ko01100,ko01110,ko01120,ko01130,ko01230,map00300,map01100,map01110,map01120,map01130,map01230
WP_002883402	S	Rard protein	rarD	ko:K05786	-
WP_002883408	M	Phospholipase	pldA	ko:K01058	ko00564,ko00565,ko00590,ko00591,ko00592,ko01100,ko01110,map00564,map00565,map00590,map00591,map00592,map01100,map01110
WP_002883419	F	Catalyzes the reversible phosphorylytic cleavage of uridine and deoxyuridine to uracil and ribose- or deoxyribose-1- phosphate. The produced molecules are then utilized as carbon and energy sources or in the rescue of pyrimidine bases for nucleotide synthesis	udp	ko:K00757	ko00240,ko00983,ko01100,map00240,map00983,map01100
WP_002883425	U	Part of the twin-arginine translocation (Tat) system that transports large folded proteins containing a characteristic twin-arginine motif in their signal peptide across membranes. TatA could form the protein-conducting channel of the Tat system	tatA	ko:K03116	ko03060,ko03070,map03060,map03070
WP_002883772	U	Essential subunit of the Sec protein translocation channel SecYEG. Clamps together the 2 halves of SecY. May contact the channel plug during translocation	secE	ko:K03073	ko02024,ko03060,ko03070,map02024,map03060,map03070
WP_002884142	J	Forms part of the ribosomal stalk which helps the ribosome interact with GTP-bound translation factors. Is thus essential for accurate translation	rplL	ko:K02935	ko03010,map03010
WP_002884150	G	Phosphotransferase System	celA	ko:K02760	ko00500,ko02060,map00500,map02060
WP_002884324	K	Binds RpoD and negatively regulates RpoD-mediated transcription activation by preventing the interaction between the primary sigma factor RpoD with the catalytic core of the RNA polymerase and with promoter DNA. May be involved in replacement of the RNA polymerase sigma subunit from RpoD to RpoS during the transition from exponential growth to the stationary phase	rsd	ko:K07740	-
WP_002884342	L	Histone-like DNA-binding protein which is capable of wrapping DNA to stabilize it, and thus to prevent its denaturation under extreme environmental conditions	hupA	ko:K03530,ko:K05787	-
WP_002884590	G	IID component	sorM	ko:K02815	ko00051,ko02060,map00051,map02060
WP_002884608	G	pts system	sorA	ko:K02746,ko:K02795,ko:K02814	ko00051,ko00052,ko00520,ko01100,ko02060,map00051,map00052,map00520,map01100,map02060
WP_002884611	G	IIa component	sorF	ko:K02812	ko00051,ko02060,map00051,map02060
WP_002884614	IQ	Belongs to the short-chain dehydrogenases reductases (SDR) family	sorD	ko:K00068	ko00051,map00051
WP_002884616	K	transcriptional regulator	sorC	-	-
WP_002884627	S	Bile acid sodium symporter	yocS	ko:K03453	-
WP_002884725	P	transport	malG	ko:K10110	ko02010,map02010
WP_002884935	S	conserved protein, contains double-stranded beta-helix domain	-	-	-
WP_002885221	S	PFAM Glyoxalase bleomycin resistance protein dioxygenase	phnB	ko:K04750	-
WP_002885424	E	Aspartate ammonia-lyase	aspA	ko:K01744	ko00250,ko01100,map00250,map01100
WP_002885506	J	Involved in peptide bond synthesis. Alleviates ribosome stalling that occurs when 3 or more consecutive Pro residues or the sequence PPG is present in a protein, possibly by augmenting the peptidyl transferase activity of the ribosome. Modification of Lys-34 is required for alleviation	efp	ko:K02356	-
WP_002885511	S	response to toxic substance	ecnA	ko:K16347,ko:K16348	-
WP_002885526	C	Seems to be involved in the anchoring of the catalytic components of the fumarate reductase complex to the cytoplasmic membrane	frdD	ko:K00247	ko00020,ko00190,ko00620,ko00650,ko00720,ko01100,ko01110,ko01120,ko01130,ko01200,ko02020,map00020,map00190,map00620,map00650,map00720,map01100,map01110,map01120,map01130,map01200,map02020
WP_002885530	C	Seems to be involved in the anchoring of the catalytic components of the fumarate reductase complex to the cytoplasmic membrane	frdC	ko:K00246	ko00020,ko00190,ko00620,ko00650,ko00720,ko01100,ko01110,ko01120,ko01130,ko01200,ko02020,map00020,map00190,map00620,map00650,map00720,map01100,map01110,map01120,map01130,map01200,map02020
WP_002885652	F	Catalyzes the transfer of a dimethylallyl group onto the adenine at position 37 in tRNAs that read codons beginning with uridine, leading to the formation of N6-(dimethylallyl)adenosine (i(6)A)	miaA	ko:K00791	ko00908,ko01100,ko01110,map00908,map01100,map01110
WP_002885659	J	RNA chaperone that binds small regulatory RNA (sRNAs) and mRNAs to facilitate mRNA translational regulation in response to envelope stress, environmental stress and changes in metabolite concentrations. Also binds with high specificity to tRNAs	hfq	ko:K03666	ko02024,ko03018,ko05111,map02024,map03018,map05111
WP_002885662	O	HflC and HflK could regulate a protease	hflC	ko:K04087	-
WP_002885664	S	protein conserved in bacteria	yjeT	ko:K09937	-
WP_002885667	K	Nitric oxide-sensitive repressor of genes involved in protecting the cell against nitrosative stress. May require iron for activity	nsrR	ko:K13771	ko05132,map05132
WP_002885682	G	The phosphoenolpyruvate-dependent sugar phosphotransferase system (sugar PTS), a major carbohydrate active transport system, catalyzes the phosphorylation of incoming sugar substrates concomitantly with their translocation across the cell membrane. The enzyme II UlaABC PTS system is involved in ascorbate transport	ulaB	ko:K02822	ko00053,ko01100,ko01120,ko02060,map00053,map01100,map01120,map02060
WP_002885689	S	Protein of unknown function (DUF1471)	-	-	-
WP_002885722	L	Binds single-stranded DNA at the primosome assembly site (PAS)	priB	ko:K02686	ko03440,map03440
WP_002886687	G	Peptidyl-prolyl cis-trans	fklB	ko:K03773	-
WP_002886707	S	Protein of unknown function (DUF1107)	ytfK	-	-
WP_002886766	C	Catalyzes the hydrolysis of inorganic pyrophosphate (PPi) forming two phosphate ions	ppa	ko:K01507	ko00190,map00190
WP_002886825	G	Belongs to the binding-protein-dependent transport system permease family	yjfF	ko:K02057,ko:K10440,ko:K17209	ko02010,map02010
WP_002886893	C	Cytochrome b(562)	cybC	ko:K15536	-
WP_002886897	S	Membrane	-	-	-
WP_002886902	DJ	Cytotoxic translational repressor of toxin-antitoxin stability system	relE	ko:K06218	-
WP_002886926	J	Endoribonuclease	yjgF	ko:K09022	-
WP_002886927	F	Involved in allosteric regulation of aspartate carbamoyltransferase	pyrI	ko:K00610	ko00240,ko00250,ko01100,map00240,map00250,map01100
WP_002887057	S	-	-	-	-
WP_002887473	C	4-hydroxyphenylacetate 3-hydroxylase C terminal	hpaB	ko:K00483	ko00350,ko01120,ko01220,map00350,map01120,map01220
WP_002887503	K	Homoprotocatechuate degradative operon repressor	hpaR	-	-
WP_002887716	S	UPF0391 membrane protein	ytjA	-	-
WP_002887784	F	Catalyzes a reversible aldol reaction between acetaldehyde and D-glyceraldehyde 3-phosphate to generate 2-deoxy- D-ribose 5-phosphate	deoC	ko:K01619	ko00030,map00030
WP_002887789	F	Purine nucleoside phosphorylase	deoD	ko:K03784	ko00230,ko00240,ko00760,ko01100,ko01110,map00230,map00240,map00760,map01100,map01110
WP_002887800	O	DNA-dependent ATPase involved in processing of recombination intermediates, plays a role in repairing DNA breaks. Stimulates the branch migration of RecA-mediated strand transfer reactions, allowing the 3' invading strand to extend heteroduplex DNA faster. Binds ssDNA in the presence of ADP but not other nucleotides, has ATPase activity that is stimulated by ssDNA and various branched DNA structures, but inhibited by SSB. Does not have RecA's homology-searching function	radA	ko:K04485	-
WP_002887802	H	transcriptional regulator	nadR	ko:K06211	ko00760,ko01100,map00760,map01100
WP_002887843	K	Two component transcriptional regulator, winged helix family	arcA	ko:K07773	ko02020,ko02026,map02020,map02026
WP_002887965	J	Binds directly to 16S ribosomal RNA	rpsT	ko:K02968	ko03010,map03010
WP_002887976	G	Peptidyl-prolyl cis-trans	fkpB	ko:K03774	-
WP_002887979	IM	Catalyzes the conversion of 1-hydroxy-2-methyl-2-(E)- butenyl 4-diphosphate (HMBPP) into a mixture of isopentenyl diphosphate (IPP) and dimethylallyl diphosphate (DMAPP). Acts in the terminal step of the DOXP MEP pathway for isoprenoid precursor biosynthesis	ispH	ko:K03527	ko00900,ko01100,ko01110,ko01130,map00900,map01100,map01110,map01130
WP_002888059	S	Lipoprotein	ygdi3	-	-
WP_002888536	E	acetolactate synthase	ilvH	ko:K01653	ko00290,ko00650,ko00660,ko00770,ko01100,ko01110,ko01130,ko01210,ko01230,map00290,map00650,map00660,map00770,map01100,map01110,map01130,map01210,map01230
WP_002888550	D	Essential cell division protein. May link together the upstream cell division proteins, which are predominantly cytoplasmic, with the downstream cell division proteins, which are predominantly periplasmic	ftsL	ko:K03586	-
WP_002888628	D	Essential cell division protein that forms a contractile ring structure (Z ring) at the future cell division site. The regulation of the ring assembly controls the timing and the location of cell division. One of the functions of the FtsZ ring is to recruit other cell division proteins to the septum to produce a new cell wall between the dividing cells. Binds GTP and shows GTPase activity	ftsZ	ko:K03531	ko04112,map04112
WP_002888632	M	Catalyzes the hydrolysis of UDP-3-O-myristoyl-N- acetylglucosamine to form UDP-3-O-myristoylglucosamine and acetate, the committed step in lipid A biosynthesis	lpxC	ko:K02535	ko00540,ko01100,map00540,map01100
WP_002888684	H	Belongs to the NadC ModD family	nadC	ko:K00767	ko00760,ko01100,map00760,map01100
WP_002888699	K	pyruvate dehydrogenase complex	pdhR	ko:K05799,ko:K11474	-
WP_002888731	C	COG1249 Pyruvate 2-oxoglutarate dehydrogenase complex, dihydrolipoamide dehydrogenase (E3) component, and related enzymes	lpdA	ko:K00382	ko00010,ko00020,ko00260,ko00280,ko00620,ko00630,ko00640,ko01100,ko01110,ko01120,ko01130,ko01200,map00010,map00020,map00260,map00280,map00620,map00630,map00640,map01100,map01110,map01120,map01130,map01200
WP_002888808	S	Type II secretion system pilotin lipoprotein (PulS_OutS)	yacC	-	-
WP_002889277	S	membrane	yadS	-	-
WP_002889289	KT	regulator	cdaR	ko:K02647	-
WP_002889292	S	Belongs to the UPF0325 family	yaeH	-	-
WP_002889295	E	Belongs to the transferase hexapeptide repeat family	dapD	ko:K00674	ko00300,ko01100,ko01120,ko01230,map00300,map01100,map01120,map01230
WP_002889308	J	Responsible for the release of ribosomes from messenger RNA at the termination of protein biosynthesis. May increase the efficiency of translation by recycling ribosomes from one round of translation to another	frr	ko:K02838	-
WP_002889325	M	Belongs to the skp family	skp	ko:K06142	-
WP_002889387	E	glyoxalase bleomycin resistance protein dioxygenase	yaeR	ko:K08234	-
WP_002889424	K	Suppresses temperature-sensitive mutations in essential genes by modulating rho-dependent transcription termination	rof	ko:K19000	-
WP_002889429	S	Belongs to the UPF0253 family	yaeP	-	-
WP_002889629	S	UPF0294 protein	yafD	-	-
WP_002889716	C	NQR complex catalyzes the reduction of ubiquinone-1 to ubiquinol by two successive reactions, coupled with the transport of Na( ) ions from the cytoplasm to the periplasm. NqrA to NqrE are probably involved in the second step, the conversion of ubisemiquinone to ubiquinol	nqrD	ko:K00349	-
WP_002889733	F	Acts on guanine, xanthine and to a lesser extent hypoxanthine	gpt	ko:K00769	ko00230,ko01100,ko01110,map00230,map01100,map01110
WP_002889793	K	Binds to the sigma-S subunit of RNA polymerase, activating expression of sigma-S-regulated genes. Stimulates RNA polymerase holoenzyme formation and may bind to several other sigma factors, such as sigma-70 and sigma-32	crl	ko:K11926	-
WP_002889795	E	Gamma-aminobutyrate	gabP	ko:K11735	-
WP_002889866	K	Glycerol-3-phosphate responsive antiterminator	-	ko:K02443	-
WP_002889868	G	Involved in the degradation of phospho-AI-2, thereby terminating induction of the lsr operon and closing the AI-2 signaling cycle. Catalyzes the transfer of an acetyl moiety from 3-hydroxy-5-phosphonooxypentane-2,4-dione to CoA to form glycerone phosphate and acetyl-CoA	yneB	ko:K11645	ko00010,ko00030,ko00051,ko00680,ko00710,ko01100,ko01110,ko01120,ko01130,ko01200,ko01230,map00010,map00030,map00051,map00680,map00710,map01100,map01110,map01120,map01130,map01200,map01230
WP_002889874	S	Putative zinc ribbon domain	-	-	-
WP_002889881	C	COG0022 Pyruvate 2-oxoglutarate dehydrogenase complex, dehydrogenase (E1) component, eukaryotic type, beta subunit	acoB	ko:K21417	-
WP_002889884	C	dehydrogenase e1 component	acoA	ko:K21416	-
WP_002890106	ET	Belongs to the bacterial solute-binding protein 3 family	fliY_2	ko:K02030	-
WP_002890128	E	Belongs to the binding-protein-dependent transport system permease family	-	ko:K01997	ko02010,ko02024,map02010,map02024
WP_002890201	H	Belongs to the ALAD family	hemB	ko:K01698	ko00860,ko01100,ko01110,ko01120,map00860,map01100,map01110,map01120
WP_002890284	S	Catalyzes the phosphorolysis of diverse nucleosides, yielding D-ribose 1-phosphate and the respective free bases. Can use uridine, adenosine, guanosine, cytidine, thymidine, inosine and xanthosine as substrates. Also catalyzes the reverse reactions	ppnP	ko:K09913	ko00230,ko00240,map00230,map00240
WP_002890285	L	May be involved in recombination	rdgC	ko:K03554	-
WP_002890343	K	phosphate regulon transcriptional regulatory protein PhoB	phoB	ko:K07657	ko02020,map02020
WP_002890357	Q	Hydrolase	-	-	-
WP_002890390	J	Transfers and isomerizes the ribose moiety from AdoMet to the 7-aminomethyl group of 7-deazaguanine (preQ1-tRNA) to give epoxyqueuosine (oQ-tRNA)	queA	ko:K07568	-
WP_002890398	U	Preprotein translocase subunit	yajC	ko:K03210	ko02024,ko03060,ko03070,map02024,map03060,map03070
WP_002890417	K	Negatively regulates transcription of bacterial ribonucleotide reductase nrd genes and operons by binding to NrdR- boxes	nrdR	ko:K07738	-
WP_002891398	L	Bidirectionally degrades single-stranded DNA into large acid-insoluble oligonucleotides, which are then degraded further into small acid-soluble oligonucleotides	xseB	ko:K03602	ko03430,map03430
WP_002891465	S	Belongs to the UPF0234 family	yajQ	ko:K09767	-
WP_002891629	O	Converts heme B (protoheme IX) to heme O by substitution of the vinyl group on carbon 2 of heme B porphyrin ring with a hydroxyethyl farnesyl side group	cyoE	ko:K02257	ko00190,ko00860,ko01100,ko01110,ko04714,map00190,map00860,map01100,map01110,map04714
WP_002891634	C	cytochrome o ubiquinol oxidase	cyoD	ko:K02300	ko00190,ko01100,map00190,map01100
WP_002891635	C	oxidase subunit	cyoC	ko:K02299	ko00190,ko01100,map00190,map01100
WP_002891649	T	Belongs to the BolA IbaG family	bolA	ko:K05527	-
WP_002891804	OU	Cleaves peptides in various proteins in a process that requires ATP hydrolysis. Has a chymotrypsin-like activity. Plays a major role in the degradation of misfolded proteins	clpP	ko:K01358	ko04112,ko04212,map04112,map04212
WP_002891893	K	Belongs to the P(II) protein family	glnK	ko:K04752	-
WP_002891977	S	-	-	-	-
WP_002892018	J	Belongs to the bacterial ribosomal protein bL36 family	rpmJ	ko:K02919	ko03010,map03010
WP_002892050	S	Haemolysin expression modulating protein	hha	ko:K05839	-
WP_002892184	F	Catalyzes the reversible transfer of the terminal phosphate group between ATP and AMP. Plays an important role in cellular energy homeostasis and in adenine nucleotide metabolism	adk	ko:K00939	ko00230,ko00730,ko01100,ko01110,ko01130,map00230,map00730,map01100,map01110,map01130
WP_002892208	K	Transcriptional regulator	cueR	ko:K19591	-
WP_002892258	O	COG0330 Membrane protease subunits stomatin prohibitin homologs	qmcA	-	-
WP_002892370	S	-	-	-	-
WP_002892402	S	Protein of unknown function (DUF1471)	-	-	-
WP_002892597	G	ABC-type sugar transport system periplasmic component	mocB	ko:K17213	ko02010,map02010
WP_002892699	K	regulation of DNA-templated transcription, elongation	-	-	-
WP_002892707	ET	Belongs to the bacterial solute-binding protein 3 family	hisJ_2	ko:K09996,ko:K10013,ko:K10014	ko02010,map02010
WP_002892824	S	enzyme of the cupin superfamily	-	ko:K06995	-
WP_002893035	K	Transcriptional regulator	ramA	ko:K18325	-
WP_002893184	ET	ABC transporter substrate-binding protein	-	ko:K02030	-
WP_002893591	G	Belongs to the binding-protein-dependent transport system permease family	-	ko:K17203	ko02010,map02010
WP_002893602	K	transcriptional regulator	deoR_1	-	-
WP_002893903	S	Pfam:DUF466	ybdD	-	-
WP_002894035	G	Belongs to the binding-protein-dependent transport system permease family	rbsC_3	ko:K02057	-
WP_002894394	O	C-terminal domain of 1-Cys peroxiredoxin	ahpC	ko:K03386	ko04214,map04214
WP_002894401	T	Belongs to the universal stress protein A family	uspG	ko:K11932	-
WP_002894467	H	Catalyzes the radical-mediated insertion of two sulfur atoms into the C-6 and C-8 positions of the octanoyl moiety bound to the lipoyl domains of lipoate-dependent enzymes, thereby converting the octanoylated domains into lipoylated derivatives	lipA	ko:K03644	ko00785,ko01100,map00785,map01100
WP_002894474	S	Belongs to the UPF0250 family	ybeD	ko:K09158	-
WP_002894620	J	Specifically methylates the pseudouridine at position 1915 (m3Psi1915) in 23S rRNA	rlmH	ko:K00783	-
WP_002894623	J	Functions as a ribosomal silencing factor. Interacts with ribosomal protein L14 (rplN), blocking formation of intersubunit bridge B8. Prevents association of the 30S and 50S ribosomal subunits and the formation of functional ribosomes, thus repressing translation	rsfS	ko:K09710	-
WP_002894709	P	amino acid ABC transporter	gltJ	ko:K02029,ko:K10003	ko02010,ko02020,map02010,map02020
WP_002894722	J	Single strand-specific metallo-endoribonuclease involved in late-stage 70S ribosome quality control and in maturation of the 3' terminus of the 16S rRNA	ybeY	ko:K07042	-
WP_002894761	K	belongs to the Fur family	fur	ko:K03711	-
WP_002894765	C	Low-potential electron donor to a number of redox enzymes	fldA	ko:K03839	-
WP_002894773	G	Phosphoglucomutase	pgm	ko:K01835	ko00010,ko00030,ko00052,ko00230,ko00500,ko00520,ko00521,ko01100,ko01110,ko01120,ko01130,map00010,map00030,map00052,map00230,map00500,map00520,map00521,map01100,map01110,map01120,map01130
WP_002894776	K	response regulator	kdpE	ko:K07667	ko02020,ko02024,map02020,map02024
WP_002894949	C	Succinate dehydrogenase hydrophobic membrane anchor subunit	sdhD	ko:K00242	ko00020,ko00190,ko00650,ko00720,ko01100,ko01110,ko01120,ko01130,ko01200,map00020,map00190,map00650,map00720,map01100,map01110,map01120,map01130,map01200
WP_002895039	F	Succinyl-CoA synthetase functions in the citric acid cycle (TCA), coupling the hydrolysis of succinyl-CoA to the synthesis of either ATP or GTP and thus represents the only step of substrate-level phosphorylation in the TCA. The beta subunit provides nucleotide specificity of the enzyme and binds the substrate succinate, while the binding sites for coenzyme A and phosphate are found in the alpha subunit	sucC	ko:K01903	ko00020,ko00640,ko00660,ko00720,ko01100,ko01110,ko01120,ko01130,ko01200,map00020,map00640,map00660,map00720,map01100,map01110,map01120,map01130,map01200
WP_002895056	S	Thioesterase	ybgC	ko:K01075,ko:K07107	ko00130,ko00362,ko01100,ko01110,ko01120,map00130,map00362,map01100,map01110,map01120
WP_002895061	U	biopolymer transport protein	tolR	ko:K03560	-
WP_002895068	M	Belongs to the ompA family	pal	ko:K03640	-
WP_002895089	G	Belongs to the phosphoglycerate mutase family. BPG- dependent PGAM subfamily	gpmA	ko:K01834	ko00010,ko00260,ko00680,ko01100,ko01110,ko01120,ko01130,ko01200,ko01230,ko04922,ko05230,map00010,map00260,map00680,map01100,map01110,map01120,map01130,map01200,map01230,map04922,map05230
WP_002895156	U	AcrA-AcrB-AcrZ-TolC is a drug efflux protein complex with a broad substrate specificity. This protein binds to AcrB and is required for efflux of some but not all substrates, suggesting it may influence the specificity of drug export	acrZ	-	-
WP_002895159	P	ABC-type molybdate transport system, permease component	modB	ko:K02018	ko02010,map02010
WP_002895824	T	DnaK suppressor protein	ybiI	-	-
WP_002895837	P	(ABC) transporter	glnP	ko:K10037	ko02010,map02010
WP_002895841	P	During stationary phase, binds the chromosome non- specifically, forming a highly ordered and stable dps-DNA co- crystal within which chromosomal DNA is condensed and protected from diverse damages. It protects DNA from oxidative damage by sequestering intracellular Fe(2 ) ion and storing it in the form of Fe(3 ) oxyhydroxide mineral, which can be released after reduction. One hydrogen peroxide oxidizes two Fe(2 ) ions, which prevents hydroxyl radical production by the Fenton reaction	dps	ko:K04047	-
WP_002896352	O	Glutaredoxin	grxA	ko:K03674	-
WP_002896365	S	sensory transduction regulator	ybjN	-	-
WP_002896368	P	Required for the activity of the bacterial periplasmic transport system of putrescine	potF	ko:K11073	ko02010,map02010
WP_002896372	P	ABC-type spermidine putrescine transport system, permease component II	potI	ko:K11070,ko:K11074	ko02010,map02010
WP_002896386	P	arginine transporter permease subunit ArtQ	artQ	ko:K09999	ko02010,map02010
WP_002896390	ET	belongs to the bacterial solute-binding protein 3 family	artI	ko:K09996,ko:K09997,ko:K10014	ko02010,map02010
WP_002896434	G	Channel that permits osmotically driven movement of water in both directions. It is involved in the osmoregulation and in the maintenance of cell turgor during volume expansion in rapidly growing cells. It mediates rapid entry or exit of water in response to abrupt changes in osmolarity	aqpZ	ko:K06188	-
WP_002896516	K	Cold shock	cspD	ko:K03704	-
WP_002898145	C	Activation of pyruvate formate-lyase under anaerobic conditions by generation of an organic free radical, using S- adenosylmethionine and reduced flavodoxin as cosubstrates to produce 5'-deoxy-adenosine	pflA	ko:K04069	-
WP_002898162	J	thus facilitating recognition of the initiation point. It is needed to translate mRNA with a short Shine-Dalgarno (SD) purine-rich sequence	rpsA	ko:K02945	ko03010,map03010
WP_002898303	F	Catalyzes the conversion of dihydroorotate to orotate with quinone as electron acceptor	pyrD	ko:K00254	ko00240,ko01100,map00240,map01100
WP_002898396	J	During stationary phase, converts 70S ribosomes to an inactive dimeric form (100S ribosomes)	rmf	ko:K03812	-
WP_002898434	S	CoA-binding protein	yccU	ko:K06929	-
WP_002898441	S	Involved in the degradation of certain denaturated proteins, including DnaA, during heat shock stress	hspQ	ko:K11940	-
WP_002898457	P	part of a sulfur-relay system	tusE	ko:K11179	ko04122,map04122
WP_002898458	S	Belongs to the BI1 family	yccA	ko:K19416	-
WP_002898590	K	Helix-turn-helix domain	puuR	ko:K14056	-
WP_002898600	S	-	-	-	-
WP_002898708	S	Stress-induced protein	ymdF	ko:K06884	-
WP_002898923	T	phosphate starvation-inducible protein	phoH	ko:K06217	-
WP_002898927	Q	COG1335 Amidases related to nicotinamidase	slsA	-	-
WP_002898988	S	Protein of unknown function (DUF2770)	-	-	-
WP_002898994	S	damage-inducible protein I	dinI	ko:K12149	-
WP_002899294	IQ	reductase	fabG	ko:K00059	ko00061,ko00333,ko00780,ko01040,ko01100,ko01130,ko01212,map00061,map00333,map00780,map01040,map01100,map01130,map01212
WP_002900683	S	cellular response to DNA damage stimulus	ycfL	-	-
WP_002900775	S	Belongs to the UPF0227 family	ycfP	ko:K07000	-
WP_002900798	V	Part of the ABC transporter complex LolCDE involved in the translocation of	lolD	ko:K09810	ko02010,map02010
WP_002901254	L	endonuclease	yajD	-	-
WP_002901387	I	Acid phosphatase	pho	ko:K09474	ko00740,ko01100,ko02020,map00740,map01100,map02020
WP_002901491	E	arginine N-succinyltransferase	astA	ko:K00673	ko00330,ko01100,map00330,map01100
WP_002901547	G	protein IIA transfers a phosphoryl group to IIB which then transfers the phosphoryl group to the sugar	chbB	ko:K02760	ko00500,ko02060,map00500,map02060
WP_002901611	S	membrane-bound metal-dependent	ydjM	ko:K07038	-
WP_002901749	H	Required for both de novo synthesis of the corrin ring for the assimilation of exogenous corrinoids. Participates in the adenosylation of a variety of incomplete and complete corrinoids	btuR	ko:K19221	ko00860,ko01100,map00860,map01100
WP_002901761	S	Protein of unknown function (DUF2498)	yciN	-	-
WP_002901776	S	-	-	-	-
WP_002901783	M	Lipoprotein	osmB	ko:K04062	-
WP_002901911	S	Phage shock protein B	pspB	ko:K03970	-
WP_002901915	S	Phage Shock Protein	pspD	ko:K03971	-
WP_002902160	S	Type VI secretion system effector	hcp3	ko:K11903	ko02025,ko03070,map02025,map03070
WP_002902252	S	PAAR motif	-	-	-
WP_002902402	S	Membrane	-	-	-
WP_002902889	C	Catalyzes the reductive cleavage of azo bond in aromatic azo compounds to the corresponding amines. Requires NADH, but not NADPH, as an electron donor for its activity	azoR	ko:K01118	-
WP_002903230	S	homolog of Blt101	yqaE	-	-
WP_002903233	O	Belongs to the sulfur carrier protein TusA family	yedF	-	-
WP_002903394	K	COG0664 cAMP-binding proteins - catabolite gene activator and regulatory subunit of cAMP-dependent protein kinases	fnr	ko:K01420	-
WP_002904321	E	abc transporter atp-binding protein	urtD	ko:K11962	ko02010,map02010
WP_002904397	K	Transcriptional activator of genes involved in the multiple antibiotic resistance (Mar) phenotype	marA	ko:K05804,ko:K13632	ko01503,map01503
WP_002904403	U	UPF0056 membrane protein	marC	ko:K05595	-
WP_002904638	M	Belongs to the nlpA lipoprotein family	metQ_1	ko:K02073	ko02010,map02010
WP_002904808	S	ParD-like antitoxin of type II bacterial toxin-antitoxin system	-	-	-
WP_002905421	S	Protein of unknown function (DUF3225)	-	-	-
WP_002905689	S	Required for coenzyme pyrroloquinoline quinone (PQQ) biosynthesis. PQQ is probably formed by cross-linking a specific glutamate to a specific tyrosine residue and excising these residues from the peptide	pqqA	ko:K06135	-
WP_002906221	S	alcohol dehydrogenase	adhP	ko:K00001,ko:K13953	ko00010,ko00071,ko00350,ko00625,ko00626,ko00830,ko00980,ko00982,ko01100,ko01110,ko01120,ko01130,ko01220,map00010,map00071,map00350,map00625,map00626,map00830,map00980,map00982,map01100,map01110,map01120,map01130,map01220
WP_002906690	S	Belongs to the 4-oxalocrotonate tautomerase family	pptA	ko:K01821	ko00362,ko00621,ko00622,ko01100,ko01120,ko01220,map00362,map00621,map00622,map01100,map01120,map01220
WP_002906779	S	(Lipo)protein	ygdR	-	-
WP_002907461	S	Protein of unknown function (DUF2474)	-	-	-
WP_002907658	C	Part of a membrane complex involved in electron transport	rnfA	ko:K03617	-
WP_002907764	E	Catalyzes the conversion of hemimercaptal, formed from methylglyoxal and glutathione, to S-lactoylglutathione	gloA	ko:K01759	ko00620,map00620
WP_002907771	C	Destroys radicals which are normally produced within the cells and which are toxic to biological systems	sodB	ko:K04564	ko04013,ko04068,ko04146,ko04211,ko04212,ko04213,ko05016,map04013,map04068,map04146,map04211,map04212,map04213,map05016
WP_002907773	EGP	Major Facilitator	ydhP	ko:K18567,ko:K19577	-
WP_002908189	S	-	-	-	-
WP_002908220	U	Required for the export of heme to the periplasm for the biogenesis of c-type cytochromes	ccmD	ko:K02196	ko02010,map02010
WP_002908285	E	Choline dehydrogenase and related flavoproteins	-	ko:K06151	ko00030,ko01100,ko01120,map00030,map01100,map01120
WP_002909014	S	transglycosylase associated protein	yeaQ	-	-
WP_002909061	S	Bifunctional serine threonine kinase and phosphorylase involved in the regulation of the phosphoenolpyruvate synthase (PEPS) by catalyzing its phosphorylation dephosphorylation	ydiA	ko:K09773	-
WP_002909082	M	COG0791 Cell wall-associated hydrolases (invasion-associated proteins)	nlpC	ko:K13694,ko:K13695	-
WP_002909085	P	Belongs to the NlpA lipoprotein family	-	ko:K02073	ko02010,map02010
WP_002909098	K	This protein is one of the two subunits of integration host factor, a specific DNA-binding protein that functions in genetic recombination as well as in transcriptional and translational control	himA	ko:K04764	-
WP_002910079	S	Belongs to the UPF0263 family	yciU	ko:K09901	-
WP_002910089	P	ABC-type dipeptide oligopeptide nickel transport systems, permease components	oppB	ko:K15581	ko01501,ko02010,ko02024,map01501,map02010,map02024
WP_002910103	K	Belongs to the histone-like protein H-NS family	hns	ko:K03746,ko:K11685	-
WP_002910189	C	nitrate reductase, gamma subunit	narI	ko:K00374	ko00910,ko01120,ko02020,map00910,map01120,map02020
WP_002910193	C	nitrate reductase beta subunit	narH	ko:K00371	ko00910,ko01120,ko02020,map00910,map01120,map02020
WP_002910198	K	response regulator	narL	ko:K07684	ko02020,map02020
WP_002910387	S	Protein involved in biological_process	-	-	-
WP_002910393	M	Belongs to the KdsA family	kdsA	ko:K01627	ko00540,ko01100,map00540,map01100
WP_002910407	F	Involved in the biosynthesis of the central metabolite phospho-alpha-D-ribosyl-1-pyrophosphate (PRPP) via the transfer of pyrophosphoryl group from ATP to 1-hydroxyl of ribose-5-phosphate (Rib-5-P)	prs	ko:K00948	ko00030,ko00230,ko01100,ko01110,ko01120,ko01130,ko01200,ko01230,map00030,map00230,map01100,map01110,map01120,map01130,map01200,map01230
WP_002910437	S	transcription activated by CRP (cyclic AMP receptor protein), a global transcription factor involved in regulation of metabolism in enteric bacteria	ychH	-	-
WP_002910762	E	Catalyzes the anaerobic formation of alpha-ketobutyrate and ammonia from threonine in a two-step reaction. The first step involved a dehydration of threonine and a production of enamine intermediates (aminocrotonate), which tautomerizes to its imine form (iminobutyrate). Both intermediates are unstable and short- lived. The second step is the nonenzymatic hydrolysis of the enamine imine intermediates to form 2-ketobutyrate and free ammonia. In the low water environment of the cell, the second step is accelerated by RidA	tdcB	ko:K01754	ko00260,ko00290,ko01100,ko01110,ko01130,ko01200,ko01230,map00260,map00290,map01100,map01110,map01130,map01200,map01230
WP_002910835	S	protein conserved in bacteria	-	-	-
WP_002910910	J	Translation Initiation Inhibitor YjgF Family	yoaB	-	-
WP_002911374	S	YebO-like protein	yebO	-	-
WP_002911375	S	PhoP-regulated transcription is redox-sensitive, being activated when the periplasm becomes more reducing. MgrB acts between DsbA DsbB and PhoP PhoQ in this pathway. Represses PhoP PhoQ signaling, possibly by binding to the periplasmic domain of PhoQ, altering its activity and that of downstream effector PhoP	mgrB	-	-
WP_002911393	S	Protein of unknown function (DUF1480)	yebV	-	-
WP_002911395	S	Protein of unknown function (DUF1482)	yebW	-	-
WP_002911423	G	Aldolase	eda	ko:K01625	ko00030,ko00630,ko01100,ko01120,ko01200,map00030,map00630,map01100,map01120,map01200
WP_002911440	G	Belongs to the pyruvate kinase family	pykA	ko:K00873	ko00010,ko00230,ko00620,ko01100,ko01110,ko01120,ko01130,ko01200,ko01230,ko04922,ko04930,ko05165,ko05203,ko05230,map00010,map00230,map00620,map01100,map01110,map01120,map01130,map01200,map01230,map04922,map04930,map05165,map05203,map05230
WP_002911454	L	The RuvA-RuvB complex in the presence of ATP renatures cruciform structure in supercoiled DNA with palindromic sequence, indicating that it may promote strand exchange reactions in homologous recombination. RuvAB is a helicase that mediates the Holliday junction migration by localized denaturation and reannealing. RuvA stimulates, in the presence of DNA, the weak ATPase activity of RuvB	ruvA	ko:K03550	ko03440,map03440
WP_002911459	K	transcriptional regulatory protein	yebC	-	-
WP_002911477	L	dihydroneopterin triphosphate	nudB	ko:K08310	ko00790,map00790
WP_002911518	G	l-arabinose-binding periplasmic protein	araF	ko:K10537	ko02010,map02010
WP_002911524	S	Protein of unknown function (DUF2766)	yecJ	-	-
WP_002911539	K	response regulator	uvrY	ko:K07689	ko02020,ko02025,ko02026,ko05111,map02020,map02025,map02026,map05111
WP_002911729	K	transcriptional regulator	nac	ko:K19338	-
WP_002911883	S	Belongs to the UPF0265 family	yeeX	ko:K09802	-
WP_002912152	F	Catalyzes the condensation of ATP and 5-phosphoribose 1- diphosphate to form N'-(5'-phosphoribosyl)-ATP (PR-ATP). Has a crucial role in the pathway because the rate of histidine biosynthesis seems to be controlled primarily by regulation of HisG enzymatic activity	hisG	ko:K00765	ko00340,ko01100,ko01110,ko01230,map00340,map01100,map01110,map01230
WP_002912227	E	IGPS catalyzes the conversion of PRFAR and glutamine to IGP, AICAR and glutamate. The HisH subunit provides the glutamine amidotransferase activity that produces the ammonia necessary to HisF for the synthesis of IGP and AICAR	hisH	ko:K02501	ko00340,ko01100,ko01110,ko01230,map00340,map01100,map01110,map01230
WP_002912442	F	Cytidine monophosphokinase	udk	ko:K00855,ko:K00876	ko00240,ko00710,ko00983,ko01100,ko01120,ko01200,map00240,map00710,map00983,map01100,map01120,map01200
WP_002912749	S	Nickel cobalt homeostasis protein RcnB	yohN	-	-
WP_002912760	T	Histidine kinase	yehU	ko:K02478	-
WP_002912762	S	UPF0387 membrane protein YohO	yohO	-	-
WP_002912842	K	antiterminator	bglG	ko:K03488	-
WP_002912871	G	Belongs to the binding-protein-dependent transport system permease family	mglC	ko:K10541	ko02010,map02010
WP_002912935	S	Belongs to the UPF0324 family	yeiH	-	-
WP_002912951	J	Elongation factor P	yeiP	ko:K02356	-
WP_002912974	S	YejG-like protein	yejG	-	-
WP_002913017	C	Ferredoxin	yfaE	ko:K11107	-
WP_002913019	G	transporter	glpT	ko:K02445	-
WP_002913148	C	NDH-1 shuttles electrons from NADH, via FMN and iron- sulfur (Fe-S) centers, to quinones in the respiratory chain. The immediate electron acceptor for the enzyme in this species is believed to be ubiquinone. Couples the redox reaction to proton translocation (for every two electrons transferred, four hydrogen ions are translocated across the cytoplasmic membrane), and thus conserves the redox energy in a proton gradient	nuoK	ko:K00340	ko00190,ko01100,map00190,map01100
WP_002913156	C	NDH-1 shuttles electrons from NADH, via FMN and iron- sulfur (Fe-S) centers, to quinones in the respiratory chain. The immediate electron acceptor for the enzyme in this species is believed to be ubiquinone. Couples the redox reaction to proton translocation (for every two electrons transferred, four hydrogen ions are translocated across the cytoplasmic membrane), and thus conserves the redox energy in a proton gradient. This subunit may bind ubiquinone	nuoH	ko:K00337	ko00190,ko01100,map00190,map01100
WP_002913158	C	NDH-1 shuttles electrons from NADH, via FMN and iron- sulfur (Fe-S) centers, to quinones in the respiratory chain	nuoF	ko:K00335	ko00190,ko01100,map00190,map01100
WP_002913160	C	NADH dehydrogenase	nuoE	ko:K00334	ko00190,ko01100,map00190,map01100
WP_002913178	C	NDH-1 shuttles electrons from NADH, via FMN and iron- sulfur (Fe-S) centers, to quinones in the respiratory chain. The immediate electron acceptor for the enzyme in this species is believed to be ubiquinone. Couples the redox reaction to proton translocation (for every two electrons transferred, four hydrogen ions are translocated across the cytoplasmic membrane), and thus conserves the redox energy in a proton gradient	nuoB	ko:K00331	ko00190,ko01100,map00190,map01100
WP_002913181	C	NDH-1 shuttles electrons from NADH, via FMN and iron- sulfur (Fe-S) centers, to quinones in the respiratory chain. The immediate electron acceptor for the enzyme in this species is believed to be ubiquinone. Couples the redox reaction to proton translocation (for every two electrons transferred, four hydrogen ions are translocated across the cytoplasmic membrane), and thus conserves the redox energy in a proton gradient	nuoA	ko:K00330	ko00190,ko01100,map00190,map01100
WP_002913188	S	Catalyzes the strictly specific dephosphorylation of 2'- deoxyribonucleoside 5'-monophosphates	yfbR	ko:K08722	ko00240,ko01100,map00240,map01100
WP_002913194	S	UPF0208 membrane protein	yfbV	ko:K09899	-
WP_002913200	H	Catalyzes the formation of dihydromonapterin triphosphate from dihydroneopterin triphosphate	folX	ko:K07589	ko00790,map00790
WP_002913207	P	ABC transporter (permease)	hisM	ko:K10015	ko02010,map02010
WP_002913209	ET	belongs to the bacterial solute-binding protein 3 family	hisJ	ko:K09996,ko:K10013,ko:K10014	ko02010,map02010
WP_002913213	F	Catalyzes the formation of phosphoribosylamine from phosphoribosylpyrophosphate (PRPP) and glutamine	purF	ko:K00764	ko00230,ko00250,ko01100,ko01110,ko01130,map00230,map00250,map01100,map01110,map01130
WP_002913214	S	Colicin v production	cvpA	ko:K03558	-
WP_002913220	I	Component of the acetyl coenzyme A carboxylase (ACC) complex. Biotin carboxylase (BC) catalyzes the carboxylation of biotin on its carrier protein (BCCP) and then the CO(2) group is transferred by the transcarboxylase to acetyl-CoA to form malonyl- CoA	accD	ko:K01963	ko00061,ko00620,ko00640,ko00720,ko01100,ko01110,ko01120,ko01130,ko01200,ko01212,map00061,map00620,map00640,map00720,map01100,map01110,map01120,map01130,map01200,map01212
WP_002913346	J	Specifically methylates the 50S ribosomal protein L3 on a specific glutamine residue	prmB	ko:K07320	-
WP_002913440	S	protein conserved in bacteria	ypeB	ko:K09954	-
WP_002913505	G	Phosphocarrier protein Hpr	ptsH	ko:K02784	ko02060,map02060
WP_002913626	P	sulfate ABC transporter	cysT	ko:K02046	ko00920,ko02010,map00920,map02010
WP_002913637	K	Belongs to the acetyltransferase family. YpeA subfamily	ypeA	-	-
WP_002913729	E	ethanolamine utilization protein	eutS	ko:K04031	-
WP_002913768	S	UPF0370 protein	ypfN	-	-
WP_002913801	F	Belongs to the SAICAR synthetase family	purC	ko:K01923	ko00230,ko01100,ko01110,ko01130,map00230,map01100,map01110,map01130
WP_002913803	E	Catalyzes the condensation of (S)-aspartate-beta- semialdehyde (S)-ASA and pyruvate to 4-hydroxy- tetrahydrodipicolinate (HTPA)	dapA	ko:K01714	ko00261,ko00300,ko01100,ko01110,ko01120,ko01130,ko01230,map00261,map00300,map01100,map01110,map01120,map01130,map01230
WP_002913804	E	glycine cleavage system	gcvR	ko:K03567	ko02026,map02026
WP_002913838	H	Catalyzes the reversible transfer of the terminal phosphate of ATP to form a long-chain polyphosphate (polyP)	ppk	ko:K00937	ko00190,ko03018,map00190,map03018
WP_002913954	S	Iron-sulphur cluster assembly	iscX	-	-
WP_002913979	S	Is able to transfer iron-sulfur clusters to apo- ferredoxin. Multiple cycles of 2Fe2S cluster formation and transfer are observed, suggesting that IscA acts catalytically. Recruits intracellular free iron so as to provide iron for the assembly of transient iron-sulfur cluster in IscU in the presence of IscS, L-cysteine and the thioredoxin reductase system	iscA	ko:K05997,ko:K13628	-
WP_002913991	C	A scaffold on which IscS assembles Fe-S clusters. It is likely that Fe-S cluster coordination is flexible as the role of this complex is to build and then hand off Fe-S clusters	iscU	ko:K04488	-
WP_002914032	K	Belongs to the P(II) protein family	glnB	ko:K04751	ko02020,map02020
WP_002914065	J	Digests double-stranded RNA. Involved in the processing of primary rRNA transcript to yield the immediate precursors to the large and small rRNAs (23S and 16S). Processes some mRNAs, and tRNAs when they are encoded in the rRNA operon. Processes pre- crRNA and tracrRNA of type II CRISPR loci if present in the organism	rnc	ko:K03685	ko03008,ko05205,map03008,map05205
WP_002914074	K	Belongs to the sigma-70 factor family. ECF subfamily	rpoE	ko:K03088	-
WP_002914084	S	Acts as a radical domain for damaged PFL and possibly other radical proteins	grcA	ko:K06866	-
WP_002914091	O	Thioredoxin	trxC	ko:K03672	-
WP_002914111	J	Sigma 54 modulation protein	raiA	ko:K05809	-
WP_002914145	J	This protein is located at the 30S-50S ribosomal subunit interface and may play a role in the structure and function of the aminoacyl-tRNA binding site	rplS	ko:K02884	ko03010,map03010
WP_002914152	U	Involved in targeting and insertion of nascent membrane proteins into the cytoplasmic membrane. Binds to the hydrophobic signal sequence of the ribosome-nascent chain (RNC) as it emerges from the ribosomes. The SRP-RNC complex is then targeted to the cytoplasmic membrane where it interacts with the SRP receptor FtsY. Interaction with FtsY leads to the transfer of the RNC complex to the Sec translocase for insertion into the membrane, the hydrolysis of GTP by both Ffh and FtsY, and the dissociation of the SRP-FtsY complex into the individual components	ffh	ko:K03106	ko02024,ko03060,ko03070,map02024,map03060,map03070
WP_002914153	S	cytochrome C assembly protein	ypjD	-	-
WP_002914158	F	Involved in the regulation of the intracellular balance of NAD and NADP, and is a key enzyme in the biosynthesis of NADP. Catalyzes specifically the phosphorylation on 2'-hydroxyl of the adenosine moiety of NAD to yield NADP	nadK	ko:K00858	ko00760,ko01100,map00760,map01100
WP_002914164	J	Required for rescue of stalled ribosomes mediated by trans-translation. Binds to transfer-messenger RNA (tmRNA), required for stable association of tmRNA with ribosomes. tmRNA and SmpB together mimic tRNA shape, replacing the anticodon stem-loop with SmpB. tmRNA is encoded by the ssrA gene	smpB	ko:K03664	-
WP_002914199	K	transcriptional regulator	-	-	-
WP_002914277	K	transcriptional regulator	ygaV	-	-
WP_002914293	S	ribosome binding	ygaM	-	-
WP_002914337	K	Transcriptional	mprA	ko:K15974	-
WP_002914351	H	Involved in the synthesis of autoinducer 2 (AI-2) which is secreted by bacteria and is used to communicate both the cell density and the metabolic potential of the environment. The regulation of gene expression in response to changes in cell density is called quorum sensing. Catalyzes the transformation of S-ribosylhomocysteine (RHC) to homocysteine (HC) and 4,5- dihydroxy-2,3-pentadione (DPD)	luxS	ko:K07173	ko00270,ko01100,ko01230,ko02024,ko02026,ko05111,map00270,map01100,map01230,map02024,map02026,map05111
WP_002914891	C	NADH ubiquinone oxidoreductase, 20	hycG	ko:K14088,ko:K15832	-
WP_002914934	O	Hydrogenase assembly chaperone hypC hupF	hypC	ko:K04653	-
WP_002914979	G	PTS system, Lactose/Cellobiose specific IIB subunit	-	ko:K02760	ko00500,ko02060,map00500,map02060
WP_002915037	S	Nitrous oxide-stimulated promoter	ygbA	-	-
WP_002915094	S	Type VI secretion system effector	-	ko:K11903	ko02025,ko03070,map02025,map03070
WP_002915097	S	Hok/gef family	hokE	ko:K18922	-
WP_002915098	S	4-hydroxybenzoate decarboxylase	bsdD	ko:K21759	ko00627,ko01120,ko01220,map00627,map01120,map01220
WP_002915099	H	Flavin prenyltransferase that catalyzes the synthesis of the prenylated FMN cofactor (prenyl-FMN) for 4-hydroxy-3- polyprenylbenzoic acid decarboxylase UbiD. The prenyltransferase is metal-independent and links a dimethylallyl moiety from dimethylallyl monophosphate (DMAP) to the flavin N5 and C6 atoms of FMN	pad1	ko:K03186	ko00130,ko00627,ko00940,ko01100,ko01110,ko01120,ko01220,map00130,map00627,map00940,map01100,map01110,map01120,map01220
WP_002915106	K	RNA polymerase sigma	rpoS	ko:K03087	ko02026,ko05111,map02026,map05111
WP_002915156	D	Essential cell division protein. May link together the upstream cell division proteins, which are predominantly cytoplasmic, with the downstream cell division proteins, which are predominantly periplasmic	ftsB	ko:K05589	-
WP_002915158	F	Catalyzes the synthesis of activated sulfate	cysC	ko:K00860	ko00230,ko00920,ko01100,ko01120,map00230,map00920,map01100,map01120
WP_002915160	H	sulfate adenylyltransferase), subunit 2	cysD	ko:K00957	ko00230,ko00261,ko00450,ko00920,ko01100,ko01120,ko01130,map00230,map00261,map00450,map00920,map01100,map01120,map01130
WP_002915261	P	ABC-type nitrate sulfonate bicarbonate transport systems periplasmic components	ssuA	ko:K15553	ko00920,ko02010,map00920,map02010
WP_002915543	S	Small membrane protein	ygdD	-	-
WP_002915545	K	transcriptional regulator	gcvA	ko:K03566	ko02026,map02026
WP_002915549	S	Lipoprotein	ygdI	-	-
WP_002915737	CQ	Carbon dioxide concentrating mechanism carboxysome shell protein	pduA	-	-
WP_002915806	CQ	Carbon dioxide concentrating mechanism carboxysome shell protein	-	-	-
WP_002915850	E	propanediol utilization protein	pduU	ko:K04031	-
WP_002915934	M	Transfers the N-acyl diglyceride group on what will become the N-terminal cysteine of membrane lipoproteins	lgt	ko:K13292	-
WP_002915974	S	(Lipo)protein	ygdR	-	-
WP_002916003	IQ	COG1028 Dehydrogenases with different specificities (related to short-chain alcohol dehydrogenases)	kduD	ko:K00065	ko00040,map00040
WP_002916131	S	Protein of unknown function (DUF1471)	-	-	-
WP_002916310	S	Membrane	ygfX	ko:K19168	-
WP_002916312	S	An FAD assembly protein, which accelerates covalent attachment of the cofactor into other proteins. Plays an essential role in the assembly of succinate dehydrogenase (SDH, respiratory complex II), an enzyme complex that is a component of both the tricarboxylic acid cycle and the electron transport chain, and which couples the oxidation of succinate to fumarate with the reduction of ubiquinone (coenzyme Q) to ubiquinol. Required for flavinylation (covalent attachment of FAD) of the flavoprotein subunit SdhA of SDH	ygfY	ko:K09159	-
WP_002916479	E	The glycine cleavage system catalyzes the degradation of glycine. The H protein shuttles the methylamine group of glycine from the P protein to the T protein	gcvH	ko:K02437	ko00260,ko00630,ko01100,ko01110,ko01130,ko01200,map00260,map00630,map01100,map01110,map01130,map01200
WP_002916572	E	Belongs to the arginase family	speB	ko:K01479,ko:K01480,ko:K12255	ko00330,ko00340,ko01100,map00330,map00340,map01100
WP_002916578	S	Virulence promoting factor	-	-	-
WP_002916627	J	catalyzes the formation of N(7)-methylguanine at position 46 (m7G46) in tRNA	trmB	ko:K03439	-
WP_002916743	S	response to butan-1-ol	yghW	-	-
WP_002916847	S	protein conserved in bacteria	yqiB	ko:K09920	-
WP_002916877	KO	Facilitates the functional incorporation of the urease nickel metallocenter. This process requires GTP hydrolysis, probably effectuated by UreG	ureG	ko:K03189	-
WP_002917636	L	Excises ethenocytosine and uracil, which can arise by alkylation or deamination of cytosine, respectively, from the corresponding mispairs with guanine in ds-DNA. It is capable of hydrolyzing the carbon-nitrogen bond between the sugar-phosphate backbone of the DNA and the mispaired base. The complementary strand guanine functions in substrate recognition. Required for DNA damage lesion repair in stationary-phase cells	mug	ko:K03649	ko03410,map03410
WP_002917724	H	Involved in the degradation of phospho-AI-2, thereby terminating induction of the lsr operon and closing the AI-2 signaling cycle. Catalyzes the transfer of an acetyl moiety from 3-hydroxy-5-phosphonooxypentane-2,4-dione to CoA to form glycerone phosphate and acetyl-CoA	lsrF	ko:K08321,ko:K11645	ko00010,ko00030,ko00051,ko00680,ko00710,ko01100,ko01110,ko01120,ko01130,ko01200,ko01230,ko02024,map00010,map00030,map00051,map00680,map00710,map01100,map01110,map01120,map01130,map01200,map01230,map02024
WP_002917920	S	membrane	yqjF	ko:K15977	-
WP_002918211	G	Catalyzes the isomerization of sedoheptulose 7-phosphate in D-glycero-D-manno-heptose 7-phosphate	diaA	ko:K03271,ko:K12961	ko00540,ko01100,map00540,map01100
WP_002918234	C	COG2141 Coenzyme F420-dependent N5,N10-methylene tetrahydromethanopterin reductase and related flavin-dependent oxidoreductases	yhbW	-	-
WP_002918241	S	May be involved in cell division	nlpI	ko:K05803	-
WP_002918248	J	One of several proteins that assist in the late maturation steps of the functional core of the 30S ribosomal subunit. Associates with free 30S ribosomal subunits (but not with 30S subunits that are part of 70S ribosomes or polysomes). Required for efficient processing of 16S rRNA. May interact with the 5'-terminal helix region of 16S rRNA	rbfA	ko:K02834	-
WP_002918364	S	Required for maturation of 30S ribosomal subunits	rimP	ko:K09748	-
WP_002918369	U	Preprotein translocase, subunit SecG	secG	ko:K03075	ko02024,ko03060,ko03070,map02024,map03060,map03070
WP_002918370	G	Catalyzes the conversion of glucosamine-6-phosphate to glucosamine-1-phosphate	glmM	ko:K03431	ko00520,ko01100,ko01130,map00520,map01100,map01130
WP_002918374	J	CRS1_YhbY	yhbY	ko:K07574	-
WP_002918379	J	This protein binds to 23S rRNA in the presence of protein L20	rplU	ko:K02888	ko03010,map03010
WP_002918386	Q	ABC-type transport system involved in resistance to organic solvents auxiliary component	mlaC	ko:K07323	ko02010,map02010
WP_002918415	T	Involved in the assembly of lipopolysaccharide (LPS). Required for the translocation of LPS from the inner membrane to the outer membrane. May form a bridge between the inner membrane and the outer membrane, via interactions with LptC and LptD, thereby facilitating LPS transfer across the periplasm	lptA	ko:K09774	-
WP_002918417	S	abc transporter atp-binding protein	lptB	ko:K06861	ko02010,map02010
WP_002918428	S	Modulates the synthesis of GlmS, by affecting the processing and stability of the regulatory small RNA GlmZ. When glucosamine-6-phosphate (GlcN6P) concentrations are high in the cell, RapZ binds GlmZ and targets it to cleavage by RNase E. Consequently, GlmZ is inactivated and unable to activate GlmS synthesis. Under low GlcN6P concentrations, RapZ is sequestered and inactivated by an other regulatory small RNA, GlmY, preventing GlmZ degradation and leading to synthesis of GlmS	rapZ	ko:K06958	-
WP_002918431	H	PTS HPr component phosphorylation site	ptsO	ko:K08485,ko:K11189	ko02060,map02060
WP_002918467	O	stringent starvation protein A	sspA	ko:K03599	-
WP_002918559	J	This protein is one of the early assembly proteins of the 50S ribosomal subunit, although it is not seen to bind rRNA by itself. It is important during the early stages of 50S assembly	rplM	ko:K02871	ko03010,map03010
WP_002918625	K	Regulates arginine biosynthesis genes	argR	ko:K03402	-
WP_002918640	S	Protein of unknown function (DUF1656)	aaeX	ko:K21695	-
WP_002918653	D	TIGRFAM Cell shape determining protein MreB Mrl	mreB	ko:K03569	-
WP_002919206	J	Ribosomal protein L17	rplQ	ko:K02879	ko03010,map03010
WP_002919219	K	DNA-dependent RNA polymerase catalyzes the transcription of DNA into RNA using the four ribonucleoside triphosphates as substrates	rpoA	ko:K03040	ko00230,ko00240,ko01100,ko03020,map00230,map00240,map01100,map03020
WP_002919224	J	One of the primary rRNA binding proteins, it binds directly to 16S rRNA where it nucleates assembly of the body of the 30S subunit	rpsD	ko:K02986	ko03010,map03010
WP_002919259	J	Located at the top of the head of the 30S subunit, it contacts several helices of the 16S rRNA. In the 70S ribosome it contacts the 23S rRNA (bridge B1a) and protein L5 of the 50S subunit (bridge B1b), connecting the 2 subunits	rpsM	ko:K02952	ko03010,map03010
WP_002919516	J	binds to the 23S rRNA	rplO	ko:K02876	ko03010,map03010
WP_002919667	J	Binds 16S rRNA, required for the assembly of 30S particles and may also be responsible for determining the conformation of the 16S rRNA at the A site	rpsN	ko:K02954	ko03010,map03010
WP_002919748	J	Binds to 23S rRNA. Forms part of two intersubunit bridges in the 70S ribosome	rplN	ko:K02874	ko03010,map03010
WP_002919754	J	Belongs to the universal ribosomal protein uL29 family	rpmC	ko:K02904	ko03010,map03010
WP_002919759	J	Binds 23S rRNA and is also seen to make contacts with the A and possibly P site tRNAs	rplP	ko:K02878	ko03010,map03010
WP_002919766	J	Binds the lower part of the 30S subunit head. Binds mRNA in the 70S ribosome, positioning it for translation	rpsC	ko:K02982	ko03010,map03010
WP_002919773	J	The globular domain of the protein is located near the polypeptide exit tunnel on the outside of the subunit, while an extended beta-hairpin is found that lines the wall of the exit tunnel in the center of the 70S ribosome	rplV	ko:K02890	ko03010,map03010
WP_002919786	J	One of the primary rRNA binding proteins. Required for association of the 30S and 50S subunits to form the 70S ribosome, for tRNA binding and peptide bond formation. It has been suggested to have peptidyltransferase activity	rplB	ko:K02886	ko03010,map03010
WP_002919794	J	Forms part of the polypeptide exit tunnel	rplD	ko:K02926	ko03010,map03010
WP_002919796	J	One of the primary rRNA binding proteins, it binds directly near the 3'-end of the 23S rRNA, where it nucleates assembly of the 50S subunit	rplC	ko:K02906	ko03010,map03010
WP_002920115	J	Interacts with and stabilizes bases of the 16S rRNA that are involved in tRNA selection in the A site and with the mRNA backbone. Located at the interface of the 30S and 50S subunits, it traverses the body of the 30S subunit contacting proteins on the other side and probably holding the rRNA structure together. The combined cluster of proteins S8, S12 and S17 appears to hold together the shoulder and platform of the 30S subunit	rpsL	ko:K02950	ko03010,map03010
WP_002920130	S	protein conserved in bacteria	yheO	-	-
WP_002920136	S	Belongs to the SlyX family	slyX	ko:K03745	-
WP_002920143	S	nucleic-acid-binding protein containing a Zn-ribbon domain	yheV	ko:K07070	-
WP_002920151	S	Belongs to the UPF0270 family	yheU	ko:K09898	-
WP_002920238	M	PPIases accelerate the folding of proteins. It catalyzes the cis-trans isomerization of proline imidic peptide bonds in oligopeptides	ppiA	ko:K01802,ko:K03767,ko:K03768	ko01503,ko04217,map01503,map04217
WP_002920240	G	Protein tsgA homolog	tsgA	ko:K06141	-
WP_002920267	F	Catalyzes the specific phosphorylation of the 3-hydroxyl group of shikimic acid using ATP as a cosubstrate	aroK	ko:K00891	ko00400,ko01100,ko01110,ko01130,ko01230,map00400,map01100,map01110,map01130,map01230
WP_002920506	P	Fe2 transport system protein A	feoA	ko:K04758	-
WP_002920510	S	Protein of unknown function (DUF1471)	yahO	-	-
WP_002920540	C	Involved in iron-sulfur cluster biogenesis. Binds a 4Fe- 4S cluster, can transfer this cluster to apoproteins, and thereby intervenes in the maturation of Fe S proteins. Could also act as a scaffold chaperone for damaged Fe S proteins	nfuA	ko:K07400	-
WP_002920779	S	Belongs to the pirin family	yhhW	ko:K06911	-
WP_002920808	E	With LivFGHM is involved in the high affinity leucine transport	livK	ko:K01999	ko02010,ko02024,map02010,map02024
WP_002920812	E	With LivFGHM is involved in the high affinity leucine transport	livJ	ko:K01999	ko02010,ko02024,map02010,map02024
WP_002920815	K	Sigma factors are initiation factors that promote the attachment of RNA polymerase to specific initiation sites and are then released. This sigma factor is involved in regulation of expression of heat shock genes	rpoH	ko:K03089	-
WP_002920820	L	Specifically methylates the guanine in position 966 of 16S rRNA in the assembled 30S particle	rsmD	ko:K08316	-
WP_002920822	S	Membrane	yhhL	ko:K08993	-
WP_002920858	O	Sulfur carrier protein involved in sulfur trafficking in the cell. Part of a sulfur-relay system required for 2-thiolation during synthesis of 2-thiouridine of the modified wobble base 5- methylaminomethyl-2-thiouridine (mnm(5)s(2)U) in tRNA. Interacts with IscS and stimulates its cysteine desulfurase activity. Accepts an activated sulfur from IscS, which is then transferred to TusD, and thus determines the direction of sulfur flow from IscS to 2-thiouridine formation. Also appears to be involved in sulfur transfer for the biosynthesis of molybdopterin	tusA	ko:K04085	ko04122,map04122
WP_002921203	S	ppGpp-dependent, membrane associated, stress protein produced under conditions of nutrient deprivation, osmotic shock and oxidative stress	uspB	ko:K06144	-
WP_002921513	S	Cellulose biosynthesis protein BcsR	yhjR	-	-
WP_002921917	M	Belongs to the ompA family	yiaD	ko:K12216	-
WP_002921931	K	transcriptional regulator	yiaG	ko:K07726	-
WP_002922401	K	Mannitol repressor	mtlR	ko:K02562	-
WP_002922426	E	serine acetyltransferase	cysE	ko:K00640	ko00270,ko00920,ko01100,ko01110,ko01120,ko01200,ko01230,ko05111,map00270,map00920,map01100,map01110,map01120,map01200,map01230,map05111
WP_002922428	U	One of the proteins required for the normal export of preproteins out of the cell cytoplasm. It is a molecular chaperone that binds to a subset of precursor proteins, maintaining them in a translocation-competent state. It also specifically binds to its receptor SecA	secB	ko:K03071	ko02024,ko03060,ko03070,map02024,map03060,map03070
WP_002922510	J	Belongs to the bacterial ribosomal protein bL33 family	rpmG	ko:K02913	ko03010,map03010
WP_002922602	J	Phosphorolytic exoribonuclease that removes nucleotide residues following the -CCA terminus of tRNA and adds nucleotides to the ends of RNA molecules by using nucleoside diphosphates as substrates	rph	ko:K00989	-
WP_002922636	S	Stress-induced protein	yicC	-	-
WP_002922664	F	Essential for recycling GMP and indirectly, cGMP	gmk	ko:K00942	ko00230,ko01100,map00230,map01100
WP_002922903	G	Fructose-1,6-bisphosphatase	glpX	ko:K02446	ko00010,ko00030,ko00051,ko00680,ko00710,ko01100,ko01110,ko01120,ko01130,ko01200,map00010,map00030,map00051,map00680,map00710,map01100,map01110,map01120,map01130,map01200
WP_002922909	G	Involved in the gluconeogenesis. Catalyzes stereospecifically the conversion of dihydroxyacetone phosphate (DHAP) to D-glyceraldehyde-3-phosphate (G3P)	tpiA	ko:K01803	ko00010,ko00051,ko00562,ko00710,ko01100,ko01110,ko01120,ko01130,ko01200,ko01230,map00010,map00051,map00562,map00710,map01100,map01110,map01120,map01130,map01200,map01230
WP_002922936	P	sulfate ABC transporter	sbp	ko:K02048	ko00920,ko02010,map00920,map02010
WP_002922972	EG	of the drug metabolite transporter (DMT) superfamily	-	-	-
WP_002923118	EG	transporter	yicL	-	-
WP_002923120	S	-	-	-	-
WP_002923283	E	acetolactate synthase	ilvN	ko:K01653	ko00290,ko00650,ko00660,ko00770,ko01100,ko01110,ko01130,ko01210,ko01230,map00290,map00650,map00660,map00770,map01100,map01110,map01130,map01210,map01230
WP_002923296	EG	of the drug metabolite transporter (DMT) superfamily	-	-	-
WP_002923305	S	Membrane	yidH	ko:K00389	-
WP_003031122	J	One of the proteins that surrounds the polypeptide exit tunnel on the outside of the subunit	rplX	ko:K02895	ko03010,map03010
WP_003031123	J	This is 1 of the proteins that binds and probably mediates the attachment of the 5S RNA into the large ribosomal subunit, where it forms part of the central protuberance. In the 70S ribosome it contacts protein S13 of the 30S subunit (bridge B1b), connecting the 2 subunits	rplE	ko:K02931	ko03010,map03010
WP_003855929	O	Binds to Cpn60 in the presence of Mg-ATP and suppresses the ATPase activity of the latter	groS	ko:K04078	-
WP_004098747	F	Catalyzes the reversible phosphorylation of UMP to UDP	pyrH	ko:K09903	ko00240,ko01100,map00240,map01100
WP_004100325	S	Cyd operon protein YbgT	ybgT	ko:K00424	ko00190,ko02020,map00190,map02020
WP_004100704	K	This protein is one of the two subunits of integration host factor, a specific DNA-binding protein that functions in genetic recombination as well as in transcriptional and translational control	himD	ko:K05788	-
WP_004101746	S	protein conserved in bacteria	frmR	-	-
WP_004102265	S	Protein of unknown function (DUF1471)	-	-	-
WP_004103270	D	Prevents the cell division inhibition by proteins MinC and MinD at internal division sites while permitting inhibition at polar sites. This ensures cell division at the proper site by restricting the formation of a division septum at the midpoint of the long axis of the cell	minE	ko:K03608	-
WP_004103928	H	belongs to the carbohydrate kinase PfkB family	fruK	ko:K00882,ko:K16370	ko00010,ko00030,ko00051,ko00052,ko00680,ko01100,ko01110,ko01120,ko01130,ko01200,ko01230,map00010,map00030,map00051,map00052,map00680,map01100,map01110,map01120,map01130,map01200,map01230
WP_004105744	C	Could be a mediator in iron transactions between iron acquisition and iron-requiring processes, such as synthesis and or repair of Fe-S clusters in biosynthetic enzymes	yggX	-	-
WP_004106347	J	One of the primary rRNA binding proteins, it binds specifically to the 5'-end of 16S ribosomal RNA	rpsQ	ko:K02961	ko03010,map03010
WP_004107293	C	Component of the F(0) channel, it forms part of the peripheral stalk, linking F(1) to F(0)	atpF	ko:K02109	ko00190,ko00195,ko01100,map00190,map00195,map01100
WP_004107547	K	This regulatory protein, when combined with SAM (S- adenosylmethionine) represses the expression of the methionine regulon and of enzymes involved in SAM synthesis	metJ	ko:K03764	-
WP_004122104	S	Protein of unknown function (DUF2594)	yecF	-	-
WP_004127125	S	Protein of unknown function (DUF1471)	-	-	-
WP_004132711	S	response to cold	-	-	-
WP_004140269	P	Belongs to the ABC transporter superfamily	sapF	ko:K02031,ko:K02032,ko:K13892,ko:K13896,ko:K19229,ko:K19230	ko01503,ko02010,ko02024,map01503,map02010,map02024
WP_004140356	G	Phosphotransferase System	chbA	ko:K02759	ko00500,ko02060,map00500,map02060
WP_004140411	OU	Signal peptide peptidase	sppA	ko:K04773	-
WP_004140506	S	-	-	-	-
WP_004140557	S	High frequency lysogenization protein hflD homolog	hflD	ko:K07153	-
WP_004140835	F	Provides the precursors necessary for DNA synthesis. Catalyzes the biosynthesis of deoxyribonucleotides from the corresponding ribonucleotides	nrdB	ko:K00526	ko00230,ko00240,ko01100,map00230,map00240,map01100
WP_004142079	S	Belongs to the BI1 family	ybhL	ko:K06890	-
WP_004142243	S	Membrane	ybfA	-	-
WP_004142522	E	(ABC) transporter	-	ko:K02029	-
WP_004142688	S	-	-	-	-
WP_004142871	L	Has flap endonuclease activity. During DNA replication, flap endonucleases cleave the 5'-overhanging flap structure that is generated by displacement synthesis when DNA polymerase encounters the 5'-end of a downstream Okazaki fragment	xni	ko:K01146	-
WP_004142883	K	transcriptional regulator	fucR	ko:K02430	-
WP_004143016	S	Ribosome-associated protein	ybcJ	ko:K14761	-
WP_004143017	F	Catalyzes the oxidation of 5,10- methylenetetrahydrofolate to 5,10-methenyltetrahydrofolate and then the hydrolysis of 5,10-methenyltetrahydrofolate to 10- formyltetrahydrofolate	folD	ko:K01491	ko00670,ko00720,ko01100,ko01120,ko01200,map00670,map00720,map01100,map01120,map01200
WP_004143215	K	transcriptional regulator	ameR	-	-
WP_004143665	ET	belongs to the bacterial solute-binding protein 3 family	IV02_26540	ko:K02030	-
WP_004143788	S	Protein of unknown function (DUF3313)	ydcL	-	-
WP_004143834	S	Membrane	ydhI	-	-
WP_004144312	F	Major role in the synthesis of nucleoside triphosphates other than ATP. The ATP gamma phosphate is transferred to the NDP beta phosphate via a ping-pong mechanism, using a phosphorylated active-site intermediate	ndk	ko:K00940	ko00230,ko00240,ko00983,ko01100,ko01110,ko01130,ko04016,map00230,map00240,map00983,map01100,map01110,map01130,map04016
WP_004144349	K	Transcriptional regulator	yfhH	-	-
WP_004144350	C	Ferredoxin	yfhL	-	-
WP_004144865	K	transcriptional regulator	yhaJ	-	-
WP_004144910	K	Belongs to the BolA IbaG family	yrbA	-	-
WP_004144926	G	PTS IIA-like nitrogen-regulatory protein PtsN	ptsN	ko:K02806	ko02060,map02060
WP_004145004	P	probably responsible for the translocation of the substrate across the membrane	pstC	ko:K02037	ko02010,map02010
WP_004145006	P	Part of the ABC transporter complex PstSACB involved in phosphate import. Responsible for energy coupling to the transport system	pstB	ko:K02036	ko02010,map02010
WP_004145007	P	Part of the phosphate (Pho) regulon, which plays a key role in phosphate homeostasis. PhoU is essential for the repression of the Pho regulon at high phosphate conditions	phoU	ko:K02039	-
WP_004145041	G	Phosphotransferase system, lactose cellobiose-specific IIB subunit	gmuB_1	ko:K02760	ko00500,ko02060,map00500,map02060
WP_004145055	S	Protein of unknown function (DUF1198)	yicN	-	-
WP_004145133	P	Branched-chain amino acid transport	livF	ko:K01996	ko02010,ko02024,map02010,map02024
WP_004145144	S	membrane	yhhN	-	-
WP_004145166	T	Required for resistance to DNA-damaging agents	uspA	ko:K06149	-
WP_004145325	M	Channel that opens in response to stretch forces in the membrane lipid bilayer. May participate in the regulation of osmotic pressure changes within the cell	mscL	ko:K03282	-
WP_004145330	L	dNA topoisomerase	yrdD	ko:K07479	-
WP_004145396	P	COG1173 ABC-type dipeptide oligopeptide nickel transport systems permease components	oppC	ko:K15582	ko01501,ko02010,ko02024,map01501,map02010,map02024
WP_004145418	P	(ABC) transporter	nasD	ko:K15578	ko00910,ko02010,map00910,map02010
WP_004145526	G	PTS system mannose fructose sorbose family IID component	manZ	ko:K02796	ko00051,ko00520,ko01100,ko02060,map00051,map00520,map01100,map02060
WP_004145664	M	Part of the outer membrane protein assembly complex, which is involved in assembly and insertion of beta-barrel proteins into the outer membrane	bamD	ko:K05807	-
WP_004145682	S	Belongs to the UPF0125 (RnfH) family	rnfH	ko:K09801	-
WP_004145693	E	Belongs to the arginase family	speB	ko:K01479,ko:K01480,ko:K12255	ko00330,ko00340,ko01100,map00330,map00340,map01100
WP_004145695	C	Belongs to the iron ascorbate-dependent oxidoreductase family	efe_1	-	-
WP_004145789	G	The phosphoenolpyruvate-dependent sugar phosphotransferase system (PTS), a major carbohydrate active - transport system, catalyzes the phosphorylation of incoming sugar substrates concomitant with their translocation across the cell membrane	-	ko:K02761	ko00500,ko02060,map00500,map02060
WP_004145858	I	Involved in unsaturated fatty acids biosynthesis. Catalyzes the dehydration of short chain beta-hydroxyacyl-ACPs and long chain saturated and unsaturated beta-hydroxyacyl-ACPs	fabZ	ko:K02372	ko00061,ko00780,ko01100,ko01212,map00061,map00780,map01100,map01212
WP_004145952	K	Transcriptional	fruR	ko:K03435	-
WP_004146232	K	UPF0761 membrane protein	rbn	ko:K07058	-
WP_004146678	O	PFAM StbA family protein	-	ko:K18640	-
WP_004146794	C	Methylmalonate-semialdehyde dehydrogenase	mmsA	ko:K00140	ko00280,ko00410,ko00562,ko00640,ko01100,ko01200,map00280,map00410,map00562,map00640,map01100,map01200
WP_004146807	P	Binding-protein-dependent transport systems inner membrane component	ugpA_2	ko:K02025,ko:K05814,ko:K10193	ko02010,map02010
WP_004147009	C	Na -transporting methylmalonyl-CoA oxaloacetate decarboxylase, beta subunit	oadB	ko:K01572	ko00620,ko01100,map00620,map01100
WP_004147267	E	With LivFGHM is involved in the high affinity leucine transport	-	ko:K01999	ko02010,ko02024,map02010,map02024
WP_004147599	G	Phosphotransferase System	nagE	ko:K02802,ko:K02803,ko:K02804	ko00520,ko02060,map00520,map02060
WP_004147729	P	transport	gsiD	ko:K13891	ko02010,map02010
WP_004148109	F	Catalyzes the transfer of the phosphoribosyl group of 5- phosphorylribose-1-pyrophosphate (PRPP) to anthranilate to yield N-(5'-phosphoribosyl)-anthranilate (PRA)	trpD	ko:K00766,ko:K13497	ko00400,ko01100,ko01110,ko01130,ko01230,map00400,map01100,map01110,map01130,map01230
WP_004148366	P	Phenylpropionate dioxygenase and related ring-hydroxylating dioxygenases large terminal subunit	vanA	-	-
WP_004148994	E	Amino Acid	yeeF	ko:K14052	-
WP_004149062	P	Binding-protein-dependent transport systems inner membrane component	dppB_1	ko:K02033	ko02024,map02024
WP_004149602	H	Precorrin-4 C(11)-methyltransferase	cobM	ko:K05936	ko00860,ko01100,map00860,map01100
WP_004149616	E	Belongs to the acetyltransferase family. ArgA subfamily	argA	ko:K14682	ko00220,ko01100,ko01110,ko01130,ko01210,ko01230,map00220,map01100,map01110,map01130,map01210,map01230
WP_004150272	S	-	-	-	-
WP_004150355	K	Ribbon-helix-helix protein, copG family	yiiF	-	-
WP_004150358	O	Necessary for formate dehydrogenase activity	fdhE	ko:K02380	-
WP_004150795	S	Stress-induced bacterial acidophilic repeat motif	yciG	ko:K06884	-
WP_004150807	K	Response regulators consisting of a CheY-like receiver domain and a winged-helix DNA-binding domain	phoP	ko:K07660	ko01503,ko02020,map01503,map02020
WP_004150840	D	Involved in chromosome condensation, segregation and cell cycle progression. May participate in facilitating chromosome segregation by condensation DNA from both sides of a centrally located replisome during cell division. Probably acts via its interaction with MukB and MukF	mukE	ko:K03804	-
WP_004150923	H	Catalyzes the conversion of 7,8-dihydroneopterin to 6- hydroxymethyl-7,8-dihydropterin	folB	ko:K01633	ko00790,ko01100,map00790,map01100
WP_004150949	Q	COG0767 ABC-type transport system involved in resistance to organic solvents, permease component	mlaE	ko:K02066	ko02010,map02010
WP_004151052	G	The phosphoenolpyruvate-dependent sugar phosphotransferase system (PTS), a major carbohydrate active - transport system, catalyzes the phosphorylation of incoming sugar substrates concomitant with their translocation across the cell membrane	-	ko:K02761	ko00500,ko02060,map00500,map02060
WP_004151056	K	LysR substrate binding domain	-	-	-
WP_004151071	EGP	Major facilitator superfamily	ygcS	-	-
WP_004151145	F	Belongs to the dCTP deaminase family	dcd	ko:K01494	ko00240,ko01100,map00240,map01100
WP_004151228	S	Flavin reductase	-	-	-
WP_004151322	F	Catalyzes the conversion of N5-carboxyaminoimidazole ribonucleotide (N5-CAIR) to 4-carboxy-5-aminoimidazole ribonucleotide (CAIR)	purE	ko:K01588	ko00230,ko01100,ko01110,ko01130,map00230,map01100,map01110,map01130
WP_004151336	O	ATP-dependent serine protease that mediates the selective degradation of mutant and abnormal proteins as well as certain short-lived regulatory proteins. Required for cellular homeostasis and for survival from DNA damage and developmental changes induced by stress. Degrades polypeptides processively to yield small peptide fragments that are 5 to 10 amino acids long. Binds to DNA in a double-stranded, site-specific manner	lon	ko:K01338	ko04112,map04112
WP_004151445	E	l-serine dehydratase	sdaA	ko:K01752	ko00260,ko00270,ko01100,ko01110,ko01130,ko01200,ko01230,map00260,map00270,map01100,map01110,map01130,map01200,map01230
WP_004151523	O	Associates with aggregated proteins, together with IbpB, to stabilize and protect them from irreversible denaturation and extensive proteolysis during heat shock and oxidative stress. Aggregated proteins bound to the IbpAB complex are more efficiently refolded and reactivated by the ATP-dependent chaperone systems ClpB and DnaK DnaJ GrpE. Its activity is ATP- independent	ibpA	ko:K04080	-
WP_004151524	S	(Lipo)protein	yidQ	-	-
WP_004151535	J	RNaseP catalyzes the removal of the 5'-leader sequence from pre-tRNA to produce the mature 5'-terminus. It can also cleave other RNA substrates such as 4.5S RNA. The protein component plays an auxiliary but essential role in vivo by binding to the 5'-leader sequence and broadening the substrate specificity of the ribozyme	rnpA	ko:K03536	-
WP_004151536	S	Could be involved in insertion of integral membrane proteins into the membrane	yidD	ko:K08998	-
WP_004151541	K	HTH-type transcriptional regulator YidZ	yidZ	-	-
WP_004151566	S	selenium-binding protein YdfZ	ydfZ_1	-	-
WP_004151595	K	AraC-type transcriptional regulator N-terminus	-	-	-
WP_004151671	K	Repressor involved in choline regulation of the bet genes	betI	ko:K02167	-
WP_004151717	K	transcriptional	deoR	ko:K11534	-
WP_004151738	K	transcriptional regulator	soxS	ko:K07506,ko:K13631	-
WP_004151785	S	Protein conserved in bacteria	-	-	-
WP_004151792	NU	COG3539 P pilus assembly protein, pilin FimA	-	ko:K07345	ko05133,map05133
WP_004151853	P	Belongs to the ABC transporter superfamily	oppD	ko:K02031,ko:K12371,ko:K15583	ko01501,ko02010,ko02024,map01501,map02010,map02024
WP_004151856	K	Represses the transcription of fabB, involved in unsaturated fatty acid (UFA) biosynthesis. By controlling UFA production, FabR directly influences the physical properties of the membrane bilayer	fabR	ko:K22105	-
WP_004151864	G	Phosphotransferase system, lactose cellobiose-specific IIB subunit	ptxB	ko:K02822	ko00053,ko01100,ko01120,ko02060,map00053,map01100,map01120,map02060
WP_004151877	S	protein conserved in bacteria	-	ko:K09936	ko02024,map02024
WP_004151919	D	Activates the cell division inhibited by chromosomal DNA over-replication	cedA	ko:K15722	-
WP_004151930	J	Associates with the EF-Tu.GDP complex and induces the exchange of GDP to GTP. It remains bound to the aminoacyl-tRNA.EF- Tu.GTP complex up to the GTP hydrolysis stage on the ribosome	tsf	ko:K02357	-
WP_004151980	F	Catalyzes the conversion of inosine 5'-phosphate (IMP) to xanthosine 5'-phosphate (XMP), the first committed and rate- limiting step in the de novo synthesis of guanine nucleotides, and therefore plays an important role in the regulation of cell growth	guaB	ko:K00088	ko00230,ko00983,ko01100,ko01110,map00230,map00983,map01100,map01110
WP_004152190	K	transcriptional regulator	Z012_10240	-	-
WP_004152192	S	Involved in the oxidation of myo-inositol (MI) to 2- keto-myo-inositol (2KMI or 2-inosose)	iolG	ko:K00010	ko00521,ko00562,ko01100,ko01120,ko01130,map00521,map00562,map01100,map01120,map01130
WP_004152193	G	Sugar phosphate isomerases epimerases	iolH	ko:K06605	-
WP_004152221	U	MotA/TolQ/ExbB proton channel family	tolQ	ko:K03562	ko01120,map01120
WP_004152267	S	Membrane	-	-	-
WP_004152415	P	Bacterioferritin-associated ferredoxin	bfd	ko:K02192	-
WP_004152419	S	Membrane	yjeI	-	-
WP_004152946	G	Belongs to the binding-protein-dependent transport system permease family	rbsC1	ko:K17214	ko02010,map02010
WP_004152951	S	-	-	-	-
WP_004173862	K	Helix-turn-helix domain	higA-2	ko:K07726	-
WP_004173894	S	Membrane	yiiR	-	-
WP_004173919	G	PTS system mannitol-specific	mtlA	ko:K02798,ko:K02799,ko:K02800	ko00051,ko02060,map00051,map02060
WP_004174356	H	Catalyzes the conversion of D-ribulose 5-phosphate to formate and 3,4-dihydroxy-2-butanone 4-phosphate	ribB	ko:K02858,ko:K14652	ko00740,ko00790,ko01100,ko01110,map00740,map00790,map01100,map01110
WP_004174395	U	tonB-system energizer ExbB	exbB	ko:K03561	-
WP_004174701	S	Phosphatase	yqaB	-	-
WP_004175741	K	Cupin domain	-	-	-
WP_004175772	S	Tautomerase enzyme	-	ko:K01821	ko00362,ko00621,ko00622,ko01100,ko01120,ko01220,map00362,map00621,map00622,map01100,map01120,map01220
WP_004175940	S	-	-	-	-
WP_004175972	C	nitrate reductase, gamma subunit	narI	ko:K00374	ko00910,ko01120,ko02020,map00910,map01120,map02020
WP_004176098	G	deacetylase	puuE	ko:K01452,ko:K16842,ko:K22278	ko00230,ko00520,ko01100,ko01120,map00230,map00520,map01100,map01120
WP_004176117	P	amino acid ABC transporter	-	ko:K02029	-
WP_004176149	S	phosphotriesterase homology protein	pteR	ko:K07048	-
WP_004176557	F	Belongs to the lyase 1 family. Adenylosuccinate lyase subfamily	purB	ko:K01756	ko00230,ko00250,ko01100,ko01110,ko01130,map00230,map00250,map01100,map01110,map01130
WP_004176731	E	Extracellular solute-binding protein, family 5	gsiB	ko:K13889	ko02010,map02010
WP_004176772	S	protein involved in	ybiJ	ko:K12151	-
WP_004176909	IQ	COG1028 Dehydrogenases with different specificities (related to short-chain alcohol dehydrogenases)	-	-	-
WP_004176926	G	Periplasmic binding protein LacI transcriptional regulator	-	ko:K17202	ko02010,map02010
WP_004176927	S	(Lipo)protein	-	-	-
WP_004176948	K	Transcriptional regulators containing a DNA-binding HTH domain and an aminotransferase domain (MocR family) and their eukaryotic orthologs	-	ko:K00375,ko:K05825	ko00300,ko01100,ko01130,ko01210,map00300,map01100,map01130,map01210
WP_004177335	C	NQR complex catalyzes the reduction of ubiquinone-1 to ubiquinol by two successive reactions, coupled with the transport of Na( ) ions from the cytoplasm to the periplasm. NqrA to NqrE are probably involved in the second step, the conversion of ubisemiquinone to ubiquinol	nqrE	ko:K00350	-
WP_004177664	S	Belongs to the UPF0307 family	yjgA	ko:K09889	-
WP_004177729	C	Belongs to the succinate dehydrogenase fumarate reductase iron-sulfur protein family	frdB	ko:K00245	ko00020,ko00190,ko00620,ko00650,ko00720,ko01100,ko01110,ko01120,ko01130,ko01200,ko02020,map00020,map00190,map00620,map00650,map00720,map01100,map01110,map01120,map01130,map01200,map02020
WP_004177859	S	YjbD family (DUF3811)	yjbD	-	-
WP_004178004	NPTU	Repressor of the Cpx envelope stress response pathway which occurs via periplasmic interactions with CpxA	cpxP	ko:K06006	-
WP_004178031	K	histone acetyltransferase HPA2 and related acetyltransferases	yiiD	-	-
WP_004178324	M	Pili assembly chaperone PapD, C-terminal domain	-	-	-
WP_004178325	NU	cell adhesion	-	-	-
WP_004178721	L	Transposase and inactivated derivatives	yafM	ko:K07491	-
WP_004178733	O	alkyl hydroperoxide reductase	ahpC	ko:K03386	ko04214,map04214
WP_004178910	EP	Binding-protein-dependent transport system inner membrane component	-	ko:K02033	ko02024,map02024
WP_004178967	P	PFAM MbtH domain protein	ybdZ	ko:K05375,ko:K07214	ko00261,ko01130,map00261,map01130
WP_004179245	P	ABC-type Fe3 transport system, periplasmic component	fbpA	ko:K02012	ko02010,map02010
WP_004179260	G	pts system	frwD	ko:K11202	-
WP_004179264	G	FrwB with FrwC, FrwD and PtsA forms a PEP-dependent sugar phosphotransferase system (PTS) permease which may phosphorylate and transport sugars into the cell	frwB	ko:K02769,ko:K11202	ko00051,ko01100,ko01120,ko02060,map00051,map01100,map01120,map02060
WP_004179576	S	Protein of unknown function (DUF1471)	-	-	-
WP_004179922	G	PTS system fructose-specific IIB	manP	ko:K02769	ko00051,ko01100,ko01120,ko02060,map00051,map01100,map01120,map02060
WP_004179948	P	amino acid ABC transporter	yecS_3	ko:K02029	-
WP_004179955	S	Protein of unknown function (DUF4089)	-	-	-
WP_004180106	C	nitrate reductase molybdenum cofactor assembly chaperone	narW	ko:K00373	ko02020,map02020
WP_004180389	J	The natural substrate for this enzyme may be peptidyl- tRNAs which drop off the ribosome during protein synthesis	pth	ko:K01056	-
WP_004180456	K	transcriptional regulator	cbl	ko:K13634,ko:K13635	-
WP_004181200	K	Transcriptional	cscR	ko:K02529	-
WP_004181456	E	Hydrolase	yrfG	ko:K20881	ko00230,ko00240,ko00760,ko01100,ko01110,map00230,map00240,map00760,map01100,map01110
WP_004181489	S	HicB family	hicB	-	-
WP_004181612	I	Alpha beta hydrolase	aes	ko:K01066	-
WP_004183289	S	-	-	-	-
WP_004184415	O	FeS assembly ATPase SufC	sufC	ko:K09013	-
WP_004184463	S	P22 coat protein - gene protein 5	-	-	-
WP_004184789	M	glycosyl transferase group 1	wbpZ	ko:K12995	-
WP_004185394	P	iron transport system membrane protein	sitC	ko:K09819,ko:K11605,ko:K11709	ko02010,map02010
WP_004188736	S	-	-	-	-
WP_004189586	EGP	Major Facilitator Superfamily	-	-	-
WP_004190069	K	Transcriptional	-	ko:K02529	-
WP_004190423	J	Endoribonuclease	yabJ_1	-	-
WP_004190428	K	transcriptional regulator	yvbU	-	-
WP_004190429	E	(ABC) transporter	-	ko:K02028,ko:K02029,ko:K10004,ko:K10010,ko:K10038	ko02010,ko02020,map02010,map02020
WP_004190692	S	-	-	-	-
WP_004191416	IQ	COG1028 Dehydrogenases with different specificities (related to short-chain alcohol dehydrogenases)	-	ko:K03366	ko00650,map00650
WP_004192264	S	type VI secretion system effector	-	ko:K11903	ko02025,ko03070,map02025,map03070
WP_004195346	S	Belongs to the UPF0352 family	yejL	ko:K09904	-
WP_004195711	S	Phage tail assembly chaperone proteins, E, or 41 or 14	-	-	-
WP_004195876	S	Phage portal protein	-	-	-
WP_004195882	G	Phage lysozyme	-	-	-
WP_004197606	P	Mg2 and Co2 transporter CorC	corC	ko:K06189	-
WP_004198552	G	(ABC) transporter	-	ko:K02056	-
WP_004200322	E	Involved in the import of threonine and serine into the cell, with the concomitant import of a proton (symport system)	tdcC	ko:K03838	-
WP_004201290	M	Belongs to the peptidase S11 family	dacC	ko:K07258	ko00550,ko01100,map00550,map01100
WP_004201368	M	Participates in the translocation of lipoproteins from the inner membrane to the outer membrane. Only forms a complex with a lipoprotein if the residue after the N-terminal Cys is not an aspartate (The Asp acts as a targeting signal to indicate that the lipoprotein should stay in the inner membrane)	lolA	ko:K03634	-
WP_004201387	V	Involved in lipid A export and possibly also in glycerophospholipid export and for biogenesis of the outer membrane. Transmembrane domains (TMD) form a pore in the inner membrane and the ATP-binding domain (NBD) is responsible for energy generation	msbA	ko:K11085	ko02010,map02010
WP_004201403	S	protein conserved in bacteria	ycbK	-	-
WP_004201558	K	response regulator	baeR	ko:K07664,ko:K18144	ko01501,ko02020,map01501,map02020
WP_004201578	G	Catalyzes the formation of glycerone phosphate and D-glyceraldehyde 3-phosphate from D-fructose 1,6-bisphosphate	fbaB	ko:K11645	ko00010,ko00030,ko00051,ko00680,ko00710,ko01100,ko01110,ko01120,ko01130,ko01200,ko01230,map00010,map00030,map00051,map00680,map00710,map01100,map01110,map01120,map01130,map01200,map01230
WP_004201620	S	UPF0299 membrane protein	yohJ	ko:K06518	-
WP_004201653	M	COG0791 Cell wall-associated hydrolases (invasion-associated proteins)	spr	ko:K13694	-
WP_004201684	K	Component of the Rcs signaling system, which controls transcription of numerous genes. RcsB is the response regulator that binds to regulatory DNA regions	rcsB	ko:K07687	ko02020,ko02026,map02020,map02026
WP_004201712	S	PFAM YfaZ family protein	yfaZ	-	-
WP_004201743	C	Belongs to the complex I subunit 6 family	nuoJ	ko:K00339	ko00190,ko01100,map00190,map01100
WP_004201769	P	(ABC) transporter	hisQ	ko:K10016,ko:K10024	ko02010,map02010
WP_004201872	C	Ferredoxin, 2Fe-2S type, ISC system	fdx	ko:K04755	-
WP_004201892	S	protein conserved in bacteria	yfgM	-	-
WP_004201901	S	bacterial-type flagellum-dependent swarming motility	yfgJ	-	-
WP_004201927	F	Catalyzes the conversion of uracil and 5-phospho-alpha- D-ribose 1-diphosphate (PRPP) to UMP and diphosphate	upp	ko:K00761	ko00240,ko01100,map00240,map01100
WP_004201945	S	zinc metallopeptidase	ypfJ	ko:K07054	-
WP_004202133	G	Synthesizes alpha-1,4-glucan chains using ADP-glucose	glgA	ko:K00703	ko00500,ko01100,ko01110,ko02026,map00500,map01100,map01110,map02026
WP_004202138	P	Catalyzes, although with low efficiency, the sulfur transfer reaction from thiosulfate to cyanide	glpE	ko:K02439	ko00920,ko01110,ko01120,map00920,map01110,map01120
WP_004202151	K	May function as a transcriptional regulator that controls feoABC expression	feoC	ko:K07490	-
WP_004202200	O	Redox protein regulator of disulfide bond formation	yhfA	ko:K07397	-
WP_004202242	G	PFAM Major facilitator superfamily	uhpT	ko:K07784	ko02020,map02020
WP_004202307	C	F(1)F(0) ATP synthase produces ATP from ADP in the presence of a proton or sodium gradient. F-type ATPases consist of two structural domains, F(1) containing the extramembraneous catalytic core and F(0) containing the membrane proton channel, linked together by a central stalk and a peripheral stalk. During catalysis, ATP synthesis in the catalytic domain of F(1) is coupled via a rotary mechanism of the central stalk subunits to proton translocation	atpH	ko:K02113	ko00190,ko00195,ko01100,map00190,map00195,map01100
WP_004202393	J	Belongs to the class-II aminoacyl-tRNA synthetase family	lysS	ko:K04567	ko00970,map00970
WP_004202401	P	import. Responsible for energy coupling to the transport system	mglA_1	ko:K02056,ko:K10441,ko:K10542,ko:K10545,ko:K10562,ko:K17204,ko:K17215	ko02010,map02010
WP_004202471	M	Mechanosensitive Ion channel	ybdG	ko:K16053	-
WP_004202843	S	in E. coli, when complexed with H-NS or StpA binds a 26 base-pair DNA sequence of oriC	cnu	-	-
WP_004202908	S	Protein of unknown function (DUF1471)	-	-	-
WP_004202952	K	Transcriptional regulator	-	-	-
WP_004203090	S	-	-	-	-
WP_004203178	F	Catalyzes the hydrolysis of 10-formyltetrahydrofolate (formyl-FH4) to formate and tetrahydrofolate (FH4)	purU	ko:K01433	ko00630,ko00670,map00630,map00670
WP_004203203	P	Catalyzes the cleavage of glutathione into 5-oxo-L- proline and a Cys-Gly dipeptide. Acts specifically on glutathione, but not on other gamma-glutamyl peptides	chaC	ko:K07232	-
WP_004203269	P	transport	-	ko:K05845,ko:K05846	ko02010,map02010
WP_004203310	S	SpoVR family	ycgB	ko:K06415	-
WP_004203320	S	YcgL domain-containing protein	ycgL	ko:K09902	-
WP_004203359	G	pts system	manY	ko:K02746,ko:K02795	ko00051,ko00052,ko00520,ko01100,ko02060,map00051,map00052,map00520,map01100,map02060
WP_004203438	G	Belongs to the binding-protein-dependent transport system permease family	araH	ko:K10440,ko:K10538	ko02010,map02010
WP_004203544	S	Membrane	yeeA	-	-
WP_004203553	P	The key enzymatic reactions in nitrogen fixation are catalyzed by the nitrogenase complex, which has 2 components the iron protein and the molybdenum-iron protein	nifH	ko:K02588	ko00625,ko00910,ko01100,ko01120,map00625,map00910,map01100,map01120
WP_004203557	Q	PFAM NifT FixU	nifT	ko:K02593	-
WP_004203622	E	glutamine synthetase	glnA	ko:K01915	ko00220,ko00250,ko00630,ko00910,ko01100,ko01120,ko01230,ko02020,ko04217,ko04724,ko04727,map00220,map00250,map00630,map00910,map01100,map01120,map01230,map02020,map04217,map04724,map04727
WP_004203668	C	Destroys radicals which are normally produced within the cells and which are toxic to biological systems	sodA	ko:K04564	ko04013,ko04068,ko04146,ko04211,ko04212,ko04213,ko05016,map04013,map04068,map04146,map04211,map04212,map04213,map05016
WP_004203676	K	transcriptional	cytR	ko:K05499	-
WP_004203691	S	membrane	yijD	-	-
WP_004203692	J	Dual-specificity methyltransferase that catalyzes the formation of 5-methyluridine at position 54 (m5U54) in all tRNAs, and that of position 341 (m5U341) in tmRNA (transfer-mRNA)	trmA	ko:K00557	-
WP_004203730	E	Efflux Protein	leuE	ko:K11250	-
WP_004203731	S	Protein of unknown function (DUF2534)	ynaJ	-	-
WP_004203750	S	Virulence protein msgA	msgA	-	-
WP_004203910	KT	Phage shock protein A	pspA	ko:K03969	-
WP_004203911	KT	phage shock protein C	pspC	ko:K03973	-
WP_004204015	S	FtsZ-dependent cytokinesis	dedA	ko:K03975,ko:K19302	ko00550,map00550
WP_004204228	G	Transaldolase is important for the balance of metabolites in the pentose-phosphate pathway	tal	ko:K00616	ko00030,ko01100,ko01110,ko01120,ko01130,ko01200,ko01230,map00030,map01100,map01110,map01120,map01130,map01200,map01230
WP_004204274	P	protein affecting Mg2 Co2 transport	apaG	ko:K06195	-
WP_004204301	K	transcriptional regulator	araC	ko:K02099	-
WP_004204337	M	Peptidoglycan polymerase that is essential for cell division	ftsW	ko:K03588	ko04112,map04112
WP_004204343	D	Cell division protein that is involved in the assembly of the Z ring. May serve as a membrane anchor for the Z ring	ftsA	ko:K03590	ko04112,map04112
WP_004204373	S	Belongs to the UPF0231 family	yacL	ko:K09910	-
WP_004204384	F	Belongs to the purine pyrimidine phosphoribosyltransferase family	hpt	ko:K00760	ko00230,ko00983,ko01100,ko01110,map00230,map00983,map01100,map01110
WP_004204385	P	Reversible hydration of carbon dioxide	can	ko:K01673	ko00910,map00910
WP_004204397	H	Catalyzes the pyruvoyl-dependent decarboxylation of aspartate to produce beta-alanine	panD	ko:K01579	ko00410,ko00770,ko01100,ko01110,map00410,map00770,map01100,map01110
WP_004204446	E	Methionine aminopeptidase	map	ko:K01265	-
WP_004204478	P	ABC-type metal ion transport system permease component	metI	ko:K02072	ko02010,map02010
WP_004204505	J	May reduce aminoacrylate peracid to aminoacrylate. Required to remove a toxic intermediate produce by the pyrimidine nitrogen degradation	rutC	ko:K09021,ko:K09022	ko00240,ko01100,map00240,map01100
WP_004204507	C	Catalyzes the pyrimidine ring opening between N-3 and C- 4 by an unusual flavin hydroperoxide-catalyzed mechanism to yield ureidoacrylate peracid. It cleaves pyrmidine rings directly by adding oxygen atoms, making a toxic ureidoacrylate peracid product which can be spontaneously reduced to ureidoacrylate	rutA	ko:K09018	ko00240,ko01100,map00240,map01100
WP_004204508	K	transcriptional regulator	rutR	ko:K09017	-
WP_004204571	FG	COG0537 Diadenosine tetraphosphate (Ap4A) hydrolase and other HIT family hydrolases	hinT	ko:K02503	-
WP_004204620	L	Endonuclease that specifically degrades the RNA of RNA- DNA hybrids	rnhA	ko:K03469	ko03030,map03030
WP_004204621	L	DNA polymerase III is a complex, multichain enzyme responsible for most of the replicative synthesis in bacteria. The epsilon subunit contain the editing function and is a proofreading 3'-5' exonuclease	dnaQ	ko:K02342,ko:K14159	ko00230,ko00240,ko01100,ko03030,ko03430,ko03440,map00230,map00240,map01100,map03030,map03430,map03440
WP_004204638	S	protein conserved in bacteria	-	ko:K05952	-
WP_004204671	G	system Galactitol-specific IIC component	gatC	ko:K02775	ko00052,ko01100,ko02060,map00052,map01100,map02060
WP_004204728	S	Belongs to the prolyl-tRNA editing family. YbaK EbsC subfamily	ybaK	ko:K03976	-
WP_004204761	P	transport	ganQ	ko:K15772	ko02010,map02010
WP_004204800	M	Lipoprotein	yajG	ko:K07286	-
WP_004204812	S	NIPSNAP family containing protein	-	-	-
WP_004204836	M	nucleoside-specific channel-forming protein	tsx	ko:K05517	-
WP_004204908	P	Branched-chain amino acid transport	livF	ko:K01996	ko02010,ko02024,map02010,map02024
WP_004205014	J	glycyl-tRNA synthetase alpha subunit	glyQ	ko:K01878	ko00970,map00970
WP_004205043	J	Methylates the ribose at the nucleotide 34 wobble position in the two leucyl isoacceptors tRNA(Leu)(CmAA) and tRNA(Leu)(cmnm5UmAA). Catalyzes the methyl transfer from S- adenosyl-L-methionine to the 2'-OH of the wobble nucleotide	trmL	ko:K03216	-
WP_004205145	G	PTS system, cellobiose-specific IIA component	chbA	ko:K02759	ko00500,ko02060,map00500,map02060
WP_004205179	K	Response regulator containing a CheY-like receiver domain and an HTH DNA-binding domain	csgD	ko:K04333,ko:K20918	ko02026,ko05111,map02026,map05111
WP_004205182	S	integral membrane protein	yggT	ko:K02221	-
WP_004205217	S	Pfam SNARE associated Golgi protein	yghB	-	-
WP_004205248	S	Major determinant of cell surface composition. Negatively regulates motility, adhesion and synthesis of biofilm exopolysaccharides	glgS	-	-
WP_004205289	G	Belongs to the glyceraldehyde-3-phosphate dehydrogenase family	epd	ko:K00134,ko:K03472	ko00010,ko00710,ko00750,ko01100,ko01110,ko01120,ko01130,ko01200,ko01230,ko04066,ko05010,map00010,map00710,map00750,map01100,map01110,map01120,map01130,map01200,map01230,map04066,map05010
WP_004205298	D	Activator of cell division through the inhibition of FtsZ GTPase activity, therefore promoting FtsZ assembly into bundles of protofilaments necessary for the formation of the division Z ring. It is recruited early at mid-cell but it is not essential for cell division	zapA	ko:K09888	-
WP_004205419	P	Binding-protein-dependent transport systems inner membrane component	ycjO	ko:K05814,ko:K10193	ko02010,map02010
WP_004205433	K	Transcriptional	uxuR	ko:K13637	-
WP_004205441	P	membrane protein, terc	ygdQ	-	-
WP_004205443	L	Accelerates the degradation of transcripts by removing pyrophosphate from the 5'-end of triphosphorylated RNA, leading to a more labile monophosphorylated state that can stimulate subsequent ribonuclease cleavage	nudH	ko:K08311	ko03018,map03018
WP_004205612	H	Decarboxylase involved in the decarboxylation and detoxification of phenolic derivatives under both aerobic and anaerobic conditions. It is able to catalyze the reversible decarboxylation of 4-hydroxybenzoate and vanillate	vdcC	ko:K01612	ko00627,ko01120,ko01220,map00627,map01120,map01220
WP_004205645	E	seems to prevent binding of FhlA transcriptional activator to the activator sequence of hyc operon	hycA	ko:K15833	-
WP_004205686	L	Can catalyze the hydrolysis of ATP in the presence of single-stranded DNA, the ATP-dependent uptake of single-stranded DNA by duplex DNA, and the ATP-dependent hybridization of homologous single-stranded DNAs. It interacts with LexA causing its activation and leading to its autocatalytic cleavage	recA	ko:K03553	ko03440,map03440
WP_004205916	S	-	-	-	-
WP_004205917	K	transcriptional regulator	-	ko:K07727	-
WP_004206035	S	Belongs to the UPF0482 family	ynfB	-	-
WP_004206121	S	Inner membrane protein yqjA	yqjA	-	-
WP_004206164	O	Peptidase U32	yhbU	ko:K08303	ko05120,map05120
WP_004206195	Q	ABC-type transport system involved in resistance to organic solvents periplasmic component	mlaD	ko:K02067	ko02010,map02010
WP_004206206	J	sigma (54) modulation protein	yhbH	ko:K05808	-
WP_004206282	S	Protein PsiE homolog	psiE	ko:K13256	-
WP_004206291	K	Represses a number of genes involved in the response to DNA damage (SOS response), including recA and lexA. In the presence of single-stranded DNA, RecA interacts with LexA causing an autocatalytic cleavage which disrupts the DNA-binding part of LexA, leading to derepression of the SOS regulon and eventually DNA repair	lexA	ko:K01356	-
WP_004206293	S	Belongs to the UPF0337 (CsbD) family	yjbJ	-	-
WP_004206334	P	NhaP-type Na H and K H antiporters	yjcE	ko:K03316	-
WP_004206350	S	Membrane	yjcH	-	-
WP_004206363	U	Belongs to the binding-protein-dependent transport system permease family	-	ko:K10440	ko02010,map02010
WP_004206423	S	Entericidin	ecnB	ko:K16348	-
WP_004206435	L	3'-to-5' exoribonuclease specific for small oligoribonucleotides	orn	ko:K13288	ko03008,map03008
WP_004206501	S	Glycine-rich SFCGS	-	-	-
WP_004206503	S	cytoplasmic protein	-	-	-
WP_004206522	F	Belongs to the ATCase OTCase family	pyrB	ko:K00609	ko00240,ko00250,ko01100,map00240,map00250,map01100
WP_004206792	P	Iron-storage protein, whose ferroxidase center binds Fe(2 ) ions, oxidizes them by dioxygen to Fe(3 ), and participates in the subsequent Fe(3 ) oxide mineral core formation within the central cavity of the protein complex	bfr	ko:K03594	ko00860,map00860
WP_004206826	K	transcriptional regulator	iclR	ko:K13641	-
WP_004210164	G	D-xylose ABC transporter periplasmic substrate-binding protein	xylF	ko:K10543	ko02010,map02010
WP_004211599	P	(ABC) transporter	sitB	ko:K02074,ko:K09820,ko:K11607,ko:K11710	ko02010,map02010
WP_004214857	S	Conserved Protein	ybgA	-	-
WP_004216433	S	PAAR motif	-	-	-
WP_004217626	P	ABC-type metal ion transport system permease component	metI	ko:K02072	ko02010,map02010
WP_004222859	M	lipoprotein nlpC	-	ko:K13695	-
WP_004224069	K	Transcriptional regulator	-	-	-
WP_004224492	Q	Phenylacetate-CoA oxygenase	paaB	ko:K02610	ko00360,ko01120,map00360,map01120
WP_004224859	K	Catalyzes an amino-pyrimidine hydrolysis reaction at the C5' of the pyrimidine moiety of thiamine compounds, a reaction that is part of a thiamine salvage pathway. Thus, catalyzes the conversion of 4-amino-5-aminomethyl-2-methylpyrimidine to 4-amino- 5-hydroxymethyl-2-methylpyrimidine (HMP)	-	ko:K03707	ko00730,ko01100,map00730,map01100
WP_004224867	S	Metallo-beta-lactamase superfamily	attM	ko:K13075	ko02024,map02024
WP_004388621	J	Located on the platform of the 30S subunit, it bridges several disparate RNA helices of the 16S rRNA. Forms part of the Shine-Dalgarno cleft in the 70S ribosome	rpsK	ko:K02948	ko03010,map03010
WP_004885990	C	Succinyl-CoA synthetase functions in the citric acid cycle (TCA), coupling the hydrolysis of succinyl-CoA to the synthesis of either ATP or GTP and thus represents the only step of substrate-level phosphorylation in the TCA. The alpha subunit of the enzyme binds the substrates coenzyme A and phosphate, while succinate binding and nucleotide specificity is provided by the beta subunit	sucD	ko:K01902	ko00020,ko00640,ko00660,ko00720,ko01100,ko01110,ko01120,ko01130,ko01200,map00020,map00640,map00660,map00720,map01100,map01110,map01120,map01130,map01200
WP_004886198	ET	belongs to the bacterial solute-binding protein 3 family	glnH	ko:K02030,ko:K10036	ko02010,map02010
WP_004886745	U	Part of the twin-arginine translocation (Tat) system that transports large folded proteins containing a characteristic twin-arginine motif in their signal peptide across membranes. Together with TatB, TatC is part of a receptor directly interacting with Tat signal peptides	tatC	ko:K03118	ko03060,ko03070,map03060,map03070
WP_004886794	N	Prokaryotic lipoprotein-attachment site	yifL	-	-
WP_004886822	S	Probably involved in the polymerization of enterobacterial common antigen (ECA) trisaccharide repeat units	wzyE	ko:K02853	-
WP_004886849	M	Catalyzes the transfer of the GlcNAc-1-phosphate moiety from UDP-GlcNAc onto the carrier lipid undecaprenyl phosphate (C55-P), yielding GlcNAc-pyrophosphoryl-undecaprenyl (GlcNAc-PP- C55)	wecA	ko:K02851	-
WP_004886877	S	protein conserved in bacteria	yifE	ko:K09897	-
WP_004887037	S	Domain of unknown function	ydiH	-	-
WP_004889164	M	RND efflux system, outer membrane lipoprotein	oprM	ko:K18139,ko:K18147	ko01501,ko02024,map01501,map02024
WP_004891666	C	COG2141 Coenzyme F420-dependent N5,N10-methylene tetrahydromethanopterin reductase and related flavin-dependent oxidoreductases	-	-	-
WP_004891873	S	-	-	-	-
WP_004892563	P	ABC transporter (permease)	-	ko:K02072	ko02010,map02010
WP_004893960	P	Part of the ABC transporter complex TauABC involved in taurine import. Responsible for energy coupling to the transport system	tauB	ko:K10831	ko00920,ko02010,map00920,map02010
WP_004894160	NU	general secretion pathway protein	-	ko:K02458	ko03070,ko05111,map03070,map05111
WP_004898401	E	Lysine exporter protein (LYSE YGGA)	-	-	-
WP_004898667	IQ	Catalyzes the first of the two reduction steps in the elongation cycle of fatty acid synthesis	-	ko:K00059	ko00061,ko00333,ko00780,ko01040,ko01100,ko01130,ko01212,map00061,map00333,map00780,map01040,map01100,map01130,map01212
WP_004898673	K	transcriptional regulator	-	ko:K02444	-
WP_004899993	ET	Amino acid ABC transporter substrate-binding protein	-	ko:K02030	-
WP_004899997	G	COG0235 Ribulose-5-phosphate 4-epimerase and related epimerases and aldolases	fucA_2	-	-
WP_006817270	J	This is one of the proteins that binds and probably mediates the attachment of the 5S RNA into the large ribosomal subunit, where it forms part of the central protuberance	rplR	ko:K02881	ko03010,map03010
WP_007374746	M	Lipoprotein leucine-zipper	lpp	ko:K06078	-
WP_007665882	K	Participates in transcription elongation, termination and antitermination. In the absence of Rho, increases the rate of transcription elongation by the RNA polymerase (RNAP), probably by partially suppressing pausing. In the presence of Rho, modulates most Rho-dependent termination events by interacting with the RNAP to render the complex more susceptible to the termination activity of Rho. May be required to overcome a kinetic limitation of Rho to function at certain terminators. Also involved in ribosomal RNA transcriptional antitermination	nusG	ko:K02601	-
WP_007749299	T	Transcription factor that acts by binding directly to the RNA polymerase (RNAP). Required for negative regulation of rRNA expression and positive regulation of several amino acid biosynthesis promoters. Also required for regulation of fis expression	dksA	ko:K06204	ko02026,map02026
WP_008803753	S	Required for high salt suppression of motility	yfiM	ko:K05811	-
WP_008803754	I	Catalyzes de novo synthesis of phosphatidylserine from CDP-diacylglycerol and L-serine which leads eventually to the production of phosphatidylethanolamine	pssA	ko:K00998	ko00260,ko00564,ko01100,ko01110,map00260,map00564,map01100,map01110
WP_008803761	H	Catalyzes the oxidation of L-aspartate to iminoaspartate	nadB	ko:K00278	ko00250,ko00760,ko01100,map00250,map00760,map01100
WP_008803762	T	An anti-sigma factor for extracytoplasmic function (ECF) sigma factor sigma-E (RpoE). ECF sigma factors are held in an inactive form by an anti-sigma factor until released by regulated intramembrane proteolysis (RIP). RIP occurs when an extracytoplasmic signal triggers a concerted proteolytic cascade to transmit information and elicit cellular responses. The membrane-spanning regulatory substrate protein is first cut periplasmically (site-1 protease, S1P, DegS), then within the membrane itself (site-2 protease, S2P, RseP), while cytoplasmic proteases finish degrading the anti-sigma factor, liberating sigma-E	rseA	ko:K03597	-
WP_008803764	T	Positive regulator of	rseC	ko:K03803	-
WP_008803765	M	Required for accurate and efficient protein synthesis under certain stress conditions. May act as a fidelity factor of the translation reaction, by catalyzing a one-codon backward translocation of tRNAs on improperly translocated ribosomes. Back- translocation proceeds from a post-translocation (POST) complex to a pre-translocation (PRE) complex, thus giving elongation factor G a second chance to translocate the tRNAs correctly. Binds to ribosomes in a GTP-dependent manner	lepA	ko:K03596	ko05134,map05134
WP_008803766	U	Belongs to the peptidase S26 family	lepB	ko:K03100	ko02024,ko03060,map02024,map03060
WP_008803768	J	An essential GTPase that binds both GDP and GTP, with rapid nucleotide exchange. Plays a role in 16S rRNA processing and 30S ribosomal subunit biogenesis and possibly also in cell cycle regulation and energy metabolism	era	ko:K03595	-
WP_008803781	E	Catalyzes the reversible interconversion of serine and glycine with tetrahydrofolate (THF) serving as the one-carbon carrier. This reaction serves as the major source of one-carbon groups required for the biosynthesis of purines, thymidylate, methionine, and other important biomolecules. Also exhibits THF- independent aldolase activity toward beta-hydroxyamino acids, producing glycine and aldehydes, via a retro-aldol mechanism	glyA	ko:K00600	ko00260,ko00460,ko00630,ko00670,ko00680,ko01100,ko01110,ko01120,ko01130,ko01200,ko01230,ko01523,map00260,map00460,map00630,map00670,map00680,map01100,map01110,map01120,map01130,map01200,map01230,map01523
WP_008803783	EGP	Major facilitator superfamily	hcaT	ko:K00286,ko:K05820	ko00330,ko01100,ko01110,ko01130,ko01230,map00330,map01100,map01110,map01130,map01230
WP_008803788	G	Inositol monophosphatase	suhB	ko:K01092	ko00521,ko00562,ko01100,ko04070,map00521,map00562,map01100,map04070
WP_008803790	K	Regulates the transcription of several operons and genes involved in the biogenesis of Fe-S clusters and Fe-S-containing proteins	iscR	ko:K13643	-
WP_008803791	E	Master enzyme that delivers sulfur to a number of partners involved in Fe-S cluster assembly, tRNA modification or cofactor biosynthesis. Catalyzes the removal of elemental sulfur atoms from cysteine to produce alanine. Functions as a sulfur delivery protein for Fe-S cluster synthesis onto IscU, an Fe-S scaffold assembly protein, as well as other S acceptor proteins	iscS	ko:K04487	ko00730,ko01100,ko04122,map00730,map01100,map04122
WP_008803792	O	Co-chaperone involved in the maturation of iron-sulfur cluster-containing proteins. Seems to help targeting proteins to be folded toward HscA	hscB	ko:K04082	-
WP_008803795	S	enhanced serine sensitivity protein SseB	sseB	-	-
WP_008803802	J	Specifically methylates position 2 of adenine 2503 in 23S rRNA and position 2 of adenine 37 in tRNAs	rlmN	ko:K06941	-
WP_008803805	I	Converts 2C-methyl-D-erythritol 2,4-cyclodiphosphate (ME-2,4cPP) into 1-hydroxy-2-methyl-2-(E)-butenyl 4-diphosphate	ispG	ko:K03526	ko00900,ko01100,ko01110,ko01130,map00900,map01100,map01110,map01130
WP_008803807	M	Part of the outer membrane protein assembly complex, which is involved in assembly and insertion of beta-barrel proteins into the outer membrane	bamB	ko:K17713	-
WP_008803808	S	GTPase that plays an essential role in the late steps of ribosome biogenesis	der	ko:K03977	-
WP_008803811	F	Catalyzes the synthesis of GMP from XMP	guaA	ko:K01951	ko00230,ko00983,ko01100,map00230,map00983,map01100
WP_008803822	T	cyclic-guanylate-specific phosphodiesterase activity	yfgF	-	-
WP_008803823	FP	Catalyzes the conversion of pppGpp to ppGpp. Guanosine pentaphosphate (pppGpp) is a cytoplasmic signaling molecule which together with ppGpp controls the stringent response , an adaptive process that allows bacteria to respond to amino acid starvation, resulting in the coordinated regulation of numerous cellular activities	ppx	ko:K01524	ko00230,map00230
WP_008803825	F	Phosphoribosylformylglycinamidine cyclo-ligase	purM	ko:K01933	ko00230,ko01100,ko01110,ko01130,map00230,map01100,map01110,map01130
WP_008803830	P	arsenate reductase	arsC	ko:K00537	-
WP_008803831	S	Functions as both a chaperone and a metalloprotease. Maintains the integrity of the outer membrane by promoting either the assembly or the elimination of outer membrane proteins, depending on their folding state	bepA	-	-
WP_008803833	O	PFAM alkyl hydroperoxide reductase Thiol specific antioxidant Mal allergen	bcp	ko:K03564	-
WP_008803834	M	Part of the outer membrane protein assembly complex, which is involved in assembly and insertion of beta-barrel proteins into the outer membrane	bamC	ko:K07287	-
WP_008803838	P	Belongs to the ArsC family	yffB	ko:K00537	-
WP_008803840	C	Glutamate synthase	gltD	ko:K00266	ko00250,ko00910,ko01100,ko01110,ko01120,ko01130,ko01230,map00250,map00910,map01100,map01110,map01120,map01130,map01230
WP_008803841	S	Protein of unknown function (DUF1176)	ypfG	-	-
WP_008803842	G	Catalyzes the transfer of a two-carbon ketol group from a ketose donor to an aldose acceptor, via a covalent intermediate with the cofactor thiamine pyrophosphate	tktA	ko:K00615	ko00030,ko00710,ko01051,ko01100,ko01110,ko01120,ko01130,ko01200,ko01230,map00030,map00710,map01051,map01100,map01110,map01120,map01130,map01200,map01230
WP_008803843	G	Transaldolase is important for the balance of metabolites in the pentose-phosphate pathway	talA	ko:K00616	ko00030,ko01100,ko01110,ko01120,ko01130,ko01200,ko01230,map00030,map01100,map01110,map01120,map01130,map01200,map01230
WP_008803844	C	Malic enzyme	maeB	ko:K00027,ko:K00029	ko00620,ko00710,ko01100,ko01120,ko01200,ko02020,map00620,map00710,map01100,map01120,map01200,map02020
WP_008803853	E	ethanolamine utilization protein	eutH	ko:K04023	-
WP_008803857	E	Carboxysome structural protein involved in ethanolamine utilization	eutL	ko:K04026	-
WP_008803861	M	N-acetylmuramoyl-L-alanine amidase	amiA	ko:K01448	ko01503,map01503
WP_008803862	S	membrane	yfeZ	-	-
WP_008803863	S	Lipoprotein	yfeY	-	-
WP_008803866	P	Thiosulfate transporter subunit	cysP	ko:K02048	ko00920,ko02010,map00920,map02010
WP_008803867	P	(ABC) transporter	cysW	ko:K02047	ko00920,ko02010,map00920,map02010
WP_008803870	S	SnoaL-like domain	yybH	-	-
WP_008803873	G	pts system	crr	ko:K02777	ko00010,ko00500,ko00520,ko02026,ko02060,ko05111,map00010,map00500,map00520,map02026,map02060,map05111
WP_008803874	G	General (non sugar-specific) component of the phosphoenolpyruvate-dependent sugar phosphotransferase system (sugar PTS). This major carbohydrate active-transport system catalyzes the phosphorylation of incoming sugar substrates concomitantly with their translocation across the cell membrane. Enzyme I transfers the phosphoryl group from phosphoenolpyruvate (PEP) to the phosphoryl carrier protein (HPr)	ptsI	ko:K08483	ko02060,map02060
WP_008803876	U	High affinity, high specificity proton-dependent sulfate transporter, which mediates sulfate uptake. Provides the sulfur source for the cysteine synthesis pathway	cysZ	ko:K06203	-
WP_008803879	S	Bile acid sodium symporter	yfeH	ko:K14347	-
WP_008803880	K	transcriptional regulator	yfeR	ko:K17737	-
WP_008803881	J	Catalyzes the attachment of glutamate to tRNA(Glu) in a two-step reaction glutamate is first activated by ATP to form Glu-AMP and then transferred to the acceptor end of tRNA(Glu)	gltX	ko:K01885	ko00860,ko00970,ko01100,ko01110,ko01120,map00860,map00970,map01100,map01110,map01120
WP_008803882	L	Putative transcription regulator (DUF1323)	yfeD	-	-
WP_008803883	L	Negative Regulator	yfeC	-	-
WP_008803886	P	H( )-stimulated, divalent metal cation uptake system	mntH	ko:K03322	-
WP_008803887	S	Protein of unknown function (DUF2502)	ypeC	-	-
WP_008803888	C	reductase	yghZ	ko:K19265	-
WP_008803894	E	aminotransferase	yfdZ	ko:K14261	-
WP_008803900	P	Formate nitrite	yfdC	ko:K21990	-
WP_008803901	M	Lipoprotein	vacJ	ko:K04754	-
WP_008803906	T	phosphohistidine phosphatase	sixA	ko:K08296	-
WP_008803909	E	Catalyzes the anti-1,4-elimination of the C-3 phosphate and the C-6 proR hydrogen from 5-enolpyruvylshikimate-3-phosphate (EPSP) to yield chorismate, which is the branch point compound that serves as the starting substrate for the three terminal pathways of aromatic amino acid biosynthesis. This reaction introduces a second double bond into the aromatic ring system	aroC	ko:K01736	ko00400,ko01100,ko01110,ko01130,ko01230,map00400,map01100,map01110,map01130,map01230
WP_008803910	M	Murein endopeptidase that cleaves the D-alanyl-meso-2,6- diamino-pimelyl amide bond that connects peptidoglycan strands. Likely plays a role in the removal of murein from the sacculus	mepA	ko:K07261	-
WP_008803911	S	membrane transporter protein	yfcA	ko:K07090,ko:K11312	-
WP_008803913	S	YfcL protein	yfcL	-	-
WP_008803915	I	Catalyzes the condensation reaction of fatty acid synthesis by the addition to an acyl acceptor of two carbons from malonyl-ACP	fabB	ko:K00647	ko00061,ko00780,ko01100,ko01212,map00061,map00780,map01100,map01212
WP_008803918	G	PTS system, cellobiose-specific IIb component	gmuB_2	ko:K02760	ko00500,ko02060,map00500,map02060
WP_008803923	H	Catalyzes the oxidation of erythronate-4-phosphate to 3- hydroxy-2-oxo-4-phosphonooxybutanoate	pdxB	ko:K03473	ko00750,ko01100,map00750,map01100
WP_008803925	J	Formation of pseudouridine at positions 38, 39 and 40 in the anticodon stem and loop of transfer RNAs	truA	ko:K06173	-
WP_008803928	D	Non-essential cell division protein that could be required for efficient cell constriction	dedD	ko:K03749	-
WP_008803929	H	Flavin prenyltransferase that catalyzes the synthesis of the prenylated FMN cofactor (prenyl-FMN) for 4-hydroxy-3- polyprenylbenzoic acid decarboxylase UbiD. The prenyltransferase is metal-independent and links a dimethylallyl moiety from dimethylallyl monophosphate (DMAP) to the flavin N5 and C6 atoms of FMN	ubiX	ko:K03186	ko00130,ko00627,ko00940,ko01100,ko01110,ko01120,ko01220,map00130,map00627,map00940,map01100,map01110,map01120,map01220
WP_008803930	ET	belongs to the bacterial solute-binding protein 3 family	argT	ko:K09996,ko:K10013,ko:K10014	ko02010,map02010
WP_008803931	E	abc transporter atp-binding protein	hisP	ko:K10017	ko02010,map02010
WP_008803940	F	Catalyzes the formation of acetyl phosphate from acetate and ATP. Can also catalyze the reverse reaction	ackA	ko:K00925,ko:K00932	ko00430,ko00620,ko00640,ko00680,ko00720,ko01100,ko01120,ko01200,map00430,map00620,map00640,map00680,map00720,map01100,map01120,map01200
WP_008803942	S	Phosphatase	yfbT	ko:K19270	-
WP_008803943	P	COG0471 Di- and tricarboxylate transporters	yfbS	-	-
WP_008803944	E	in Corynebacterium glutamicum this protein can use glutamate, 2-aminobutyrate, and aspartate as amino donors and pyruvate as the acceptor'	alaA	ko:K14260	ko00220,ko00250,ko00290,ko01100,ko01110,ko01130,ko01210,ko01230,map00220,map00250,map00290,map01100,map01110,map01130,map01210,map01230
WP_008803945	K	Transcriptional regulator	lrhA	-	-
WP_008803946	C	NDH-1 shuttles electrons from NADH, via FMN and iron- sulfur (Fe-S) centers, to quinones in the respiratory chain. The immediate electron acceptor for the enzyme in this species is believed to be ubiquinone. Couples the redox reaction to proton translocation (for every two electrons transferred, four hydrogen ions are translocated across the cytoplasmic membrane), and thus conserves the redox energy in a proton gradient	nuoC	ko:K13378	ko00190,ko01100,map00190,map01100
WP_008803947	C	NADH-quinone oxidoreductase	nuoG	ko:K00336	ko00190,ko01100,map00190,map01100
WP_008803948	C	NDH-1 shuttles electrons from NADH, via FMN and iron- sulfur (Fe-S) centers, to quinones in the respiratory chain. The immediate electron acceptor for the enzyme in this species is believed to be ubiquinone. Couples the redox reaction to proton translocation (for every two electrons transferred, four hydrogen ions are translocated across the cytoplasmic membrane), and thus conserves the redox energy in a proton gradient	nuoI	ko:K00338	ko00190,ko01100,map00190,map01100
WP_008803950	C	NADH ubiquinone oxidoreductase subunit	nuoM	ko:K00342	ko00190,ko01100,map00190,map01100
WP_008803951	C	NDH-1 shuttles electrons from NADH, via FMN and iron- sulfur (Fe-S) centers, to quinones in the respiratory chain. The immediate electron acceptor for the enzyme in this species is believed to be ubiquinone. Couples the redox reaction to proton translocation (for every two electrons transferred, four hydrogen ions are translocated across the cytoplasmic membrane), and thus conserves the redox energy in a proton gradient	nuoN	ko:K00343	ko00190,ko01100,map00190,map01100
WP_008803957	H	Converts o-succinylbenzoyl-CoA (OSB-CoA) to 1,4- dihydroxy-2-naphthoyl-CoA (DHNA-CoA)	menB	ko:K01661	ko00130,ko01100,ko01110,map00130,map01100,map01110
WP_008803962	S	Belongs to the CinA family	yfaY	-	-
WP_008803963	K	Transcriptional regulator	rhmR	-	-
WP_008803964	M	Catalyzes the dehydration of L-rhamnonate to 2-keto-3- deoxy-L-rhamnonate (KDR)	rhmD	ko:K12661	ko00051,ko01120,map00051,map01120
WP_008803972	F	Provides the precursors necessary for DNA synthesis. Catalyzes the biosynthesis of deoxyribonucleotides from the corresponding ribonucleotides	nrdA	ko:K00525	ko00230,ko00240,ko01100,map00230,map00240,map01100
WP_008803974	L	A type II topoisomerase that negatively supercoils closed circular double-stranded (ds) DNA in an ATP-dependent manner to modulate DNA topology and maintain chromosomes in an underwound state. Negative supercoiling favors strand separation, and DNA replication, transcription, recombination and repair, all of which involve strand separation. Also able to catalyze the interconversion of other topological isomers of dsDNA rings, including catenanes and knotted rings. Type II topoisomerases break and join 2 DNA strands simultaneously in an ATP-dependent manner	gyrA	ko:K02469	-
WP_008803977	M	Belongs to the Gram-negative porin family	ompC	ko:K09475,ko:K09476,ko:K11929,ko:K14062	ko01501,ko02020,map01501,map02020
WP_008803985	M	General inhibitor of pancreatic serine proteases inhibits chymotrypsin, trypsin, elastases, factor X, kallikrein as well as a variety of other proteases	eco	ko:K08276	-
WP_008803986	S	permease	VP2476	-	-
WP_008803987	S	-	-	-	-
WP_008803988	E	(ABC) transporter	tcyC	ko:K02028,ko:K02029,ko:K10004,ko:K10010,ko:K10038,ko:K16960,ko:K16963	ko02010,ko02020,map02010,map02020
WP_008803994	S	Hydrolase of alkaline phosphatase superfamily	yejM	ko:K07014	-
WP_008803995	S	Nucleoid-associated protein	ndpA	ko:K06899	-
WP_008803999	K	Transcriptional regulator	-	-	-
WP_008804000	J	This is one of the proteins that binds to the 5S RNA in the ribosome where it forms part of the central protuberance	rplY	ko:K02897	ko03010,map03010
WP_008804003	EGP	Major facilitator superfamily	bcr	ko:K07552	-
WP_008804006	P	ABC transporter (permease)	yejB	ko:K13894	ko02010,map02010
WP_008804009	I	Involved in the modification of the lipid A domain of lipopolysaccharides (LPS). Transfers a phosphate group from undecaprenyl pyrophosphate (C55-PP) to lipid A to form lipid A 1- diphosphate. Contributes to the recycling of undecaprenyl phosphate (C55-P)	lpxT	ko:K19803	-
WP_008804012	G	Catalyzes the dehydration of D-mannonate	uxuA	ko:K01686	ko00040,ko01100,map00040,map01100
WP_008804013	S	Fe-S-cluster oxidoreductase	yeiW	ko:K06940	-
WP_008804014	K	LysR substrate binding domain	-	-	-
WP_008804017	EGP	sugar efflux transporter	setB	ko:K03291	-
WP_008804021	K	transcriptional regulator	yeiE	-	-
WP_008804022	E	amino acid	lysP	ko:K11733,ko:K16235	-
WP_008804024	S	Serine hydrolase involved in the detoxification of formaldehyde	yeiG	ko:K01070	ko00680,ko01120,ko01200,map00680,map01120,map01200
WP_008804025	F	GTP cyclohydrolase	folE	ko:K01495	ko00790,ko01100,map00790,map01100
WP_008804026	S	Membrane	yeiB	ko:K07148	-
WP_008804028	G	Wtih MglAC is involved in the transport of beta-methylgalactoside	mglB	ko:K10439,ko:K10540,ko:K17205,ko:K17213	ko02010,ko02030,map02010,map02030
WP_008804029	P	import. Responsible for energy coupling to the transport system	mglA	ko:K02056,ko:K10441,ko:K10542,ko:K10545,ko:K10562,ko:K17204,ko:K17215	ko02010,map02010
WP_008804033	S	Vancomycin high temperature exclusion protein	sanA	ko:K03748	-
WP_008804035	M	effector of murein hydrolase	yohK	-	-
WP_008804039	G	Belongs to the glycosyl hydrolase 1 family	bglB	ko:K01223,ko:K05350	ko00010,ko00460,ko00500,ko00940,ko01100,ko01110,map00010,map00460,map00500,map00940,map01100,map01110
WP_008804042	S	Membrane	yohD	-	-
WP_008804043	S	Membrane	yohC	-	-
WP_008804045	M	N-acetyltransferase	pat	ko:K03823	ko00440,ko01130,map00440,map01130
WP_008804046	C	Catalyzes the oxidation of D-lactate to pyruvate	dld	ko:K03777	ko00620,ko01120,map00620,map01120
WP_008804048	M	Periplasmic glycine betaine choline-binding (lipo)protein of an ABC-type transport system (osmoprotectant binding protein)	yehZ	ko:K05845	ko02010,map02010
WP_008804052	KT	Response regulator of the LytR AlgR family	yehT	ko:K02477,ko:K07705	ko02020,map02020
WP_008804053	S	protein conserved in bacteria	-	-	-
WP_008804064	H	phosphomethylpyrimidine kinase	thiD	ko:K00941	ko00730,ko01100,map00730,map01100
WP_008804075	I	the in vivo substrate is	yegS	-	-
WP_008804076	O	protease	yegQ	ko:K08303	ko05120,map05120
WP_008804077	T	Histidine kinase	baeS	ko:K07642	ko02020,map02020
WP_008804082	U	Belongs to the dicarboxylate amino acid cation symporter (DAACS) (TC 2.A.23) family	-	-	-
WP_008804083	K	response regulator	-	-	-
WP_008804104	M	epimerase dehydratase	wbnF	ko:K08679,ko:K17947	ko00520,ko00523,ko01100,ko01130,map00520,map00523,map01100,map01130
WP_008804111	E	Catalyzes the hydrolysis of the adenine ring of phosphoribosyl-AMP	hisI	ko:K11755	ko00340,ko01100,ko01110,ko01230,map00340,map01100,map01110,map01230
WP_008804112	E	IGPS catalyzes the conversion of PRFAR and glutamine to IGP, AICAR and glutamate. The HisF subunit catalyzes the cyclization activity that produces IGP and AICAR from PRFAR using the ammonia provided by the HisH subunit	hisF	ko:K01663,ko:K02500	ko00340,ko01100,ko01110,ko01230,map00340,map01100,map01110,map01230
WP_008804114	E	Histidine biosynthesis bifunctional protein HisB	hisB	ko:K01089,ko:K01693	ko00340,ko01100,ko01110,ko01230,map00340,map01100,map01110,map01230
WP_008804115	E	Catalyzes the sequential NAD-dependent oxidations of L- histidinol to L-histidinaldehyde and then to L-histidine	hisD	ko:K00013	ko00340,ko01100,ko01110,ko01230,map00340,map01100,map01110,map01230
WP_008804116	GM	COG0451 Nucleoside-diphosphate-sugar epimerases	yeeZ	-	-
WP_008804119	C	cofactor biosynthesis protein NifB	nifB	ko:K02585	-
WP_008804122	C	Low-potential electron donor to a number of redox enzymes	nifF	ko:K03839	-
WP_008804125	S	Nitrogen fixation protein NifW	nifW	ko:K02595	-
WP_008804129	S	Nitrogen fixation protein	nifX	ko:K02596	-
WP_008804136	K	transcriptional regulator	yczG	-	-
WP_008804142	H	Joins adenosylcobinamide-GDP and alpha-ribazole to generate adenosylcobalamin (Ado-cobalamin). Also synthesizes adenosylcobalamin 5'-phosphate from adenosylcobinamide-GDP and alpha-ribazole 5'-phosphate	cobS	ko:K02233	ko00860,ko01100,map00860,map01100
WP_008804146	S	tautomerase	-	-	-
WP_008804152	P	Domain of unknown function (DUF1971)	yeaR	-	-
WP_008804165	T	Toxic component of a toxin-antitoxin (TA) module	pemK	ko:K07171,ko:K18841	-
WP_008804168	S	Phage derived protein Gp49-like (DUF891)	-	-	-
WP_008804170	F	Catalyzes the hydrolysis of the N-glycosidic bond of AMP to form adenine and ribose 5-phosphate. Involved in regulation of AMP concentrations	amn	ko:K01241	ko00230,map00230
WP_008804171	S	Polymyxin resistance protein PmrD	pmrD	ko:K19238	ko01503,map01503
WP_008804180	H	ThiS family	-	ko:K03636	ko04122,map04122
WP_008804182	T	signal-transduction protein containing cAMP-binding and CBS domains	srpI	-	-
WP_008804191	E	(ABC) transporter	-	ko:K02028,ko:K02029,ko:K10004,ko:K10010,ko:K10038	ko02010,ko02020,map02010,map02020
WP_008804199	C	Belongs to the MtfA family	mtfA	ko:K09933	-
WP_008804200	M	Belongs to the Gram-negative porin family	ompS1	ko:K09475,ko:K09476,ko:K11929,ko:K14062	ko01501,ko02020,map01501,map02020
WP_008804201	S	-	yedR	-	-
WP_008804204	L	May nick specific sequences that contain T G mispairs resulting from m5C-deamination	vsr	ko:K07458	-
WP_008804206	S	protein conserved in bacteria	yedI	ko:K09781	-
WP_008804210	K	Component of the Rcs signaling system, which controls transcription of numerous genes. Binds, with RcsB, to the RcsAB box to regulate expression of genes	rcsA	ko:K07781	ko02020,ko02024,ko02026,map02020,map02024,map02026
WP_008804212	G	Cytoplasmic alpha-amylase	amyA	ko:K01176	ko00500,ko01100,ko04973,map00500,map01100,map04973
WP_008804213	ET	Belongs to the bacterial solute-binding protein 3 family	fliY	ko:K02424	ko02010,map02010
WP_008804215	P	amino acid ABC transporter	yecS	ko:K02029,ko:K10009	ko02010,map02010
WP_008804216	E	(ABC) transporter	yecC	ko:K02028,ko:K02029,ko:K10004,ko:K10010,ko:K10038	ko02010,ko02020,map02010,map02020
WP_008804217	K	Transcriptional	sdiA	ko:K07782,ko:K15852,ko:K18099,ko:K19734	ko02020,ko02024,ko02025,ko02026,map02020,map02024,map02025,map02026
WP_008804219	I	Belongs to the CDP-alcohol phosphatidyltransferase class-I family	pgsA	ko:K00995,ko:K08744	ko00564,ko01100,map00564,map01100
WP_008804232	P	Part of the ABC transporter complex AraFGH involved in arabinose import. Responsible for energy coupling to the transport system	araG	ko:K10441,ko:K10539	ko02010,map02010
WP_008804233	G	Removes the phosphate from trehalose 6-phosphate to produce free trehalose	otsB	ko:K01087	ko00500,ko01100,map00500,map01100
WP_008804234	G	Probably involved in the osmoprotection via the biosynthesis of trehalose. Catalyzes the transfer of glucose from UDP-glucose (UDP-Glc) to D-glucose 6-phosphate (Glc-6-P) to form trehalose-6-phosphate. Acts with retention of the anomeric configuration of the UDP-sugar donor	otsA	ko:K00697	ko00500,ko01100,map00500,map01100
WP_008804239	S	protein conserved in bacteria	yecM	ko:K09907	-
WP_008804240	P	Participates in the control of copper homeostasis	cutC	ko:K06201	-
WP_008804241	J	Catalyzes carboxymethyl transfer from carboxy-S- adenosyl-L-methionine (Cx-SAM) to 5-hydroxyuridine (ho5U) to form 5-carboxymethoxyuridine (cmo5U) at position 34 in tRNAs	cmoB	ko:K15257	-
WP_008804242	Q	Catalyzes the conversion of S-adenosyl-L-methionine (SAM) to carboxy-S-adenosyl-L-methionine (Cx-SAM)	cmoA	ko:K15256	-
WP_008804243	S	relative of glutathione S-transferase, MAPEG superfamily	yecN	ko:K07136	-
WP_008804245	Q	Hydrolase	yecD	-	-
WP_008804246	J	L-aspartate is first activated by ATP to form Asp-AMP and then transferred to the acceptor end of tRNA(Asp)	aspS	ko:K01876	ko00970,map00970
WP_008804247	L	Nuclease that resolves Holliday junction intermediates in genetic recombination. Cleaves the cruciform structure in supercoiled DNA by nicking to strands with the same polarity at sites symmetrically opposed at the junction in the homologous arms and leaves a 5'-terminal phosphate and a 3'-terminal hydroxyl group	ruvC	ko:K01159	ko03440,map03440
WP_008804249	P	COG1108 ABC-type Mn2 Zn2 transport systems permease components	znuB	ko:K09816	ko02010,map02010
WP_008804251	P	ABC-type Zn2 transport system, periplasmic component surface adhesin	znuA	ko:K09815	ko02010,map02010
WP_008804253	M	Catalyzes the transfer of myristate from myristoyl-acyl carrier protein (ACP) to Kdo(2)-(lauroyl)-lipid IV(A) to form Kdo(2)-lipid A	lpxM	ko:K02560	ko00540,ko01100,map00540,map01100
WP_008804257	U	Uptake of citrate across the boundary membrane with the concomitant uptake of a sodium ion (symport system)	maeN	ko:K11616	ko02020,map02020
WP_008804260	G	Catalyzes the oxidation of glucose 6-phosphate to 6- phosphogluconolactone	zwf	ko:K00036	ko00030,ko00480,ko01100,ko01110,ko01120,ko01130,ko01200,ko05230,map00030,map00480,map01100,map01110,map01120,map01130,map01200,map05230
WP_008804261	EG	Belongs to the IlvD Edd family	edd	ko:K01690	ko00030,ko01100,ko01120,ko01200,map00030,map01100,map01120,map01200
WP_008804271	S	exported protein	yebY	-	-
WP_008804276	S	paraquat-inducible protein A	yebS	ko:K03808	-
WP_008804278	T	RNA chaperone with significant RNA binding, RNA strand exchange and RNA duplexing activities	proQ	ko:K03607	-
WP_008804279	M	Belongs to the peptidase S41A family	prc	ko:K03797	-
WP_008804280	O	Belongs to the peptidase M48B family	htpX	ko:K03799	-
WP_008804282	K	transcriptional regulator	kdgR	ko:K19333	-
WP_008804283	S	YobH-like protein	yobH	-	-
WP_008804287	P	Probably functions as a manganese efflux pump	mntP	-	-
WP_008804288	S	UPF0266 membrane protein	yobD	-	-
WP_008804290	P	membrane protein, terc	yoaE	-	-
WP_008804292	L	NUDIX hydrolase	nudL	-	-
WP_008804294	S	Belongs to the UPF0181 family	yoaH	ko:K09917	-
WP_008804296	O	COG1214 Inactive homolog of metal-dependent proteases	yeaZ	ko:K14742	-
WP_008804297	M	Outer Membrane Lipoprotein	slp	ko:K07285	-
WP_008804300	D	Belongs to the ParA family	minD	ko:K03609	-
WP_008804301	D	Cell division inhibitor that blocks the formation of polar Z ring septums. Rapidly oscillates between the poles of the cell to destabilize FtsZ filaments that have formed before they mature into polar Z rings. Prevents FtsZ polymerization	minC	ko:K03610	-
WP_008804304	S	Belongs to the UPF0260 family	ycgN	ko:K09160	-
WP_008804305	O	Required for disulfide bond formation in some periplasmic proteins. Acts by oxidizing the DsbA protein	dsbB	ko:K03611	-
WP_008804311	P	K( ) H( ) antiporter that extrudes potassium in exchange for external protons and maintains the internal concentration of potassium under toxic levels	nhaP2	ko:K11105	-
WP_008804312	V	proteins, homologs of microcin C7 resistance protein MccF	ldcA	ko:K01297	-
WP_008804313	M	Murein-degrading enzyme. May play a role in recycling of muropeptides during cell elongation and or cell division. Preferentially cleaves at a distance of more than two disaccharide units from the ends of the glycan chain	emtA	ko:K08308	-
WP_008804317	G	Provides the cells with the ability to utilize trehalose at high osmolarity by splitting it into glucose molecules that can subsequently be taken up by the phosphotransferase-mediated uptake system	treA	ko:K01194	ko00500,ko01100,map00500,map01100
WP_008804319	E	Transglutaminase	-	-	-
WP_008804320	O	PFAM 20S proteasome, A and B subunits	-	ko:K07395	-
WP_008804321	P	Belongs to the ABC transporter superfamily	-	ko:K10112	ko02010,map02010
WP_008804323	P	ABC-type sugar transport system, permease component	ycjP_3	ko:K02026	-
WP_008804326	GK	Transcriptional regulator	-	-	-
WP_008804327	I	fatty acid desaturase	-	-	-
WP_008804334	K	Transcriptional regulator	tdcA	ko:K07592	-
WP_008804338	E	Belongs to the binding-protein-dependent transport system permease family	livH	ko:K01997	ko02010,ko02024,map02010,map02024
WP_008804341	P	Branched-chain amino acid transport	livF	ko:K01996	ko02010,ko02024,map02010,map02024
WP_008804347	P	ABC transporter substrate-binding protein	-	ko:K02020,ko:K22003	ko00660,ko02010,map00660,map02010
WP_008804348	K	transcriptional regulator	ybhD	-	-
WP_008804353	G	Aldolase	dgoA	ko:K01631	ko00052,ko01100,map00052,map01100
WP_008804354	M	Catalyzes the dehydration of D-galactonate to 2-keto-3- deoxy-D-galactonate	dgoD	ko:K01684	ko00052,ko01100,ko01120,map00052,map01100,map01120
WP_008804380	J	ATPase that binds to both the 70S ribosome and the 50S ribosomal subunit in a nucleotide-independent manner	ychF	ko:K06942	-
WP_008804387	J	Peptide chain release factor 1 directs the termination of translation in response to the peptide chain termination codons UAG and UAA	prfA	ko:K02835	-
WP_008804389	S	Invasion gene expression up-regulator SirB	sirB2	-	-
WP_008804390	S	Transglutaminase-like superfamily	ychA	-	-
WP_008804391	P	Calcium Proton	chaA	ko:K07300	-
WP_008804392	S	Cation transport regulator	chaB	ko:K06197	-
WP_008804394	K	Nitrate and nitrite sensing domain protein	nasR	-	-
WP_008804396	P	ABC-type nitrate sulfonate bicarbonate transport system permease component	ntrB	ko:K15577	ko00910,ko02010,map00910,map02010
WP_008804402	P	nitrate nitrite transporter	narK	ko:K02575	ko00910,map00910
WP_008804405	EG	Multidrug DMT transporter permease	-	-	-
WP_008804406	S	Belongs to the UPF0225 family	ychJ	ko:K09858	-
WP_008804408	T	Regulates the turnover of the sigma S factor (RpoS) by promoting its proteolysis in exponentially growing cells. Acts by binding and delivering RpoS to the ClpXP protease. RssB is not co- degraded with RpoS, but is released from the complex and can initiate a new cycle of RpoS recognition and degradation	rssB	ko:K02485,ko:K07315	-
WP_008804409	M	Utp--glucose-1-phosphate uridylyltransferase	galU	ko:K00963	ko00040,ko00052,ko00500,ko00520,ko01100,ko01130,map00040,map00052,map00500,map00520,map01100,map01130
WP_008804410	F	thymidine kinase	tdk	ko:K00857	ko00240,ko00983,ko01100,map00240,map00983,map01100
WP_008804411	C	belongs to the iron- containing alcohol dehydrogenase family	adhE	ko:K04072	ko00010,ko00071,ko00350,ko00620,ko00625,ko00626,ko00650,ko01100,ko01110,ko01120,ko01130,ko01220,map00010,map00071,map00350,map00620,map00625,map00626,map00650,map01100,map01110,map01120,map01130,map01220
WP_008804412	U	UPF0056 membrane protein	ychE	ko:K05595	-
WP_008804413	E	ABC transporter substrate-binding protein	oppA	ko:K15580	ko01501,ko02010,ko02024,map01501,map02010,map02024
WP_008804414	P	Belongs to the ABC transporter superfamily	oppF	ko:K02032,ko:K10823,ko:K12372	ko01501,ko02010,ko02024,map01501,map02010,map02024
WP_008804416	I	Catalyzes the reversible phosphatidyl group transfer from one phosphatidylglycerol molecule to another to form cardiolipin (CL) (diphosphatidylglycerol) and glycerol	cls	ko:K06131	ko00564,ko01100,map00564,map01100
WP_008804420	T	YciI from Haemophilus influenzae presents crystal structure similarity to a muconolactone isomerase, but does not seem to catalyze any of the	yciI	ko:K05527,ko:K09780	-
WP_008804429	S	endoribonuclease activity	ydiZ	-	-
WP_008804430	H	belongs to the carbohydrate kinase PfkB family	pfkB	ko:K16370	ko00010,ko00030,ko00051,ko00052,ko00680,ko01100,ko01110,ko01120,ko01130,ko01200,ko01230,map00010,map00030,map00051,map00052,map00680,map01100,map01110,map01120,map01130,map01200,map01230
WP_008804431	M	Salt-induced outer membrane protein	ydiY	ko:K07283	-
WP_008804435	J	Belongs to the class-II aminoacyl-tRNA synthetase family. Phe-tRNA synthetase alpha subunit type 1 subfamily	pheS	ko:K01889	ko00970,map00970
WP_008804439	K	Transcriptional regulator	nocR	-	-
WP_008804440	S	antiporter activity	-	-	-
WP_008804442	O	Belongs to the glutathione peroxidase family	btuE	ko:K00432	ko00480,ko00590,ko04918,map00480,map00590,map04918
WP_008804446	E	Stereospecific condensation of phosphoenolpyruvate (PEP) and D-erythrose-4-phosphate (E4P) giving rise to 3-deoxy-D- arabino-heptulosonate-7-phosphate (DAHP)	aroH	ko:K01626	ko00400,ko01100,ko01110,ko01130,ko01230,ko02024,map00400,map01100,map01110,map01130,map01230,map02024
WP_008804451	S	-	-	-	-
WP_008804453	E	Catalyzes the transfer of a methyl group from 5- methyltetrahydrofolate to homocysteine resulting in methionine formation	metE	ko:K00549	ko00270,ko00450,ko01100,ko01110,ko01230,map00270,map00450,map01100,map01110,map01230
WP_008804462	C	Catalyzes the conversion of L-lactate to pyruvate. Is coupled to the respiratory chain	lldD	ko:K00101	ko00620,ko01100,map00620,map01100
WP_008804464	S	Is able to transfer iron-sulfur clusters to apo- ferredoxin. Multiple cycles of 2Fe2S cluster formation and transfer are observed, suggesting that IscA acts catalytically. Recruits intracellular free iron so as to provide iron for the assembly of transient iron-sulfur cluster in IscU in the presence of IscS, L-cysteine and the thioredoxin reductase system	sufA	ko:K05997,ko:K13628	-
WP_008804465	O	FeS assembly protein SufB	sufB	ko:K09014	-
WP_008804468	S	PFAM Fe-S metabolism associated SufE	sufE	ko:K02426,ko:K07125	-
WP_008804472	K	transcriptional regulator	-	-	-
WP_008804475	E	shikimate	-	ko:K00014	ko00400,ko01100,ko01110,ko01130,ko01230,map00400,map01100,map01110,map01130,map01230
WP_008804491	S	Cysteine dioxygenase type I	-	-	-
WP_008804504	ET	ABC transporter substrate-binding protein	glnH	ko:K02030,ko:K10036	ko02010,map02010
WP_008804505	E	amino acid ABC transporter	yecS_2	ko:K02029	-
WP_008804507	J	Endoribonuclease L-PSP	-	-	-
WP_008804511	C	Prokaryotic cytochrome b561	-	ko:K12262	-
WP_008804512	C	serves to protect cells from the toxic effects of hydrogen peroxide	srpA	ko:K03781	ko00380,ko00630,ko01110,ko01130,ko01200,ko04011,ko04016,ko04068,ko04146,ko04211,ko04212,ko04213,ko05014,map00380,map00630,map01110,map01130,map01200,map04011,map04016,map04068,map04146,map04211,map04212,map04213,map05014
WP_008804513	S	-	-	-	-
WP_008804514	K	Transcriptional regulator	yxaF	ko:K16137	-
WP_008804515	E	glyoxalase bleomycin resistance protein dioxygenase	-	-	-
WP_008804516	P	Major facilitator superfamily	-	-	-
WP_008804517	S	amidohydrolase	hipO	-	-
WP_008804521	P	Belongs to the ABC transporter superfamily	-	ko:K02010	ko02010,map02010
WP_008804529	U	Required for the export of heme to the periplasm for the biogenesis of c-type cytochromes	ccmC	ko:K02195	ko02010,map02010
WP_008804532	CO	Thiol disulfide interchange protein	dsbE	ko:K02199	-
WP_008804546	IQ	COG1028 Dehydrogenases with different specificities (related to short-chain alcohol dehydrogenases)	budC	ko:K03366	ko00650,map00650
WP_008804547	EH	Belongs to the TPP enzyme family	alsS	ko:K01652	ko00290,ko00650,ko00660,ko00770,ko01100,ko01110,ko01130,ko01210,ko01230,map00290,map00650,map00660,map00770,map01100,map01110,map01130,map01210,map01230
WP_008804548	Q	Alpha-acetolactate decarboxylase	budA	ko:K01575	ko00650,ko00660,map00650,map00660
WP_008804549	K	transcriptional regulator	budR	ko:K05817,ko:K21757	-
WP_008804551	EG	COG2610 H gluconate symporter and related permeases	yxjC	-	-
WP_008804577	E	Belongs to the class-III pyridoxal-phosphate-dependent aminotransferase family	-	-	-
WP_008804580	E	amino acid	-	-	-
WP_008804585	S	response to cobalt ion	cigR	-	-
WP_008804586	P	Belongs to the ABC transporter superfamily	-	ko:K02032,ko:K10823,ko:K10824,ko:K12372	ko01501,ko02010,ko02024,map01501,map02010,map02024
WP_008804587	P	Belongs to the ABC transporter superfamily	-	ko:K02031,ko:K12371,ko:K15583	ko01501,ko02010,ko02024,map01501,map02010,map02024
WP_008804591	P	Part of the ABC transporter complex MetNIQ involved in methionine import. Responsible for energy coupling to the transport system	metN	ko:K02071	ko02010,map02010
WP_008804594	I	acyl-CoA dehydrogenase	-	-	-
WP_008804599	P	Reversible hydration of carbon dioxide	cynT	ko:K01673	ko00910,map00910
WP_008804612	S	Belongs to the LOG family	VM57_08315	ko:K06966	ko00230,ko00240,map00230,map00240
WP_008804616	M	synthase	cfa	ko:K00574	-
WP_008804621	K	Transcriptional regulator	-	ko:K12243,ko:K13632	ko01503,map01503
WP_008804623	L	Trims short 3' overhangs of a variety of RNA species, leaving a one or two nucleotide 3' overhang. Responsible for the end-turnover of tRNA specifically removes the terminal AMP residue from uncharged tRNA (tRNA-C-C-A). Also appears to be involved in tRNA biosynthesis	rnt	ko:K03683	-
WP_008804626	S	Fe-S protein	ydhL	ko:K06938	-
WP_008804631	K	Transcription regulator that can specifically activate or repress expression of target genes	slyA	ko:K06075	-
WP_008804633	M	Outer Membrane Lipoprotein	slyB	ko:K06077	-
WP_008804634	F	Catalyzes the specific phosphorylation of 1,6-anhydro-N- acetylmuramic acid (anhMurNAc) with the simultaneous cleavage of the 1,6-anhydro ring, generating MurNAc-6-P. Is required for the utilization of anhMurNAc either imported from the medium or derived from its own cell wall murein, and thus plays a role in cell wall recycling	anmK	ko:K09001	-
WP_008804638	H	Pyridoxal kinase involved in the salvage pathway of pyridoxal 5'-phosphate (PLP). Catalyzes the phosphorylation of pyridoxal to PLP	pdxY	ko:K00868	ko00750,ko01100,map00750,map01100
WP_008804641	L	DNA repair enzyme that has both DNA N-glycosylase activity and AP-lyase activity. The DNA N-glycosylase activity releases various damaged pyrimidines from DNA by cleaving the N- glycosidic bond, leaving an AP (apurinic apyrimidinic) site. The AP-lyase activity cleaves the phosphodiester bond 3' to the AP site by a beta-elimination, leaving a 3'-terminal unsaturated sugar and a product with a terminal 5'-phosphate	nth	ko:K10773	ko03410,map03410
WP_008804646	C	Part of a membrane complex involved in electron transport	rnfB	ko:K03616	-
WP_008804647	S	Membrane	ydgK	-	-
WP_008804652	K	transcriptional regulator	yybR_1	-	-
WP_008804655	C	Cytochrome B561	cybB	ko:K12262	-
WP_008804656	C	Belongs to the zinc-containing alcohol dehydrogenase family. Class-III subfamily	frmA	ko:K00121	ko00010,ko00071,ko00350,ko00625,ko00626,ko00680,ko00830,ko00980,ko00982,ko01100,ko01110,ko01120,ko01130,ko01200,ko01220,ko05204,map00010,map00071,map00350,map00625,map00626,map00680,map00830,map00980,map00982,map01100,map01110,map01120,map01130,map01200,map01220,map05204
WP_008804657	G	Dehydrogenase	quiA	ko:K00117,ko:K05358	ko00030,ko00400,ko01100,ko01110,ko01130,map00030,map00400,map01100,map01110,map01130
WP_008804659	Q	protocatechuate 3,4-dioxygenase	pcaG	ko:K00448	ko00362,ko00624,ko01100,ko01120,ko01220,map00362,map00624,map01100,map01120,map01220
WP_008804660	Q	protocatechuate 3,4-dioxygenase	pcaH	ko:K00449	ko00362,ko00624,ko01100,ko01120,ko01220,map00362,map00624,map01100,map01120,map01220
WP_008804661	S	protein conserved in bacteria	ydcJ	-	-
WP_008804662	I	Belongs to the type-B carboxylesterase lipase family	pnbA	ko:K03929	-
WP_008804665	J	COG1670 Acetyltransferases, including N-acetylases of ribosomal proteins	rimL	ko:K03817	-
WP_008804666	JM	COG1208 Nucleoside-diphosphate-sugar pyrophosphorylase involved in lipopolysaccharide biosynthesis translation initiation factor 2B, gamma epsilon subunits eIF-2Bgamma eIF-2Bepsilon	ydcK	-	-
WP_008804671	K	AraC family transcriptional regulator	tetD	ko:K07506	-
WP_008804672	Q	protein involved in benzoate metabolism	ydcO	ko:K05782	-
WP_008804673	K	transcriptional regulator	ydcN	-	-
WP_008804678	C	oxidase, subunit	cioA	ko:K00425	ko00190,ko01100,ko02020,map00190,map01100,map02020
WP_008804680	E	Spermidine putrescine ABC transporter substrate-binding protein	ydcS	ko:K02055	ko02024,map02024
WP_008804683	P	ABC transporter (permease)	ydcV	ko:K02053	ko02024,map02024
WP_008804685	S	-	-	-	-
WP_008804686	S	Toxin GhoT_OrtT	ydcX	-	-
WP_008804690	S	Protein of unknown function (DUF2526)	ydcY	-	-
WP_008804693	K	transcriptional regulator	-	-	-
WP_008804695	G	Belongs to the IUNH family	rihA	ko:K01239,ko:K01250	ko00230,ko00760,ko01100,map00230,map00760,map01100
WP_008804698	S	DNA binding	yncE	-	-
WP_008804699	E	Involved in the transporte of L-asparagine	ansP	ko:K11738	-
WP_008804708	K	N-acetyltransferase	-	ko:K03829	-
WP_008804709	P	amino acid ABC transporter	-	ko:K02029	-
WP_008804710	E	(ABC) transporter	gluA	ko:K02028,ko:K02029,ko:K10004,ko:K10010,ko:K10038	ko02010,ko02020,map02010,map02020
WP_008804712	G	Major Facilitator Superfamily	-	ko:K03535	-
WP_008804719	K	transcriptional regulator	-	ko:K02855	-
WP_008804721	P	ABC transporter substrate-binding protein	-	ko:K02012	ko02010,map02010
WP_008804726	K	transcriptional regulator	-	ko:K02624	-
WP_008804731	Q	COG5517 Small subunit of phenylpropionate dioxygenase	benB	ko:K05550	ko00362,ko00364,ko00622,ko01100,ko01120,ko01220,map00362,map00364,map00622,map01100,map01120,map01220
WP_008804745	P	PFAM binding-protein-dependent transport systems inner membrane component	-	ko:K02033	ko02024,map02024
WP_008804746	E	Extracellular solute-binding protein	-	ko:K02035	ko02024,map02024
WP_008804752	C	Malic enzyme	maeA	ko:K00027,ko:K00029	ko00620,ko00710,ko01100,ko01120,ko01200,ko02020,map00620,map00710,map01100,map01120,map01200,map02020
WP_008804755	S	Protein of unknown function (DUF2543)	ymjA	-	-
WP_008804756	IQ	Dehydrogenases with different specificities (Related to short-chain alcohol dehydrogenases)	yghA	-	-
WP_008804757	S	Stress-induced protein	yciG	ko:K06884	-
WP_008804762	S	Protein involved in biological_process	-	-	-
WP_008804764	Q	PFAM Bacterial OB fold (BOF) protein	ydeI	-	-
WP_008804765	O	redox protein regulator of disulfide bond formation	osmC	ko:K04063	-
WP_008804769	S	Membrane	yneE	ko:K08994	-
WP_008804772	P	Sugar (and other) transporter	-	ko:K08369	-
WP_008804780	H	Ring cyclization and eight-electron oxidation of 3a-(2- amino-2-carboxyethyl)-4,5-dioxo-4,5,6,7,8,9-hexahydroquinoline- 7,9-dicarboxylic-acid to PQQ	pqqC	ko:K06137	-
WP_008804788	E	Belongs to the class-III pyridoxal-phosphate-dependent aminotransferase family	dat	ko:K00836	ko00260,ko01100,ko01120,ko01210,ko01230,map00260,map01100,map01120,map01210,map01230
WP_008804789	P	COG0715 ABC-type nitrate sulfonate bicarbonate transport systems periplasmic components	thiY	ko:K15598	ko02010,map02010
WP_008804790	P	ABC-type nitrate sulfonate bicarbonate transport system permease component	-	ko:K02050,ko:K15554,ko:K15599	ko00920,ko02010,map00920,map02010
WP_008804799	S	-	-	-	-
WP_008804800	F	Guanine deaminase	guaD	ko:K01487	ko00230,ko01100,map00230,map01100
WP_008804801	FH	uracil, thiamine, allantoin	pucI	ko:K03457	-
WP_008804802	K	transcriptional regulator	yncC	-	-
WP_008804804	S	membrane transporter protein	-	ko:K07090	-
WP_008804805	K	transcriptional regulator	-	-	-
WP_008804806	S	EamA-like transporter family	-	ko:K11939	-
WP_008804808	F	Glutamine amidotransferase	guaA_2	ko:K01951	ko00230,ko00983,ko01100,map00230,map00983,map01100
WP_008804809	K	AraC-like ligand binding domain	-	-	-
WP_008804810	S	-	-	-	-
WP_008804812	K	transcriptional regulator	-	-	-
WP_008804813	S	protein conserved in bacteria	-	ko:K09936	ko02024,map02024
WP_008804815	K	SIR2-like domain	-	-	-
WP_008804817	S	-	-	-	-
WP_008804819	O	Belongs to the GST superfamily	gst	ko:K00799	ko00480,ko00980,ko00982,ko00983,ko01524,ko05200,ko05204,ko05225,ko05418,map00480,map00980,map00982,map00983,map01524,map05200,map05204,map05225,map05418
WP_008804820	G	Phosphotransferase System	-	ko:K02760	ko00500,ko02060,map00500,map02060
WP_008804821	I	Catalyzes the condensation reaction of fatty acid synthesis by the addition to an acyl acceptor of two carbons from malonyl-ACP	fabF_2	ko:K09458	ko00061,ko00780,ko01100,ko01212,map00061,map00780,map01100,map01212
WP_008804823	V	multidrug resistance efflux pump	-	ko:K03543	-
WP_008804824	K	transcriptional regulator	-	-	-
WP_008804825	E	Semialdehyde dehydrogenase, NAD binding domain	-	ko:K00133	ko00260,ko00261,ko00270,ko00300,ko01100,ko01110,ko01120,ko01130,ko01210,ko01230,map00260,map00261,map00270,map00300,map01100,map01110,map01120,map01130,map01210,map01230
WP_008804826	K	Acetyltransferase (GNAT) domain	-	ko:K09994	ko00440,map00440
WP_008804827	J	Allows the formation of correctly charged Gln-tRNA(Gln) through the transamidation of misacylated Glu-tRNA(Gln) in organisms which lack glutaminyl-tRNA synthetase. The reaction takes place in the presence of glutamine and ATP through an activated gamma-phospho-Glu-tRNA(Gln)	gatA	ko:K02433,ko:K19837	ko00791,ko00970,ko01100,ko01120,map00791,map00970,map01100,map01120
WP_008804829	K	transcriptional regulator	-	-	-
WP_008804830	E	amino acid ABC transporter, ATP-binding protein	glnQ_2	ko:K02028	-
WP_008804831	E	Serine-pyruvate aminotransferase archaeal aspartate aminotransferase	pucG	ko:K00839	ko00230,map00230
WP_008804832	E	the allantoate amidohydrolase from Escherichia coli forms a dimer and binds zinc ions for catalytic activity and catalyzes the conversion of allantoate to (S)-ureidoglycolate and ammonia	amaB	ko:K02083	ko00230,ko01120,map00230,map01120
WP_008804833	S	COG2070 Dioxygenases related to 2-nitropropane dioxygenase	fabK	ko:K02371	ko00061,ko01100,ko01212,map00061,map01100,map01212
WP_008804834	K	transcriptional regulator	-	ko:K18900	-
WP_008804835	S	-	-	-	-
WP_008804836	C	COG1902 NADH flavin oxidoreductases, Old Yellow Enzyme family	namA	-	-
WP_008804837	S	FAD-NAD(P)-binding	ydhS	-	-
WP_008804838	EGP	Major facilitator superfamily	jen	ko:K08178	-
WP_008804839	EG	Permeases of the drug metabolite transporter (DMT) superfamily	Z012_01315	-	-
WP_008804840	S	Iron-containing redox enzyme	-	-	-
WP_008804841	K	Bacterial regulatory proteins, tetR family	-	-	-
WP_008804842	J	Acetyltransferase (GNAT) domain	-	-	-
WP_008804843	P	Major facilitator superfamily	-	ko:K08177	-
WP_008804844	P	COG0715 ABC-type nitrate sulfonate bicarbonate transport systems, periplasmic components	-	ko:K02051	-
WP_008804845	P	ABC-type nitrate sulfonate bicarbonate transport system permease component	tauC	ko:K02050	-
WP_008804846	P	ABC-type nitrate sulfonate bicarbonate transport system ATPase component	cysA_3	ko:K02049	-
WP_008804847	P	Urea carboxylase-associated protein 2	IV02_09290	ko:K09967	-
WP_008804848	S	urea carboxylase-associated protein 1	ycgI	ko:K09967	-
WP_008804849	EI	Biotin carboxylase	uca	ko:K01941	ko00220,ko00791,ko01100,map00220,map00791,map01100
WP_008804850	J	Allophanate hydrolase	atzF	ko:K01457	ko00220,ko00791,ko01100,ko01120,map00220,map00791,map01100,map01120
WP_008804867	G	Belongs to the binding-protein-dependent transport system permease family	-	ko:K02057	-
WP_008804871	P	ABC transporter (permease)	-	ko:K02033	ko02024,map02024
WP_008804888	S	Bacterial-like globin	-	ko:K06886	-
WP_008804890	S	Nitrile hydratase	scnC	ko:K01721,ko:K20762	ko00364,ko00380,ko00627,ko00643,ko01120,map00364,map00380,map00627,map00643,map01120
WP_008804893	S	Probable cobalt transporter subunit (CbtB)	-	-	-
WP_008804894	S	Probable cobalt transporter subunit (CbtA)	-	-	-
WP_008804897	I	Dehydrogenase	yfjR	ko:K00020	ko00280,ko01100,map00280,map01100
WP_008804902	G	6-phospho-alpha-glucosidase	-	ko:K01222,ko:K01232	ko00010,ko00500,map00010,map00500
WP_008804904	G	phosphotransferase system, IIa	fruB_2	-	-
WP_008804905	S	-	-	-	-
WP_008804908	S	-	-	-	-
WP_008804909	E	Methionine aminopeptidase	map	ko:K01265	-
WP_008804913	S	-	-	-	-
WP_008804920	K	Antitoxin component of a type II toxin-antitoxin (TA) system. Neutralizes the toxic effect of cognate toxin HipA. Also neutralizes the toxic effect of non- cognate toxin YjjJ. Binds to operator sites with the consensus sequence 5-'TATCCN(8)GGATA-3' to repress the hipBA operon promoter	hipB	ko:K15773	-
WP_008804922	S	Ohcu decarboxylase	uraD	ko:K16840	ko00230,ko01100,ko01120,map00230,map01100,map01120
WP_008804925	K	transcriptional regulator	-	-	-
WP_008804931	C	Belongs to the iron ascorbate-dependent oxidoreductase family	efe	-	-
WP_008804932	P	Part of the ABC transporter complex MetNIQ involved in methionine import. Responsible for energy coupling to the transport system	metN3	ko:K02071	ko02010,map02010
WP_008804942	I	decarboxylase	-	ko:K01607	ko00362,ko01100,ko01120,ko01220,map00362,map01100,map01120,map01220
WP_008804944	K	acetyltransferase	-	-	-
WP_008804945	G	Belongs to the mannitol dehydrogenase family. UxaB subfamily	uxaB	ko:K00040,ko:K00041	ko00040,ko01100,map00040,map01100
WP_008804947	T	Diguanylate cyclase	yneF	ko:K21020	ko02025,map02025
WP_008804948	S	Domain of unknown function (DUF4186)	yneG	-	-
WP_008804949	E	Belongs to the glutaminase family	glsA	ko:K01425	ko00220,ko00250,ko00471,ko01100,ko04724,ko04727,ko04964,ko05206,ko05230,map00220,map00250,map00471,map01100,map04724,map04727,map04964,map05206,map05230
WP_008804962	EGP	Involved in the efflux of sugars. The physiological role may be the reduction of the intracellular concentration of toxic sugars or sugar metabolites	sotB	ko:K03445,ko:K08159	-
WP_008804963	K	transcriptional regulator	marR	ko:K03712	-
WP_008804964	S	Multiple antibiotic resistance	marB	ko:K13630	-
WP_008804965	EG	of the drug metabolite transporter (DMT) superfamily	eamA	ko:K03298,ko:K15268	-
WP_008804966	EGP	Major facilitator superfamily	ydeE	-	-
WP_008804968	E	ABC transporter ATP-binding protein	urtE	ko:K11963	ko02010,map02010
WP_008804969	E	Belongs to the binding-protein-dependent transport system permease family	urtC	ko:K01998,ko:K11961	ko02010,ko02024,map02010,map02024
WP_008804973	P	Rhodanese	-	-	-
WP_008804978	P	Major facilitator superfamily	-	ko:K02532	-
WP_008804980	S	-	-	-	-
WP_008804982	K	transcriptional regulator	ygbI	ko:K03436	-
WP_008804983	I	Dehydrogenase	ygbJ	ko:K08319	-
WP_008804987	EG	Gluconate	ygbN	ko:K03299	-
WP_008804989	K	luxr family transcriptional regulator	-	-	-
WP_008805005	S	Belongs to the short-chain dehydrogenases reductases (SDR) family	ydfG	ko:K15373,ko:K16066	ko00240,ko00260,ko00430,ko01100,map00240,map00260,map00430,map01100
WP_008805006	K	transcriptional regulator	ydfH	ko:K22293	-
WP_008805007	T	Universal stress protein	-	ko:K11932	-
WP_008805012	J	Catalyzes the formation of N(1)- and N(8)-acetylspermidine from spermidine	speG	ko:K00657	ko00330,ko01100,ko04216,map00330,map01100,map04216
WP_008805013	M	UPF0257 lipoprotein	ynfC	-	-
WP_008805014	S	membrane	ynfD	-	-
WP_008805016	C	reductase chain B	dmsB	ko:K07307	ko00920,map00920
WP_008805018	S	Required for biogenesis assembly of DMSO reductase, but not for the interaction of the DmsA signal peptide with the Tat system. May be part of a chaperone cascade complex that facilitates a folding-maturation pathway for the substrate protein	dmsD	-	-
WP_008805023	EGP	Major facilitator superfamily	ynfM	ko:K08224	-
WP_008805028	U	Catalyzes the excretion of spermidine	mdtI	ko:K11742	-
WP_008805029	U	Catalyzes the excretion of spermidine	mdtJ	ko:K11743	-
WP_008805031	I	Malonate decarboxylase	mdcA	ko:K13929	-
WP_008805041	S	Specifically catalyzes the cleavage of the D-lactyl ether substituent of MurNAc 6-phosphate, producing GlcNAc 6- phosphate and D-lactate	-	ko:K07106	ko00520,ko01100,map00520,map01100
WP_008805043	K	Transcriptional Regulatory protein	dcuR	ko:K02475,ko:K07703,ko:K11615	ko02020,map02020
WP_008805045	C	NADH flavin oxidoreductase	fccA	ko:K00244	ko00020,ko00190,ko00620,ko00650,ko00720,ko01100,ko01110,ko01120,ko01130,ko01200,ko02020,map00020,map00190,map00620,map00650,map00720,map01100,map01110,map01120,map01130,map01200,map02020
WP_008805052	I	Catalyzes the final step of fatty acid oxidation in which acetyl-CoA is released and the CoA ester of a fatty acid two carbons shorter is formed	pcaF	ko:K00626,ko:K00632,ko:K02615,ko:K07823	ko00071,ko00072,ko00280,ko00281,ko00310,ko00360,ko00362,ko00380,ko00592,ko00620,ko00630,ko00640,ko00642,ko00650,ko00720,ko00900,ko01100,ko01110,ko01120,ko01130,ko01200,ko01212,ko02020,map00071,map00072,map00280,map00281,map00310,map00360,map00362,map00380,map00592,map00620,map00630,map00640,map00642,map00650,map00720,map00900,map01100,map01110,map01120,map01130,map01200,map01212,map02020
WP_008805054	I	COG1788 Acyl CoA acetate 3-ketoacid CoA transferase, alpha subunit	pcaI	ko:K01027,ko:K01028,ko:K01031	ko00072,ko00280,ko00362,ko00650,ko01100,ko01120,map00072,map00280,map00362,map00650,map01100,map01120
WP_008805055	K	transcriptional regulator	pcaR	ko:K02624	-
WP_008805056	S	protein conserved in bacteria	ydaL	-	-
WP_008805057	K	transcriptional regulator	abgR	ko:K14057	-
WP_008805063	T	universal stress protein	uspE	ko:K14055	-
WP_008805066	S	Protein of unknown function (DUF1471)	ydgH	-	-
WP_008805069	S	membrane protein required for alginate biosynthesis	ydgC	ko:K02442	-
WP_008805073	T	Histidine kinase	rstB	ko:K07639	ko02020,map02020
WP_008805074	L	Trans-acting protein required for termination of DNA replication. Binds to DNA replication terminator sequences (terA to terF) to prevent the passage of replication forks. The termination efficiency will be affected by the affinity of this protein for the terminator sequence	tus	ko:K10748	-
WP_008805075	C	Involved in the TCA cycle. Catalyzes the stereospecific interconversion of fumarate to L-malate	fumC	ko:K01679	ko00020,ko00620,ko00720,ko01100,ko01110,ko01120,ko01130,ko01200,ko04934,ko05200,ko05211,map00020,map00620,map00720,map01100,map01110,map01120,map01130,map01200,map04934,map05200,map05211
WP_008805076	C	Catalyzes the reversible hydration of fumarate to (S)- malate	fumA	ko:K01676	ko00020,ko00620,ko00720,ko01100,ko01110,ko01120,ko01130,ko01200,map00020,map00620,map00720,map01100,map01110,map01120,map01130,map01200
WP_008805077	G	Belongs to the mannose-6-phosphate isomerase type 1 family	manA	ko:K01809	ko00051,ko00520,ko01100,ko01110,ko01130,map00051,map00520,map01100,map01110,map01130
WP_008805078	S	protein conserved in bacteria	ydgA	-	-
WP_008805079	K	Transcriptional regulator	malI	ko:K16136	-
WP_008805082	P	transporter	-	ko:K16074	-
WP_008805088	C	belongs to the aldehyde dehydrogenase family	aldA	ko:K07248	ko00620,ko00630,ko01120,map00620,map00630,map01120
WP_008805090	EGP	Major facilitator superfamily	-	-	-
WP_008805091	E	amino acid	cycA	ko:K03293,ko:K11737	-
WP_008805092	E	Belongs to the AspA AstE family. Succinylglutamate desuccinylase subfamily	astE	ko:K05526	ko00330,ko01100,map00330,map01100
WP_008805096	E	Belongs to the Glu Leu Phe Val dehydrogenases family	gdhA	ko:K00261,ko:K00262	ko00220,ko00250,ko00471,ko00910,ko01100,ko01200,ko04217,ko04964,map00220,map00250,map00471,map00910,map01100,map01200,map04217,map04964
WP_008805098	S	A-factor biosynthesis hotdog domain	-	-	-
WP_008805101	C	Aldo Keto reductase	-	-	-
WP_008805104	K	Transcriptional regulator	-	-	-
WP_008805105	K	transcriptional regulator	-	ko:K06075	-
WP_008805114	S	Phenylacetic acid degradation protein PaaY	paaY	ko:K02617,ko:K08279	-
WP_008805116	H	Catalyzes the activation of phenylacetic acid (PA) to phenylacetyl-CoA (PA-CoA)	paaK	ko:K01912	ko00360,ko01120,ko05111,map00360,map01120,map05111
WP_008805132	S	Major pilin protein	fimA	-	-
WP_008805135	ET	Belongs to the bacterial solute-binding protein 3 family	-	ko:K02030	-
WP_008805136	G	COG0235 Ribulose-5-phosphate 4-epimerase and related epimerases and aldolases	fucA	-	-
WP_008805137	H	Catalyzes the NADPH-dependent reduction of ketopantoate into pantoic acid	-	ko:K00077	ko00770,ko01100,ko01110,map00770,map01100,map01110
WP_008805138	C	belongs to the aldehyde dehydrogenase family	feaB	ko:K00146	ko00360,ko00643,ko01100,ko01120,map00360,map00643,map01100,map01120
WP_008805143	CH	Belongs to the D-isomer specific 2-hydroxyacid dehydrogenase family	ldhA	ko:K03778	ko00620,ko01120,map00620,map01120
WP_008805144	O	Heat shock protein	hslJ	ko:K03668	-
WP_008805145	S	Lipoprotein	ydbJ	-	-
WP_008805148	S	KTSC domain	-	-	-
WP_008805150	J	Catalyzes the ATP-dependent 2-thiolation of cytidine in position 32 of tRNA, to form 2-thiocytidine (s(2)C32). The sulfur atoms are provided by the cysteine cysteine desulfurase (IscS) system	ttcA	ko:K14058	-
WP_008805151	JKL	DEAD-box RNA helicase involved in the assembly of the 50S ribosomal subunit. Has an RNA-dependent ATPase activity, which is specific for 23S rRNA, and a 3' to 5' RNA helicase activity that uses the energy of ATP hydrolysis to destabilize and unwind short rRNA duplexes	dbpA	ko:K05591	-
WP_008805152	P	Zinc transport protein zntB	zntB	ko:K16074	-
WP_008805155	S	-	-	-	-
WP_008805156	S	-	-	-	-
WP_008805157	E	amino acid	aroP	ko:K11732,ko:K11734	-
WP_008805158	K	transcriptional regulator	-	-	-
WP_008805160	P	Part of the ABC transporter complex MetNIQ involved in methionine import. Responsible for energy coupling to the transport system	metN	ko:K02071	ko02010,map02010
WP_008805162	E	Aminotransferase class I and II	-	ko:K08969	ko00270,ko01100,map00270,map01100
WP_008805173	IQ	COG1028 Dehydrogenases with different specificities (related to short-chain alcohol dehydrogenases)	yjgI	ko:K00059,ko:K19336	ko00061,ko00333,ko00780,ko01040,ko01100,ko01130,ko01212,map00061,map00333,map00780,map01040,map01100,map01130,map01212
WP_008805177	S	Type VI secretion	-	ko:K11895,ko:K11896	ko02025,map02025
WP_008805195	S	type VI secretion protein	-	ko:K11900	ko02025,map02025
WP_008805196	S	Intracellular protease	pfpI	ko:K05520	-
WP_008805199	S	-	-	-	-
WP_008805202	T	response regulator	-	ko:K07315	-
WP_008805206	G	Protein of unknown function (DUF3131)	-	-	-
WP_008805207	G	Protein of unknown function (DUF3131)	-	-	-
WP_008805208	C	nitric oxide dioxygenase activity	VPA1107	-	-
WP_008805210	G	Belongs to the glycosyl hydrolase 2 family	-	ko:K01192	ko00511,ko04142,map00511,map04142
WP_008805214	K	Transcriptional regulator	-	-	-
WP_008805217	P	(ABC) transporter	atsC	ko:K02049,ko:K15555	ko00920,ko02010,map00920,map02010
WP_008805220	K	transcriptional regulator	-	-	-
WP_008805226	E	ABC transporter substrate-binding protein	mppA	ko:K15580	ko01501,ko02010,ko02024,map01501,map02010,map02024
WP_008805227	E	Murein peptide amidase A	mpaA	ko:K14054	-
WP_008805229	O	Thiol-specific peroxidase that catalyzes the reduction of hydrogen peroxide and organic hydroperoxides to water and alcohols, respectively. Plays a role in cell protection against oxidative stress by detoxifying peroxides	tpx	ko:K11065	-
WP_008805232	S	UPF0283 membrane protein	ycjF	ko:K08990	-
WP_008805234	K	transcriptional activator	pspF	ko:K03974	-
WP_008805235	G	Quinolone resistance protein	norB	ko:K08170	-
WP_008805236	S	amidohydrolase	-	ko:K01451	ko00360,map00360
WP_008805241	P	peptide transport system, permease	sapB	ko:K19227	ko01503,ko02010,map01503,map02010
WP_008805250	EGP	Major Facilitator	ydhP	ko:K18567,ko:K19577	-
WP_008805251	Q	methyltransferase	yafE	-	-
WP_008805252	M	COG0741 Soluble lytic murein transglycosylase and related regulatory proteins (some contain LysM invasin domains)	mltD	ko:K08307	-
WP_008805253	S	Thiolesterase that catalyzes the hydrolysis of S-D- lactoyl-glutathione to form glutathione and D-lactic acid	gloB	ko:K01069	ko00620,map00620
WP_008805254	Q	Methyl-transferase	yafS	-	-
WP_008805260	I	acyl-CoA dehydrogenase	fadE	ko:K06445	ko00071,ko01100,ko01212,map00071,map01100,map01212
WP_008805261	G	Catalyzes the isomerization of sedoheptulose 7-phosphate in D-glycero-D-manno-heptose 7-phosphate	gmhA	ko:K03271,ko:K12961	ko00540,ko01100,map00540,map01100
WP_008805262	S	glutamine amidotransferase	yafJ	-	-
WP_008805263	S	ErfK YbiS YcfS YnhG family protein	yafK	-	-
WP_008805269	L	Poorly processive, error-prone DNA polymerase involved in untargeted mutagenesis. Copies undamaged DNA at stalled replication forks, which arise in vivo from mismatched or misaligned primer ends. These misaligned primers can be extended by PolIV. Exhibits no 3'-5' exonuclease (proofreading) activity. May be involved in translesional synthesis, in conjunction with the beta clamp from PolIII	dinB	ko:K02346	-
WP_008805277	S	Belongs to the UPF0386 family	yjhX	ko:K09982	-
WP_008805306	E	Catalyzes the transfer of a phosphate group to glutamate to form L-glutamate 5-phosphate	proB	ko:K00931	ko00330,ko00332,ko01100,ko01130,ko01230,map00330,map00332,map01100,map01130,map01230
WP_008805307	M	Belongs to the Gram-negative porin family	phoE	ko:K09475,ko:K09476,ko:K11929,ko:K14062	ko01501,ko02020,map01501,map02020
WP_008805314	K	Part of the ecpRABCDE operon, which encodes the E.coli common pilus (ECP). ECP is found in both commensal and pathogenic strains and plays a dual role in early-stage biofilm development and host cell recognition	matA	ko:K21963	-
WP_008805320	P	(ABC) transporter	artM5	ko:K02029	-
WP_008805322	E	(ABC) transporter	-	ko:K02028,ko:K02029,ko:K10004,ko:K10010,ko:K10038	ko02010,ko02020,map02010,map02020
WP_008805324	E	Belongs to the binding-protein-dependent transport system permease family	-	ko:K01998	ko02010,ko02024,map02010,map02024
WP_008805328	E	amino acid	eat	ko:K16238	-
WP_008805331	P	taurine ABC transporter	tauA	ko:K15551	ko00920,ko02010,map00920,map02010
WP_008805332	P	ABC-type nitrate sulfonate bicarbonate transport system permease component	tauC	ko:K15552	ko00920,ko02010,map00920,map02010
WP_008805334	V	This protein has no known enzymatic function	ampH	ko:K18988	-
WP_008805336	I	In Escherichia coli SbmA is involved in uptake of microcin J25	sbmA	ko:K17938	-
WP_008805342	P	Multidrug resistance protein MdtG	mdtG	ko:K08161	-
WP_008805343	S	Inhibits RpoS proteolysis by regulating RssB activity, thereby increasing the stability of the sigma stress factor RpoS especially during phosphate starvation, but also in stationary phase and during nitrogen starvation. Its effect on RpoS stability is due to its interaction with RssB, which probably blocks the interaction of RssB with RpoS, and the consequent delivery of the RssB-RpoS complex to the ClpXP protein degradation pathway	iraP	-	-
WP_008805345	S	Phosphate starvation-inducible protein, PSIF	psiF	-	-
WP_008805349	F	Catalyzes the specific phosphorylation of the 3-hydroxyl group of shikimic acid using ATP as a cosubstrate	aroL	ko:K00891	ko00400,ko01100,ko01110,ko01130,ko01230,map00400,map01100,map01110,map01130,map01230
WP_008805350	S	YaiA protein	yaiA	-	-
WP_008805351	E	AroM protein	aroM	ko:K14591	-
WP_008805359	G	Belongs to the glycosyl hydrolase 13 family	malZ	ko:K01187,ko:K21575	ko00052,ko00500,ko01100,map00052,map00500,map01100
WP_008805362	S	Antibiotic biosynthesis monooxygenase	-	ko:K09932	-
WP_008805363	S	metal-dependent hydrolase with the TIM-barrel fold	nfdA	-	-
WP_008805368	G	Phosphoenolpyruvate-dependent sugar phosphotransferase system, EIIA 2	-	ko:K02821	ko00053,ko01100,ko01120,ko02060,map00053,map01100,map01120,map02060
WP_008805369	S	Converts holo-ACP to apo-ACP by hydrolytic cleavage of the phosphopantetheine prosthetic group from ACP	acpH	ko:K08682	ko00770,map00770
WP_008805370	U	Part of the Sec protein translocase complex. Interacts with the SecYEG preprotein conducting channel. SecDF uses the proton motive force (PMF) to complete protein translocation after the ATP-dependent function of SecA	secD	ko:K03072	ko03060,ko03070,map03060,map03070
WP_008805371	U	Part of the Sec protein translocase complex. Interacts with the SecYEG preprotein conducting channel. SecDF uses the proton motive force (PMF) to complete protein translocation after the ATP-dependent function of SecA	secF	ko:K03074	ko03060,ko03070,map03060,map03070
WP_008805373	K	transcriptional regulator	-	-	-
WP_008805374	M	Lipoprotein	yajI	-	-
WP_008805376	K	Involved in transcription antitermination. Required for transcription of ribosomal RNA (rRNA) genes. Binds specifically to the boxA antiterminator sequence of the ribosomal RNA (rrn) operons	nusB	ko:K03625	-
WP_008805377	H	Catalyzes the ATP-dependent phosphorylation of thiamine- monophosphate (TMP) to form thiamine-pyrophosphate (TPP), the active form of vitamin B1	thiL	ko:K00946	ko00730,ko01100,map00730,map01100
WP_008805378	I	Lipid phosphatase which dephosphorylates phosphatidylglycerophosphate (PGP) to phosphatidylglycerol (PG)	pgpA	ko:K01095	ko00564,ko01100,map00564,map01100
WP_008805380	H	Catalyzes the acyloin condensation reaction between C atoms 2 and 3 of pyruvate and glyceraldehyde 3-phosphate to yield 1-deoxy-D-xylulose-5-phosphate (DXP)	dxs	ko:K01662	ko00730,ko00900,ko01100,ko01110,ko01130,map00730,map00900,map01100,map01110,map01130
WP_008805381	H	Belongs to the FPP GGPP synthase family	ispA	ko:K00795,ko:K13789	ko00900,ko01100,ko01110,ko01130,map00900,map01100,map01110,map01130
WP_008805382	H	Catalyzes the ATP-dependent transfer of a sulfur to tRNA to produce 4-thiouridine in position 8 of tRNAs, which functions as a near-UV photosensor. Also catalyzes the transfer of sulfur to the sulfur carrier protein ThiS, forming ThiS-thiocarboxylate. This is a step in the synthesis of thiazole, in the thiamine biosynthesis pathway. The sulfur is donated as persulfide by IscS	thiI	ko:K03151	ko00730,ko01100,ko04122,map00730,map01100,map04122
WP_008805383	S	Activator of Hsp90 ATPase 1 family protein	-	-	-
WP_008805384	S	TIGRFAM DJ-1 family protein	thiJ	ko:K03152	-
WP_008805385	H	Catalyzes the NADPH-dependent reduction of ketopantoate into pantoic acid	panE	ko:K00077	ko00770,ko01100,ko01110,map00770,map01100,map01110
WP_008805388	S	oxidoreductase	-	-	-
WP_008805390	G	Xylose isomerase	-	-	-
WP_008805395	S	-	-	-	-
WP_008805398	C	Subunits I and II form the functional core of the enzyme complex. Electrons originating in cytochrome c are transferred via heme a and Cu(A) to the binuclear center formed by heme a3 and Cu(B)	cyoA	ko:K02297	ko00190,ko01100,map00190,map01100
WP_008805401	D	Involved in protein export. Acts as a chaperone by maintaining the newly synthesized protein in an open conformation. Functions as a peptidyl-prolyl cis-trans isomerase	tig	ko:K03545	-
WP_008805402	O	ATP-dependent specificity component of the Clp protease. It directs the protease to specific substrates. Can perform chaperone functions in the absence of ClpP	clpX	ko:K03544	ko04112,map04112
WP_008805404	L	Competence protein ComEA	comEA	ko:K02237	-
WP_008805405	S	Thioesterase	tesC	ko:K12500	-
WP_008805406	F	Catalyzes the ATP-dependent conversion of 7-carboxy-7- deazaguanine (CDG) to 7-cyano-7-deazaguanine (preQ(0))	queC	ko:K06920	ko00790,ko01100,map00790,map01100
WP_008805409	K	transcriptional regulator	ybaO	ko:K05800	-
WP_008805410	E	cysteine synthase	cysK_2	ko:K01738	ko00270,ko00920,ko01100,ko01110,ko01120,ko01130,ko01200,ko01230,map00270,map00920,map01100,map01110,map01120,map01130,map01200,map01230
WP_008805414	I	Acyl-CoA thioesterase	tesB	ko:K10805	ko01040,map01040
WP_008805415	S	protein conserved in bacteria	ybaY	ko:K09914	-
WP_008805417	S	-	-	-	-
WP_008805419	S	Membrane	-	ko:K07149	-
WP_008805425	P	transport	malF	ko:K10109,ko:K15771	ko02010,map02010
WP_008805430	K	binds specific sites in lac operon resulting in DNA looping between the operators	lacI	-	-
WP_008805431	J	Ribosomal protein L31	rpmE2	ko:K02909	ko03010,map03010
WP_008805434	S	Membrane	ylaC	-	-
WP_008805435	S	acetyltransferase, isoleucine patch superfamily	maa	ko:K00661	-
WP_008805436	S	Biofilm formation regulator YbaJ	tomB	ko:K19162	-
WP_008805437	V	Belongs to the resistance-nodulation-cell division (RND) (TC 2.A.6) family	acrB	ko:K18138,ko:K18142	ko01501,ko01503,map01501,map01503
WP_008805439	K	transcriptional regulator	acrR	ko:K03577	-
WP_008805442	S	Protein of unknown function (DUF2496)	ybaM	-	-
WP_008805444	S	Membrane	ybaN	ko:K09790	-
WP_008805448	L	Binds to DNA and alters its conformation. May be involved in regulation of gene expression, nucleoid organization and DNA protection	ybaB	ko:K09747	-
WP_008805449	L	May play a role in DNA repair. It seems to be involved in an RecBC-independent recombinational process of DNA repair. It may act with RecF and RecO	recR	ko:K06187	ko03440,map03440
WP_008805451	H	Catalyzes the ferrous insertion into protoporphyrin IX	hemH	ko:K01772	ko00860,ko01100,ko01110,map00860,map01100,map01110
WP_008805452	G	COG0524 Sugar kinases, ribokinase family	gsk	ko:K00847,ko:K00852,ko:K00892	ko00030,ko00051,ko00230,ko00500,ko00520,ko01100,map00030,map00051,map00230,map00500,map00520,map01100
WP_008805454	P	fosmidomycin resistance protein	fsr	ko:K08223	-
WP_008805456	S	protein conserved in bacteria	ybaP	ko:K09973	-
WP_008805460	S	transport system permease component	ybbM	ko:K02069	-
WP_008805461	O	Thioredoxin	ybbN	ko:K03671,ko:K05838	ko04621,ko05418,map04621,map05418
WP_008805463	Q	(ABC) transporter	ybbA	ko:K02003	-
WP_008805467	H	Catalyzes the transfer of selenium from selenophosphate for conversion of 2-thiouridine to 2-selenouridine at the wobble position in tRNA	selU	ko:K06917	-
WP_008805468	F	Catalyzes the ATP-dependent conversion of 5- aminoimidazole ribonucleotide (AIR) and HCO(3)(-) to N5- carboxyaminoimidazole ribonucleotide (N5-CAIR)	purK	ko:K01589	ko00230,ko01100,ko01110,ko01130,map00230,map01100,map01110,map01130
WP_008805471	G	PPIases accelerate the folding of proteins. It catalyzes the cis-trans isomerization of proline imidic peptide bonds in oligopeptides	ppiB	ko:K03768	-
WP_008805473	S	Belongs to the transthyretin family. 5-hydroxyisourate hydrolase subfamily	hiuH	ko:K07127	ko00230,ko01100,ko01120,map00230,map01100,map01120
WP_008805480	NU	cell adhesion	-	-	-
WP_008805482	M	Catalyzes the transfer of laurate from lauroyl-acyl carrier protein (ACP) to Kdo(2)-lipid IV(A) to form Kdo(2)- (lauroyl)-lipid IV(A)	lpxL	ko:K02517,ko:K12974	ko00540,ko01100,map00540,map01100
WP_008805484	E	antiporter	cadB	ko:K03294,ko:K03757	-
WP_008805488	G	Catalyzes the dehydration of inosose (2-keto-myo- inositol, 2KMI or 2,4,6 3,5-pentahydroxycyclohexanone) to 3D- (3,5 4)-trihydroxycyclohexane-1,2-dione (D-2,3-diketo-4-deoxy-epi- inositol)	iolE	ko:K03335	ko00562,ko01100,ko01120,map00562,map01100,map01120
WP_008805497	G	PTS system sucrose-specific	scrA	ko:K02809,ko:K02810	ko00500,ko02060,map00500,map02060
WP_008805498	M	Maltoporin (phage lambda and maltose receptor)	scrY	ko:K16077	-
WP_008805499	G	Belongs to the carbohydrate kinase PfkB family	scrK	ko:K00847	ko00051,ko00500,ko00520,ko01100,map00051,map00500,map00520,map01100
WP_008805501	S	Protein of unknown function (DUF3302)	yiaW	-	-
WP_008805503	HP	(ABC) transporter	fhuC_2	ko:K02013	ko02010,map02010
WP_008805511	S	MoaF C-terminal domain	moaF	-	-
WP_008805530	K	transcriptional	-	-	-
WP_008805536	S	YjbR	ybdF	-	-
WP_008805539	S	Membrane	ybdJ	-	-
WP_008805553	E	abc transporter atp-binding protein	-	ko:K02028	-
WP_008805554	S	Belongs to the short-chain dehydrogenases reductases (SDR) family	isfD	ko:K05886,ko:K15373,ko:K16066	ko00240,ko00260,ko00430,ko01100,map00240,map00260,map00430,map01100
WP_008805555	E	Belongs to the class-III pyridoxal-phosphate-dependent aminotransferase family	-	ko:K15372	ko00410,ko00430,ko01100,map00410,map00430,map01100
WP_008805559	P	Binding-protein-dependent transport systems inner membrane component	ddpB	ko:K02033	ko02024,map02024
WP_008805562	E	Involved in the biosynthesis of the osmoprotectant glycine betaine. Catalyzes the oxidation of choline to betaine aldehyde and betaine aldehyde to glycine betaine at the same rate	betA	ko:K00108	ko00260,ko01100,map00260,map01100
WP_008805565	S	Inhibitor of vertebrate lysozyme	ivy	-	-
WP_008805566	M	Mechanosensitive Ion channel	ybdG	ko:K16053	-
WP_008805573	G	Belongs to the FGGY kinase family	glpK_1	ko:K00864	ko00561,ko01100,ko03320,ko04626,map00561,map01100,map03320,map04626
WP_008805574	G	Transketolase	tktB	ko:K00615	ko00030,ko00710,ko01051,ko01100,ko01110,ko01120,ko01130,ko01200,ko01230,map00030,map00710,map01051,map01100,map01110,map01120,map01130,map01200,map01230
WP_008805583	EGP	Exports the siderophore enterobactin out of the cell	entS	ko:K08225	-
WP_008805589	Q	Required for optimal enterobactin synthesis. Acts as a proofreading enzyme that prevents EntB misacylation by hydrolyzing the thioester bound existing between EntB and wrongly charged molecules	entH	ko:K02614	ko00360,map00360
WP_008805590	T	Carbon starvation protein	cstA	ko:K06200	-
WP_008805600	S	Acid phosphatase	appA	ko:K01093	ko00562,ko00740,ko01100,map00562,map00740,map01100
WP_008805604	F	cytosine deaminase	codA	ko:K01485	ko00240,ko00330,ko01100,map00240,map00330,map01100
WP_008805607	E	Catalyzes the dehydration of methylthioribulose-1- phosphate (MTRu-1-P) into 2,3-diketo-5-methylthiopentyl-1- phosphate (DK-MTP-1-P)	mtnB	ko:K08964,ko:K22130	ko00270,ko01100,map00270,map01100
WP_008805609	G	belongs to the carbohydrate kinase PfkB family	ydjH	-	-
WP_008805611	G	Belongs to the binding-protein-dependent transport system permease family	alsC_1	ko:K10440	ko02010,map02010
WP_008805613	G	(ABC) transporter	-	ko:K10439	ko02010,ko02030,map02010,map02030
WP_008805614	C	Belongs to the prokaryotic molybdopterin-containing oxidoreductase family	-	ko:K07306,ko:K07309,ko:K08351	ko00450,ko00780,ko00920,ko01100,map00450,map00780,map00920,map01100
WP_008805615	S	Catalyzes 2 different reactions between oxygene and the acireductone 1,2-dihydroxy-3-keto-5-methylthiopentene (DHK-MTPene) depending upon the metal bound in the active site. Fe-containing acireductone dioxygenase (Fe-ARD) produces formate and 2-keto-4- methylthiobutyrate (KMTB), the alpha-ketoacid precursor of methionine in the methionine recycle pathway. Ni-containing acireductone dioxygenase (Ni-ARD) produces methylthiopropionate, carbon monoxide and formate, and does not lie on the methionine recycle pathway	mtnD	ko:K08967	ko00270,ko01100,map00270,map01100
WP_008805616	E	Bifunctional enzyme that catalyzes the enolization of 2,3-diketo-5-methylthiopentyl-1-phosphate (DK-MTP-1-P) into the intermediate 2-hydroxy-3-keto-5-methylthiopentenyl-1-phosphate (HK-MTPenyl-1-P), which is then dephosphorylated to form the acireductone 1,2-dihydroxy-3-keto-5-methylthiopentene (DHK- MTPene)	mtnC	ko:K09880	ko00270,ko01100,map00270,map01100
WP_008805620	K	transcriptional regulator	ybdO	-	-
WP_008805621	O	Required for disulfide bond formation in some periplasmic proteins. Acts by transferring its disulfide bond to other proteins and is reduced in the process	dsbG	ko:K03805	-
WP_008805622	O	alkyl hydroperoxide reductase	ahpF	ko:K03387	-
WP_008805623	K	regulator of nucleoside diphosphate kinase	rnk	ko:K06140	-
WP_008805624	J	Belongs to the RNase T2 family	rna	ko:K01166,ko:K01169	-
WP_008805625	C	C4-dicarboxylate	dcuC	ko:K03326	-
WP_008805628	D	Important for reducing fluoride concentration in the cell, thus reducing its toxicity	crcB	ko:K06199	-
WP_008805629	S	Nitrilase cyanide hydratase and apolipoprotein N-acyltransferase	ybeM	ko:K11206	-
WP_008805630	U	Part of the twin-arginine translocation (Tat) system that transports large folded proteins containing a characteristic twin-arginine motif in their signal peptide across membranes. TatE shares overlapping functions with TatA	tatE	ko:K03425	ko03060,ko03070,map03060,map03070
WP_008805633	M	Belongs to the peptidase S11 family	dacA	ko:K07258	ko00550,ko01100,map00550,map01100
WP_008805635	M	Peptidoglycan polymerase that is essential for cell wall elongation	mrdB	ko:K05837	-
WP_008805636	M	Catalyzes cross-linking of the peptidoglycan cell wall	mrdA	ko:K05515	ko00550,ko01501,map00550,map01501
WP_008805638	H	Catalyzes the reversible adenylation of nicotinate mononucleotide (NaMN) to nicotinic acid adenine dinucleotide (NaAD)	nadD	ko:K00969,ko:K01488	ko00230,ko00760,ko01100,ko05340,map00230,map00760,map01100,map05340
WP_008805640	M	Together with LptD, is involved in the assembly of lipopolysaccharide (LPS) at the surface of the outer membrane. Required for the proper assembly of LptD. Binds LPS and may serve as the LPS recognition site at the outer membrane	lptE	ko:K03643	-
WP_008805645	E	(ABC) transporter	gltL	ko:K02028,ko:K02029,ko:K10004,ko:K10010,ko:K10038	ko02010,ko02020,map02010,map02020
WP_008805646	P	With GltJLPS and GadC for glutamate and GltJLP, DctA and DcuAB for aspartate is involved in the transport of glutamate and aspartate	gltK	ko:K10002	ko02010,ko02020,map02010,map02020
WP_008805649	T	phosphate starvation-inducible protein PhoH	ybeZ	ko:K06217	-
WP_008805654	K	Regulates the synthesis of glucosamine and N-acetylglucosamine by acting as a repressor of the nagEBACD operon and both a repressor and activator of the glmSU operon	nagC	ko:K00845,ko:K02565	ko00010,ko00052,ko00500,ko00520,ko00521,ko00524,ko01100,ko01110,ko01120,ko01130,ko01200,map00010,map00052,map00500,map00520,map00521,map00524,map01100,map01110,map01120,map01130,map01200
WP_008805658	S	Outer membrane porin	chiP	-	-
WP_008805659	S	YbfN-like lipoprotein	ybfN	-	-
WP_008805663	K	Transcriptional regulator	-	ko:K13794,ko:K19338	-
WP_008805672	P	Part of the high-affinity ATP-driven potassium transport (or Kdp) system, which catalyzes the hydrolysis of ATP coupled with the electrogenic transport of potassium into the cytoplasm. This subunit is responsible for energy coupling to the transport system	kdpB	ko:K01547	ko02020,map02020
WP_008805673	P	Part of the high-affinity ATP-driven potassium transport (or Kdp) system, which catalyzes the hydrolysis of ATP coupled with the electrogenic transport of potassium into the cytoplasm. This subunit binds and transports the potassium across the cytoplasmic membrane	kdpA	ko:K01546	ko02020,map02020
WP_008805677	S	metal-binding protein	ybgI	-	-
WP_008805683	C	Belongs to the citrate synthase family	gltA	ko:K01647	ko00020,ko00630,ko01100,ko01110,ko01120,ko01130,ko01200,ko01210,ko01230,map00020,map00630,map01100,map01110,map01120,map01130,map01200,map01210,map01230
WP_008805685	C	Belongs to the FAD-dependent oxidoreductase 2 family. FRD SDH subfamily	sdhA	ko:K00239	ko00020,ko00190,ko00650,ko00720,ko01100,ko01110,ko01120,ko01130,ko01200,ko05134,map00020,map00190,map00650,map00720,map01100,map01110,map01120,map01130,map01200,map05134
WP_008805686	C	Belongs to the succinate dehydrogenase fumarate reductase iron-sulfur protein family	sdhB	ko:K00240	ko00020,ko00190,ko00650,ko00720,ko01100,ko01110,ko01120,ko01130,ko01200,map00020,map00190,map00650,map00720,map01100,map01110,map01120,map01130,map01200
WP_008805687	C	Dehydrogenase E1 component	sucA	ko:K00164	ko00020,ko00310,ko00380,ko01100,ko01110,ko01120,ko01130,ko01200,map00020,map00310,map00380,map01100,map01110,map01120,map01130,map01200
WP_008805690	C	cytochrome d ubiquinol oxidase, subunit	cydB	ko:K00426	ko00190,ko01100,ko02020,map00190,map01100,map02020
WP_008805691	S	cyd operon protein YbgE	ybgE	-	-
WP_008805693	U	involved in the tonB-independent uptake of proteins	tolB	ko:K03641	-
WP_008805696	H	nicotinamide mononucleotide transporter	pnuC	ko:K03811	-
WP_008805712	S	-	-	-	-
WP_008805715	K	Transcriptional regulator	ycgE	ko:K21972,ko:K22491	-
WP_008805716	K	helix_turn_helix, Lux Regulon	-	-	-
WP_008805723	T	Required for resistance to DNA-damaging agents	-	ko:K11932	-
WP_008805724	P	ATPase, P-type (transporting), HAD superfamily, subfamily IC	ctpF	ko:K01537	-
WP_008805725	G	Pectinesterase	ybhC	ko:K01051	ko00040,ko01100,map00040,map01100
WP_008805728	K	histidine utilization repressor	hutC	ko:K05836	-
WP_008805730	E	histidine ammonia-lyase	hutH	ko:K01745	ko00340,ko01100,map00340,map01100
WP_008805737	H	Catalyzes a mechanistically unusual reaction, the ATP- dependent insertion of CO2 between the N7 and N8 nitrogen atoms of 7,8-diaminopelargonic acid (DAPA) to form an ureido ring	bioD	ko:K01935	ko00780,ko01100,map00780,map01100
WP_008805739	E	ABC transporter ATP-binding protein	urtE	ko:K11963	ko02010,map02010
WP_008805740	L	damaged site, the DNA wraps around one UvrB monomer. DNA wrap is dependent on ATP binding by UvrB and probably causes local melting of the DNA helix, facilitating insertion of UvrB beta-hairpin between the DNA strands. Then UvrB probes one DNA strand for the presence of a lesion. If a lesion is found the UvrA subunits dissociate and the UvrB-DNA preincision complex is formed. This complex is subsequently bound by UvrC and the second UvrB is released. If no lesion is found, the DNA wraps around the other UvrB subunit that will check the other stand for damage	uvrB	ko:K03702	ko03420,map03420
WP_008805747	H	May be involved in the biosynthesis of molybdopterin	moaB	ko:K03638	ko00790,ko01100,map00790,map01100
WP_008805748	H	Catalyzes the conversion of (8S)-3',8-cyclo-7,8- dihydroguanosine 5'-triphosphate to cyclic pyranopterin monophosphate (cPMP)	moaC	ko:K03637	ko00790,ko01100,ko04122,map00790,map01100,map04122
WP_008805749	H	Involved in sulfur transfer in the conversion of molybdopterin precursor Z to molybdopterin	moaD	ko:K03636	ko04122,map04122
WP_008805750	H	Molybdopterin converting factor, large subunit	moaE	ko:K03635	ko00790,ko01100,ko04122,map00790,map01100,map04122
WP_008805752	S	Membrane	ybhN	ko:K07027	-
WP_008805753	I	Catalyzes the phosphatidyl group transfer from one phosphatidylglycerol molecule to another to form cardiolipin (CL) (diphosphatidylglycerol) and glycerol	clsB	ko:K06131	ko00564,ko01100,map00564,map01100
WP_008805754	L	Endonuclease Exonuclease Phosphatase	ybhP	-	-
WP_008805757	V	ABC-type multidrug transport system, permease component	ybhS	ko:K01992	-
WP_008805759	M	Secretion protein	ybhG	ko:K01993	-
WP_008805760	K	Transcriptional regulator	ybiH	-	-
WP_008805765	G	Transketolase	IV02_09720	ko:K00615	ko00030,ko00710,ko01051,ko01100,ko01110,ko01120,ko01130,ko01200,ko01230,map00030,map00710,map01051,map01100,map01110,map01120,map01130,map01200,map01230
WP_008805766	JKL	DEAD-box RNA helicase involved in	rhlE	ko:K11927	ko03018,map03018
WP_008805767	KL	helicase	dinG	ko:K03722	-
WP_008805768	E	Glycosyl transferase	ybiB	-	-
WP_008805772	S	Conserved protein domain typically associated with flavoprotein oxygenases DIM6 NTAB family	IV02_24660	-	-
WP_008805773	J	Specifically methylates the adenine in position 1618 of 23S rRNA	rlmF	ko:K06970	-
WP_008805775	E	(ABC) transporter	glnQ	ko:K02028,ko:K02029,ko:K10004,ko:K10010,ko:K10038	ko02010,ko02020,map02010,map02020
WP_008805777	M	mutations in the gene increase cell-surface contact in fimbriated strains but decrease contact in nonfimbriated strains	ompX	ko:K11934	-
WP_008805779	K	transcriptional regulator	mntR	ko:K11924	-
WP_008805784	M	ErfK YbiS YcfS YnhG family protein	ybiS	ko:K16291,ko:K19234,ko:K19235,ko:K19236	ko01503,map01503
WP_008805786	S	COG0488 ATPase components of ABC transporters with duplicated ATPase domains	ybiT	-	-
WP_008805790	S	Protein of unknown function (DUF1479)	ybiU	-	-
WP_008805791	C	Hydrolase	supH	ko:K07757,ko:K20861	ko00740,ko01100,ko01110,map00740,map01100,map01110
WP_008805793	O	Pyruvate formate lyase-activating protein	ybiY	ko:K04069	-
WP_008805796	E	asparaginase	iaaA	ko:K01424,ko:K13051	ko00250,ko00460,ko01100,ko01110,map00250,map00460,map01100,map01110
WP_008805797	P	Belongs to the ABC transporter superfamily	gsiA	ko:K02031,ko:K02032,ko:K13892,ko:K13896,ko:K19229,ko:K19230	ko01503,ko02010,ko02024,map01503,map02010,map02024
WP_008805798	P	ABC-type dipeptide oligopeptide nickel transport systems, permease components	gsiC	ko:K13890	ko02010,map02010
WP_008805799	J	Catalyzes the methylthiolation of an aspartic acid residue of ribosomal protein S12	rimO	ko:K14441	-
WP_008805804	O	Glutathione S-Transferase	yliJ	ko:K00799	ko00480,ko00980,ko00982,ko00983,ko01524,ko05200,ko05204,ko05225,ko05418,map00480,map00980,map00982,map00983,map01524,map05200,map05204,map05225,map05418
WP_008805805	I	Phosphatase	ybjG	ko:K19302	ko00550,map00550
WP_008805806	EGP	multi-drug	mdfA	ko:K08160	-
WP_008805807	C	Hydrolase	ybjI	ko:K07757,ko:K20861	ko00740,ko01100,ko01110,map00740,map01100,map01110
WP_008805808	G	Major facilitator superfamily	ybjJ	-	-
WP_008805810	P	transport protein	ybjL	ko:K07085	-
WP_008805811	S	Putative inner membrane protein of Enterobacteriaceae	ybjM	-	-
WP_008805812	S	Protein of unknown function (DUF1418)	ybjC	-	-
WP_008805817	S	Membrane	ybjO	-	-
WP_008805821	ET	belongs to the bacterial solute-binding protein 3 family	artJ	ko:K09996,ko:K09997,ko:K10014	ko02010,map02010
WP_008805822	P	(ABC) transporter	artM	ko:K09998	ko02010,map02010
WP_008805825	S	Protein of unknown function (DUF1471)	yahO	-	-
WP_008805827	V	N-acetylmuramoyl-L-alanine amidase	amiD	ko:K01447,ko:K11066	-
WP_008805828	M	3-beta hydroxysteroid dehydrogenase	ybjS	-	-
WP_008805831	EH	Belongs to the TPP enzyme family	poxB	ko:K00156,ko:K00158	ko00620,ko01100,map00620,map01100
WP_008805837	L	ATP-dependent endonuclease of the OLD family	ybjD	ko:K07459	-
WP_008805838	M	Belongs to the membrane fusion protein (MFP) (TC 8.A.1) family	macA	ko:K13888	-
WP_008805839	V	Part of the tripartite efflux system MacAB-TolC. MacB is a non-canonical ABC transporter that contains transmembrane domains (TMD), which form a pore in the inner membrane, and an ATP-binding domain (NBD), which is responsible for energy generation. Confers resistance against macrolides	macB	ko:K05685	ko02010,map02010
WP_008805851	EGP	Major facilitator superfamily	ycaD	ko:K08219	-
WP_008805852	C	formate acetyltransferase	pflB	ko:K00656	ko00620,ko00640,ko00650,ko01100,ko01120,map00620,map00640,map00650,map01100,map01120
WP_008805853	P	Formate nitrite	focA	ko:K06212	-
WP_008805856	E	Catalyzes the reversible conversion of 3- phosphohydroxypyruvate to phosphoserine and of 3-hydroxy-2-oxo-4- phosphonooxybutanoate to phosphohydroxythreonine	serC	ko:K00831	ko00260,ko00680,ko00750,ko01100,ko01120,ko01130,ko01200,ko01230,map00260,map00680,map00750,map01100,map01120,map01130,map01200,map01230
WP_008805857	E	Catalyzes the transfer of the enolpyruvyl moiety of phosphoenolpyruvate (PEP) to the 5-hydroxyl of shikimate-3- phosphate (S3P) to produce enolpyruvyl shikimate-3-phosphate and inorganic phosphate	aroA	ko:K00800	ko00400,ko01100,ko01110,ko01130,ko01230,map00400,map01100,map01110,map01130,map01230
WP_008805863	S	Phosphotransferase enzyme family	ycbJ	-	-
WP_008805864	S	Gram-negative-bacterium-type cell wall biogenesis	ycbC	-	-
WP_008805865	J	Catalyzes the methylation of 5-carboxymethoxyuridine (cmo5U) to form 5-methoxycarbonylmethoxyuridine (mcmo5U) at position 34 in tRNAs	cmoM	ko:K06219	-
WP_008805870	P	COG0491 Zn-dependent hydrolases, including glyoxylases	ycbL	ko:K01069	ko00620,map00620
WP_008805872	M	Belongs to the Gram-negative porin family	ompF	ko:K09475,ko:K09476,ko:K11929,ko:K14062	ko01501,ko02020,map01501,map02020
WP_008805875	E	aminopeptidase N	pepN	ko:K01256	ko00480,ko01100,map00480,map01100
WP_008805877	P	ABC-type nitrate sulfonate bicarbonate transport system permease component	ssuC	ko:K02050,ko:K15554,ko:K15599	ko00920,ko02010,map00920,map02010
WP_008805880	S	fmn reductase	ssuE	ko:K00299	ko00740,ko00920,ko01100,map00740,map00920,map01100
WP_008805884	J	Specifically methylates the guanine in position 2445 (m2G2445) and the guanine in position 2069 (m7G2069) of 23S rRNA	rlmL	ko:K12297	-
WP_008805887	Q	paraquat-inducible protein b	pqiB	ko:K06192	-
WP_008805888	S	protein conserved in bacteria	ymbA	ko:K09857	-
WP_008805891	D	Required for spatial organization of the terminus region of the chromosome (Ter macrodomain) during the cell cycle. Prevents early segregation of duplicated Ter macrodomains during cell division. Binds specifically to matS, which is a 13 bp signature motif repeated within the Ter macrodomain	matP	ko:K09911	-
WP_008805892	M	Belongs to the ompA family	ompA	ko:K03286	-
WP_008805893	D	Component of the SOS system and an inhibitor of cell division. Accumulation of SulA causes rapid cessation of cell division and the appearance of long, non-septate filaments. In the presence of GTP, binds a polymerization-competent form of FtsZ in a 1 1 ratio, thus inhibiting FtsZ polymerization and therefore preventing it from participating in the assembly of the Z ring. This mechanism prevents the premature segregation of damaged DNA to daughter cells during cell division	sulA	ko:K13053	-
WP_008805895	S	Membrane	yccS	-	-
WP_008805898	G	Methylglyoxal synthase	mgsA	ko:K01734	ko00640,ko01120,map00640,map01120
WP_008805901	S	PFAM PEBP family protein	ybcL	ko:K06910	-
WP_008805910	T	(GGDEF) domain	-	-	-
WP_008805927	E	glutamine synthetase	puuA	ko:K01915,ko:K09470	ko00220,ko00250,ko00330,ko00630,ko00910,ko01100,ko01120,ko01230,ko02020,ko04217,ko04724,ko04727,map00220,map00250,map00330,map00630,map00910,map01100,map01120,map01230,map02020,map04217,map04724,map04727
WP_008805930	S	-	-	-	-
WP_008805931	S	Belongs to the short-chain dehydrogenases reductases (SDR) family	-	ko:K07124	-
WP_008805934	S	YccJ-like protein	yccJ	-	-
WP_008805935	S	Belongs to the WrbA family	wrbA	ko:K03809	ko00130,ko01110,map00130,map01110
WP_008805937	F	Xanthine uracil	uraA	ko:K02824,ko:K09016	-
WP_008805938	C	Catalyzes the reduction of FMN to FMNH2 which is used to reduce pyrimidine by RutA via the Rut pathway	rutF	ko:K09024	ko00240,ko01100,map00240,map01100
WP_008805943	S	Lysozyme inhibitor LprI	-	-	-
WP_008805945	E	Belongs to the sodium solute symporter (SSF) (TC 2.A.21) family	putP	ko:K11928	-
WP_008805946	J	Protein of unknown function (DUF3574)	-	-	-
WP_008805948	P	Iron Permease	efeU	ko:K07243	-
WP_008805949	P	periplasmic lipoprotein involved in iron transport	efeO	ko:K07224	-
WP_008805950	P	peroxidase	ycdB	ko:K16301	-
WP_008805952	S	Belongs to the pirin family	yhhW_1	ko:K06911	-
WP_008805955	EH	D-isomer specific 2-hydroxyacid dehydrogenase	ghrA	ko:K12972	ko00260,ko00620,ko00630,ko01100,ko01110,ko01120,map00260,map00620,map00630,map01100,map01110,map01120
WP_008805956	E	Belongs to the PHP family	ycdX	ko:K04477	-
WP_008805957	S	chaperone	ycdY	-	-
WP_008805963	M	Involved in the biosynthesis of osmoregulated periplasmic glucans (OPGs)	mdoH	ko:K03669	-
WP_008805964	S	(Lipo)protein	yceK	-	-
WP_008805966	P	Multidrug resistance protein MdtG	mdtG	ko:K08161	-
WP_008805969	S	disruption of this gene in Escherichia coli led to effects on biofilm formation, alteration in expression of a number of genes and mutations in bssS led to defects in indole transport and autoinducer-2 uptake and processing	bssS	ko:K12148	-
WP_008805970	F	Catalyzes the reversible cyclization of carbamoyl aspartate to dihydroorotate	pyrC	ko:K01465	ko00240,ko01100,map00240,map01100
WP_008805973	J	COG1670 Acetyltransferases, including N-acetylases of ribosomal proteins	rimJ	ko:K03790	-
WP_008805976	S	Involved in peptidoglycan biosynthesis. Transports lipid-linked peptidoglycan precursors from the inner to the outer leaflet of the cytoplasmic membrane	murJ	ko:K03980	-
WP_008805977	EGP	Major facilitator superfamily	ynfM_3	-	-
WP_008805982	D	Maf-like protein	yceF	ko:K06287	-
WP_008805983	S	metal-binding, possibly nucleic acid-binding protein	yceD	ko:K07040	-
WP_008805990	F	Phosphorylation of dTMP to form dTDP in both de novo and salvage pathways of dTTP synthesis	tmk	ko:K00943	ko00240,ko01100,map00240,map01100
WP_008805991	L	dna polymerase iii	holB	ko:K02341	ko00230,ko00240,ko01100,ko03030,ko03430,ko03440,map00230,map00240,map01100,map03030,map03430,map03440
WP_008805992	L	TatD family	ycfH	ko:K03424	-
WP_008805993	G	Phosphotransferase System	ptsG	ko:K02778,ko:K02779,ko:K02803,ko:K02804	ko00010,ko00520,ko02060,ko05111,map00010,map00520,map02060,map05111
WP_008805997	C	NADH dehydrogenase	ndh	ko:K03885	ko00190,map00190
WP_008805999	S	Outer Membrane Lipoprotein	ycfJ	-	-
WP_008806001	K	Transcriptional regulator	ycfQ	ko:K22041	-
WP_008806006	F	Catalyzes the phosphorylation of N-acetyl-D-glucosamine (GlcNAc) derived from cell-wall degradation, yielding GlcNAc-6-P	nagK	ko:K00845,ko:K00884	ko00010,ko00052,ko00500,ko00520,ko00521,ko00524,ko01100,ko01110,ko01120,ko01130,ko01200,map00010,map00052,map00500,map00520,map00521,map00524,map01100,map01110,map01120,map01130,map01200
WP_008806007	K	NAD-dependent lysine deacetylase and desuccinylase that specifically removes acetyl and succinyl groups on target proteins. Modulates the activities of several proteins which are inactive in their acylated form	cobB	ko:K12410	-
WP_008806018	P	Required for the activity of the bacterial periplasmic transport system of putrescine	potD	ko:K11069	ko02010,map02010
WP_008806020	P	ABC-type spermidine putrescine transport system, permease component I	potB	ko:K11071	ko02010,map02010
WP_008806021	P	Part of the ABC transporter complex PotABCD involved in spermidine putrescine import. Responsible for energy coupling to the transport system	potA	ko:K02052,ko:K11072,ko:K11076	ko02010,ko02024,map02010,map02024
WP_008806023	L	Transposase IS200 like	-	ko:K07491	-
WP_008806032	C	Isocitrate dehydrogenase	icd	ko:K00031	ko00020,ko00480,ko00720,ko01100,ko01110,ko01120,ko01130,ko01200,ko01210,ko01230,ko04146,map00020,map00480,map00720,map01100,map01110,map01120,map01130,map01200,map01210,map01230,map04146
WP_008806080	O	Part of a stress-induced multi-chaperone system, it is involved in the recovery of the cell from heat-induced damage, in cooperation with DnaK, DnaJ and GrpE	clpB	ko:K03695	ko04213,map04213
WP_008806081	S	Belongs to the multicopper oxidase YfiH RL5 family	yfiH	ko:K05810	-
WP_008806084	G	gluconolactonase	yvrE	ko:K14274	ko00040,map00040
WP_008806085	E	T-protein	tyrA	ko:K04517,ko:K14187	ko00400,ko00401,ko01100,ko01110,ko01130,ko01230,map00400,map00401,map01100,map01110,map01130,map01230
WP_008806086	E	Stereospecific condensation of phosphoenolpyruvate (PEP) and D-erythrose-4-phosphate (E4P) giving rise to 3-deoxy-D- arabino-heptulosonate-7-phosphate (DAHP)	aroF	ko:K01626	ko00400,ko01100,ko01110,ko01130,ko01230,ko02024,map00400,map01100,map01110,map01130,map01230,map02024
WP_008806088	T	Diguanylate cyclase	yfiN	ko:K20956,ko:K21021	ko02025,ko05111,map02025,map05111
WP_008806089	M	Belongs to the ompA family	yfiB	-	-
WP_008806090	S	Iron-regulated membrane protein	-	-	-
WP_008806091	P	Protein of unknown function (DUF2946)	-	-	-
WP_008806092	J	Belongs to the RNA methyltransferase TrmD family	trmD	ko:K00554	-
WP_008806093	J	An accessory protein needed during the final step in the assembly of 30S ribosomal subunit, possibly for assembly of the head region. Probably interacts with S19. Essential for efficient processing of 16S rRNA. May be needed both before and after RbfA during the maturation of 16S rRNA. It has affinity for free ribosomal 30S subunits but not for 70S ribosomes	rimM	ko:K02860	-
WP_008806095	P	Mg2 and Co2 transporter CorB	yfjD	-	-
WP_008806096	O	Participates actively in the response to hyperosmotic and heat shock by preventing the aggregation of stress-denatured proteins, in association with DnaK and GrpE. It is the nucleotide exchange factor for DnaK and may function as a thermosensor. Unfolded proteins bind initially to DnaJ	grpE	ko:K03687	-
WP_008806098	M	Part of the outer membrane protein assembly complex, which is involved in assembly and insertion of beta-barrel proteins into the outer membrane	bamE	ko:K06186	-
WP_008806099	I	oligoketide cyclase lipid transport protein	ratA	-	-
WP_008806112	E	(ABC) transporter	-	ko:K02028,ko:K02029,ko:K10004,ko:K10010,ko:K10038	ko02010,ko02020,map02010,map02020
WP_008806113	EH	D-isomer specific 2-hydroxyacid dehydrogenase	ghrA	ko:K12972	ko00260,ko00620,ko00630,ko01100,ko01110,ko01120,map00260,map00620,map00630,map01100,map01110,map01120
WP_008806123	C	belongs to the aldehyde dehydrogenase family	aldB	ko:K00138	ko00010,ko00620,ko01100,ko01110,ko01120,map00010,map00620,map01100,map01110,map01120
WP_008806125	I	Phosphatase	-	ko:K19302	ko00550,map00550
WP_008806127	I	Catalyzes the reductive cleavage of azo bond in aromatic azo compounds to the corresponding amines. Requires NADH, but not NADPH, as an electron donor for its activity	azoR	ko:K01118	-
WP_008806130	S	Belongs to the histone-like protein H-NS family	stpA	ko:K03746,ko:K11685	-
WP_008806132	S	Protein of unknown function (DUF2002)	ygaC	-	-
WP_008806136	F	Probably involved in ribonucleotide reductase function	nrdI	ko:K03647	-
WP_008806138	F	Provides the precursors necessary for DNA synthesis. Catalyzes the biosynthesis of deoxyribonucleotides from the corresponding ribonucleotides	nrdF	ko:K00526	ko00230,ko00240,ko01100,map00230,map00240,map01100
WP_008806139	E	glycine, betaine	proV	ko:K02000	ko02010,map02010
WP_008806140	P	ABC-type proline glycine betaine transport system, permease component	proW	ko:K02001,ko:K02002	ko02010,map02010
WP_008806141	E	glycine, betaine	proX	ko:K02002	ko02010,map02010
WP_008806142	E	branched-chain amino acid	ygaZ	-	-
WP_008806143	S	L-valine transmembrane transporter activity	ygaH	-	-
WP_008806144	V	multidrug resistance efflux pump	emrA	ko:K03543	-
WP_008806145	EGP	Major facilitator superfamily	emrB	ko:K03446	-
WP_008806146	E	Catalyzes the condensation of the acetyl group of acetyl-CoA with 3-methyl-2-oxobutanoate (2-oxoisovalerate) to form 3-carboxy-3-hydroxy-4-methylpentanoate (2-isopropylmalate)	leuA	ko:K01649	ko00290,ko00620,ko01100,ko01110,ko01210,ko01230,map00290,map00620,map01100,map01110,map01210,map01230
WP_008806147	K	AraC family transcriptional regulator	-	-	-
WP_008806149	S	Membrane	yqaA	-	-
WP_008806150	S	Periplasmic or secreted lipoprotein	osmY_1	ko:K04065	-
WP_008806151	J	Catalyzes the attachment of alanine to tRNA(Ala) in a two-step reaction alanine is first activated by ATP to form Ala- AMP and then transferred to the acceptor end of tRNA(Ala). Also edits incorrectly charged Ser-tRNA(Ala) and Gly-tRNA(Ala) via its editing domain	alaS	ko:K01872	ko00970,map00970
WP_008806153	J	Belongs to the CinA family	ygaD	ko:K03743	ko00760,map00760
WP_008806160	G	PTS system glucitol sorbitol-specific	srlB	ko:K02781	ko00051,ko02060,map00051,map02060
WP_008806161	IQ	Belongs to the short-chain dehydrogenases reductases (SDR) family	srlD	ko:K00068,ko:K03366	ko00051,ko00650,map00051,map00650
WP_008806163	K	Transcriptional	srlR	ko:K02468	-
WP_008806168	C	D-isomer specific 2-hydroxyacid dehydrogenase, catalytic domain	-	ko:K00058	ko00260,ko00680,ko01100,ko01120,ko01130,ko01200,ko01230,map00260,map00680,map01100,map01120,map01130,map01200,map01230
WP_008806169	H	Pfam:Methyltransf_6	-	-	-
WP_008806172	U	Belongs to the NiCoT transporter (TC 2.A.52) family	hoxN	ko:K07241	-
WP_008806173	O	Along with HypE, it catalyzes the synthesis of the CN ligands of the active site iron of NiFe -hydrogenases using carbamoylphosphate as a substrate. It functions as a carbamoyl transferase using carbamoylphosphate as a substrate and transferring the carboxamido moiety in an ATP-dependent reaction to the thiolate of the C-terminal cysteine of HypE yielding a protein-S-carboxamide	hypF	ko:K04656	-
WP_008806174	C	electron transport	hydN	ko:K00196,ko:K05796	ko00633,ko00680,ko00720,ko01120,ko01200,map00633,map00680,map00720,map01120,map01200
WP_008806179	C	hydrogenase 3 maturation protease	hycI	ko:K08315	-
WP_008806180	E	Formate hydrogen-lyase	hycH	ko:K12145,ko:K15834	-
WP_008806182	C	HycBCDEFG is part of the formate hydrogenlyase system which is involved in the cleaving of formate to dihydrogen and carbon dioxide	hycD	ko:K15829	-
WP_008806186	KO	Hydrogenase accessory protein HypB	hypB	ko:K04652	-
WP_008806189	KT	transcriptional regulator	fhlA	ko:K15836	-
WP_008806192	G	maltoporin	-	ko:K16077	-
WP_008806194	K	transcriptional regulator	-	-	-
WP_008806204	P	Receptor	hpuB	ko:K16087	-
WP_008806210	S	Protein of unknown function (DUF1493)	-	-	-
WP_008806211	L	that it carries out the mismatch recognition step. This protein has a weak ATPase activity	mutS	ko:K03555	ko03430,map03430
WP_008806213	K	Transcriptional regulator	hosA	ko:K22489	-
WP_008806218	DM	COG0739 Membrane proteins related to metalloendopeptidases	nlpD	ko:K06194,ko:K12943	-
WP_008806219	J	Catalyzes the methyl esterification of L-isoaspartyl residues in peptides and proteins that result from spontaneous decomposition of normal L-aspartyl and L-asparaginyl residues. It plays a role in the repair and or degradation of damaged proteins	pcm	ko:K00573	-
WP_008806223	I	Catalyzes the formation of 4-diphosphocytidyl-2-C- methyl-D-erythritol from CTP and 2-C-methyl-D-erythritol 4- phosphate (MEP)	ispD	ko:K00991	ko00900,ko01100,ko01110,ko01130,map00900,map01100,map01110,map01130
WP_008806224	S	membrane	ygbE	-	-
WP_008806238	EH	Reduction of activated sulfate into sulfite	cysH	ko:K00390	ko00920,ko01100,ko01120,map00920,map01100,map01120
WP_008806239	C	Component of the sulfite reductase complex that catalyzes the 6-electron reduction of sulfite to sulfide. This is one of several activities required for the biosynthesis of L- cysteine from sulfate	cysI	ko:K00381	ko00920,ko01100,ko01120,map00920,map01100,map01120
WP_008806241	H	Catalyzes the complex heterocyclic radical-mediated conversion of 6-carboxy-5,6,7,8-tetrahydropterin (CPH4) to 7- carboxy-7-deazaguanine (CDG), a step common to the biosynthetic pathways of all 7-deazapurine-containing compounds	queE	ko:K10026	ko00790,ko01100,map00790,map01100
WP_008806242	GM	Male sterility protein	hetM	-	-
WP_008806243	G	Catalyzes the reversible conversion of 2- phosphoglycerate into phosphoenolpyruvate. It is essential for the degradation of carbohydrates via glycolysis	eno	ko:K01689	ko00010,ko00680,ko01100,ko01110,ko01120,ko01130,ko01200,ko01230,ko03018,ko04066,map00010,map00680,map01100,map01110,map01120,map01130,map01200,map01230,map03018,map04066
WP_008806244	F	Catalyzes the ATP-dependent amination of UTP to CTP with either L-glutamine or ammonia as the source of nitrogen. Regulates intracellular CTP levels through interactions with the four ribonucleotide triphosphates	pyrG	ko:K01937	ko00240,ko01100,map00240,map01100
WP_008806250	M	Belongs to the mandelate racemase muconate lactonizing enzyme family	gudD	ko:K01706	ko00053,ko01100,map00053,map01100
WP_008806252	G	transporter	gudP	ko:K03535,ko:K08194	-
WP_008806253	C	flavodoxin binds one FMN molecule, which serves as a redox-active prosthetic group	yqcA	ko:K06205	-
WP_008806254	J	Pseudouridine synthase	truC	ko:K06175	-
WP_008806255	S	protein conserved in bacteria	yqcC	ko:K01790	ko00521,ko00523,ko01130,map00521,map00523,map01130
WP_008806257	K	Catalyzes the NADPH-dependent reduction of 7-cyano-7- deazaguanine (preQ0) to 7-aminomethyl-7-deazaguanine (preQ1)	queF	ko:K06879,ko:K09457	ko00790,ko01100,map00790,map01100
WP_008806258	S	Rossmann fold nucleotide-binding protein	ygdH	ko:K06966	ko00230,ko00240,map00230,map00240
WP_008806259	E	Serine transporter	sdaC	ko:K03837	-
WP_008806260	E	l-serine dehydratase	sdaB	ko:K01752	ko00260,ko00270,ko01100,ko01110,ko01130,ko01200,ko01230,map00260,map00270,map01100,map01110,map01130,map01200,map01230
WP_008806262	P	ABC transporter substrate-binding protein	-	-	-
WP_008806263	U	ABC transporter (permease)	-	-	-
WP_008806264	P	Part of the ABC transporter complex MetNIQ involved in methionine import. Responsible for energy coupling to the transport system	-	ko:K02071	ko02010,map02010
WP_008806265	C	COG2141 Coenzyme F420-dependent N5,N10-methylene tetrahydromethanopterin reductase and related flavin-dependent oxidoreductases	soxA	ko:K20938	-
WP_008806268	T	COG2204 Response regulator containing CheY-like receiver, AAA-type ATPase, and DNA-binding domains	flbD	-	-
WP_008806269	C	alcohol dehydrogenase	fucO	ko:K00048	ko00630,ko00640,ko01120,map00630,map00640,map01120
WP_008806270	G	Catalyzes the cleavage of L-fuculose 1-phosphate to glycerone phosphate and L-lactaldehyde	fucA	ko:K01628,ko:K22130	ko00051,ko01120,map00051,map01120
WP_008806271	G	transporter	fucP	ko:K02429	-
WP_008806272	G	Converts the aldose L-fucose into the corresponding ketose L-fuculose	fucI	ko:K01818	ko00051,ko01120,map00051,map01120
WP_008806273	F	Belongs to the FGGY kinase family	fucK	ko:K00854,ko:K00879	ko00040,ko00051,ko01100,ko01120,map00040,map00051,map01100,map01120
WP_008806274	G	Involved in the anomeric conversion of L-fucose	fucU	ko:K02431	-
WP_008806275	J	Belongs to the class I-like SAM-binding methyltransferase superfamily. RNA methyltransferase RlmE family. RlmM subfamily	rlmM	ko:K06968	-
WP_008806276	E	Cysteine desulfurases mobilize the sulfur from L- cysteine to yield L-alanine, an essential step in sulfur metabolism for biosynthesis of a variety of sulfur-containing biomolecules. Component of the suf operon, which is activated and required under specific conditions such as oxidative stress and iron limitation. Acts as a potent selenocysteine lyase in vitro, that mobilizes selenium from L-selenocysteine. Selenocysteine lyase activity is however unsure in vivo	csdA	ko:K01766,ko:K11717	ko00450,ko01100,map00450,map01100
WP_008806277	S	cysteine desulfurase, sulfur acceptor subunit CsdE	csdE	ko:K02426	-
WP_008806278	H	Dinucleotide-utilizing enzymes involved in molybdopterin and thiamine biosynthesis family 1	ygdL	ko:K22132	-
WP_008806279	M	Murein-degrading enzyme. May play a role in recycling of muropeptides during cell elongation and or cell division	mltA	ko:K08304	-
WP_008806280	F	Catalyzes the synthesis of alpha-ribazole-5'-phosphate from nicotinate mononucleotide (NAMN) and 5,6- dimethylbenzimidazole (DMB)	cobT	ko:K00768	ko00860,ko01100,map00860,map01100
WP_008806281	H	Catalyzes ATP-dependent phosphorylation of adenosylcobinamide and addition of GMP to adenosylcobinamide phosphate	cobU	ko:K02231	ko00860,ko01100,map00860,map01100
WP_008806282	H	Catalyzes amidations at positions B, D, E, and G on adenosylcobyrinic A,C-diamide. NH(2) groups are provided by glutamine, and one molecule of ATP is hydrogenolyzed for each amidation	cobQ	ko:K02232	ko00860,ko01100,map00860,map01100
WP_008806283	P	Responsible for energy coupling to the transport system	cbiO	ko:K02006,ko:K06857,ko:K16784	ko02010,map02010
WP_008806284	P	cobalt transport protein	cbiQ	ko:K02008	ko02010,map02010
WP_008806285	P	Part of the energy-coupling factor (ECF) transporter complex CbiMNOQ involved in cobalt import	cbiN	ko:K02009	ko02010,map02010
WP_008806286	P	Part of the energy-coupling factor (ECF) transporter complex CbiMNOQ involved in cobalt import	cbiM	ko:K02007	ko02010,map02010
WP_008806287	H	Belongs to the precorrin methyltransferase family	cbiL	ko:K03394	ko00860,ko01100,map00860,map01100
WP_008806290	H	precorrin-3B C17-methyltransferase	cbiH	ko:K05934	ko00860,ko01100,map00860,map01100
WP_008806295	H	Precorrin-8X methylmutase	cobH	ko:K06042	ko00860,ko01100,map00860,map01100
WP_008806296	H	Converts cobyric acid to cobinamide by the addition of aminopropanol on the F carboxylic group	cobD	ko:K02227	ko00860,ko01100,map00860,map01100
WP_008806297	H	Catalyzes the ATP-dependent amidation of the two carboxylate groups at positions a and c of hydrogenobyrinate, using either L-glutamine or ammonia as the nitrogen source	cbiA	ko:K02224	ko00860,ko01100,ko01120,map00860,map01100,map01120
WP_008806298	K	transcriptional regulator AraC family	pocR	-	-
WP_008806300	E	may be involved in the formation of the polyhedral organelles involved in propanediol degradation	pduB	-	-
WP_008806301	E	Dehydratase large subunit	pduC	ko:K01699	ko00640,map00640
WP_008806306	CQ	BMC	pduK	-	-
WP_008806307	Q	Involved in 1,2-propanediol (1,2-PD) degradation by catalyzing the conversion of propanoyl-CoA to propanoyl-phosphate	pduL	ko:K13923	ko00640,map00640
WP_008806308	S	propanediol utilization protein	pduM	-	-
WP_008806309	CQ	ethanolamine utilization protein	eutN	ko:K04028	-
WP_008806310	S	adenosyltransferase	pduO	ko:K00798	ko00860,ko01100,map00860,map01100
WP_008806321	L	A helicase nuclease that prepares dsDNA breaks (DSB) for recombinational DNA repair. Binds to DSBs and unwinds DNA via a highly rapid and processive ATP-dependent bidirectional helicase activity. Unwinds dsDNA until it encounters a Chi (crossover hotspot instigator) sequence from the 3' direction. Cuts ssDNA a few nucleotides 3' to the Chi site. The properties and activities of the enzyme are changed at Chi. The Chi-altered holoenzyme produces a long 3'-ssDNA overhang and facilitates RecA-binding to the ssDNA for homologous DNA recombination and repair. Holoenzyme degrades any linearized DNA that is unable to undergo homologous recombination. In the holoenzyme this subunit has ssDNA-dependent ATPase and 5'-3' helicase activity. When added to pre-assembled RecBC greatly stimulates nuclease activity and augments holoenzyme processivity. Negatively regulates the RecA-loading ability of RecBCD	recD	ko:K03581	ko03440,map03440
WP_008806329	F	Catalyzes the reductive methylation of 2'-deoxyuridine- 5'-monophosphate (dUMP) to 2'-deoxythymidine-5'-monophosphate (dTMP) while utilizing 5,10-methylenetetrahydrofolate (mTHF) as the methyl donor and reductant in the reaction, yielding dihydrofolate (DHF) as a by-product. This enzymatic reaction provides an intracellular de novo source of dTMP, an essential precursor for DNA biosynthesis	thyA	ko:K00560	ko00240,ko00670,ko01100,ko01523,map00240,map00670,map01100,map01523
WP_008806330	T	Belongs to the PEP-utilizing enzyme family	ptsP	ko:K08483,ko:K08484	ko02060,map02060
WP_008806331	L	Sequence-specific endonuclease that cleaves unmethylated GATC sequences. It is involved in DNA mismatch repair	mutH	ko:K03573	ko03430,map03430
WP_008806332	C	Aldo keto reductase	tas	-	-
WP_008806335	K	transcriptional regulator	galR	ko:K02529	-
WP_008806339	G	The phosphoenolpyruvate-dependent sugar phosphotransferase system (PTS), a major carbohydrate active - transport system, catalyzes the phosphorylation of incoming sugar substrates concomitant with their translocation across the cell membrane	-	ko:K02761	ko00500,ko02060,map00500,map02060
WP_008806342	K	transcriptional regulator	lysR	-	-
WP_008806346	P	PFAM binding-protein-dependent transport systems inner membrane component	togN	ko:K02026,ko:K10194	ko02010,map02010
WP_008806347	P	Belongs to the ABC transporter superfamily	ugpC	ko:K10112,ko:K10195	ko02010,map02010
WP_008806348	G	ABC transporter substrate-binding protein	yesO	ko:K10192	ko02010,map02010
WP_008806358	K	Transcriptional regulator	allS_1	-	-
WP_008806359	S	PFAM transmembrane pair domain protein	-	-	-
WP_008806360	E	transporter	yqeG	-	-
WP_008806362	M	Acts as a flagellar brake, regulating swimming and swarming in a bis-(3'-5') cyclic diguanylic acid (c-di-GMP)- dependent manner. Binds 1 c-di-GMP dimer per subunit. Increasing levels of c-di-GMP lead to decreased motility	ycgR	ko:K21087	ko02026,map02026
WP_008806363	K	COG2197 Response regulator containing a CheY-like receiver domain and an HTH DNA-binding domain	-	-	-
WP_008806365	NU	Fimbrial protein	-	-	-
WP_008806367	NU	Usher protein	htrE	ko:K07347	ko05133,map05133
WP_008806369	NU	Fimbrial protein	-	ko:K07345	ko05133,map05133
WP_008806371	K	transcriptional regulator	-	-	-
WP_008806376	NU	cell adhesion	yehD	-	-
WP_008806377	S	-	-	-	-
WP_008806380	NU	Fimbrial protein	fimA	ko:K07345	ko05133,map05133
WP_008806383	NU	Usher protein	fimD	ko:K07347	ko05133,map05133
WP_008806385	NU	Fimbrial protein	fimG	ko:K07349	-
WP_008806388	S	GCN5-related N-acetyl-transferase	yjdJ	ko:K06975	-
WP_008806389	S	Uncharacterised protein family	ytcA	-	-
WP_008806390	V	multidrug resistance	mdtN	ko:K15549	-
WP_008806392	MU	RND efflux system, outer membrane lipoprotein	mdtP	ko:K15550	-
WP_008806393	S	Domain of unknown function (DUF1889)	yoaC	-	-
WP_008806394	U	Proton-dependent permease that transports di- and tripeptides	dtpT	ko:K03305	-
WP_008806395	P	arsenate reductase	arsC	ko:K00537	-
WP_008806396	P	Involved in arsenical resistance. Thought to form the channel of an arsenite pump	arsB	ko:K03893	-
WP_008806397	K	transcriptional regulator	arsR	ko:K03892	-
WP_008806398	S	protein conserved in bacteria	-	-	-
WP_008806399	S	Protein of unknown function (DUF1349)	-	ko:K09702	-
WP_008806401	K	Transcriptional regulator	Z012_07430	-	-
WP_008806402	S	NADPH-quinone reductase (modulator of drug activity B)	-	ko:K11746	-
WP_008806403	C	Aldo keto reductase	-	-	-
WP_008806404	S	decarboxylase	-	ko:K01607	ko00362,ko01100,ko01120,ko01220,map00362,map01100,map01120,map01220
WP_008806422	J	Belongs to the class-II aminoacyl-tRNA synthetase family	lysS	ko:K04567	ko00970,map00970
WP_008806426	D	recombinase XerD	xerD	ko:K04763	-
WP_008806427	C	Low-potential electron donor to a number of redox enzymes	fldB	ko:K03840	-
WP_008806429	S	protein, hemolysin III	yqfA	ko:K11068	-
WP_008806437	IQ	Dehydrogenases with different specificities (Related to short-chain alcohol dehydrogenases)	ygfF	-	-
WP_008806440	E	The glycine cleavage system catalyzes the degradation of glycine	gcvT	ko:K00605	ko00260,ko00630,ko00670,ko01100,ko01110,ko01130,ko01200,map00260,map00630,map00670,map01100,map01110,map01130,map01200
WP_008806444	S	Belongs to the UPF0149 family	ygfB	ko:K09895	-
WP_008806445	H	Belongs to the 5-formyltetrahydrofolate cyclo-ligase family	ygfA	ko:K01934	ko00670,ko01100,map00670,map01100
WP_008806446	EH	Belongs to the D-isomer specific 2-hydroxyacid dehydrogenase family	serA	ko:K00058	ko00260,ko00680,ko01100,ko01120,ko01130,ko01200,ko01230,map00260,map00680,map01100,map01120,map01130,map01200,map01230
WP_008806447	G	Catalyzes the reversible conversion of ribose-5- phosphate to ribulose 5-phosphate	rpiA	ko:K01807	ko00030,ko00710,ko01100,ko01110,ko01120,ko01130,ko01200,ko01230,map00030,map00710,map01100,map01110,map01120,map01130,map01200,map01230
WP_008806448	K	Controls the transcription of genes involved in arginine and lysine metabolism	argP	ko:K05596	-
WP_008806450	S	Involved in the export of arginine. Important to control the intracellular level of arginine and the correct balance between arginine and lysine	argO	ko:K06895	-
WP_008806452	G	Aldolase	fbaA	ko:K01624	ko00010,ko00030,ko00051,ko00680,ko00710,ko01100,ko01110,ko01120,ko01130,ko01200,ko01230,map00010,map00030,map00051,map00680,map00710,map01100,map01110,map01120,map01130,map01200,map01230
WP_008806453	F	Belongs to the phosphoglycerate kinase family	pgk	ko:K00927	ko00010,ko00710,ko01100,ko01110,ko01120,ko01130,ko01200,ko01230,map00010,map00710,map01100,map01110,map01120,map01130,map01200,map01230
WP_008806455	S	membrane	oprQ	-	-
WP_008806456	H	Catalyzes the biosynthesis of agmatine from arginine	speA	ko:K01585	ko00330,ko01100,map00330,map01100
WP_008806457	H	Catalyzes the formation of S-adenosylmethionine (AdoMet) from methionine and ATP. The overall synthetic reaction is composed of two sequential steps, AdoMet formation and the subsequent tripolyphosphate hydrolysis which occurs prior to release of AdoMet from the enzyme	metK	ko:K00789	ko00270,ko01100,ko01110,ko01230,map00270,map01100,map01110,map01230
WP_008806458	U	Belongs to the major facilitator superfamily. Sugar transporter (TC 2.A.1.1) family	galP	ko:K02100,ko:K05548,ko:K08137	-
WP_008806460	L	endonuclease I	endA	ko:K01150	-
WP_008806469	F	Pyrophosphatase that catalyzes the hydrolysis of nucleoside triphosphates to their monophosphate derivatives, with a high preference for the non-canonical purine nucleotides XTP (xanthosine triphosphate), dITP (deoxyinosine triphosphate) and ITP. Seems to function as a house-cleaning enzyme that removes non-canonical purine nucleotides from the nucleotide pool, thus preventing their incorporation into DNA RNA and avoiding chromosomal lesions	rdgB	ko:K02428	ko00230,map00230
WP_008806473	L	a g-specific adenine glycosylase	mutY	ko:K03575	ko03410,map03410
WP_008806478	S	Membrane	yqgA	ko:K07150	-
WP_008806483	S	protein conserved in bacteria	-	-	-
WP_008806485	S	Domain of unknown function (DUF4194)	-	-	-
WP_008806486	D	Protein of unknown function (DUF3375)	-	-	-
WP_008806487	E	Belongs to the cysteine synthase cystathionine beta- synthase family	cysK	ko:K01697,ko:K01738	ko00260,ko00270,ko00920,ko01100,ko01110,ko01120,ko01130,ko01200,ko01230,map00260,map00270,map00920,map01100,map01110,map01120,map01130,map01200,map01230
WP_008806488	E	Catalyzes the formation of L-homocysteine from O- succinyl-L-homoserine (OSHS) and hydrogen sulfide	metC	ko:K01758,ko:K01760	ko00260,ko00270,ko00450,ko01100,ko01110,ko01130,ko01230,map00260,map00270,map00450,map01100,map01110,map01130,map01230
WP_008806489	K	transcriptional regulator	-	-	-
WP_008806490	IQ	COG1028 Dehydrogenases with different specificities (related to short-chain alcohol dehydrogenases)	-	-	-
WP_008806492	S	-	-	-	-
WP_008806493	EK	Transcriptional regulators containing a DNA-binding HTH domain and an aminotransferase domain (MocR family) and their eukaryotic orthologs	lysN	ko:K05825	ko00300,ko01100,ko01130,ko01210,map00300,map01100,map01130,map01210
WP_008806495	O	Required for disulfide bond formation in some periplasmic proteins. Acts by transferring its disulfide bond to other proteins and is reduced in the process	-	-	-
WP_008806496	O	Belongs to the GST superfamily	yghU	ko:K11209	-
WP_008806498	S	UPF0114 protein	yqhA	-	-
WP_008806499	E	cystathionine beta-lyase	metC	ko:K01760	ko00270,ko00450,ko01100,ko01110,ko01230,map00270,map00450,map01100,map01110,map01230
WP_008806500	C	alcohol dehydrogenase	yqhD	ko:K08325	ko00640,map00640
WP_008806502	S	reductase	dkgA	ko:K06221,ko:K06222	-
WP_008806504	D	Cell division protein that is required for growth during stress conditions. May be involved in protecting or stabilizing the divisomal assembly under conditions of stress	ftsP	ko:K04753	-
WP_008806505	I	Belongs to the 1-acyl-sn-glycerol-3-phosphate acyltransferase family	plsC	ko:K00655	ko00561,ko00564,ko01100,ko01110,map00561,map00564,map01100,map01110
WP_008806506	L	Topoisomerase IV is essential for chromosome segregation. It relaxes supercoiled DNA. Performs the decatenation events required during the replication of a circular DNA molecule	parC	ko:K02621	-
WP_008806507	K	transcriptional regulator	-	ko:K07506,ko:K13652	-
WP_008806508	S	PFAM conserved	ygiW	-	-
WP_008806509	K	response regulator	qseB	ko:K07666	ko02020,ko02024,map02020,map02024
WP_008806511	S	modulator of drug activity B	mdaB	ko:K03923	-
WP_008806512	S	monooxygenase	ygiN	-	-
WP_008806513	L	Topoisomerase IV is essential for chromosome segregation. It relaxes supercoiled DNA. Performs the decatenation events required during the replication of a circular DNA molecule	parE	ko:K02622	-
WP_008806514	S	esterase	yqiA	ko:K07000	-
WP_008806515	S	Hydrolyzes cAMP to 5'-AMP. Plays an important regulatory role in modulating the intracellular concentration of cAMP, thereby influencing cAMP-dependent processes	cpdA	ko:K03651	ko00230,ko02025,map00230,map02025
WP_008806516	L	COG0494 NTP pyrophosphohydrolases including oxidative damage repair enzymes	nudF	ko:K01515	ko00230,map00230
WP_008806518	S	Belongs to the UPF0441 family	ygiB	-	-
WP_008806519	E	Glutathionylspermidine synthase	ygiC	-	-
WP_008806520	S	dioxygenase	ygiD	ko:K15777	ko00965,map00965
WP_008806521	P	Mediates zinc uptake. May also transport other divalent cations	zupT	ko:K07238	-
WP_008806522	S	protein conserved in bacteria	yqiC	ko:K09806	-
WP_008806527	T	sh3 domain protein	ygiM	ko:K07184	-
WP_008806529	V	Catalyzes the dephosphorylation of undecaprenyl diphosphate (UPP). Confers resistance to bacitracin	uppP	ko:K06153	ko00550,map00550
WP_008806530	I	Catalyzes the transfer of an acyl group from acyl- phosphate (acyl-PO(4)) to glycerol-3-phosphate (G3P) to form lysophosphatidic acid (LPA). This enzyme utilizes acyl-phosphate as fatty acyl donor, but not acyl-CoA or acyl-ACP	plsY	ko:K08591	ko00561,ko00564,ko01100,ko01110,map00561,map00564,map01100,map01110
WP_008806532	E	Belongs to the urease beta subunit family	ureB	ko:K01429	ko00220,ko00230,ko00791,ko01100,ko01120,map00220,map00230,map00791,map01100,map01120
WP_008806537	J	Required for the formation of a threonylcarbamoyl group on adenosine at position 37 (t(6)A37) in tRNAs that read codons beginning with adenine. Is involved in the transfer of the threonylcarbamoyl moiety of threonylcarbamoyl-AMP (TC-AMP) to the N6 group of A37, together with TsaE and TsaB. TsaD likely plays a direct catalytic role in this reaction	tsaD	ko:K01409	-
WP_008806538	L	RNA polymerase that catalyzes the synthesis of short RNA molecules used as primers for DNA polymerase during DNA replication	dnaG	ko:K02316	ko03030,map03030
WP_008806539	K	Sigma factors are initiation factors that promote the attachment of RNA polymerase to specific initiation sites and are then released. This sigma factor is the primary sigma factor during exponential growth	rpoD	ko:K03086	-
WP_008806541	M	-acetyltransferase	-	-	-
WP_008806556	C	glycerol dehydrogenase	gldA	ko:K00005,ko:K00096	ko00561,ko00564,ko00640,ko01100,map00561,map00564,map00640,map01100
WP_008806562	K	transcriptional regulator	yqjI	-	-
WP_008806564	G	Part of the ABC transporter complex LsrABCD involved in autoinducer 2 (AI-2) import. Binds AI-2 and delivers it to the LsrC and LsrD permeases	lsrB	ko:K10555	ko02010,ko02024,map02010,map02024
WP_008806577	P	membrane protein, terc	alx	ko:K05794	-
WP_008806578	E	Involved in the import of serine and threonine into the cell, with the concomitant import of sodium (symport system)	sstT	ko:K07862	-
WP_008806580	G	Catalyzes the dehydration of galactarate to form 5- dehydro-4-deoxy-D-glucarate	uxaA	ko:K01685	ko00040,ko01100,map00040,map01100
WP_008806582	G	Major facilitator superfamily	exuT	ko:K07783,ko:K08191	ko02020,map02020
WP_008806585	S	Protein of unknown function (DUF1090)	yqjC	-	-
WP_008806586	S	Membrane protein YqjD	yqjD	-	-
WP_008806587	S	Membrane	yqjE	-	-
WP_008806588	S	Membrane	yqjK	-	-
WP_008806589	O	Glutathione S-Transferase	yqjG	ko:K07393	-
WP_008806590	S	Membrane	yhaH	-	-
WP_008806591	S	Belongs to the pirin family	yhaK	ko:K06911	-
WP_008806615	S	Periplasmic or secreted lipoprotein	yraP	-	-
WP_008806616	S	permease	yraQ	ko:K07089	-
WP_008806618	S	intracellular protease	yhbO	ko:K05520	-
WP_008806619	S	Belongs to the UPF0306 family	yhbP	ko:K09979	-
WP_008806621	S	acetyltransferase	yhbS	ko:K03824	-
WP_008806622	I	lipid carrier protein	yhbT	-	-
WP_008806623	O	protease	yhbV	-	-
WP_008806624	E	amino acid	mtr	ko:K03834,ko:K03835	-
WP_008806626	J	Involved in mRNA degradation. Catalyzes the phosphorolysis of single-stranded polyribonucleotides processively in the 3'- to 5'-direction	pnp	ko:K00962	ko00230,ko00240,ko03018,map00230,map00240,map03018
WP_008806628	J	Responsible for synthesis of pseudouridine from uracil- 55 in the psi GC loop of transfer RNAs	truB	ko:K03177	-
WP_008806629	J	One of the essential components for the initiation of protein synthesis. Protects formylmethionyl-tRNA from spontaneous hydrolysis and promotes its binding to the 30S ribosomal subunits. Also involved in the hydrolysis of GTP during the formation of the 70S ribosomal complex	infB	ko:K02519	-
WP_008806630	K	Participates in both transcription termination and antitermination	nusA	ko:K02600	-
WP_008806633	S	YfaZ precursor	-	-	-
WP_008806637	O	Acts as a processive, ATP-dependent zinc metallopeptidase for both cytoplasmic and membrane proteins. Plays a role in the quality control of integral membrane proteins	ftsH	ko:K03798	-
WP_008806638	J	Specifically methylates the uridine in position 2552 of 23S rRNA at the 2'-O position of the ribose in the fully assembled 50S ribosomal subunit	ftsJ	ko:K02427	-
WP_008806639	K	Necessary for efficient RNA polymerase transcription elongation past template-encoded arresting sites. The arresting sites in DNA have the property of trapping a certain fraction of elongating RNA polymerases that pass through, resulting in locked ternary complexes. Cleavage of the nascent transcript by cleavage factors such as GreA or GreB allows the resumption of elongation from the new 3'terminus. GreA releases sequences of 2 to 3 nucleotides	greA	ko:K03624	-
WP_008806640	M	D-alanyl-D-alanine carboxypeptidase	dacB	ko:K07259	ko00550,map00550
WP_008806641	S	An essential GTPase which binds GTP, GDP and possibly (p)ppGpp with moderate affinity, with high nucleotide exchange rates and a fairly low GTP hydrolysis rate. Plays a role in control of the cell cycle, stress response, ribosome biogenesis and in those bacteria that undergo differentiation, in morphogenesis control	obg	ko:K03979	-
WP_008806642	EG	Permeases of the drug metabolite transporter (DMT) superfamily	yhbE	-	-
WP_008806643	H	Belongs to the FPP GGPP synthase family	ispB	ko:K02523	ko00900,ko01110,map00900,map01110
WP_008806644	K	transcriptional regulator	sfsB	ko:K07724	-
WP_008806645	M	Belongs to the EPSP synthase family. MurA subfamily	murA	ko:K00790	ko00520,ko00550,ko01100,map00520,map00550,map01100
WP_008806646	S	NTP binding protein (Contains STAS domain)	mlaB	ko:K04749,ko:K07122	ko02010,map02010
WP_008806648	P	antiporter	yrbG	ko:K07301	-
WP_008806650	S	Involved in the biosynthesis of lipopolysaccharides (LPSs). Catalyzes the hydrolysis of 3-deoxy-D-manno-octulosonate 8-phosphate (KDO 8-P) to 3-deoxy-D-manno-octulosonate (KDO) and inorganic phosphate	kdsC	ko:K03270	ko00540,ko01100,map00540,map01100
WP_008806651	S	Involved in the assembly of lipopolysaccharide (LPS). Required for the translocation of LPS from the inner membrane to the outer membrane. Facilitates the transfer of LPS from the inner membrane to the periplasmic protein LptA. Could be a docking site for LptA	lptC	ko:K11719	-
WP_008806652	K	Sigma factors are initiation factors that promote the attachment of RNA polymerase to specific initiation sites and are then released	rpoN	ko:K03092	ko02020,ko05111,map02020,map05111
WP_008806653	M	Peptidoglycan polymerase that catalyzes glycan chain elongation from lipid-linked precursors	mtgA	ko:K03814	ko00550,map00550
WP_008806656	G	Catalyzes the dehydration of D-mannonate	uxuA	ko:K01686	ko00040,ko01100,map00040,map01100
WP_008806658	G	Major facilitator superfamily	-	ko:K08191	-
WP_008806659	S	radical SAM protein	yhcC	ko:K07139	-
WP_008806660	E	Glutamate synthase	gltB	ko:K00265	ko00250,ko00910,ko01100,ko01110,ko01120,ko01130,ko01230,map00250,map00910,map01100,map01110,map01120,map01130,map01230
WP_008806663	S	stringent starvation protein b	sspB	ko:K03600	-
WP_008806666	M	Belongs to the peptidase S1C family	degQ	ko:K04771,ko:K04772,ko:K08070	ko01503,ko02020,map01503,map02020
WP_008806667	M	Belongs to the peptidase S1C family	degS	ko:K04691,ko:K04772	-
WP_008806673	C	)-tartrate dehydratase	ttdB	ko:K03780	ko00630,map00630
WP_008806674	C	Tartrate	ttdA	ko:K03779	ko00630,map00630
WP_008806676	K	FCD	-	-	-
WP_008806677	K	Transcriptional regulator	-	-	-
WP_008806678	C	Catalyzes the reversible oxidation of malate to oxaloacetate	mdh	ko:K00024	ko00020,ko00270,ko00620,ko00630,ko00680,ko00710,ko00720,ko01100,ko01110,ko01120,ko01130,ko01200,map00020,map00270,map00620,map00630,map00680,map00710,map00720,map01100,map01110,map01120,map01130,map01200
WP_008806679	S	Protein of unknown function (DUF1471)	yhcN	-	-
WP_008806680	S	Protein of unknown function (DUF1471)	yhcN	-	-
WP_008806681	K	inhibitor	yhcO	ko:K03623	-
WP_008806682	U	Forms an efflux pump with AaeA. Could function as a metabolic relief valve, allowing to eliminate certain compounds when they accumulate to high levels in the cell	aaeB	ko:K03468	-
WP_008806683	V	P-hydroxybenzoic acid efflux pump subunit AaeA	aaeA	ko:K15548	-
WP_008806684	K	Transcriptional regulator	aaeR	ko:K21698	-
WP_008806685	S	'responsible for the proteolytic maturation of the E. coli pMccB17 plasmid-encoded microcin B17, an exported protein that targets the essential topoisomerase II DNA gyrase	tldD	ko:K03568	-
WP_008806686	D	Membrane	yhdP	-	-
WP_008806687	J	Involved in the processing of the 5'-end of 16S rRNA	rng	ko:K08301	-
WP_008806689	M	Involved in formation of the rod shape of the cell. May also contribute to regulation of formation of penicillin-binding proteins	mreD	ko:K03571	-
WP_008806690	M	Involved in formation and maintenance of cell shape	mreC	ko:K03570	-
WP_008806692	T	GGDEF domain	csrD	ko:K18765	-
WP_008806696	I	first, biotin carboxylase catalyzes the carboxylation of the carrier protein and then the transcarboxylase transfers the carboxyl group to form malonyl-CoA	accB	ko:K02160	ko00061,ko00620,ko00640,ko00720,ko01100,ko01110,ko01120,ko01130,ko01200,ko01212,map00061,map00620,map00640,map00720,map01100,map01110,map01120,map01130,map01200,map01212
WP_008806697	I	An AccC homodimer forms the biotin carboxylase subunit of the acetyl CoA carboxylase, an enzyme that catalyzes the formation of malonyl-CoA, which in turn controls the rate of fatty acid metabolism	accC	ko:K01961	ko00061,ko00620,ko00640,ko00720,ko01100,ko01110,ko01120,ko01130,ko01200,ko01212,map00061,map00620,map00640,map00720,map01100,map01110,map01120,map01130,map01200,map01212
WP_008806700	J	Catalyzes the synthesis of 5,6-dihydrouridine (D), a modified base found in the D-loop of most tRNAs, via the reduction of the C5-C6 double bond in target uridines	dusB	ko:K05540	-
WP_008806702	M	Belongs to the membrane fusion protein (MFP) (TC 8.A.1) family	acrE	ko:K03585,ko:K18141	ko01501,ko01503,map01501,map01503
WP_008806703	V	Belongs to the resistance-nodulation-cell division (RND) (TC 2.A.6) family	acrB	ko:K18138,ko:K18142	ko01501,ko01503,map01501,map01503
WP_008806707	H	Catalyzes the phosphorylation of ribose at O-5 in a reaction requiring ATP and magnesium. The resulting D-ribose-5- phosphate can then be used either for sythesis of nucleotides, histidine, and tryptophan, or as a component of the pentose phosphate pathway	rbsK	ko:K00852	ko00030,map00030
WP_008806708	G	Periplasmic	rbsB	ko:K10439	ko02010,ko02030,map02010,map02030
WP_008806709	P	Belongs to the binding-protein-dependent transport system permease family	rbsC	ko:K10440	ko02010,map02010
WP_008806715	E	aspartate--ammonia ligase	asnA	ko:K01914	ko00250,ko00460,ko01100,ko01110,ko01230,map00250,map00460,map01100,map01110,map01230
WP_008806716	C	flavodoxin binds one FMN molecule, which serves as a redox-active prosthetic group	mioC	ko:K06205	-
WP_008806718	J	Specifically methylates the N7 position of guanine in position 527 of 16S rRNA	rsmG	ko:K03501	-
WP_008806722	C	Produces ATP from ADP in the presence of a proton gradient across the membrane. The gamma chain is believed to be important in regulating ATPase activity and the flow of protons through the CF(0) complex	atpG	ko:K02115	ko00190,ko00195,ko01100,map00190,map00195,map01100
WP_008806723	C	Produces ATP from ADP in the presence of a proton gradient across the membrane. The catalytic sites are hosted primarily by the beta subunits	atpD	ko:K02112	ko00190,ko00195,ko01100,map00190,map00195,map01100
WP_008806724	C	Produces ATP from ADP in the presence of a proton gradient across the membrane	atpC	ko:K02114	ko00190,ko00195,ko01100,map00190,map00195,map01100
WP_008806727	M	Catalyzes the first step in hexosamine metabolism, converting fructose-6P into glucosamine-6P using glutamine as a nitrogen source	glmS	ko:K00820	ko00250,ko00520,ko01100,ko01130,ko04931,map00250,map00520,map01100,map01130,map04931
WP_008806730	P	phosphate transport system permease	pstA	ko:K02038	ko02010,map02010
WP_008806733	G	glucosamine-6-phosphate deaminase activity	yieK	-	-
WP_008806734	S	HAD-superfamily hydrolase subfamily IA, variant 3	yieH	-	-
WP_008806735	S	permease	purP	ko:K06901	-
WP_008806736	S	NAD(P)H-dependent FMN reductase	yieF	ko:K19784	-
WP_008806740	J	Exhibits a very high intrinsic GTPase hydrolysis rate. Involved in the addition of a carboxymethylaminomethyl (cmnm) group at the wobble position (U34) of certain tRNAs, forming tRNA- cmnm(5)s(2)U34	mnmE	ko:K03650	-
WP_008806741	U	Required for the insertion and or proper folding and or complex formation of integral membrane proteins into the membrane. Involved in integration of membrane proteins that insert both dependently and independently of the Sec translocase complex, as well as at least some lipoproteins. Aids folding of multispanning membrane proteins	yidC	ko:K03217	ko02024,ko03060,ko03070,map02024,map03060,map03070
WP_008806743	L	Confers DNA tethering and processivity to DNA polymerases and other proteins. Acts as a clamp, forming a ring around DNA (a reaction catalyzed by the clamp-loading complex) which diffuses in an ATP-independent manner freely and bidirectionally along dsDNA. Initially characterized for its ability to contact the catalytic subunit of DNA polymerase III (Pol III), a complex, multichain enzyme responsible for most of the replicative synthesis in bacteria	dnaN	ko:K02338	ko00230,ko00240,ko01100,ko03030,ko03430,ko03440,map00230,map00240,map01100,map03030,map03430,map03440
WP_008806746	S	member of the haloacid dehalogenase-like hydrolases superfamily and Cof family of proteins	yidA	-	-
WP_008806750	O	Associates with aggregated proteins, together with IbpA, to stabilize and protect them from irreversible denaturation and extensive proteolysis during heat shock and oxidative stress. Aggregated proteins bound to the IbpAB complex are more efficiently refolded and reactivated by the ATP-dependent chaperone systems ClpB and DnaK DnaJ GrpE. Its activity is ATP- independent	ibpB	ko:K04081	-
WP_008806755	S	Membrane	yidG	-	-
WP_008806764	K	response regulator	uhpA	ko:K07686,ko:K07689	ko02020,ko02025,ko02026,ko05111,map02020,map02025,map02026,map05111
WP_008806772	S	Extradiol catechol dioxygenase that catalyzes the oxidative cleavage of substituted catechols	ligB	ko:K04099,ko:K04101	ko00362,ko00624,ko00627,ko01120,map00362,map00624,map00627,map01120
WP_008806790	S	Antioxidant protein with alkyl hydroperoxidase activity. Required for the reduction of the AhpC active site cysteine residues and for the regeneration of the AhpC enzyme activity	-	-	-
WP_008806791	K	Transcriptional	ykgD	ko:K18991,ko:K21746	-
WP_008806799	S	Antibiotic biosynthesis monooxygenase	-	-	-
WP_008806800	C	Belongs to the zinc-containing alcohol dehydrogenase family. Quinone oxidoreductase subfamily	-	-	-
WP_008806808	F	xanthine	xanP	ko:K03458,ko:K16345	-
WP_008806810	F	Key enzyme in the regulation of glycerol uptake and metabolism. Catalyzes the phosphorylation of glycerol to yield sn- glycerol 3-phosphate	glpK	ko:K00864	ko00561,ko01100,ko03320,ko04626,map00561,map01100,map03320,map04626
WP_008806812	D	Non-essential, abundant cell division factor that is required for proper Z-ring formation. It is recruited early to the divisome by direct interaction with FtsZ, stimulating Z-ring assembly and thereby promoting cell division earlier in the cell cycle. Its recruitment to the Z-ring requires functional FtsA or ZipA	zapB	ko:K09892	-
WP_008806815	S	Protein of unknown function (DUF1454)	yiiQ	-	-
WP_008806817	J	Catalyzes the 2'-O methylation of guanosine at position 18 in tRNA	trmH	ko:K00556	-
WP_008806818	KT	In eubacteria ppGpp (guanosine 3'-diphosphate 5-' diphosphate) is a mediator of the stringent response that coordinates a variety of cellular activities in response to changes in nutritional abundance	spoT	ko:K00951,ko:K01139	ko00230,map00230
WP_008806826	V	HlyD family secretion protein	-	ko:K01993	-
WP_008806829	F	Catalyzes the transfer of a ribosyl phosphate group from 5-phosphoribose 1-diphosphate to orotate, leading to the formation of orotidine monophosphate (OMP)	pyrE	ko:K00762	ko00240,ko01100,map00240,map01100
WP_008806830	G	SMP-30/Gluconolaconase/LRE-like region	-	ko:K01053	ko00030,ko00053,ko00930,ko01100,ko01110,ko01120,ko01130,ko01200,ko01220,map00030,map00053,map00930,map01100,map01110,map01120,map01130,map01200,map01220
WP_008806831	D	Required for nucleoid occlusion (NO) phenomenon, which prevents Z-ring formation and cell division over the nucleoid. Acts as a DNA-associated cell division inhibitor that binds simultaneously chromosomal DNA and FtsZ, and disrupts the assembly of FtsZ polymers. SlmA-DNA-binding sequences (SBS) are dispersed on non-Ter regions of the chromosome, preventing FtsZ polymerization at these regions	slmA	ko:K05501	-
WP_008806836	H	Reversibly transfers an adenylyl group from ATP to 4'- phosphopantetheine, yielding dephospho-CoA (dPCoA) and pyrophosphate	coaD	ko:K00954	ko00770,ko01100,map00770,map01100
WP_008806837	M	Glycosyl transferase	waaE	ko:K12984	-
WP_008806838	M	Transferase	kdtA	ko:K02527	ko00540,ko01100,map00540,map01100
WP_008806847	M	lipopolysaccharide heptosyltransferase I	rfaC	ko:K02841	ko00540,ko01100,map00540,map01100
WP_008806848	M	heptosyltransferase	rfaF	ko:K02843	ko00540,ko01100,map00540,map01100
WP_008806849	GM	Catalyzes the interconversion between ADP-D-glycero- beta-D-manno-heptose and ADP-L-glycero-beta-D-manno-heptose via an epimerization at carbon 6 of the heptose	hldD	ko:K03274	ko00540,ko01100,map00540,map01100
WP_008806853	D	peptidase	envC	-	-
WP_008806854	G	Catalyzes the interconversion of 2-phosphoglycerate and 3-phosphoglycerate	gpmI	ko:K15633	ko00010,ko00260,ko00680,ko01100,ko01110,ko01120,ko01130,ko01200,ko01230,map00010,map00260,map00680,map01100,map01110,map01120,map01130,map01200,map01230
WP_008806855	P	rhodanese-related sulfurtransferase	yibN	ko:K01011	ko00270,ko00920,ko01100,ko01120,ko04122,map00270,map00920,map01100,map01120,map04122
WP_008806856	O	Has a glutathione-disulfide oxidoreductase activity in the presence of NADPH and glutathione reductase. Reduces low molecular weight disulfides and proteins	grxC	ko:K03676	-
WP_008806857	I	Glycerol-3-phosphate dehydrogenase	gpsA	ko:K00057	ko00564,ko01110,map00564,map01110
WP_008806858	C	Catalyzes the conversion of L-lactate to pyruvate. Is coupled to the respiratory chain	lldD	ko:K00101	ko00620,ko01100,map00620,map01100
WP_008806859	K	Represses the lctPRD operon	lldR	ko:K14348	-
WP_008806860	C	L-lactate permease	lldP	ko:K00427,ko:K03303	-
WP_008806861	S	Protein of unknown function (DUF2810)	yibL	ko:K14762	-
WP_008806863	C	Mannitol-1-Phosphate 5-Dehydrogenase	mtlD	ko:K00009	ko00051,map00051
WP_008806865	S	Protein of unknown function (DUF3302)	yiaW	-	-
WP_008806869	E	Valine--pyruvate aminotransferase	avtA	ko:K00835	ko00290,ko01100,ko01110,ko01130,map00290,map01100,map01110,map01130
WP_008806871	S	Mannosyl-glycoprotein endo-beta-N-acetylglucosamidase	bax	ko:K03796	-
WP_008806872	K	transcriptional regulator	xylR	ko:K02529	-
WP_008806878	S	Membrane	yiaB	-	-
WP_008806885	G	transporter	-	ko:K08195	-
WP_008806888	G	Major facilitator superfamily	kguT	-	-
WP_008806889	G	2-dehydro-3-deoxygluconokinase	kguK	ko:K00874,ko:K11441	ko00030,ko01100,ko01120,ko01200,map00030,map01100,map01120,map01200
WP_008806890	G	Xylose isomerase domain protein TIM barrel	kguE	-	-
WP_008806891	K	transcriptional regulator	ptxS	ko:K02525	-
WP_008806892	C	Belongs to the prokaryotic molybdopterin-containing oxidoreductase family	bisC	ko:K07306,ko:K07309,ko:K07812,ko:K08351	ko00450,ko00780,ko00920,ko01100,map00450,map00780,map00920,map01100
WP_008806893	K	acetyltransferase	yiaC	ko:K03826	-
WP_008806894	L	glycosylase	tag	ko:K01246	ko03410,map03410
WP_008806897	S	membrane-associated metal-dependent hydrolase	eptB	ko:K03760,ko:K12975,ko:K19353	ko00540,ko01503,map00540,map01503
WP_008806900	P	ABC-type dipeptide oligopeptide nickel transport systems, permease components	dppB	ko:K12369,ko:K19227	ko01503,ko02010,map01503,map02010
WP_008806903	P	Belongs to the ABC transporter superfamily	dppF	ko:K02032,ko:K10823,ko:K12372,ko:K19230	ko01501,ko01503,ko02010,ko02024,map01501,map01503,map02010,map02024
WP_008806906	M	Cellulose synthase	bcsA	ko:K00694,ko:K20541	ko00500,ko01100,ko02026,map00500,map01100,map02026
WP_008806912	S	Cellulose biosynthesis protein BcsF	bcsF	-	-
WP_008806916	M	Cellulose synthase	bcsB	ko:K00694,ko:K20541	ko00500,ko01100,ko02026,map00500,map01100,map02026
WP_008806920	U	Belongs to the dicarboxylate amino acid cation symporter (DAACS) (TC 2.A.23) family	dctA	ko:K11103	ko02020,map02020
WP_008806921	S	Peptidase, M16	yhjJ	ko:K07263	-
WP_008806925	S	Membrane	yhjD	ko:K07058	-
WP_008806928	J	Acetyltransferases, including N-acetylases of ribosomal proteins	ydaF_2	ko:K03790	-
WP_008806929	G	Provides the cells with the ability to utilize trehalose at high osmolarity by splitting it into glucose molecules that can subsequently be taken up by the phosphotransferase-mediated uptake system	treF	ko:K01194	ko00500,ko01100,map00500,map01100
WP_008806933	S	Specifically methylates the adenine in position 2030 of 23S rRNA	rlmJ	ko:K07115	-
WP_008806938	P	phosphate transporter	pitA	ko:K03306,ko:K16322	-
WP_008806943	S	HicA toxin of bacterial toxin-antitoxin,	-	-	-
WP_008806947	P	transport	nikC	ko:K15586	ko02010,map02010
WP_008806950	K	transcriptional regulator	-	-	-
WP_008806952	M	Catalyzes the transfer of 4-deoxy-4-formamido-L- arabinose from UDP to undecaprenyl phosphate. The modified arabinose is attached to lipid A and is required for resistance to polymyxin and cationic antimicrobial peptides	arnC	ko:K10012	ko00520,ko01503,map00520,map01503
WP_008806953	GJM	Bifunctional enzyme that catalyzes the oxidative decarboxylation of UDP-glucuronic acid (UDP-GlcUA) to UDP-4-keto- arabinose (UDP-Ara4O) and the addition of a formyl group to UDP-4- amino-4-deoxy-L-arabinose (UDP-L-Ara4N) to form UDP-L-4-formamido- arabinose (UDP-L-Ara4FN). The modified arabinose is attached to lipid A and is required for resistance to polymyxin and cationic antimicrobial peptides	arnA	ko:K01784,ko:K10011	ko00052,ko00520,ko01100,ko01503,map00052,map00520,map01100,map01503
WP_008806954	G	Catalyzes the deformylation of 4-deoxy-4-formamido-L- arabinose-phosphoundecaprenol to 4-amino-4-deoxy-L-arabinose- phosphoundecaprenol. The modified arabinose is attached to lipid A and is required for resistance to polymyxin and cationic antimicrobial peptides	arnD	ko:K13014	ko00520,ko01503,map00520,map01503
WP_008806955	M	Catalyzes the transfer of the L-Ara4N moiety of the glycolipid undecaprenyl phosphate-alpha-L-Ara4N to lipid A. The modified arabinose is attached to lipid A and is required for resistance to polymyxin and cationic antimicrobial peptides	arnT	ko:K07264	ko01503,map01503
WP_008806956	U	Translocates 4-amino-4-deoxy-L-arabinose- phosphoundecaprenol (alpha-L-Ara4N-phosphoundecaprenol) from the cytoplasmic to the periplasmic side of the inner membrane	arnE	ko:K12962	ko01503,map01503
WP_008806957	U	Translocates 4-amino-4-deoxy-L-arabinose- phosphoundecaprenol (alpha-L-Ara4N-phosphoundecaprenol) from the cytoplasmic to the periplasmic side of the inner membrane	arnF	ko:K12963	ko01503,map01503
WP_008806958	T	permease	yhhT	ko:K11744	-
WP_008806959	EGP	MFS-type transporter	yhhS	-	-
WP_008806961	U	Involved in the import of queuosine (Q) precursors, required for Q precursor salvage	yhhQ	ko:K09125	-
WP_008806964	D	cell division ATP-binding protein FtsE	ftsE	ko:K09812	ko02010,map02010
WP_008806965	D	Part of the ABC transporter FtsEX involved in cellular division	ftsX	ko:K09811	ko02010,map02010
WP_008806968	E	Amino acid permease	-	-	-
WP_008806971	E	Belongs to the binding-protein-dependent transport system permease family	livM	ko:K01998	ko02010,ko02024,map02010,map02024
WP_008806972	E	Part of the ABC transporter complexes LivFGHMJ and LivFGHMK involved in the high-affinity transport of branched-chain amino acids	livG	ko:K01995	ko02010,ko02024,map02010,map02024
WP_008806976	P	probably responsible for the translocation of the substrate across the membrane	ugpE	ko:K05815	ko02010,map02010
WP_008806984	EG	Gluconate	gntU	ko:K06156	-
WP_008806987	G	Catalyzes the formation of the alpha-1,6-glucosidic linkages in glycogen by scission of a 1,4-alpha-linked oligosaccharide from growing alpha-1,4-glucan chains and the subsequent attachment of the oligosaccharide to the alpha-1,6 position	glgB	ko:K00700	ko00500,ko01100,ko01110,map00500,map01100,map01110
WP_008806989	H	Catalyzes the synthesis of ADP-glucose, a sugar donor used in elongation reactions on alpha-glucans	glgC	ko:K00975	ko00500,ko00520,ko01100,ko01110,ko02026,map00500,map00520,map01100,map01110,map02026
WP_008806990	G	Phosphorylase is an important allosteric enzyme in carbohydrate metabolism. Enzymes from different sources differ in their regulatory mechanisms and in their natural substrates. However, all known phosphorylases share catalytic and structural properties	glgP	ko:K00688	ko00500,ko01100,ko01110,ko02026,ko04217,ko04910,ko04922,ko04931,map00500,map01100,map01110,map02026,map04217,map04910,map04922,map04931
WP_008806994	S	Rhomboid-type serine protease that catalyzes intramembrane proteolysis	glpG	ko:K02441	-
WP_008806995	K	transcriptional regulator	glpR	ko:K02444	-
WP_008806996	K	Positively regulates the transcription of the maltose regulon whose gene products are responsible for uptake and catabolism of malto-oligosaccharides. Binds and recognizes a DNA motif (called the malT box) 5'-GGA TG GA-3'	malT	ko:K03556	-
WP_008806999	EG	Gluconate	gntT	ko:K06155	-
WP_008807002	P	Transporter of a GTP-driven Fe(2 ) uptake system	feoB	ko:K04759	-
WP_008807004	K	Necessary for efficient RNA polymerase transcription elongation past template-encoded arresting sites. The arresting sites in DNA have the property of trapping a certain fraction of elongating RNA polymerases that pass through, resulting in locked ternary complexes. Cleavage of the nascent transcript by cleavage factors such as GreA or GreB allows the resumption of elongation from the new 3'terminus. GreB releases sequences of up to 9 nucleotides in length	greB	ko:K04760	-
WP_008807005	T	Histidine kinase	envZ	ko:K07638	ko02020,ko02026,map02020,map02026
WP_008807006	H	Involved in the gluconeogenesis. Catalyzes the conversion of oxaloacetate (OAA) to phosphoenolpyruvate (PEP) through direct phosphoryl transfer between the nucleoside triphosphate and OAA	pckA	ko:K01610	ko00010,ko00020,ko00620,ko00710,ko01100,ko01110,ko01120,ko01130,ko01200,map00010,map00020,map00620,map00710,map01100,map01110,map01120,map01130,map01200
WP_008807007	O	Redox regulated molecular chaperone. Protects both thermally unfolding and oxidatively damaged proteins from irreversible aggregation. Plays an important role in the bacterial defense system toward oxidative stress	hslO	ko:K04083	-
WP_008807008	J	Belongs to the HSP15 family	hslR	ko:K04762	-
WP_008807011	M	penicillin-binding protein 1A	mrcA	ko:K05366	ko00550,ko01100,ko01501,map00550,map01100,map01501
WP_008807019	L	Site-specific DNA-methyltransferase (Adenine-specific)	dam	ko:K06223	ko03430,map03430
WP_008807020	G	Belongs to the ribulose-phosphate 3-epimerase family	rpe	ko:K01783	ko00030,ko00040,ko00710,ko01100,ko01110,ko01120,ko01130,ko01200,ko01230,map00030,map00040,map00710,map01100,map01110,map01120,map01130,map01200,map01230
WP_008807021	G	Phosphoglycolate phosphatase	gph	ko:K01091	ko00630,ko01100,ko01110,ko01130,map00630,map01100,map01110,map01130
WP_008807022	J	Tryptophanyl-tRNA synthetase	trpS	ko:K01867	ko00970,map00970
WP_008807023	H	Multifunctional enzyme that catalyzes the SAM-dependent methylations of uroporphyrinogen III at position C-2 and C-7 to form precorrin-2 via precorrin-1. Then it catalyzes the NAD- dependent ring dehydrogenation of precorrin-2 to yield sirohydrochlorin. Finally, it catalyzes the ferrochelation of sirohydrochlorin to yield siroheme	cysG	ko:K02302,ko:K02304	ko00860,ko01100,ko01110,ko01120,map00860,map01100,map01110,map01120
WP_008807025	C	Belongs to the nitrite and sulfite reductase 4Fe-4S domain family	nirB	ko:K00362	ko00910,ko01120,map00910,map01120
WP_008807028	D	cell filamentation protein Fic	fic	ko:K04095	-
WP_008807030	E	aminotransferase	argD	ko:K00821,ko:K00840	ko00220,ko00300,ko00330,ko01100,ko01110,ko01120,ko01130,ko01210,ko01230,map00220,map00300,map00330,map01100,map01110,map01120,map01130,map01210,map01230
WP_008807033	G	Phosphoribulokinase	prkB	ko:K00855	ko00710,ko01100,ko01120,ko01200,map00710,map01100,map01120,map01200
WP_008807036	S	ABC transporter	yheS	ko:K06158	-
WP_008807037	S	Regulatory subunit of a potassium efflux system that confers protection against electrophiles. Required for full activity of KefB	kefG	ko:K11748	-
WP_008807039	G	Peptidyl-prolyl cis-trans	slyD	ko:K03775	-
WP_008807041	P	Part of a sulfur-relay system required for 2-thiolation of 5-methylaminomethyl-2-thiouridine (mnm(5)s(2)U) at tRNA wobble positions. Accepts sulfur from TusA and transfers it in turn to TusE	tusD	ko:K07235	ko04122,map04122
WP_008807043	P	Part of a sulfur-relay system required for 2-thiolation of 5-methylaminomethyl-2-thiouridine (mnm(5)s(2)U) at tRNA wobble positions	tusB	ko:K07237	ko04122,map04122
WP_008807044	J	One of the primary rRNA binding proteins, it binds directly to 16S rRNA where it nucleates assembly of the head domain of the 30S subunit. Is located at the subunit interface close to the decoding center, probably blocks exit of the E-site tRNA	rpsG	ko:K02992	ko03010,map03010
WP_008807045	J	Catalyzes the GTP-dependent ribosomal translocation step during translation elongation. During this step, the ribosome changes from the pre-translocational (PRE) to the post- translocational (POST) state as the newly formed A-site-bound peptidyl-tRNA and P-site-bound deacylated tRNA move to the P and E sites, respectively. Catalyzes the coordinated movement of the two tRNA molecules, the mRNA and conformational changes in the ribosome	fusA	ko:K02355	-
WP_008807047	NOU	Cleaves type-4 fimbrial leader sequence and methylates the N-terminal (generally Phe) residue	outO	ko:K02464,ko:K02506,ko:K02654	ko03070,map03070
WP_008807048	J	One of the primary rRNA binding proteins, it binds directly to 16S rRNA central domain where it helps coordinate assembly of the platform of the 30S subunit	rpsH	ko:K02994	ko03010,map03010
WP_008807049	J	This protein binds to the 23S rRNA, and is important in its secondary structure. It is located near the subunit interface in the base of the L7 L12 stalk, and near the tRNA binding site of the peptidyltransferase center	rplF	ko:K02933	ko03010,map03010
WP_008807050	U	The central subunit of the protein translocation channel SecYEG. Consists of two halves formed by TMs 1-5 and 6-10. These two domains form a lateral gate at the front which open onto the bilayer between TMs 2 and 7, and are clamped together by SecE at the back. The channel is closed by both a pore ring composed of hydrophobic SecY resides and a short helix (helix 2A) on the extracellular side of the membrane which forms a plug. The plug probably moves laterally to allow the channel to open. The ring and the pore may move independently	secY	ko:K03076	ko02024,ko03060,ko03070,map02024,map03060,map03070
WP_008807052	S	PFAM DnaJ homologue, subfamily C, member 28, conserved domain	yhdN	-	-
WP_008807053	K	transcriptional regulator	zntR	ko:K08365,ko:K13638	-
WP_008807054	S	Domain of unknown function	arfA	ko:K09890	-
WP_008807056	J	Specifically methylates the cytosine at position 967 (m5C967) of 16S rRNA	sun	ko:K03500	-
WP_008807057	J	Attaches a formyl group to the free amino group of methionyl-tRNA(fMet). The formyl group appears to play a dual role in the initiator identity of N-formylmethionyl-tRNA by promoting its recognition by IF2 and preventing the misappropriation of this tRNA by the elongation apparatus	fmt	ko:K00604	ko00670,ko00970,map00670,map00970
WP_008807058	J	Removes the formyl group from the N-terminal Met of newly synthesized proteins. Requires at least a dipeptide for an efficient rate of reaction. N-terminal L-methionine is a prerequisite for activity but the enzyme has broad specificity at other positions	def	ko:K01462	-
WP_008807059	LU	Rossmann fold nucleotide-binding protein involved in DNA uptake	smf	ko:K04096	-
WP_008807060	S	Belongs to the Smg family	smg	ko:K03747	-
WP_008807062	J	Required for the formation of a threonylcarbamoyl group on adenosine at position 37 (t(6)A37) in tRNAs that read codons beginning with adenine. Catalyzes the conversion of L-threonine, HCO(3)(-) CO(2) and ATP to give threonylcarbamoyl-AMP (TC-AMP) as the acyladenylate intermediate, with the release of diphosphate	tsaC	ko:K07566	-
WP_008807063	E	Involved in the biosynthesis of the chorismate, which leads to the biosynthesis of aromatic amino acids. Catalyzes the reversible NADPH linked reduction of 3-dehydroshikimate (DHSA) to yield shikimate (SA)	aroE	ko:K00014	ko00400,ko01100,ko01110,ko01130,ko01230,map00400,map01100,map01110,map01130,map01230
WP_008807065	S	COG0663 Carbonic anhydrases acetyltransferases, isoleucine patch superfamily	yrdA	-	-
WP_008807068	KT	Transcriptional regulatory protein, C terminal	cusR	ko:K07665	ko02020,map02020
WP_008807073	K	Membrane	-	-	-
WP_008807075	K	Transcriptional regulator	ycgE	ko:K21972,ko:K22491	-
WP_008807115	E	Belongs to the TPP enzyme family	iolD	ko:K03336	ko00562,ko01100,ko01120,map00562,map01100,map01120
WP_008807119	S	ATP-binding protein	yjgR	ko:K06915	-
WP_008807120	S	permease	lptG	ko:K11720	ko02010,map02010
WP_008807121	E	Presumably involved in the processing and regular turnover of intracellular proteins. Catalyzes the removal of unsubstituted N-terminal amino acids from various peptides	pepA	ko:K01255	ko00480,ko01100,map00480,map01100
WP_008807122	L	DNA polymerase III chi subunit	holC	ko:K02339	ko00230,ko00240,ko01100,ko03030,ko03430,ko03440,map00230,map00240,map01100,map03030,map03430,map03440
WP_008807124	K	Acetyltransferase	yjgM	ko:K03828	-
WP_008807126	S	Globally modulates RNA abundance by binding to RNase E (Rne) and regulating its endonucleolytic activity. Can modulate Rne action in a substrate-dependent manner by altering the composition of the degradosome	rraB	ko:K09893	-
WP_008807128	G	Toxin-antitoxin biofilm protein TabA	tabA	ko:K19334	-
WP_008807131	G	pts system	treB	ko:K02818,ko:K02819	ko00500,ko02060,map00500,map02060
WP_008807137	S	2-dehydro-3-deoxyphosphooctonate aldolase	-	-	-
WP_008807140	S	PRD domain protein	-	-	-
WP_008807141	S	Protease involved in proteolytic processing of the antibiotic Microcin B17 and in sensitivity to the DNA gyrase inhibitor LetD	pmbA	ko:K03592	-
WP_008807144	G	D-fructose-1,6-bisphosphate 1-phosphohydrolase class 1	fbp	ko:K03841	ko00010,ko00030,ko00051,ko00680,ko00710,ko01100,ko01110,ko01120,ko01130,ko01200,ko04152,ko04910,map00010,map00030,map00051,map00680,map00710,map01100,map01110,map01120,map01130,map01200,map04152,map04910
WP_008807145	G	Belongs to the binding-protein-dependent transport system permease family	ytfT	ko:K02057,ko:K10440	ko02010,map02010
WP_008807146	P	import. Responsible for energy coupling to the transport system	ytfR	ko:K02056,ko:K10441,ko:K10542,ko:K10545,ko:K10562,ko:K17204,ko:K17215	ko02010,map02010
WP_008807147	G	Periplasmic binding protein LacI transcriptional regulator	ytfQ	ko:K02058	-
WP_008807149	S	AIG2 family	ytfP	-	-
WP_008807151	M	COG0729 Outer membrane protein	ytfM	ko:K07278	-
WP_008807152	O	Has an important function as a repair enzyme for proteins that have been inactivated by oxidation. Catalyzes the reversible oxidation-reduction of methionine sulfoxide in proteins to methionine	msrA	ko:K07304	-
WP_008807153	H	triphosphoribosyl-dephospho-CoA synthase activity	mdcB	ko:K13930	-
WP_008807155	EM	Belongs to the DapA family	-	ko:K01714	ko00261,ko00300,ko01100,ko01110,ko01120,ko01130,ko01230,map00261,map00300,map01100,map01110,map01120,map01130,map01230
WP_008807158	P	Hemolysins and related proteins containing CBS domains	ytfL	-	-
WP_008807170	E	amino acid	cycA	ko:K11737	-
WP_008807173	J	Binds to the 23S rRNA	rplI	ko:K02939	ko03010,map03010
WP_008807174	J	Binds together with S18 to 16S ribosomal RNA	rpsF	ko:K02990	ko03010,map03010
WP_008807178	G	3-epimerase	ulaE	ko:K03079	ko00040,ko00053,ko01100,ko01120,map00040,map00053,map01100,map01120
WP_008807179	G	Catalyzes the decarboxylation of 3-keto-L-gulonate-6-P into L-xylulose-5-P. Is involved in the anaerobic L-ascorbate utilization	ulaD	ko:K03078	ko00040,ko00053,ko01100,ko01120,map00040,map00053,map01100,map01120
WP_008807180	G	Phosphotransferase System	ulaC	ko:K02821	ko00053,ko01100,ko01120,ko02060,map00053,map01100,map01120,map02060
WP_008807183	K	transcriptional regulator	ulaR	ko:K03477	-
WP_008807185	S	In Escherichia coli, mutation of this gene affects biofilm maturation, stress response, and motility	bsmA	-	-
WP_008807186	S	Protein of unknown function (DUF1471)	yjfN	-	-
WP_008807189	J	3'-5' exoribonuclease that releases 5'-nucleoside monophosphates and is involved in maturation of structured RNAs	rnr	ko:K12573	ko03018,map03018
WP_008807190	F	Plays an important role in the de novo pathway of purine nucleotide biosynthesis. Catalyzes the first committed step in the biosynthesis of AMP from IMP	purA	ko:K01939	ko00230,ko00250,ko01100,map00230,map00250,map01100
WP_008807192	S	-	-	-	-
WP_008807195	L	This protein is involved in the repair of mismatches in DNA. It is required for dam-dependent methyl-directed DNA mismatch repair. May act as a molecular matchmaker , a protein that promotes the formation of a stable complex between two or more DNA-binding proteins in an ATP-dependent manner without itself being part of a final effector complex	mutL	ko:K03572	ko03430,map03430
WP_008807196	M	N-acetylmuramoyl-L-alanine amidase	amiB	ko:K01448	ko01503,map01503
WP_008807197	S	ATPase or kinase	yjeE	ko:K06925	-
WP_008807198	C	Catalyzes the conversion of epoxyqueuosine (oQ) to queuosine (Q), which is a hypermodified base found in the wobble positions of tRNA(Asp), tRNA(Asn), tRNA(His) and tRNA(Tyr)	queG	ko:K18979	-
WP_008807200	ET	belongs to the bacterial solute-binding protein 3 family	artJ_3	ko:K09996	ko02010,map02010
WP_008807202	S	One of several proteins that assist in the late maturation steps of the functional core of the 30S ribosomal subunit. Helps release RbfA from mature subunits. May play a role in the assembly of ribosomal proteins into the subunit. Circularly permuted GTPase that catalyzes slow GTP hydrolysis, GTPase activity is stimulated by the 30S ribosomal subunit	rsgA	ko:K06949	ko00730,ko01100,map00730,map01100
WP_008807206	J	With EpmB is involved in the beta-lysylation step of the post-translational modification of translation elongation factor P (EF-P). Catalyzes the ATP-dependent activation of (R)-beta-lysine produced by EpmB, forming a lysyl-adenylate, from which the beta- lysyl moiety is then transferred to the epsilon-amino group of a conserved specific lysine residue in EF-P	epmA	ko:K04568	-
WP_008807207	C	Belongs to the FAD-dependent oxidoreductase 2 family. FRD SDH subfamily	frdA	ko:K00244	ko00020,ko00190,ko00620,ko00650,ko00720,ko01100,ko01110,ko01120,ko01130,ko01200,ko02020,map00020,map00190,map00620,map00650,map00720,map01100,map01110,map01120,map01130,map01200,map02020
WP_008807208	M	Outer Membrane Lipoprotein	blc	ko:K03098	-
WP_008807209	U	multidrug resistance protein	sugE	ko:K03297,ko:K11741	-
WP_008807210	C	lysine 2,3-aminomutase	epmB	ko:K01843,ko:K19810	ko00310,map00310
WP_008807212	NU	Usher protein	-	ko:K07347	ko05133,map05133
WP_008807213	NU	Fimbrial protein	-	-	-
WP_008807216	V	COG2274 ABC-type bacteriocin lantibiotic exporters, contain an N-terminal double-glycine peptidase domain	-	ko:K06147,ko:K13409	ko02010,ko04626,map02010,map04626
WP_008807217	S	YjeJ-like	yjeJ	-	-
WP_008807218	O	Prevents misfolding and promotes the refolding and proper assembly of unfolded polypeptides generated under stress conditions	groL	ko:K04077	ko03018,ko04212,ko04940,ko05134,ko05152,map03018,map04212,map04940,map05134,map05152
WP_008807221	S	Responsible for the transport of C4-dicarboxylates from the periplasm across the inner membrane	dcuA	ko:K07791	-
WP_008807222	P	Involved in resistance toward heavy metals	cutA	ko:K03926	-
WP_008807230	M	Poly-beta-1,6-N-acetyl-D-glucosamine synthase	pgaC	ko:K11936	ko02026,map02026
WP_008807231	S	PgaD-like protein	pgaD	ko:K11937	ko02026,map02026
WP_008807232	O	Dsba oxidoreductase	-	-	-
WP_008807234	O	displays overlapping activities with DnaJ, but functions under different conditions, probably acting as a molecular chaperone in an adaptive response to environmental stresses other than heat shock. Lacks autonomous chaperone activity	cbpA	ko:K05516	-
WP_008807237	G	COG2211 Na melibiose symporter and related transporters	melB	ko:K03292,ko:K11104	-
WP_008807239	K	melibiose operon regulatory protein	melR	-	-
WP_008807240	EGP	transporter	proP	ko:K03762	-
WP_008807241	P	Alkylphosphonate utilization operon protein PhnA	phnA	ko:K06193	ko01120,map01120
WP_008807244	P	phosphonate C-P lyase system protein PhnH	phnH	ko:K06165	ko00440,map00440
WP_008807245	P	Phosphonate	phnI	ko:K06164	ko00440,map00440
WP_008807250	S	Carbon-phosphorus lyase complex accessory protein	phnP	ko:K06167	ko00440,map00440
WP_008807253	P	import. Responsible for energy coupling to the transport system	rbsA2	ko:K02056,ko:K10441,ko:K10542,ko:K10545,ko:K10562,ko:K17204,ko:K17215	ko02010,map02010
WP_008807257	K	Transcriptional regulator, AbiEi antitoxin N-terminal domain	-	-	-
WP_008807258	K	response regulator	-	ko:K02483	-
WP_008807269	M	effector of murein hydrolase	yohK_2	-	-
WP_008807272	S	permease	yjcD	ko:K06901	-
WP_008807273	O	Belongs to the GST superfamily	gstA	ko:K00799	ko00480,ko00980,ko00982,ko00983,ko01524,ko05200,ko05204,ko05225,ko05418,map00480,map00980,map00982,map00983,map01524,map05200,map05204,map05225,map05418
WP_008807274	T	signal transduction protein containing sensor and EAL	yjcC	-	-
WP_008807275	S	membrane	yjcB	-	-
WP_008807276	P	Binding-protein-dependent transport systems inner membrane component	Z012_03370	ko:K02053	ko02024,map02024
WP_008807277	P	Binding-protein-dependent transport systems inner membrane component	-	-	-
WP_008807281	K	transcriptional regulator	-	-	-
WP_008807283	S	Inhibits RpoS proteolysis by regulating RssB activity, thereby increasing the stability of the sigma stress factor RpoS during magnesium starvation	iraM	ko:K21638	-
WP_008807284	K	Transcriptional regulator	-	-	-
WP_008807292	L	Plays an important role in DNA replication, recombination and repair. Binds to ssDNA and to an array of partner proteins to recruit them to their sites of action during DNA metabolism	ssb	ko:K03111	ko03030,ko03430,ko03440,map03030,map03430,map03440
WP_008807293	L	The UvrABC repair system catalyzes the recognition and processing of DNA lesions. UvrA is an ATPase and a DNA-binding protein. A damage recognition complex composed of 2 UvrA and 2 UvrB subunits scans DNA for abnormalities. When the presence of a lesion has been verified by UvrB, the UvrA molecules dissociate	uvrA	ko:K03701	ko03420,map03420
WP_008807294	S	protein conserved in bacteria	yjbR	-	-
WP_008807295	S	Secondary thiamine-phosphate synthase enzyme	yjbQ	-	-
WP_008807297	E	aminotransferase	tyrB	ko:K00832	ko00270,ko00350,ko00360,ko00400,ko00401,ko00950,ko00960,ko01100,ko01110,ko01130,ko01230,map00270,map00350,map00360,map00400,map00401,map00950,map00960,map01100,map01110,map01130,map01230
WP_008807299	L	it exhibits DNA-dependent ATPase activity and contains distinct active sites for ATP binding, DNA binding, and interaction with DnaC protein, primase, and other prepriming proteins	dnaB	ko:K02314	ko03030,ko04112,map03030,map04112
WP_008807306	M	Recycling of diacylglycerol produced during the turnover of membrane phospholipid	dgkA	ko:K00901	ko00561,ko00564,ko01100,ko01110,ko04070,ko04072,ko05231,map00561,map00564,map01100,map01110,map04070,map04072,map05231
WP_008807307	I	Belongs to the GPAT DAPAT family	plsB	ko:K00631	ko00561,ko00564,ko01100,ko01110,map00561,map00564,map01100,map01110
WP_008807308	H	Catalyzes the prenylation of para-hydroxybenzoate (PHB) with an all-trans polyprenyl group. Mediates the second step in the final reaction sequence of ubiquinone-8 (UQ-8) biosynthesis, which is the condensation of the polyisoprenoid side chain with PHB, generating the first membrane-bound Q intermediate 3- octaprenyl-4-hydroxybenzoate	ubiA	ko:K03179	ko00130,ko01100,ko01110,map00130,map01100,map01110
WP_008807309	H	Removes the pyruvyl group from chorismate, with concomitant aromatization of the ring, to provide 4- hydroxybenzoate (4HB) for the ubiquinone pathway	ubiC	ko:K03181	ko00130,ko01100,ko01110,map00130,map01100,map01110
WP_008807310	S	maltose operon periplasmic	malM	ko:K05775	-
WP_008807311	M	involved in the transport of maltose and maltodextrins	lamB	ko:K02024	-
WP_008807312	P	Belongs to the ABC transporter superfamily	malK	ko:K10111	ko02010,map02010
WP_008807313	G	Functions in the MalKFGE ABC transporter complex to transport maltose into the cell by using ATP hydrolysis	malE	ko:K10108,ko:K15770	ko02010,ko02030,map02010,map02030
WP_008807314	P	transport	malF	ko:K10109,ko:K15771	ko02010,map02010
WP_008807315	K	acetyltransferase	-	-	-
WP_008807319	K	conserved small protein	-	-	-
WP_008807321	J	Belongs to the pseudouridine synthase RsuA family	rluF	ko:K06182,ko:K06183	-
WP_008807323	E	L-sorbose 1-phosphate reductase	sorE	ko:K19956	ko00051,map00051
WP_008807325	P	Na Pi-Cotransporter	yjbB	ko:K03324	-
WP_008807326	E	methionine synthase	metH	ko:K00548	ko00270,ko00450,ko00670,ko01100,ko01110,ko01230,map00270,map00450,map00670,map01100,map01110,map01230
WP_008807330	C	Involved in the glycolate utilization. Catalyzes the condensation and subsequent hydrolysis of acetyl-coenzyme A (acetyl-CoA) and glyoxylate to form malate and CoA	aceB	ko:K01638	ko00620,ko00630,ko01100,ko01110,ko01120,ko01200,map00620,map00630,map01100,map01110,map01120,map01200
WP_008807331	E	Transfers a succinyl group from succinyl-CoA to L- homoserine, forming succinyl-L-homoserine	metAS	ko:K00651	ko00270,ko00920,ko01100,ko01110,ko01230,map00270,map00920,map01100,map01110,map01230
WP_008807332	K	Acetyltransferase	yjaB	ko:K03827	-
WP_008807333	E	D,D-heptose 1,7-bisphosphate phosphatase	gmhB	ko:K03273	ko00540,ko01100,map00540,map01100
WP_008807334	P	Part of the ABC transporter complex MetNIQ involved in methionine import. Responsible for energy coupling to the transport system	metN	ko:K02071	ko02010,map02010
WP_008807336	P	Belongs to the NlpA lipoprotein family	metQ	ko:K02072,ko:K02073	ko02010,map02010
WP_008807337	M	Essential component of the Rcs signaling system, which controls transcription of numerous genes. Plays a role in signal transduction from the cell surface to the histidine kinase RcsC. May detect outer membrane defects	rcsF	ko:K06080	ko02020,map02020
WP_008807338	P	PFAM Uncharacterised protein family UPF0066	yaeB	-	-
WP_008807342	J	chain release factor	yaeJ	ko:K15034	-
WP_008807345	I	Component of the acetyl coenzyme A carboxylase (ACC) complex. First, biotin carboxylase catalyzes the carboxylation of biotin on its carrier protein (BCCP) and then the CO(2) group is transferred by the carboxyltransferase to acetyl-CoA to form malonyl-CoA	accA	ko:K01962	ko00061,ko00620,ko00640,ko00720,ko01100,ko01110,ko01120,ko01130,ko01200,ko01212,map00061,map00620,map00640,map00720,map01100,map01110,map01120,map01130,map01200,map01212
WP_008807350	M	as the acyl donor. Is involved in the biosynthesis of lipid A, a phosphorylated glycolipid that anchors the lipopolysaccharide to the outer membrane of the cell	lpxD	ko:K02536	ko00540,ko01100,map00540,map01100
WP_008807351	M	Part of the outer membrane protein assembly complex, which is involved in assembly and insertion of beta-barrel proteins into the outer membrane	bamA	ko:K07277	-
WP_008807352	M	zinc metalloprotease	rseP	ko:K11749	ko02024,ko04112,map02024,map04112
WP_008807355	I	Catalyzes the NADP-dependent rearrangement and reduction of 1-deoxy-D-xylulose-5-phosphate (DXP) to 2-C-methyl-D-erythritol 4-phosphate (MEP)	dxr	ko:K00099	ko00900,ko01100,ko01110,ko01130,map00900,map01100,map01110,map01130
WP_008807356	J	Belongs to the universal ribosomal protein uS2 family	rpsB	ko:K02967	ko03010,map03010
WP_008807357	O	Modifies, by uridylylation and deuridylylation, the PII regulatory proteins (GlnB and homologs), in response to the nitrogen status of the cell that GlnD senses through the glutamine level. Under low glutamine levels, catalyzes the conversion of the PII proteins and UTP to PII-UMP and PPi, while under higher glutamine levels, GlnD hydrolyzes PII-UMP to PII and UMP (deuridylylation). Thus, controls uridylylation state and activity of the PII proteins, and plays an important role in the regulation of nitrogen	glnD	ko:K00990	ko02020,map02020
WP_008807359	M	Belongs to the peptidase S1C family	degP	ko:K04771,ko:K04772,ko:K08070	ko01503,ko02020,map01503,map02020
WP_008807360	F	dGTPase preferentially hydrolyzes dGTP over the other canonical NTPs	dgt	ko:K01129	ko00230,map00230
WP_008807363	C	iron--sulfur cluster insertion protein erpA	erpA	ko:K15724	-
WP_008807384	NOU	Cleaves type-4 fimbrial leader sequence and methylates the N-terminal (generally Phe) residue	-	ko:K02464	ko03070,map03070
WP_008807387	J	Hydrolyzes RNA 2',3'-cyclic phosphodiester to an RNA 2'- phosphomonoester	ligT	ko:K01975	-
WP_008807393	H	Catalyzes the reversible reaction in which hydroxymethyl group from 5,10-methylenetetrahydrofolate is transferred onto alpha-ketoisovalerate to form ketopantoate	panB	ko:K00606	ko00770,ko01100,ko01110,map00770,map01100,map01110
WP_008807394	H	Catalyzes the condensation of pantoate with beta-alanine in an ATP-dependent reaction via a pantoyl-adenylate intermediate	panC	ko:K01918	ko00410,ko00770,ko01100,ko01110,map00410,map00770,map01100,map01110
WP_008807396	G	Polysaccharide deacetylase	yadE	-	-
WP_008807397	G	IIa component	yadI	-	-
WP_008807398	V	Transport Permease Protein	yadH	ko:K01992	-
WP_008807401	G	Dehydrogenase	gcd	ko:K00117,ko:K05358	ko00030,ko00400,ko01100,ko01110,ko01130,map00030,map00400,map01100,map01110,map01130
WP_008807402	Q	Multi-copper	cueO	ko:K08100,ko:K14588	ko00860,ko01110,map00860,map01110
WP_008807403	S	-	-	-	-
WP_008807405	E	Catalyzes the irreversible transfer of a propylamine group from the amino donor S-adenosylmethioninamine (decarboxy- AdoMet) to putrescine (1,4-diaminobutane) to yield spermidine	speE	ko:K00797	ko00270,ko00330,ko00410,ko00480,ko01100,map00270,map00330,map00410,map00480,map01100
WP_008807406	E	Catalyzes the decarboxylation of S-adenosylmethionine to S-adenosylmethioninamine (dcAdoMet), the propylamine donor required for the synthesis of the polyamines spermine and spermidine from the diamine putrescine	speD	ko:K01611	ko00270,ko00330,ko01100,map00270,map00330,map01100
WP_008807407	C	Belongs to the aconitase IPM isomerase family	acnB	ko:K01682	ko00020,ko00630,ko00640,ko00720,ko01100,ko01110,ko01120,ko01130,ko01200,ko01210,ko01230,map00020,map00630,map00640,map00720,map01100,map01110,map01120,map01130,map01200,map01210,map01230
WP_008807408	S	Protein of unknown function (DUF3300)	yacH	-	-
WP_008807410	S	-	-	-	-
WP_008807412	C	Component of the pyruvate dehydrogenase (PDH) complex, that catalyzes the overall conversion of pyruvate to acetyl-CoA and CO(2)	aceE	ko:K00163	ko00010,ko00020,ko00620,ko01100,ko01110,ko01120,ko01130,ko01200,map00010,map00020,map00620,map01100,map01110,map01120,map01130,map01200
WP_008807413	E	amino acid	aroP	ko:K11732,ko:K11734	-
WP_008807414	G	COG2211 Na melibiose symporter and related transporters	yicJ	ko:K03292,ko:K11104	-
WP_008807415	G	Belongs to the glycosyl hydrolase 43 family	abf2	-	-
WP_008807416	V	regulatory protein AmpE	ampE	ko:K03807	-
WP_008807418	NU	Belongs to the N-Me-Phe pilin family	ppdD	ko:K02650,ko:K02682	ko02020,map02020
WP_008807419	NU	Type II secretory pathway, ATPase PulE Tfp pilus assembly pathway, ATPase PilB	hofB	ko:K02454,ko:K02504,ko:K02652	ko03070,ko05111,map03070,map05111
WP_008807421	F	Catalyzes the irreversible NADPH-dependent deamination of GMP to IMP. It functions in the conversion of nucleobase, nucleoside and nucleotide derivatives of G to A nucleotides, and in maintaining the intracellular balance of A and G nucleotides	guaC	ko:K00088,ko:K00364	ko00230,ko00983,ko01100,ko01110,map00230,map00983,map01100,map01110
WP_008807423	F	Catalyzes the phosphorylation of the 3'-hydroxyl group of dephosphocoenzyme A to form coenzyme A	coaE	ko:K00859	ko00770,ko01100,map00770,map01100
WP_008807424	D	Cell division factor that enhances FtsZ-ring assembly. Directly interacts with FtsZ and promotes bundling of FtsZ protofilaments, with a reduction in FtsZ GTPase activity	zapD	ko:K18778	-
WP_008807425	S	Inhibits all the catalytic activities of DNA gyrase by preventing its interaction with DNA. Acts by binding directly to the C-terminal domain of GyrB, which probably disrupts DNA binding by the gyrase	yacG	ko:K09862	-
WP_008807427	U	Part of the Sec protein translocase complex. Interacts with the SecYEG preprotein conducting channel. Has a central role in coupling the hydrolysis of ATP to the transfer of proteins into and across the cell membrane, serving both as a receptor for the preprotein-SecB complex and as an ATP-driven molecular motor driving the stepwise translocation of polypeptide chains across the membrane	secA	ko:K03070	ko02024,ko03060,ko03070,map02024,map03060,map03070
WP_008807429	D	Essential cell division protein. May link together the upstream cell division proteins, which are predominantly cytoplasmic, with the downstream cell division proteins, which are predominantly periplasmic. May control correct divisome assembly	ftsQ	ko:K03589	ko04112,map04112
WP_008807430	F	Belongs to the D-alanine--D-alanine ligase family	ddl	ko:K01921	ko00473,ko00550,ko01100,ko01502,map00473,map00550,map01100,map01502
WP_008807431	M	Belongs to the MurCDEF family	murC	ko:K01924	ko00471,ko00550,ko01100,map00471,map00550,map01100
WP_008807432	M	Cell wall formation. Catalyzes the transfer of a GlcNAc subunit on undecaprenyl-pyrophosphoryl-MurNAc-pentapeptide (lipid intermediate I) to form undecaprenyl-pyrophosphoryl-MurNAc- (pentapeptide)GlcNAc (lipid intermediate II)	murG	ko:K02563	ko00550,ko01100,ko01502,ko04112,map00550,map01100,map01502,map04112
WP_008807433	M	Cell wall formation. Catalyzes the addition of glutamate to the nucleotide precursor UDP-N-acetylmuramoyl-L-alanine (UMA)	murD	ko:K01925	ko00471,ko00550,ko01100,map00471,map00550,map01100
WP_008807434	M	First step of the lipid cycle reactions in the biosynthesis of the cell wall peptidoglycan	mraY	ko:K01000	ko00550,ko01100,ko01502,map00550,map01100,map01502
WP_008807436	M	Catalyzes the addition of meso-diaminopimelic acid to the nucleotide precursor UDP-N-acetylmuramoyl-L-alanyl-D-glutamate (UMAG) in the biosynthesis of bacterial cell-wall peptidoglycan	murE	ko:K01928	ko00300,ko00550,map00300,map00550
WP_008807437	M	Catalyzes cross-linking of the peptidoglycan cell wall at the division septum	ftsI	ko:K03587	ko00550,ko01501,map00550,map01501
WP_008807438	J	Specifically methylates the N4 position of cytidine in position 1402 (C1402) of 16S rRNA	rsmH	ko:K03438	-
WP_008807443	E	Catalyzes the condensation of the acetyl group of acetyl-CoA with 3-methyl-2-oxobutanoate (2-oxoisovalerate) to form 3-carboxy-3-hydroxy-4-methylpentanoate (2-isopropylmalate)	leuA	ko:K01649	ko00290,ko00620,ko01100,ko01110,ko01210,ko01230,map00290,map00620,map01100,map01110,map01210,map01230
WP_008807444	CE	Catalyzes the oxidation of 3-carboxy-2-hydroxy-4- methylpentanoate (3-isopropylmalate) to 3-carboxy-4-methyl-2- oxopentanoate. The product decarboxylates to 4-methyl-2 oxopentanoate	leuB	ko:K00052	ko00290,ko00660,ko01100,ko01110,ko01210,ko01230,map00290,map00660,map01100,map01110,map01210,map01230
WP_008807445	E	Catalyzes the isomerization between 2-isopropylmalate and 3-isopropylmalate, via the formation of 2-isopropylmaleate	leuC	ko:K01703	ko00290,ko00660,ko00966,ko01100,ko01110,ko01210,ko01230,map00290,map00660,map00966,map01100,map01110,map01210,map01230
WP_008807446	E	Catalyzes the isomerization between 2-isopropylmalate and 3-isopropylmalate, via the formation of 2-isopropylmaleate	leuD	ko:K01704	ko00290,ko00660,ko01100,ko01110,ko01210,ko01230,map00290,map00660,map01100,map01110,map01210,map01230
WP_008807447	C	COG1902 NADH flavin oxidoreductases, Old Yellow Enzyme family	-	ko:K10797	ko00360,ko01120,map00360,map01120
WP_008807448	E	The actual biological function of YdiB remains unclear, nor is it known whether 3-dehydroshikimate or quinate represents the natural substrate. Catalyzes the reversible NAD-dependent reduction of both 3-dehydroshikimate (DHSA) and 3-dehydroquinate to yield shikimate (SA) and quinate, respectively. It can use both NAD or NADP for catalysis, however it has higher catalytic efficiency with NAD	ydiB	ko:K00014,ko:K05887	ko00400,ko01100,ko01110,ko01130,ko01230,map00400,map01100,map01110,map01130,map01230
WP_008807453	EGP	sugar efflux transporter	setA	ko:K03291	-
WP_008807454	K	Activates the small RNA gene sgrS under glucose- phosphate stress conditions as well as yfdZ. Represses its own transcription under both stress and non-stress conditions. Might act as a sensor of the intracellular accumulation of phosphoglucose by binding these molecules in its C-terminal solute-binding domain	sgrR	ko:K11925	-
WP_008807458	I	membrane-associated protein	yabI	-	-
WP_008807461	G	Catalyzes the conversion of L-arabinose to L-ribulose	araA	ko:K01804	ko00040,ko01100,map00040,map01100
WP_008807465	J	Responsible for synthesis of pseudouridine from uracil	rluA	ko:K06177	-
WP_008807466	HI	Apo-citrate lyase phosphoribosyl-dephospho-CoA transferase	citX	ko:K05964	ko02020,map02020
WP_008807467	U	Uptake of citrate across the boundary membrane with the concomitant uptake of a sodium ion (symport system)	-	-	-
WP_008807469	K	transcriptional regulatory protein	dpiA	ko:K02475,ko:K07702	ko02020,map02020
WP_008807470	O	Regulatory DnaK co-chaperone. Direct interaction between DnaK and DjlA is needed for the induction of the wcaABCDE operon, involved in the synthesis of a colanic acid polysaccharide capsule, possibly through activation of the RcsB RcsC phosphotransfer signaling pathway. The colanic acid capsule may help the bacterium survive conditions outside the host	djlA	ko:K05801	-
WP_008807471	M	Together with LptE, is involved in the assembly of lipopolysaccharide (LPS) at the surface of the outer membrane	lptD	ko:K04744	-
WP_008807472	M	Chaperone involved in the correct folding and assembly of outer membrane proteins. Recognizes specific patterns of aromatic residues and the orientation of their side chains, which are found more frequently in integral outer membrane proteins. May act in both early periplasmic and late outer membrane-associated steps of protein maturation	surA	ko:K03771	-
WP_008807475	T	Hydrolyzes diadenosine 5',5'''-P1,P4-tetraphosphate to yield ADP	apaH	ko:K01525	ko00230,map00230
WP_008807478	C	Regulatory subunit of a potassium efflux system that confers protection against electrophiles. Required for full activity of KefC. Shows redox enzymatic activity, but this enzymatic activity is not required for activation of KefC	kefF	ko:K11746	-
WP_008807481	K	transcriptional regulator	idnR	-	-
WP_008807482	IQ	COG1028 Dehydrogenases with different specificities (related to short-chain alcohol dehydrogenases)	idnO	ko:K00046	-
WP_008807483	F	Gluconokinase	idnK	ko:K00851	ko00030,ko01100,ko01110,ko01120,ko01130,ko01200,map00030,map01100,map01110,map01120,map01130,map01200
WP_008807484	G	Domain of unknown function (DUF386)	tabA_2	-	-
WP_008807485	F	Carbamoyl-phosphate synthetase ammonia chain	carB	ko:K01955	ko00240,ko00250,ko01100,map00240,map00250,map01100
WP_008807489	K	transcriptional regulator	-	-	-
WP_008807491	F	Belongs to the IUNH family	rihC	ko:K12700	-
WP_008807492	M	This protein specifically catalyzes the removal of signal peptides from prolipoproteins	lspA	ko:K03101	ko03060,map03060
WP_008807494	H	Belongs to the ribF family	ribF	ko:K11753	ko00740,ko01100,ko01110,map00740,map01100,map01110
WP_008807495	K	transcriptional regulator	nhaR	ko:K03717	-
WP_008807496	P	Na( ) H( ) antiporter that extrudes sodium in exchange for external protons	nhaA	ko:K03313	-
WP_008807497	O	ATP binding to DnaK triggers the release of the substrate protein, thus completing the reaction cycle. Several rounds of ATP-dependent interactions between DnaJ, DnaK and GrpE are required for fully efficient folding. Also involved, together with DnaK and GrpE, in the DNA replication of plasmids through activation of initiation proteins	dnaJ	ko:K03686	-
WP_008807498	O	Heat shock 70 kDa protein	dnaK	ko:K04043	ko03018,ko04212,ko05152,map03018,map04212,map05152
WP_008807500	S	protein conserved in bacteria	yaaW	-	-
WP_008807503	H	Molybdenum cofactor	mog	ko:K03831	ko00790,ko01100,ko04122,map00790,map01100,map04122
WP_008807507	E	Threonine synthase	thrC	ko:K01733	ko00260,ko00750,ko01100,ko01110,ko01120,ko01230,map00260,map00750,map01100,map01110,map01120,map01230
WP_008807508	E	Catalyzes the ATP-dependent phosphorylation of L- homoserine to L-homoserine phosphate	thrB	ko:K00872	ko00260,ko01100,ko01110,ko01120,ko01230,map00260,map01100,map01110,map01120,map01230
WP_008807509	E	belongs to the aspartokinase family	thrA	ko:K12524,ko:K12525	ko00260,ko00261,ko00270,ko00300,ko01100,ko01110,ko01120,ko01130,ko01230,map00260,map00261,map00270,map00300,map01100,map01110,map01120,map01130,map01230
WP_008807515	K	Binds to the right arm of the replication origin oriC	rob	ko:K05804,ko:K13652,ko:K13653	-
WP_008807516	G	Belongs to the phosphoglycerate mutase family	gpmB	ko:K15634	ko00010,ko00260,ko00680,ko01100,ko01110,ko01120,ko01130,ko01200,ko01230,map00010,map00260,map00680,map01100,map01110,map01120,map01130,map01200,map01230
WP_008807525	F	The enzymes which catalyze the reversible phosphorolysis of pyrimidine nucleosides are involved in the degradation of these compounds and in their utilization as carbon and energy sources, or in the rescue of pyrimidine bases for nucleotide synthesis	deoA	ko:K00758	ko00240,ko00983,ko01100,ko05219,map00240,map00983,map01100,map05219
WP_008807528	S	Periplasmic or secreted lipoprotein	osmY	ko:K04065	-
WP_008807529	J	Increases the formation of ribosomal termination complexes and stimulates activities of RF-1 and RF-2. It binds guanine nucleotides and has strong preference for UGA stop codons. It may interact directly with the ribosome. The stimulation of RF- 1 and RF-2 is significantly reduced by GTP and GDP, but not by GMP	prfC	ko:K02837	-
WP_008807530	S	hydrolase	yjjG	ko:K01560,ko:K07025,ko:K08723	ko00230,ko00240,ko00361,ko00625,ko00760,ko01100,ko01110,ko01120,map00230,map00240,map00361,map00625,map00760,map01100,map01110,map01120
WP_008807531	K	This enzyme acetylates the N-terminal alanine of ribosomal protein S18	rimI	ko:K03789	-
WP_008807534	T	Diguanylate cyclase	hmsT	-	-
WP_008807536	G	The phosphoenolpyruvate-dependent sugar phosphotransferase system (PTS), a major carbohydrate active - transport system, catalyzes the phosphorylation of incoming sugar substrates concomitant with their translocation across the cell membrane	bglF	ko:K02761	ko00500,ko02060,map00500,map02060
WP_008807537	S	Prolyl-tRNA synthetase	-	-	-
WP_008807539	K	regulator	yjjQ	-	-
WP_008807541	CH	Catalyzes the formation of protocatechuate from 4-hydroxybenzoate	pobA	ko:K00481,ko:K05712	ko00360,ko00362,ko01100,ko01120,ko01220,map00360,map00362,map01100,map01120,map01220
WP_008807542	S	Membrane	yjjP	-	-
WP_008807544	L	it is also involved in inducing stable DNA replication during SOS response. It forms, in concert with dnaB protein and other prepriming proteins dnaC, N, N', N'' a prepriming protein complex on the specific site of the template DNA recognized by protein N'	dnaT	ko:K02317	ko03440,map03440
WP_008807545	L	DNA replication protein	dnaC	ko:K02315	-
WP_008807546	S	Glycoprotein Receptor	yjjA	-	-
WP_008807551	G	PTS mannose transporter subunit IID	-	ko:K19509	ko02060,map02060
WP_008807552	G	PTS system	agaC	ko:K02795,ko:K19508	ko00051,ko00520,ko01100,ko02060,map00051,map00520,map01100,map02060
WP_008807553	G	PTS system sorbose subfamily IIB component	-	ko:K02794,ko:K19507	ko00051,ko00520,ko01100,ko02060,map00051,map00520,map01100,map02060
WP_008807556	G	Belongs to the mannitol dehydrogenase family. UxaB subfamily	uxaB	ko:K00040,ko:K00041	ko00040,ko01100,map00040,map01100
WP_008807558	K	Transcriptional regulator	yjjM	-	-
WP_008807565	EM	Dihydrodipicolinate synthetase family	dapA2	ko:K01714,ko:K21062	ko00261,ko00300,ko00330,ko01100,ko01110,ko01120,ko01130,ko01230,map00261,map00300,map00330,map01100,map01110,map01120,map01130,map01230
WP_008807566	K	Transcriptional regulator	-	-	-
WP_008807571	Q	4-hydroxyphenylacetate degradation bifunctional isomerase	hpaG2	ko:K05921	ko00350,ko01120,ko01220,map00350,map01120,map01220
WP_008807572	C	Belongs to the aldehyde dehydrogenase family	hpaE	ko:K00151	ko00350,ko01120,ko01220,map00350,map01120,map01220
WP_008807580	T	Carbon starvation protein	cstA	ko:K06200	-
WP_008807582	S	YfaZ precursor	-	-	-
WP_008807587	S	Membrane	yjiN	-	-
WP_008807589	S	Uncharacterized conserved protein (DUF2164)	-	-	-
WP_008807593	S	Membrane	yjiG	-	-
WP_008807594	S	protein conserved in bacteria	-	-	-
WP_008807595	K	transcriptional regulator	cynR	-	-
WP_008807596	S	Protein of unknown function (DUF2955)	-	-	-
WP_008807599	S	Domain of unknown function (DUF1127)	-	-	-
WP_008807600	K	Transcriptional regulators containing a DNA-binding HTH domain and an aminotransferase domain (MocR family) and their eukaryotic orthologs	yjiR	-	-
WP_008807607	G	(ABC) transporter	lsrB_2	ko:K02058	-
WP_008807610	M	Secretion protein	yhiI	ko:K01993	-
WP_008807617	E	Belongs to the Glu Leu Phe Val dehydrogenases family	gdhA	ko:K00261,ko:K00262	ko00220,ko00250,ko00471,ko00910,ko01100,ko01200,ko04217,ko04964,map00220,map00250,map00471,map00910,map01100,map01200,map04217,map04964
WP_008807619	L	Releases the supercoiling and torsional tension of DNA, which is introduced during the DNA replication and transcription, by transiently cleaving and rejoining one strand of the DNA duplex. Introduces a single-strand break via transesterification at a target site in duplex DNA. The scissile phosphodiester is attacked by the catalytic tyrosine of the enzyme, resulting in the formation of a DNA-(5'-phosphotyrosyl)-enzyme intermediate and the expulsion of a 3'-OH DNA strand. The free DNA strand then undergoes passage around the unbroken strand, thus removing DNA supercoils. Finally, in the religation step, the DNA 3'-OH attacks the covalent intermediate to expel the active-site tyrosine and restore the DNA phosphodiester backbone	topB	ko:K03169	-
WP_008807624	EJ	COG0252 L-asparaginase archaeal Glu-tRNAGln amidotransferase subunit D	ansA	ko:K01424	ko00250,ko00460,ko01100,ko01110,map00250,map00460,map01100,map01110
WP_008807627	O	Belongs to the MsrB Met sulfoxide reductase family	msrB	ko:K07305	-
WP_008807628	G	Belongs to the glyceraldehyde-3-phosphate dehydrogenase family	gapA	ko:K00134	ko00010,ko00710,ko01100,ko01110,ko01120,ko01130,ko01200,ko01230,ko04066,ko05010,map00010,map00710,map01100,map01110,map01120,map01130,map01200,map01230,map04066,map05010
WP_008807629	G	Belongs to the glucose-6-phosphate 1-epimerase family	yeaD	ko:K01792	ko00010,ko01100,ko01110,ko01120,ko01130,map00010,map01100,map01110,map01120,map01130
WP_008807630	S	Aldo keto	yeaE	-	-
WP_008807631	M	MltA-interacting protein	mipA	ko:K07274	-
WP_008807632	T	Serine Protein Kinase	yeaG	ko:K07180	-
WP_008807644	ET	belongs to the bacterial solute-binding protein 3 family	glnH	ko:K02030,ko:K10036	ko02010,map02010
WP_008807647	K	transcriptional regulator	-	-	-
WP_008807658	E	Protein of unknown function (DUF2493)	-	-	-
WP_008807665	P	amino acid ABC transporter	-	ko:K02029	-
WP_008807672	E	aminotransferase	-	ko:K00812	ko00220,ko00250,ko00270,ko00330,ko00350,ko00360,ko00400,ko00401,ko00950,ko00960,ko01100,ko01110,ko01130,ko01210,ko01230,map00220,map00250,map00270,map00330,map00350,map00360,map00400,map00401,map00950,map00960,map01100,map01110,map01130,map01210,map01230
WP_008807676	KT	Belongs to the peptidase S24 family	umuD	ko:K03503	-
WP_008807690	M	Catalyzes the transfer of laurate from lauroyl-acyl carrier protein (ACP) to Kdo(2)-lipid IV(A) to form Kdo(2)- (lauroyl)-lipid IV(A)	lpxL	ko:K02517,ko:K12974	ko00540,ko01100,map00540,map01100
WP_008807703	C	oxidase subunit	cioB	ko:K00426	ko00190,ko01100,ko02020,map00190,map01100,map02020
WP_008807706	S	protein conserved in bacteria	yciE	-	-
WP_008807707	S	protein conserved in bacteria	yciF	-	-
WP_008807711	O	redox protein regulator of disulfide bond formation	-	-	-
WP_008807736	S	Antioxidant protein with alkyl hydroperoxidase activity. Required for the reduction of the AhpC active site cysteine residues and for the regeneration of the AhpC enzyme activity	ynjA	-	-
WP_008807741	C	Catalyzes the NAD-dependent reduction of succinylglutamate semialdehyde into succinylglutamate	astD	ko:K06447	ko00330,ko01100,map00330,map01100
WP_008807743	E	Belongs to the AspA AstE family. Succinylglutamate desuccinylase subfamily	astE	ko:K05526	ko00330,ko01100,map00330,map01100
WP_008807744	NPTU	P pilus assembly Cpx signaling pathway, periplasmic inhibitor zinc-resistance associated protein	spy	ko:K06006	-
WP_008807745	L	Nuclease subunit of the excinuclease complex	cho	ko:K05984	-
WP_008807746	F	Catalyzes the ATP-dependent amidation of deamido-NAD to form NAD. Uses ammonia as a nitrogen source	nadE	ko:K01916	ko00760,ko01100,map00760,map01100
WP_008807747	J	activator of ntr-like gene protein	osmE	ko:K04064	-
WP_008807749	G	The phosphoenolpyruvate-dependent sugar phosphotransferase system (PTS), a major carbohydrate active - transport system, catalyzes the phosphorylation of incoming sugar substrates concomitant with their translocation across the cell membrane	celB	ko:K02761	ko00500,ko02060,map00500,map02060
WP_008807751	G	Catalyzes the fromation of N-acetyl-D-glucosamine and N-acetyl-D-glucosamine-6-phosphate from diacetylchitobiose-6-phosphate	chbF	ko:K01222	ko00010,ko00500,map00010,map00500
WP_008807755	U	Belongs to the dicarboxylate amino acid cation symporter (DAACS) (TC 2.A.23) family	ydjN	ko:K06956	-
WP_008807756	IQ	COG1028 Dehydrogenases with different specificities (related to short-chain alcohol dehydrogenases)	kduD	ko:K00065	ko00040,map00040
WP_008807758	S	Membrane	yniB	-	-
WP_008807759	I	acyl-CoA thioester hydrolase	yciA	ko:K10806	ko01040,map01040
WP_008807761	D	probably involved in intracellular septation	ispZ	ko:K06190	-
WP_008807762	S	UPF0259 membrane protein	yciC	-	-
WP_008807765	S	PkhD-type hydroxylase	ybiX	ko:K07336	-
WP_008807778	J	Belongs to the SUA5 family	yciO	-	-
WP_008807779	EG	of the drug metabolite transporter (DMT) superfamily	-	-	-
WP_008807780	K	LysR substrate binding domain	-	ko:K03566	ko02026,map02026
WP_008807781	J	Belongs to the pseudouridine synthase RsuA family	rluB	ko:K06178	-
WP_008807783	OU	peptidase	sohB	ko:K04774	-
WP_008807785	L	Releases the supercoiling and torsional tension of DNA, which is introduced during the DNA replication and transcription, by transiently cleaving and rejoining one strand of the DNA duplex. Introduces a single-strand break via transesterification at a target site in duplex DNA. The scissile phosphodiester is attacked by the catalytic tyrosine of the enzyme, resulting in the formation of a DNA-(5'-phosphotyrosyl)-enzyme intermediate and the expulsion of a 3'-OH DNA strand. The free DNA strand then undergoes passage around the unbroken strand, thus removing DNA supercoils. Finally, in the religation step, the DNA 3'-OH attacks the covalent intermediate to expel the active-site tyrosine and restore the DNA phosphodiester backbone	topA	ko:K03168	-
WP_008807786	K	transcriptional regulator	cysB	ko:K13634	-
WP_008807788	F	Catalyzes the conversion of GTP to 2,5-diamino-6- ribosylamino-4(3H)-pyrimidinone 5'-phosphate (DARP), formate and pyrophosphate	ribA	ko:K01497	ko00740,ko00790,ko01100,ko01110,ko02024,map00740,map00790,map01100,map01110,map02024
WP_008807789	I	phosphatidylglycerophosphatase	pgpB	ko:K01096	ko00564,ko01100,map00564,map01100
WP_008807790	G	Modulates cellular lipopolysaccharide (LPS) levels by regulating LpxC, which is involved in lipid A biosynthesis. May act by modulating the proteolytic activity of FtsH towards LpxC. May also coordinate assembly of proteins involved in LPS synthesis at the plasma membrane	lapB	ko:K19804	-
WP_008807792	J	Translation Initiation Factor	yciH	ko:K03113	ko03013,map03013
WP_008807793	K	transcriptional regulator	yciT	-	-
WP_008807795	J	Involved in mRNA degradation. Hydrolyzes single-stranded polyribonucleotides processively in the 3' to 5' direction	rnb	ko:K01147	-
WP_008807797	I	Enoyl- acyl-carrier-protein reductase NADH	fabI	ko:K00208	ko00061,ko00333,ko00780,ko01100,ko01130,ko01212,map00061,map00333,map00780,map01100,map01130,map01212
WP_008807800	P	Polar amino acid ABC transporter, inner membrane	-	ko:K10020	ko02010,map02010
WP_008807802	E	abc transporter atp-binding protein	aotP	ko:K10021,ko:K10025	ko02010,map02010
WP_008807804	P	Belongs to the ABC transporter superfamily	sapD	ko:K02031,ko:K02032,ko:K13892,ko:K13896,ko:K19229,ko:K19230	ko01503,ko02010,ko02024,map01503,map02010,map02024
WP_008807805	V	peptide transport system, permease	sapC	ko:K19228	ko01503,ko02010,map01503,map02010
WP_008807849	M	Provides the (R)-glutamate required for cell wall biosynthesis	murI	ko:K01776	ko00471,ko01100,map00471,map01100
WP_008807852	C	Conversion of NADPH, generated by peripheral catabolic pathways, to NADH, which can enter the respiratory chain for energy generation	sthA	ko:K00322	ko00760,ko01100,map00760,map01100
WP_008807853	K	Transcriptional regulator	oxyR	ko:K04761	ko02026,map02026
WP_008807856	E	Catalyzes the NADPH-dependent reduction of N-acetyl-5- glutamyl phosphate to yield N-acetyl-L-glutamate 5-semialdehyde	argC	ko:K00145	ko00220,ko01100,ko01110,ko01130,ko01210,ko01230,map00220,map01100,map01110,map01130,map01210,map01230
WP_008807858	H	Forms oxaloacetate, a four-carbon dicarboxylic acid source for the tricarboxylic acid cycle	ppc	ko:K01595	ko00620,ko00680,ko00710,ko00720,ko01100,ko01120,ko01200,map00620,map00680,map00710,map00720,map01100,map01120,map01200
WP_008807861	H	Belongs to the transaldolase family. Type	fsa	ko:K08313,ko:K08314	-
WP_008807866	E	belongs to the aspartokinase family	metL	ko:K12524,ko:K12525	ko00260,ko00261,ko00270,ko00300,ko01100,ko01110,ko01120,ko01130,ko01230,map00260,map00261,map00270,map00300,map01100,map01110,map01120,map01130,map01230
WP_008807867	E	Catalyzes the formation of L-homocysteine from O- succinyl-L-homoserine (OSHS) and hydrogen sulfide	metB	ko:K01739	ko00270,ko00450,ko00920,ko01100,ko01110,ko01130,ko01230,map00270,map00450,map00920,map01100,map01110,map01130,map01230
WP_008807868	J	50S ribosomal protein L31	rpmE	ko:K02909	ko03010,map03010
WP_008807869	L	Involved in the restart of stalled replication forks. Recognizes and binds the arrested nascent DNA chain at stalled replication forks. It can open the DNA duplex, via its helicase activity, and promote assembly of the primosome and loading of the major replicative helicase DnaB onto DNA	priA	ko:K04066	ko03440,map03440
WP_008807871	O	this subunit has chaperone activity. The binding of ATP and its subsequent hydrolysis by HslU are essential for unfolding of protein substrates subsequently hydrolyzed by HslV. HslU recognizes the N-terminal part of its protein substrates and unfolds these before they are guided to HslV for hydrolysis	hslU	ko:K03667	-
WP_008807873	P	Belongs to the cation diffusion facilitator (CDF) transporter (TC 2.A.4) family	fieF	ko:K13283	-
WP_008807874	T	Histidine kinase	cpxA	ko:K07640	ko01503,ko02020,map01503,map02020
WP_008807875	C	protein conserved in bacteria	yiiM	-	-
WP_008807878	K	Activates expression of the rhaSR operon in response to L-rhamnose	rhaR	ko:K02854	-
WP_008807880	K	Activates expression of the rhaBAD and rhaT operons	rhaS	ko:K02855,ko:K17736	-
WP_008807883	H	Catalyzes the reversible cleavage of L-rhamnulose-1- phosphate to dihydroxyacetone phosphate (DHAP) and L-lactaldehyde	rhaD	ko:K01629	ko00040,ko00051,ko01120,map00040,map00051,map01120
WP_008807884	G	(ABC) transporter	-	ko:K10555,ko:K10559	ko02010,ko02024,map02010,map02024
WP_008807892	E	branched-chain amino acid	azlC	-	-
WP_008807893	S	Branched-chain amino acid transport	-	-	-
WP_008807894	F	adenylate kinase activity	-	-	-
WP_008807895	G	PTS IIA-like nitrogen-regulatory protein PtsN	ulaC_3	ko:K02821	ko00053,ko01100,ko01120,ko02060,map00053,map01100,map01120,map02060
WP_008807898	F	Catalyzes the phosphorylation of D-fructose 6-phosphate to fructose 1,6-bisphosphate by ATP, the first committing step of glycolysis	-	ko:K00850	ko00010,ko00030,ko00051,ko00052,ko00680,ko01100,ko01110,ko01120,ko01130,ko01200,ko01230,ko03018,ko04152,ko05230,map00010,map00030,map00051,map00052,map00680,map01100,map01110,map01120,map01130,map01200,map01230,map03018,map04152,map05230
WP_008807900	C	Required for formate dehydrogenase (FDH) activity. Acts as a sulfur carrier protein that transfers sulfur from IscS to the molybdenum cofactor prior to its insertion into FDH	fdhD	ko:K02379	-
WP_008807909	T	GTP-binding protein TypA	typA	ko:K06207	-
WP_008807910	T	Signal transduction histidine kinase, nitrogen specific	glnL	ko:K07708	ko02020,map02020
WP_008807911	T	COG2204 Response regulator containing CheY-like receiver, AAA-type ATPase, and DNA-binding domains	glnG	ko:K07712	ko02020,map02020
WP_008807912	H	Belongs to the anaerobic coproporphyrinogen-III oxidase family	hemN	ko:K02495	ko00860,ko01100,ko01110,map00860,map01100,map01110
WP_008807913	S	A GTPase-activating protein (GAP) that modifies Der EngA GTPase function. May play a role in ribosome biogenesis	yihI	ko:K09894	-
WP_008807914	D	Necessary for normal cell division and for the maintenance of normal septation	engB	ko:K03978	-
WP_008807916	I	Acyltransferase	yihG	-	-
WP_008807917	O	Thiol disulfide interchange protein	dsbA	ko:K03673	ko01503,map01503
WP_008807918	F	A protein kinase that phosphorylates Ser and Thr residues. Probably acts to suppress the effects of stress linked to accumulation of reactive oxygen species. Probably involved in the extracytoplasmic stress response	srkA	-	-
WP_008807923	P	Low-affinity potassium transport system. Interacts with trk system potassium uptake protein TrkA	trkH	ko:K03498	-
WP_008807927	I	Catalyzes the final step of fatty acid oxidation in which acetyl-CoA is released and the CoA ester of a fatty acid two carbons shorter is formed	fadA	ko:K00632	ko00071,ko00280,ko00281,ko00362,ko00592,ko00642,ko01100,ko01110,ko01120,ko01130,ko01212,map00071,map00280,map00281,map00362,map00592,map00642,map01100,map01110,map01120,map01130,map01212
WP_008807928	C	PFAM Oxidoreductase FAD NAD(P)-binding	fre	ko:K00523,ko:K05368,ko:K20256	ko00520,ko00740,ko00860,ko01100,ko02024,map00520,map00740,map00860,map01100,map02024
WP_008807929	H	Catalyzes the decarboxylation of 3-octaprenyl-4-hydroxy benzoate to 2-octaprenylphenol, an intermediate step in ubiquinone biosynthesis	ubiD	ko:K03182	ko00130,ko01100,ko01110,map00130,map01100,map01110
WP_008807930	K	Enhances distal genes transcription elongation in a specialized subset of operons that encode extracytoplasmic components. RfaH is recruited into a multi-component RNA polymerase complex by the ops element, which is a short conserved DNA sequence located downstream of the main promoter of these operons. Once bound, RfaH suppresses pausing and inhibits Rho- dependent and intrinsic termination at a subset of sites. Termination signals are bypassed, which allows complete synthesis of long RNA chains	rfaH	ko:K05785	-
WP_008807932	U	Part of the twin-arginine translocation (Tat) system that transports large folded proteins containing a characteristic twin-arginine motif in their signal peptide across membranes. Together with TatC, TatB is part of a receptor directly interacting with Tat signal peptides. TatB may form an oligomeric binding site that transiently accommodates folded Tat precursor proteins before their translocation	tatB	ko:K03117	ko03060,ko03070,map03060,map03070
WP_008807933	S	Is probably a protein kinase regulator of UbiI activity which is involved in aerobic coenzyme Q (ubiquinone) biosynthesis	ubiB	ko:K03688	-
WP_008807934	S	protein conserved in bacteria	yigP	ko:K03690	-
WP_008807935	H	Methyltransferase required for the conversion of demethylmenaquinol (DMKH2) to menaquinol (MKH2) and the conversion of 2-polyprenyl-6-methoxy-1,4-benzoquinol (DDMQH2) to 2- polyprenyl-3-methyl-6-methoxy-1,4-benzoquinol (DMQH2)	ubiE	ko:K03183	ko00130,ko01100,ko01110,map00130,map01100,map01110
WP_008807941	S	Hydrolase	yigL	-	-
WP_008807942	I	Lysophospholipase	pldB	ko:K01048	ko00564,map00564
WP_008807943	E	efflux protein	rhtB	ko:K05834	-
WP_008807945	E	threonine efflux protein	rhtC	ko:K05835	-
WP_008807951	D	Belongs to the 'phage' integrase family. XerC subfamily	xerC	ko:K03733	-
WP_008807952	S	protein conserved in bacteria	yigA	ko:K09921	-
WP_008807953	H	Tetrapolymerization of the monopyrrole PBG into the hydroxymethylbilane pre-uroporphyrinogen in several discrete steps	hemC	ko:K01749	ko00860,ko01100,ko01110,ko01120,map00860,map01100,map01110,map01120
WP_008807955	H	enzyme of heme biosynthesis	hemX	ko:K02496,ko:K13543	ko00860,ko01100,ko01110,ko01120,map00860,map01100,map01110,map01120
WP_008807956	H	enzyme of heme biosynthesis	hemY	ko:K02498	-
WP_008807965	M	Belongs to the UDP-glucose GDP-mannose dehydrogenase family	wecC	ko:K02472	ko00520,ko05111,map00520,map05111
WP_008807966	M	Catalyzes the reversible epimerization at C-2 of UDP-N- acetylglucosamine (UDP-GlcNAc) and thereby provides bacteria with UDP-N-acetylmannosamine (UDP-ManNAc), the activated donor of ManNAc residues	wecB	ko:K01791,ko:K08068	ko00520,ko01100,ko05111,map00520,map01100,map05111
WP_008807968	JKL	DEAD-box RNA helicase involved in	rhlB	ko:K03732	ko03018,map03018
WP_008807971	S	metal-dependent hydrolase of the TIM-barrel fold	-	ko:K14333,ko:K22213	ko00362,ko00627,ko01120,map00362,map00627,map01120
WP_008807974	G	peptidylprolyl isomerase	ppiC	ko:K03769	-
WP_008807976	EH	Involved in the biosynthesis of branched-chain amino acids (BCAA). Catalyzes an alkyl-migration followed by a ketol- acid reduction of (S)-2-acetolactate (S2AL) to yield (R)-2,3- dihydroxy-isovalerate. In the isomerase reaction, S2AL is rearranged via a Mg-dependent methyl migration to produce 3- hydroxy-3-methyl-2-ketobutyrate (HMKB). In the reductase reaction, this 2-ketoacid undergoes a metal-dependent reduction by NADPH to yield (R)-2,3-dihydroxy-isovalerate	ilvC	ko:K00053	ko00290,ko00770,ko01100,ko01110,ko01130,ko01210,ko01230,map00290,map00770,map01100,map01110,map01130,map01210,map01230
WP_008807978	E	Catalyzes the anaerobic formation of alpha-ketobutyrate and ammonia from threonine in a two-step reaction. The first step involved a dehydration of threonine and a production of enamine intermediates (aminocrotonate), which tautomerizes to its imine form (iminobutyrate). Both intermediates are unstable and short- lived. The second step is the nonenzymatic hydrolysis of the enamine imine intermediates to form 2-ketobutyrate and free ammonia. In the low water environment of the cell, the second step is accelerated by RidA	ilvA	ko:K01754	ko00260,ko00290,ko01100,ko01110,ko01130,ko01200,ko01230,map00260,map00290,map01100,map01110,map01130,map01200,map01230
WP_008807979	EG	Belongs to the IlvD Edd family	ilvD	ko:K01687	ko00290,ko00770,ko01100,ko01110,ko01130,ko01210,ko01230,map00290,map00770,map01100,map01110,map01130,map01210,map01230
WP_008807980	E	Belongs to the class-IV pyridoxal-phosphate-dependent aminotransferase family	ilvE	ko:K00826	ko00270,ko00280,ko00290,ko00770,ko01100,ko01110,ko01130,ko01210,ko01230,map00270,map00280,map00290,map00770,map01100,map01110,map01130,map01210,map01230
WP_008807981	S	acetolactate synthase	ilvM	ko:K11258	ko00290,ko00650,ko00660,ko00770,ko01100,ko01110,ko01130,ko01210,ko01230,map00290,map00650,map00660,map00770,map01100,map01110,map01130,map01210,map01230
WP_008807982	H	acetolactate synthase	ilvG	ko:K01652	ko00290,ko00650,ko00660,ko00770,ko01100,ko01110,ko01130,ko01210,ko01230,map00290,map00650,map00660,map00770,map01100,map01110,map01130,map01210,map01230
WP_008807993	H	Catalyzes the decarboxylation of four acetate groups of uroporphyrinogen-III to yield coproporphyrinogen-III	hemE	ko:K01599	ko00860,ko01100,ko01110,map00860,map01100,map01110
WP_008807994	L	nadh pyrophosphatase	nudC	ko:K03426	ko00760,ko01100,ko04146,map00760,map01100,map04146
WP_008807997	H	COG0476 Dinucleotide-utilizing enzymes involved in molybdopterin and thiamine biosynthesis family 2	thiF	ko:K03148,ko:K21029	ko00730,ko01100,ko04122,map00730,map01100,map04122
WP_008807998	H	thiamine biosynthesis protein ThiS	thiS	ko:K03154	ko04122,map04122
WP_008808002	G	Phosphotransferase System	chbA_4	ko:K02759	ko00500,ko02060,map00500,map02060
WP_008808003	S	Responsible for the transport of C4-dicarboxylates from the periplasm across the inner membrane	dcuB	ko:K07792	ko02020,map02020
WP_008808004	K	DNA-dependent RNA polymerase catalyzes the transcription of DNA into RNA using the four ribonucleoside triphosphates as substrates	rpoC	ko:K03046	ko00230,ko00240,ko01100,ko03020,map00230,map00240,map01100,map03020
WP_008808005	K	DNA-dependent RNA polymerase catalyzes the transcription of DNA into RNA using the four ribonucleoside triphosphates as substrates	rpoB	ko:K03043	ko00230,ko00240,ko01100,ko03020,map00230,map00240,map01100,map03020
WP_008808006	J	Binds directly to 23S rRNA. The L1 stalk is quite mobile in the ribosome, and is involved in E site tRNA release	rplA	ko:K02863	ko03010,map03010
WP_008808007	J	Forms part of the ribosomal stalk which helps the ribosome interact with GTP-bound translation factors	rplK	ko:K02867	ko03010,map03010
WP_008808010	H	Acts both as a biotin-- acetyl-CoA-carboxylase ligase and a biotin-operon repressor. In the presence of ATP, BirA activates biotin to form the BirA-biotinyl-5'-adenylate (BirA-bio- 5'-AMP or holoBirA) complex. HoloBirA can either transfer the biotinyl moiety to the biotin carboxyl carrier protein (BCCP) subunit of acetyl-CoA carboxylase, or bind to the biotin operator site and inhibit transcription of the operon	birA	ko:K03524	ko00780,ko01100,map00780,map01100
WP_009309842	M	Outer Membrane Lipoprotein	blc	ko:K03098	-
WP_009484617	V	secretion protein HlyD family	yibH	-	-
WP_009484702	S	Belongs to the short-chain dehydrogenases reductases (SDR) family	ybbO	-	-
WP_012068428	IQ	involved in the biosynthesis of siderophores, enterobactin, bacillibactin or vibriobactin	entA	ko:K00216	ko01053,ko01110,ko01130,map01053,map01110,map01130
WP_012540264	EGP	Multidrug resistance protein D	emrD	ko:K07552,ko:K08154	-
WP_012540273	EGP	Major facilitator superfamily	-	ko:K08195	-
WP_012540282	K	Transcriptional regulator	-	-	-
WP_012540290	K	Transcriptional regulator containing an amidase domain and an AraC-type DNA-binding HTH domain	adpA	-	-
WP_012540293	U	Belongs to the MIP aquaporin (TC 1.A.8) family	glpF	ko:K02440	-
WP_012540294	P	Citrate transporter	-	-	-
WP_012540295	C	COG1018 Flavodoxin reductases (ferredoxin-NADPH reductases) family 1	fpr	ko:K00528	-
WP_012540300	S	Membrane	yicG	-	-
WP_012540305	V	ABC-type multidrug transport system, permease component	-	ko:K01992	-
WP_012540306	F	This enzyme is involved in nucleotide metabolism it produces dUMP, the immediate precursor of thymidine nucleotides and it decreases the intracellular concentration of dUTP so that uracil cannot be incorporated into DNA	dut	ko:K01520	ko00240,ko00983,ko01100,map00240,map00983,map01100
WP_012540310	M	heptosyltransferase	rfaQ	ko:K02849	ko00540,ko01100,map00540,map01100
WP_012540313	S	lipopolysaccharide core region biosynthetic process	rfaZ	ko:K12981	ko00540,map00540
WP_012540315	M	COG0463 Glycosyltransferases involved in cell wall biogenesis	-	-	-
WP_012540317	S	response to butan-1-ol	-	-	-
WP_012540321	G	decarboxylase	sgbH	ko:K03078,ko:K08093	ko00030,ko00040,ko00053,ko00680,ko01100,ko01120,ko01200,ko01230,map00030,map00040,map00053,map00680,map01100,map01120,map01200,map01230
WP_012540326	C	Catalyzes the reduction of 2,3-diketo-L-gulonate in the presence of NADH, to form 3-keto-L-gulonate	dlgD	ko:K08092,ko:K13574	ko00040,ko00053,map00040,map00053
WP_012540327	K	transcriptional regulator	yiaJ	ko:K21602	-
WP_012540329	P	import. Responsible for energy coupling to the transport system	xylG	ko:K02056,ko:K10441,ko:K10542,ko:K10545,ko:K10562,ko:K17204,ko:K17215	ko02010,map02010
WP_012540335	S	ATPase components of ABC transporters with duplicated ATPase domains	ydiF	-	-
WP_012540337	S	exported protein	yiaF	-	-
WP_012540338	CH	Catalyzes the NADPH-dependent reduction of glyoxylate and hydroxypyruvate into glycolate and glycerate, respectively	ghrB	ko:K00032,ko:K00090	ko00030,ko00260,ko00480,ko00620,ko00630,ko01100,ko01110,ko01120,map00030,map00260,map00480,map00620,map00630,map01100,map01110,map01120
WP_012540343	P	Major facilitator superfamily	yhjX	ko:K08177	-
WP_012540345	E	ABC-Type Dipeptide Transport System Periplasmic Component	dppA	ko:K02035,ko:K12368	ko02010,ko02024,ko02030,map02010,map02024,map02030
WP_012540347	P	Belongs to the ABC transporter superfamily	dppD	ko:K02031,ko:K12371,ko:K15583	ko01501,ko02010,ko02024,map01501,map02010,map02024
WP_012540356	M	Cellulose synthase	bcsA	ko:K00694,ko:K20541	ko00500,ko01100,ko02026,map00500,map01100,map02026
WP_012540364	O	Glutathione S-Transferase	yliJ	ko:K00799	ko00480,ko00980,ko00982,ko00983,ko01524,ko05200,ko05204,ko05225,ko05418,map00480,map00980,map00982,map00983,map01524,map05200,map05204,map05225,map05418
WP_012540371	P	Acts as a magnesium transporter	mgtE-1	ko:K06213	-
WP_012540373	P	Part of the ABC transporter complex NikABCDE involved in nickel import. Responsible for energy coupling to the transport system	nikE	ko:K10824	ko02010,map02010
WP_012540376	Q	Phenolic acid decarboxylase	padC	ko:K13727	-
WP_012540377	E	Belongs to the DegT DnrJ EryC1 family	arnB	ko:K07806	ko00520,ko01503,ko02020,map00520,map01503,map02020
WP_012540380	S	dcrb protein	dcrB	-	-
WP_012540385	S	Predicted membrane protein (DUF2207)	yciQ	-	-
WP_012540386	S	LemA family	-	ko:K03744	-
WP_012540387	K	Controls both the activation and catalytic activity of PanD in a coenzyme A (CoA)-dependent fashion	panZ	-	-
WP_012540389	E	Belongs to the binding-protein-dependent transport system permease family	livH	ko:K01997	ko02010,ko02024,map02010,map02024
WP_012540395	F	Gluconokinase	gntK	ko:K00851	ko00030,ko01100,ko01110,ko01120,ko01130,ko01200,map00030,map01100,map01110,map01120,map01130,map01200
WP_012540413	NU	carbon utilization	hofN	ko:K12289	-
WP_012540420	P	Nitrite reductase	nirD	ko:K00363	ko00910,ko01120,map00910,map01120
WP_012540421	F	cytosine deaminase	codA	ko:K01485	ko00240,ko00330,ko01100,map00240,map00330,map01100
WP_012540423	S	Protein of unknown function (DUF2559)	yhfG	-	-
WP_012540430	M	Peptidyl-prolyl cis-trans	fkpA	ko:K03772	-
WP_012540444	H	Belongs to the sodium solute symporter (SSF) (TC 2.A.21) family	panF	ko:K14392	-
WP_012540445	S	Membrane	yhdT	-	-
WP_012540446	E	Catalyzes a trans-dehydration via an enolate intermediate	aroQ	ko:K03786	ko00400,ko01100,ko01110,ko01130,ko01230,map00400,map01100,map01110,map01130,map01230
WP_012540461	S	Cytochrome D ubiquinol oxidase, subunit	yhcB	ko:K09908	-
WP_012540462	D	Reduces the stability of FtsZ polymers in the presence of ATP	zapE	ko:K06916	-
WP_012540470	Q	(ABC) transporter	mlaF	ko:K02065	ko02010,map02010
WP_012540474	H	Catalyzes the condensation of para-aminobenzoate (pABA) with 6-hydroxymethyl-7,8-dihydropterin diphosphate (DHPt-PP) to form 7,8-dihydropteroate (H2Pte), the immediate precursor of folate derivatives	folP	ko:K00796	ko00790,ko01100,map00790,map01100
WP_012540479	J	Forms an intersubunit bridge (bridge B4) with the 23S rRNA of the 50S subunit in the ribosome	rpsO	ko:K02956	ko03010,map03010
WP_012540481	JKL	DEAD-box RNA helicase involved in	deaD	ko:K05592	ko03018,map03018
WP_012540492	I	Catalyzes the reduction of tatronate semialdehyde to D- glycerate	garR	ko:K00020,ko:K00042	ko00280,ko00630,ko01100,map00280,map00630,map01100
WP_012540495	NPTU	COG3678 P pilus assembly Cpx signaling pathway, periplasmic inhibitor zinc-resistance associated protein	-	-	-
WP_012540497	S	Membrane	ygjV	-	-
WP_012540500	S	oxidoreductase	ygjR	ko:K22230	ko00562,ko01120,map00562,map01120
WP_012540508	K	transcriptional regulator	lsrR	ko:K11531	ko02024,ko02026,map02024,map02026
WP_012540512	H	Catalyzes the aminotransferase reaction from putrescine to 2-oxoglutarate, leading to glutamate and 4-aminobutanal, which spontaneously cyclizes to form 1-pyrroline. Is also able to transaminate cadaverine and, in lower extent, spermidine, but not ornithine	patA	ko:K00821,ko:K09251	ko00220,ko00300,ko00330,ko01100,ko01110,ko01120,ko01130,ko01210,ko01230,map00220,map00300,map00330,map01100,map01110,map01120,map01130,map01210,map01230
WP_012540524	M	Required for optimal acid stress protection, which is important for survival of enteric bacteria in the acidic environment of the host stomach. Exhibits a chaperone-like activity at acidic pH by preventing the aggregation of many different periplasmic proteins	hdeB	ko:K19778	-
WP_012540525	S	Acid-resistance membrane protein	hdeD	ko:K21908	-
WP_012540552	S	-	-	-	-
WP_012540557	M	Murein-degrading enzyme. May play a role in recycling of muropeptides during cell elongation and or cell division	mltC	ko:K08306	-
WP_012540560	S	Protein of unknown function (DUF2884)	yggN	-	-
WP_012540565	L	Could be a nuclease involved in processing of the 5'-end of pre-16S rRNA	yqgF	ko:K07447	-
WP_012540566	K	Belongs to the UPF0301 (AlgH) family	yqgE	ko:K07735	-
WP_012540572	O	metalloprotease	yggG	ko:K07387	-
WP_012540573	G	Catalyzes the transfer of a two-carbon ketol group from a ketose donor to an aldose acceptor, via a covalent intermediate with the cofactor thiamine pyrophosphate	tktA	ko:K00615	ko00030,ko00710,ko01051,ko01100,ko01110,ko01120,ko01130,ko01200,ko01230,map00030,map00710,map01051,map01100,map01110,map01120,map01130,map01200,map01230
WP_012540593	O	Required for disulfide bond formation in some periplasmic proteins. Acts by transferring its disulfide bond to other proteins and is reduced in the process	dsbC	ko:K03981	-
WP_012540595	J	Peptide chain release factor 2 directs the termination of translation in response to the peptide chain termination codons UGA and UAA	prfB	ko:K02836	-
WP_012540596	I	Catalyzes the 1,3-allylic rearrangement of the homoallylic substrate isopentenyl (IPP) to its highly electrophilic allylic isomer, dimethylallyl diphosphate (DMAPP)	idi	ko:K01597,ko:K01823	ko00900,ko01100,ko01110,ko01130,map00900,map01100,map01110,map01130
WP_012540613	S	Divergent 4Fe-4S mono-cluster	yjdI	-	-
WP_012540615	NU	Fimbrial protein	fimH	ko:K07350	-
WP_012540617	NU	Fimbrial protein	fimF	ko:K07348	-
WP_012540619	M	chaperone	fimC	ko:K07346	-
WP_012540621	K	FimE is one of the 2 regulatory proteins which control the phase variation of type 1 fimbriae in E.coli. These proteins mediate the periodic inversion of a 300bp DNA segment that harbors the promoter for the fimbrial structural gene, fimA. FimE switches fimA off	fimE	ko:K07358	-
WP_012540626	M	chaperone	yehC	-	-
WP_012540631	EG	of the drug metabolite transporter (DMT) superfamily	pecM	ko:K15269	-
WP_012540632	NU	Fimbrial protein	-	-	-
WP_012540635	C	oxidoreductase	ydbC	ko:K05275	ko00750,ko01100,ko01120,map00750,map01100,map01120
WP_012540640	P	Major facilitator superfamily	lacY_2	ko:K02532	-
WP_012540645	S	PFAM Cupin 2, conserved barrel domain protein	kdgF	-	-
WP_012540674	Q	Dehydratase Small Subunit	pduE	ko:K13920	ko00640,map00640
WP_012540685	H	precorrin-6y C5,15-methyltransferase	cobL	ko:K00595,ko:K02191	ko00860,ko01100,map00860,map01100
WP_012540688	H	reductase	cobK	ko:K05895	ko00860,ko01100,map00860,map01100
WP_012540726	T	Histidine kinase	barA	ko:K07678	ko02020,ko02025,ko02026,ko05111,map02020,map02025,map02026,map05111
WP_012540728	KT	In eubacteria ppGpp (guanosine 3'-diphosphate 5-' diphosphate) is a mediator of the stringent response that coordinates a variety of cellular activities in response to changes in nutritional abundance	relA	ko:K00951	ko00230,map00230
WP_012540733	P	Component of the sulfite reductase complex that catalyzes the 6-electron reduction of sulfite to sulfide. This is one of several activities required for the biosynthesis of L- cysteine from sulfate. The flavoprotein component catalyzes the electron flow from NADPH - FAD - FMN to the hemoprotein component	cysJ	ko:K00380	ko00920,ko01100,ko01120,map00920,map01100,map01120
WP_012540756	GK	ROK family	mak	ko:K00845,ko:K00847,ko:K18673	ko00010,ko00051,ko00052,ko00500,ko00520,ko00521,ko00524,ko01100,ko01110,ko01120,ko01130,ko01200,map00010,map00051,map00052,map00500,map00520,map00521,map00524,map01100,map01110,map01120,map01130,map01200
WP_012540763	S	Probably plays a role in a hydrogenase nickel cofactor insertion step	hypA	ko:K04651	-
WP_012540764	C	Formate hydrogenlyase	hycB	ko:K15827	-
WP_012540776	K	transcriptional regulator	yagI	-	-
WP_012540785	M	Lytic murein transglycosylase	mltB	ko:K08305	-
WP_012540787	P	(ABC) transporter	mntB	ko:K02074	-
WP_012540788	P	ABC-type Mn2 Zn2 transport systems permease components	mntC	ko:K02075,ko:K11606	ko02010,map02010
WP_012540796	O	Glutaredoxin-like protein NrdH	nrdH	ko:K06191	-
WP_012540797	S	Antioxidant protein with alkyl hydroperoxidase activity. Required for the reduction of the AhpC active site cysteine residues and for the regeneration of the AhpC enzyme activity	-	-	-
WP_012540801	S	-	-	-	-
WP_012540802	O	Aspartyl Asparaginyl beta-hydroxylase	lpxO	ko:K12979	-
WP_012540815	NU	Fimbrial protein	-	ko:K07345	ko05133,map05133
WP_012540816	S	-	-	-	-
WP_012540839	J	Belongs to the bacterial ribosomal protein bS16 family	rpsP	ko:K02959	ko03010,map03010
WP_012540842	S	bacterial-type flagellum-dependent swarming motility	yfiR	-	-
WP_012540845	E	chorismate mutase	pheA	ko:K14170	ko00400,ko01100,ko01110,ko01130,ko01230,map00400,map01100,map01110,map01130,map01230
WP_012540846	EGP	transporter	kgtP	ko:K02625,ko:K03761	-
WP_012540850	L	Excises uracil residues from the DNA which can arise as a result of misincorporation of dUMP residues by DNA polymerase or due to deamination of cytosine	ung	ko:K03648	ko03410,ko05340,map03410,map05340
WP_012540851	JKL	DEAD-box RNA helicase involved in	srmB	ko:K05590	-
WP_012540854	T	Negative regulator of sigma E activity	rseB	ko:K03598	-
WP_012540860	S	SURF4 family	yphA	ko:K15977	-
WP_012540900	G	Belongs to the glycosyl hydrolase 67 family	-	-	-
WP_012540903	G	Belongs to the glycosyl hydrolase 28 family	-	ko:K01184	ko00040,ko01100,map00040,map01100
WP_012540904	F	Catalyzes the transfer of a formyl group from 10- formyltetrahydrofolate to 5-phospho-ribosyl-glycinamide (GAR), producing 5-phospho-ribosyl-N-formylglycinamide (FGAR) and tetrahydrofolate	purN	ko:K11175	ko00230,ko00670,ko01100,ko01110,ko01130,map00230,map00670,map01100,map01110,map01130
WP_012540908	F	Xanthine uracil	uraA	ko:K02824,ko:K09016	-
WP_012540911	S	permease	perM	ko:K03548	-
WP_012540920	E	ethanolamine utilization protein EutP	eutP	ko:K04029	-
WP_012540921	E	Ethanolamine utilization protein eutQ	eutQ	ko:K04030	-
WP_012540937	P	Part of the ABC transporter complex CysAWTP involved in sulfate thiosulfate import. Responsible for energy coupling to the transport system	cysA	ko:K02045	ko00920,ko02010,map00920,map02010
WP_012540940	H	Pyridoxal kinase involved in the salvage pathway of pyridoxal 5'-phosphate (PLP). Catalyzes the phosphorylation of pyridoxal to PLP	pdxK	ko:K00868	ko00750,ko01100,map00750,map01100
WP_012540941	S	-	-	-	-
WP_012540946	L	DNA ligase that catalyzes the formation of phosphodiester linkages between 5'-phosphoryl and 3'-hydroxyl groups in double-stranded DNA using NAD as a coenzyme and as the energy source for the reaction. It is essential for DNA replication and repair of damaged DNA	ligA	ko:K01972	ko03030,ko03410,ko03420,ko03430,map03030,map03410,map03420,map03430
WP_012540950	F	Belongs to the concentrative nucleoside transporter (CNT) (TC 2.A.41) family	nupC	ko:K03317,ko:K11535	-
WP_012540954	F	Belongs to the bacterial glucokinase family	glk	ko:K00845	ko00010,ko00052,ko00500,ko00520,ko00521,ko00524,ko01100,ko01110,ko01120,ko01130,ko01200,map00010,map00052,map00500,map00520,map00521,map00524,map01100,map01110,map01120,map01130,map01200
WP_012540955	T	Histidine kinase	ypdA	ko:K02478	-
WP_012540957	FJ	deaminase	guaD	ko:K01487,ko:K01493	ko00230,ko00240,ko01100,map00230,map00240,map01100
WP_012540960	S	protein conserved in bacteria	yfcZ	-	-
WP_012540966	K	transcriptional regulator	-	ko:K03482,ko:K03710,ko:K11922	-
WP_012540981	I	NUDIX hydrolase	yfcD	ko:K01823	ko00900,ko01100,ko01110,ko01130,map00900,map01100,map01110,map01130
WP_012540982	S	Belongs to the UPF0304 family	yfbU	ko:K09161	-
WP_012540990	G	Belongs to the HpcH HpaI aldolase family	rhmA	ko:K02510,ko:K12660	ko00051,ko00350,ko01120,map00051,map00350,map01120
WP_012540994	T	Component of the Rcs signaling system, which controls transcription of numerous genes. RcsC functions as a membrane- associated protein kinase that phosphorylates RcsD in response to environmental signals. The phosphoryl group is then transferred to the response regulator RcsB	rcsC	ko:K07677	ko02020,ko02026,map02020,map02026
WP_012541001	P	Acts as a magnesium transporter	mgtE	ko:K06213	-
WP_012541003	C	malate quinone oxidoreductase	mqo	ko:K00116	ko00020,ko00620,ko01100,ko01110,ko01120,ko01130,ko01200,map00020,map00620,map01100,map01110,map01120,map01130,map01200
WP_012541007	E	Binding-protein-dependent transport system inner membrane component	-	ko:K16959	ko02010,map02010
WP_012541019	T	Involved in resistance to the phages N4 and lambda	rtn	-	-
WP_012541027	G	Pts system fructose-specific	fruA	ko:K02768,ko:K02769,ko:K02770	ko00051,ko01100,ko01120,ko02060,map00051,map01100,map01120,map02060
WP_012541033	K	transcriptional regulator	Z012_04635	-	-
WP_012541034	F	This enzyme scavenges exogenous and endogenous cytidine and 2'-deoxycytidine for UMP synthesis	cdd	ko:K01489	ko00240,ko00983,ko01100,map00240,map00983,map01100
WP_012541036	J	Catalyzes the synthesis of 5,6-dihydrouridine (D), a modified base found in the D-loop of most tRNAs, via the reduction of the C5-C6 double bond in target uridines. Specifically modifies U16 in tRNAs	dusC	ko:K05541	-
WP_012541037	M	COG3659 Carbohydrate-selective porin	oprB	ko:K07267	-
WP_012541051	T	Universal stress protein	-	ko:K06149	-
WP_012541054	K	transcriptional regulator	lsrR_2	ko:K11531	ko02024,ko02026,map02024,map02026
WP_012541064	EGP	Major facilitator superfamily	mdtD	ko:K18326	ko02020,map02020
WP_012541067	M	Belongs to the membrane fusion protein (MFP) (TC 8.A.1) family	mdtA	ko:K07799,ko:K21135	ko02020,map02020
WP_012541069	T	COG0745 Response regulators consisting of a CheY-like receiver domain and a winged-helix DNA-binding domain	phoP_1	ko:K07660	ko01503,ko02020,map01503,map02020
WP_012541070	T	Signal transduction histidine kinase	-	-	-
WP_012541095	GM	Transport permease protein	wzm	ko:K09688,ko:K09690	ko02010,map02010
WP_012541096	GM	ABC-type polysaccharide polyol phosphate transport system ATPase component	wzt	ko:K09691	ko02010,map02010
WP_012541112	C	protein alpha chain	nifD	ko:K02586	ko00625,ko00910,ko01100,ko01120,map00625,map00910,map01100,map01120
WP_012541121	T	CBS-domain-containing membrane protein	-	ko:K07168	-
WP_012541125	S	protein conserved in bacteria	-	-	-
WP_012541126	T	Diguanylate cyclase	-	-	-
WP_012541132	T	SpoVT AbrB domain-containing protein	pemI	ko:K18842	-
WP_012541138	P	NhaP-type Na H and K H antiporters	yjcE	ko:K03316	-
WP_012541140	S	JAB1/Mov34/MPN/PAD-1 ubiquitin protease	-	-	-
WP_012541195	K	transcriptional regulator	-	ko:K18900	-
WP_012541196	J	Translation Initiation Inhibitor YjgF Family	yjgH	-	-
WP_012541202	E	aminotransferase	-	ko:K00812	ko00220,ko00250,ko00270,ko00330,ko00350,ko00360,ko00400,ko00401,ko00950,ko00960,ko01100,ko01110,ko01130,ko01210,ko01230,map00220,map00250,map00270,map00330,map00350,map00360,map00400,map00401,map00950,map00960,map01100,map01110,map01130,map01210,map01230
WP_012541227	S	Belongs to the DsrB family	dsrB	-	-
WP_012541230	E	Catalyzes the alpha,beta-elimination reaction of D- cysteine and of several D-cysteine derivatives. It could be a defense mechanism against D-cysteine	dcyD	ko:K05396	ko00270,map00270
WP_012541234	E	amino acid	tyrP	ko:K03834	-
WP_012541235	P	Iron-storage protein	ftnA	ko:K02217	-
WP_012541236	EGP	Major facilitator superfamily	hsrA_1	-	-
WP_012541238	P	Iron-storage protein	ftnB	ko:K02255	-
WP_012541242	T	Required for resistance to DNA-damaging agents	uspC	ko:K14064	-
WP_012541243	G	Major Facilitator	-	ko:K03292,ko:K16210	-
WP_012541250	L	The RuvA-RuvB complex in the presence of ATP renatures cruciform structure in supercoiled DNA with palindromic sequence, indicating that it may promote strand exchange reactions in homologous recombination. RuvAB is a helicase that mediates the Holliday junction migration by localized denaturation and reannealing	ruvB	ko:K03551	ko03440,map03440
WP_012541251	M	COG0739 Membrane proteins related to metalloendopeptidases	yebA	ko:K19304	-
WP_012541253	S	transporter	-	ko:K07088	-
WP_012541255	F	Involved in the de novo purine biosynthesis. Catalyzes the transfer of formate to 5-phospho-ribosyl-glycinamide (GAR), producing 5-phospho-ribosyl-N-formylglycinamide (FGAR). Formate is provided by PurU via hydrolysis of 10-formyl-tetrahydrofolate	purT	ko:K08289	ko00230,ko00670,ko01100,ko01110,ko01130,map00230,map00670,map01100,map01110,map01130
WP_012541257	S	Protein of unknown function (DUF533)	yebE	-	-
WP_012541258	E	Protease II	ptrB	ko:K01354	ko05142,ko05143,map05142,map05143
WP_012541259	L	3'-5' exonuclease activity on single or double-strand DNA	exoX	ko:K10857	ko03430,map03430
WP_012541260	L	DNA polymerase III	holE	ko:K02345	ko00230,ko00240,ko01100,ko03030,ko03430,ko03440,map00230,map00240,map01100,map03030,map03430,map03440
WP_012541261	S	Resistance protein	yobA	ko:K07156	-
WP_012541262	P	copper resistance protein	yebZ	ko:K07245	-
WP_012541265	J	Specifically methylates the cytosine at position 1407 (m5C1407) of 16S rRNA	rsmF	ko:K11392	-
WP_012541271	Q	Methyl-transferase	rrmA	ko:K00563	-
WP_012541278	K	Multifunctional regulator of fatty acid metabolism	fadR	ko:K03603	-
WP_012541290	P	PFAM binding-protein-dependent transport systems inner membrane component	ycjO	ko:K02025	-
WP_012541291	G	ABC-type sugar transport system periplasmic component	-	ko:K02027	-
WP_012541308	K	Cold-Shock Protein	capB	-	-
WP_012541312	G	2-keto-3-deoxy-galactonokinase	dgoK	ko:K00883	ko00052,ko01100,map00052,map01100
WP_012541316	CH	Belongs to the D-isomer specific 2-hydroxyacid dehydrogenase family	-	-	-
WP_012541317	S	Gamma-glutamyl cyclotransferase, AIG2-like	-	-	-
WP_012541320	S	Type VI secretion system protein ImpK	-	ko:K11892	ko03070,map03070
WP_012541336	K	transcriptional regulator	mta_1	-	-
WP_012541339	H	Catalyzes the NADPH-dependent reduction of glutamyl- tRNA(Glu) to glutamate 1-semialdehyde (GSA)	hemA	ko:K02492	ko00860,ko01100,ko01110,ko01120,map00860,map01100,map01110,map01120
WP_012541343	P	conserved protein involved in intracellular sulfur reduction	ychN	ko:K06039	-
WP_012541353	C	Nitrate reductase	narJ	ko:K00373	ko02020,map02020
WP_012541356	M	esterase of the alpha-beta hydrolase superfamily	rssA	ko:K07001	-
WP_012541366	G	Fructosamine kinase	yniA	-	-
WP_012541368	S	-	-	-	-
WP_012541370	C	D-amino acid dehydrogenase	-	ko:K00285	ko00360,map00360
WP_012541383	P	Belongs to the binding-protein-dependent transport system permease family. FecCD subfamily	-	ko:K02015	ko02010,map02010
WP_012541385	K	transcriptional regulator	-	-	-
WP_012541394	E	Cysteine desulfurases mobilize the sulfur from L- cysteine to yield L-alanine, an essential step in sulfur metabolism for biosynthesis of a variety of sulfur-containing biomolecules. Component of the suf operon, which is activated and required under specific conditions such as oxidative stress and iron limitation. Acts as a potent selenocysteine lyase in vitro, that mobilizes selenium from L-selenocysteine. Selenocysteine lyase activity is however unsure in vivo	sufS	ko:K01766,ko:K11717	ko00450,ko01100,map00450,map01100
WP_012541396	M	ErfK YbiS YcfS YnhG family protein	ycfS	ko:K16291,ko:K19234,ko:K19235,ko:K19236	ko01503,map01503
WP_012541397	G	Belongs to the pyruvate kinase family	pykF	ko:K00873	ko00010,ko00230,ko00620,ko01100,ko01110,ko01120,ko01130,ko01200,ko01230,ko04922,ko04930,ko05165,ko05203,ko05230,map00010,map00230,map00620,map01100,map01110,map01120,map01130,map01200,map01230,map04922,map04930,map05165,map05203,map05230
WP_012541399	S	fumarate hydratase activity	ydhZ	-	-
WP_012541400	E	4-hydroxyphenylpyruvate dioxygenase	vllY	ko:K00457	ko00130,ko00350,ko00360,ko01100,map00130,map00350,map00360,map01100
WP_012541401	G	COG0477 Permeases of the major facilitator superfamily	-	ko:K08194	-
WP_012541448	O	once thought to export heme, this seems not to be the case, but its exact role is uncertain. Responsible for energy coupling to the transport system	ccmA	ko:K02193	ko02010,map02010
WP_012541464	I	3-hydroxyacyl-coa dehydrogenase	-	ko:K00074	ko00360,ko00362,ko00650,ko01100,ko01120,map00360,map00362,map00650,map01100,map01120
WP_012541465	I	Catalyzes the final step of fatty acid oxidation in which acetyl-CoA is released and the CoA ester of a fatty acid two carbons shorter is formed	atoB	ko:K00626	ko00071,ko00072,ko00280,ko00310,ko00362,ko00380,ko00620,ko00630,ko00640,ko00650,ko00720,ko00900,ko01100,ko01110,ko01120,ko01130,ko01200,ko01212,ko02020,map00071,map00072,map00280,map00310,map00362,map00380,map00620,map00630,map00640,map00650,map00720,map00900,map01100,map01110,map01120,map01130,map01200,map01212,map02020
WP_012541466	I	COG2057 Acyl CoA acetate 3-ketoacid CoA transferase beta subunit	scoB	ko:K01029	ko00072,ko00280,ko00650,map00072,map00280,map00650
WP_012541468	K	transcriptional regulator	-	ko:K17737	-
WP_012541512	V	Multidrug efflux pump	mdtK	ko:K03327	-
WP_012541515	K	Transcriptional regulator	ydhB	-	-
WP_012541520	P	Destroys radicals which are normally produced within the cells and which are toxic to biological systems	sodC	ko:K04565	ko04146,ko04213,ko05014,ko05016,ko05020,map04146,map04213,map05014,map05016,map05020
WP_012541526	J	Catalyzes the attachment of tyrosine to tRNA(Tyr) in a two-step reaction tyrosine is first activated by ATP to form Tyr- AMP and then transferred to the acceptor end of tRNA(Tyr)	tyrS	ko:K01866	ko00970,map00970
WP_012541529	C	Part of a membrane complex involved in electron transport	rnfE	ko:K03613	-
WP_012541531	C	Part of a membrane complex involved in electron transport	rnfD	ko:K03614	-
WP_012541533	G	Belongs to the glycosyl hydrolase 1 family	bglC	ko:K01223,ko:K05350	ko00010,ko00460,ko00500,ko00940,ko01100,ko01110,map00010,map00460,map00500,map00940,map01100,map01110
WP_012541534	S	-	blr	-	-
WP_012541541	K	transcriptional regulator	pcaQ	ko:K02623,ko:K14057	-
WP_012541545	P	Involved in the biosynthesis of osmoregulated periplasmic glucans (OPGs)	mdoD	ko:K03670	-
WP_012541554	S	Protein of unknown function (DUF2554)	-	-	-
WP_012541559	P	ABC transporter (Permease	ydcU	ko:K02054	ko02024,map02024
WP_012541560	C	belongs to the aldehyde dehydrogenase family	prr	ko:K00137	ko00330,ko00410,ko01100,map00330,map00410,map01100
WP_012541564	M	acetyltransferase	yncA	ko:K03823	ko00440,ko01130,map00440,map01130
WP_012541571	C	Luciferase Family	ytmO	-	-
WP_012541576	M	Mandelate Racemase Muconate Lactonizing	-	ko:K01781,ko:K20023	ko00053,ko00627,ko01120,map00053,map00627,map01120
WP_012541582	P	Part of the ABC transporter complex PotABCD involved in spermidine putrescine import. Responsible for energy coupling to the transport system	-	ko:K02010	ko02010,map02010
WP_012541603	H	polyphosphate kinase	ppk2	ko:K22468	ko00190,ko03018,map00190,map03018
WP_012541615	J	30S ribosomal protein subunit S22 family	-	ko:K02972	-
WP_012541624	S	-	-	-	-
WP_012541652	T	Diguanylate cyclase	ydaM	ko:K19707,ko:K21088	ko02026,map02026
WP_012541720	G	Belongs to the glyceraldehyde-3-phosphate dehydrogenase family	gap	ko:K00134	ko00010,ko00710,ko01100,ko01110,ko01120,ko01130,ko01200,ko01230,ko04066,ko05010,map00010,map00710,map01100,map01110,map01120,map01130,map01200,map01230,map04066,map05010
WP_012541721	K	transcriptional regulator	cdhR	-	-
WP_012541727	J	Allows the formation of correctly charged Gln-tRNA(Gln) through the transamidation of misacylated Glu-tRNA(Gln) in organisms which lack glutaminyl-tRNA synthetase. The reaction takes place in the presence of glutamine and ATP through an activated gamma-phospho-Glu-tRNA(Gln)	amdA	ko:K01426	ko00330,ko00360,ko00380,ko00627,ko00643,ko01120,map00330,map00360,map00380,map00627,map00643,map01120
WP_012541728	E	NHase catalyzes the hydration of various nitrile compounds to the corresponding amides	-	ko:K20807	ko00364,ko00380,ko00627,ko00643,ko01120,map00364,map00380,map00627,map00643,map01120
WP_012541729	S	Nitrile hydratase beta subunit	-	-	-
WP_012541735	K	UTRA	-	ko:K03482	-
WP_012541755	E	Glyoxalase-like domain	-	-	-
WP_012541767	K	histone acetyltransferase HPA2 and related acetyltransferases	ttr	-	-
WP_012541772	C	alcohol dehydrogenase	dhaT	ko:K19954	-
WP_012541776	S	phenazine biosynthesis protein PhzF	yddE_1	-	-
WP_012541779	K	Transcriptional	-	-	-
WP_012541782	E	methionine synthase	yxjG	ko:K00549	ko00270,ko00450,ko01100,ko01110,ko01230,map00270,map00450,map01100,map01110,map01230
WP_012541789	S	domain protein	-	-	-
WP_012541806	S	Membrane	-	-	-
WP_012541855	H	Catalyzes a mechanistically unusual reaction, the ATP- dependent insertion of CO2 between the N7 and N8 nitrogen atoms of 7,8-diaminopelargonic acid (DAPA) to form an ureido ring	ynfK	ko:K01935	ko00780,ko01100,map00780,map01100
WP_012541865	C	Subunit of malonate decarboxylase, it is an acyl carrier protein to which acetyl and malonyl thioester residues are bound via a 2'-(5''-phosphoribosyl)-3'-dephospho-CoA prosthetic group and turn over during the catalytic mechanism	mdcC	ko:K13931	-
WP_012541866	I	Carboxyl transferase domain	mdcD	ko:K13932	-
WP_012541879	I	COG2057 Acyl CoA acetate 3-ketoacid CoA transferase, beta subunit	pcaJ	ko:K01032	ko00362,ko01100,ko01120,map00362,map01100,map01120
WP_012541888	C	The transhydrogenation between NADH and NADP is coupled to respiration and ATP hydrolysis and functions as a proton pump across the membrane	pntB	ko:K00325	ko00760,ko01100,map00760,map01100
WP_012541893	E	Arginine ornithine antiporter	ydgI	ko:K03757,ko:K03758	-
WP_012541894	IQ	reductase	folM	ko:K03793,ko:K13938	ko00670,ko00790,ko01100,map00670,map00790,map01100
WP_012541901	G	PTS system	malX	ko:K02790,ko:K02791	ko00010,ko00500,ko00520,ko02060,map00010,map00500,map00520,map02060
WP_012541906	S	transporter component	yedE	ko:K07112	-
WP_012541912	C	Catalyzes the NAD-dependent reduction of succinylglutamate semialdehyde into succinylglutamate	astD	ko:K06447	ko00330,ko01100,map00330,map01100
WP_012541926	K	transcriptional regulator	-	-	-
WP_012541938	Q	Phytanoyl-CoA dioxygenase	-	-	-
WP_012541949	S	(Lipo)protein	ynbE	-	-
WP_012541978	S	Domain of unknown function (DUF4123)	-	-	-
WP_012541985	S	type VI secretion protein	-	ko:K11901	ko02025,map02025
WP_012541991	T	Belongs to the anti-sigma-factor antagonist family	-	ko:K04749	-
WP_012542005	O	Arylsulfotransferase (ASST)	-	-	-
WP_012542008	P	ABC transporter, phosphonate, periplasmic substrate-binding protein	-	ko:K15553	ko00920,ko02010,map00920,map02010
WP_012542012	P	(ABC) transporter	-	ko:K02029	-
WP_012542019	K	Transcriptional regulator of aromatic amino acids metabolism	tyrR	ko:K03721	-
WP_012542025	K	transcriptional	-	-	-
WP_012542039	L	Belongs to the 'phage' integrase family	-	-	-
WP_012542042	S	protein conserved in bacteria	yciW	-	-
WP_012542045	S	Belongs to the UPF0509 family	yciZ	-	-
WP_012542047	S	Involved in the assembly of lipopolysaccharide (LPS)	lapA	ko:K08992	-
WP_012542052	IQ	COG1028 Dehydrogenases with different specificities (related to short-chain alcohol dehydrogenases)	yciK	-	-
WP_012542057	EH	Part of a heterotetrameric complex that catalyzes the two-step biosynthesis of anthranilate, an intermediate in the biosynthesis of L-tryptophan. In the first step, the glutamine- binding beta subunit (TrpG) of anthranilate synthase (AS) provides the glutamine amidotransferase activity which generates ammonia as a substrate that, along with chorismate, is used in the second step, catalyzed by the large alpha subunit of AS (TrpE) to produce anthranilate. In the absence of TrpG, TrpE can synthesize anthranilate directly from chorismate and high concentrations of ammonia	trpE	ko:K01657,ko:K13503	ko00400,ko00405,ko01100,ko01110,ko01130,ko01230,ko02024,ko02025,map00400,map00405,map01100,map01110,map01130,map01230,map02024,map02025
WP_012542062	K	transcriptional regulator	-	-	-
WP_012542066	M	outer membrane protein W	ompW	ko:K07275	-
WP_012542072	G	Involved in the degradation of chitin. ChbG is essential for growth on the acetylated chitooligosaccharides chitobiose and chitotriose but is dispensable for growth on cellobiose and chitosan dimer, the deacetylated form of chitobiose. Deacetylation of chitobiose-6-P and chitotriose-6-P is necessary for both the activation of the chb promoter by the regulatory protein ChbR and the hydrolysis of phosphorylated beta-glucosides by the phospho- beta-glucosidase ChbF. Catalyzes the removal of only one acetyl group from chitobiose-6-P to yield monoacetylchitobiose-6-P, the inducer of ChbR and the substrate of ChbF	chbG	ko:K03478	-
WP_012542093	F	Synthesizes selenophosphate from selenide and ATP	selD	ko:K01008	ko00450,ko01100,map00450,map01100
WP_012542105	E	(ABC) transporter	-	ko:K02028,ko:K02029,ko:K10004,ko:K10010,ko:K10038	ko02010,ko02020,map02010,map02020
WP_012542106	P	(ABC) transporter	glnP	ko:K10037	ko02010,map02010
WP_012542112	IQ	Dehydrogenases with different specificities (Related to short-chain alcohol dehydrogenases)	-	ko:K00059,ko:K18335	ko00051,ko00061,ko00333,ko00780,ko01040,ko01100,ko01120,ko01130,ko01212,map00051,map00061,map00333,map00780,map01040,map01100,map01120,map01130,map01212
WP_012542113	K	transcriptional regulator	-	ko:K18900	-
WP_012542116	P	ATPase, P-type (transporting), HAD superfamily, subfamily IC	mgtB	ko:K01531,ko:K12955	-
WP_012542117	S	-	-	-	-
WP_012542118	P	Na Pi-Cotransporter	-	ko:K03324	-
WP_012542119	CH	COG0654 2-polyprenyl-6-methoxyphenol hydroxylase and related FAD-dependent oxidoreductases	-	-	-
WP_012542120	K	Tetracyclin repressor, C-terminal all-alpha domain	-	ko:K18476	-
WP_012542124	K	transcriptional	-	-	-
WP_012542130	S	-	-	-	-
WP_012542131	EJ	Belongs to the asparaginase 1 family	ansB	ko:K01424,ko:K05597	ko00220,ko00250,ko00460,ko00471,ko01100,ko01110,ko02020,map00220,map00250,map00460,map00471,map01100,map01110,map02020
WP_012542137	L	oxidized base lesion DNA N-glycosylase activity	-	-	-
WP_012542139	K	Transcriptional regulator	-	-	-
WP_012542143	V	Belongs to the membrane fusion protein (MFP) (TC 8.A.1) family	-	-	-
WP_012542146	P	Mn-containing catalase	-	ko:K07217	-
WP_012542148	E	COG1063 Threonine dehydrogenase and related Zn-dependent dehydrogenases	ybdR	-	-
WP_012542149	S	protein conserved in bacteria	-	ko:K09984	-
WP_012542151	S	Antibiotic biosynthesis monooxygenase	yqjZ	-	-
WP_012542212	G	mannose-6-phosphate isomerase	-	-	-
WP_012542216	E	Cleaves the N-terminal amino acid of tripeptides	pepT	ko:K01258	-
WP_012542227	M	Lipoprotein releasing system transmembrane protein	lolE	ko:K09808	ko02010,map02010
WP_012542228	M	Lipoprotein releasing system transmembrane protein	lolC	ko:K09808	ko02010,map02010
WP_012542231	M	ErfK YbiS YcfS YnhG family protein	ycfS	ko:K16291,ko:K19234,ko:K19235,ko:K19236	ko01503,map01503
WP_012542232	S	Multiple stress resistance protein BhsA	bhsA	ko:K12151	-
WP_012542241	I	Catalyzes the condensation reaction of fatty acid synthesis by the addition to an acyl acceptor of two carbons from malonyl-ACP	fabF	ko:K09458	ko00061,ko00780,ko01100,ko01212,map00061,map00780,map01100,map01212
WP_012542242	I	malonyl CoA-acyl carrier protein transacylase	fabD	ko:K00645	ko00061,ko00333,ko01100,ko01130,ko01212,map00061,map00333,map01100,map01130,map01212
WP_012542244	I	Catalyzes the reversible formation of acyl-phosphate (acyl-PO(4)) from acyl- acyl-carrier-protein (acyl-ACP). This enzyme utilizes acyl-ACP as fatty acyl donor, but not acyl-CoA	plsX	ko:K03621	ko00561,ko00564,ko01100,ko01110,map00561,map00564,map01100,map01110
WP_012542245	J	Responsible for synthesis of pseudouridine from uracil	rluC	ko:K06179	-
WP_012542247	S	Belongs to the UPF0502 family	yceH	ko:K09915	-
WP_012542248	U	Multidrug resistance protein mdtH	mdtH	ko:K08162	-
WP_012542249	S	(Lipo)protein	yceB	-	-
WP_012542251	S	SecY secA suppressor protein	msyB	ko:K12147	-
WP_012542255	E	Belongs to the arginase family	-	ko:K01476	ko00220,ko00330,ko01100,ko01110,ko01130,ko01230,ko05146,map00220,map00330,map01100,map01110,map01130,map01230,map05146
WP_012542276	K	transcriptional regulator	-	-	-
WP_012542280	M	Belongs to the BCCT transporter (TC 2.A.15) family	yeaV	ko:K03451	-
WP_012542291	C	Belongs to the acylphosphatase family	acyP	ko:K01512	ko00620,ko00627,ko01120,map00620,map00627,map01120
WP_012542294	S	Membrane	yccF	-	-
WP_012542296	K	regulator of competence-specific genes	sxy	ko:K07343	-
WP_012542300	I	Necessary for the introduction of cis unsaturation into fatty acids. Catalyzes the dehydration of (3R)-3-hydroxydecanoyl- ACP to E-(2)-decenoyl-ACP and then its isomerization to Z-(3)- decenoyl-ACP. Can catalyze the dehydratase reaction for beta- hydroxyacyl-ACPs with saturated chain lengths up to 16 0, being most active on intermediate chain length	fabA	ko:K01716	ko00061,ko01100,ko01212,map00061,map01100,map01212
WP_012542302	S	paraquat-inducible protein A	pqiA	ko:K03808	-
WP_012542303	S	COG0488 ATPase components of ABC transporters with duplicated ATPase domains	uup	ko:K15738	-
WP_012542305	D	Contributes to the efficiency of the cell division process by stabilizing the polymeric form of the cell division protein FtsZ. Acts by promoting interactions between FtsZ protofilaments and suppressing the GTPase activity of FtsZ	zapC	ko:K18657	-
WP_012542307	P	Part of the ABC transporter complex SsuABC involved in aliphatic sulfonates import. Responsible for energy coupling to the transport system	ssuB	ko:K15555	ko00920,ko02010,map00920,map02010
WP_012542310	J	Asparaginyl-tRNA synthetase	asnS	ko:K01893	ko00970,map00970
WP_012542315	M	Activates KDO (a required 8-carbon sugar) for incorporation into bacterial lipopolysaccharide in Gram-negative bacteria	kdsB	ko:K00979	ko00540,ko01100,map00540,map01100
WP_012542316	S	Belongs to the UPF0434 family	ycaR	ko:K09791	-
WP_012542317	S	protein conserved in bacteria	ycaQ	ko:K09927	-
WP_012542319	F	Belongs to the cytidylate kinase family. Type 1 subfamily	cmk	ko:K00945	ko00240,ko01100,map00240,map01100
WP_012542321	S	Membrane	ycaP	-	-
WP_012542325	J	Catalyzes the attachment of serine to tRNA(Ser). Is also able to aminoacylate tRNA(Sec) with serine, to form the misacylated tRNA L-seryl-tRNA(Sec), which will be further converted into selenocysteinyl-tRNA(Sec)	serS	ko:K01875	ko00970,map00970
WP_012542326	L	ATPase related to the helicase subunit of the Holliday junction resolvase	rarA	ko:K07478	-
WP_012542328	C	Belongs to the class-II pyridine nucleotide-disulfide oxidoreductase family	trxB	ko:K00384	ko00450,map00450
WP_012542332	O	Belongs to the ClpA ClpB family	clpA	ko:K03694	-
WP_012542340	GM	Epimerase dehydratase	ybjT	-	-
WP_012542345	T	COG0745 Response regulators consisting of a CheY-like receiver domain and a winged-helix DNA-binding domain	walR	-	-
WP_012542347	P	ABC-type spermidine putrescine transport system, permease component I	potH	ko:K11075	ko02010,map02010
WP_012542348	P	Part of the ABC transporter complex PotABCD involved in spermidine putrescine import. Responsible for energy coupling to the transport system	potG	ko:K02052,ko:K11072,ko:K11076	ko02010,ko02024,map02010,map02024
WP_012542349	F	Belongs to the RimK family	rimK	ko:K05844	-
WP_012542350	C	Nitroreductase	nfsA	ko:K10678,ko:K19285	ko00633,ko00740,ko01100,ko01120,map00633,map00740,map01100,map01120
WP_012542355	G	glucose sorbosone	yliI	ko:K21430	-
WP_012542373	P	Citrate transporter	ybiR	-	-
WP_012542377	M	mechanosensitive ion channel	ybiO	ko:K22044	-
WP_012542385	G	Major Facilitator Superfamily	-	ko:K03535	-
WP_012542386	K	transcriptional regulator	perR	ko:K03566	ko02026,map02026
WP_012542390	S	inner membrane protein YbhQ	ybhQ	-	-
WP_012542393	S	membrane-associated metal-dependent hydrolase	eptA	ko:K03760,ko:K12975,ko:K19353	ko00540,ko01503,map00540,map01503
WP_012542401	H	Catalyzes the transfer of the alpha-amino group from S- adenosyl-L-methionine (SAM) to 7-keto-8-aminopelargonic acid (KAPA) to form 7,8-diaminopelargonic acid (DAPA). It is the only animotransferase known to utilize SAM as an amino donor	bioA	ko:K00833	ko00780,ko01100,map00780,map01100
WP_012542402	S	PFAM PEBP family protein	ybhB	ko:K06910	-
WP_012542406	M	Belongs to the membrane fusion protein (MFP) (TC 8.A.1) family	ttgA	-	-
WP_012542408	S	-	-	-	-
WP_012542413	S	Two-component-system connector protein YcgZ	ycgZ	ko:K21974	-
WP_012542414	S	Two-component-system connector protein AriR	ariR	ko:K21976	-
WP_012542418	P	ABC-type molybdenum transport system ATPase component photorepair protein PhrA	modF	ko:K02013,ko:K05776	ko02010,map02010
WP_012542419	M	udp-glucose 4-epimerase	galE	ko:K01784	ko00052,ko00520,ko01100,map00052,map00520,map01100
WP_012542423	S	YbgS-like protein	ybgS	-	-
WP_012542427	C	oxidase, subunit	cydA	ko:K00425	ko00190,ko01100,ko02020,map00190,map01100,map02020
WP_012542428	C	The 2-oxoglutarate dehydrogenase complex catalyzes the overall conversion of 2-oxoglutarate to succinyl-CoA and CO(2)	sucB	ko:K00658	ko00020,ko00310,ko01100,ko01110,ko01120,ko01130,ko01200,map00020,map00310,map01100,map01110,map01120,map01130,map01200
WP_012542429	O	Removes 5-oxoproline from various penultimate amino acid residues except L-proline	pcp	ko:K01304	-
WP_012542430	E	Belongs to the UPF0271 (lamB) family	ybgL	ko:K07160	-
WP_012542431	E	Allophanate hydrolase subunit 2	ybgK	ko:K01457,ko:K01941	ko00220,ko00791,ko01100,ko01120,map00220,map00791,map01100,map01120
WP_012542432	E	Allophanate hydrolase, subunit 1	ybgJ	-	-
WP_012542433	U	Proton-dependent permease that transports di- and tripeptides	dtpD	ko:K03305	-
WP_012542436	P	Part of the high-affinity ATP-driven potassium transport (or Kdp) system, which catalyzes the hydrolysis of ATP coupled with the electrogenic transport of potassium into the cytoplasm. This subunit acts as a catalytic chaperone that increases the ATP- binding affinity of the ATP-hydrolyzing subunit KdpB by the formation of a transient KdpB KdpC ATP ternary complex	kdpC	ko:K01548	ko02020,map02020
WP_012542437	T	Histidine kinase	kdpD	ko:K07646	ko02020,map02020
WP_012542439	L	Negative regulator of replication initiation, which contributes to regulation of DNA replication and ensures that replication initiation occurs exactly once per chromosome per cell cycle. Binds to pairs of hemimethylated GATC sequences in the oriC region, thus preventing assembly of replication proteins and re- initiation at newly replicated origins. Repression is relieved when the region becomes fully methylated	seqA	ko:K03645	-
WP_012542440	S	Alpha beta hydrolase	ybfF	ko:K01175	-
WP_012542445	J	Catalyzes a two-step reaction, first charging a glutamine molecule by linking its carboxyl group to the alpha-phosphate of ATP, followed by transfer of the aminoacyl-adenylate to its tRNA	glnS	ko:K01886	ko00970,ko01100,map00970,map01100
WP_012542446	G	Catalyzes the reversible isomerization-deamination of glucosamine 6-phosphate (GlcN6P) to form fructose 6-phosphate (Fru6P) and ammonium ion	nagB	ko:K02564	ko00520,ko01100,map00520,map01100
WP_012542447	G	Belongs to the metallo-dependent hydrolases superfamily. NagA family	nagA	ko:K01443	ko00520,ko01130,map00520,map01130
WP_012542448	J	Catalyzes the methylthiolation of N6- (dimethylallyl)adenosine (i(6)A), leading to the formation of 2- methylthio-N6-(dimethylallyl)adenosine (ms(2)i(6)A) at position 37 in tRNAs that read codons beginning with uridine	miaB	ko:K06168	-
WP_012542455	J	Belongs to the class-I aminoacyl-tRNA synthetase family	leuS	ko:K01869	ko00970,map00970
WP_012542459	H	Catalyzes the transfer of endogenously produced octanoic acid from octanoyl-acyl-carrier-protein onto the lipoyl domains of lipoate-dependent enzymes. Lipoyl-ACP can also act as a substrate although octanoyl-ACP is likely to be the physiological substrate	lipB	ko:K03801	ko00785,ko01100,map00785,map01100
WP_012542460	K	SMART Cold shock protein	cspE	ko:K03704	-
WP_012542464	K	ParB-like nuclease domain	ybdM	-	-
WP_012542487	HQ	Isochorismate synthase	entC	ko:K01851,ko:K02361	ko00130,ko01053,ko01100,ko01110,ko01130,map00130,map01053,map01100,map01110,map01130
WP_012542488	P	Periplasmic binding protein	fepB	ko:K02016	ko02010,map02010
WP_012542491	HP	(ABC) transporter	fepC	ko:K02013	ko02010,map02010
WP_012542501	C	belongs to the aldehyde dehydrogenase family	betB	ko:K00130	ko00260,ko01100,map00260,map01100
WP_012542510	EP	(ABC) transporter	gsiA_3	ko:K02031	ko02024,map02024
WP_012542521	P	ATPase, P-type (transporting), HAD superfamily, subfamily IC	ctpF	ko:K01537	-
WP_012542525	K	sequence-specific DNA binding	-	ko:K15773	-
WP_012542529	S	oxidoreductase	-	-	-
WP_012542531	G	Broad-specificity transporter of purine and pyrimidine nucleosides. Driven by a proton motive force	yegT	-	-
WP_012542535	E	oxidoreductase	ordL	ko:K09471	ko00330,ko01100,map00330,map01100
WP_012542544	S	amidohydrolase	-	ko:K01451	ko00360,map00360
WP_012542555	E	2-dehydrogenase	iolG	ko:K00010	ko00521,ko00562,ko01100,ko01120,ko01130,map00521,map00562,map01100,map01120,map01130
WP_012542565	S	acetyltransferase	-	-	-
WP_012542648	S	Hydrolyzes the pyrophosphate bond of UDP-2,3- diacylglucosamine to yield 2,3-diacylglucosamine 1-phosphate (lipid X) and UMP by catalyzing the attack of water at the alpha-P atom. Involved in the biosynthesis of lipid A, a phosphorylated glycolipid that anchors the lipopolysaccharide to the outer membrane of the cell	lpxH	ko:K03269	ko00540,ko01100,map00540,map01100
WP_012542655	E	COG2755 Lysophospholipase L1 and related esterases	tesA	ko:K10804	ko01040,map01040
WP_012542660	F	Belongs to the 5'-nucleotidase family	ushA	ko:K11751	ko00230,ko00240,ko00760,ko01100,ko01110,map00230,map00240,map00760,map01100,map01110
WP_012542663	F	Catalyzes a salvage reaction resulting in the formation of AMP, that is energically less costly than de novo synthesis	apt	ko:K00759	ko00230,ko01100,map00230,map01100
WP_012542667	M	Belongs to the membrane fusion protein (MFP) (TC 8.A.1) family	acrA	ko:K03585,ko:K18141	ko01501,ko01503,map01501,map01503
WP_012542669	M	involved in the transport of maltose and maltodextrins	lamB	ko:K02024,ko:K10124	-
WP_012542670	G	Phosphotransferase System	-	ko:K02778	ko00010,ko00520,ko02060,ko05111,map00010,map00520,map02060,map05111
WP_012542673	G	Functions in the MalKFGE ABC transporter complex to transport maltose into the cell by using ATP hydrolysis	cycB	ko:K10108,ko:K15770	ko02010,ko02030,map02010,map02030
WP_012542680	P	Ammonium transporter	amtB	ko:K03320	-
WP_012542689	EGP	Major facilitator superfamily	ampG	ko:K08218	ko01501,map01501
WP_012542690	C	Cytochrome c oxidase is the component of the respiratory chain that catalyzes the reduction of oxygen to water. Subunits 1- 3 form the functional core of the enzyme complex. CO I is the catalytic subunit of the enzyme. Electrons originating in cytochrome c are transferred via the copper A center of subunit 2 and heme A of subunit 1 to the bimetallic center formed by heme A3 and copper B	cyoB	ko:K02298	ko00190,ko01100,map00190,map01100
WP_012542692	E	shikimate dehydrogenase	-	ko:K00014	ko00400,ko01100,ko01110,ko01130,ko01230,map00400,map01100,map01110,map01130,map01230
WP_012542704	G	PTS system, Lactose/Cellobiose specific IIB subunit	-	ko:K02822	ko00053,ko01100,ko01120,ko02060,map00053,map01100,map01120,map02060
WP_012542705	G	protein conserved in bacteria	-	ko:K02822,ko:K03475	ko00053,ko01100,ko01120,ko02060,map00053,map01100,map01120,map02060
WP_012542710	U	Component of the transport system for branched-chain amino acids	brnQ	ko:K03311	-
WP_012542712	L	SbcCD cleaves DNA hairpin structures. These structures can inhibit DNA replication and are intermediates in certain DNA recombination reactions. The complex acts as a 3'- 5' double strand exonuclease that can open hairpins. It also has a 5' single-strand endonuclease activity	sbcD	ko:K03547	-
WP_012542717	S	Belongs to the UPF0178 family	yaiI	ko:K09768	-
WP_012542718	P	Belongs to the alkaline phosphatase family	phoA	ko:K01077	ko00730,ko00790,ko01100,ko02020,map00730,map00790,map01100,map02020
WP_012542723	S	Protein of unknown function (DUF2755)	yaiY	-	-
WP_012542731	E	Belongs to the EutC family	eutC	ko:K03736	ko00564,ko01100,map00564,map01100
WP_012542732	S	-	-	-	-
WP_012542735	NU	Part of the ecpRABCDE operon, which encodes the E.coli common pilus (ECP). ECP is found in both commensal and pathogenic strains and plays a dual role in early-stage biofilm development and host cell recognition (By similarity)	ecpE	ko:K21968	-
WP_012542736	NU	Part of the ecpRABCDE operon, which encodes the E.coli common pilus (ECP). ECP is found in both commensal and pathogenic strains and plays a dual role in early-stage biofilm development and host cell recognition (By similarity)	ecpC	ko:K21966	-
WP_012542737	S	Part of the ecpRABCDE operon, which encodes the E.coli common pilus (ECP). ECP is found in both commensal and pathogenic strains and plays a dual role in early-stage biofilm development and host cell recognition. Major subunit of the fimbria	matB	ko:K21964	-
WP_012542738	P	Part of the ABC transporter complex PhnCDE involved in phosphonates import. Responsible for energy coupling to the transport system	phnC	ko:K02041	ko02010,map02010
WP_012542740	E	phosphoserine phosphatase	-	-	-
WP_012542779	IQ	reductase	-	ko:K00059	ko00061,ko00333,ko00780,ko01040,ko01100,ko01130,ko01212,map00061,map00333,map00780,map01040,map01100,map01130,map01212
WP_012542782	C	May be involved in the control of utilization of gamma- aminobutyric acid	csiD	ko:K15737	-
WP_012542788	K	SOS response	yafP	ko:K03830	-
WP_012542804	MP	Copper homeostasis	cutF	ko:K06079	ko01503,map01503
WP_012542811	P	Part of the ABC transporter complex BtuCDF involved in vitamin B12 import. Binds vitamin B12 and delivers it to the periplasmic surface of BtuC	btuF	ko:K02016,ko:K06858	ko02010,map02010
WP_012542822	NU	Type II secretory pathway, ATPase PulE Tfp pilus assembly pathway, ATPase PilB	gspE	ko:K02454	ko03070,ko05111,map03070,map05111
WP_012542831	H	2-amino-4-hydroxy-6-hydroxymethyldihydropteridine pyrophosphokinase	folK	ko:K00950	ko00790,ko01100,map00790,map01100
WP_012542858	K	Negatively regulates its own expression and that of the subsequent genes in the proximal part of the division and cell wall (dcw) gene cluster. Acts by binding directly to DNA. May also regulate the expression of genes outside the dcw cluster	mraZ	ko:K03925	-
WP_012542861	G	transport protein	ydiM	-	-
WP_012542863	K	Transcriptional regulator	-	-	-
WP_012542864	G	transporter	-	ko:K03535,ko:K08194	-
WP_012542866	S	Inhibitor of glucose uptake transporter SgrT	-	-	-
WP_012542868	P	Part of the ABC transporter complex ThiBPQ involved in thiamine import. Responsible for energy coupling to the transport system	thiQ	ko:K02062	ko02010,map02010
WP_012542876	H	Catalyzes the NAD(P)-dependent oxidation of 4- (phosphohydroxy)-L-threonine (HTP) into 2-amino-3-oxo-4- (phosphohydroxy)butyric acid which spontaneously decarboxylates to form 3-amino-2-oxopropyl phosphate (AHAP)	pdxA	ko:K00097	ko00750,ko01100,map00750,map01100
WP_012542877	P	Belongs to the monovalent cation proton antiporter 2 (CPA2) transporter (TC 2.A.37) family	kefC	ko:K03455,ko:K11745,ko:K11747	-
WP_012542880	CH	Belongs to the D-isomer specific 2-hydroxyacid dehydrogenase family	ghrB_1	ko:K00050	ko00260,ko00630,ko01100,ko01110,map00260,map00630,map01100,map01110
WP_012542883	F	Belongs to the CarA family	carA	ko:K01956	ko00240,ko00250,ko01100,map00240,map00250,map01100
WP_012542907	S	GPR1 FUN34 yaaH family protein	yaaH	ko:K07034	-
WP_012542916	KT	Response regulators consisting of a CheY-like receiver domain and a winged-helix DNA-binding domain	creB	ko:K07663	ko02020,map02020
WP_012542917	S	protein conserved in bacteria	creA	ko:K05805	-
WP_012542918	K	This protein is an aporepressor. When complexed with L- tryptophan it binds the operator region of the trp operon (5'- ACTAGT-'3') and prevents the initiation of transcription. The complex also regulates trp repressor biosynthesis by binding to its regulatory region	trpR	ko:K03720	-
WP_012542920	S	membrane protein affecting hemolysin expression	smp	ko:K07186	-
WP_012542922	G	Phosphotransfer between the C1 and C5 carbon atoms of pentose	deoB	ko:K01839	ko00030,ko00230,map00030,map00230
WP_012542923	L	Deoxyribonuclease	yjjV	ko:K03424	-
WP_012542927	J	Specifically methylates the guanine in position 1207 of 16S rRNA in the 30S particle	rsmC	ko:K00564	-
WP_012542936	S	UPF0442 protein	yjjB	-	-
WP_012542938	M	Phosphoglycerol transferase and related proteins, alkaline phosphatase superfamily	mdoB	ko:K01002	ko01100,map01100
WP_012542942	G	PTS sugar transporter	-	ko:K19506	ko02060,map02060
WP_012542949	E	Amino Acid	yveA	ko:K19540	-
WP_012542960	G	Major facilitator superfamily	hpaX	ko:K02511	-
WP_012542962	S	4-hydroxyphenylacetate 3-monooxygenase, reductase component	hpaC	ko:K00484,ko:K09024	ko00240,ko00350,ko00740,ko01100,ko01120,ko01220,map00240,map00350,map00740,map01100,map01120,map01220
WP_012542967	C	belongs to the aldehyde dehydrogenase family	ssdA	ko:K00135,ko:K08324	ko00250,ko00310,ko00350,ko00650,ko00760,ko01100,ko01120,map00250,map00310,map00350,map00650,map00760,map01100,map01120
WP_012542992	J	Tryptophanyl-tRNA synthetase	trpS	ko:K01867	ko00970,map00970
WP_012542993	T	Diguanylate cyclase	-	ko:K13069	-
WP_012542997	S	-	-	-	-
WP_012542998	S	Protein of unknown function (DUF2574)	yehE	-	-
WP_012542999	S	Cupin 4 family protein	ycfD	ko:K18850	-
WP_012543086	G	COG2706 3-carboxymuconate cyclase	ykgB	-	-
WP_012543095	K	transcriptional regulator	-	ko:K02529	-
WP_012543098	P	3'(2'),5'-bisphosphate nucleotidase	cysQ	ko:K01082	ko00920,ko01100,ko01120,ko01130,map00920,map01100,map01120,map01130
WP_012543102	K	transcriptional regulator	-	-	-
WP_012543104	D	Di-iron-containing protein involved in the repair of iron-sulfur clusters	ytfE	ko:K07322	-
WP_012543112	O	HflC and HflK could encode or regulate a protease	hflK	ko:K04088	-
WP_012543119	E	amino acid	yjeM	-	-
WP_012543132	E	amino acid	yjeH	ko:K03757,ko:K03759,ko:K16263	-
WP_012543133	S	protein affecting phage T7 exclusion by the F plasmid	fxsA	ko:K07113	-
WP_012543142	K	Interacts with CbpA and inhibits both the DnaJ-like co- chaperone activity and the DNA binding activity of CbpA. Together with CbpA, modulates the activity of the DnaK chaperone system. Does not inhibit the co-chaperone activity of DnaJ	cbpM	ko:K18997	-
WP_012543143	S	Plasmid stability protein	-	-	-
WP_012543146	K	Transcriptional regulator	phnF	ko:K02043,ko:K03482	-
WP_012543148	P	phosphonate C-P lyase system protein PhnK	phnK	ko:K05781	-
WP_012543149	P	phosphonate metabolism protein PhnM	phnM	ko:K06162	ko00440,map00440
WP_012543150	F	Catalyzes the phosphorylation of ribose 1,5-bisphosphate to 5-phospho-D-ribosyl alpha-1-diphosphate (PRPP)	phnN	ko:K05774	ko00030,map00030
WP_012543151	S	-	-	-	-
WP_012543155	G	PFAM Periplasmic binding protein LacI transcriptional regulator	-	ko:K10439	ko02010,ko02030,map02010,map02030
WP_012543161	U	Belongs to the dicarboxylate amino acid cation symporter (DAACS) (TC 2.A.23) family	gltP	ko:K11102	-
WP_012543165	NU	Fimbrial protein	sthE	-	-
WP_012543168	M	chaperone	sthB	-	-
WP_012543171	K	transcriptional regulator	ywbI	-	-
WP_012543176	S	of the beta-lactamase superfamily III	-	-	-
WP_012543184	P	Receptor	fepA	ko:K16089,ko:K19611	ko02020,map02020
WP_012543186	M	Murein-degrading enzyme that degrades murein glycan strands and insoluble, high-molecular weight murein sacculi, with the concomitant formation of a 1,6-anhydromuramoyl product. Lytic transglycosylases (LTs) play an integral role in the metabolism of the peptidoglycan (PG) sacculus. Their lytic action creates space within the PG sacculus to allow for its expansion as well as for the insertion of various structures such as secretion systems and flagella	mltF2	ko:K18691	-
WP_012543187	C	COG0604 NADPH quinone reductase and related Zn-dependent oxidoreductases	qor	ko:K00344	-
WP_012543188	S	Phage Shock Protein G	pspG	-	-
WP_012543189	J	Catalyzes the synthesis of 5,6-dihydrouridine (D), a modified base found in the D-loop of most tRNAs, via the reduction of the C5-C6 double bond in target uridines. Specifically modifies U20 and U20a in tRNAs	dusA	ko:K05539	-
WP_012543190	P	belongs to the Fur family	zur	ko:K09823	ko02024,map02024
WP_012543196	G	Belongs to the GPI family	pgi	ko:K01810	ko00010,ko00030,ko00500,ko00520,ko01100,ko01110,ko01120,ko01130,ko01200,map00010,map00030,map00500,map00520,map01100,map01110,map01120,map01130,map01200
WP_012543208	S	protein conserved in bacteria	yjaG	ko:K09891	-
WP_012543211	C	In Escherichia coli this enzyme functions in thiamine biosynthesis along with thiFSGI and iscS	thiH	ko:K03150	ko00730,ko01100,map00730,map01100
WP_012543212	T	Diguanylate cyclase	-	-	-
WP_012543214	J	This protein promotes the GTP-dependent binding of aminoacyl-tRNA to the A-site of ribosomes during protein biosynthesis	tuf	ko:K02358	-
WP_012543215	F	pantothenic acid kinase	coaA	ko:K00867	ko00770,ko01100,map00770,map01100
WP_012543216	CH	Protoporphyrinogen oxidase	hemG	ko:K00230	ko00860,ko01100,ko01110,map00860,map01100,map01110
WP_012543222	V	DNA Recombination protein RmuC	rmuC	ko:K09760	-
WP_012543234	P	Mediates influx of magnesium ions	corA	ko:K03284	-
WP_012543235	L	it can initiate unwinding at a nick in the DNA. It binds to the single-stranded DNA and acts in a progressive fashion along the DNA in the 3' to 5' direction	uvrD	ko:K03657	ko03420,ko03430,map03420,map03430
WP_012543241	M	Catalyzes the synthesis of Und-PP-GlcNAc-ManNAcA (Lipid II), the second lipid-linked intermediate involved in enterobacterial common antigen (ECA) synthesis	rffM	ko:K02852	-
WP_012543244	E	Catalyzes the synthesis of dTDP-4-amino-4,6-dideoxy-D- galactose (dTDP-Fuc4N) from dTDP-4-keto-6-deoxy-D-glucose (dTDP-D- Glc4O) and L-glutamate	wecE	ko:K02805	-
WP_012543253	K	transcriptional regulator	ilvY	ko:K02521	-
WP_012543255	K	Negatively regulates the transcription of the flagellar master operon flhDC by binding to the upstream region of the operon	hdfR	-	-
WP_012543258	E	argininosuccinate lyase	argH	ko:K01755,ko:K14681	ko00220,ko00250,ko01100,ko01110,ko01130,ko01210,ko01230,map00220,map00250,map01100,map01110,map01130,map01210,map01230
WP_012543283	G	Aldolase	-	ko:K01624	ko00010,ko00030,ko00051,ko00680,ko00710,ko01100,ko01110,ko01120,ko01130,ko01200,ko01230,map00010,map00030,map00051,map00680,map00710,map01100,map01110,map01120,map01130,map01200,map01230
WP_012543294	K	transcriptional regulator	yieP	-	-
WP_012543297	P	import. Responsible for energy coupling to the transport system	rbsA	ko:K02056,ko:K10441,ko:K10542,ko:K10545,ko:K10562,ko:K17204,ko:K17215	ko02010,map02010
WP_012543298	P	Responsible for the low-affinity transport of potassium into the cell, with the	kup	ko:K03549	-
WP_012543302	D	NAD-binding protein involved in the addition of a carboxymethylaminomethyl (cmnm) group at the wobble position (U34) of certain tRNAs, forming tRNA-cmnm(5)s(2)U34	gidA	ko:K03495	-
WP_012543303	C	Produces ATP from ADP in the presence of a proton gradient across the membrane. The alpha chain is a regulatory subunit	atpA	ko:K02111	ko00190,ko00195,ko01100,map00190,map00195,map01100
WP_012543307	P	Part of the ABC transporter complex PstSACB involved in phosphate import	pstS	ko:K02040	ko02010,ko02020,ko05152,map02010,map02020,map05152
WP_012967007	L	it is required for DNA replication and normal SOS inducibility. RecF binds preferentially to single-stranded, linear DNA. It also seems to bind ATP	recF	ko:K03629	ko03440,map03440
WP_012967008	L	A type II topoisomerase that negatively supercoils closed circular double-stranded (ds) DNA in an ATP-dependent manner to modulate DNA topology and maintain chromosomes in an underwound state. Negative supercoiling favors strand separation, and DNA replication, transcription, recombination and repair, all of which involve strand separation. Also able to catalyze the interconversion of other topological isomers of dsDNA rings, including catenanes and knotted rings. Type II topoisomerases break and join 2 DNA strands simultaneously in an ATP-dependent manner	gyrB	ko:K02470	-
WP_012967017	G	transporter	uhpC	ko:K07783	ko02020,map02020
WP_012967027	M	Belongs to the membrane fusion protein (MFP) (TC 8.A.1) family	mexA	ko:K03585,ko:K18141,ko:K18321	ko01501,ko01503,ko02020,map01501,map01503,map02020
WP_012967046	P	Catalyzes the sodium-dependent transport of glutamate	gltS	ko:K03312	-
WP_012967059	M	glycosyl transferase group 1	rfaB	-	-
WP_012967063	H	Catalyzes the decarboxylative condensation of pimeloyl- acyl-carrier protein and L-alanine to produce 8-amino-7- oxononanoate (AON), acyl-carrier protein , and carbon dioxide	kbl	ko:K00639	ko00260,map00260
WP_012967081	P	ABC-type dipeptide oligopeptide nickel transport systems, permease components	dppC	ko:K12370	ko02010,map02010
WP_012967086	G	Belongs to the glycosyl hydrolase 8 (cellulase D) family	bcsZ	ko:K01179,ko:K20542	ko00500,ko01100,map00500,map01100
WP_012967091	G	Belongs to the glycosyl hydrolase 8 (cellulase D) family	bcsZ	ko:K20542	-
WP_012967094	G	COG0524 Sugar kinases, ribokinase family	kdgK	ko:K00874	ko00030,ko01100,ko01120,ko01200,map00030,map01100,map01120,map01200
WP_012967096	EGP	Major facilitator superfamily	yhjE	-	-
WP_012967102	C	Belongs to the class-I pyridine nucleotide-disulfide oxidoreductase family	gor	ko:K00383	ko00480,ko04918,map00480,map04918
WP_012967106	S	HI0933 family	yhiN	ko:K07007	-
WP_012967120	P	With UgpEC is involved in the uptake of glycerol-3-phosphate	ugpA	ko:K05814	ko02010,map02010
WP_012967123	J	acetyltransferase	yhhY	ko:K03825	-
WP_012967138	L	Hydrolase	nudE	ko:K08312	ko00230,map00230
WP_012967139	NU	Pilus assembly protein	hofM	ko:K12288	-
WP_012967152	P	Belongs to the DsrF TusC family	tusC	ko:K07236	ko04122,map04122
WP_012967156	S	Protein of unknown function (DUF1488)	yrdB	-	-
WP_012967165	H	triphosphoribosyl-dephospho-CoA synthase activity	-	-	-
WP_012967188	K	Transcriptional	exuR	ko:K05799,ko:K19775	-
WP_012967218	K	transcriptional regulator	yqhC	-	-
WP_012967219	U	Biopolymer transport protein, ExbD	exbD	ko:K03559	-
WP_012967224	S	protein conserved in bacteria	yggL	ko:K09923	-
WP_012967229	H	Belongs to the prokaryotic GSH synthase family	gshB	ko:K01920	ko00270,ko00480,ko01100,map00270,map00480,map01100
WP_012967230	J	Specifically methylates the N3 position of the uracil ring of uridine 1498 (m3U1498) in 16S rRNA. Acts on the fully assembled 30S ribosomal subunit	rsmE	ko:K09761	-
WP_012967232	M	Mechanosensitive Ion channel	mscS	ko:K03442	-
WP_012967243	S	resistance, protein	scsA	-	-
WP_012967245	K	transcriptional regulator	ybbH_1	-	-
WP_012967260	NU	Fimbrial protein	fimI	ko:K07351	-
WP_012967261	K	FimB is one of the 2 regulatory proteins which control the phase variation of type 1 fimbriae in E.coli. These proteins mediate the periodic inversion of a 300bp DNA segment that harbors the promoter for the fimbrial structural gene, fimA. FimB switches fimA on	fimB	ko:K07357	-
WP_012967265	M	Pili Assembly Chaperone	focC	ko:K15540	-
WP_012967271	M	oligogalacturonate-specific porin	kdgM	ko:K22110	-
WP_012967286	S	Protein of unknown function (DUF2509)	ygdB	-	-
WP_012967293	CQ	propanediol utilization protein	pduT	-	-
WP_012967303	U	Belongs to the MIP aquaporin (TC 1.A.8) family	glpF	ko:K02440	-
WP_012967308	H	Catalyzes the methylation of C-5 in cobalt-precorrin-6Y to form cobalt-precorrin-7W-a	cbiE	ko:K03399	ko00860,ko01100,map00860,map01100
WP_012967355	O	Belongs to the HypD family	hypD	ko:K04654	-
WP_012967361	S	Toxin SymE, type I toxin-antitoxin system	-	ko:K19048	-
WP_012967363	G	Phosphotransferase System	ascF	ko:K02752,ko:K02753,ko:K02755,ko:K02756,ko:K02757	ko00010,ko02060,map00010,map02060
WP_012967426	J	Responsible for synthesis of pseudouridine from uracil	rluD	ko:K06180	-
WP_012967431	FJ	Catalyzes the deamination of adenosine to inosine at the wobble position 34 of tRNA(Arg2)	tadA	ko:K11991	-
WP_012967434	T	Histidine kinase	yfhK	ko:K07711	ko02020,ko02024,map02020,map02024
WP_012967436	K	Stationary phase inducible protein CsiE	csiE	-	-
WP_012967437	S	transport system periplasmic component	Z012_08265	ko:K06925	-
WP_012967441	E	Probably plays an important role in intracellular peptide degradation	pepB	ko:K07751	ko00480,ko01100,map00480,map01100
WP_012967451	S	Protein of unknown function (DUF2633)	yfgG	-	-
WP_012967464	E	Cobalamin adenosyltransferase	eutT	ko:K04032	ko00860,ko01100,map00860,map01100
WP_012967466	CQ	Ethanolamine utilization protein eutN	eutN	ko:K04028	-
WP_012967470	E	With EutC catalyzes the formation of acetaldehyde and ammonia from ethanolamine	eutB	ko:K03735	ko00564,ko01100,map00564,map01100
WP_012967474	P	peroxidase	yfeX	ko:K07223	-
WP_012967478	E	Belongs to the cysteine synthase cystathionine beta- synthase family	cysK	ko:K01738	ko00270,ko00920,ko01100,ko01110,ko01120,ko01130,ko01200,ko01230,map00270,map00920,map01100,map01110,map01120,map01130,map01200,map01230
WP_012967486	K	response regulator	ypdB	ko:K02477,ko:K07705	ko02020,map02020
WP_012967487	S	-	-	-	-
WP_012967490	I	long-chain fatty acid transport protein	fadL	ko:K06076	-
WP_012967506	O	Belongs to the GST superfamily	yfcG	ko:K11209	-
WP_012967513	S	Zinc phosphodiesterase, which displays some tRNA 3'- processing endonuclease activity. Probably involved in tRNA maturation, by removing a 3'-trailer from precursor tRNA	rnz	ko:K00784	ko03013,map03013
WP_012967516	H	Catalyzes the thiamine diphosphate-dependent decarboxylation of 2-oxoglutarate and the subsequent addition of the resulting succinic semialdehyde-thiamine pyrophosphate anion to isochorismate to yield 2-succinyl-5-enolpyruvyl-6-hydroxy-3- cyclohexene-1-carboxylate (SEPHCHC)	menD	ko:K02551	ko00130,ko01100,ko01110,map00130,map01100,map01110
WP_012967542	P	ABC transporter (Permease	yejE	ko:K13895	ko02010,map02010
WP_012967543	E	ABC-type oligopeptide transport system, periplasmic component	yejA	ko:K02035,ko:K13893	ko02010,ko02024,map02010,map02024
WP_012967545	S	cobalamin synthesis protein, P47K	yeiR	-	-
WP_012967549	L	Endonuclease IV plays a role in DNA repair. It cleaves phosphodiester bonds at apurinic or apyrimidinic sites (AP sites) to produce new 5'-ends that are base-free deoxyribose 5-phosphate residues. It preferentially attacks modified AP sites created by bleomycin and neocarzinostatin	nfo	ko:K01151	ko03410,map03410
WP_012967551	P	Receptor	cirA	ko:K16089,ko:K19611	ko02020,map02020
WP_012967553	K	transcriptional regulator	galS	ko:K02529	-
WP_012967563	S	permease	yicO	ko:K06901	-
WP_012967567	H	Catalyzes the phosphorylation of the hydroxyl group of 4-methyl-5-beta-hydroxyethylthiazole (THZ)	thiM	ko:K00878	ko00730,ko01100,map00730,map01100
WP_012967599	GM	Belongs to the mannose-6-phosphate isomerase type 2 family	cpsB	ko:K00971,ko:K16011	ko00051,ko00520,ko01100,ko01110,ko01130,ko02025,map00051,map00520,map01100,map01110,map01130,map02025
WP_012967600	G	phosphomannomutase	manB	ko:K01840	ko00051,ko00520,ko01100,ko01110,ko01130,map00051,map00520,map01100,map01110,map01130
WP_012967605	K	transcriptional regulator	yeeY	-	-
WP_012967611	E	Master enzyme that delivers sulfur to a number of partners involved in Fe-S cluster assembly, tRNA modification or cofactor biosynthesis. Catalyzes the removal of elemental sulfur atoms from cysteine to produce alanine. Functions as a sulfur delivery protein for Fe-S cluster synthesis onto IscU, an Fe-S scaffold assembly protein, as well as other S acceptor proteins	nifS	ko:K04487	ko00730,ko01100,ko04122,map00730,map01100,map04122
WP_012967620	L	Inhibits the supercoiling activity of DNA gyrase. Acts by inhibiting DNA gyrase at an early step, prior to (or at the step of) binding of DNA by the gyrase. It protects cells against toxins that target DNA gyrase, by inhibiting activity of these toxins and reducing the formation of lethal double-strand breaks in the cell	sbmC	ko:K07470	-
WP_012967638	S	Nucleoside recognition family protein	-	-	-
WP_012967641	E	serine acetyltransferase	srpH	ko:K00640	ko00270,ko00920,ko01100,ko01110,ko01120,ko01200,ko01230,ko05111,map00270,map00920,map01100,map01110,map01120,map01200,map01230,map05111
WP_012967642	E	Pyridoxal-phosphate dependent enzyme	-	ko:K12339	ko00270,ko00920,ko01100,ko01110,ko01120,ko01130,ko01200,ko01230,map00270,map00920,map01100,map01110,map01120,map01130,map01200,map01230
WP_012967652	F	3-carboxy-cis,cis-muconate cycloisomerase	-	ko:K01756	ko00230,ko00250,ko01100,ko01110,ko01130,map00230,map00250,map01100,map01110,map01130
WP_012967658	H	Methyl-transferase	dcm	ko:K00558	ko00270,ko01100,ko05206,map00270,map01100,map05206
WP_012967669	G	isomerase	Z012_03465	ko:K01808,ko:K01819	ko00030,ko00051,ko00052,ko00710,ko01100,ko01110,ko01120,ko01130,ko01200,ko01230,map00030,map00051,map00052,map00710,map01100,map01110,map01120,map01130,map01200,map01230
WP_012967677	S	Protein of unknown function DUF72	yecE	-	-
WP_012967680	S	protein conserved in bacteria	yebG	ko:K09918	-
WP_012967755	Q	paraquat-inducible protein b	yebT	ko:K06192	-
WP_012967761	T	EAL domain	adrB	ko:K21090	ko02026,map02026
WP_012967776	Q	COG0179 2-keto-4-pentenoate hydratase 2-oxohepta-3-ene-1,7-dioic acid hydratase (catechol pathway)	ycgM	-	-
WP_012967793	E	abc transporter atp-binding protein	yehX	ko:K05847	ko02010,map02010
WP_012967797	U	Belongs to the binding-protein-dependent transport system permease family	braE	ko:K01998	ko02010,ko02024,map02010,map02024
WP_012967799	H	Involved in the gluconeogenesis. Catalyzes the conversion of oxaloacetate (OAA) to phosphoenolpyruvate (PEP) through direct phosphoryl transfer between the nucleoside triphosphate and OAA	pckA	ko:K01610	ko00010,ko00020,ko00620,ko00710,ko01100,ko01110,ko01120,ko01130,ko01200,map00010,map00020,map00620,map00710,map01100,map01110,map01120,map01130,map01200
WP_012967804	S	protein conserved in bacteria	yaiL	ko:K09912	-
WP_012967832	J	IF-3 binds to the 30S ribosomal subunit and shifts the equilibrum between 70S ribosomes and their 50S and 30S subunits in favor of the free subunits, thus enhancing the availability of 30S subunits on which protein synthesis initiation begins	infC	ko:K02520	-
WP_012967843	P	Hemin uptake protein	-	-	-
WP_012967935	P	Molybdenum ABC transporter, periplasmic molybdate-binding protein	-	ko:K02020	ko02010,map02010
WP_012967940	Q	hydratase	mhpD	ko:K02554	ko00360,ko00362,ko00621,ko00622,ko01100,ko01120,ko01220,map00360,map00362,map00621,map00622,map01100,map01120,map01220
WP_012967948	P	ABC-type nitrate sulfonate bicarbonate transport system permease component	-	ko:K02050	-
WP_012967952	P	Belongs to the binding-protein-dependent transport system permease family. FecCD subfamily	feuC	ko:K02015	ko02010,map02010
WP_012967964	U	Required for the export of heme to the periplasm for the biogenesis of c-type cytochromes	ccmB	ko:K02194	ko02010,map02010
WP_012968028	K	Transcriptional regulatory protein, C terminal	-	-	-
WP_012968036	S	-	-	-	-
WP_012968037	M	COG0791 Cell wall-associated hydrolases (invasion-associated proteins)	ydhO	ko:K01183,ko:K19303	ko00520,ko01100,map00520,map01100
WP_012968038	C	nadh flavin	nemA	ko:K10680	ko00633,ko01120,map00633,map01120
WP_012968040	S	Fusaric acid resistance protein	ydhK	ko:K03468	-
WP_012968041	V	Belongs to the membrane fusion protein (MFP) (TC 8.A.1) family	ydhJ	-	-
WP_012968047	O	Belongs to the GST superfamily	gst	ko:K00799	ko00480,ko00980,ko00982,ko00983,ko01524,ko05200,ko05204,ko05225,ko05418,map00480,map00980,map00982,map00983,map01524,map05200,map05204,map05225,map05418
WP_012968048	U	Proton-dependent permease that transports di- and tripeptides	dtpA	ko:K03305	-
WP_012968083	S	amidohydrolase	yxeP	ko:K21613	-
WP_012968090	M	Maltoporin (phage lambda and maltose receptor)	-	ko:K16077	-
WP_012968097	EGP	Major facilitator superfamily	smvA	ko:K08167	-
WP_012968100	Q	muconolactone delta-isomerase	catC	ko:K03464	ko00362,ko01100,ko01120,ko01220,map00362,map01100,map01120,map01220
WP_012968112	E	Lactoylglutathione lyase and related lyases	-	-	-
WP_012968118	C	Catalyzes the hydrolysis of inorganic pyrophosphate (PPi) forming two phosphate ions	-	ko:K01507	ko00190,map00190
WP_012968119	K	Transcriptional regulator	-	-	-
WP_012968122	S	COG0491 Zn-dependent hydrolases, including glyoxylases	-	-	-
WP_012968125	S	protein conserved in bacteria	yciE	-	-
WP_012968128	S	Belongs to the short-chain dehydrogenases reductases (SDR) family	-	-	-
WP_012968174	EGP	the major facilitator superfamily	-	ko:K03446,ko:K18926	-
WP_012968198	S	-	-	-	-
WP_012968203	G	Phosphotransferase System	-	ko:K02822	ko00053,ko01100,ko01120,ko02060,map00053,map01100,map01120,map02060
WP_012968204	S	transporter subunit	ulaA	ko:K02822,ko:K03475	ko00053,ko01100,ko01120,ko02060,map00053,map01100,map01120,map02060
WP_012968205	G	3-epimerase	-	ko:K17195	ko00051,ko01120,map00051,map01120
WP_012968207	G	and phosphoenolpyruvate-dependent sugar phosphotransferase system	-	ko:K02770	ko00051,ko01100,ko01120,ko02060,map00051,map01100,map01120,map02060
WP_012968221	P	PFAM binding-protein-dependent transport systems inner membrane component	-	ko:K02034	ko02024,map02024
WP_012968225	M	MltA-interacting MipA family protein	yiaT	ko:K07274	-
WP_012968226	KT	response regulator	-	ko:K18144	ko01501,map01501
WP_012968238	S	-	-	-	-
WP_012968240	NU	cell adhesion	phfS	ko:K07345	ko05133,map05133
WP_012968243	S	Lipoprotein	yddW	-	-
WP_012968254	K	LysR substrate binding domain	-	-	-
WP_012968262	C	belongs to the aldehyde dehydrogenase family	yneI	ko:K00135,ko:K08324	ko00250,ko00310,ko00350,ko00650,ko00760,ko01100,ko01120,map00250,map00310,map00350,map00650,map00760,map01100,map01120
WP_012968263	K	Transcriptional regulator	yneJ	-	-
WP_012968264	C	Belongs to the LDH MDH superfamily	ldh	ko:K00016	ko00010,ko00270,ko00620,ko00640,ko01100,ko01110,ko01120,ko01130,ko04922,map00010,map00270,map00620,map00640,map01100,map01110,map01120,map01130,map04922
WP_012968265	K	transcriptional regulator	ygbI	-	-
WP_012968272	E	COG0683 ABC-type branched-chain amino acid transport systems, periplasmic component	urtA	ko:K11959	ko02010,map02010
WP_012968274	K	Acetyltransferase (GNAT) domain	-	-	-
WP_012968287	O	Belongs to the small heat shock protein (HSP20) family	ibp	ko:K04080	-
WP_012968290	J	Acetyltransferase	ykkB	-	-
WP_012968291	K	LysR substrate binding domain	-	-	-
WP_012968292	E	threonine efflux protein	eamB	-	-
WP_012968307	C	Belongs to the prokaryotic molybdopterin-containing oxidoreductase family	ynfE	ko:K07306,ko:K07309,ko:K08351	ko00450,ko00780,ko00920,ko01100,map00450,map00780,map00920,map01100
WP_012968309	P	Probably acts as an electrical shunt for an outwardly- directed proton pump that is linked to amino acid decarboxylation, as part of the extreme acid resistance (XAR) response	clcB	ko:K03281	-
WP_012968314	M	Belongs to the peptidase S1B family	ydgD	ko:K04775	-
WP_012968320	I	malonyl CoA-acyl carrier protein transacylase	mdcH	ko:K13935	-
WP_012968321	K	transcriptional regulator	mdcR	ko:K13928	-
WP_012968326	P	PFAM Sodium sulphate symporter	ygjE	ko:K11106	-
WP_012968328	M	Mechanosensitive ion channel	-	-	-
WP_012968329	S	4-carboxymuconolactone decarboxylase	pcaC	ko:K01607	ko00362,ko01100,ko01120,ko01220,map00362,map01100,map01120,map01220
WP_012968351	E	aminotransferase	argD	ko:K00821,ko:K00840	ko00220,ko00300,ko00330,ko01100,ko01110,ko01120,ko01130,ko01210,ko01230,map00220,map00300,map00330,map01100,map01110,map01120,map01130,map01210,map01230
WP_012968352	E	HAD-superfamily hydrolase, subfamily IB	-	-	-
WP_012968356	M	membrane	oprM	-	-
WP_012968371	P	oxidoreductase	-	ko:K07222	-
WP_012968380	E	aminotransferase	tyrB	ko:K00832	ko00270,ko00350,ko00360,ko00400,ko00401,ko00950,ko00960,ko01100,ko01110,ko01130,ko01230,map00270,map00350,map00360,map00400,map00401,map00950,map00960,map01100,map01110,map01130,map01230
WP_012968382	P	NLPA lipoprotein	metQ_2	ko:K02073	ko02010,map02010
WP_012968386	GM	NmrA-like family	-	-	-
WP_012968404	S	Protein of unknown function (DUF3304)	-	-	-
WP_012968423	E	lactoylglutathione lyase activity	-	-	-
WP_012968438	P	(ABC) transporter	occM	ko:K10019	ko02010,map02010
WP_012968439	S	protein conserved in bacteria	ydjR	ko:K09975	-
WP_012968448	E	Belongs to the TrpC family	trpC	ko:K13498	ko00400,ko01100,ko01110,ko01130,ko01230,map00400,map01100,map01110,map01130,map01230
WP_012968454	S	HAD-superfamily hydrolase subfamily IA, variant 3	yniC	ko:K01838,ko:K19270	ko00500,map00500
WP_012968458	K	transcriptional regulator	chbR	ko:K03490	-
WP_012968464	L	Exodeoxyribonuclease III	xthA	ko:K01142	ko03410,map03410
WP_012968466	S	TVP38 TMEM64 family inner membrane protein ydjZ	ydjZ	-	-
WP_012968471	L	belongs to the nudix hydrolase family	nudG	ko:K03574,ko:K08320	-
WP_012968474	G	chitinase	chiA1	ko:K01183	ko00520,ko01100,map00520,map01100
WP_012968476	S	Belongs to the UPF0229 family	yeaH	ko:K09786	-
WP_012968477	O	Belongs to the glutathione peroxidase family	gpo	ko:K00432	ko00480,ko00590,ko04918,map00480,map00590,map04918
WP_012968478	S	Antibiotic biosynthesis monooxygenase	-	-	-
WP_012968484	S	decarboxylase	pcaC	ko:K01607	ko00362,ko01100,ko01120,ko01220,map00362,map01100,map01120,map01220
WP_012968488	K	Transcriptional regulator	-	-	-
WP_012968512	S	UPF0756 membrane protein	yeaL	-	-
WP_012968515	F	CTP synthase	pyrG2	ko:K01937	ko00240,ko01100,map00240,map01100
WP_012968516	S	Purine nucleoside phosphorylase	ybbK	-	-
WP_012968537	S	Protein of unknown function (DUF1656)	-	-	-
WP_012968540	Q	Isochorismatase hydrolase	-	-	-
WP_012968557	P	PFAM binding-protein-dependent transport systems inner membrane component	potC	ko:K11070,ko:K11074	ko02010,map02010
WP_012968572	I	Catalyzes the condensation reaction of fatty acid synthesis by the addition to an acyl acceptor of two carbons from malonyl-ACP. Catalyzes the first condensation reaction which initiates fatty acid synthesis and may therefore play a role in governing the total rate of fatty acid production. Possesses both acetoacetyl-ACP synthase and acetyl transacylase activities. Its substrate specificity determines the biosynthesis of branched- chain and or straight-chain of fatty acids	fabH	ko:K00648	ko00061,ko01100,ko01212,map00061,map01100,map01212
WP_012968580	P	Involved in the biosynthesis of osmoregulated periplasmic glucans (OPGs)	mdoG	ko:K03670	-
WP_012968581	I	Necessary for the succinyl substitution of periplasmic glucans. Could catalyze the transfer of succinyl residues from the cytoplasmic side of the membrane to the nascent glucan backbones on the periplasmic side of the membrane	mdoC	ko:K11941	-
WP_012968582	K	transcriptional regulator	uidR	ko:K16138	-
WP_012968585	F	Belongs to the concentrative nucleoside transporter (CNT) (TC 2.A.41) family	nupC	ko:K03317,ko:K11535	-
WP_012968594	S	Acid phosphatase	agp	ko:K01085	ko00010,ko01120,map00010,map01120
WP_012968602	T	Belongs to the anti-sigma-factor antagonist family	-	ko:K04749	-
WP_012968613	C	Catalyzes the desulfonation of aliphatic sulfonates	ssuD	ko:K04091	ko00920,map00920
WP_012968616	D	Plays a central role in chromosome condensation, segregation and cell cycle progression. Functions as a homodimer, which is essential for chromosome partition. Involved in negative DNA supercoiling in vivo, and by this means organize and compact chromosomes. May achieve or facilitate chromosome segregation by condensation DNA from both sides of a centrally located replisome during cell division	mukB	ko:K03632	-
WP_012968620	S	Dimethyl sulfoxide reductase	dmsC	ko:K07308,ko:K07312	ko00920,map00920
WP_012968625	C	Catalyzes the reduction of hydroxylamine to form NH(3) and H(2)O	hcp	ko:K05601	ko00910,map00910
WP_012968629	M	Induced during stationary phase and by acivicin (a glutamine analog)	ybjP	-	-
WP_012968630	E	Arginine ABC transporter, ATP-binding protein	artP	ko:K10000	ko02010,map02010
WP_012968643	S	disruption of this gene in Escherichia coli led to effects on biofilm formation, alteration in expression of a number of genes and mutations in bssS led to defects in indole transport and autoinducer-2 uptake and processing	bssR	ko:K19688	-
WP_012968644	G	Major facilitator superfamily	-	ko:K02532	-
WP_012968648	H	COG0476 Dinucleotide-utilizing enzymes involved in molybdopterin and thiamine biosynthesis family 2	moeB	ko:K03148,ko:K21029	ko00730,ko01100,ko04122,map00730,map01100,map04122
WP_012968653	S	-	-	-	-
WP_012968668	T	Sensor protein basS	basS	ko:K07643,ko:K07645	ko01503,ko02020,ko02024,map01503,map02020,map02024
WP_012968674	S	-	-	-	-
WP_012968675	T	EAL domain	ycgF	ko:K21973	-
WP_012968679	G	Catalyzes the transfer of the gamma-phosphate of ATP to D-galactose to form alpha-D-galactose-1-phosphate (Gal-1-P)	galK	ko:K00849	ko00052,ko00520,ko01100,map00052,map00520,map01100
WP_012968702	K	transcriptional regulator	ybeF	-	-
WP_012968704	S	phosphoadenosine phosphosulfate	ybdN	-	-
WP_012968727	P	Belongs to the binding-protein-dependent transport system permease family. FecCD subfamily	fepG	ko:K02015	ko02010,map02010
WP_012968737	K	LysR substrate binding domain	-	ko:K03566	ko02026,map02026
WP_012968744	E	(ABC) transporter	-	ko:K02029	-
WP_012968754	K	transcriptional regulator	-	-	-
WP_012968755	C	Nitroreductase	nfnB	ko:K10679	ko00633,ko01120,map00633,map01120
WP_012968759	K	Periplasmic binding protein LacI transcriptional regulator	-	-	-
WP_012968762	E	amino acid	pheP	ko:K03293,ko:K11732,ko:K11734	-
WP_012968769	K	transcriptional regulator	moaR	-	-
WP_012968772	C	oxidoreductases (related to aryl-alcohol dehydrogenases)	-	-	-
WP_012968780	S	oxidoreductase	-	-	-
WP_012968781	S	oxidoreductase	-	ko:K18652	-
WP_012968783	M	translation initiation factor activity	tolA	ko:K03646	-
WP_012968786	K	transcriptional	cadC	ko:K03765	-
WP_012968812	M	mechanosensitive ion channel	kefA	ko:K05802,ko:K22051	-
WP_012968827	O	peptidylprolyl isomerase	ppiD	ko:K03770	-
WP_012968837	S	glyoxalase bleomycin resistance protein dioxygenase	-	ko:K06996	-
WP_012968845	T	Histidine kinase	phoR	ko:K07636	ko02020,map02020
WP_012968852	S	Protein of unknown function (DUF2754)	yaiZ	-	-
WP_012968862	S	Part of the ecpRABCDE operon, which encodes the E.coli common pilus (ECP). ECP is found in both commensal and pathogenic strains and plays a dual role in early-stage biofilm development and host cell recognition. Tip pilus adhesin, which is required for assembly of EcpA into fibers (By similarity)	yagW	ko:K21967	-
WP_012968864	P	Phosphonate ABC transporter	phnE_2	ko:K02042	ko02010,map02010
WP_012968882	E	aminoacyl-histidine dipeptidase	pepD	ko:K01270	ko00480,ko01100,map00480,map01100
WP_012968886	C	NQR complex catalyzes the reduction of ubiquinone-1 to ubiquinol by two successive reactions, coupled with the transport of Na( ) ions from the cytoplasm to the periplasm. NqrA to NqrE are probably involved in the second step, the conversion of ubisemiquinone to ubiquinol	nqrA	ko:K00346	-
WP_012968889	E	Cysteine O-acetylserine efflux protein	eamB	ko:K11249	-
WP_012968890	K	Transcriptional regulator	yfiE	-	-
WP_012968896	K	Transcriptional regulator	yafC	-	-
WP_012968899	J	Catalyzes the attachment of proline to tRNA(Pro) in a two-step reaction proline is first activated by ATP to form Pro- AMP and then transferred to the acceptor end of tRNA(Pro). As ProRS can inadvertently accommodate and process non-cognate amino acids such as alanine and cysteine, to avoid such errors it has two additional distinct editing activities against alanine. One activity is designated as 'pretransfer' editing and involves the tRNA(Pro)-independent hydrolysis of activated Ala-AMP. The other activity is designated 'posttransfer' editing and involves deacylation of mischarged Ala-tRNA(Pro). The misacylated Cys- tRNA(Pro) is not edited by ProRS	proS	ko:K01881	ko00970,map00970
WP_012968905	H	Catalyzes the sequential condensation of isopentenyl diphosphate (IPP) with (2E,6E)-farnesyl diphosphate (E,E-FPP) to yield (2Z,6Z,10Z,14Z,18Z,22Z,26Z,30Z,34E,38E)-undecaprenyl diphosphate (di-trans,octa-cis-UPP). UPP is the precursor of glycosyl carrier lipid in the biosynthesis of bacterial cell wall polysaccharide components such as peptidoglycan and lipopolysaccharide	uppS	ko:K00806	ko00900,ko01110,map00900,map01110
WP_012968912	HP	ABC-type cobalamin Fe3 -siderophores transport systems, ATPase components	fhuC	ko:K02013	ko02010,map02010
WP_012968915	S	TIGRFAM lipoprotein, PulS OutS family	outS	ko:K02465	ko03070,map03070
WP_012968921	U	involved in a type II secretion system (T2SS, formerly general secretion pathway, GSP) for the export of proteins	epsM	ko:K02462	ko03070,ko05111,map03070,map05111
WP_012968924	J	Catalyzes the tRNA-independent activation of glutamate in presence of ATP and the subsequent transfer of glutamate onto a tRNA(Asp). Glutamate is transferred on the 2-amino-5-(4,5- dihydroxy-2-cyclopenten-1-yl) moiety of the queuosine in the wobble position of the QUC anticodon	gluQ	ko:K01894	-
WP_012968936	L	belongs to the nudix hydrolase family	mutT	ko:K03574	-
WP_012968939	M	Involved in cell wall formation. Catalyzes the final step in the synthesis of UDP-N-acetylmuramoyl-pentapeptide, the precursor of murein	murF	ko:K01929	ko00300,ko00550,ko01100,ko01502,map00300,map00550,map01100,map01502
WP_012968942	E	Involved in the third step of the chorismate pathway, which leads to the biosynthesis of aromatic amino acids. Catalyzes the cis-dehydration of 3-dehydroquinate (DHQ) and introduces the first double bond of the aromatic ring to yield 3- dehydroshikimate	aroD	ko:K03785	ko00400,ko01100,ko01110,ko01130,ko01230,map00400,map01100,map01110,map01130,map01230
WP_012968945	P	with TbpA and ThiQ functions in transport of thiamine and thiamine pyrophosphate into the cell	thiP	ko:K02063	ko02010,map02010
WP_012968947	C	Belongs to the ribulokinase family	araB	ko:K00853	ko00040,ko01100,map00040,map01100
WP_012968949	G	Catalyzes the isomerization of L-ribulose 5-phosphate to D-xylulose 5-phosphate	araD	ko:K03077	ko00040,ko00053,ko01100,ko01120,map00040,map00053,map01100,map01120
WP_012968980	S	Protein of unknown function (DUF2502)	yaaX	-	-
WP_012968984	S	abc transporter atp-binding protein	yjjK	ko:K06020	-
WP_012968996	E	Alcohol dehydrogenase GroES domain protein	yjjN	-	-
WP_012969003	Q	isomerase	hpaG1	ko:K05921	ko00350,ko01120,ko01220,map00350,map01120,map01220
WP_012969004	G	Belongs to the HpcH HpaI aldolase family	hpaI	ko:K02510,ko:K12660	ko00051,ko00350,ko01120,map00051,map00350,map01120
WP_012969005	K	4-hydroxyphenylacetate catabolism regulatory protein hpaA	hpaA	ko:K02508	-
WP_012969020	K	Transcriptional regulator	-	ko:K06075	-
WP_012969040	V	ABC-type multidrug transport system, permease component	yhhJ	ko:K01992	-
WP_012969051	S	Plasmid partition ParA protein	-	ko:K09701	-
WP_012969055	S	Protein of unknown function (DUF3833)	PP2730	-	-
WP_012969071	P	Binding-protein-dependent transport systems inner membrane component	-	ko:K05815	ko02010,map02010
WP_012969078	S	Permease	lptF	ko:K07091	ko02010,map02010
WP_012969080	F	operon leader peptide	pyrL	-	-
WP_012969085	O	Activation of anaerobic ribonucleoside-triphosphate reductase under anaerobic conditions by generation of an organic free radical, using S-adenosylmethionine and reduced flavodoxin as cosubstrates to produce 5'-deoxy-adenosine	nrdG	ko:K04068	-
WP_012969088	E	selenium transferase	selA	ko:K01042	ko00450,ko00970,map00450,map00970
WP_012969105	EG	Permeases of the drug metabolite transporter (DMT) superfamily	ytfF	-	-
WP_012969107	M	Opacity-associated protein A	ytfB	ko:K07268,ko:K07269	-
WP_012969117	I	Catalyzes the formation of phosphatidylethanolamine (PtdEtn) from phosphatidylserine (PtdSer)	psd	ko:K01613	ko00564,ko01100,ko01110,map00564,map01100,map01110
WP_012969132	K	Bacterial regulatory proteins, luxR family	-	-	-
WP_012969142	G	PfkB domain protein	-	-	-
WP_012969143	S	Nucleotidyl transferase AbiEii toxin, Type IV TA system	-	-	-
WP_012969157	G	inositol monophosphatase	-	ko:K01092	ko00521,ko00562,ko01100,ko04070,map00521,map00562,map01100,map04070
WP_012969173	F	bifunctional purine biosynthesis protein purh	purH	ko:K00602	ko00230,ko00670,ko01100,ko01110,ko01130,ko01523,map00230,map00670,map01100,map01110,map01130,map01523
WP_012969175	NPTU	Binds zinc. Could be an important component of the zinc- balancing mechanism	zraP	ko:K07803	ko02020,map02020
WP_012969188	S	Transposase	-	-	-
WP_012969195	H	Uroporphyrinogen-III synthase	hemD	ko:K01719	ko00860,ko01100,ko01110,ko01120,map00860,map01100,map01110,map01120
WP_012969196	E	'involved in the transport across the cytoplasmic membrane of D-alanine, D-serine and glycine'	yifK	ko:K03293	-
WP_012969202	FP	Catalyzes the conversion of pppGpp to ppGpp. Guanosine pentaphosphate (pppGpp) is a cytoplasmic signaling molecule which together with ppGpp controls the stringent response , an adaptive process that allows bacteria to respond to amino acid starvation, resulting in the coordinated regulation of numerous cellular activities	gppA	ko:K01524	ko00230,map00230
WP_012969207	O	ATPase with chaperone activity	comM	ko:K07391	-
WP_012969211	E	Belongs to the peptidase M20A family. ArgE subfamily	argE	ko:K01438	ko00220,ko01100,ko01110,ko01130,ko01210,ko01230,map00220,map01100,map01110,map01130,map01210,map01230
WP_012969213	C	glycerol dehydrogenase	gldA	ko:K00005,ko:K00096	ko00561,ko00564,ko00640,ko01100,map00561,map00564,map00640,map01100
WP_012969219	U	Uptake of L-rhamnose across the boundary membrane with the concomitant transport of protons into the cell (symport system)	rhaT	ko:K02856	-
WP_012969229	K	PFAM Periplasmic binding protein LacI transcriptional regulator	rafR	ko:K02529	-
WP_012969248	K	COG0454 Histone acetyltransferase HPA2 and related acetyltransferases	-	-	-
WP_014343412	S	major tail tube protein	FII	ko:K06908	-
WP_014343413	S	Phage P2 GpE	-	-	-
WP_014599186	P	subunit of a heme lyase	ccmH	ko:K02200	-
WP_014907017	H	Belongs to the TRAFAC class translation factor GTPase superfamily. Classic translation factor GTPase family. CysN NodQ subfamily	cysN	ko:K00956	ko00230,ko00261,ko00450,ko00920,ko01100,ko01120,ko01130,map00230,map00261,map00450,map00920,map01100,map01120,map01130
WP_015370293	I	Transfers the 4'-phosphopantetheine moiety from coenzyme A to a Ser of acyl-carrier-protein	acpS	ko:K00997	ko00770,map00770
WP_016160090	H	Catalyzes the rearrangement of 1-deoxy-D-xylulose 5- phosphate (DXP) to produce the thiazole phosphate moiety of thiamine. Sulfur is provided by the thiocarboxylate moiety of the carrier protein ThiS. In vitro, sulfur can be provided by H(2)S	thiG	ko:K03149	ko00730,ko01100,map00730,map01100
WP_016160099	S	Phage derived protein Gp49-like (DUF891)	-	-	-
WP_016160201	M	synthase	cfa	ko:K00574	-
WP_016160217	U	Branched-chain amino acid transport system / permease component	lsrD_1	ko:K02057,ko:K10440	ko02010,map02010
WP_016160229	K	transcriptional regulator	-	-	-
WP_016160232	S	-	-	-	-
WP_016160246	G	Major facilitator superfamily	yjjL	-	-
WP_016160273	EGP	Major facilitator superfamily	proP_1	ko:K03762	-
WP_016160278	S	Alanyl-tRNA synthetase	-	-	-
WP_016160289	P	thiamine ABC transporter	tbpA	ko:K02064	ko02010,map02010
WP_016160319	H	Glutamate-1-semialdehyde aminotransferase	hemL	ko:K01845	ko00860,ko01100,ko01110,ko01120,map00860,map01100,map01110,map01120
WP_016160335	S	Hydrolase	yafV	ko:K11206,ko:K13566	ko00250,map00250
WP_016160372	H	Converts 2,5-diamino-6-(ribosylamino)-4(3h)-pyrimidinone 5'-phosphate into 5-amino-6-(ribosylamino)-2,4(1h,3h)- pyrimidinedione 5'-phosphate	ribD	ko:K01498,ko:K11752	ko00740,ko01100,ko01110,ko02024,map00740,map01100,map01110,map02024
WP_016160397	S	Putative transposase, YhgA-like	-	-	-
WP_016160398	L	primosomal replication protein	priC	ko:K04067	ko03440,map03440
WP_016160404	OU	Membrane protein implicated in regulation of membrane protease activity	ybbJ	ko:K07340	-
WP_016160408	M	Membrane	omp	-	-
WP_016160437	S	-	-	-	-
WP_016160472	F	Catalyzes the phosphorylation of methylthioribose into methylthioribose-1-phosphate	mtnK	ko:K00899	ko00270,ko01100,map00270,map01100
WP_016160514	P	ABC transporter, periplasmic molybdate-binding protein	modA	ko:K02020	ko02010,map02010
WP_016160516	G	Catalyzes the hydrolysis of 6-phosphogluconolactone to 6-phosphogluconate	pgl	ko:K07404	ko00030,ko01100,ko01110,ko01120,ko01130,ko01200,map00030,map01100,map01110,map01120,map01130,map01200
WP_016160534	S	colanic acid metabolic process	mcbA	ko:K13650	-
WP_016160535	K	GntR family	gmuR	ko:K03489,ko:K03492	-
WP_016160554	S	DoxX family	-	ko:K15977	-
WP_016160617	F	Functions as a peptidoglycan terminase that cleaves nascent peptidoglycan strands endolytically to terminate their elongation	mltG	ko:K07082	-
WP_016160694	T	EAL domain	-	-	-
WP_016160702	S	MarR family transcriptional regulator	yeaO	-	-
WP_016160705	K	transcriptional regulator	-	-	-
WP_016160709	E	xaa-pro aminopeptidase	-	ko:K01271	-
WP_016160725	C	nadh flavin	nemA	ko:K10680	ko00633,ko01120,map00633,map01120
WP_016160729	E	Belongs to the class-III pyridoxal-phosphate-dependent aminotransferase family	-	-	-
WP_016160819	S	-	-	-	-
WP_016160877	IQ	short-chain dehydrogenase	-	-	-
WP_016160897	K	transcriptional regulator	feaR	ko:K14063	-
WP_016160901	E	Belongs to the peptidase M20A family. ArgE subfamily	argE	ko:K01438	ko00220,ko01100,ko01110,ko01130,ko01210,ko01230,map00220,map01100,map01110,map01130,map01210,map01230
WP_016160930	S	Phage envelope protein	ycgX	-	-
WP_016160973	K	LysR substrate binding domain	-	-	-
WP_016161004	S	Cupin 2, conserved barrel domain protein	-	-	-
WP_016161017	G	PTS system	-	ko:K02749,ko:K02750,ko:K02790,ko:K02791	ko00010,ko00500,ko00520,ko02060,map00010,map00500,map00520,map02060
WP_016161047	M	TolA C-terminal	-	ko:K03646	-
WP_016161162	K	Transcriptional	idnR	ko:K06145	-
WP_016161183	EG	of the drug metabolite transporter (DMT) superfamily	pagO	-	-
WP_016161208	S	Belongs to the short-chain dehydrogenases reductases (SDR) family	-	-	-
WP_016161215	K	Transcriptional Regulator, DeoR family	-	-	-
WP_016161241	I	COG1788 Acyl CoA acetate 3-ketoacid CoA transferase, alpha subunit	scoA	ko:K01028,ko:K01031	ko00072,ko00280,ko00362,ko00650,ko01100,ko01120,map00072,map00280,map00362,map00650,map01100,map01120
WP_016161257	C	Cytochrome c	adhB	-	-
WP_016161290	P	Belongs to the binding-protein-dependent transport system permease family. FecCD subfamily	-	ko:K02015	ko02010,map02010
WP_016161398	S	Protein of unknown function (DUF2492)	yecH	-	-
WP_016161444	M	Belongs to the peptidase S11 family	dacA	ko:K07258	ko00550,ko01100,map00550,map01100
WP_016161556	G	Belongs to the mannitol dehydrogenase family	yeiQ	ko:K00040	ko00040,ko01100,map00040,map01100
WP_016161561	L	Type III restriction protein res subunit	yejH	ko:K19789	-
WP_016161571	PQ	Cyclic peptide transporter	yojI	ko:K06159,ko:K06160	ko02010,map02010
WP_016161591	O	Glutathione S-transferase	yfcF	ko:K00799	ko00480,ko00980,ko00982,ko00983,ko01524,ko05200,ko05204,ko05225,ko05418,map00480,map00980,map00982,map00983,map01524,map05200,map05204,map05225,map05418
WP_016161608	P	transporter	cynX	ko:K03449	-
WP_016161615	K	Transcriptional regulators containing a DNA-binding HTH domain and an aminotransferase domain (MocR family) and their eukaryotic orthologs	ptsJ	-	-
WP_016161633	J	histidyl-tRNA synthetase	hisS	ko:K01892	ko00970,map00970
WP_016161646	H	Catalyzes the complicated ring closure reaction between the two acyclic compounds 1-deoxy-D-xylulose-5-phosphate (DXP) and 3-amino-2-oxopropyl phosphate (1-amino-acetone-3-phosphate or AAP) to form pyridoxine 5'-phosphate (PNP) and inorganic phosphate	pdxJ	ko:K03474	ko00750,ko01100,map00750,map01100
WP_016161647	L	Involved in DNA repair and RecF pathway recombination	recO	ko:K03584	ko03440,map03440
WP_016161648	J	Specifically methylates the adenine in position 37 of tRNA(1)(Val) (anticodon cmo5UAC)	yfiC	ko:K15460	-
WP_016161666	M	chaperone	-	-	-
WP_016161670	KQ	transcriptional regulator	acoR	ko:K21405	-
WP_016161684	P	Belongs to the bacterial solute-binding protein 9 family	mntA	ko:K02077,ko:K11604	ko02010,map02010
WP_016161686	G	PTS system glucitol sorbitol-specific	srlA	ko:K02783	ko00051,ko02060,map00051,map02060
WP_016161711	O	protein conserved in bacteria	-	ko:K07401	-
WP_016161716	K	transcriptional regulator	ptxR	-	-
WP_016161725	C	nucleoside triphosphate pyrophosphohydrolase	mazG	ko:K04765	ko00230,ko00240,ko00760,ko00770,ko01100,map00230,map00240,map00760,map00770,map01100
WP_016161727	I	acyl-CoA dehydrogenase	soxC	-	-
WP_016161755	Q	dehydratase, medium subunit	pduD	ko:K13919	ko00640,map00640
WP_016161770	NU	prepilin peptidase dependent protein A	ppdA	ko:K02679	-
WP_016161813	DM	COG0739 Membrane proteins related to metalloendopeptidases	nlpD	ko:K06194,ko:K12943	-
WP_016161843	F	Catalyzes the addition and repair of the essential 3'- terminal CCA sequence in tRNAs without using a nucleic acid template. Adds these three nucleotides in the order of C, C, and A to the tRNA nucleotide-73, using CTP and ATP as substrates and producing inorganic pyrophosphate. Also shows phosphatase, 2'- nucleotidase and 2',3'-cyclic phosphodiesterase activities. These phosphohydrolase activities are probably involved in the repair of the tRNA 3'-CCA terminus degraded by intracellular RNases	cca	ko:K00974	ko03013,map03013
WP_016161854	P	Siderophore-interacting protein	yqjH	ko:K07229	-
WP_016161882	C	Glutamate synthase	gltD	ko:K00266	ko00250,ko00910,ko01100,ko01110,ko01120,ko01130,ko01230,map00250,map00910,map01100,map01110,map01120,map01130,map01230
WP_016161933	T	the EAL-domain portion of HmsP from Y. pestis shows phosphodiesterase activity which is required for the inhibition of biofilm formation	yhjK	-	-
WP_016161937	S	Cellulose biosynthesis protein BcsO	-	-	-
WP_016161949	O	Glutathione S-Transferase	yibF	ko:K00799	ko00480,ko00980,ko00982,ko00983,ko01524,ko05200,ko05204,ko05225,ko05418,map00480,map00980,map00982,map00983,map01524,map05200,map05204,map05225,map05418
WP_016161962	V	(ABC) transporter	ybhF	ko:K01990	-
WP_016161992	S	50S ribosomal protein L21	-	ko:K09958	-
WP_016162004	P	protein conserved in bacteria	galD	ko:K16514	ko00362,ko01120,map00362,map01120
WP_016162005	K	transcriptional regulator	-	ko:K16516	-
WP_016162020	U	Biopolymer transporter Tol	yidR	-	-
WP_016531337	O	Belongs to the heat shock protein 70 family	yegD	ko:K04046	-
WP_017694609	U	nuclear chromosome segregation	-	-	-
WP_017899589	S	Gluconate 2-dehydrogenase	-	ko:K06152	ko00030,ko01100,ko01120,map00030,map01100,map01120
WP_017901312	C	NQR complex catalyzes the reduction of ubiquinone-1 to ubiquinol by two successive reactions, coupled with the transport of Na( ) ions from the cytoplasm to the periplasm. NqrA to NqrE are probably involved in the second step, the conversion of ubisemiquinone to ubiquinol	nqrB	ko:K00347	-
WP_019725381	S	Phage holin family 2	-	-	-
WP_020316745	L	cytosine-specific	dcm	ko:K00558	ko00270,ko01100,ko05206,map00270,map01100,map05206
WP_020323459	S	F subunit of K+-transporting ATPase (Potass_KdpF)	-	ko:K01545	ko02020,map02020
WP_020947395	L	Mediates the interaction of DNA replication inititator protein DnaA with DNA polymerase subunit beta sliding clamp (dnaN). Stimulates hydrolysis of ATP-DnaA to ADP-DnaA, rendering DnaA inactive for reinititation, a process called regulatory inhibition of DnaA or RIDA	hda	ko:K10763	-
WP_021313317	L	Exonucleolytic cleavage in the 3'- to 5'-direction to yield nucleoside 5'-phosphates	sbcB	ko:K01141	ko03430,map03430
WP_021314291	S	alcohol dehydrogenase	yjgB	ko:K12957	-
WP_021468069	P	ABC transporter substrate-binding protein	-	ko:K02016	ko02010,map02010
WP_022064565	E	Belongs to the serine threonine dehydratase family. DsdA subfamily	dsdA	ko:K01753	ko00260,map00260
WP_022064581	S	Responsible for the incorporation of O-acetyl groups into the enterobacterial common antigen (ECA) trisaccharide repeat units	wecH	-	-
WP_022064597	M	mechanosensitive ion channel	yjeP	ko:K05802,ko:K22051	-
WP_022064605	EM	Belongs to the DapA family	-	ko:K01714	ko00261,ko00300,ko01100,ko01110,ko01120,ko01130,ko01230,map00261,map00300,map01100,map01110,map01120,map01130,map01230
WP_022064607	G	Major facilitator superfamily	-	-	-
WP_022064637	G	Belongs to the glycosyl hydrolase 1 family	celA	ko:K01223,ko:K05350	ko00010,ko00460,ko00500,ko00940,ko01100,ko01110,map00010,map00460,map00500,map00940,map01100,map01110
WP_022064695	D	Cellulose synthase	yhjQ	-	-
WP_022064710	E	decarboxylase	cadA	ko:K01582,ko:K01584	ko00310,ko00330,ko00960,ko01100,ko01110,map00310,map00330,map00960,map01100,map01110
WP_022064763	F	Belongs to the GARS family	purD	ko:K01945,ko:K13713	ko00230,ko01100,ko01110,ko01130,map00230,map01100,map01110,map01130
WP_022064805	K	N-acetyltransferase	yjaB_1	-	-
WP_022064807	P	permease	yehW	ko:K05846	ko02010,map02010
WP_022064810	M	Belongs to the peptidase S11 family	pbpG	ko:K07262	-
WP_022064846	E	ABC-Type Dipeptide Transport System Periplasmic Component	hbpA	ko:K12368	ko02010,ko02030,map02010,map02030
WP_022064867	M	Murein-degrading enzyme that degrades murein glycan strands and insoluble, high-molecular weight murein sacculi, with the concomitant formation of a 1,6-anhydromuramoyl product. Lytic transglycosylases (LTs) play an integral role in the metabolism of the peptidoglycan (PG) sacculus. Their lytic action creates space within the PG sacculus to allow for its expansion as well as for the insertion of various structures such as secretion systems and flagella	mltF	ko:K18691	-
WP_022064893	M	O-Antigen ligase	-	-	-
WP_022064921	S	Porin-like glycoporin RafY	rafY	-	-
WP_022064923	T	Diguanylate phosphodiesterase	yhjH	ko:K21086	ko02026,map02026
WP_022064948	S	Adenylate cyclase	ygiF	ko:K18446	-
WP_022064985	CO	COG0526 Thiol-disulfide isomerase and thioredoxins	scsD	-	-
WP_022065005	S	RelE family toxin-antitoxin system	-	-	-
WP_022065008	M	glycosyl transferase group 1	wbpY	ko:K12994	-
WP_022065017	C	Catalyzes the desulfonation of aliphatic sulfonates	ssuD	ko:K04091	ko00920,map00920
WP_022065033	EGP	multi-drug	cmr	ko:K08160	-
WP_022065067	M	Methyltransferase domain	-	-	-
WP_022065078	E	Catalyzes the NADPH-dependent reduction of L-glutamate 5-phosphate into L-glutamate 5-semialdehyde and phosphate. The product spontaneously undergoes cyclization to form 1-pyrroline-5- carboxylate	proA	ko:K00147	ko00330,ko00332,ko01100,ko01110,ko01130,ko01230,map00330,map00332,map01100,map01110,map01130,map01230
WP_022065095	S	O-Methyltransferase	mdmC	-	-
WP_022065165	H	COG0476 Dinucleotide-utilizing enzymes involved in molybdopterin and thiamine biosynthesis family 2	moeB	ko:K21029,ko:K21147	ko04122,map04122
WP_022065187	K	transcriptional regulator	yhjC	-	-
WP_022065198	M	Catalyzes the transfer of laurate from lauroyl-acyl carrier protein (ACP) to Kdo(2)-lipid IV(A) to form Kdo(2)- (lauroyl)-lipid IV(A)	lpxL	ko:K02517,ko:K12974	ko00540,ko01100,map00540,map01100
WP_022065211	P	Part of the ABC transporter complex FbpABC involved in Fe(3 ) ions import. Responsible for energy coupling to the transport system	-	-	-
WP_022065231	E	Stereospecific condensation of phosphoenolpyruvate (PEP) and D-erythrose-4-phosphate (E4P) giving rise to 3-deoxy-D- arabino-heptulosonate-7-phosphate (DAHP)	aroG	ko:K01626	ko00400,ko01100,ko01110,ko01130,ko01230,ko02024,map00400,map01100,map01110,map01130,map01230,map02024
WP_022065255	H	Catalyzes the cyclization of GTP to (8S)-3',8-cyclo-7,8- dihydroguanosine 5'-triphosphate	moaA	ko:K03639	ko00790,ko01100,ko04122,map00790,map01100,map04122
WP_022065322	G	Belongs to the glycosyl hydrolase 1 family	ascB	ko:K01223,ko:K05350	ko00010,ko00460,ko00500,ko00940,ko01100,ko01110,map00010,map00460,map00500,map00940,map01100,map01110
WP_022065415	F	adenylate kinase	-	-	-
WP_022065420	S	amine dehydrogenase activity	-	-	-
WP_022065447	ET	amino acid ABC transporter	-	ko:K16957	ko02010,map02010
WP_022065457	CE	Tartrate dehydrogenase	yeaU	ko:K07246	ko00630,ko00650,map00630,map00650
WP_022065497	S	Belongs to the short-chain dehydrogenases reductases (SDR) family	-	-	-
WP_022065517	S	Competence protein	gntX	-	-
WP_022065534	P	Receptor	fhuA	ko:K02014	-
WP_022065583	K	transcriptional	bglJ	-	-
WP_022065626	F	Belongs to the purine-cytosine permease (2.A.39) family	-	-	-
WP_022065658	T	Winged helix-turn-helix DNA binding	-	-	-
WP_022065675	H	transporter	abgT	ko:K12942	-
WP_022065694	G	HAD-superfamily hydrolase, subfamily IIA	nagD	ko:K01101,ko:K02566	ko00627,ko01120,map00627,map01120
WP_022065702	M	Lytic transglycosylase with a strong preference for naked glycan strands that lack stem peptides	rlpA	ko:K03642	-
WP_022065828	S	PFAM LmbE family protein	-	ko:K16515	ko00362,map00362
WP_022065829	I	3-hydroxyisobutyrate dehydrogenase and related beta-hydroxyacid dehydrogenases	-	-	-
WP_022065841	ET	amino acid	-	ko:K02030	-
WP_022065843	IQ	reductase	-	ko:K00059	ko00061,ko00333,ko00780,ko01040,ko01100,ko01130,ko01212,map00061,map00333,map00780,map01040,map01100,map01130,map01212
WP_022065857	G	Hydroxypyruvate reductase	ttuD	ko:K11529	ko00030,ko00260,ko00561,ko00630,ko00680,ko01100,ko01120,ko01130,ko01200,map00030,map00260,map00561,map00630,map00680,map01100,map01120,map01130,map01200
WP_022065864	F	Catalyzes the decarboxylation of orotidine 5'- monophosphate (OMP) to uridine 5'-monophosphate (UMP)	pyrF	ko:K01591	ko00240,ko01100,map00240,map01100
WP_022065914	P	protein domain, possibly involved in tellurite resistance	-	-	-
WP_022065988	S	Iron-sulfur cluster assembly protein	paaD	ko:K02612	ko00360,ko01120,map00360,map01120
WP_022066030	J	PFAM GCN5-related N-acetyltransferase	-	-	-
WP_022066031	CH	epimerase	yfcH	ko:K07071	-
WP_022066047	S	auxin efflux carrier	mdcF	ko:K07088,ko:K13936	-
WP_022066052	T	signal transduction histidine kinase regulating citrate malate metabolism	dcuS	ko:K02476,ko:K07701,ko:K11614	ko02020,map02020
WP_022066076	J	Specifically methylates the cytosine at position 1962 (m5C1962) of 23S rRNA	rlmI	ko:K06969	-
WP_022066090	O	redox protein regulator of disulfide bond formation	ycaO	ko:K09136	-
WP_022066124	U	type II secretion system	hofC	ko:K02505,ko:K02653	-
WP_022066142	H	Key enzyme in folate metabolism. Catalyzes an essential reaction for de novo glycine and purine synthesis, and for DNA precursor synthesis	folA	ko:K00287,ko:K18590	ko00670,ko00790,ko01100,ko01523,map00670,map00790,map01100,map01523
WP_022066160	K	Transcriptional regulator	-	-	-
WP_022066173	U	Belongs to the major facilitator superfamily. Sugar transporter (TC 2.A.1.1) family	csbC	ko:K02100,ko:K05548,ko:K08137	-
WP_022066199	K	transcriptional regulator	-	-	-
WP_022066201	K	transcriptional	dgoR	ko:K19776	-
WP_022066249	T	Serine Threonine protein	pphA	ko:K07313	-
WP_022066291	U	Belongs to the NiCoT transporter (TC 2.A.52) family	rcnA	ko:K08970	-
WP_022066426	J	Specifically methylates the guanosine in position 1516 of 16S rRNA	rsmJ	ko:K15984	-
WP_022066444	S	-	-	-	-
WP_022650302	L	DEAD-like helicases superfamily	-	-	-
WP_023159435	S	-	-	-	-
WP_023279058	K	Cold shock protein domain	-	ko:K03704	-
WP_023279988	Q	Phenylacetic acid degradation protein PaaD	paaI	ko:K02614	ko00360,map00360
WP_023282269	P	Binding-protein-dependent transport systems inner membrane component	yddQ	ko:K02034	ko02024,map02024
WP_023282477	S	-	-	-	-
WP_023282514	S	-	-	-	-
WP_023290120	S	-	yciY	-	-
WP_023296881	H	Condenses 4-methyl-5-(beta-hydroxyethyl)thiazole monophosphate (THZ-P) and 2-methyl-4-amino-5-hydroxymethyl pyrimidine pyrophosphate (HMP-PP) to form thiamine monophosphate (TMP)	thiE	ko:K00788,ko:K14153	ko00730,ko01100,map00730,map01100
WP_023296893	E	Belongs to the aspartokinase family	lysC	ko:K00928	ko00260,ko00261,ko00270,ko00300,ko01100,ko01110,ko01120,ko01130,ko01210,ko01230,map00260,map00261,map00270,map00300,map01100,map01110,map01120,map01130,map01210,map01230
WP_023296905	T	Histidine kinase	virA	-	-
WP_023297005	S	amidohydrolase	amhX	ko:K12940,ko:K14665	-
WP_023297031	K	transcriptional regulator	pobR	ko:K02508,ko:K18954	-
WP_023297035	S	Protein of unknown function (DUF1435)	-	-	-
WP_023297079	U	General secretion pathway protein J	gspJ	ko:K02459	ko03070,ko05111,map03070,map05111
WP_023297087	L	Endonuclease that specifically degrades the RNA of RNA- DNA hybrids	rnhB	ko:K03470	ko03030,map03030
WP_023297114	F	Belongs to the D-alanine--D-alanine ligase family	ddl	ko:K01921	ko00473,ko00550,ko01100,ko01502,map00473,map00550,map01100,map01502
WP_023297185	E	Bacterial extracellular solute-binding proteins, family 5 Middle	-	ko:K02035	ko02024,map02024
WP_023297205	P	Belongs to the binding-protein-dependent transport system permease family. FecCD subfamily	fepD	ko:K02015	ko02010,map02010
WP_023297209	G	(ABC) transporter	mglA_3	ko:K02056	-
WP_023297246	H	Catalyzes the conversion of dethiobiotin (DTB) to biotin by the insertion of a sulfur atom into dethiobiotin via a radical- based mechanism	bioB	ko:K01012	ko00780,ko01100,map00780,map01100
WP_023297250	T	Response regulators consisting of a CheY-like receiver domain and a winged-helix DNA-binding domain	basR	ko:K07771	ko01503,ko02020,map01503,map02020
WP_023297252	S	Required for morphogenesis under gluconeogenic growth conditions	ybhK	-	-
WP_023297255	G	Transketolase	IV02_09715	ko:K00615	ko00030,ko00710,ko01051,ko01100,ko01110,ko01120,ko01130,ko01200,ko01230,map00030,map00710,map01051,map01100,map01110,map01120,map01130,map01200,map01230
WP_023297312	E	Threonine aldolase	ltaE	ko:K01620,ko:K20801	ko00260,ko01100,ko01110,ko01120,ko01130,ko01230,map00260,map01100,map01110,map01120,map01130,map01230
WP_023297328	P	ABC transporter	ssuA	ko:K15553	ko00920,ko02010,map00920,map02010
WP_023297342	P	ABC-type Fe3 transport system permease component	sfuB	ko:K02011	ko02010,map02010
WP_023297344	K	transcriptional regulator	-	-	-
WP_023297418	S	Ester cyclase	-	-	-
WP_023297425	Q	Nicotinamidase	pncA	ko:K08281	ko00760,ko01100,map00760,map01100
WP_023297432	S	ABC transporter	ynjD	ko:K05779	-
WP_023297459	S	Ammonia monooxygenase	abrB	ko:K07120	-
WP_023297463	P	ABC transporter (permease)	atsB	ko:K15554	ko00920,ko02010,map00920,map02010
WP_023297535	L	Involved in the cellular defense against the biological effects of O6-methylguanine (O6-MeG) and O4-methylthymine (O4-MeT) in DNA. Repairs the methylated nucleobase in DNA by stoichiometrically transferring the methyl group to a cysteine residue in the enzyme. This is a suicide reaction the enzyme is irreversibly inactivated	ogt	ko:K00567	-
WP_023297551	E	Broad specificity carboxypetidase that releases amino acids sequentially from the C-terminus, including neutral, aromatic, polar and basic residues	mcar-1	ko:K01299	-
WP_023297568	S	decarboxylase	-	ko:K01607	ko00362,ko01100,ko01120,ko01220,map00362,map01100,map01120,map01220
WP_023297676	S	-	-	-	-
WP_023297686	P	COG1173 ABC-type dipeptide oligopeptide nickel transport systems permease components	-	ko:K02034	ko02024,map02024
WP_023297691	C	formate dehydrogenase	fdnH	ko:K00124,ko:K08349	ko00630,ko00680,ko01100,ko01120,ko01200,ko02020,map00630,map00680,map01100,map01120,map01200,map02020
WP_023297693	EG	of the drug metabolite transporter (DMT) superfamily	yddG	-	-
WP_023297722	C	belongs to the aldehyde dehydrogenase family	-	ko:K00141	ko00622,ko00623,ko00627,ko01100,ko01120,ko01220,map00622,map00623,map00627,map01100,map01120,map01220
WP_023297765	F	Cytosine deaminase and related metal-dependent hydrolases	-	ko:K01485	ko00240,ko00330,ko01100,map00240,map00330,map01100
WP_023297781	E	Luciferase-like monooxygenase	-	ko:K04091	ko00920,map00920
WP_023297794	K	Transcriptional regulator	-	-	-
WP_023297823	O	FeS assembly protein SufD	sufD	ko:K09015	-
WP_023297868	J	Exonuclease involved in the 3' processing of various precursor tRNAs. Initiates hydrolysis at the 3'-terminus of an RNA molecule and releases 5'-mononucleotides	rnd	ko:K03684	-
WP_023297933	J	Catalyzes the GTP-dependent ribosomal translocation step during translation elongation. During this step, the ribosome changes from the pre-translocational (PRE) to the post- translocational (POST) state as the newly formed A-site-bound peptidyl-tRNA and P-site-bound deacylated tRNA move to the P and E sites, respectively. Catalyzes the coordinated movement of the two tRNA molecules, the mRNA and conformational changes in the ribosome	fusA	ko:K02355	-
WP_023297997	S	Protein of unknown function (DUF3302)	-	-	-
WP_023298017	H	O-methyltransferase that catalyzes the 2 O-methylation steps in the ubiquinone biosynthetic pathway	ubiG	ko:K00568	ko00130,ko01100,ko01110,map00130,map01100,map01110
WP_023298048	H	Involved in the heme biosynthesis. Catalyzes the aerobic oxidative decarboxylation of propionate groups of rings A and B of coproporphyrinogen-III to yield the vinyl groups in protoporphyrinogen-IX	hemF	ko:K00228	ko00860,ko01100,ko01110,map00860,map01100,map01110
WP_023298077	NU	YfhG lipoprotein	yfhG	-	-
WP_023298089	M	Belongs to the membrane fusion protein (MFP) (TC 8.A.1) family	bepF	ko:K18298,ko:K19586	-
WP_023298090	V	Belongs to the resistance-nodulation-cell division (RND) (TC 2.A.6) family	mexF	ko:K18299,ko:K19585	-
WP_023298118	K	Glucitol operon activator	gutM	ko:K02466	-
WP_023298160	H	Catalyzes the methylation of C-1 in cobalt-precorrin-5B to form cobalt-precorrin-6A	cbiD	ko:K02188	ko00860,ko01100,map00860,map01100
WP_023298173	E	decarboxylates L-threonine-O-3-phosphate to yield (R)-1-amino-2-propanol O-2-phosphate, the precursor for the linkage between the nucleotide loop and the corrin ring in cobalamin	cobD	ko:K04720	ko00860,map00860
WP_023298214	E	Pyridoxal 5'-phosphate (PLP)-binding protein, which is involved in PLP homeostasis	yggS	ko:K06997	-
WP_023298216	S	Belongs to the UPF0235 family	yggU	ko:K09131	-
WP_023298217	H	Involved in the biosynthesis of porphyrin-containing compound	yggW	-	-
WP_023298236	KQ	Positively regulates the dhaKLM operon from a sigma-70 promoter	dhaR	ko:K05880	-
WP_023298283	K	acrEF envCD operon	envR	ko:K03577,ko:K18140	-
WP_023298285	S	Protein involved in biological_process	yhdV	-	-
WP_023298333	G	Belongs to the xylose isomerase family	xylA	ko:K01805	ko00040,ko00051,ko01100,map00040,map00051,map01100
WP_023298362	M	Belongs to the nlpA lipoprotein family	nlpA	ko:K02073	ko02010,map02010
WP_023298394	EGP	Major facilitator superfamily	yieO	ko:K18326	ko02020,map02020
WP_023304777	S	Protein of unknown function (DUF2560)	-	-	-
WP_023313144	EM	Belongs to the DapA family	-	ko:K01714	ko00261,ko00300,ko01100,ko01110,ko01120,ko01130,ko01230,map00261,map00300,map01100,map01110,map01120,map01130,map01230
WP_023317356	G	xylulose kinase	xylB	ko:K00854	ko00040,ko01100,map00040,map01100
WP_023317714	S	Baseplate assembly protein	-	ko:K06903	-
WP_023317715	S	Baseplate assembly protein	gpJ	-	-
WP_023318491	M	Interacts with outer membrane receptor proteins that carry out high-affinity binding and energy dependent uptake into the periplasmic space of specific substrates. It could act to transduce energy from the cytoplasmic membrane to specific energy- requiring processes in the outer membrane, resulting in the release into the periplasm of ligands bound by these outer membrane proteins	tonB	ko:K03832	-
WP_023322030	C	2Fe-2S iron-sulfur cluster binding domain	-	-	-
WP_023322066	H	acetolactate synthase	ilvI	ko:K01652	ko00290,ko00650,ko00660,ko00770,ko01100,ko01110,ko01130,ko01210,ko01230,map00290,map00650,map00660,map00770,map01100,map01110,map01130,map01210,map01230
WP_023322156	S	abc transporter atp-binding protein	ybbL	ko:K02068	-
WP_023322216	E	Catalyzes the interconversion of methylthioribose-1- phosphate (MTR-1-P) into methylthioribulose-1-phosphate (MTRu-1- P)	mtnA	ko:K08963	ko00270,ko01100,map00270,map01100
WP_023322275	V	(ABC) transporter	cydC	ko:K16012	ko02010,map02010
WP_023322293	C	Glycine radical enzyme that catalyzes the cleavage of a C-N bond in choline, producing trimethylamine (TMA) and acetaldehyde	pflD	ko:K00656	ko00620,ko00640,ko00650,ko01100,ko01120,map00620,map00640,map00650,map01100,map01120
WP_023322325	K	AraC family transcriptional regulator	-	-	-
WP_023322387	T	Diguanylate cyclase	yeaP	ko:K13069,ko:K21021	ko02025,map02025
WP_023322417	P	SNARE associated Golgi protein	ydjX	-	-
WP_023322469	M	Catalyzes the transfer of laurate from lauroyl-acyl carrier protein (ACP) to Kdo(2)-lipid IV(A) to form Kdo(2)- (lauroyl)-lipid IV(A)	lpxL	ko:K02517,ko:K12974	ko00540,ko01100,map00540,map01100
WP_023322489	K	tetR family	yjgJ	ko:K19335	-
WP_023322533	K	Response regulators consisting of a CheY-like receiver domain and a winged-helix DNA-binding domain	rstA	ko:K07661	ko02020,map02020
WP_023322555	G	Belongs to the mannitol dehydrogenase family	ydfI	ko:K00040	ko00040,ko01100,map00040,map01100
WP_023322671	S	Alpha beta hydrolase	-	-	-
WP_023322784	K	acetyltransferase	-	-	-
WP_023322844	S	ydiK promoter presents a PurR sequence, suggesting that its expression is purine-regulated	ydiK	-	-
WP_023322865	J	Pseudouridine synthase	rluA_2	ko:K06177	-
WP_023322871	P	permease	-	ko:K05846	ko02010,map02010
WP_023322981	M	Protein involved in outer membrane biogenesis	asmA	ko:K07289	-
WP_023323002	S	P2 phage tail completion protein R (GpR)	-	-	-
WP_023323022	K	Transcriptional regulator	-	-	-
WP_023323024	E	abc transporter atp-binding protein	yehX	ko:K05847	ko02010,map02010
WP_023323040	K	transcriptional regulator	-	-	-
WP_023323049	C	dehydrogenase subunit C	glpC	ko:K00113,ko:K11473	ko00564,ko00630,ko01100,ko01110,ko01120,ko01130,map00564,map00630,map01100,map01110,map01120,map01130
WP_023323062	S	Belongs to the UPF0115 family	yfcN	-	-
WP_023323085	C	belongs to the CobB CobQ family	eutD	ko:K00625,ko:K04020,ko:K13788	ko00430,ko00620,ko00640,ko00680,ko00720,ko01100,ko01120,ko01200,map00430,map00620,map00640,map00680,map00720,map01100,map01120,map01200
WP_023323269	S	-	-	-	-
WP_023323279	Q	Dienelactone hydrolase	yghX	ko:K01061	ko00361,ko00364,ko00623,ko01100,ko01110,ko01120,ko01130,map00361,map00364,map00623,map01100,map01110,map01120,map01130
WP_023323301	S	metal-dependent hydrolases of the beta-lactamase superfamily II	-	ko:K06897	ko00790,map00790
WP_023323401	V	Belongs to the resistance-nodulation-cell division (RND) (TC 2.A.6) family	mexB	ko:K18138	ko01501,ko01503,map01501,map01503
WP_023323425	G	Major facilitator superfamily	rafB	ko:K02532	-
WP_023323453	H	Catalyzes the synthesis of the hydroxymethylpyrimidine phosphate (HMP-P) moiety of thiamine from aminoimidazole ribotide (AIR) in a radical S-adenosyl-L-methionine (SAM)-dependent reaction	thiC	ko:K03147	ko00730,ko01100,map00730,map01100
WP_023323467	S	Belongs to the class B bacterial acid phosphatase family	aphA	ko:K03788	ko00740,ko01100,map00740,map01100
WP_023323505	J	Specifically methylates the ribose of guanosine 2251 in 23S rRNA	rlmB	ko:K03218	-
WP_023323518	M	Outer membrane channel protein allowing the entry of N- acetylneuraminic acid (Neu5Ac, the most abundant sialic acid on host cell surfaces) into the bacteria	nanC	ko:K22110	-
WP_023323529	K	trehalose	treR	ko:K03485	-
WP_023323533	G	5-dehydro-2-deoxygluconokinase	iolC	ko:K03338	ko00562,ko01100,ko01120,map00562,map01100,map01120
WP_023323559	G	Belongs to the xylose isomerase family	xylA	ko:K01805	ko00040,ko00051,ko01100,map00040,map00051,map01100
WP_023323565	S	transcriptional regulator	-	-	-
WP_023339415	K	Transcriptional regulator	-	ko:K18325	-
WP_023339420	S	LrgA family	cidA	ko:K06518	-
WP_023339555	L	DNA polymerase III is a complex, multichain enzyme responsible for most of the replicative synthesis in bacteria. This DNA polymerase also exhibits 3' to 5' exonuclease activity. The exact function of the psi subunit is	holD	ko:K02344	ko00230,ko00240,ko01100,ko03030,ko03430,ko03440,map00230,map00240,map01100,map03030,map03430,map03440
WP_023339560	T	Histidine kinase	creC	ko:K07641,ko:K07711	ko02020,ko02024,map02020,map02024
WP_023339565	S	Belongs to the UPF0412 family	yaaI	-	-
WP_023339581	G	Major facilitator superfamily	-	-	-
WP_023339611	M	cysteine-type peptidase activity	yaeF	-	-
WP_023339636	M	Part of the ecpRABCDE operon, which encodes the E.coli common pilus (ECP). ECP is found in both commensal and pathogenic strains and plays a dual role in early-stage biofilm development and host cell recognition (By similarity)	ecpB	ko:K21965	-
WP_023339643	GK	ROK family	mak	ko:K00845,ko:K00847,ko:K18673	ko00010,ko00051,ko00052,ko00500,ko00520,ko00521,ko00524,ko01100,ko01110,ko01120,ko01130,ko01200,map00010,map00051,map00052,map00500,map00520,map00521,map00524,map01100,map01110,map01120,map01130,map01200
WP_023339749	S	Protein of unknown function (DUF3156)	-	-	-
WP_023339799	S	-	-	-	-
WP_023339805	H	galactose-1-phosphate uridylyltransferase	galT	ko:K00965	ko00052,ko00520,ko01100,ko04917,map00052,map00520,map01100,map04917
WP_023339822	S	permease DMT superfamily	rhtA	ko:K11939	-
WP_023339891	H	Receptor	iutA	ko:K02014	-
WP_023339894	J	Belongs to the pseudouridine synthase RsuA family	rluE	ko:K06181	-
WP_023339958	S	YbaK prolyl-tRNA synthetase associated	yeaK	ko:K19055	-
WP_023340072	C	The transhydrogenation between NADH and NADP is coupled to respiration and ATP hydrolysis and functions as a proton pump across the membrane	pntA	ko:K00324	ko00760,ko01100,map00760,map01100
WP_023340133	S	membrane transporter protein	-	ko:K07090	-
WP_023340191	S	oxidoreductase	-	-	-
WP_023340192	S	Protein of unknown function (DUF4056)	-	-	-
WP_023340221	C	COG0543 2-polyprenylphenol hydroxylase and related flavodoxin oxidoreductases	benC	ko:K05784,ko:K14581,ko:K16161	ko00362,ko00364,ko00622,ko00624,ko00626,ko00627,ko00633,ko00642,ko00680,ko01100,ko01120,ko01200,ko01220,map00362,map00364,map00622,map00624,map00626,map00627,map00633,map00642,map00680,map01100,map01120,map01200,map01220
WP_023340307	V	proteins, homologs of microcin C7 resistance protein MccF	-	-	-
WP_023340331	P	(ABC) transporter	-	ko:K15553	ko00920,ko02010,map00920,map02010
WP_023340336	EGP	transporter	mhpT	ko:K05819	-
WP_023340365	M	Plays a critical role in the incorporation of lipoproteins in the outer membrane after they are released by the LolA protein	lolB	ko:K02494	-
WP_023340386	P	ABC-type phosphate phosphonate transport system periplasmic component	-	-	-
WP_023340528	M	Belongs to the mandelate racemase muconate lactonizing enzyme family	-	-	-
WP_023340577	G	PFAM phosphotransferase system PTS, lactose cellobiose-specific IIA subunit	chbA	ko:K02759	ko00500,ko02060,map00500,map02060
WP_023340604	V	Belongs to the resistance-nodulation-cell division (RND) (TC 2.A.6) family	acrD	ko:K18324	ko02020,map02020
WP_023340617	P	Belongs to the NiCoT transporter (TC 2.A.52) family	yohM	ko:K08970	-
WP_023340646	M	Arabinose 5-phosphate isomerase	gutQ	ko:K02467	-
WP_023340647	KT	transcriptional regulator	norR	ko:K12266	ko05132,map05132
WP_023340753	GM	Nucleoside-diphosphate-sugar epimerases	yraR	-	-
WP_023340790	S	Protein of unknown function (DUF2500)	yhhM	-	-
WP_023340829	M	Catalyzes the addition of the first glucose residue to the LPS core	rfaG	ko:K02844	ko00540,ko01100,map00540,map01100
WP_023340872	U	Belongs to the binding-protein-dependent transport system permease family	-	ko:K10561	ko02010,map02010
WP_023340873	U	Belongs to the binding-protein-dependent transport system permease family	-	ko:K10560	ko02010,map02010
WP_023341332	S	Putative antitoxin of bacterial toxin-antitoxin system, YdaS/YdaT	-	-	-
WP_023342539	U	Pre-toxin domain with VENN motif	-	ko:K15125	ko05133,map05133
WP_023343321	S	Phage major capsid protein, P2 family	-	-	-
WP_025368035	S	Type VI secretion system effector	hcp3	ko:K11903	ko02025,ko03070,map02025,map03070
WP_025710538	S	Phage head completion protein (GPL)	-	-	-
WP_025713201	S	Protein of unknown function (DUF3304)	-	-	-
WP_025713202	S	Protein of unknown function (DUF3304)	-	-	-
WP_031518861	S	-	-	-	-
WP_032413413	EGP	Involved in the efflux of purine ribonucleosides, such as guanosine, adenosine and especially inosine. Involved in the resistance to 6-mercaptopurine	-	ko:K03445	-
WP_032432118	EGP	Is involved in the uptake of citrate and the transport of protons into the cell	citA	ko:K03288	-
WP_032435500	M	OmpA family	-	-	-
WP_032435513	S	-	-	-	-
WP_032435545	S	-	-	-	-
WP_032435917	S	Phage small terminase subunit	-	-	-
WP_032438712	J	Acetyltransferases including N-acetylases of ribosomal proteins	-	-	-
WP_032439077	S	decarboxylase	-	ko:K01607	ko00362,ko01100,ko01120,ko01220,map00362,map01100,map01120,map01220
WP_032454093	S	Ogr/Delta-like zinc finger	-	-	-
WP_032454094	S	Phage P2 GpU	gpU	ko:K06906	-
WP_032454118	S	Protein of unknown function (DUF2732)	-	-	-
WP_032454119	S	Family of unknown function (DUF5347)	-	-	-
WP_032454120	S	Protein of unknown function (DUF2724)	-	-	-
WP_032454121	S	Phage regulatory protein CII (CP76)	-	-	-
WP_032454122	K	repressor	-	-	-
WP_032454123	L	Belongs to the 'phage' integrase family	int	-	-
WP_032691138	L	dna polymerase III delta subunit	holA	ko:K02340	ko00230,ko00240,ko01100,ko03030,ko03430,ko03440,map00230,map00240,map01100,map03030,map03430,map03440
WP_032691145	F	Catalyzes the synthesis of beta-nicotinate D- ribonucleotide from nicotinate and 5-phospho-D-ribose 1-phosphate at the expense of ATP	pncB	ko:K00763	ko00760,ko01100,map00760,map01100
WP_032691200	S	membrane-bound lysozyme inhibitor of c-type lysozyme	mliC	-	-
WP_032691215	S	single-species biofilm formation on inanimate substrate	yodD	-	-
WP_032691232	G	Major facilitator superfamily	rhmT	-	-
WP_032691249	S	-	-	-	-
WP_032691298	K	transcriptional regulator	ascG_1	-	-
WP_032691323	K	Transcriptional regulator	yjdC	-	-
WP_032691334	J	amino acids such as valine, to avoid such errors it has two additional distinct tRNA(Ile)-dependent editing activities. One activity is designated as 'pretransfer' editing and involves the hydrolysis of activated Val-AMP. The other activity is designated 'posttransfer' editing and involves deacylation of mischarged Val-tRNA(Ile)	ileS	ko:K01870	ko00970,map00970
WP_032691343	S	-	-	-	-
WP_032691344	EG	transporter	ydeK	-	-
WP_032691385	GK	Mlc, controls the expression of genes involved in the phosphotransferase and phosphoenolpyruvate systems, regulates genes involved in the uptake of sugars	mlc	ko:K15545	-
WP_032691405	C	Part of a membrane complex involved in electron transport	rnfG	ko:K03612	-
WP_032691467	L	endonuclease containing a URI domain	yhbQ	ko:K07461	-
WP_032691473	H	Catalyzes two steps in the biosynthesis of coenzyme A. In the first step cysteine is conjugated to 4'-phosphopantothenate to form 4-phosphopantothenoylcysteine, in the latter compound is decarboxylated to form 4'-phosphopantotheine	coaBC	ko:K13038	ko00770,ko01100,map00770,map01100
WP_032700881	S	Transposase	-	-	-
WP_032700907	K	Transcriptional regulator	VY92_04820	-	-
WP_032700936	K	Transcriptional regulator, LysR family	-	ko:K03566	ko02026,map02026
WP_032700938	EGP	Member of the major facilitator superfamily (MFS)	ydhC	-	-
WP_032700951	S	-	-	-	-
WP_032700952	K	helix_turn_helix ASNC type	-	ko:K03719	-
WP_032700956	K	transcriptional regulator	-	-	-
WP_032701030	T	Sh3 type 3 domain protein	-	-	-
WP_032701031	K	Transcriptional	-	ko:K02529	-
WP_032701085	U	Belongs to the NiCoT transporter (TC 2.A.52) family	-	-	-
WP_032701136	K	transcriptional regulator	-	-	-
WP_032701137	S	-	-	-	-
WP_032701149	C	Isocitrate lyase	aceA	ko:K01637	ko00630,ko01100,ko01110,ko01120,ko01200,map00630,map01100,map01110,map01120,map01200
WP_032701154	N	Protein of unknown function (DUF2950)	-	-	-
WP_032729433	C	Aldo keto reductase	yajO	-	-
WP_032729591	P	Receptor	fepA	ko:K16089,ko:K19611	ko02020,map02020
WP_032729713	E	Catalyzes the conversion of N-formimidoyl-L-glutamate to L-glutamate and formamide	hutG	ko:K01479,ko:K01480	ko00330,ko00340,ko01100,map00330,map00340,map01100
WP_032729938	K	transcriptional regulator	-	-	-
WP_032730035	S	-	-	-	-
WP_032730112	P	transport system permease component	ynjC	ko:K05778	-
WP_032730164	T	Anti-sigma regulatory factor (Ser Thr protein kinase)	-	ko:K04757	-
WP_032730192	C	Oxidoreductase required for the transfer of electrons from pyruvate to flavodoxin	nifJ	ko:K03737	ko00010,ko00020,ko00620,ko00650,ko00720,ko01100,ko01120,ko01130,ko01200,map00010,map00020,map00620,map00650,map00720,map01100,map01120,map01130,map01200
WP_032730273	I	Malonate decarboxylase gamma subunit	mdcE	ko:K13933	-
WP_032730487	G	Bacterial alpha-L-rhamnosidase 6 hairpin glycosidase domain	-	-	-
WP_032730502	H	Thiopurine S-methyltransferase (TPMT)	-	-	-
WP_032730651	S	Domain of unknown function (DUF1852)	-	-	-
WP_032730668	J	COG1226 Kef-type K transport systems	kch	ko:K10716	-
WP_032730754	E	Cysteine desulfurases mobilize the sulfur from L- cysteine to yield L-alanine, an essential step in sulfur metabolism for biosynthesis of a variety of sulfur-containing biomolecules. Component of the suf operon, which is activated and required under specific conditions such as oxidative stress and iron limitation. Acts as a potent selenocysteine lyase in vitro, that mobilizes selenium from L-selenocysteine. Selenocysteine lyase activity is however unsure in vivo	sufS	ko:K01766,ko:K11717	ko00450,ko01100,map00450,map01100
WP_032730763	S	Domain of unknown function (DUF1869)	yoaG	-	-
WP_032730770	F	Catalyzes the synthesis of alpha-ribazole-5'-phosphate from nicotinate mononucleotide (NAMN) and 5,6- dimethylbenzimidazole (DMB)	cobT	ko:K00768	ko00860,ko01100,map00860,map01100
WP_032730776	S	PFAM NifQ	nifQ	ko:K15790	-
WP_032730780	E	Belongs to the class-II pyridoxal-phosphate-dependent aminotransferase family. Histidinol-phosphate aminotransferase subfamily	hisC	ko:K00817	ko00340,ko00350,ko00360,ko00400,ko00401,ko00960,ko01100,ko01110,ko01130,ko01230,map00340,map00350,map00360,map00400,map00401,map00960,map01100,map01110,map01130,map01230
WP_032730862	G	The phosphoenolpyruvate-dependent sugar phosphotransferase system (PTS), a major carbohydrate active - transport system, catalyzes the phosphorylation of incoming sugar substrates concomitant with their translocation across the cell membrane	-	ko:K02761	ko00500,ko02060,map00500,map02060
WP_032730938	S	Cytoskeletal protein that is involved in cell-shape control through regulation of the length of the long axis	rodZ	ko:K15539	-
WP_032730996	K	AraC family transcriptional regulator	-	-	-
WP_032730998	K	transcriptional regulator	purR9	ko:K06145	-
WP_032731006	H	Catalyzes the oxidation of either pyridoxine 5'- phosphate (PNP) or pyridoxamine 5'-phosphate (PMP) into pyridoxal 5'-phosphate (PLP)	pdxH	ko:K00275	ko00750,ko01100,ko01120,map00750,map01100,map01120
WP_032731027	EGP	Major facilitator superfamily	stp_2	ko:K08167,ko:K08169	-
WP_032731130	C	uses NADH to detoxify nitric oxide (NO), protecting several 4Fe-4S NO-sensitive enzymes. Has at least 2 reductase partners, only one of which (NorW, flavorubredoxin reductase) has been identified. NO probably binds to the di-iron center	norV	ko:K12264	ko05132,map05132
WP_032731143	G	Belongs to the glycosyl hydrolase 1 family	-	ko:K01223,ko:K05350	ko00010,ko00460,ko00500,ko00940,ko01100,ko01110,map00010,map00460,map00500,map00940,map01100,map01110
WP_032731169	G	Belongs to the glycerate kinase type-1 family	garK	ko:K00865	ko00260,ko00561,ko00630,ko01100,ko01120,ko01130,map00260,map00561,map00630,map01100,map01120,map01130
WP_032731340	U	(Type IV) pilus	pilQ	ko:K02507,ko:K02666	-
WP_032731451	S	PFAM Hok gef	hokA	ko:K18919,ko:K18920	-
WP_032731498	M	AsmA Family	yicH	-	-
WP_032731578	E	cellular response to DNA damage stimulus	yjiM	-	-
WP_032731649	M	involved in the biosynthesis of lipid A, a phosphorylated glycolipid that anchors the lipopolysaccharide to the outer membrane of the cell	lpxA	ko:K00677	ko00540,ko01100,ko01503,map00540,map01100,map01503
WP_032731792	S	transcriptional regulator	ytfJ	ko:K07109	-
WP_032731816	G	5-deoxyglucuronate isomerase	iolB	ko:K03337	ko00562,ko01100,ko01120,map00562,map01100,map01120
WP_032732156	M	Belongs to the NAD(P)-dependent epimerase dehydratase family. dTDP-glucose dehydratase subfamily	rffG	ko:K01710	ko00521,ko00523,ko00525,ko01055,ko01130,map00521,map00523,map00525,map01055,map01130
WP_032732160	K	Catalyzes the acetylation of dTDP-fucosamine (dTDP-4- amino-4,6-dideoxy-D-galactose) to dTDP-Fuc4NAc, which is utilized in the biosynthesis of the enterobacterial common antigen (ECA)	wecD	ko:K16704	-
WP_032732561	EH	Belongs to the D-isomer specific 2-hydroxyacid dehydrogenase family	-	ko:K00058,ko:K16843	ko00260,ko00270,ko00680,ko01100,ko01120,ko01130,ko01200,ko01230,map00260,map00270,map00680,map01100,map01120,map01130,map01200,map01230
WP_032732595	F	Catalyzes the base-exchange of a guanine (G) residue with the queuine precursor 7-aminomethyl-7-deazaguanine (PreQ1) at position 34 (anticodon wobble position) in tRNAs with GU(N) anticodons (tRNA-Asp, -Asn, -His and -Tyr). Catalysis occurs through a double-displacement mechanism. The nucleophile active site attacks the C1' of nucleotide 34 to detach the guanine base from the RNA, forming a covalent enzyme-RNA intermediate. The proton acceptor active site deprotonates the incoming PreQ1, allowing a nucleophilic attack on the C1' of the ribose to form the product. After dissociation, two additional enzymatic reactions on the tRNA convert PreQ1 to queuine (Q), resulting in the hypermodified nucleoside queuosine (7-(((4,5-cis-dihydroxy-2- cyclopenten-1-yl)amino)methyl)-7-deazaguanosine)	tgt	ko:K00773	-
WP_032732734	J	Catalyzes the formation of 5-methyl-uridine at position 747 (m5U747) in 23S rRNA	rlmC	ko:K03212	-
WP_032732778	T	Histidine kinase	phoQ	ko:K07637	ko01503,ko02020,map01503,map02020
WP_032732798	E	to ATP-binding component of ABC transporters	-	ko:K02028	-
WP_032732834	C	serves to protect cells from the toxic effects of hydrogen peroxide	katE	ko:K03781	ko00380,ko00630,ko01110,ko01130,ko01200,ko04011,ko04016,ko04068,ko04146,ko04211,ko04212,ko04213,ko05014,map00380,map00630,map01110,map01130,map01200,map04011,map04016,map04068,map04146,map04211,map04212,map04213,map05014
WP_032732908	C	Aldo keto reductase	-	-	-
WP_032733042	S	Putative glutamine amidotransferase	-	-	-
WP_032733045	K	LysR substrate binding domain	-	-	-
WP_032733076	G	Xylose isomerase domain protein TIM barrel	-	ko:K03335	ko00562,ko01100,ko01120,map00562,map01100,map01120
WP_032733087	K	transcriptional regulator	oxyR_3	ko:K11921	-
WP_032733123	K	Transcriptional regulator	dmlR_3	-	-
WP_032733200	K	transcriptional regulator	mhpR	ko:K05818	-
WP_032733215	H	Part of the ABC transporter complex BtuCDF involved in vitamin B12 import. Involved in the translocation of the substrate across the membrane	btuC	ko:K06073	ko02010,map02010
WP_032733257	G	Sugar kinases ribokinase family	-	-	-
WP_032733268	EH	Part of a heterotetrameric complex that catalyzes the two-step biosynthesis of anthranilate, an intermediate in the biosynthesis of L-tryptophan. In the first step, the glutamine- binding beta subunit (TrpG) of anthranilate synthase (AS) provides the glutamine amidotransferase activity which generates ammonia as a substrate that, along with chorismate, is used in the second step, catalyzed by the large alpha subunit of AS (TrpE) to produce anthranilate. In the absence of TrpG, TrpE can synthesize anthranilate directly from chorismate and high concentrations of ammonia	pabB	ko:K01665	ko00790,map00790
WP_032733302	S	Catalyzes th removal of D-alanine and attachment of the murein lipoprotein to the peptidoglycan tetrapeptide chain	erfK	ko:K16291	-
WP_032733383	S	Transposase	yadD	-	-
WP_032733384	L	Catalyzes the hydrolysis of nucleoside triphosphates, with a preference for pyrimidine deoxynucleoside triphosphates (dUTP, dTTP and dCTP)	nudI	ko:K12944	-
WP_032733468	S	Domain of unknown function (DUF4177)	-	-	-
WP_032733662	NU	Fimbrial protein	-	-	-
WP_032733766	NU	Prepilin peptidase dependent protein c	ppdC	ko:K02681	-
WP_032733767	I	Plays a role in lysophospholipid acylation. Transfers fatty acids to the 1-position via an enzyme-bound acyl-ACP intermediate in the presence of ATP and magnesium. Its physiological function is to regenerate phosphatidylethanolamine from 2-acyl-glycero-3-phosphoethanolamine (2-acyl-GPE) formed by transacylation reactions or degradation by phospholipase A1	aas	ko:K05939	ko00071,ko00564,map00071,map00564
WP_032733859	Q	Displays glyoxalase activity, catalyzing the conversion of glyoxal to glycolate	elbB	-	-
WP_032733973	P	Multidrug resistance protein MdtL	mdtL	ko:K07552,ko:K08163	-
WP_032734014	S	Hydrolase	yigB	ko:K20862	ko00740,ko01100,ko01110,map00740,map01100,map01110
WP_032734040	P	phosphonate C-P lyase system protein PhnL	phnL	ko:K05780	ko00440,map00440
WP_032734886	K	Transcriptional regulator	-	-	-
WP_032734935	P	import. Responsible for energy coupling to the transport system	rbsA_4	ko:K02056,ko:K10441,ko:K10542,ko:K10545,ko:K10562,ko:K17204,ko:K17215	ko02010,map02010
WP_032735028	S	3-deoxy-D-manno-oct-2-ulosonic acid (Kdo) hydroxylase	-	-	-
WP_032735162	O	glycyl-radical enzyme activating protein family	pflC	ko:K04069	-
WP_032735166	G	pts system	frwC	ko:K02768,ko:K02769,ko:K02770,ko:K11203	ko00051,ko01100,ko01120,ko02060,map00051,map01100,map01120,map02060
WP_032735328	I	Belongs to the CDP-alcohol phosphatidyltransferase class-I family	ynjF	ko:K17884	-
WP_032735372	K	Transcriptional regulator	-	-	-
WP_032735822	C	Quinone oxidoreductase	-	ko:K00344	-
WP_032735827	K	COG0454 Histone acetyltransferase HPA2 and related acetyltransferases	-	ko:K22441	-
WP_032735930	M	Belongs to the membrane fusion protein (MFP) (TC 8.A.1) family	-	-	-
WP_032735932	GM	COG0451 Nucleoside-diphosphate-sugar epimerases	-	-	-
WP_032735936	J	Belongs to the phenylalanyl-tRNA synthetase beta subunit family. Type 1 subfamily	pheT	ko:K01890	ko00970,map00970
WP_032735945	J	Methylates the class 1 translation termination release factors RF1 PrfA and RF2 PrfB on the glutamine residue of the universally conserved GGQ motif	prmC	ko:K02493	-
WP_032735961	M	Catalyzes cross-linking of the peptidoglycan cell wall at the division septum	ftsI	ko:K03587	ko00550,ko01501,map00550,map01501
WP_032736020	G	Belongs to the mannitol dehydrogenase family	dalD	ko:K00007,ko:K00040	ko00040,ko00051,ko01100,map00040,map00051,map01100
WP_032736030	S	Methyl-transferase	-	ko:K20331	ko02024,map02024
WP_032736060	S	Acyltransferase	elaA	ko:K02348	-
WP_032736451	G	Catalyzes the phosphorylation of autoinducer-2 (AI-2) to phospho-AI-2, which subsequently inactivates the transcriptional regulator LsrR and leads to the transcription of the lsr operon. Phosphorylates the ring-open form of (S)-4,5-dihydroxypentane-2,3- dione (DPD), which is the precursor to all AI-2 signaling molecules, at the C5 position	lsrK	ko:K00854,ko:K11216	ko00040,ko01100,ko02024,map00040,map01100,map02024
WP_032736512	IQ	short-chain dehydrogenase	-	-	-
WP_032736576	K	transcriptional regulator	dsdC	ko:K03566,ko:K13636	ko02026,map02026
WP_032736588	P	Belongs to the glycosyl hydrolase 13 family	yieL	ko:K07214	-
WP_032736622	K	transcriptional regulator	syrM1	-	-
WP_032736653	C	oxaloacetate decarboxylase gamma chain	oadG	ko:K01573	ko00620,ko01100,map00620,map01100
WP_032736961	S	Protein of unknown function (DUF554)	-	ko:K07150	-
WP_032737189	Q	GHMP kinase	pduX	ko:K16651	ko00860,map00860
WP_032739171	E	amino acid	mmuP	ko:K11733,ko:K16235	-
WP_032739299	Q	Belongs to the P-Pant transferase superfamily	entD	ko:K02362	ko01053,ko01110,ko01130,map01053,map01110,map01130
WP_032739303	P	esterase	fes	ko:K07214	-
WP_032739591	S	-	yoaF	ko:K09712	-
WP_032739609	K	transcriptional regulator	-	-	-
WP_032740013	K	Transcriptional regulator containing an amidase domain and an AraC-type DNA-binding HTH domain	ftrA	ko:K13633	-
WP_032740110	E	Extracellular solute-binding protein, family 5	-	ko:K02035	ko02024,map02024
WP_032740193	S	-	-	-	-
WP_032740372	S	protein related to capsule biosynthesis enzymes	-	ko:K07154	-
WP_032740393	E	Glutathione transferase	fosA	ko:K21253,ko:K21264,ko:K21265	-
WP_032740443	D	Ligates lysine onto the cytidine present at position 34 of the AUA codon-specific tRNA(Ile) that contains the anticodon CAU, in an ATP-dependent manner. Cytidine is converted to lysidine, thus changing the amino acid specificity of the tRNA from methionine to isoleucine	tilS	ko:K04075	-
WP_032740911	P	Belongs to the binding-protein-dependent transport system permease family. FecCD subfamily	hmuU	ko:K02015	ko02010,map02010
WP_032741022	H	Catalyzes the 2'-O-methylation of the ribose of cytidine 1402 (C1402) in 16S rRNA	rsmI	ko:K07056	-
WP_032741109	HP	(ABC) transporter	yusV	ko:K02013	ko02010,map02010
WP_032741475	K	radical SAM	-	ko:K06871	-
WP_032741520	G	L-rhamnose isomerase	rhaA	ko:K01813	ko00051,ko01120,map00051,map01120
WP_032753766	T	signal transduction protein containing sensor and EAL	ylaB	-	-
WP_032753892	S	hydrolases of the HAD superfamily	ybhA	-	-
WP_032754088	S	Fe-S-cluster oxidoreductase	ykgJ	ko:K06940	-
WP_032754215	L	ATP-dependent helicase hrpA	hrpA	ko:K03578	-
WP_032754466	S	Pyrroloquinoline quinone biosynthesis protein E	pqqE	ko:K06139	-
WP_032755088	GH	Belongs to the TPP enzyme family	ipdC	ko:K01568,ko:K04103	ko00010,ko00380,ko01100,ko01110,ko01130,map00010,map00380,map01100,map01110,map01130
WP_032755436	E	utilization protein	pduV	ko:K04029	-
WP_032756036	G	PTS system	ptsG_1	ko:K02749,ko:K02750,ko:K02790,ko:K02791	ko00010,ko00500,ko00520,ko02060,map00010,map00500,map00520,map02060
WP_032756177	I	esterase of the alpha-beta hydrolase superfamily	yjjU	-	-
WP_032756526	F	Involved in the catabolism of L-rhamnose (6-deoxy-L- mannose). Catalyzes the transfer of the gamma-phosphate group from ATP to the 1-hydroxyl group of L-rhamnulose to yield L-rhamnulose 1-phosphate	rhaB	ko:K00848	ko00040,ko00051,ko01120,map00040,map00051,map01120
WP_038421387	S	Inner membrane protein yagU	yagU	ko:K08996	-
WP_038421562	C	belongs to the CobB CobQ family	pta	ko:K13788	ko00430,ko00620,ko00640,ko00680,ko00720,ko01100,ko01120,ko01200,map00430,map00620,map00640,map00680,map00720,map01100,map01120,map01200
WP_038421789	S	Oxidative stress defense protein	yggE	ko:K09807	-
WP_038421864	S	carbon utilization	hofP	ko:K12291	-
WP_038421865	S	-	-	ko:K12290	-
WP_038422066	G	ABC transporter	-	ko:K02056	-
WP_038422067	U	Branched-chain amino acid transport system / permease component	-	ko:K02057	-
WP_038422068	S	NADPH dehydrogenase	nqo2	ko:K00355	ko00130,ko01110,ko05200,ko05225,ko05418,map00130,map01110,map05200,map05225,map05418
WP_038422086	M	Glucosamine--fructose-6-phosphate aminotransferase	-	ko:K19510	-
WP_038422325	I	May increase the rate of spontaneous hydrolysis of aminoacrylate to malonic semialdehyde. Required to remove a toxic intermediate produce in the pyrimidine nitrogen degradation	rutD	ko:K00627,ko:K09023	ko00010,ko00020,ko00240,ko00620,ko01100,ko01110,ko01120,ko01130,ko01200,map00010,map00020,map00240,map00620,map01100,map01110,map01120,map01130,map01200
WP_038422351	EGP	Major facilitator superfamily	-	-	-
WP_038422372	E	The alpha subunit is responsible for the aldol cleavage of indoleglycerol phosphate to indole and glyceraldehyde 3- phosphate	trpA	ko:K01695	ko00260,ko00400,ko01100,ko01110,ko01130,ko01230,map00260,map00400,map01100,map01110,map01130,map01230
WP_038422435	S	Dicarboxylate transport	ydbH	-	-
WP_038422443	C	COG1018 Flavodoxin reductases (ferredoxin-NADPH reductases) family 1	paaE	ko:K02613	ko00360,ko01120,map00360,map01120
WP_038422547	NU	pilus organization	-	ko:K07346,ko:K15540	-
WP_038422626	P	ABC-type Fe3 transport system permease component	-	ko:K02011	ko02010,map02010
WP_038422671	C	Flavodoxin reductases (Ferredoxin-NADPH reductases) family 1	vanB	-	-
WP_038422681	IQ	COG1028 Dehydrogenases with different specificities (related to short-chain alcohol dehydrogenases)	bdhA	ko:K00019	ko00072,ko00650,ko01100,map00072,map00650,map01100
WP_039102406	K	transcriptional regulator	cynR	ko:K11921,ko:K21757	-
WP_039102554	O	Required for maturation of urease via the functional incorporation of the urease nickel metallocenter	ureD	ko:K03190	-
WP_039102636	G	Domain of unknown function (DUF386)	yiaL	-	-
WP_039102637	L	Domain of unknown function (DUF4862)	-	-	-
WP_039102639	G	Belongs to the FGGY kinase family	lyx	ko:K00880	ko00040,ko00053,map00040,map00053
WP_039102725	S	extracellular solute-binding protein, family 1	-	ko:K02055	ko02024,map02024
WP_039102809	E	5-carboxymethyl-2-hydroxymuconate isomerase	hpcD	ko:K01826	ko00350,ko01120,ko01220,map00350,map01120,map01220
WP_039102853	S	Belongs to the SfsA family	sfsA	ko:K06206	-
WP_039102964	G	Belongs to the phosphoglycerate mutase family	cobC	ko:K02226,ko:K22306	ko00860,ko01100,map00860,map01100
WP_039102982	E	Catalyzes the conversion of urocanate to 4-imidazolone- 5-propionate	hutU	ko:K01712	ko00340,ko01100,map00340,map01100
WP_039103055	EG	of the drug metabolite transporter (DMT) superfamily	yedA	-	-
WP_039103097	EM	Belongs to the DapA family	-	ko:K01714	ko00261,ko00300,ko01100,ko01110,ko01120,ko01130,ko01230,map00261,map00300,map01100,map01110,map01120,map01130,map01230
WP_039103215	K	Transcriptional regulator	-	ko:K18900	-
WP_039103394	EGP	Major facilitator superfamily	-	-	-
WP_039103605	ET	COG0834 ABC-type amino acid transport signal transduction systems periplasmic component domain	-	ko:K02030	-
WP_039103663	P	PFAM C4-dicarboxylate transporter malic acid transport protein	tehA	ko:K03304	-
WP_039103724	P	ABC-type nitrate sulfonate bicarbonate transport systems, periplasmic components	-	ko:K02051	-
WP_039103735	S	protein conserved in bacteria	Z012_06620	ko:K09824	-
WP_039104111	T	nitrogen fixation	nifL	-	-
WP_039104218	E	Catalyzes the reduction of 1-pyrroline-5-carboxylate (PCA) to L-proline	proC	ko:K00286	ko00330,ko01100,ko01110,ko01130,ko01230,map00330,map01100,map01110,map01130,map01230
WP_040189509	S	-	yoaK	-	-
WP_040198488	S	-	-	-	-
WP_040227501	S	Phage virion morphogenesis family	S	-	-
WP_040230973	S	-	-	-	-
WP_040968453	I	Belongs to the enoyl-CoA hydratase isomerase family	paaF	ko:K01692	ko00071,ko00280,ko00281,ko00310,ko00360,ko00362,ko00380,ko00410,ko00627,ko00640,ko00650,ko00903,ko00930,ko01100,ko01110,ko01120,ko01130,ko01212,map00071,map00280,map00281,map00310,map00360,map00362,map00380,map00410,map00627,map00640,map00650,map00903,map00930,map01100,map01110,map01120,map01130,map01212
WP_040968577	Q	Tellurite resistance protein TehB	tehB	ko:K16868	-
WP_040968846	C	NADH dehydrogenase	pduS	-	-
WP_040968855	T	EAL domain	-	-	-
WP_040968926	K	accessory protein	yhgF	ko:K06959	-
WP_040971036	F	Bifunctional enzyme which can phosphorylate or dephosphorylate isocitrate dehydrogenase (IDH) on a specific serine residue. This is a regulatory mechanism which enables bacteria to bypass the Krebs cycle via the glyoxylate shunt in response to the source of carbon. When bacteria are grown on glucose, IDH is fully active and unphosphorylated, but when grown on acetate or ethanol, the activity of IDH declines drastically concomitant with its phosphorylation	aceK	ko:K00906	-
WP_040972824	M	Soluble lytic murein transglycosylase and related regulatory proteins (some contain LysM invasin domains)	slt	ko:K08309	-
WP_040973133	S	Lipoprotein	yaiW	-	-
WP_040973862	G	transporter	-	ko:K07783	ko02020,map02020
WP_040974012	T	Histidine kinase	-	-	-
WP_040975950	T	Diguanylate cyclase	yedQ	ko:K21085	ko02026,map02026
WP_040976041	H	Catalyzes the condensation of iminoaspartate with dihydroxyacetone phosphate to form quinolinate	nadA	ko:K03517	ko00760,ko01100,map00760,map01100
WP_041165333	G	Major Facilitator	-	ko:K03292,ko:K16210	-
WP_041165457	J	Zinc-ribbon containing domain	ybeL	-	-
WP_042943327	T	TIGRFAM phage conjugal plasmid C-4 type zinc finger protein, TraR family	-	-	-
WP_042946867	S	Protein of unknown function (DUF1176)	-	-	-
WP_042946962	T	Diguanylate cyclase	-	-	-
WP_042947025	P	sulfurtransferase	sseA	ko:K01011	ko00270,ko00920,ko01100,ko01120,ko04122,map00270,map00920,map01100,map01120,map04122
WP_042947117	E	Belongs to the proline racemase family	-	ko:K12658	ko00330,map00330
WP_042947509	P	Belongs to the NlpA lipoprotein family	metQ-2	ko:K02073	ko02010,map02010
WP_042947605	G	converts alpha-aldose to the beta-anomer	galM	ko:K01785	ko00010,ko00052,ko01100,ko01110,ko01120,ko01130,map00010,map00052,map01100,map01110,map01120,map01130
WP_042948120	S	PFAM GCN5-related N-acetyltransferase	-	-	-
WP_042948427	V	Mate efflux family protein	yeeO	-	-
WP_042948450	K	transcriptional regulator	nemR	ko:K16137	-
WP_042948562	S	Creatininase	-	ko:K01470	ko00330,map00330
WP_043874933	U	transport protein	yidE	ko:K07085	-
WP_043874934	G	PTS system	aglA	ko:K02749,ko:K02750	ko00500,ko02060,map00500,map02060
WP_043874976	K	transcriptional regulator	-	ko:K03655	ko03440,map03440
WP_043875013	K	transcriptional regulator	-	ko:K03566	ko02026,map02026
WP_043875014	S	-	-	-	-
WP_043875087	G	Major facilitator superfamily	-	-	-
WP_043875352	S	Required for growth and or survival at acidic conditions	asr	-	-
WP_043875839	K	N-acetyltransferase	-	-	-
WP_043876026	G	Dihydroxyacetone kinase	dhaK	ko:K05878	ko00561,ko01100,map00561,map01100
WP_043876172	ET	Belongs to the bacterial solute-binding protein 3 family	pheC	ko:K01713	ko00400,ko01100,ko01110,ko01130,ko01230,map00400,map01100,map01110,map01130,map01230
WP_043876276	P	permease	yehY	ko:K05846	ko02010,map02010
WP_043906915	S	-	-	-	-
WP_044612998	C	Malic enzyme	sfcA_1	ko:K00027,ko:K00029	ko00620,ko00710,ko01100,ko01120,ko01200,ko02020,map00620,map00710,map01100,map01120,map01200,map02020
WP_044613000	E	PFAM Glyoxalase bleomycin resistance protein dioxygenase	yycE	ko:K01322	ko04614,map04614
WP_044613162	M	Reutilizes the intact tripeptide L-alanyl-gamma-D- glutamyl-meso-diaminopimelate by linking it to UDP-N- acetylmuramate	mpl	ko:K02558	-
WP_044613219	Q	Dienelactone hydrolase	ysgA	ko:K01061	ko00361,ko00364,ko00623,ko01100,ko01110,ko01120,ko01130,map00361,map00364,map00623,map01100,map01110,map01120,map01130
WP_044613340	U	Belongs to the binding-protein-dependent transport system permease family	lsrC	ko:K10556	ko02010,ko02024,map02010,map02024
WP_044613448	K	transcriptional regulator	-	-	-
WP_044613513	S	Type II secretion system (T2SS), protein N	-	ko:K02463	ko05111,map05111
WP_044613832	P	amino acid ABC transporter	-	ko:K02029	-
WP_044614392	F	Ribonucleoside-triphosphate reductase	nrdD	ko:K21636	ko00230,ko00240,ko01100,map00230,map00240,map01100
WP_044643526	S	protein related to capsule biosynthesis enzymes	hipA	ko:K07154	-
WP_044649853	G	The phosphoenolpyruvate-dependent sugar phosphotransferase system (sugar PTS), a major carbohydrate active transport system, catalyzes the phosphorylation of incoming sugar substrates concomitantly with their translocation across the cell membrane. This system is involved in N-acetylmuramic acid (MurNAc) transport, yielding cytoplasmic MurNAc-6-P. Is	murP	ko:K11191,ko:K11192	ko00520,ko02060,map00520,map02060
WP_044649965	T	Histidine kinase	baeS	-	-
WP_044649981	L	Exonucleolytic cleavage in the 3'- to 5'-direction to yield nucleoside 5'-phosphates	sbcB	ko:K01141	ko03430,map03430
WP_044649982	H	May play a key role in the regulation of the intracellular concentration of adenosylhomocysteine	ahcY	ko:K01251	ko00270,ko01100,map00270,map01100
WP_044649993	CH	COG0654 2-polyprenyl-6-methoxyphenol hydroxylase and related FAD-dependent oxidoreductases	-	-	-
WP_044650054	C	COG1249 Pyruvate 2-oxoglutarate dehydrogenase complex, dihydrolipoamide dehydrogenase (E3) component, and related enzymes	-	ko:K00382	ko00010,ko00020,ko00260,ko00280,ko00620,ko00630,ko00640,ko01100,ko01110,ko01120,ko01130,ko01200,map00010,map00020,map00260,map00280,map00620,map00630,map00640,map01100,map01110,map01120,map01130,map01200
WP_044650082	E	Belongs to the class-III pyridoxal-phosphate-dependent aminotransferase family	gabT	ko:K00823,ko:K07250	ko00250,ko00280,ko00410,ko00640,ko00650,ko01100,ko01120,map00250,map00280,map00410,map00640,map00650,map01100,map01120
WP_044650114	G	Major facilitator superfamily	-	ko:K13021	-
WP_044650425	H	Transfers a GMP moiety from GTP to Mo-molybdopterin (Mo- MPT) cofactor (Moco or molybdenum cofactor) to form Mo- molybdopterin guanine dinucleotide (Mo-MGD) cofactor	mobA	ko:K03752	ko00790,ko01100,map00790,map01100
WP_044650478	L	Involved in base excision repair of DNA damaged by oxidation or by mutagenic agents. Acts as DNA glycosylase that recognizes and removes damaged bases. Has a preference for oxidized purines, such as 7,8-dihydro-8-oxoguanine (8-oxoG). Has AP (apurinic apyrimidinic) lyase activity and introduces nicks in the DNA strand. Cleaves the DNA backbone by beta-delta elimination to generate a single-strand break at the site of the removed base with both 3'- and 5'-phosphates	fpg	ko:K10563	ko03410,map03410
WP_044784931	S	Phage tail sheath C-terminal domain	FI	ko:K06907	-
WP_045377322	G	PTS system, glucitol sorbitol-specific, IIBC subunit	srlE	ko:K02782,ko:K02783	ko00051,ko02060,map00051,map02060
WP_046619759	S	hydrolase of the alpha beta superfamily	besA	ko:K07017	-
WP_046620088	P	ABC-type dipeptide oligopeptide nickel transport systems, permease	-	ko:K02033	ko02024,map02024
WP_046620380	K	Transcriptional	csiR	ko:K15735	-
WP_046620954	G	pts system	manX	ko:K02793,ko:K02794	ko00051,ko00520,ko01100,ko02060,map00051,map00520,map01100,map02060
WP_046621110	E	Catalyzes the hydrolysis of N(2)-succinylarginine into N(2)-succinylornithine, ammonia and CO(2)	astB	ko:K01484	ko00330,ko01100,map00330,map01100
WP_046621842	S	-	-	-	-
WP_046622022	C	glycerophosphoryl diester phosphodiesterase	ugpQ	ko:K01126	ko00564,map00564
WP_046622047	L	DNA repair enzyme involved in the repair of deaminated bases. Selectively cleaves double-stranded DNA at the second phosphodiester bond 3' to a deoxyinosine leaving behind the intact lesion on the nicked DNA	nfi	ko:K05982	-
WP_046622640	P	Part of the ABC transporter complex HmuTUV involved in hemin import. Responsible for energy coupling to the transport system	hmuV	ko:K02013	ko02010,map02010
WP_046622924	G	pts system	ulaA	ko:K02822,ko:K03475	ko00053,ko01100,ko01120,ko02060,map00053,map01100,map01120,map02060
WP_046654371	S	phage protein	-	-	-
WP_046881432	M	Gamma-glutamyltransferase	ggt1	ko:K00681	ko00430,ko00460,ko00480,ko01100,map00430,map00460,map00480,map01100
WP_046881527	H	Involved in the formation of 2-(5''-phosphoribosyl)-3'- dephosphocoenzyme-A, the prosthetic group of the acyl-carrier protein of the malonate decarboxylase	mdcB	ko:K05966,ko:K13930	ko02020,map02020
WP_046881571	S	Metal-dependent phosphoesterases (PHP family)	trpH	ko:K07053	-
WP_046881707	G	isomerase	iolI	ko:K06606	ko00562,ko01120,map00562,map01120
WP_046881742	EGP	Major facilitator superfamily	csbX	-	-
WP_046881744	G	Belongs to the glycosyl hydrolase 3 family	bglX	ko:K05349	ko00460,ko00500,ko00940,ko01100,ko01110,map00460,map00500,map00940,map01100,map01110
WP_046882111	G	Belongs to the glycosyl hydrolase 13 family	pulA	ko:K01200	ko00500,ko01100,ko01110,map00500,map01100,map01110
WP_046882158	V	Secretion Protein	yiaV	ko:K03543	-
WP_046882303	P	P-type atpase	copA	ko:K17686	ko01524,ko04016,map01524,map04016
WP_046882325	O	Belongs to the peptidase S16 family	ycbZ	ko:K04770	-
WP_046882375	O	Heme chaperone required for the biogenesis of c-type cytochromes. Transiently binds heme delivered by CcmC and transfers the heme to apo-cytochromes in a process facilitated by CcmF and CcmH	ccmE	ko:K02197	-
WP_046882405	E	threonine efflux protein	-	-	-
WP_046882409	S	Required for growth and or survival at acidic conditions	asr	-	-
WP_046882436	G	Domain of unknown function (DUF386)	yiaL	-	-
WP_046882514	P	Involved in the active translocation of vitamin B12 (cyanocobalamin) across the outer membrane to the periplasmic space. It derives its energy for transport by interacting with the trans-periplasmic membrane protein TonB	btuB	ko:K16092	-
WP_047666056	IQ	Dehydrogenases with different specificities (Related to short-chain alcohol dehydrogenases)	-	-	-
WP_047666611	C	formate dehydrogenase	fdnI	ko:K00127,ko:K08350	ko00630,ko00680,ko01100,ko01120,ko01200,ko02020,map00630,map00680,map01100,map01120,map01200,map02020
WP_047666873	K	Transcriptional regulator	ascG	ko:K03487	-
WP_047666918	CH	hydroxylase	ubiH	ko:K03185,ko:K18800	ko00130,ko01100,ko01110,map00130,map01100,map01110
WP_047667128	S	cellulose synthase	bcsD	-	-
WP_047667239	S	periplasmic or secreted protein	zinT	ko:K09815	ko02010,map02010
WP_047667244	I	Involved in the aerobic and anaerobic degradation of long-chain fatty acids via beta-oxidation cycle. Catalyzes the formation of 3-oxoacyl-CoA from enoyl-CoA via L-3-hydroxyacyl-CoA. It can also use D-3-hydroxyacyl-CoA and cis-3-enoyl-CoA as substrate	fadB	ko:K01782,ko:K01825	ko00071,ko00280,ko00281,ko00310,ko00362,ko00380,ko00410,ko00640,ko00650,ko00903,ko00930,ko01040,ko01100,ko01110,ko01120,ko01130,ko01200,ko01212,map00071,map00280,map00281,map00310,map00362,map00380,map00410,map00640,map00650,map00903,map00930,map01040,map01100,map01110,map01120,map01130,map01200,map01212
WP_047667291	P	H( )-stimulated, divalent metal cation uptake system	mntH	-	-
WP_047667304	L	bifunctional antitoxin of the RelE-RelB toxin-antitoxin system transcriptional repressor	relB	ko:K18918	-
WP_047718529	S	Domain of unknown function (DUF5405)	-	-	-
WP_048266037	C	alcohol dehydrogenase	eutG	ko:K00001	ko00010,ko00071,ko00350,ko00625,ko00626,ko00830,ko00980,ko00982,ko01100,ko01110,ko01120,ko01130,ko01220,map00010,map00071,map00350,map00625,map00626,map00830,map00980,map00982,map01100,map01110,map01120,map01130,map01220
WP_048267493	L	methylated DNA-protein cysteine methyltransferase	ybaZ	ko:K07443	-
WP_048267646	Q	Phosphopantetheine attachment site	entB	ko:K01252	ko01053,ko01110,ko01130,map01053,map01110,map01130
WP_048267773	K	COG2207 AraC-type DNA-binding domain-containing proteins	-	-	-
WP_048267842	K	Bacterial regulatory proteins, tetR family	-	-	-
WP_048268071	K	sequence-specific DNA binding	marA	ko:K05804,ko:K13631,ko:K13632,ko:K18325,ko:K19056	ko01503,map01503
WP_048268290	K	Transcriptional repressor of the nikABCDE operon. Is active in the presence of excessive concentrations of intracellular nickel	nikR	ko:K07722	-
WP_048268376	L	DNA helicase	recQ	ko:K03654	ko03018,map03018
WP_048268470	EGP	transport or processing of arabinose polymers	araJ	ko:K08156	-
WP_048268504	C	Belongs to the glutaredoxin family. Monothiol subfamily	grxD	ko:K07390	-
WP_048268520	E	glyoxalase bleomycin resistance protein dioxygenase	-	-	-
WP_048268659	N	Acts as a regulator of flagellar gene expression by modulating the protein level of the anti sigma factor FlgM upon sensing ring completion or hook elongation. Flk could inhibit FlgM secretion by acting as a braking system for the flagellar- associated type III secretion	flk	-	-
WP_048268671	K	transcriptional regulator	-	-	-
WP_048268691	S	-	-	-	-
WP_048271460	E	D-amino acid	-	ko:K21061	ko00330,map00330
WP_048271749	S	-	-	-	-
WP_048271757	E	ABC transporter substrate-binding protein	-	ko:K02035	ko02024,map02024
WP_048271780	Q	Catalyzes the conversion of acetaldehyde to acetyl-CoA, using NAD( ) and coenzyme A. Is the final enzyme in the meta- cleavage pathway for the degradation of aromatic compounds	mhpF	ko:K04073	ko00360,ko00362,ko00620,ko00621,ko00622,ko00650,ko01100,ko01120,ko01220,map00360,map00362,map00620,map00621,map00622,map00650,map01100,map01120,map01220
WP_048272087	P	Part of the ABC transporter complex NikABCDE involved in nickel import. Responsible for energy coupling to the transport system	nikD	ko:K15587	ko02010,map02010
WP_048291768	V	HNH nucleases	-	-	-
WP_048293353	P	Belongs to the monovalent cation proton antiporter 2 (CPA2) transporter (TC 2.A.37) family	ybaL	ko:K03455	-
WP_048329829	S	membrane	ybjE	-	-
WP_048329926	S	-	-	-	-
WP_048330385	O	Cytochrome c-type biogenesis protein	ccmF	ko:K02198	-
WP_048330463	E	Catalyzes the interconversion of L-alanine and D- alanine. May also act on other amino acids	dadX	ko:K01775	ko00473,ko01100,ko01502,map00473,map01100,map01502
WP_048330785	E	Extracellular solute-binding protein, family 5	ddpA	ko:K02035	ko02024,map02024
WP_048330787	O	Glutathione S-transferase	-	-	-
WP_048330941	EGP	Involved in the efflux of purine ribonucleosides, such as guanosine, adenosine and especially inosine. Involved in the resistance to 6-mercaptopurine	nepI	ko:K03445	-
WP_048331097	S	Glycosyl Hydrolase Family 88	-	ko:K15532	-
WP_048331418	K	redox-sensitive transcriptional activator SoxR	soxR	ko:K13639	-
WP_048964016	K	transcriptional regulator	ytfH	-	-
WP_048964206	L	DNA polymerase	umuC	ko:K03502	-
WP_048964498	H	molybdopterin	moeA	ko:K03750	ko00790,ko01100,map00790,map01100
WP_048964660	S	OpgC protein	-	-	-
WP_048964846	H	Riboflavin synthase	ribE	ko:K00793	ko00740,ko01100,ko01110,map00740,map01100,map01110
WP_048965098	O	Protein-disulfide isomerase	bdbD	-	-
WP_048965148	EGP	Major Facilitator	araJ	ko:K18567,ko:K19577	-
WP_049009689	O	Antioxidant protein with alkyl hydroperoxidase activity. Required for the reduction of the AhpC active site cysteine residues and for the regeneration of the AhpC enzyme activity	-	-	-
WP_049009807	S	-	-	-	-
WP_049010532	E	bleomycin resistance protein	-	ko:K01759	ko00620,map00620
WP_049010575	J	translation initiation inhibitor, yjgF family	-	ko:K09022	-
WP_049010587	S	-	-	-	-
WP_049011151	J	Catalyzes the formation of 2'O-methylated cytidine (Cm32) or 2'O-methylated uridine (Um32) at position 32 in tRNA	lasT	ko:K02533	-
WP_049018644	G	Maltoporin (phage lambda and maltose receptor)	VVA0122	ko:K02024	-
WP_049138133	I	Enoyl-CoA hydratase	paaG	ko:K15866	ko00360,ko01120,map00360,map01120
WP_049138925	S	Protein involved in hydrolase activity and metabolic process	abgA	ko:K12940	-
WP_049139225	I	Serine aminopeptidase, S33	-	-	-
WP_049139238	L	Single-stranded-DNA-specific exonuclease	recJ	ko:K07462	ko03410,ko03430,ko03440,map03410,map03430,map03440
WP_049139330	S	Prokaryotic cytochrome b561	-	-	-
WP_049151915	G	beta-galactosidase	bglY	ko:K12308	ko00052,map00052
WP_049153716	S	Protein involved in oxidoreductase activity	-	-	-
WP_049153731	T	COG2204 Response regulator containing CheY-like receiver, AAA-type ATPase, and DNA-binding domains	yfhA	ko:K07715	ko02020,ko02024,map02020,map02024
WP_049155043	F	COG0402 Cytosine deaminase and related metal-dependent hydrolases	-	-	-
WP_049155987	ET	ABC-type amino acid transport signal transduction systems periplasmic component domain	gltI	ko:K10001	ko02010,ko02020,map02010,map02020
WP_049156836	K	Acetyltransferase (GNAT) family	-	-	-
WP_049156842	C	monooxygenase	-	-	-
WP_049157054	S	protein conserved in bacteria	yaeQ	-	-
WP_049157064	S	Type II secretion system protein B	outB	ko:K02451	-
WP_049157164	U	MFS-type transporter	yfcJ	-	-
WP_049157242	J	Translation elongation factor	selB	ko:K03833	-
WP_049157628	H	Catalyzes both the ATP-dependent activation of exogenously supplied lipoate to lipoyl-AMP and the transfer of the activated lipoyl onto the lipoyl domains of lipoate-dependent enzymes	lplA	ko:K03800	ko00785,ko01100,map00785,map01100
WP_049157636	S	Belongs to the UPF0246 family	yaaA	ko:K09861	-
WP_049157841	P	nitrate nitrite transporter	narU	ko:K02575	ko00910,map00910
WP_049157844	C	Belongs to the prokaryotic molybdopterin-containing oxidoreductase family	narZ	ko:K00370	ko00910,ko01120,ko02020,map00910,map01120,map02020
WP_049157847	C	Nitrate reductase beta subunit	narH	ko:K00371	ko00910,ko01120,ko02020,map00910,map01120,map02020
WP_049163421	H	Converts the free carboxyl group of a malonyl-thioester to its methyl ester by transfer of a methyl group from S-adenosyl- L-methionine (SAM). It allows to synthesize pimeloyl-ACP via the fatty acid synthetic pathway	bioC	ko:K02169	ko00780,ko01100,map00780,map01100
WP_049164731	S	Probably catalyzes the hydrolysis of L-ascorbate-6-P into 3-keto-L-gulonate-6-P. Is essential for L-ascorbate utilization under anaerobic conditions	ulaG	ko:K03476	ko00053,ko01100,ko01120,map00053,map01100,map01120
WP_049182578	S	-	-	-	-
WP_049245540	S	Regulates secA expression by translational coupling of the secM secA operon. Translational pausing at a specific Pro residue 5 residues before the end of the protein may allow disruption of a mRNA repressor helix that normally suppresses secA translation initiation	secM	ko:K13301	ko03060,ko03070,map03060,map03070
WP_049245588	G	Dihydroxyacetone kinase	dhaK	ko:K00863,ko:K05878	ko00051,ko00561,ko00680,ko01100,ko01120,ko01200,ko04622,map00051,map00561,map00680,map01100,map01120,map01200,map04622
WP_049245627	S	-	rhoL	-	-
WP_049246038	EGP	Major Facilitator Superfamily	-	-	-
WP_050484431	S	AFG1-like ATPase	-	ko:K06916	-
WP_050887159	C	Putative MetA-pathway of phenol degradation	-	-	-
WP_050887171	CH	COG0654 2-polyprenyl-6-methoxyphenol hydroxylase and related FAD-dependent oxidoreductases	hpxO	ko:K16839	ko00230,ko01100,ko01120,map00230,map01100,map01120
WP_050887343	ET	ABC transporter substrate-binding protein	-	ko:K02030	-
WP_050887348	EG	of the drug metabolite transporter (DMT) superfamily	yedA	-	-
WP_050887437	C	HI0933-like protein	-	-	-
WP_050887802	C	Catalyzes the synthesis of Und-PP-GlcNAc-ManNAcA-Fuc4NAc (Lipid III), the third lipid-linked intermediate involved in ECA synthesis	rffT	ko:K12582	-
WP_050887930	M	entry into host	ychO	ko:K13735	ko05100,map05100
WP_052264175	S	-	-	-	-
WP_055323071	H	homocysteine	mmuM	ko:K00547	ko00270,ko01100,ko01110,map00270,map01100,map01110
WP_055323146	O	Chaperone involved in the maturation of iron-sulfur cluster-containing proteins. Has a low intrinsic ATPase activity which is markedly stimulated by HscB	hscA	ko:K04044	-
WP_055323285	S	Protein of unknown function (DUF1481)	yjaH	-	-
WP_058709029	V	HNH endonuclease	-	-	-
WP_060619358	S	conserved protein	-	-	-
WP_060619469	G	Arabinogalactan endo-beta-1,4-galactanase	ganB	ko:K01224	-
WP_060619777	E	Belongs to the cysteine synthase cystathionine beta- synthase family	cysM	ko:K12339	ko00270,ko00920,ko01100,ko01110,ko01120,ko01130,ko01200,ko01230,map00270,map00920,map01100,map01110,map01120,map01130,map01200,map01230
WP_060619954	H	Lipoate-protein ligase	-	-	-
WP_060876021	U	Catalyzes the facilitated diffusion of 2-acyl-glycero-3- phosphoethanolamine (2-acyl-GPE) into the cell	lplT	ko:K08227	-
WP_060876162	P	Phosphonate ABC transporter	phnE	ko:K02042	ko02010,map02010
WP_060876454	S	Aldo Keto reductase	ydhF	-	-
WP_060876485	P	ABC-type Fe3 transport system permease component	-	ko:K02011	ko02010,map02010
WP_060876701	C	NQR complex catalyzes the reduction of ubiquinone-1 to ubiquinol by two successive reactions, coupled with the transport of Na( ) ions from the cytoplasm to the periplasm. The first step is catalyzed by NqrF, which accepts electrons from NADH and reduces ubiquinone-1 to ubisemiquinone by a one-electron transfer pathway	nqrF	ko:K00351	-
WP_060876707	G	Belongs to the FGGY kinase family	-	ko:K00880	ko00040,ko00053,map00040,map00053
WP_061155535	S	protein conserved in bacteria	rcnR	-	-
WP_061155560	K	Transcriptional regulator	-	ko:K02624	-
WP_061156289	C	Produces ATP from ADP in the presence of a proton gradient across the membrane. Subunit I associates with the membrane and may be involved with cation translocation	atpI	ko:K02116	-
WP_062913846	L	Site-specific recombinases, DNA invertase Pin homologs	hin	ko:K14060	-
WP_063105554	C	Belongs to the prokaryotic molybdopterin-containing oxidoreductase family	ydeP	-	-
WP_063105732	G	Belongs to the glycosyl hydrolase 1 family	bglA	ko:K01223,ko:K05350	ko00010,ko00460,ko00500,ko00940,ko01100,ko01110,map00010,map00460,map00500,map00940,map01100,map01110
WP_063105963	M	Cellulose synthase	bcsC	ko:K20543	-
WP_063106110	K	transcriptional regulator	-	-	-
WP_063106353	K	Transcription regulator that activates transcription by stimulating RNA polymerase (RNAP) recycling in case of stress conditions such as supercoiled DNA or high salt concentrations. Probably acts by releasing the RNAP, when it is trapped or immobilized on tightly supercoiled DNA. Does not activate transcription on linear DNA. Probably not involved in DNA repair	rapA	ko:K03580	-
WP_063162157	K	Prophage CP4-57 regulatory protein (AlpA)	alpA	ko:K07733	-
WP_063266815	V	secretion protein HlyD family	-	-	-
WP_064142498	E	Acetylornithine deacetylase	-	ko:K01438,ko:K01439	ko00220,ko00300,ko01100,ko01110,ko01120,ko01130,ko01210,ko01230,map00220,map00300,map01100,map01110,map01120,map01130,map01210,map01230
WP_064142540	K	transcriptional regulator	-	-	-
WP_064142582	S	integral membrane protein	-	-	-
WP_064142610	E	Part of the ABC transporter complexes LivFGHMJ and LivFGHMK involved in the high-affinity transport of branched-chain amino acids	-	ko:K01995	ko02010,ko02024,map02010,map02024
WP_064142675	M	protein conserved in bacteria	ycbB	ko:K21470	-
WP_064144362	M	Catalyzes cross-linking of the peptidoglycan cell wall	mrdA	ko:K05515	ko00550,ko01501,map00550,map01501
WP_064144409	S	Specifically catalyzes the cleavage of the D-lactyl ether substituent of MurNAc 6-phosphate, producing GlcNAc 6- phosphate and D-lactate. Together with AnmK, is also required for the utilization of anhydro-N-acetylmuramic acid (anhMurNAc) either imported from the medium or derived from its own cell wall murein, and thus plays a role in cell wall recycling	murQ	ko:K07106	ko00520,ko01100,map00520,map01100
WP_064144671	C	glycerophosphoryl diester phosphodiesterase	ugpQ_1	ko:K01126	ko00564,map00564
WP_064160538	KLT	serine threonine protein kinase	-	-	-
WP_064160881	J	amino acids such as threonine, to avoid such errors, it has a posttransfer editing activity that hydrolyzes mischarged Thr-tRNA(Val) in a tRNA-dependent manner	valS	ko:K01873	ko00970,map00970
WP_064165667	S	MmgE/PrpD family	-	-	-
WP_064165793	S	-	-	-	-
WP_064165905	S	Dinitrogenase iron-molybdenum cofactor biosynthesis protein	nifY	ko:K02596	-
WP_064166143	M	Catalyzes the phosphorylation of thiamine to thiamine phosphate	thiK	ko:K07251	ko00730,ko01100,map00730,map01100
WP_064166339	U	involved in a type II secretion system (T2SS, formerly general secretion pathway, GSP) for the export of proteins	yst1L	ko:K02461	ko03070,ko05111,map03070,map05111
WP_064166711	G	Converts N-acetylmannosamine-6-phosphate (ManNAc-6-P) to N-acetylglucosamine-6-phosphate (GlcNAc-6-P)	nanE	ko:K01788	ko00520,map00520
WP_064166867	E	Catalyzes the interconversion of L-alanine and D- alanine. May also act on other amino acids	alr	ko:K01775	ko00473,ko01100,ko01502,map00473,map01100,map01502
WP_064169843	L	Histidine kinase-, DNA gyrase B-, and HSP90-like ATPase	-	-	-
WP_064170160	EGP	Involved in the efflux of purine ribonucleosides, such as guanosine, adenosine and especially inosine. Involved in the resistance to 6-mercaptopurine	opdE	ko:K03445	-
WP_064170318	S	B3 4 domain	-	-	-
WP_064170478	G	Transketolase	-	ko:K00615	ko00030,ko00710,ko01051,ko01100,ko01110,ko01120,ko01130,ko01200,ko01230,map00030,map00710,map01051,map01100,map01110,map01120,map01130,map01200,map01230
WP_064170481	J	Acetyltransferases including N-acetylases of ribosomal proteins	rimL	-	-
WP_064170816	EP	(ABC) transporter	gsiA_2	ko:K02032	ko02024,map02024
WP_064170919	K	transcriptional regulator	ybjK	-	-
WP_064171333	M	glucosamine--fructose-6-phosphate aminotransferase	-	ko:K19504	-
WP_064171539	S	Belongs to the sodium solute symporter (SSF) (TC 2.A.21) family	actP	ko:K14393	-
WP_064179774	S	nadp-dependent	yncB	ko:K07119	-
WP_064179933	O	Molecular chaperone. Has ATPase activity	htpG	ko:K04079	ko04141,ko04151,ko04217,ko04612,ko04621,ko04626,ko04657,ko04659,ko04914,ko04915,ko05200,ko05215,ko05418,map04141,map04151,map04217,map04612,map04621,map04626,map04657,map04659,map04914,map04915,map05200,map05215,map05418
WP_064180247	P	Phosphonate C-P lyase system protein PhnG	phnG	ko:K06166	ko00440,map00440
WP_064180365	V	(ABC) transporter	cydD	ko:K16013	ko02010,map02010
WP_064180681	C	Belongs to the UPF0149 family	yecA	ko:K07039	-
WP_064180825	G	type III effector	ygbK	ko:K22129	-
WP_064185514	O	Antitermination protein	-	-	-
WP_064323525	K	transcriptional regulator	dgdR	-	-
WP_064323599	HP	COG1120 ABC-type cobalamin Fe3 -siderophores transport systems, ATPase components	fecE	ko:K02013	ko02010,map02010
WP_064323731	S	membrane-associated metal-dependent hydrolase	ybiP	ko:K19353	ko00540,map00540
WP_064324061	S	Dihydroxyacetone kinase	dhaL	ko:K05879	ko00561,ko01100,map00561,map01100
WP_064324134	H	Belongs to the MenA family. Type 1 subfamily	menA	ko:K02548	ko00130,ko01100,ko01110,map00130,map01100,map01110
WP_064838677	C	Nitroreductase	ydjA	-	-
WP_064839531	M	N-acetylmuramoyl-L-alanine amidase	amiC	ko:K01448	ko01503,map01503
WP_065803504	M	polysaccharide export	wza	ko:K01991	ko02026,map02026
WP_065803509	H	Catalyzes the conversion of GDP-D-mannose to GDP-4- dehydro-6-deoxy-D-mannose	gmd	ko:K01711	ko00051,ko00520,ko01100,map00051,map00520,map01100
WP_070612306	C	Belongs to the NifD NifK NifE NifN family	nifN	ko:K02592	-
WP_070612811	S	L-2-amino-thiazoline-4-carboxylic acid hydrolase	-	-	-
WP_071000979	H	Catalyzes a proton abstraction reaction that results in 2,5-elimination of pyruvate from 2-succinyl-5-enolpyruvyl-6- hydroxy-3-cyclohexene-1-carboxylate (SEPHCHC) and the formation of 2-succinyl-6-hydroxy-2,4-cyclohexadiene-1-carboxylate (SHCHC)	menH	ko:K08680	ko00130,ko01100,ko01110,map00130,map01100,map01110
WP_071787615	K	Cold shock-like protein	cspH	ko:K03704	-
WP_071787616	S	-	ynfN	-	-
WP_071891073	S	-	-	-	-
WP_071983335	D	Essential cell division protein that activates septal peptidoglycan synthesis and constriction of the cell. Acts on both sides of the membrane, via interaction with FtsA in the cytoplasm and interaction with the FtsQBL complex in the periplasm. These interactions may induce a conformational switch in both FtsA and FtsQBL, leading to septal peptidoglycan synthesis by FtsI and associated synthases	ftsN	ko:K03591	-
WP_071995253	S	Protein of unknown function (DUF2778)	-	-	-
WP_072057619	S	-	ydcA	ko:K03646	-
WP_072121929	K	transcriptional regulator	leuO	ko:K05798	-
WP_072122325	I	esterase lipase	-	-	-
WP_072123045	P	Major facilitator superfamily	-	-	-
WP_072123058	P	Receptor	-	ko:K02014	-
WP_072123190	S	-	-	-	-
WP_072123540	S	Protein of unknown function (DUF2878)	-	-	-
WP_072124560	C	alcohol dehydrogenase	eutG	ko:K04022	ko00010,ko01100,ko01110,ko01120,ko01130,map00010,map01100,map01110,map01120,map01130
WP_072124611	T	Diguanylate cyclase	-	-	-
WP_072124918	E	aminotransferase	aspC	ko:K00813,ko:K00832	ko00220,ko00250,ko00270,ko00330,ko00350,ko00360,ko00400,ko00401,ko00950,ko00960,ko01100,ko01110,ko01130,ko01210,ko01230,map00220,map00250,map00270,map00330,map00350,map00360,map00400,map00401,map00950,map00960,map01100,map01110,map01130,map01210,map01230
WP_072125424	K	Winged helix-turn-helix DNA binding	-	-	-
WP_072242262	S	Selenoprotein, putative	yjiX	-	-
WP_072274440	H	Adds poly(A) tail to the 3' end of many RNAs, which usually targets these RNAs for decay. Plays a significant role in the global control of gene expression, through influencing the rate of transcript degradation, and in the general RNA quality control	pcnB	ko:K00970	ko03018,map03018
WP_072413440	S	Protein involved in biological_process	-	-	-
WP_074182489	J	Translation Initiation Inhibitor YjgF Family	-	-	-
WP_074182515	S	Protein of unknown function (DUF4087)	-	-	-
WP_074188308	D	Maf-like protein	yhdE	ko:K06287	-
WP_074188486	P	COG0659 Sulfate permease and related transporters (MFS superfamily)	-	ko:K03321	-
WP_074195595	K	Transcriptional regulator	-	-	-
WP_074195780	S	-	-	-	-
WP_074386389	E	ABC transporter substrate-binding protein	oppA3	ko:K15580	ko01501,ko02010,ko02024,map01501,map02010,map02024
WP_074387881	S	Phospholipase Carboxylesterase	ypfH	ko:K06999	-
WP_074387939	S	Phosphoesterase	yfcE	ko:K07095	-
WP_074423851	S	Lipoprotein	yedD	-	-
WP_074424726	S	acetyltransferase, isoleucine patch superfamily	vioB	ko:K21379	-
WP_075201969	L	Phage integrase family	-	-	-
WP_075206807	M	Arabinose 5-phosphate isomerase	kdsD	ko:K06041	ko00540,ko01100,map00540,map01100
WP_077139466	M	Cellulose synthase	bcsC	ko:K20543	-
WP_077263660	G	Phosphoglycerate mutase family	-	ko:K15634	ko00010,ko00260,ko00680,ko01100,ko01110,ko01120,ko01130,ko01200,ko01230,map00010,map00260,map00680,map01100,map01110,map01120,map01130,map01200,map01230
WP_077598891	S	YsaB-like lipoprotein	ysaB	-	-
WP_080782966	M	T5orf172	-	-	-
WP_080782973	S	Type VI secretion system, TssF	-	ko:K11896	-
WP_080929299	L	GDP-mannose pyrophosphatase	nudK	ko:K08077,ko:K12945	-
WP_080929962	S	L-2-hydroxyglutarate oxidase LhgO	lhgO	ko:K15736	-
WP_080930319	F	glutamine amidotransferase	guaA_2	ko:K01951	ko00230,ko00983,ko01100,map00230,map00983,map01100
WP_080930322	E	Zn-dependent dipeptidase, microsomal dipeptidase	acdP	ko:K01273	-
WP_082227512	E	Cryptic permease that may be involved in the transport of proline across the inner membrane	proY	ko:K03293,ko:K11736	-
WP_082227833	K	transcriptional regulator	-	ko:K19505	-
WP_085205665	J	Specifically methylates the guanine in position 1835 (m2G1835) of 23S rRNA	rlmG	ko:K00564,ko:K11391	-
WP_085921749	C	Molydopterin dinucleotide binding domain	fdoG	ko:K00123,ko:K08348	ko00630,ko00680,ko01100,ko01120,ko01200,ko02020,map00630,map00680,map01100,map01120,map01200,map02020
WP_086070332	S	ABC transporter substrate-binding protein	ybaE	-	-
WP_086070597	L	Nudix-type nucleoside diphosphatase, YffH AdpP family	nudK_2	ko:K01515	ko00230,map00230
WP_086070891	E	Catalyzes the ATP-dependent phosphorylation of N-acetyl- L-glutamate	argB	ko:K00930,ko:K22478	ko00220,ko01100,ko01110,ko01130,ko01210,ko01230,map00220,map01100,map01110,map01130,map01210,map01230
WP_086512438	K	Periplasmic binding protein LacI transcriptional regulator	cytR_1	-	-
WP_086892671	I	Involved in the aerobic and anaerobic degradation of long-chain fatty acids via beta-oxidation cycle. Catalyzes the formation of 3-oxoacyl-CoA from enoyl-CoA via L-3-hydroxyacyl-CoA. It can also use D-3-hydroxyacyl-CoA and cis-3-enoyl-CoA as substrate	fadJ	ko:K01782	ko00071,ko00280,ko00281,ko00310,ko00362,ko00380,ko00410,ko00640,ko00650,ko00903,ko00930,ko01040,ko01100,ko01110,ko01120,ko01130,ko01200,ko01212,map00071,map00280,map00281,map00310,map00362,map00380,map00410,map00640,map00650,map00903,map00930,map01040,map01100,map01110,map01120,map01130,map01200,map01212
WP_086892691	K	Flavin Reductase	-	-	-
WP_086892923	V	Negative regulator of beta-lactamase expression	ampD	ko:K01447,ko:K03806	-
WP_086893013	E	Amino Acid	puuP	ko:K14052	-
WP_086893016	S	Deacetylates O-acetyl-ADP ribose. Down-regulates ribonuclease 3 (RNase III) activity. Acts by interacting directly with the region of the ribonuclease that is required for dimerization activation	ymdB	-	-
WP_087498371	IQ	O-succinylbenzoic acid--CoA ligase	menE	ko:K00666,ko:K01911	ko00130,ko01100,ko01110,map00130,map01100,map01110
WP_087498522	F	CTP synthase	-	ko:K01937	ko00240,ko01100,map00240,map01100
WP_087498719	S	nucleotidyltransferase activity	-	-	-
WP_087499123	EGP	Major facilitator superfamily	shiA	ko:K08172	-
WP_087652819	C	required for the utilization of tricarballylate as a carbon and energy source by S. enterica	cobZ	ko:K13796	-
WP_087652903	L	Transposase	-	ko:K07486	-
WP_087653151	C	Flavodoxin reductases (Ferredoxin-NADPH reductases) family 1	vanB	ko:K03863,ko:K22444	ko00627,ko01120,map00627,map01120
WP_087653860	S	Type VI secretion lipoprotein, VasD, EvfM, TssJ, VC_A0113	-	ko:K11906	ko03070,map03070
WP_087728183	L	Arm DNA-binding domain	intA	-	-
WP_087728185	S	-	-	-	-
WP_087728186	S	protein conserved in bacteria	-	-	-
WP_087728187	K	transcriptional regulator	yfjR	-	-
WP_087728188	S	Psort location Cytoplasmic, score 8.96	-	-	-
WP_087728190	S	antirestriction protein	-	-	-
WP_087728194	E	Belongs to the UPF0758 family	-	ko:K03630	-
WP_087728196	S	Protein of unknown function (DUF987)	ykfH	-	-
WP_087728197	S	CbeA_antitoxin, type IV, cytoskeleton bundling-enhancing factor A	yeeU	ko:K18838	-
WP_087728199	S	inhibits FtsZ GTP-dependent polymerization and GTPase activity as well as MreB ATP-dependent polymerization. Binds to both the N- and C-terminus of FtsZ, likely blocking its polymerization. Overexpression results in inhibition of growth in liquid cultures and decrease in colony formation	cbtA	ko:K18837	-
WP_087728201	V	N-6 DNA Methylase	-	ko:K03427	-
WP_087728203	V	AAA ATPase domain	-	-	-
WP_087728205	L	Type I restriction modification DNA specificity domain	-	ko:K01154	-
WP_087731078	F	Catalyzes the hydrolytic deamination of adenine to hypoxanthine. Plays an important role in the purine salvage pathway and in nitrogen catabolism	add	ko:K01488	ko00230,ko01100,ko05340,map00230,map01100,map05340
WP_087731142	E	Belongs to the metallo-dependent hydrolases superfamily. Urease alpha subunit family	ureC	ko:K01428	ko00220,ko00230,ko00791,ko01100,ko01120,ko05120,map00220,map00230,map00791,map01100,map01120,map05120
WP_087731258	S	cellulose synthase operon protein YhjU	bcsG	-	-
WP_087731316	NU	Fimbrial protein	-	ko:K07345,ko:K07351	ko05133,map05133
WP_087732075	G	COG2211 Na melibiose symporter and related transporters	yicJ	ko:K03292,ko:K11104	-
WP_088717311	P	Receptor	pfeA	ko:K16089,ko:K19611	ko02020,map02020
WP_088717852	Q	taurine catabolism dioxygenase	tauD	ko:K03119	ko00430,ko00920,map00430,map00920
WP_094285330	S	-	-	-	-
WP_094917106	K	transcriptional regulator	-	ko:K02444	-
WP_094917108	S	oxidoreductase	ydgJ	ko:K16044	ko00562,ko01120,map00562,map01120
WP_094917618	G	transporter	garP	ko:K03535,ko:K08194,ko:K12299	-
WP_096834743	K	transcriptional regulator	mexT	ko:K18297	-
WP_100630873	T	Belongs to the universal stress protein A family	uspF	ko:K14061	-
WP_100681326	S	Catalyzes the hydrolysis of 4-amino-2-methyl-5- hydroxymethylpyrimidine pyrophosphate (HMP-PP) to 4-amino-2- methyl-5-hydroxymethylpyrimidine phosphate (HMP-P)	cof	ko:K11938	-
WP_100699162	H	ergothioneine biosynthetic process	-	-	-
WP_101837208	S	-	-	-	-
WP_101837230	S	Enoyl-(Acyl carrier protein) reductase	-	-	-
WP_101855308	G	Catalyses the hydrolysis of terminal non-reducing alpha-D-galactose residues in alpha-D-galactosides	melA	ko:K07406	ko00052,ko00561,ko00600,ko00603,map00052,map00561,map00600,map00603
WP_101855589	K	Transcriptional regulator	-	-	-
WP_101855685	G	Catalyzes the dehydration of galactarate to form 5- dehydro-4-deoxy-D-glucarate	garD	ko:K01708	ko00053,map00053
WP_101856064	H	Catalyzes the insertion of Co(2 ) into sirohydrochlorin	cbiK	ko:K02190	ko00860,ko01100,map00860,map01100
WP_101856488	T	signal transduction histidine kinase regulating citrate malate metabolism	citA	ko:K07700	ko02020,map02020
WP_101856581	E	Belongs to the MSOX MTOX family. MTOX subfamily	solA	ko:K02846	-
WP_101856789	S	ACT domain protein	-	-	-
WP_101858587	H	Belongs to the citrate synthase family	-	ko:K01647	ko00020,ko00630,ko01100,ko01110,ko01120,ko01130,ko01200,ko01210,ko01230,map00020,map00630,map01100,map01110,map01120,map01130,map01200,map01210,map01230
WP_101858623	G	Glycoside hydrolase	bglT	ko:K01222	ko00010,ko00500,map00010,map00500
WP_101858792	S	DNA internalization-related competence protein ComEC Rec2	ycaI	ko:K02238	-
WP_101858793	F	Transfers the gamma-phosphate of ATP to the 4'-position of a tetraacyldisaccharide 1-phosphate intermediate (termed DS-1- P) to form tetraacyldisaccharide 1,4'-bis-phosphate (lipid IVA)	lpxK	ko:K00912	ko00540,ko01100,map00540,map01100
WP_101858825	EGP	Major facilitator superfamily	-	ko:K08195	-
WP_101858967	C	it plays a direct role in the translocation of protons across the membrane	atpB	ko:K02108	ko00190,ko00195,ko01100,map00190,map00195,map01100
WP_101859001	S	esterase activity towards palmitoyl-CoA and pNP-butyrate in vitro	yjfP	ko:K06889	-
WP_101859080	E	1-(5-phosphoribosyl)-5- (5-phosphoribosylamino)methylideneamino imidazole-4-carboxamide isomerase	hisA	ko:K01814	ko00340,ko01100,ko01110,ko01230,map00340,map01100,map01110,map01230
WP_101859274	S	BtpA family membrane complex biogenesis protein	sgcQ	ko:K06971	-
WP_101859492	S	copper chaperone activity	cusF	ko:K07810	ko02020,map02020
WP_101880694	V	Belongs to the resistance-nodulation-cell division (RND) (TC 2.A.6) family	mdtB	ko:K07788	ko02020,map02020
WP_101880695	L	3-methyladenine DNA glycosylase 8-oxoguanine DNA glycosylase	alkA	ko:K01247,ko:K13529	ko03410,map03410
WP_101881233	C	the formate hydrogenlyase complex comprises of a formate dehydrogenase, unidentified electron carriers and hydrogenase-3	hycF	ko:K12143,ko:K15831	-
WP_102009360	S	-	-	ko:K03497	-
WP_102781407	M	Cell wall formation. Synthesis of cross-linked peptidoglycan from the lipid intermediates. The enzyme has a penicillin-insensitive transglycosylase N-terminal domain (formation of linear glycan strands) and a penicillin-sensitive transpeptidase C-terminal domain (cross-linking of the peptide subunits)	mrcB	ko:K05365	ko00550,map00550
WP_104458716	I	Alpha beta hydrolase	cpo	ko:K00433	-
WP_104458724	C	COG0604 NADPH quinone reductase and related Zn-dependent oxidoreductases	-	ko:K00344	-
WP_104458969	E	(ABC) transporter	artM_2	ko:K02028,ko:K02029,ko:K10004,ko:K10010,ko:K10038	ko02010,ko02020,map02010,map02020
WP_104459093	P	membrane protein, terc	yegH	-	-
WP_107318634	O	C-terminal, D2-small domain, of ClpB protein	clpV	ko:K11907	ko02025,ko03070,map02025,map03070
WP_108433260	S	-	-	-	-
WP_109226735	K	Transcriptional	gntR	ko:K06145	-
WP_109848851	E	glyoxalase	-	-	-
WP_109910156	O	peptidase U32	ydcP	ko:K08303	ko05120,map05120
WP_109910397	H	Catalyzes the phosphorylation of ribose at O-5 in a reaction requiring ATP and magnesium. The resulting D-ribose-5- phosphate can then be used either for sythesis of nucleotides, histidine, and tryptophan, or as a component of the pentose phosphate pathway	-	ko:K00852	ko00030,map00030
WP_109956511	FJ	Hydroxylase for synthesis of 2-methylthio-cis-ribozeatin in tRNA	miaE	ko:K06169	-
WP_109956609	EP	(ABC) transporter	-	ko:K02031	ko02024,map02024
WP_110190615	S	Glycosyl Hydrolase Family 88	yesR	ko:K15532	-
WP_110190900	S	Type VI secretion, EvfE, EvfF, ImpA, BimE, VC_A0119, VasJ	-	ko:K11910	-
WP_110191198	C	Is involved in NO detoxification in an aerobic process, termed nitric oxide dioxygenase (NOD) reaction that utilizes O(2) and NAD(P)H to convert NO to nitrate, which protects the bacterium from various noxious nitrogen compounds. Therefore, plays a central role in the inducible response to nitrosative stress	hmp	ko:K05916	ko05132,map05132
WP_110193078	CH	ubiquinone biosynthesis hydroxylase, UbiH UbiF VisC COQ6	visC	ko:K18800	ko00130,ko01100,ko01110,map00130,map01100,map01110
WP_110193232	V	secretion protein HlyD family	-	-	-
WP_110196371	V	Secretion protein	-	ko:K03543	-
WP_110197817	P	Belongs to the cation diffusion facilitator (CDF) transporter (TC 2.A.4) family	fieF	-	-
WP_110197933	Q	2-oxohepta-3-ene-1,7-dioic acid hydratase	hpaH	ko:K01617,ko:K02509	ko00350,ko00362,ko00621,ko00622,ko01100,ko01120,ko01220,map00350,map00362,map00621,map00622,map01100,map01120,map01220
WP_110198348	G	alpha-galactosidase	rafA	ko:K07407	ko00052,ko00561,ko00600,ko00603,map00052,map00561,map00600,map00603
WP_110202620	NU	Fimbrial protein	-	-	-
WP_110202825	IQ	KR domain	-	-	-
WP_110209535	G	invertase	scrB	ko:K01193	ko00052,ko00500,ko01100,map00052,map00500,map01100
WP_110209814	G	Belongs to the glycosyl hydrolase 2 family	lacZ	ko:K01190	ko00052,ko00511,ko00600,ko01100,map00052,map00511,map00600,map01100
WP_110209847	T	Member of the two-component regulatory system ZraS ZraR. May function as a membrane-associated protein kinase that phosphorylates ZraR in response to high concentrations of zinc or lead in the medium	zraS	ko:K07709	ko02020,map02020
WP_110215506	C	alcohol dehydrogenase	-	-	-
WP_110215775	S	integral membrane protein, YccS YhfK family	yhfK	-	-
WP_110215776	EH	anthranilate synthase	pabA	ko:K01658,ko:K01664	ko00400,ko00405,ko00790,ko01100,ko01110,ko01130,ko01230,ko02024,ko02025,map00400,map00405,map00790,map01100,map01110,map01130,map01230,map02024,map02025
WP_110215812	S	cellulose biosynthesis protein BcsE	bcsE	-	-
WP_110215851	S	VWA domain protein interacting with AAA ATPase	viaA	-	-
WP_110215877	C	Belongs to the prokaryotic molybdopterin-containing oxidoreductase family	fdsA	ko:K00123,ko:K22015	ko00630,ko00680,ko01100,ko01120,ko01200,map00630,map00680,map01100,map01120,map01200
WP_110218596	M	Regulator of peptidoglycan synthesis that is essential for the function of penicillin-binding protein 1A (PBP1a)	lpoA	ko:K07121	-
WP_110220941	C	belongs to the aldehyde dehydrogenase family	feaB	ko:K00146	ko00360,ko00643,ko01100,ko01120,map00360,map00643,map01100,map01120
WP_110221475	NU	Fimbrial protein	-	-	-
WP_110223843	C	COG1062 Zn-dependent alcohol dehydrogenases, class III	-	ko:K00055	ko00350,ko00360,ko00622,ko00623,ko01100,ko01120,ko01220,map00350,map00360,map00622,map00623,map01100,map01120,map01220
WP_110223906	P	ABC-type nitrate sulfonate bicarbonate transport system ATPase component	ssuB	ko:K15555,ko:K15600	ko00920,ko02010,map00920,map02010
WP_110224052	E	Ethanolamine utilization protein EutJ	eutJ	ko:K04024	-
WP_110224216	M	Transfers the fatty acyl group on membrane lipoproteins	lnt	ko:K03820	-
WP_110224883	K	transcriptional regulator	-	ko:K19587	-
WP_110227692	K	Helix-turn-helix XRE-family like proteins	-	-	-
WP_110235692	V	Belongs to the resistance-nodulation-cell division (RND) (TC 2.A.6) family	czcA	ko:K18138,ko:K18303	ko01501,ko01503,map01501,map01503
WP_110236015	T	Diguanylate cyclase	-	-	-
WP_110242734	E	aminopeptidase	pepP	ko:K01262	-
WP_111459943	S	-	-	-	-
WP_114500653	G	invertase	cscA	ko:K01193	ko00052,ko00500,ko01100,map00052,map00500,map01100
WP_114500691	EGP	Drug resistance transporter Bcr CflA subfamily	tcaB	ko:K07552	-
WP_115188849	G	iib component	sorB	ko:K02813	ko00051,ko02060,map00051,map02060
WP_115656038	S	protein conserved in bacteria	yeaC	ko:K09916	-
WP_115656271	S	3-oxoadipate enol-lactonase	pcaD	ko:K01055,ko:K14727	ko00362,ko01100,ko01120,ko01220,map00362,map01100,map01120,map01220
WP_116696251	C	Catalyzes the isomerization of citrate to isocitrate via cis-aconitate	acnA	ko:K01681	ko00020,ko00630,ko00720,ko01100,ko01110,ko01120,ko01130,ko01200,ko01210,ko01230,map00020,map00630,map00720,map01100,map01110,map01120,map01130,map01200,map01210,map01230
WP_117106120	P	Belongs to the ABC transporter superfamily	malK	ko:K10111,ko:K10191	ko02010,map02010
WP_117108976	U	Mediates the transbilayer movement of Und-PP-GlcNAc- ManNAcA-Fuc4NAc (lipid III) from the inner to the outer leaflet of the cytoplasmic membrane during the assembly of enterobacterial common antigen (ECA)	wzxE	ko:K03328,ko:K16693	-
WP_117110266	C	COG0604 NADPH quinone reductase and related Zn-dependent oxidoreductases	Z012_00830	-	-
WP_117114015	G	Belongs to the binding-protein-dependent transport system permease family	xylH	ko:K10544,ko:K10547	ko02010,map02010
WP_117114445	P	Na( ) H( ) antiporter that extrudes sodium in exchange for external protons	nhaB	ko:K03314	-
WP_117115933	G	Belongs to the binding-protein-dependent transport system permease family	-	ko:K10440	ko02010,map02010
WP_117116050	S	RelE toxin of RelE / RelB toxin-antitoxin system	-	-	-
WP_117123134	H	Catalyzes the oxidative decarboxylation of 6- phosphogluconate to ribulose 5-phosphate and CO(2), with concomitant reduction of NADP to NADPH	gnd	ko:K00033	ko00030,ko00480,ko01100,ko01110,ko01120,ko01130,ko01200,map00030,map00480,map01100,map01110,map01120,map01130,map01200
WP_117123135	M	Bacterial sugar transferase	wcaJ	ko:K03606	ko05111,map05111
WP_117123136	G	phosphomannomutase	manB	ko:K01840	ko00051,ko00520,ko01100,ko01110,ko01130,map00051,map00520,map01100,map01110,map01130
WP_117123137	GM	Belongs to the mannose-6-phosphate isomerase type 2 family	cpsB	ko:K00971,ko:K16011	ko00051,ko00520,ko01100,ko01110,ko01130,ko02025,map00051,map00520,map01100,map01110,map01130,map02025
WP_117123139	S	Polysaccharide biosynthesis protein GumL	gumL	ko:K13665	-
WP_117123142	GM	Catalyzes the two-step NADP-dependent conversion of GDP- 4-dehydro-6-deoxy-D-mannose to GDP-fucose, involving an epimerase and a reductase reaction	fcl	ko:K02377	ko00051,ko00520,ko01100,map00051,map00520,map01100
WP_117123146	D	G-rich domain on putative tyrosine kinase	wzc	ko:K16692	-
WP_117123147	T	low molecular weight	wzb	ko:K01104,ko:K20945	ko05111,map05111
WP_117123148	S	Capsule assembly protein Wzi	-	-	-
WP_117123196	S	Type VI secretion protein IcmF C-terminal	-	ko:K11891	ko02025,ko03070,map02025,map03070
WP_117123202	S	type VI secretion protein	-	ko:K11893	ko02025,map02025
WP_117123217	S	PAAR motif	-	-	-
WP_117123359	P	Belongs to the ABC transporter superfamily	ugpC	ko:K05816	ko02010,map02010
WP_117123384	H	3-octaprenyl-4-hydroxybenzoate carboxy-lyase	-	ko:K03182	ko00130,ko01100,ko01110,map00130,map01100,map01110
WP_117123641	L	A helicase nuclease that prepares dsDNA breaks (DSB) for recombinational DNA repair. Binds to DSBs and unwinds DNA via a highly rapid and processive ATP-dependent bidirectional helicase activity. Unwinds dsDNA until it encounters a Chi (crossover hotspot instigator) sequence from the 3' direction. Cuts ssDNA a few nucleotides 3' to the Chi site. The properties and activities of the enzyme are changed at Chi. The Chi-altered holoenzyme produces a long 3'-ssDNA overhang and facilitates RecA-binding to the ssDNA for homologous DNA recombination and repair. Holoenzyme degrades any linearized DNA that is unable to undergo homologous recombination. In the holoenzyme this subunit recognizes the wild- type Chi sequence, and when added to isolated RecB increases its ATP-dependent helicase processivity	recC	ko:K03583	ko03440,map03440
WP_117127126	K	histone acetyltransferase HPA2 and related acetyltransferases	-	-	-
WP_117128002	C	NQR complex catalyzes the reduction of ubiquinone-1 to ubiquinol by two successive reactions, coupled with the transport of Na( ) ions from the cytoplasm to the periplasm. NqrA to NqrE are probably involved in the second step, the conversion of ubisemiquinone to ubiquinol	nqrC	ko:K00348	-
WP_117128285	S	-	-	-	-
WP_117128334	O	hydrogenase expression formation protein HypE	hypE	ko:K04655	-
WP_117130796	E	Cryptic permease that may be involved in the transport of proline across the inner membrane	proY	ko:K16234	-
WP_117134469	K	Is the main repressor of the genes involved in the de novo synthesis of purine nucleotides, regulating purB, purC, purEK, purF, purHD, purL, purMN and guaBA expression. PurR is allosterically activated to bind its cognate DNA by binding the purine corepressors, hypoxanthine or guanine, thereby effecting transcription repression	purR	ko:K02529,ko:K03604	-
WP_117134471	K	AraC family transcriptional regulator	-	-	-
WP_117134534	IQ	COG0318 Acyl-CoA synthetases (AMP-forming) AMP-acid ligases II	fadD	ko:K01897	ko00061,ko00071,ko01100,ko01212,ko02024,ko03320,ko04146,ko04216,ko04714,ko04920,map00061,map00071,map01100,map01212,map02024,map03320,map04146,map04216,map04714,map04920
WP_117135636	G	Polysaccharide deacetylase	pgaB	ko:K11931,ko:K21478	ko02026,map02026
WP_117137994	G	Phosphorylase is an important allosteric enzyme in carbohydrate metabolism. Enzymes from different sources differ in their regulatory mechanisms and in their natural substrates. However, all known phosphorylases share catalytic and structural properties	-	ko:K00688	ko00500,ko01100,ko01110,ko02026,ko04217,ko04910,ko04922,ko04931,map00500,map01100,map01110,map02026,map04217,map04910,map04922,map04931
WP_117138805	E	Catalyzes the retro-aldol cleavage of 4-hydroxy-2- oxopentanoate to pyruvate and acetaldehyde. Is involved in the meta-cleavage pathway for the degradation of aromatic compounds	mhpE	ko:K01649,ko:K01666	ko00290,ko00360,ko00362,ko00620,ko00621,ko00622,ko01100,ko01110,ko01120,ko01210,ko01220,ko01230,map00290,map00360,map00362,map00620,map00621,map00622,map01100,map01110,map01120,map01210,map01220,map01230
WP_117139050	S	type VI secretion protein	-	ko:K11895	ko02025,map02025
WP_117139210	G	Extracellular solute-binding protein	-	ko:K05813	ko02010,map02010
WP_117143154	IQ	KR domain	-	ko:K00034,ko:K00059	ko00030,ko00061,ko00333,ko00780,ko01040,ko01100,ko01120,ko01130,ko01200,ko01212,map00030,map00061,map00333,map00780,map01040,map01100,map01120,map01130,map01200,map01212
WP_117143312	M	Belongs to the aspartate glutamate racemases family	ygeA	ko:K01779	ko00250,ko01054,map00250,map01054
WP_117143313	E	Specifically catalyzes the decarboxylation of meso- diaminopimelate (meso-DAP) to L-lysine	lysA	ko:K01586	ko00300,ko01100,ko01110,ko01120,ko01130,ko01230,map00300,map01100,map01110,map01120,map01130,map01230
WP_117143314	G	Belongs to the glycosyl hydrolase 1 family	celH	ko:K01223,ko:K05350	ko00010,ko00460,ko00500,ko00940,ko01100,ko01110,map00010,map00460,map00500,map00940,map01100,map01110
WP_117143615	S	UDP-3-O-(3-hydroxymyristoyl) glucosamine N-acyltransferase	-	-	-
WP_117143680	EH	4-amino-4-deoxychorismate lyase	pabC	ko:K02619	ko00790,map00790
WP_117267890	H	Flavin transferase that catalyzes the transfer of the FMN moiety of FAD and its covalent binding to the hydroxyl group of a threonine residue in a target flavoprotein	-	ko:K03734	-
WP_122463764	S	Alpha beta hydrolase	-	-	-
WP_123836840	CH	Catalyzes the insertion of one atom of molecular oxygen into position 2 of the phenyl ring of 3-(3- hydroxyphenyl)propionate (3-HPP) and hydroxycinnamic acid (3HCI)	mhpA	ko:K05712	ko00360,ko01120,ko01220,map00360,map01120,map01220
WP_124037027	E	the allantoate amidohydrolase from Escherichia coli forms a dimer and binds zinc ions for catalytic activity and catalyzes the conversion of allantoate to (S)-ureidoglycolate and ammonia	amaB_2	ko:K06016	ko00240,ko01100,map00240,map01100
WP_124037930	HP	(ABC) transporter	-	ko:K02013	ko02010,map02010
WP_126315622	S	LydA holin phage, holin superfamily III	tchA	-	-
WP_129675548	P	ABC transporter substrate-binding protein	afuA	ko:K02012	ko02010,map02010
WP_129765509	S	-	-	-	-
WP_129765510	M	Outer membrane protein protective antigen OMA87	-	-	-
WP_129765511	K	transcriptional regulator	yidP	ko:K03482,ko:K03710,ko:K11922	-
WP_129765512	G	6-phospho-alpha-glucosidase	aglB	ko:K01222,ko:K01232	ko00010,ko00500,map00010,map00500
WP_129765513	EG	Gluconate	dsdX	ko:K03299,ko:K13629	-
WP_129765514	K	Acetyltransferase (GNAT) domain	-	-	-
WP_129765515	H	acetolactate synthase	ilvB	ko:K01652	ko00290,ko00650,ko00660,ko00770,ko01100,ko01110,ko01130,ko01210,ko01230,map00290,map00650,map00660,map00770,map01100,map01110,map01130,map01210,map01230
WP_129765516	G	The phosphoenolpyruvate-dependent sugar phosphotransferase system (PTS), a major carbohydrate active - transport system, catalyzes the phosphorylation of incoming sugar substrates concomitant with their translocation across the cell membrane	celB	ko:K02761	ko00500,ko02060,map00500,map02060
WP_129765517	H	methyltransferase	ligK	ko:K10218	ko00362,ko00660,ko01120,map00362,map00660,map01120
WP_129765519	P	Major facilitator superfamily	-	-	-
WP_129765520	S	flavin-nucleotide-binding protein structurally related to pyridoxine 5'-phosphate oxidase	-	ko:K07006	-
WP_129765521	L	Belongs to the Nudix hydrolase family	-	ko:K01515	ko00230,map00230
WP_129765522	S	Zn-dependent hydrolases of the beta-lactamase fold	-	-	-
WP_129765523	S	alcohol dehydrogenase	yahK	ko:K13979	-
WP_129765524	T	Winged helix-turn-helix DNA binding	-	-	-
WP_129765525	S	Belongs to the UPF0311 family	-	-	-
WP_129765526	G	Belongs to the glycosyl hydrolase 31 family	yicI	ko:K01811	-
WP_129765527	K	Sugar isomerase	-	-	-
WP_129765528	L	Critical role in recombination and DNA repair. Helps process Holliday junction intermediates to mature products by catalyzing branch migration. Has a DNA unwinding activity characteristic of a DNA helicase with a 3'- to 5'- polarity. Unwinds branched duplex DNA (Y-DNA)	recG	ko:K03655	ko03440,map03440
WP_129765529	L	Catalyzes the formation of phosphodiester linkages between 5'-phosphoryl and 3'-hydroxyl groups in double-stranded DNA using NAD as a coenzyme and as the energy source for the reaction	ligB	ko:K01972	ko03030,ko03410,ko03420,ko03430,map03030,map03410,map03420,map03430
WP_129765530	P	Chloride channel	-	-	-
WP_129765531	I	Acyltransferase	-	-	-
WP_129765532	E	Belongs to the UPF0758 family	radC	ko:K03630	-
WP_129765533	M	Glycosyl transferase, family 2	hyaD	-	-
WP_129765534	G	Lipopolysaccharide biosynthesis protein	walW	-	-
WP_129765536	C	Catalyzes the NAD( )-dependent oxidation of L-threonine to 2-amino-3-ketobutyrate	tdh	ko:K00060	ko00260,map00260
WP_129765537	S	protein conserved in bacteria	yibQ	ko:K09798	-
WP_129765538	J	Converts seryl-tRNA(Sec) to selenocysteinyl-tRNA(Sec) required for selenoprotein biosynthesis	selA	ko:K01042	ko00450,ko00970,map00450,map00970
WP_129765539	G	Catalyzes the isomerization of L-ribulose 5-phosphate to D-xylulose 5-phosphate	sgbE	ko:K03077	ko00040,ko00053,ko01100,ko01120,map00040,map00053,map01100,map01120
WP_129765540	G	3-epimerase	sgbU	ko:K03079	ko00040,ko00053,ko01100,ko01120,map00040,map00053,map01100,map01120
WP_129765541	G	Major facilitator superfamily	-	-	-
WP_129765543	C	electron transport	hydN	ko:K00196,ko:K05796	ko00633,ko00680,ko00720,ko01120,ko01200,map00633,map00680,map00720,map01120,map01200
WP_129765544	G	alpha-amylase	malS	ko:K01176	ko00500,ko01100,ko04973,map00500,map01100,map04973
WP_129765545	J	Glycyl-tRNA synthetase beta subunit	glyS	ko:K01879	ko00970,map00970
WP_129765546	ET	ankyrin repeat	ank2	ko:K06867	-
WP_129765547	NU	cellulose synthase	bcsB	ko:K20541	-
WP_129765548	M	protein involved in outer membrane biogenesis	yhjG	ko:K07290	-
WP_129765549	I	phosphoesterase, PA-phosphatase	phoC	-	-
WP_129765550	E	oligopeptidase	prlC	ko:K01414	-
WP_129765551	U	Proton-dependent permease that transports di- and tripeptides	dtpB	ko:K03305	-
WP_129765552	P	transport	nikB	ko:K15585	ko02010,map02010
WP_129765553	E	nickel ABC transporter	nikA	ko:K02035,ko:K15584	ko02010,ko02024,map02010,map02024
WP_129765554	P	P-type atpase	zntA	ko:K01534	-
WP_129765555	U	Involved in targeting and insertion of nascent membrane proteins into the cytoplasmic membrane. Acts as a receptor for the complex formed by the signal recognition particle (SRP) and the ribosome-nascent chain (RNC). Interaction with SRP-RNC leads to the transfer of the RNC complex to the Sec translocase for insertion into the membrane, the hydrolysis of GTP by both Ffh and FtsY, and the dissociation of the SRP-FtsY complex into the individual components	ftsY	ko:K03110	ko02024,ko03060,ko03070,map02024,map03060,map03070
WP_129765556	K	Transcriptional regulators containing a DNA-binding HTH domain and an aminotransferase domain (MocR family) and their eukaryotic orthologs	-	ko:K00375,ko:K05825	ko00300,ko01100,ko01130,ko01210,map00300,map01100,map01130,map01210
WP_129765557	G	ABC transporter substrate-binding protein	ugpB	ko:K05813	ko02010,map02010
WP_129765558	S	Protein of unknown function (DUF2756)	yhhA	-	-
WP_129765559	M	Gamma-glutamyltransferase	ggt	ko:K00681	ko00430,ko00460,ko00480,ko01100,map00430,map00460,map00480,map01100
WP_129765560	M	COG1664 Integral membrane protein CcmA involved in cell shape determination	-	-	-
WP_129765561	S	oxidoreductase	yhhX	-	-
WP_129765562	E	Catalyzes the NADPH-dependent formation of L-aspartate- semialdehyde (L-ASA) by the reductive dephosphorylation of L- aspartyl-4-phosphate	asd	ko:K00133	ko00260,ko00261,ko00270,ko00300,ko01100,ko01110,ko01120,ko01130,ko01210,ko01230,map00260,map00261,map00270,map00300,map01100,map01110,map01120,map01130,map01210,map01230
WP_129765563	G	Belongs to the glycosyl hydrolase 13 family	glgX	ko:K01200,ko:K01214,ko:K02438	ko00500,ko01100,ko01110,map00500,map01100,map01110
WP_129765564	K	Transcriptional regulator	VY92_04820	-	-
WP_129765565	C	Belongs to the FAD-dependent glycerol-3-phosphate dehydrogenase family	glpD	ko:K00111	ko00564,ko01110,map00564,map01110
WP_129765566	G	Phosphorylase is an important allosteric enzyme in carbohydrate metabolism. Enzymes from different sources differ in their regulatory mechanisms and in their natural substrates. However, all known phosphorylases share catalytic and structural properties	malP	ko:K00688	ko00500,ko01100,ko01110,ko02026,ko04217,ko04910,ko04922,ko04931,map00500,map01100,map01110,map02026,map04217,map04910,map04922,map04931
WP_129765567	G	4-alpha-glucanotransferase	malQ	ko:K00705	ko00500,ko01100,map00500,map01100
WP_129765568	S	The physiological role of BioH is to remove the methyl group introduced by BioC when the pimeloyl moiety is complete. It allows to synthesize pimeloyl-ACP via the fatty acid synthetic pathway through the hydrolysis of the ester bonds of pimeloyl-ACP esters	bioH	ko:K02170	ko00780,ko01100,map00780,map01100
WP_129765569	S	Intracellular growth attenuator	yrfF	-	-
WP_129765570	E	Catalyzes the conversion of 3-deoxy-D-arabino- heptulosonate 7-phosphate (DAHP) to dehydroquinate (DHQ)	aroB	ko:K01735	ko00400,ko01100,ko01110,ko01130,ko01230,map00400,map01100,map01110,map01130,map01230
WP_129765571	D	Cell division protein DamX	damX	ko:K03112	-
WP_129765572	P	Belongs to the monovalent cation proton antiporter 2 (CPA2) transporter (TC 2.A.37) family	kefB	ko:K03455,ko:K11745,ko:K11747	-
WP_129765573	P	found to be peripherally associated with the inner membrane in Escherichia coli	trkA	ko:K03499	-
WP_129765574	J	Ribosomal protein L11 methyltransferase	prmA	ko:K02687	-
WP_129765575	C	Part of the MsrPQ system that repairs oxidized periplasmic proteins containing methionine sulfoxide residues (Met-O), using respiratory chain electrons. Thus protects these proteins from oxidative-stress damage caused by reactive species of oxygen and chlorine generated by the host defense mechanisms. MsrPQ is essential for the maintenance of envelope integrity under bleach stress, rescuing a wide series of structurally unrelated periplasmic proteins from methionine oxidation. MsrQ provides electrons for reduction to the reductase catalytic subunit MsrP, using the quinone pool of the respiratory chain	msrQ	ko:K17247	-
WP_129765576	C	Part of the MsrPQ system that repairs oxidized periplasmic proteins containing methionine sulfoxide residues (Met-O), using respiratory chain electrons. Thus protects these proteins from oxidative-stress damage caused by reactive species of oxygen and chlorine generated by the host defense mechanisms. MsrPQ is essential for the maintenance of envelope integrity under bleach stress, rescuing a wide series of structurally unrelated periplasmic proteins from methionine oxidation. The catalytic subunit MsrP is non-stereospecific, being able to reduce both (R-) and (S-) diastereoisomers of methionine sulfoxide	msrP	ko:K07147	-
WP_129765577	P	COG0471 Di- and tricarboxylate transporters	-	-	-
WP_129765578	CI	Oxaloacetate	oadA	ko:K01571	ko00620,ko01100,map00620,map01100
WP_129765579	C	Dehydrogenase	rspB	ko:K08322	ko00040,ko01100,map00040,map01100
WP_129765580	T	Histidine kinase	arcB	ko:K07648	ko02020,ko02026,map02020,map02026
WP_129765581	E	Belongs to the argininosuccinate synthase family. Type	argG	ko:K01940	ko00220,ko00250,ko01100,ko01110,ko01130,ko01230,ko05418,map00220,map00250,map01100,map01110,map01130,map01230,map05418
WP_129765582	L	Belongs to the UPF0102 family	yraN	ko:K07460	-
WP_129765583	G	Belongs to the HpcH HpaI aldolase family	garL	ko:K01630	ko00053,map00053
WP_129765584	G	Belongs to the glycerate kinase type-1 family	glxK	ko:K00865	ko00260,ko00561,ko00630,ko01100,ko01120,ko01130,map00260,map00561,map00630,map01100,map01120,map01130
WP_129765585	G	glucuronate isomerase	uxaC	ko:K01812	ko00040,ko01100,map00040,map01100
WP_129765586	S	WLM domain	ygjP	ko:K07043	-
WP_129765587	C	COG1902 NADH flavin oxidoreductases, Old Yellow Enzyme family	fadH	ko:K00219	-
WP_129765588	U	Belongs to the binding-protein-dependent transport system permease family	lsrD	ko:K10557	ko02010,ko02024,map02010,map02024
WP_129765589	S	Involved in the degradation of phospho-AI-2, thereby terminating induction of the lsr operon and closing the AI-2 signaling cycle. Catalyzes the conversion of (4S)-4-hydroxy-5- phosphonooxypentane-2,3-dione (P-DPD) to 3-hydroxy-5- phosphonooxypentane-2,4-dione (P-HPD)	lsrG	ko:K11530	ko02024,map02024
WP_129765590	G	Belongs to the PEP-utilizing enzyme family	dhaM	ko:K05881	ko00561,map00561
WP_129765591	T	Histidine kinase	evgS	ko:K07679	ko02020,ko05133,map02020,map05133
WP_129765593	S	-	-	-	-
WP_129765594	S	-	-	-	-
WP_129765596	L	Terminase, ATPase subunit	-	-	-
WP_129765597	S	Phage capsid scaffolding protein (GPO) serine peptidase	O	-	-
WP_129765598	S	tail protein x	-	-	-
WP_129765599	S	phage lysis regulatory protein, LysB family	-	-	-
WP_129765601	E	lipolytic protein G-D-S-L family	-	-	-
WP_129765602	S	Phage-related minor tail protein	-	-	-
WP_129765603	S	to Late control gene D protein of root UniRef RepID VPD_BP186	-	ko:K06905	-
WP_129765604	O	Required for maturation of urease via the functional incorporation of the urease nickel metallocenter	ureF	ko:K03188	-
WP_129765605	O	Involved in urease metallocenter assembly. Binds nickel. Probably functions as a nickel donor during metallocenter assembly	ureE	ko:K03187	-
WP_129765606	E	Belongs to the urease gamma subunit family	ureA	ko:K01430,ko:K14048	ko00220,ko00230,ko00791,ko01100,ko01120,ko05120,map00220,map00230,map00791,map01100,map01120,map05120
WP_129765607	H	Catalyzes the ADP transfer from ATP to D-glycero-beta-D- manno-heptose 1-phosphate, yielding ADP-D-glycero-beta-D-manno- heptose	hldE	ko:K03272,ko:K21344	ko00540,ko01100,map00540,map01100
WP_129765608	MU	type I secretion outer membrane protein, TolC	tolC	ko:K12340	ko01501,ko01503,ko02020,ko03070,ko04626,ko05133,map01501,map01503,map02020,map03070,map04626,map05133
WP_129765609	T	Histidine kinase	qseC	ko:K07645	ko02020,ko02024,map02020,map02024
WP_129765610	E	Glutathionylspermidine synthase	gsp	ko:K01460	ko00480,ko01100,map00480,map01100
WP_129765611	E	decarboxylase	speC	ko:K01581	ko00330,ko00480,ko01100,ko01110,ko01130,map00330,map00480,map01100,map01110,map01130
WP_129765612	G	Broad-specificity transporter of purine and pyrimidine nucleosides. Driven by a proton motive force	nupG	ko:K03289,ko:K11537	-
WP_129765613	NU	twitching motility protein	pilT	ko:K02669	-
WP_129765614	S	Belongs to the SprT family	sprT	ko:K02742	-
WP_129765615	E	The glycine cleavage system catalyzes the degradation of glycine. The P protein binds the alpha-amino group of glycine through its pyridoxal phosphate cofactor	gcvP	ko:K00281,ko:K00283	ko00260,ko00630,ko01100,ko01110,ko01130,ko01200,map00260,map00630,map01100,map01110,map01130,map01200
WP_129765616	CO	Required to facilitate the formation of correct disulfide bonds in some periplasmic proteins and for the assembly of the periplasmic c-type cytochromes. Acts by transferring electrons from cytoplasmic thioredoxin to the periplasm. This transfer involves a cascade of disulfide bond formation and reduction steps	scsB	ko:K08344	-
WP_129765617	S	Belongs to the UPF0267 family	yqfB	ko:K09900	-
WP_129765618	S	Folate-binding protein involved in regulating the level of ATP-DnaA and in the modification of some tRNAs. It is probably a key factor in regulatory networks that act via tRNA modification, such as initiation of chromosomal replication	ygfZ	ko:K06980	-
WP_129765619	K	transcriptional regulator	nodD2	-	-
WP_129765620	S	Resistance protein	mdtO	ko:K15547	-
WP_129765621	NU	Usher protein	yehB	ko:K07347	ko05133,map05133
WP_129765622	NU	Fimbrial protein	-	-	-
WP_129765623	I	Catalyzes the final step of fatty acid oxidation in which acetyl-CoA is released and the CoA ester of a fatty acid two carbons shorter is formed	yqeF	ko:K00626	ko00071,ko00072,ko00280,ko00310,ko00362,ko00380,ko00620,ko00630,ko00640,ko00650,ko00720,ko00900,ko01100,ko01110,ko01120,ko01130,ko01200,ko01212,ko02020,map00071,map00072,map00280,map00310,map00362,map00380,map00620,map00630,map00640,map00650,map00720,map00900,map01100,map01110,map01120,map01130,map01200,map01212,map02020
WP_129765624	U	oligogalacturonate lyase	ogl	ko:K01730	ko00040,map00040
WP_129765625	U	Belongs to the major facilitator superfamily. Sugar transporter (TC 2.A.1.1) family	araE	ko:K02100,ko:K05548,ko:K08137	-
WP_129765626	O	Belongs to the peptidase M16 family	ptrA	ko:K01407	-
WP_129765627	L	A helicase nuclease that prepares dsDNA breaks (DSB) for recombinational DNA repair. Binds to DSBs and unwinds DNA via a highly rapid and processive ATP-dependent bidirectional helicase activity. Unwinds dsDNA until it encounters a Chi (crossover hotspot instigator) sequence from the 3' direction. Cuts ssDNA a few nucleotides 3' to the Chi site. The properties and activities of the enzyme are changed at Chi. The Chi-altered holoenzyme produces a long 3'-ssDNA overhang and facilitates RecA-binding to the ssDNA for homologous DNA recombination and repair. Holoenzyme degrades any linearized DNA that is unable to undergo homologous recombination. In the holoenzyme this subunit contributes ATPase, 3'-5' helicase, exonuclease activity and loads RecA onto ssDNA	recB	ko:K03582	ko03440,map03440
WP_129765628	F	Catalyzes the formation of acetyl phosphate from acetate and ATP. Can also catalyze the reverse reaction	ackA	ko:K00925,ko:K19697	ko00430,ko00620,ko00640,ko00680,ko00720,ko01100,ko01120,ko01200,map00430,map00620,map00640,map00680,map00720,map01100,map01120,map01200
WP_129765629	C	alcohol dehydrogenase	pduQ	ko:K13921	ko00640,map00640
WP_129765630	C	Aldehyde dehydrogenase	pduP	ko:K04021,ko:K13922	ko00620,ko00640,ko01100,ko01120,map00620,map00640,map01100,map01120
WP_129765631	S	Dehydratase medium subunit	pduH	-	-
WP_129765632	D	dehydratase	pduG	-	-
WP_129765633	H	Cobalamin biosynthesis protein CbiG	cbiG	ko:K02189	ko00860,ko01100,map00860,map01100
WP_129765634	S	oxidoreductase	-	-	-
WP_129765635	S	Interacts with the SecY protein in vivo. May bind preferentially to an uncomplexed state of SecY, thus functioning either as a chelating agent for excess SecY in the cell or as a regulatory factor that negatively controls the translocase function	syd	ko:K15723	-
WP_129765636	M	Belongs to the mandelate racemase muconate lactonizing enzyme family	gudX	ko:K01706,ko:K13918	ko00053,ko01100,map00053,map01100
WP_129765637	J	Catalyzes the formation of 5-methyl-uridine at position 1939 (m5U1939) in 23S rRNA	rlmD	ko:K03215	-
WP_129765638	N	Catalyzes the sequential removal of 2 amino-terminal arginines from alkaline phosphatase isozyme 1 to form isozymes 2 and 3	iap	ko:K09612	-
WP_129765639	I	Involved in the biosynthesis of isopentenyl diphosphate (IPP) and dimethylallyl diphosphate (DMAPP), two major building blocks of isoprenoid compounds. Catalyzes the conversion of 4- diphosphocytidyl-2-C-methyl-D-erythritol 2-phosphate (CDP-ME2P) to 2-C-methyl-D-erythritol 2,4-cyclodiphosphate (ME-CPP) with a corresponding release of cytidine 5-monophosphate (CMP)	ispF	ko:K01770	ko00900,ko01100,ko01110,ko01130,map00900,map01100,map01110,map01130
WP_129765640	J	Responsible for synthesis of pseudouridine from uracil- 13 in transfer RNAs	truD	ko:K06176	-
WP_129765641	S	Nucleotidase that shows phosphatase activity on nucleoside 5'-monophosphates	surE	ko:K03787	ko00230,ko00240,ko00760,ko01100,ko01110,map00230,map00240,map00760,map01100,map01110
WP_129765642	S	protein conserved in bacteria	-	-	-
WP_129765643	EGP	Major Facilitator	-	-	-
WP_129765644	P	ABC-type hemin transport system, periplasmic component	hmuT	ko:K02016	ko02010,map02010
WP_129765645	P	hemin transport protein	hmuS	ko:K07225	-
WP_129765646	EH	COG0028 Thiamine pyrophosphate-requiring enzymes acetolactate synthase, pyruvate dehydrogenase (cytochrome), glyoxylate carboligase, phosphonopyruvate decarboxylase	-	ko:K01652	ko00290,ko00650,ko00660,ko00770,ko01100,ko01110,ko01130,ko01210,ko01230,map00290,map00650,map00660,map00770,map01100,map01110,map01130,map01210,map01230
WP_129765647	S	transporter	-	ko:K07088	-
WP_129765648	P	COG1108 ABC-type Mn2 Zn2 transport systems permease components	yfeD	ko:K09819,ko:K11606,ko:K11709	ko02010,map02010
WP_129765649	P	Belongs to the bacterial solute-binding protein 9 family	sitA	ko:K02077,ko:K09818,ko:K11604	ko02010,map02010
WP_129765650	G	PTS system, cellobiose-specific IIA component	-	ko:K02759	ko00500,ko02060,map00500,map02060
WP_129765651	G	Pkd domain containing protein	-	-	-
WP_129765652	CP	formate hydrogenlyase subunit 3	hycC	ko:K05568,ko:K12137,ko:K15828	-
WP_129765653	C	HycBCDEFG is part of the formate hydrogenlyase system which is involved in the cleaving of formate to dihydrogen and carbon dioxide	hycE	ko:K12142,ko:K14090,ko:K15830	-
WP_129765654	G	Major Facilitator Superfamily	-	-	-
WP_129765655	C	One of at least two accessory proteins for anaerobic nitric oxide (NO) reductase. Reduces the rubredoxin moiety of NO reductase	norW	ko:K12265	ko05132,map05132
WP_129765657	S	Regulatory protein recX	recX	ko:K03565	-
WP_129765658	H	Belongs to the glutamate--cysteine ligase type 1 family. Type 1 subfamily	gshA	ko:K01919	ko00270,ko00480,ko01100,map00270,map00480,map01100
WP_129765659	F	Provides the precursors necessary for DNA synthesis. Catalyzes the biosynthesis of deoxyribonucleotides from the corresponding ribonucleotides	nrdE	ko:K00525	ko00230,ko00240,ko01100,map00230,map00240,map01100
WP_129765660	K	Transcriptional regulators containing a DNA-binding HTH domain and an aminotransferase domain (MocR family) and their eukaryotic orthologs	gabR_2	ko:K00375,ko:K05825	ko00300,ko01100,ko01130,ko01210,map00300,map01100,map01130,map01210
WP_129765661	U	L-alanine exporter AlaE	alaE	-	-
WP_129765662	K	transcriptional regulator	-	-	-
WP_129765663	NU	chaperone	-	ko:K07346	-
WP_129765664	IQ	Belongs to the short-chain dehydrogenases reductases (SDR) family	-	-	-
WP_129765665	G	Xylose isomerase	-	-	-
WP_129765666	O	Papain family cysteine protease	-	-	-
WP_129765667	K	Transcriptional regulator	-	ko:K18900	-
WP_129765668	L	May be involved in recombinational repair of damaged DNA	recN	ko:K03631	-
WP_129765669	C	Acyl-CoA synthetase (NDP forming)	yfiQ	ko:K09181	-
WP_129765670	S	DTW domain containing protein	yfiP	ko:K05812	-
WP_129765671	J	Belongs to the class IV-like SAM-binding methyltransferase superfamily. RNA methyltransferase TrmH family	yfiF	ko:K03214	-
WP_129765672	E	HAD superfamily (Subfamily IF) hydrolase, YfhB	yfhB	ko:K18697	ko00564,map00564
WP_129765673	F	Phosphoribosylformylglycinamidine synthase involved in the purines biosynthetic pathway. Catalyzes the ATP-dependent conversion of formylglycinamide ribonucleotide (FGAR) and glutamine to yield formylglycinamidine ribonucleotide (FGAM) and glutamate	purL	ko:K01952	ko00230,ko01100,ko01110,ko01130,map00230,map01100,map01110,map01130
WP_129765674	J	Catalyzes the formation of 2'O-methylated cytidine (Cm32) or 2'O-methylated uridine (Um32) at position 32 in tRNA	trmJ	ko:K02533,ko:K15396	-
WP_129765675	P	Large extracellular alpha-helical protein	yfhM	ko:K06894	-
WP_129765676	M	penicillin-binding protein 1C	pbpC	ko:K05367	ko00550,map00550
WP_129765677	L	Bidirectionally degrades single-stranded DNA into large acid-insoluble oligonucleotides, which are then degraded further into small acid-soluble oligonucleotides	xseA	ko:K03601	ko03430,map03430
WP_129765678	P	Major facilitator superfamily	-	-	-
WP_129765680	GK	ROK family	bglK	ko:K00845,ko:K00847,ko:K18673	ko00010,ko00051,ko00052,ko00500,ko00520,ko00521,ko00524,ko01100,ko01110,ko01120,ko01130,ko01200,map00010,map00051,map00052,map00500,map00520,map00521,map00524,map01100,map01110,map01120,map01130,map01200
WP_129765681	J	Catalyzes the formation of N(4)-acetylcytidine (ac(4)C) at the wobble position of tRNA(Met), by using acetyl-CoA as an acetyl donor and ATP (or GTP)	tmcA	ko:K06957	-
WP_129765682	E	Catalyzes the hydrolysis of N-succinyl-L,L- diaminopimelic acid (SDAP), forming succinate and LL-2,6- diaminoheptanedioate (DAP), an intermediate involved in the bacterial biosynthesis of lysine and meso-diaminopimelic acid, an essential component of bacterial cell walls	dapE	ko:K01439	ko00300,ko01100,ko01120,ko01230,map00300,map01100,map01120,map01230
WP_129765683	C	Aldehyde dehydrogenase	eutE	ko:K04021,ko:K13922	ko00620,ko00640,ko01100,ko01120,map00620,map00640,map01100,map01120
WP_129765684	E	ethanolamine utilization protein	eutA	ko:K04019	ko00564,ko01100,map00564,map01100
WP_129765685	E	Belongs to the EutC family	eutC	ko:K03736	ko00564,ko01100,map00564,map01100
WP_129765686	CQ	ethanolamine utilization protein	eutK	ko:K04025	-
WP_129765687	K	transcriptional regulator	eutR	ko:K04033	-
WP_129765688	T	MASE1	-	-	-
WP_129765689	P	ion-transport protein	yfeO	-	-
WP_129765690	G	Cupin 2, conserved barrel domain protein	-	-	-
WP_129765691	S	type VI secretion protein	-	ko:K11901	ko02025,map02025
WP_129765692	S	Type IV VI secretion system	-	ko:K11892	ko03070,map03070
WP_129765693	M	OmpA family	-	-	-
WP_129765694	S	protein conserved in bacteria	-	ko:K11904	ko03070,map03070
WP_129765695	S	protein conserved in bacteria	-	ko:K11904	ko03070,map03070
WP_129765696	S	-	-	-	-
WP_129765700	S	Type VI secretion	-	ko:K11896	-
WP_129765701	S	Uncharacterized protein conserved in bacteria (DUF2345)	-	ko:K11904	ko03070,map03070
WP_129765702	S	Rhs element vgr protein	-	-	-
WP_129765703	I	Catalyzes the final step of fatty acid oxidation in which acetyl-CoA is released and the CoA ester of a fatty acid two carbons shorter is formed	fadI	ko:K00632	ko00071,ko00280,ko00281,ko00362,ko00592,ko00642,ko01100,ko01110,ko01120,ko01130,ko01212,map00071,map00280,map00281,map00362,map00592,map00642,map01100,map01110,map01120,map01130,map01212
WP_129765704	S	protein conserved in bacteria	yfcM	ko:K09906	-
WP_129765705	J	Catalyzes the last two steps in the biosynthesis of 5- methylaminomethyl-2-thiouridine (mnm(5)s(2)U) at the wobble position (U34) in tRNA. Catalyzes the FAD-dependent demodification of cmnm(5)s(2)U34 to nm(5)s(2)U34, followed by the transfer of a methyl group from S-adenosyl-L-methionine to nm(5)s(2)U34, to form mnm(5)s(2)U34	mnmC	ko:K15461	-
WP_129765706	M	PFAM porin LamB type	bglH	ko:K10124	-
WP_129765707	E	Catalyzes the NADPH-dependent formation of L-aspartate- semialdehyde (L-ASA) by the reductive dephosphorylation of L- aspartyl-4-phosphate	usg	ko:K00133	ko00260,ko00261,ko00270,ko00300,ko01100,ko01110,ko01120,ko01130,ko01210,ko01230,map00260,map00261,map00270,map00300,map01100,map01110,map01120,map01130,map01210,map01230
WP_129765708	I	Pfam SNARE associated Golgi protein	dedA	ko:K03975	-
WP_129765709	H	Functions in two distinct reactions of the de novo folate biosynthetic pathway. Catalyzes the addition of a glutamate residue to dihydropteroate (7,8-dihydropteroate or H2Pte) to form dihydrofolate (7,8-dihydrofolate monoglutamate or H2Pte-Glu). Also catalyzes successive additions of L-glutamate to tetrahydrofolate or 10-formyltetrahydrofolate or 5,10-methylenetetrahydrofolate, leading to folylpolyglutamate derivatives	folC	ko:K11754	ko00790,ko01100,map00790,map01100
WP_129765710	CP	NADH ubiquinone	nuoL	ko:K00341	ko00190,ko01100,map00190,map01100
WP_129765711	H	Catalyzes the conversion of chorismate to isochorismate	menF	ko:K01851,ko:K02361,ko:K02552	ko00130,ko01053,ko01100,ko01110,ko01130,map00130,map01053,map01100,map01110,map01130
WP_129765712	H	Converts 2-succinyl-6-hydroxy-2,4-cyclohexadiene-1- carboxylate (SHCHC) to 2-succinylbenzoate (OSB)	menC	ko:K02549	ko00130,ko01100,ko01110,map00130,map01100,map01110
WP_129765714	C	Conversion of glycerol 3-phosphate to dihydroxyacetone. Uses fumarate or nitrate as electron acceptor	glpB	ko:K00112	ko00564,ko01110,map00564,map01110
WP_129765715	C	Belongs to the FAD-dependent glycerol-3-phosphate dehydrogenase family	glpA	ko:K00111	ko00564,ko01110,map00564,map01110
WP_129765716	C	glycerophosphoryl diester phosphodiesterase	glpQ	ko:K01126	ko00564,map00564
WP_129765717	T	Component of the Rcs signaling system, which controls transcription of numerous genes. RcsD is a phosphotransfer intermediate between the sensor kinase RcsC and the response regulator RcsB. It acquires a phosphoryl group from RcsC and transfers it to RcsB	rcsD	ko:K07676,ko:K07687	ko02020,ko02026,map02020,map02026
WP_129765718	H	Flavin transferase that catalyzes the transfer of the FMN moiety of FAD and its covalent binding to the hydroxyl group of a threonine residue in a target flavoprotein	apbE	ko:K03734	-
WP_129765719	FL	Involved in the cellular defense against the biological effects of O6-methylguanine (O6-MeG) and O4-methylthymine (O4-MeT) in DNA. Repairs the methylated nucleobase in DNA by stoichiometrically transferring the methyl group to a cysteine residue in the enzyme. This is a suicide reaction the enzyme is irreversibly inactivated	ada	ko:K00567,ko:K10778	-
WP_129765720	L	Alkylated DNA repair protein	alkB	ko:K03919	-
WP_129765721	E	Catalyzes the reduction of 1-pyrroline-5-carboxylate (PCA) to L-proline	-	ko:K00286	ko00330,ko01100,ko01110,ko01130,ko01230,map00330,map01100,map01110,map01130,map01230
WP_129765722	V	COG1680 Beta-lactamase class C and other penicillin binding proteins	nylB	-	-
WP_129765723	J	Belongs to the pseudouridine synthase RsuA family	rsuA	ko:K06183	-
WP_129765724	P	Belongs to the ABC transporter superfamily	yejF	ko:K02031,ko:K02032,ko:K13892,ko:K13896,ko:K19229,ko:K19230	ko01503,ko02010,ko02024,map01503,map02010,map02024
WP_129765725	G	Bifunctional PTS system fructose-specific transporter subunit IIA HPr protein	fruB	ko:K02768,ko:K11183	ko00051,ko01100,ko01120,ko02060,map00051,map01100,map01120,map02060
WP_129765726	MU	RND efflux system, outer membrane lipoprotein	mdtQ	ko:K15550	-
WP_129765727	J	Is required not only for elongation of protein synthesis but also for the initiation of all mRNA translation through initiator tRNA(fMet) aminoacylation	metG	ko:K01874	ko00450,ko00970,map00450,map00970
WP_129765728	D	Binds and transfers iron-sulfur (Fe-S) clusters to target apoproteins. Can hydrolyze ATP	mrp	ko:K03593	-
WP_129765729	F	adenine deaminase	ade	ko:K01486	ko00230,ko01100,map00230,map01100
WP_129765730	G	xylulose kinase	xylB	ko:K00854	ko00040,ko01100,map00040,map01100
WP_129765731	G	TIGRFAM HAD-superfamily hydrolase, subfamily IA, variant 3	-	-	-
WP_129765732	P	Binding-protein-dependent transport systems inner membrane component	-	ko:K02034	ko02024,map02024
WP_129765733	EP	(ABC) transporter	-	ko:K02032	ko02024,map02024
WP_129765734	V	Belongs to the resistance-nodulation-cell division (RND) (TC 2.A.6) family	mdtC	ko:K07789	ko02020,map02020
WP_129765735	I	COG0671 Membrane-associated phospholipid phosphatase	-	-	-
WP_129765736	M	transferase activity, transferring glycosyl groups	-	-	-
WP_129765737	M	glycosyl transferase group 1	-	-	-
WP_129765738	G	Glycosyl Transferase	wcaI	ko:K03208	-
WP_129765739	S	Polysaccharide biosynthesis protein	-	-	-
WP_129765742	M	glycosyl transferase group 1	wbdA1	-	-
WP_129765743	KT	transcriptional regulator	nifA	ko:K02584	ko02020,map02020
WP_129765744	O	peptidylprolyl isomerase	nifM	ko:K03769	-
WP_129765745	O	PFAM NifZ	nifZ	ko:K02597	-
WP_129765746	C	A scaffold on which IscS assembles Fe-S clusters. It is likely that Fe-S cluster coordination is flexible as the role of this complex is to build and then hand off Fe-S clusters	nifU	ko:K13819	-
WP_129765747	C	Belongs to the NifD NifK NifE NifN family	nifE	ko:K02587	-
WP_129765748	C	This molybdenum-iron protein is part of the nitrogenase complex that catalyzes the key enzymatic reactions in nitrogen fixation	nifK	ko:K02591	ko00625,ko00910,ko01100,ko01120,map00625,map00910,map01100,map01120
WP_129765749	C	Oxidoreductase required for the transfer of electrons from pyruvate to flavodoxin	nifJ	ko:K03737	ko00010,ko00020,ko00620,ko00650,ko00720,ko01100,ko01120,ko01130,ko01200,map00010,map00020,map00620,map00650,map00720,map01100,map01120,map01130,map01200
WP_129765750	K	transcriptional regulator	-	-	-
WP_129765751	S	MmgE PrpD family protein	-	-	-
WP_129765752	S	amidohydrolase	-	ko:K21613	-
WP_129765753	C	glycerol dehydrogenase	-	ko:K00005,ko:K00096,ko:K08317	ko00561,ko00564,ko00640,ko01100,map00561,map00564,map00640,map01100
WP_129765754	S	Metal-dependent phosphohydrolase	yedJ	ko:K06950	-
WP_129765755	L	The UvrABC repair system catalyzes the recognition and processing of DNA lesions. UvrC both incises the 5' and 3' sides of the lesion. The N-terminal half is responsible for the 3' incision and the C-terminal half is responsible for the 5' incision	uvrC	ko:K03703	ko03420,map03420
WP_129765756	S	Putative papain-like cysteine peptidase (DUF1796)	-	-	-
WP_129765757	EM	Belongs to the DapA family	-	ko:K01714	ko00261,ko00300,ko01100,ko01110,ko01120,ko01130,ko01230,map00261,map00300,map01100,map01110,map01120,map01130,map01230
WP_129765758	J	Arginyl-tRNA synthetase	argS	ko:K01887	ko00970,map00970
WP_129765759	K	Transcriptional Regulatory protein	dcuR	ko:K02475,ko:K07703,ko:K11615	ko02020,map02020
WP_129765760	KL	helicase	yoaA	ko:K03722	-
WP_129765761	E	Oxidative deamination of D-amino acids	dadA	ko:K00285	ko00360,map00360
WP_129765763	P	Receptor	foxA	ko:K02014	-
WP_129765764	S	Circularly permuted ATP-grasp type 2	IV02_06045	-	-
WP_129765766	M	Periplasmic glycine betaine choline-binding (lipo)protein of an ABC-type transport system (osmoprotectant binding protein)	opuBC_2	ko:K05845	ko02010,map02010
WP_129765767	F	Catalyzes the formation of acetyl phosphate from acetate and ATP. Can also catalyze the reverse reaction	ackA	ko:K00925,ko:K00932	ko00430,ko00620,ko00640,ko00680,ko00720,ko01100,ko01120,ko01200,map00430,map00620,map00640,map00680,map00720,map01100,map01120,map01200
WP_129765768	C	formate acetyltransferase	tdcE	ko:K00656	ko00620,ko00640,ko00650,ko01100,ko01120,map00620,map00640,map00650,map01100,map01120
WP_129765769	E	Part of the ABC transporter complexes LivFGHMJ and LivFGHMK involved in the high-affinity transport of branched-chain amino acids	livG	ko:K01995	ko02010,ko02024,map02010,map02024
WP_129765770	K	COG0454 Histone acetyltransferase HPA2 and related acetyltransferases	-	ko:K00657	ko00330,ko01100,ko04216,map00330,map01100,map04216
WP_129765771	S	type VI secretion protein	-	ko:K11893	ko02025,map02025
WP_129765772	M	Belongs to the ompA family	-	-	-
WP_129765773	S	Uncharacterized protein conserved in bacteria (DUF2345)	-	ko:K11904	ko03070,map03070
WP_129765774	I	phospholipase d transphosphatidylase	-	-	-
WP_129765775	S	Sel1-like repeats.	-	-	-
WP_129765776	N	type VI secretion protein	-	ko:K11891	ko02025,ko03070,map02025,map03070
WP_129765777	S	Type VI secretion	vasA	ko:K11896	-
WP_129765778	S	Type VI secretion lipoprotein, VasD, EvfM, TssJ, VC_A0113	-	ko:K11906	ko03070,map03070
WP_129765779	S	Type VI secretion system	-	ko:K11905	-
WP_129765781	G	ABC-type sugar transport system periplasmic component	-	ko:K10439,ko:K17213	ko02010,ko02030,map02010,map02030
WP_129765782	P	COG0659 Sulfate permease and related transporters (MFS superfamily)	ychM	ko:K03321	-
WP_129765784	P	COG0715 ABC-type nitrate sulfonate bicarbonate transport systems periplasmic components	nasS	ko:K15576,ko:K22067	ko00910,ko02010,map00910,map02010
WP_129765785	C	Belongs to the nitrite and sulfite reductase 4Fe-4S domain family	nirB	ko:K00362	ko00910,ko01120,map00910,map01120
WP_129765786	C	Catalytic subunit of the nitrate reductase (NAP). Only expressed at high levels during aerobic growth. NapAB complex receives electrons from the membrane-anchored tetraheme protein NapC. Essential function for nitrate assimilation and may have a role in anaerobic metabolism	nasA	ko:K00372	ko00910,ko01120,map00910,map01120
WP_129765787	T	Histidine kinase	narX	ko:K07673	ko02020,map02020
WP_129765788	C	Belongs to the prokaryotic molybdopterin-containing oxidoreductase family	narG	ko:K00370	ko00910,ko01120,ko02020,map00910,map01120,map02020
WP_129765789	K	AsnC family transcriptional regulator	lrpC	ko:K03719	-
WP_129765790	S	Belongs to the UPF0312 family	yceI	-	-
WP_129765791	G	Dehydrogenase	quiA	ko:K00117,ko:K05358	ko00030,ko00400,ko01100,ko01110,ko01130,map00030,map00400,map01100,map01110,map01130
WP_129765792	U	Interacts with outer membrane receptor proteins that carry out high-affinity binding and energy dependent uptake into the periplasmic space of specific substrates. It could act to transduce energy from the cytoplasmic membrane to specific energy- requiring processes in the outer membrane, resulting in the release into the periplasm of ligands bound by these outer membrane proteins	tonB	ko:K03832	-
WP_129765793	J	Catalyzes the attachment of threonine to tRNA(Thr) in a two-step reaction L-threonine is first activated by ATP to form Thr-AMP and then transferred to the acceptor end of tRNA(Thr)	thrS	ko:K01868	ko00970,map00970
WP_129765794	P	Part of the ABC transporter complex BtuCDF involved in vitamin B12 import. Responsible for energy coupling to the transport system	btuD	ko:K06074	ko02010,map02010
WP_129765795	S	Belongs to the UPF0061 (SELO) family	ydiU	ko:K08997	-
WP_129765796	H	Catalyzes the phosphorylation of pyruvate to phosphoenolpyruvate	ppsA	ko:K01007	ko00620,ko00680,ko00720,ko01100,ko01120,ko01200,map00620,map00680,map00720,map01100,map01120,map01200
WP_129765797	P	periplasmic binding protein	-	ko:K02016	ko02010,map02010
WP_129765798	S	Catalyzes the non-heme iron(II)-dependent oxidative cleavage of 2,3-dihydroxyphenylpropionic acid and 2,3- dihydroxicinnamic acid into 2-hydroxy-6-ketononadienedioate and 2- hydroxy-6-ketononatrienedioate, respectively	mhpB	ko:K04099,ko:K05713	ko00360,ko00627,ko01120,ko01220,map00360,map00627,map01120,map01220
WP_129765799	I	Alpha/beta hydrolase family	mhpC	ko:K05714	ko00360,ko01120,ko01220,map00360,map01120,map01220
WP_129765800	S	Multi-copper polyphenol oxidoreductase laccase	-	ko:K05810	-
WP_129765801	P	sulfurtransferase	-	-	-
WP_129765802	K	Transcriptional regulator	-	-	-
WP_129765804	P	ABC-type nitrate sulfonate bicarbonate transport	-	ko:K02051	-
WP_129765805	P	(ABC) transporter	-	ko:K02049	-
WP_129765806	P	Belongs to the binding-protein-dependent transport system permease family. FecCD subfamily	-	ko:K02015	ko02010,map02010
WP_129765807	EGP	Transmembrane secretion effector	-	-	-
WP_129765808	C	Belongs to the prokaryotic molybdopterin-containing oxidoreductase family	fdsA	ko:K00123,ko:K22015	ko00630,ko00680,ko01100,ko01120,ko01200,map00630,map00680,map01100,map01120,map01200
WP_129765809	C	Belongs to the LDH2 MDH2 oxidoreductase family	ybiC	ko:K13574	-
WP_129765810	O	cytochrome complex assembly	ccmI	ko:K02198,ko:K02200	-
WP_129765812	K	HxlR-like helix-turn-helix	-	-	-
WP_129765813	P	Chromate	chrA	ko:K07240	-
WP_129765814	M	CHAP domain	-	-	-
WP_129765815	P	ABC-type nitrate sulfonate bicarbonate transport system permease component	-	ko:K02050	-
WP_129765816	P	ABC-type nitrate sulfonate bicarbonate transport system, ATPase component	-	ko:K02049	-
WP_129765817	P	COG0715 ABC-type nitrate sulfonate bicarbonate transport systems, periplasmic components	-	ko:K02051	-
WP_129765818	C	Belongs to the iron ascorbate-dependent oxidoreductase family	-	-	-
WP_129765819	K	transcriptional regulator	-	-	-
WP_129765820	EGP	Permeases of the major facilitator superfamily	-	-	-
WP_129765821	S	DinB family	-	-	-
WP_129765822	P	ABC-type dipeptide oligopeptide nickel transport systems, permease components	-	ko:K02034	ko02024,map02024
WP_129765823	P	ABC-type metal ion transport system permease component	-	ko:K02072	ko02010,map02010
WP_129765824	V	This enzyme is an effector of chloramphenicol resistance in bacteria	cat	ko:K19271	-
WP_129765825	S	Beta-lactamase	ytnP	-	-
WP_129765828	T	Diguanylate cyclase	-	-	-
WP_129765829	S	oxidoreductase	ydgJ	ko:K16044	ko00562,ko01120,map00562,map01120
WP_129765831	C	oxidase subunit	cioB	ko:K00426	ko00190,ko01100,ko02020,map00190,map01100,map02020
WP_129765832	K	Transcriptional regulators containing a DNA-binding HTH domain and an aminotransferase domain (MocR family) and their eukaryotic orthologs	ydcR	-	-
WP_129765833	P	Part of the ABC transporter complex PotABCD involved in spermidine putrescine import. Responsible for energy coupling to the transport system	ydcT	ko:K02052,ko:K11072,ko:K11076	ko02010,ko02024,map02010,map02024
WP_129765834	S	membrane	ydcZ	ko:K09936	ko02024,map02024
WP_129765835	S	Protein of unknown function (DUF406)	yiiS	-	-
WP_129765836	E	Catalyzes the stereoinversion of LL-2,6- diaminoheptanedioate (L,L-DAP) to meso-diaminoheptanedioate (meso- DAP), a precursor of L-lysine and an essential component of the bacterial peptidoglycan	-	ko:K01778	ko00300,ko01100,ko01110,ko01120,ko01130,ko01230,map00300,map01100,map01110,map01120,map01130,map01230
WP_129765837	G	COG2211 Na melibiose symporter and related transporters	-	ko:K03292,ko:K11104	-
WP_129765838	Q	Belongs to the arylamine N-acetyltransferase family	nhoA	ko:K00675	-
WP_129765840	Q	catechol 1,2-dioxygenase	catA	ko:K03381	ko00361,ko00362,ko00364,ko00623,ko01100,ko01120,ko01220,map00361,map00362,map00364,map00623,map01100,map01120,map01220
WP_129765841	P	COG4638 Phenylpropionate dioxygenase and related ring-hydroxylating dioxygenases, large terminal subunit	benA	ko:K05549	ko00362,ko00364,ko00622,ko01100,ko01120,ko01220,map00362,map00364,map00622,map01100,map01120,map01220
WP_129765843	P	Belongs to the ABC transporter superfamily	dppF	ko:K02031,ko:K02032,ko:K13892,ko:K13896,ko:K19229,ko:K19230	ko01503,ko02010,ko02024,map01503,map02010,map02024
WP_129765844	S	ABC transporter	yheS_2	-	-
WP_129765846	S	-	-	-	-
WP_129765847	G	COG0366 Glycosidases	-	ko:K05343	ko00500,ko01100,map00500,map01100
WP_129765848	M	protein conserved in bacteria	-	-	-
WP_129765849	O	Belongs to the peptidase M16 family	pqqF	-	-
WP_129765850	S	With PqqC converts a biosynthetic intermediate to pyrroloquinoline quinone	pqqD	ko:K06138	-
WP_129765851	CO	May be involved in the transport of PQQ or its precursor to the periplasm	pqqB	ko:K06136	-
WP_129765852	K	Response regulators consisting of a CheY-like receiver domain and a winged-helix DNA-binding domain	ompR	ko:K02483	-
WP_129765853	T	HAMP (Histidine kinases, Adenylyl cyclases, Methyl binding proteins, Phosphatases) domain	-	-	-
WP_129765854	CO	cytochrome c biogenesis protein	dipZ	-	-
WP_129765855	K	Catalyzes an amino-pyrimidine hydrolysis reaction at the C5' of the pyrimidine moiety of thiamine compounds, a reaction that is part of a thiamine salvage pathway	tenA	ko:K03707	ko00730,ko01100,map00730,map01100
WP_129765856	K	Transcriptional regulator, LacI family	-	ko:K02529	-
WP_129765857	K	Transcriptional regulator	-	-	-
WP_129765858	G	Phosphotransferase System	cmtB	ko:K02821	ko00053,ko01100,ko01120,ko02060,map00053,map01100,map01120,map02060
WP_129765859	G	PTS IIA-like nitrogen-regulatory protein PtsN	fruA_2	ko:K02768	ko00051,ko01100,ko01120,ko02060,map00051,map01100,map01120,map02060
WP_129765860	E	threonine efflux protein	yrhP	-	-
WP_129765861	EGP	arabinose efflux permease	-	-	-
WP_129765862	K	transcriptional regulator	-	-	-
WP_129765863	E	Acetylornithine deacetylase	-	ko:K01439	ko00300,ko01100,ko01120,ko01230,map00300,map01100,map01120,map01230
WP_129765864	G	ABC transporter substrate-binding protein	-	ko:K10439	ko02010,ko02030,map02010,map02030
WP_129765865	E	ABC transporter substrate-binding protein	-	ko:K02035	ko02024,map02024
WP_129765866	M	Belongs to the membrane fusion protein (MFP) (TC 8.A.1) family	-	-	-
WP_129765867	V	Belongs to the resistance-nodulation-cell division (RND) (TC 2.A.6) family	-	ko:K18138,ko:K18303	ko01501,ko01503,map01501,map01503
WP_129765868	G	phosphoglycerate mutase	-	-	-
WP_129765869	I	Serine aminopeptidase, S33	-	-	-
WP_129765870	K	transcriptional regulator	-	-	-
WP_129765871	T	Diguanylate cyclase	-	-	-
WP_129765872	V	This protein has no known enzymatic function	-	-	-
WP_129765873	NU	Usher protein	-	ko:K07347	ko05133,map05133
WP_129765874	P	Belongs to the transthyretin family. 5-hydroxyisourate hydrolase subfamily	uraH	ko:K07127	ko00230,ko01100,ko01120,map00230,map01100,map01120
WP_129765875	F	xanthine	xanQ	ko:K03458,ko:K16345,ko:K16346	-
WP_129765876	EGP	MFS-type transporter	-	-	-
WP_129765877	S	-	-	-	-
WP_129765878	S	Catalyzes the S-adenosylmethionine monomethyl esterification of trans-aconitate	tam	ko:K00598	-
WP_129765879	S	tautomerase	-	-	-
WP_129765880	K	COG0454 Histone acetyltransferase HPA2 and related acetyltransferases	ysnE	ko:K03829	-
WP_129765881	H	Catalyzes the NAD(P)-dependent oxidation of 4- (phosphohydroxy)-L-threonine (HTP) into 2-amino-3-oxo-4- (phosphohydroxy)butyric acid which spontaneously decarboxylates to form 3-amino-2-oxopropyl phosphate (AHAP)	pdxA2	ko:K22024	-
WP_129765882	CH	Belongs to the D-isomer specific 2-hydroxyacid dehydrogenase family	-	ko:K00058	ko00260,ko00680,ko01100,ko01120,ko01130,ko01200,ko01230,map00260,map00680,map01100,map01120,map01130,map01200,map01230
WP_129765883	G	transporter	garP	ko:K03535,ko:K08194	-
WP_129765884	E	Belongs to the binding-protein-dependent transport system permease family	urtB	ko:K11960	ko02010,map02010
WP_129765886	K	binds specific sites in lac operon resulting in DNA looping between the operators	lacI	-	-
WP_129765887	V	Beta-lactamase	-	ko:K17836,ko:K18698,ko:K18699,ko:K18795,ko:K19217	ko00311,ko01130,ko01501,map00311,map01130,map01501
WP_129765888	S	protein conserved in bacteria	ygbK	ko:K21948,ko:K22129	-
WP_129765889	G	Aldolase	ygbL	ko:K22130	-
WP_129765890	G	Belongs to the hyi family	ygbM	ko:K22131	-
WP_129765891	K	transcriptional regulator	ykgA	-	-
WP_129765892	T	EAL domain	-	ko:K21973	-
WP_129765893	S	Competence-damaged protein	ydeJ	-	-
WP_129765894	K	LuxR family transcriptional regulator	-	-	-
WP_129765895	EH	Belongs to the TPP enzyme family	mdlC	ko:K01576	ko00627,ko01120,map00627,map01120
WP_129765896	E	PFAM peptidase M3A and M3B, thimet oligopeptidase F	dcp	ko:K01284	-
WP_129765897	G	Major facilitator superfamily	yjjL	-	-
WP_129765898	S	Dimethyl sulfoxide reductase	dmsC	ko:K07308,ko:K07312	ko00920,map00920
WP_129765899	K	transcriptional regulator	ynfL	-	-
WP_129765900	T	Diguanylate cyclase	-	-	-
WP_129765901	T	permease	tqsA	ko:K11744	-
WP_129765902	H	Transfers 2'-(5-triphosphoribosyl)-3'-dephosphocoenzyme- A to the apo- acyl-carrier-protein of the malonate decarboxylase to yield holo- acyl-carrier-protein	mdcG	ko:K13934	-
WP_129765903	C	Catalyzes the reversible hydration of fumarate to (S)- malate	fumB	ko:K01676	ko00020,ko00620,ko00720,ko01100,ko01110,ko01120,ko01130,ko01200,map00020,map00620,map00720,map01100,map01110,map01120,map01130,map01200
WP_129765904	F	3-carboxy-cis,cis-muconate cycloisomerase	pcaB	ko:K01857	ko00362,ko01100,ko01120,ko01220,map00362,map01100,map01120,map01220
WP_129765905	S	amidohydrolase	abgB	ko:K12941	-
WP_129765906	S	-	-	-	-
WP_129765907	IQ	Enoyl-(Acyl carrier protein) reductase	-	-	-
WP_129765908	E	Bifunctional PLP-dependent enzyme with beta-cystathionase and maltose regulon repressor activities	malY	ko:K14155	ko00270,ko00450,ko01100,ko01110,ko01230,map00270,map00450,map01100,map01110,map01230
WP_129765910	G	Belongs to the glyceraldehyde-3-phosphate dehydrogenase family	gapC	ko:K00134	ko00010,ko00710,ko01100,ko01110,ko01120,ko01130,ko01200,ko01230,ko04066,ko05010,map00010,map00710,map01100,map01110,map01120,map01130,map01200,map01230,map04066,map05010
WP_129765911	S	DUF218 domain	ydcF	-	-
WP_129765912	E	Catalyzes the hydrolysis of N(2)-succinylarginine into N(2)-succinylornithine, ammonia and CO(2)	astB	ko:K01484	ko00330,ko01100,map00330,map01100
WP_129765914	I	Catalyzes the final step of fatty acid oxidation in which acetyl-CoA is released and the CoA ester of a fatty acid two carbons shorter is formed	-	ko:K00626	ko00071,ko00072,ko00280,ko00310,ko00362,ko00380,ko00620,ko00630,ko00640,ko00650,ko00720,ko00900,ko01100,ko01110,ko01120,ko01130,ko01200,ko01212,ko02020,map00071,map00072,map00280,map00310,map00362,map00380,map00620,map00630,map00640,map00650,map00720,map00900,map01100,map01110,map01120,map01130,map01200,map01212,map02020
WP_129765915	I	Catalyzes the final step of fatty acid oxidation in which acetyl-CoA is released and the CoA ester of a fatty acid two carbons shorter is formed	paaJ	ko:K00626,ko:K00632,ko:K02615	ko00071,ko00072,ko00280,ko00281,ko00310,ko00360,ko00362,ko00380,ko00592,ko00620,ko00630,ko00640,ko00642,ko00650,ko00720,ko00900,ko01100,ko01110,ko01120,ko01130,ko01200,ko01212,ko02020,map00071,map00072,map00280,map00281,map00310,map00360,map00362,map00380,map00592,map00620,map00630,map00640,map00642,map00650,map00720,map00900,map01100,map01110,map01120,map01130,map01200,map01212,map02020
WP_129765916	I	3-hydroxyacyl-coa dehydrogenase	paaH	ko:K00074	ko00360,ko00362,ko00650,ko01100,ko01120,map00360,map00362,map00650,map01100,map01120
WP_129765917	S	Phenylacetate-CoA oxygenase, PaaI subunit	paaC	ko:K02611	ko00360,ko01120,map00360,map01120
WP_129765919	CI	Aldehyde dehydrogenase	paaN	ko:K02618	ko00360,ko01120,map00360,map01120
WP_129765920	Q	amine oxidase	tynA	ko:K00276	ko00260,ko00350,ko00360,ko00410,ko00950,ko00960,ko01100,ko01110,map00260,map00350,map00360,map00410,map00950,map00960,map01100,map01110
WP_129765921	Q	Protein involved in biosynthesis of mitomycin antibiotics polyketide fumonisin	ectD	ko:K10674	ko00260,ko01120,map00260,map01120
WP_129765922	S	protein conserved in bacteria	ydbL	ko:K09978	-
WP_129765923	M	Belongs to the Gram-negative porin family	ompN	ko:K09475,ko:K09476,ko:K11929,ko:K14062	ko01501,ko02020,map01501,map02020
WP_129765924	C	COG0604 NADPH quinone reductase and related Zn-dependent oxidoreductases	-	ko:K00344	-
WP_129765925	GM	NmrA-like family	-	-	-
WP_129765926	S	Type VI secretion	-	ko:K11906	ko03070,map03070
WP_129765927	S	type VI secretion-associated protein	-	ko:K11910	-
WP_129765928	N	type VI secretion protein	-	ko:K11891	ko02025,ko03070,map02025,map03070
WP_129765929	S	-	-	-	-
WP_129765930	S	Uncharacterized alpha/beta hydrolase domain (DUF2235)	-	-	-
WP_129765932	O	Belongs to the ClpA ClpB family	clpV	ko:K11907	ko02025,ko03070,map02025,map03070
WP_129765933	M	Belongs to the ompA family	-	-	-
WP_129765934	S	Type IV VI secretion system	-	ko:K11892	ko03070,map03070
WP_129765935	M	Cellulose synthase	-	ko:K00694	ko00500,ko01100,ko02026,map00500,map01100,map02026
WP_129765936	NU	Protein of unknown function (DUF3131)	-	-	-
WP_129765937	T	Histidine kinase	-	-	-
WP_129765938	S	reductase	-	ko:K17743	ko00040,ko01100,map00040,map01100
WP_129765939	S	Hydrolases of the alpha beta superfamily	-	ko:K06889	-
WP_129765940	ET	amino acid transport	-	ko:K01713,ko:K02030,ko:K02424	ko00400,ko01100,ko01110,ko01130,ko01230,ko02010,map00400,map01100,map01110,map01130,map01230,map02010
WP_129765941	M	Belongs to the mandelate racemase muconate lactonizing enzyme family	ycjG	ko:K01856,ko:K19802	ko00361,ko00362,ko00364,ko00623,ko01100,ko01120,ko01220,map00361,map00362,map00364,map00623,map01100,map01120,map01220
WP_129765942	S	COG3106 Predicted ATPase	ycjX	ko:K06918	-
WP_129765943	K	helix_turn_helix, arabinose operon control protein	-	-	-
WP_129765944	E	ABC transporter substrate-binding protein	sapA	ko:K19226	ko01503,ko02010,map01503,map02010
WP_129765945	G	Cellobiose phosphorylase	ndvB	ko:K00702,ko:K18675	ko00500,ko00520,ko01100,map00500,map00520,map01100
WP_129765946	S	cellulase activity	-	-	-
WP_129765947	S	Domain of unknown function (DUF1833)	-	-	-
WP_129765948	S	-	-	-	-
WP_129765950	N	domain, Protein	-	-	-
WP_129765951	S	Bacteriophage related domain of unknown function	-	-	-
WP_129765952	S	-	-	-	-
WP_129765953	S	-	-	-	-
WP_129765954	S	-	-	-	-
WP_129765955	S	-	-	-	-
WP_129765956	S	Head morphogenesis protein	-	-	-
WP_129765957	S	Domain of unknown function (DUF4055)	-	-	-
WP_129765958	NT	Terminase-like family	-	-	-
WP_129765959	L	terminase small subunit	-	-	-
WP_129765960	S	-	-	-	-
WP_129765961	S	-	-	-	-
WP_129765962	S	secretion activating protein	-	-	-
WP_129765964	S	damage-inducible protein I	dinI	ko:K12149	-
WP_129765965	S	Region found in RelA / SpoT proteins	-	-	-
WP_129765966	D	Anion-transporting ATPase	-	-	-
WP_129765967	S	-	-	-	-
WP_129765968	GK	Bacterial protein of unknown function (DUF977)	-	-	-
WP_129765969	S	IstB-like ATP binding protein	-	-	-
WP_129765970	S	Putative bacterial toxin ydaT	-	-	-
WP_129765972	S	Protein of unknown function (DUF1482)	-	-	-
WP_129765973	L	Enterobacterial exodeoxyribonuclease VIII	recE	ko:K10906	-
WP_129765974	S	RecT family	STY2074	-	-
WP_129765976	E	histidine ammonia-lyase	hutH1	ko:K01745	ko00340,ko01100,map00340,map01100
WP_129765977	ET	extracellular solute-binding protein, family 3	nocT	ko:K10018	ko02010,map02010
WP_129765978	E	The beta subunit is responsible for the synthesis of L- tryptophan from indole and L-serine	trpB	ko:K01696	ko00260,ko00400,ko01100,ko01110,ko01130,ko01230,map00260,map00400,map01100,map01110,map01130,map01230
WP_129765979	CE	Tartrate dehydrogenase	tdh	ko:K07246	ko00630,ko00650,map00630,map00650
WP_129765980	K	Transcriptional	-	-	-
WP_129765982	E	aminotransferase	argD	ko:K00821,ko:K00840	ko00220,ko00300,ko00330,ko01100,ko01110,ko01120,ko01130,ko01210,ko01230,map00220,map00300,map00330,map01100,map01110,map01120,map01130,map01210,map01230
WP_129765983	S	transport system periplasmic component	ynjB	ko:K05777	-
WP_129765984	M	sulfurtransferase	ynjE	ko:K21028	ko04122,map04122
WP_129765985	S	-	-	-	-
WP_129765986	K	Transcriptional regulator	-	-	-
WP_129765987	GM	epimerase dehydratase	-	-	-
WP_129765988	S	Acyl-coenzyme A:6-aminopenicillanic acid acyl-transferase	-	-	-
WP_129765989	M	mandelate racemase muconate lactonizing	-	ko:K19802	-
WP_129765991	T	metal-dependent phosphohydrolase, HD	-	-	-
WP_129765992	K	transcriptional regulator	-	-	-
WP_129765993	NPTU	COG3678 P pilus assembly Cpx signaling pathway, periplasmic inhibitor zinc-resistance associated protein	-	-	-
WP_129765994	S	Fusaric acid resistance protein	aaeB	-	-
WP_129765995	C	oxidase, subunit	cioA	ko:K00425	ko00190,ko01100,ko02020,map00190,map01100,map02020
WP_129765996	K	transcriptional regulator	ydfF	-	-
WP_129765997	L	Belongs to the Nudix hydrolase family. NudJ subfamily	nudJ	ko:K12152	-
WP_129765998	J	Catalyzes the 2-thiolation of uridine at the wobble position (U34) of tRNA, leading to the formation of s(2)U34	mnmA	ko:K00566	ko04122,map04122
WP_129765999	S	Cupin 4 family protein	ycfD	ko:K18850	-
WP_129766000	IQ	COG0318 Acyl-CoA synthetases (AMP-forming) AMP-acid ligases II	-	ko:K20034	ko00920,map00920
WP_129766001	L	Couples transcription and DNA repair by recognizing RNA polymerase (RNAP) stalled at DNA lesions. Mediates ATP-dependent release of RNAP and its truncated transcript from the DNA, and recruitment of nucleotide excision repair machinery to the damaged site	mfd	ko:K03723	ko03420,map03420
WP_129766003	J	Endoribonuclease that plays a central role in RNA processing and decay. Required for the maturation of 5S and 16S rRNAs and the majority of tRNAs. Also involved in the degradation of most mRNAs	rne	ko:K08300	ko03018,map03018
WP_129766004	S	Belongs to the UPF0176 family	yceA	ko:K07146	-
WP_129766005	S	Protein of unknown function (DUF1097)	ycdZ	-	-
WP_129766006	C	Oxidizes proline to glutamate for use as a carbon and nitrogen source	putA	ko:K13821	ko00250,ko00330,ko01100,ko01110,ko01130,map00250,map00330,map01100,map01110,map01130
WP_129766007	Q	In vivo, quickly hydrolyzes the ureidoacrylate peracid to avoid toxicity, but can also hydrolyzes ureidoacrylate that is formed spontaneously from ureidoacrylate peracid. One of the products of hydrolysis, carbamate, hydrolyzes spontaneously, thereby releasing one of the pyrimidine rings nitrogen atoms as ammonia and one of its carbons as CO2	rutB	ko:K09020	ko00240,ko01100,map00240,map01100
WP_129766008	C	May reduce toxic product malonic semialdehyde to 3- hydroxypropionic acid, which is excreted	rutE	ko:K09019	ko00240,ko01100,map00240,map01100
WP_129766009	E	oxidoreductase	puuB	ko:K09471	ko00330,ko01100,map00330,map01100
WP_129766010	P	COG4638 Phenylpropionate dioxygenase and related ring-hydroxylating dioxygenases, large terminal subunit	yeaW	ko:K00499,ko:K22443	ko00260,map00260
WP_129766011	C	belongs to the aldehyde dehydrogenase family	gabD	ko:K00135	ko00250,ko00310,ko00350,ko00650,ko00760,ko01100,ko01120,map00250,map00310,map00350,map00650,map00760,map01100,map01120
WP_129766012	C	Flavodoxin reductases (Ferredoxin-NADPH reductases) family 1	yeaX	ko:K07006,ko:K22444	-
WP_129766013	G	General (non sugar-specific) component of the phosphoenolpyruvate-dependent sugar phosphotransferase system (sugar PTS). This major carbohydrate active-transport system catalyzes the phosphorylation of incoming sugar substrates concomitantly with their translocation across the cell membrane. Enzyme I transfers the phosphoryl group from phosphoenolpyruvate (PEP) to the phosphoryl carrier protein (HPr)	ptsA	ko:K08483,ko:K11189,ko:K11201	ko02060,map02060
WP_129766014	Q	Protein involved in biosynthesis of mitomycin antibiotics polyketide fumonisin	-	-	-
WP_129766015	P	Part of the ABC transporter complex FbpABC involved in Fe(3 ) ions import. Responsible for energy coupling to the transport system	fbpC	ko:K02010	ko02010,map02010
WP_129766016	K	transcriptional regulator	ybcM	-	-
WP_129766017	L	DNA helicase	helD	ko:K03658	-
WP_129766018	C	Mosc domain protein beta barrel domain protein	ycbX	ko:K07140	-
WP_129766019	D	Involved in chromosome condensation, segregation and cell cycle progression. May participate in facilitating chromosome segregation by condensation DNA from both sides of a centrally located replisome during cell division. Not required for mini-F plasmid partitioning. Probably acts via its interaction with MukB and MukE. Overexpression results in anucleate cells. It has a calcium binding activity	mukF	ko:K03633	-
WP_129766020	C	reductase chain B	dmsB	ko:K07307	ko00920,map00920
WP_129766021	C	Belongs to the prokaryotic molybdopterin-containing oxidoreductase family	dmsA	ko:K07306,ko:K07309,ko:K08351	ko00450,ko00780,ko00920,ko01100,map00450,map00780,map00920,map01100
WP_129766022	D	COG1674 DNA segregation ATPase FtsK SpoIIIE and related proteins	ftsK	ko:K03466	-
WP_129766023	O	Functions in the N-end rule pathway of protein degradation where it conjugates Leu, Phe and, less efficiently, Met from aminoacyl-tRNAs to the N-termini of proteins containing an N-terminal arginine or lysine	aat	ko:K00684	-
WP_129766024	S	Involved in the modulation of the specificity of the ClpAP-mediated ATP-dependent protein degradation	clpS	ko:K06891	-
WP_129766025	C	oxidoreductase	hcr	ko:K11933	-
WP_129766026	K	transcriptional regulator	ybjK	-	-
WP_129766027	C	Glycine radical enzyme that catalyzes the cleavage of a C-N bond in choline, producing trimethylamine (TMA) and acetaldehyde	ybiW	ko:K00656	ko00620,ko00640,ko00650,ko01100,ko01120,map00620,map00640,map00650,map01100,map01120
WP_129766028	G	Major facilitator superfamily	exuT_1	ko:K07783,ko:K08191	ko02020,map02020
WP_129766029	G	Belongs to the glycosyl hydrolase 31 family	yicI	ko:K01187	ko00052,ko00500,ko01100,map00052,map00500,map01100
WP_129766030	G	Belongs to the glycosyl hydrolase 1 family	-	ko:K01223,ko:K05350	ko00010,ko00460,ko00500,ko00940,ko01100,ko01110,map00010,map00460,map00500,map00940,map01100,map01110
WP_129766031	C	Aldo Keto reductase	-	-	-
WP_129766032	IQ	COG1028 Dehydrogenases with different specificities (related to short-chain alcohol dehydrogenases)	IV02_09705	-	-
WP_129766033	V	(ABC) transporter	ybhF	ko:K01990	-
WP_129766034	V	Transport Permease Protein	ybhR	ko:K01992	-
WP_129766036	H	Catalyzes the decarboxylative condensation of pimeloyl- acyl-carrier protein and L-alanine to produce 8-amino-7- oxononanoate (AON), acyl-carrier protein , and carbon dioxide	bioF	ko:K00652	ko00780,ko01100,map00780,map01100
WP_129766037	V	Belongs to the resistance-nodulation-cell division (RND) (TC 2.A.6) family	czcA	ko:K18138	ko01501,ko01503,map01501,map01503
WP_129766039	H	Transcriptional regulator	modE	ko:K02019	-
WP_129766040	P	cation diffusion facilitator family transporter	zitB	ko:K16264	-
WP_129766041	D	Mediates coordination of peptidoglycan synthesis and outer membrane constriction during cell division	cpoB	-	-
WP_129766042	M	Membrane protein involved in colicin uptake	tolA	ko:K03646	-
WP_129766043	L	Involved in base excision repair of DNA damaged by oxidation or by mutagenic agents. Acts as DNA glycosylase that recognizes and removes damaged bases. Has a preference for oxidized pyrimidines, such as thymine glycol, 5,6-dihydrouracil and 5,6-dihydrothymine. Has AP (apurinic apyrimidinic) lyase activity and introduces nicks in the DNA strand. Cleaves the DNA backbone by beta-delta elimination to generate a single-strand break at the site of the removed base with both 3'- and 5'- phosphates	nei	ko:K05522	ko03410,map03410
WP_129766044	L	Belongs to the DNA photolyase family	phrB	ko:K01669	-
WP_129766045	S	CopG domain protein DNA-binding domain protein	ybfE	-	-
WP_129766046	C	With CitA (TcuA) catalyzes the oxidation of tricarballylate to cis-aconitate	tcuB	ko:K13795	-
WP_129766047	EGP	Is involved in the uptake of citrate and the transport of protons into the cell	citA	ko:K03288	-
WP_129766048	E	asparagine synthase, glutamine-hydrolyzing	asnB	ko:K01953	ko00250,ko01100,ko01110,map00250,map01100,map01110
WP_129766049	CH	ubiquinone biosynthesis hydroxylase, UbiH UbiF VisC COQ6	ubiF	ko:K03184	ko00130,ko01100,ko01110,map00130,map01100,map01110
WP_129766050	U	Hemolysin activation secretion protein	-	-	-
WP_129766051	U	Large exoproteins involved in heme utilization or adhesion	-	-	-
WP_129766054	EH	Belongs to the D-isomer specific 2-hydroxyacid dehydrogenase family	-	ko:K00058,ko:K16843	ko00260,ko00270,ko00680,ko01100,ko01120,ko01130,ko01200,ko01230,map00260,map00270,map00680,map01100,map01120,map01130,map01200,map01230
WP_129766055	G	Belongs to the FGGY kinase family	lyx_2	ko:K00854,ko:K00862	ko00040,ko01100,map00040,map01100
WP_129766056	F	permease	codB	ko:K10974	-
WP_129766057	QT	transcriptional regulator	-	-	-
WP_129766058	G	inositol monophosphatase	-	ko:K01092	ko00521,ko00562,ko01100,ko04070,map00521,map00562,map01100,map04070
WP_129766059	S	LVIVD repeat	-	-	-
WP_129766060	G	Sugar ABC Transporter	-	ko:K02058	-
WP_129766061	C	Iron-containing alcohol dehydrogenase	ybdH	ko:K08317	-
WP_129766062	Q	2,3-dihydroxybenzoate-AMP ligase	entE	ko:K02363,ko:K12238	ko01053,ko01110,ko01130,map01053,map01110,map01130
WP_129766063	Q	COG1020 Non-ribosomal peptide synthetase modules and related proteins	entF	ko:K02364	ko01053,ko01110,ko01130,map01053,map01110,map01130
WP_129766064	M	Belongs to the BCCT transporter (TC 2.A.15) family	betT	ko:K02168	-
WP_129766065	P	Belongs to the ABC transporter superfamily	-	ko:K02031,ko:K12371,ko:K15583	ko01501,ko02010,ko02024,map01501,map02010,map02024
WP_129766066	E	Belongs to the ABC transporter superfamily	-	ko:K02032	ko02024,map02024
WP_129766067	EP	N-terminal TM domain of oligopeptide transport permease C	gsiD_3	ko:K02034	ko02024,map02024
WP_129766068	H	ATP-dependent carboxylate-amine ligase which exhibits weak glutamate--cysteine ligase activity	ybdK	ko:K06048	-
WP_129766069	S	Phosphodiester glycosidase	-	-	-
WP_129766070	V	Belongs to the resistance-nodulation-cell division (RND) (TC 2.A.6) family	bepG	ko:K03296	-
WP_129766071	M	Belongs to the membrane fusion protein (MFP) (TC 8.A.1) family	-	-	-
WP_129766072	S	Phage-related protein	-	-	-
WP_129766073	EGP	Major facilitator superfamily	-	-	-
WP_129766074	G	AP endonuclease	-	-	-
WP_129766075	P	receptor	fcuA	ko:K02014	-
WP_129766076	E	amino acid	-	-	-
WP_129766077	BQ	COG0123 Deacetylases, including yeast histone deacetylase and acetoin utilization protein	hdaH	-	-
WP_129766078	EGP	Major Facilitator	-	-	-
WP_129766079	S	KR domain	-	-	-
WP_129766080	P	periplasmic binding protein	-	ko:K02016	ko02010,map02010
WP_129766082	U	Proton-dependent permease that transports di- and tripeptides	yjdL	ko:K03305	-
WP_129766083	NU	Usher protein	cupB3	ko:K07347	ko05133,map05133
WP_129766084	M	Pili assembly chaperone PapD, C-terminal domain	-	ko:K15540	-
WP_129766085	K	response regulator	-	ko:K02282,ko:K07686,ko:K07687,ko:K07689,ko:K07690	ko02020,ko02025,ko02026,ko05111,ko05133,map02020,map02025,map02026,map05111,map05133
WP_129766086	J	Belongs to the class-I aminoacyl-tRNA synthetase family	cysS	ko:K01883	ko00970,map00970
WP_129766087	S	-	-	-	-
WP_129766088	Q	ABC-type transport system involved in lysophospholipase L1 biosynthesis permease component	ybbP	ko:K02004	-
WP_129766089	L	DNA polymerase III is a complex, multichain enzyme responsible for most of the replicative synthesis in bacteria. This DNA polymerase also exhibits 3' to 5' exonuclease activity	dnaX	ko:K02343	ko00230,ko00240,ko01100,ko03030,ko03430,ko03440,map00230,map00240,map01100,map03030,map03430,map03440
WP_129766090	K	Transcriptional regulators containing a DNA-binding HTH domain and an aminotransferase domain (MocR family) and their eukaryotic orthologs	-	ko:K00375,ko:K05825	ko00300,ko01100,ko01130,ko01210,map00300,map01100,map01130,map01210
WP_129766091	V	Involved in lipid A export and possibly also in glycerophospholipid export and for biogenesis of the outer membrane. Transmembrane domains (TMD) form a pore in the inner membrane and the ATP-binding domain (NBD) is responsible for energy generation	mdlB	ko:K18104,ko:K18890	ko01501,ko02010,map01501,map02010
WP_129766092	V	Involved in lipid A export and possibly also in glycerophospholipid export and for biogenesis of the outer membrane. Transmembrane domains (TMD) form a pore in the inner membrane and the ATP-binding domain (NBD) is responsible for energy generation	mdlA	ko:K06147,ko:K18889	ko02010,map02010
WP_129766093	C	Succinate dehydrogenase fumarate reductase, flavoprotein subunit	-	ko:K05898	ko00984,ko01100,ko01120,map00984,map01100,map01120
WP_129766094	C	Succinate dehydrogenase fumarate reductase, flavoprotein subunit	-	-	-
WP_129766095	EGP	Major facilitator superfamily	yajR	-	-
WP_129766096	G	Phosphorylates 6-deoxy-6-sulfo-D-fructose (SF) to 6- deoxy-6-sulfo-D-fructose 1-phosphate (SFP)	-	ko:K00846	ko00051,ko01100,ko01120,map00051,map01100,map01120
WP_129766097	L	SbcCD cleaves DNA hairpin structures. These structures can inhibit DNA replication and are intermediates in certain DNA recombination reactions. The complex acts as a 3'- 5' double strand exonuclease that can open hairpins. It also has a 5' single-strand endonuclease activity	sbcC	ko:K03546	-
WP_129766098	S	protein conserved in bacteria	yba2	ko:K09945	-
WP_129766099	S	extensin	-	-	-
WP_129766100	I	Acyltransferase	-	-	-
WP_129766101	E	With EutC catalyzes the formation of acetaldehyde and ammonia from ethanolamine	eutB	ko:K03735	ko00564,ko01100,map00564,map01100
WP_129766103	P	Phosphonate ABC transporter	phnD	ko:K02044	ko02010,map02010
WP_129766104	EG	COG0697 Permeases of the drug metabolite transporter (DMT) superfamily	-	-	-
WP_129766105	K	Positively regulates the transcription of the maltose regulon whose gene products are responsible for uptake and catabolism of malto-oligosaccharides. Binds and recognizes a DNA motif (called the malT box) 5'-GGA TG GA-3'	acoK	ko:K03556	-
WP_129766106	C	COG0508 Pyruvate 2-oxoglutarate dehydrogenase complex, dihydrolipoamide acyltransferase (E2) component, and related enzymes	acoC	ko:K00627	ko00010,ko00020,ko00620,ko01100,ko01110,ko01120,ko01130,ko01200,map00010,map00020,map00620,map01100,map01110,map01120,map01130,map01200
WP_129766107	O	Glutathione S-Transferase	-	ko:K00799	ko00480,ko00980,ko00982,ko00983,ko01524,ko05200,ko05204,ko05225,ko05418,map00480,map00980,map00982,map00983,map01524,map05200,map05204,map05225,map05418
WP_129766108	C	belongs to the aldehyde dehydrogenase family	gabD	ko:K00135	ko00250,ko00310,ko00350,ko00650,ko00760,ko01100,ko01120,map00250,map00310,map00350,map00650,map00760,map01100,map01120
WP_129766109	E	Belongs to the class-III pyridoxal-phosphate-dependent aminotransferase family	gabT	ko:K00823,ko:K07250,ko:K14268	ko00250,ko00280,ko00310,ko00410,ko00640,ko00650,ko01100,ko01120,map00250,map00280,map00310,map00410,map00640,map00650,map01100,map01120
WP_129766110	S	Belongs to the UPF0255 family	frsA	ko:K11750	-
WP_129766111	S	ydiK promoter presents a PurR sequence, suggesting that its expression is purine-regulated	-	-	-
WP_129766112	S	reductase	dkgB	ko:K06221,ko:K06222	-
WP_129766113	L	DNA polymerase	dnaE	ko:K02337	ko00230,ko00240,ko01100,ko03030,ko03430,ko03440,map00230,map00240,map01100,map03030,map03430,map03440
WP_129766114	M	Condensation of UDP-2,3-diacylglucosamine and 2,3- diacylglucosamine-1-phosphate to form lipid A disaccharide, a precursor of lipid A, a phosphorylated glycolipid that anchors the lipopolysaccharide to the outer membrane of the cell	lpxB	ko:K00748	ko00540,ko01100,map00540,map01100
WP_129766115	I	Belongs to the CDS family	cdsA	ko:K00981	ko00564,ko01100,ko01110,ko04070,map00564,map01100,map01110,map04070
WP_129766116	F	Catalyzes the irreversible cleavage of the glycosidic bond in both 5'-methylthioadenosine (MTA) and S- adenosylhomocysteine (SAH AdoHcy) to adenine and the corresponding thioribose, 5'-methylthioribose and S-ribosylhomocysteine, respectively	mtnN	ko:K01243	ko00270,ko01100,ko01230,map00270,map01100,map01230
WP_129766117	P	Probably acts as an electrical shunt for an outwardly- directed proton pump that is linked to amino acid decarboxylation, as part of the extreme acid resistance (XAR) response	clcA	ko:K03281	-
WP_129766118	P	Belongs to the binding-protein-dependent transport system permease family. FecCD subfamily	fhuB	ko:K02015	ko02010,map02010
WP_129766119	P	ABC-type Fe3 -hydroxamate transport system, periplasmic component	fhuD	ko:K02016	ko02010,map02010
WP_129766120	U	General secretion pathway protein C	gspC	ko:K02452	ko03070,ko05111,map03070,map05111
WP_129766122	U	general secretion pathway protein	gspF	ko:K02455	ko03070,ko05111,map03070,map05111
WP_129766123	U	General Secretion Pathway protein	gspG	ko:K02456	ko03070,ko05111,map03070,map05111
WP_129766124	NU	general secretion pathway protein	-	ko:K02457	ko03070,ko05111,map03070,map05111
WP_129766125	U	COG3156 Type II secretory pathway component PulK	gspK	ko:K02460	ko03070,ko05111,map03070,map05111
WP_129766126	L	ATP-dependent helicase	hrpB	ko:K03579	-
WP_129766128	C	The pyruvate dehydrogenase complex catalyzes the overall conversion of pyruvate to acetyl-CoA and CO(2)	aceF	ko:K00627	ko00010,ko00020,ko00620,ko01100,ko01110,ko01120,ko01130,ko01200,map00010,map00020,map00620,map01100,map01110,map01120,map01130,map01200
WP_129766129	L	DNA polymerase	polB	ko:K02336	-
WP_129766130	J	Specifically dimethylates two adjacent adenosines (A1518 and A1519) in the loop of a conserved hairpin near the 3'-end of 16S rRNA in the 30S particle. May play a critical role in biogenesis of 30S subunits	ksgA	ko:K02528	-
WP_129766131	E	Catalyzes the conversion of 4-hydroxy- tetrahydrodipicolinate (HTPA) to tetrahydrodipicolinate	dapB	ko:K00215	ko00261,ko00300,ko01100,ko01110,ko01120,ko01130,ko01230,map00261,map00300,map01100,map01110,map01120,map01130,map01230
WP_129766132	S	Protein of unknown function (DUF805)	-	-	-
WP_129766133	E	alanine symporter	yaaJ	ko:K03310	-
WP_129766134	F	Phosphatase that hydrolyzes non-canonical purine nucleotides such as XTP and ITP to their respective diphosphate derivatives. Probably excludes non-canonical purines from DNA precursor pool, thus preventing their incorporation into DNA and avoiding chromosomal lesions	yjjX	-	-
WP_129766135	E	phosphoserine phosphatase	serB	ko:K01079	ko00260,ko00680,ko01100,ko01120,ko01130,ko01200,ko01230,map00260,map00680,map01100,map01120,map01130,map01200,map01230
WP_129766136	S	Iron reductase	fhuF	ko:K13255	-
WP_129766137	S	Acetyltransferase	-	-	-
WP_129766138	C	Belongs to the LDH2 MDH2 oxidoreductase family	comC	ko:K13609,ko:K16844	ko00270,ko00310,ko00960,ko01100,ko01120,map00270,map00310,map00960,map01100,map01120
WP_129766139	C	Dehydrogenase	aldH	ko:K13877	ko00040,ko00053,map00040,map00053
WP_129766140	C	Catalytic LigB subunit of aromatic ring-opening dioxygenase	hpaD	ko:K00455	ko00350,ko01120,ko01220,map00350,map01120,map01220
WP_129766142	S	-	-	-	-
WP_129766143	U	Large exoproteins involved in heme utilization or adhesion	fhaB	ko:K15125	ko05133,map05133
WP_129766144	U	hemolysin activation secretion protein	-	-	-
WP_129766145	S	cobalamin synthesis protein	yjiA	-	-
WP_129766146	S	Transposase	yfaD	-	-
WP_129766147	E	PFAM Lysine exporter protein (LYSE YGGA)	-	-	-
WP_129766148	I	4 iron, 4 sulfur cluster binding	yjiL	-	-
WP_129766149	V	(ABC) transporter	rbbA	ko:K13926	-
WP_129766150	T	member of a two-component regulatory system	cusS	ko:K07636,ko:K07644	ko02020,map02020
WP_129766151	M	Belongs to the membrane fusion protein (MFP) (TC 8.A.1) family	cusB	ko:K07798	ko02020,map02020
WP_129766152	P	Belongs to the resistance-nodulation-cell division (RND) (TC 2.A.6) family	cusA	ko:K07787	ko02020,map02020
WP_129766153	S	COG1028 Dehydrogenases with different specificities (related to short-chain alcohol dehydrogenases)	-	-	-
WP_129766154	S	NAD FAD-binding protein	-	ko:K06954	-
WP_129766156	M	maltodextrin transmembrane transporter activity	lamB	ko:K02024,ko:K10124	-
WP_129766157	G	Belongs to the glycosyl hydrolase 43 family	-	ko:K01198	ko00520,ko01100,map00520,map01100
WP_129766158	V	HNH endonuclease	-	ko:K07454	-
WP_129766159	L	DNA helicase	-	-	-
WP_129766160	L	COG1205 Distinct helicase family with a unique C-terminal domain including a metal-binding cysteine cluster	-	ko:K06877	-
WP_129766161	V	Type II restriction enzyme, methylase subunits	-	-	-
WP_129766162	L	Helicase conserved C-terminal domain	-	ko:K06877	-
WP_129766163	S	-	-	-	-
WP_129766164	L	Belongs to the 'phage' integrase family	intB	-	-
WP_129766165	P	Reversible hydration of carbon dioxide	-	ko:K01673	ko00910,map00910
WP_129766166	P	transporter	ychM	ko:K01673	ko00910,map00910
WP_129766167	S	Hydrolyzes cAMP to 5'-AMP. Plays an important regulatory role in modulating the intracellular concentration of cAMP, thereby influencing cAMP-dependent processes	-	ko:K03651	ko00230,ko02025,map00230,map02025
WP_129766168	P	Belongs to the ABC transporter superfamily	-	ko:K05816	ko02010,map02010
WP_129766169	G	Catalyzes the dehydration of inosose (2-keto-myo- inositol, 2KMI or 2,4,6 3,5-pentahydroxycyclohexanone) to 3D- (3,5 4)-trihydroxycyclohexane-1,2-dione (D-2,3-diketo-4-deoxy-epi- inositol)	iolE	ko:K03335	ko00562,ko01100,ko01120,map00562,map01100,map01120
WP_129766170	E	Reversibly catalyzes the transfer of the carbamoyl group from carbamoyl phosphate (CP) to the N(epsilon) atom of ornithine (ORN) to produce L-citrulline	argI	ko:K00611,ko:K09065	ko00220,ko01100,ko01110,ko01130,ko01230,map00220,map01100,map01110,map01130,map01230
WP_129766171	P	ATPase, P-type (transporting), HAD superfamily, subfamily IC	mgtA	ko:K01531,ko:K12955	-
WP_129766172	G	COG0366 Glycosidases	treC	ko:K01182,ko:K01187,ko:K01226	ko00052,ko00500,ko01100,map00052,map00500,map01100
WP_129766173	GK	transcriptional antiterminator	licR	-	-
WP_129766174	S	Catalyzes the reversible hydrolysis of the amide bond within dihydroorotate. This metabolic intermediate is required for the biosynthesis of pyrimidine nucleotides	dho	ko:K01465	ko00240,ko01100,map00240,map01100
WP_129766175	G	Thioredoxin	IV02_08475	-	-
WP_129766176	K	Acetyltransferase GNAT Family	-	-	-
WP_129766177	M	protein conserved in bacteria	ytfN	ko:K09800	-
WP_129766178	F	Belongs to the 5'-nucleotidase family	cpdB	ko:K01119	ko00230,ko00240,map00230,map00240
WP_129766179	GM	NmrA family	qorB	ko:K19267	ko00130,ko01110,map00130,map01110
WP_129766180	EGP	Major facilitator superfamily	-	-	-
WP_129766181	G	Catalyzes the isomerization of L-ribulose 5-phosphate to D-xylulose 5-phosphate	ulaF	ko:K03077	ko00040,ko00053,ko01100,ko01120,map00040,map00053,map01100,map01120
WP_129766182	I	acyl-CoA dehydrogenase	aidB	ko:K09456	-
WP_129766183	S	GTPase that associates with the 50S ribosomal subunit and may have a role during protein synthesis or ribosome biogenesis	hflX	ko:K03665	-
WP_129766184	M	Secretion Protein	-	ko:K13408	ko04626,map04626
WP_129766185	CO	Required to facilitate the formation of correct disulfide bonds in some periplasmic proteins and for the assembly of the periplasmic c-type cytochromes. Acts by transferring electrons from cytoplasmic thioredoxin to the periplasm. This transfer involves a cascade of disulfide bond formation and reduction steps	dsbD	ko:K04084	-
WP_129766187	P	COG0861 Membrane protein TerC possibly involved in tellurium resistance	yoaE_3	-	-
WP_129766188	H	Catalyzes the breakage of the C-P bond in alpha-D-ribose 1-methylphosphonate 5-phosphate (PRPn) forming alpha-D-ribose	phnJ	ko:K06163	ko00440,map00440
WP_129766189	S	Sel1 repeat	yjcO	ko:K07126	-
WP_129766190	I	Catalyzes the conversion of acetate into acetyl-CoA (AcCoA), an essential intermediate at the junction of anabolic and catabolic pathways. AcsA undergoes a two-step reaction. In the first half reaction, AcsA combines acetate with ATP to form acetyl-adenylate (AcAMP) intermediate. In the second half reaction, it can then transfer the acetyl group from AcAMP to the sulfhydryl group of CoA, forming the product AcCoA	acsA	ko:K01895	ko00010,ko00620,ko00640,ko00680,ko00720,ko01100,ko01110,ko01120,ko01130,ko01200,map00010,map00620,map00640,map00680,map00720,map01100,map01110,map01120,map01130,map01200
WP_129766191	NU	Usher protein	-	ko:K07347	ko05133,map05133
WP_129766192	M	Part of the outer membrane protein assembly complex, which is involved in assembly and insertion of beta-barrel proteins into the outer membrane	bamA	ko:K07277	-
WP_129766193	E	Tannase and feruloyl esterase	-	-	-
WP_129766194	V	COG0534 Na -driven multidrug efflux pump	dinF	ko:K03327	-
WP_129766195	E	shikimate	-	ko:K00014	ko00400,ko01100,ko01110,ko01130,ko01230,map00400,map01100,map01110,map01130,map01230
WP_129766196	T	COG2204 Response regulator containing CheY-like receiver, AAA-type ATPase, and DNA-binding domains	zraR	ko:K07713	ko02020,map02020
WP_129766197	M	cell wall formation	murB	ko:K00075	ko00520,ko00550,ko01100,map00520,map00550,map01100
WP_129766198	S	YigZ family	yigZ	ko:K00560	ko00240,ko00670,ko01100,ko01523,map00240,map00670,map01100,map01523
WP_129766199	E	Splits dipeptides with a prolyl residue in the C- terminal position	pepQ	ko:K01271	-
WP_129766200	E	Catalyzes the transfer of a methyl group from 5- methyltetrahydrofolate to homocysteine resulting in methionine formation	metE	ko:K00549	ko00270,ko00450,ko01100,ko01110,ko01230,map00270,map00450,map01100,map01110,map01230
WP_129766201	K	transcriptional regulator	metR	ko:K03576	-
WP_129766202	EG	COG0697 Permeases of the drug metabolite transporter (DMT) superfamily	yigM	-	-
WP_129766203	L	it can initiate unwinding at a nick in the DNA. It binds to the single-stranded DNA and acts in a progressive fashion along the DNA in the 3' to 5' direction	rep	ko:K03656,ko:K03657	ko03420,ko03430,map03420,map03430
WP_129766204	K	transcriptional regulator	-	-	-
WP_129766205	P	import. Responsible for energy coupling to the transport system	-	ko:K02056,ko:K10441,ko:K10542,ko:K10545,ko:K10562,ko:K17204,ko:K17215	ko02010,map02010
WP_129766206	C	alcohol dehydrogenase	fucO	ko:K00001	ko00010,ko00071,ko00350,ko00625,ko00626,ko00830,ko00980,ko00982,ko01100,ko01110,ko01120,ko01130,ko01220,map00010,map00071,map00350,map00625,map00626,map00830,map00980,map00982,map01100,map01110,map01120,map01130,map01220
WP_129766207	G	Catalyzes the phosphorylation of ribose at O-5 in a reaction requiring ATP and magnesium. The resulting D-ribose-5- phosphate can then be used either for sythesis of nucleotides, histidine, and tryptophan, or as a component of the pentose phosphate pathway	-	-	-
WP_129766208	G	protein conserved in bacteria	-	ko:K02822,ko:K03475	ko00053,ko01100,ko01120,ko02060,map00053,map01100,map01120,map02060
WP_129766209	S	hydrolase	yihX	ko:K07025,ko:K20866	ko00010,ko01120,map00010,map01120
WP_129766210	L	In addition to polymerase activity, this DNA polymerase exhibits 5'-3' exonuclease activity	polA	ko:K02335	ko00230,ko00240,ko01100,ko03030,ko03410,ko03420,ko03440,map00230,map00240,map01100,map03030,map03410,map03420,map03440
WP_129766211	H	molybdopterin-guanine dinucleotide biosynthesis protein	mobB	ko:K03753,ko:K13818	ko00790,ko01100,map00790,map01100
WP_129766213	K	Is the main repressor of the genes involved in the de novo synthesis of purine nucleotides, regulating purB, purC, purEK, purF, purHD, purL, purMN and guaBA expression. PurR is allosterically activated to bind its cognate DNA by binding the purine corepressors, hypoxanthine or guanine, thereby effecting transcription repression	rbsR	ko:K02529,ko:K03604	-
WP_129766214	S	Functions as an ATPase. May play a role in metal insertion (metal-chelatase) or as a chaperone	ravA	ko:K03924	-
WP_129766215	M	Catalyzes the last two sequential reactions in the de novo biosynthetic pathway for UDP-N-acetylglucosamine (UDP- GlcNAc). The C-terminal domain catalyzes the transfer of acetyl group from acetyl coenzyme A to glucosamine-1-phosphate (GlcN-1-P) to produce N-acetylglucosamine-1-phosphate (GlcNAc-1-P), which is converted into UDP-GlcNAc by the transfer of uridine 5- monophosphate (from uridine 5-triphosphate), a reaction catalyzed by the N-terminal domain	glmU	ko:K04042	ko00520,ko01100,ko01130,map00520,map01100,map01130
WP_129766216	M	PFAM porin LamB type	bglH	ko:K10124	-
WP_129766218	P	Part of the ABC transporter complex LsrABCD involved in autoinducer 2 (AI-2) import. Responsible for energy coupling to the transport system	lsrA	ko:K10558	ko02010,ko02024,map02010,map02024
WP_129766219	M	tail collar domain protein	H	-	-
WP_129766221	EGP	Major facilitator superfamily	-	ko:K08167,ko:K08169	-
WP_129766223	NU	Usher protein	fimD_3	ko:K07347	ko05133,map05133
WP_129766224	S	-	-	-	-
WP_129766227	E	Binding-protein-dependent transport system inner membrane component	-	ko:K16958	ko02010,map02010
WP_129766228	E	Belongs to the alpha-IPM synthase homocitrate synthase family	nifV	ko:K02594	ko00620,map00620
WP_129766232	C	Fad linked oxidase	ydiJ	-	-
WP_129766233	P	Chromate resistance	-	-	-
WP_129766238	IQ	Belongs to the short-chain dehydrogenases reductases (SDR) family	benD	ko:K05783	ko00362,ko00364,ko00622,ko01100,ko01120,ko01220,map00362,map00364,map00622,map01100,map01120,map01220
WP_129766242	C	belongs to the aldehyde dehydrogenase family	puuC	ko:K00128,ko:K09472	ko00010,ko00053,ko00071,ko00280,ko00310,ko00330,ko00340,ko00380,ko00410,ko00561,ko00620,ko00625,ko00903,ko00981,ko01100,ko01110,ko01120,ko01130,map00010,map00053,map00071,map00280,map00310,map00330,map00340,map00380,map00410,map00561,map00620,map00625,map00903,map00981,map01100,map01110,map01120,map01130
WP_129766244	P	Part of the ABC transporter complex ModABC involved in molybdenum import. Responsible for energy coupling to the transport system	modC	ko:K02017	ko02010,map02010
WP_129766247	K	transcriptional regulator	-	-	-
WP_129766249	E	decarboxylase	ldcC	ko:K01582,ko:K01584	ko00310,ko00330,ko00960,ko01100,ko01110,map00310,map00330,map00960,map01100,map01110
WP_129766251	M	RND efflux system, outer membrane lipoprotein	cusC	ko:K07796,ko:K08721,ko:K18139	ko01501,ko02020,ko02024,map01501,map02020,map02024
WP_129766253	G	PFAM Major royal jelly protein	-	-	-
WP_131027579	O	peptidylprolyl isomerase	-	ko:K03772	-
WP_136047534	S	Protein of unknown function (DUF2684)	-	-	-
WP_145988365	C	Molydopterin dinucleotide binding domain	fdnG	ko:K00123,ko:K08348	ko00630,ko00680,ko01100,ko01120,ko01200,ko02020,map00630,map00680,map01100,map01120,map01200,map02020
WP_155870612	S	oxidoreductase	mviM	ko:K03810	-
WP_162493226	K	transcriptional regulator	-	-	-
WP_162493227	I	CDP-diacylglycerol	cdh	ko:K01521	ko00564,ko01110,map00564,map01110
WP_162493229	S	Membrane	yiaA	-	-
WP_162493230	N	outer membrane autotransporter	yhjY	-	-
WP_162493240	K	transcriptional regulator	hexR	ko:K19337	-
WP_162493254	E	decarboxylase	ddc	ko:K13745	ko00260,ko01120,map00260,map01120
WP_162493261	S	UPF0060 membrane protein	ynfA	ko:K09771	-
WP_162493262	K	phenylacetic acid degradation operon negative regulatory protein	paaX	ko:K02616	-
WP_162493283	S	Zn-dependent hydrolases of the beta-lactamase fold	-	-	-
WP_162493299	S	-	-	-	-
WP_162493301	S	Modulates the activity of the EnvZ OmpR two-component regulatory system, probably by directly modulating EnvZ enzymatic activity and increasing stability of phosphorylated OmpR	mzrA	-	-
WP_162493302	S	YfdX protein	yfdX	-	-
WP_162493310	E	With LivFGHM is involved in the high affinity leucine transport	livJ	ko:K01999	ko02010,ko02024,map02010,map02024
WP_162493319	S	-	-	-	-
WP_162493324	M	Regulator of peptidoglycan synthesis that is essential for the function of penicillin-binding protein 1B (PBP1b)	lpoB	ko:K07337	-
WP_162493339	G	Aldolase	fba	ko:K01624	ko00010,ko00030,ko00051,ko00680,ko00710,ko01100,ko01110,ko01120,ko01130,ko01200,ko01230,map00010,map00030,map00051,map00680,map00710,map01100,map01110,map01120,map01130,map01200,map01230
WP_162493340	Q	Isochorismatase	-	-	-
WP_162493349	H	Phosphopantetheinyl transferase	yieE	-	-
WP_162494424	K	Sucrose operon repressor	scrR	ko:K03435,ko:K03484	-
WP_162494428	E	Gamma-glutamyl-gamma-aminobutyrate hydrolase	puuD	ko:K07010,ko:K09473	ko00330,ko01100,map00330,map01100
WP_162494479	P	Major facilitator superfamily	yeaN	ko:K03449	-
WP_162494494	H	Multifunctional enzyme that catalyzes the SAM-dependent methylations of uroporphyrinogen III at position C-2 and C-7 to form precorrin-2 via precorrin-1. Then it catalyzes the NAD- dependent ring dehydrogenation of precorrin-2 to yield sirohydrochlorin. Finally, it catalyzes the ferrochelation of sirohydrochlorin to yield siroheme	cysG	ko:K02302,ko:K02303,ko:K02304	ko00860,ko01100,ko01110,ko01120,map00860,map01100,map01110,map01120
WP_162499974	C	alcohol dehydrogenase	-	ko:K00344	-
WP_162499979	GM	Nad-dependent epimerase dehydratase	-	-	-
WP_162500013	G	transporter	-	ko:K03292	-
WP_162550363	I	acyl-CoA dehydrogenase	-	-	-
WP_162708806	M	Required for optimal acid stress protection, which is important for survival of enteric bacteria in the acidic environment of the host stomach. Exhibits a chaperone-like activity at acidic pH by preventing the aggregation of many different periplasmic proteins	hdeB	ko:K19778	-
WP_162993293	G	Major Facilitator	-	ko:K03292,ko:K16210	-
WP_163590292	K	transcriptional regulator	ttdR	-	-
WP_163590372	Q	'catalyzing the hydrolysis of 4-imidazolone-5-propionate to N-formimidoyl-L-glutamate, the third step in the histidine degradation pathway'	hutI	ko:K01468	ko00340,ko01100,map00340,map01100
WP_163595872	NU	Fimbrial protein	-	-	-
WP_164481358	L	3'-5' exonuclease that prefers single-stranded DNA and RNA. May play a role in the H(2)O(2)-induced DNA damage repair	tatD	ko:K03424	-
WP_164875660	K	transcriptional regulator	yijO	-	-
WP_167879819	S	hydrolase of the alpha beta-hydrolase fold	yheT	ko:K07019	-
WP_171887793	Q	protein possibly involved in aromatic compounds catabolism	yigI	-	-
WP_172602386	M	Glycosyltransferase family 9 (heptosyltransferase)	-	-	-
WP_172602388	S	-	yhaL	-	-
WP_172602389	S	DinI-like family	-	-	-
WP_172602390	H	Involved in the regulation of glutamine synthetase GlnA, a key enzyme in the process to assimilate ammonia. When cellular nitrogen levels are high, the C-terminal adenylyl transferase (AT) inactivates GlnA by covalent transfer of an adenylyl group from ATP to specific tyrosine residue of GlnA, thus reducing its activity. Conversely, when nitrogen levels are low, the N-terminal adenylyl removase (AR) activates GlnA by removing the adenylyl group by phosphorolysis, increasing its activity. The regulatory region of GlnE binds the signal transduction protein PII (GlnB) which indicates the nitrogen status of the cell	glnE	ko:K00982	-
WP_172602391	H	synthase	queD	ko:K01737	ko00790,ko01100,map00790,map01100
WP_172602392	D	Essential cell division protein that stabilizes the FtsZ protofilaments by cross-linking them and that serves as a cytoplasmic membrane anchor for the Z ring. Also required for the recruitment to the septal ring of downstream cell division proteins	zipA	ko:K03528	-
WP_172602393	M	O-antigen ligase like membrane protein	-	-	-
WP_172602394	S	Sel1-like repeats.	-	-	-
WP_172602395	S	type VI secretion protein	-	ko:K11895	ko02025,map02025
WP_172602397	C	Fad linked oxidase	-	-	-
WP_172602398	P	receptor	yncD	ko:K02014	-
WP_172602399	M	Mandelate racemase muconate lactonizing enzyme	catB	ko:K01856	ko00361,ko00362,ko00364,ko00623,ko01100,ko01120,ko01220,map00361,map00362,map00364,map00623,map01100,map01120,map01220
WP_172602402	E	arginine N-succinyltransferase	astA	ko:K00673	ko00330,ko01100,map00330,map01100
WP_172602403	S	type VI secretion protein	-	ko:K11893	ko02025,map02025
WP_172602405	L	DnaD domain protein	-	-	-
WP_172602406	K	Transcriptional regulator	yeaM	-	-
WP_172602407	G	Plays a role in peptidoglycan recycling by cleaving the terminal beta-1,4-linked N-acetylglucosamine (GlcNAc) from peptide-linked peptidoglycan fragments, giving rise to free GlcNAc, anhydro-N-acetylmuramic acid and anhydro-N-acetylmuramic acid-linked peptides	nagZ	ko:K01207	ko00520,ko00531,ko01100,ko01501,map00520,map00531,map01100,map01501
WP_172602409	K	Transcriptional regulator	dmlR	ko:K16135	-
WP_172602410	C	succinate dehydrogenase	sdhC	ko:K00241	ko00020,ko00190,ko00650,ko00720,ko01100,ko01110,ko01120,ko01130,ko01200,map00020,map00190,map00650,map00720,map01100,map01110,map01120,map01130,map01200
WP_172602412	P	(ABC) transporter	yecS_4	ko:K02029	-
WP_172602413	V	Inner membrane protein involved in colicin E2 resistance	creD	ko:K06143	-
WP_172602414	S	Transposase	-	-	-
WP_172602415	H	Bifunctional enzyme that catalyzes the epimerization of the S- and R-forms of NAD(P)HX and the dehydration of the S-form of NAD(P)HX at the expense of ADP, which is converted to AMP. This allows the repair of both epimers of NAD(P)HX, a damaged form of NAD(P)H that is a result of enzymatic or heat-dependent hydration	nnrD	ko:K17758,ko:K17759	-
WP_172602416	H	Exports the biofilm adhesin polysaccharide poly-beta- 1,6-N-acetyl-D-glucosamine (PGA) across the outer membrane. The PGA transported seems to be partially N-deacetylated since N- deacetylation of PGA by PgaB is needed for PGA export through the PgaA porin	pgaA	ko:K11935	ko02026,map02026
WP_172602417	T	Histidine kinase	uhpB	ko:K07675,ko:K20263	ko02020,ko02024,map02020,map02024
WP_172602418	L	endonuclease activity	-	-	-
WP_172602419	S	tail protein	I	-	-
WP_172602421	K	Transcriptional regulator	ascG	-	-
WP_172602422	S	protein conserved in bacteria	virK	ko:K09824	-
WP_172602423	F	Catalyzes the phosphorylation of the position 2 hydroxy group of 4-diphosphocytidyl-2C-methyl-D-erythritol	ispE	ko:K00919	ko00900,ko01100,ko01110,ko01130,map00900,map01100,map01110,map01130
WP_172602424	P	periplasmic binding protein	-	ko:K02016	ko02010,map02010
WP_172602425	EGP	Major facilitator superfamily	-	-	-
WP_172602426	ET	ABC transporter substrate-binding protein	-	ko:K02030	-
WP_172602427	S	protein conserved in bacteria	-	-	-
WP_172602428	S	protein conserved in bacteria	-	ko:K11904	ko03070,map03070
WP_172602429	M	Glycosyltransferase family 9 (heptosyltransferase)	-	-	-
WP_172602430	S	enterobacterial common antigen metabolic process	-	-	-
WP_172602431	E	aminotransferase	ybdL	ko:K14287	-
WP_172602432	P	(ABC) transporter	rbsA	ko:K10441	ko02010,map02010
WP_172602433	K	transcriptional regulator	-	-	-
WP_172602434	P	Belongs to the binding-protein-dependent transport system permease family. FecCD subfamily	yiuB	ko:K02015	ko02010,map02010
WP_172602436	NU	General Secretion Pathway protein	gspD	ko:K02453	ko03070,ko05111,map03070,map05111
WP_196530643	C	COG0604 NADPH quinone reductase and related Zn-dependent oxidoreductases	tp53I3	-	-
WP_197725006	S	Phenylacetic acid catabolic protein	paaA	ko:K02609	ko00360,ko01120,map00360,map01120
WP_217631777	S	-	-	-	-
WP_219995343	S	protein conserved in bacteria	-	-	-
WP_220383972	S	-	-	-	-
WP_220384099	S	-	-	-	-
WP_222846519	S	2-nitropropane dioxygenase	-	ko:K00459	ko00910,map00910
WP_223168545	C	Taurine catabolism dioxygenase TauD, TfdA family	-	-	-
WP_223861307	EGP	COG0477 Permeases of the major facilitator superfamily	-	-	-
WP_224222702	S	-	-	-	-
WP_224224395	S	-	-	-	-
WP_224226274	C	malate quinone oxidoreductase	mqo	ko:K00116	ko00020,ko00620,ko01100,ko01110,ko01120,ko01130,ko01200,map00020,map00620,map01100,map01110,map01120,map01130,map01200
WP_225373004	M	COG3209 Rhs family protein	-	-	-
WP_227498463	L	Integrase core domain	-	ko:K07497	-
WP_227500881	C	COG0604 NADPH quinone reductase and related Zn-dependent oxidoreductases	yhdH	ko:K19745	ko00640,ko01100,map00640,map01100
WP_227520805	S	-	-	-	-
WP_227543361	L	it binds specifically double-stranded DNA at a 9 bp consensus (dnaA box) 5'-TTATC CA A CA A-3'. DnaA binds to ATP and to acidic phospholipids	dnaA	ko:K02313	ko02020,ko04112,map02020,map04112
WP_227544907	G	Carbohydrate kinase	-	-	-
WP_227544908	S	Protein of unknown function (DUF3828)	-	-	-
WP_227544909	S	Pfam:DUF1311	-	-	-
WP_227544910	S	LysM domain	-	-	-
WP_227544911	S	LysM domain	-	-	-
WP_227544912	S	protein related to capsule biosynthesis enzymes	-	ko:K07154	-
WP_227544915	S	-	-	-	-
WP_227544916	S	homoserine kinase type II (Protein kinase fold)	-	-	-
WP_227544920	E	GDSL-like Lipase/Acylhydrolase family	-	-	-
WP_227544923	K	SIR2-like domain	-	-	-
WP_227544925	U	domain, Protein	-	-	-
WP_227544926	U	Pre-toxin domain with VENN motif	-	ko:K15125	ko05133,map05133
WP_227544928	M	domain, Protein	-	-	-
WP_228300329	M	Transfers a palmitate residue from the sn-1 position of a phospholipid to the N-linked hydroxymyristate on the proximal unit of lipid A or its precursors	pagP	ko:K12973	ko01503,ko05133,map01503,map05133
WP_228961033	S	(twin-arginine translocation) pathway signal	VPA0371	-	-
WP_229297262	S	Phage-related baseplate assembly protein	-	-	-
WP_229531798	P	Part of the ABC transporter complex ZnuABC involved in zinc import. Responsible for energy coupling to the transport system	znuC	ko:K09817	ko02010,map02010
WP_264757039	S	-	-	-	-
WP_306047856	S	PerC transcriptional activator	-	-	-
WP_308142974	F	Belongs to the Nudix hydrolase family	nudD	ko:K03207	-
WP_319922388	C	monooxygenase	-	-	-
WP_353055207	S	DinI-like family	-	-	-
WP_369128329	D	AAA domain	-	-	-
WP_373857739	S	Protein of unknown function (DUF1367)	-	-	-
WP_406812988	P	receptor	fiu	ko:K16090	-
WP_458367898	U	Large exoproteins involved in heme utilization or adhesion	fhaB	ko:K15125	ko05133,map05133
WP_458367899	U	family outer membrane protein	fhaB	ko:K15125	ko05133,map05133
