rank,candidate,candidate_name,entity_type,number_of_amr_determinants,number_of_strains,layers_supported,minimum_path_length,evidence_types,n_direct_observations,n_graph_derived,n_annotation_mediated,n_inferred,n_directly_measured_strains,strains,determinants,repeated_across_strains,determinant_fraction,hub_candidate,p_value,q_value,enrichment_significant
1,CHEBI:30797,L-Malic acid,metabolite,9,4,metabolome,2,directly_observed; inferred,8,0,0,9,4,B36; MS_14384; MS_14386; MS_14387,blaCMY-2; dfrA12; dfrA14; dfrA17; strAB; sul1; sul2; sul3,True,0.6923076923076923,False,0.3662965295430088,0.8550645935707271,False
2,CHEBI:15741,Succinic acid,metabolite,9,4,metabolome,2,directly_observed; inferred,8,0,0,9,4,B36; MS_14384; MS_14386; MS_14387,blaCMY-2; dfrA12; dfrA14; dfrA17; strAB; sul1; sul2; sul3,True,0.6923076923076923,False,0.3662965295430088,0.8550645935707271,False
3,CHEBI:4170,Glucose 6-phosphate,metabolite,9,4,metabolome,2,directly_observed; inferred,8,0,0,9,4,B36; MS_14384; MS_14386; MS_14387,blaCMY-2; dfrA12; dfrA14; dfrA17; strAB; sul1; sul2; sul3,True,0.6923076923076923,False,0.3662965295430088,0.8550645935707271,False
4,CHEBI:17053,L-Aspartic acid,metabolite,9,4,metabolome,2,directly_observed; inferred,8,0,0,9,4,B36; MS_14384; MS_14386; MS_14387,blaCMY-2; dfrA12; dfrA14; dfrA17; strAB; sul1; sul2; sul3,True,0.6923076923076923,False,0.3662965295430088,0.8550645935707271,False
5,CHEBI:18012,Fumaric acid,metabolite,9,4,metabolome,2,directly_observed; inferred,8,0,0,9,4,B36; MS_14384; MS_14386; MS_14387,blaCMY-2; dfrA12; dfrA14; dfrA17; strAB; sul1; sul2; sul3,True,0.6923076923076923,False,0.3662965295430088,0.8550645935707271,False
6,CHEBI:15344,Acetoacetic acid,metabolite,9,4,metabolome,2,directly_observed; inferred,8,0,0,9,4,B36; MS_14384; MS_14386; MS_14387,blaCMY-2; dfrA12; dfrA14; dfrA17; strAB; sul1; sul2; sul3,True,0.6923076923076923,False,0.3662965295430088,0.8550645935707271,False
7,CHEBI:30769,Citric acid,metabolite,9,4,metabolome,2,directly_observed; inferred,8,0,0,9,4,B36; MS_14384; MS_14386; MS_14387,blaCMY-2; dfrA12; dfrA14; dfrA17; strAB; sul1; sul2; sul3,True,0.6923076923076923,False,0.3662965295430088,0.8550645935707271,False
8,CHEBI:17634,D-Glucose,metabolite,9,4,metabolome,2,directly_observed; inferred,8,0,0,9,4,B36; MS_14384; MS_14386; MS_14387,blaCMY-2; dfrA12; dfrA14; dfrA17; strAB; sul1; sul2; sul3,True,0.6923076923076923,False,0.3662965295430088,0.8550645935707271,False
9,CHEBI:16027,Adenosine monophosphate,metabolite,9,4,metabolome,2,directly_observed; inferred,7,0,0,9,4,B36; MS_14384; MS_14386; MS_14387,blaCMY-2; blaTEM-1b; dfrA12; dfrA14; dfrA17; sul1; sul2; sul3,True,0.6923076923076923,False,0.3662965295430088,0.8550645935707271,False
10,CHEBI:17659,Uridine 5'-diphosphate,metabolite,9,4,metabolome,2,directly_observed; inferred,7,0,0,9,4,B36; MS_14384; MS_14386; MS_14387,blaCMY-2; blaTEM-1b; dfrA12; dfrA14; dfrA17; sul1; sul2; sul3,True,0.6923076923076923,False,0.3662965295430088,0.8550645935707271,False
11,WP_000074527.1,alaA,protein,9,4,proteome,2,annotation_mediated,0,0,9,0,0,B36; MS_14384; MS_14386; MS_14387,aac(3)-IId; aac(6')-Ib-cr5; aph(3')-Ia; blaCMY-2; blaOXA-1; blaTEM-1b; fosA4; strAB,True,0.6923076923076923,False,4.102050286280622e-05,0.023971403346553868,True
12,CHEBI:16467,L-Arginine,metabolite,9,3,metabolome,2,directly_observed; inferred,7,0,0,9,3,B36; MS_14386; MS_14387,blaOXA-1; dfrA12; dfrA14; dfrA17; strAB; sul1; sul2; sul3,True,0.6923076923076923,False,0.3662965295430088,0.8550645935707271,False
13,EW035_RS00170,ilvN,gene,9,1,genome,2,annotation_mediated,0,0,9,0,1,MS_14386,blaTEM-1b; blaTEM-215; dfrA12; dfrA14; floR; fosA4; strAB; sul2; sul3,False,0.6923076923076923,False,0.0001827312863279085,0.023971403346553868,True
14,EW035_RS00460,gpmM,gene,9,1,genome,2,annotation_mediated,0,0,9,0,1,MS_14386,aadA1; aph(3')-Ia; blaTEM-1b; blaTEM-215; dfrA12; dfrA14; strAB; sul2; sul3,False,0.6923076923076923,False,0.0001827312863279085,0.023971403346553868,True
15,EW035_RS00680,avtA,gene,9,1,genome,2,annotation_mediated,0,0,9,0,1,MS_14386,blaTEM-1b; blaTEM-215; dfrA12; dfrA14; floR; fosA4; strAB; sul2; sul3,False,0.6923076923076923,False,0.0001827312863279085,0.023971403346553868,True
16,EW035_RS01515,gntK,gene,9,1,genome,2,annotation_mediated,0,0,9,0,1,MS_14386,aadA1; aph(3')-Ia; blaTEM-1b; blaTEM-215; dfrA12; dfrA14; strAB; sul2; sul3,False,0.6923076923076923,False,0.0001827312863279085,0.023971403346553868,True
17,EW035_RS01530,asd,gene,9,1,genome,2,annotation_mediated,0,0,9,0,1,MS_14386,blaTEM-1b; blaTEM-215; dfrA12; dfrA14; floR; fosA4; strAB; sul2; sul3,False,0.6923076923076923,False,0.0001827312863279085,0.023971403346553868,True
18,EW035_RS01700,pckA,gene,9,1,genome,2,annotation_mediated,0,0,9,0,1,MS_14386,aadA1; aph(3')-Ia; blaTEM-1b; blaTEM-215; dfrA12; dfrA14; strAB; sul2; sul3,False,0.6923076923076923,False,0.0001827312863279085,0.023971403346553868,True
19,EW035_RS01770,aroB,gene,9,1,genome,2,annotation_mediated,0,0,9,0,1,MS_14386,blaTEM-1b; blaTEM-215; dfrA12; dfrA14; floR; fosA4; strAB; sul2; sul3,False,0.6923076923076923,False,0.0001827312863279085,0.023971403346553868,True
20,EW035_RS01785,rpe,gene,9,1,genome,2,annotation_mediated,0,0,9,0,1,MS_14386,aadA1; aph(3')-Ia; blaTEM-1b; blaTEM-215; dfrA12; dfrA14; strAB; sul2; sul3,False,0.6923076923076923,False,0.0001827312863279085,0.023971403346553868,True
21,EW035_RS01790,gph,gene,9,1,genome,2,annotation_mediated,0,0,9,0,1,MS_14386,aadA1; aph(3')-Ia; blaTEM-1b; blaTEM-215; dfrA12; dfrA14; strAB; sul2; sul3,False,0.6923076923076923,False,0.0001827312863279085,0.023971403346553868,True
22,EW035_RS01885,pabA,gene,9,1,genome,2,annotation_mediated,0,0,9,0,1,MS_14386,blaTEM-1b; blaTEM-215; dfrA12; dfrA14; floR; fosA4; strAB; sul2; sul3,False,0.6923076923076923,False,0.0001827312863279085,0.023971403346553868,True
23,EW035_RS01890,argD,gene,9,1,genome,2,annotation_mediated,0,0,9,0,1,MS_14386,blaTEM-1b; blaTEM-215; dfrA12; dfrA14; floR; fosA4; strAB; sul2; sul3,False,0.6923076923076923,False,0.0001827312863279085,0.023971403346553868,True
24,EW035_RS02285,aroE,gene,9,1,genome,2,annotation_mediated,0,0,9,0,1,MS_14386,blaTEM-1b; blaTEM-215; dfrA12; dfrA14; floR; fosA4; strAB; sul2; sul3,False,0.6923076923076923,False,0.0001827312863279085,0.023971403346553868,True
25,EW035_RS02585,nanK,gene,9,1,genome,2,annotation_mediated,0,0,9,0,1,MS_14386,aadA1; aph(3')-Ia; blaTEM-1b; blaTEM-215; dfrA12; dfrA14; strAB; sul2; sul3,False,0.6923076923076923,False,0.0001827312863279085,0.023971403346553868,True
26,EW035_RS02610,gltB,gene,9,1,genome,2,annotation_mediated,0,0,9,0,1,MS_14386,blaTEM-1b; blaTEM-215; dfrA12; dfrA14; floR; fosA4; strAB; sul2; sul3,False,0.6923076923076923,False,0.0001827312863279085,0.023971403346553868,True
27,EW035_RS02810,argG,gene,9,1,genome,2,annotation_mediated,0,0,9,0,1,MS_14386,aadA1; aph(3')-Ia; blaTEM-1b; blaTEM-215; dfrA12; dfrA14; strAB; sul2; sul3,False,0.6923076923076923,False,0.0001827312863279085,0.023971403346553868,True
28,EW035_RS03095,tdcB,gene,9,1,genome,2,annotation_mediated,0,0,9,0,1,MS_14386,blaTEM-1b; blaTEM-215; dfrA12; dfrA14; floR; fosA4; strAB; sul2; sul3,False,0.6923076923076923,False,0.0001827312863279085,0.023971403346553868,True
29,EW035_RS03120,tdcG,gene,9,1,genome,2,annotation_mediated,0,0,9,0,1,MS_14386,blaTEM-1b; blaTEM-215; dfrA12; dfrA14; floR; fosA4; strAB; sul2; sul3,False,0.6923076923076923,False,0.0001827312863279085,0.023971403346553868,True
30,EW035_RS03915,speC,gene,9,1,genome,2,annotation_mediated,0,0,9,0,1,MS_14386,blaTEM-1b; blaTEM-215; dfrA12; dfrA14; floR; fosA4; strAB; sul2; sul3,False,0.6923076923076923,False,0.0001827312863279085,0.023971403346553868,True
31,EW035_RS04155,pgk,gene,9,1,genome,2,annotation_mediated,0,0,9,0,1,MS_14386,aadA1; aph(3')-Ia; blaTEM-1b; blaTEM-215; dfrA12; dfrA14; strAB; sul2; sul3,False,0.6923076923076923,False,0.0001827312863279085,0.023971403346553868,True
32,EW035_RS04160,fbaA,gene,9,1,genome,2,annotation_mediated,0,0,9,0,1,MS_14386,aadA1; aph(3')-Ia; blaTEM-1b; blaTEM-215; dfrA12; dfrA14; strAB; sul2; sul3,False,0.6923076923076923,False,0.0001827312863279085,0.023971403346553868,True
33,EW035_RS04220,serA,gene,9,1,genome,2,annotation_mediated,0,0,9,0,1,MS_14386,blaTEM-1b; blaTEM-215; dfrA12; dfrA14; floR; fosA4; strAB; sul2; sul3,False,0.6923076923076923,False,0.0001827312863279085,0.023971403346553868,True
34,EW035_RS04275,gcvT,gene,9,1,genome,2,annotation_mediated,0,0,9,0,1,MS_14386,blaTEM-1b; blaTEM-215; dfrA12; dfrA14; floR; fosA4; strAB; sul2; sul3,False,0.6923076923076923,False,0.0001827312863279085,0.023971403346553868,True
35,EW035_RS04280,gcvH,gene,9,1,genome,2,annotation_mediated,0,0,9,0,1,MS_14386,blaTEM-1b; blaTEM-215; dfrA12; dfrA14; floR; fosA4; strAB; sul2; sul3,False,0.6923076923076923,False,0.0001827312863279085,0.023971403346553868,True
36,EW035_RS04285,gcvP,gene,9,1,genome,2,annotation_mediated,0,0,9,0,1,MS_14386,blaTEM-1b; blaTEM-215; dfrA12; dfrA14; floR; fosA4; strAB; sul2; sul3,False,0.6923076923076923,False,0.0001827312863279085,0.023971403346553868,True
37,EW035_RS04670,lysA,gene,9,1,genome,2,annotation_mediated,0,0,9,0,1,MS_14386,blaTEM-1b; blaTEM-215; dfrA12; dfrA14; floR; fosA4; strAB; sul2; sul3,False,0.6923076923076923,False,0.0001827312863279085,0.023971403346553868,True
38,EW035_RS05050,sdaB,gene,9,1,genome,2,annotation_mediated,0,0,9,0,1,MS_14386,blaTEM-1b; blaTEM-215; dfrA12; dfrA14; floR; fosA4; strAB; sul2; sul3,False,0.6923076923076923,False,0.0001827312863279085,0.023971403346553868,True
39,EW035_RS05140,eno,gene,9,1,genome,2,annotation_mediated,0,0,9,0,1,MS_14386,aadA1; aph(3')-Ia; blaTEM-1b; blaTEM-215; dfrA12; dfrA14; strAB; sul2; sul3,False,0.6923076923076923,False,0.0001827312863279085,0.023971403346553868,True
40,EW035_RS05915,tyrA,gene,9,1,genome,2,annotation_mediated,0,0,9,0,1,MS_14386,blaTEM-1b; blaTEM-215; dfrA12; dfrA14; floR; fosA4; strAB; sul2; sul3,False,0.6923076923076923,False,0.0001827312863279085,0.023971403346553868,True
41,EW035_RS05920,pheA,gene,9,1,genome,2,annotation_mediated,0,0,9,0,1,MS_14386,blaTEM-1b; blaTEM-215; dfrA12; dfrA14; floR; fosA4; strAB; sul2; sul3,False,0.6923076923076923,False,0.0001827312863279085,0.023971403346553868,True
42,EW035_RS06135,purL,gene,9,1,genome,2,annotation_mediated,0,0,9,0,1,MS_14386,aadA1; aph(3')-Ia; blaTEM-1b; blaTEM-215; dfrA12; dfrA14; strAB; sul2; sul3,False,0.6923076923076923,False,0.0001827312863279085,0.023971403346553868,True
43,EW035_RS06165,glyA,gene,9,1,genome,2,annotation_mediated,0,0,9,0,1,MS_14386,blaTEM-1b; blaTEM-215; dfrA12; dfrA14; floR; fosA4; strAB; sul2; sul3,False,0.6923076923076923,False,0.0001827312863279085,0.023971403346553868,True
44,EW035_RS06330,ndk,gene,9,1,genome,2,annotation_mediated,0,0,9,0,1,MS_14386,aadA1; aph(3')-Ia; blaTEM-1b; blaTEM-215; dfrA12; dfrA14; strAB; sul2; sul3,False,0.6923076923076923,False,0.0001827312863279085,0.023971403346553868,True
45,EW035_RS07450,alaA,gene,9,1,genome,2,annotation_mediated,0,0,9,0,1,MS_14386,aac(3)-IId; blaTEM-1b; blaTEM-215; dfrA12; dfrA14; floR; fosA4; sul2; sul3,False,0.6923076923076923,False,0.0001827312863279085,0.023971403346553868,True
46,EW035_RS05135,pyrG,gene,9,1,genome,2,annotation_mediated,0,0,9,0,1,MS_14386,aadA1; aph(3')-Ia; blaTEM-1b; blaTEM-215; dfrA12; dfrA14; strAB; sul2; sul3,False,0.6923076923076923,False,0.0001827312863279085,0.023971403346553868,True
47,CHEBI:16016,Dihydroxyacetone,metabolite,8,4,metabolome,2,directly_observed; inferred,7,0,0,8,4,B36; MS_14384; MS_14386; MS_14387,blaCMY-2; dfrA12; dfrA14; dfrA17; sul1; sul2; sul3,True,0.6153846153846154,False,0.5055488872580757,0.8550645935707271,False
48,CHEBI:16108,Dihydroxyacetone phosphate,metabolite,8,4,metabolome,2,directly_observed; inferred,7,0,0,8,4,B36; MS_14384; MS_14386; MS_14387,blaCMY-2; dfrA12; dfrA14; dfrA17; sul1; sul2; sul3,True,0.6153846153846154,False,0.5055488872580757,0.8550645935707271,False
49,WP_001295175.1,emrA,protein,8,4,proteome,2,annotation_mediated,0,0,8,0,0,B36; MS_14384; MS_14386; MS_14387,aac(3)-IId; blaCMY-2; blaCTX-M-15; blaOXA-1; blaTEM-1b; blaTEM-215; strAB,True,0.6153846153846154,False,0.00023916594484194256,0.023971403346553868,True
50,WP_000091945.1,rplF,protein,8,4,proteome,2,annotation_mediated,0,0,8,0,0,B36; MS_14384; MS_14386; MS_14387,aac(3)-IId; aac(6')-Ib-cr5; aph(3')-Ia; blaCMY-2; blaOXA-1; blaTEM-1b; strAB,True,0.6153846153846154,False,0.00023916594484194256,0.023971403346553868,True
51,WP_000130100.1,rpsQ,protein,8,4,proteome,2,annotation_mediated,0,0,8,0,0,B36; MS_14384; MS_14386; MS_14387,aac(3)-IId; aac(6')-Ib-cr5; aph(3')-Ia; blaCMY-2; blaOXA-1; blaTEM-1b; strAB,True,0.6153846153846154,False,0.00023916594484194256,0.023971403346553868,True
52,WP_000135224.1,rpsD,protein,8,4,proteome,2,annotation_mediated,0,0,8,0,0,B36; MS_14384; MS_14386; MS_14387,aac(3)-IId; aac(6')-Ib-cr5; aph(3')-Ia; blaCMY-2; blaOXA-1; blaTEM-1b; strAB,True,0.6153846153846154,False,0.00023916594484194256,0.023971403346553868,True
53,WP_000246815.1,rpsL,protein,8,4,proteome,2,annotation_mediated,0,0,8,0,0,B36; MS_14384; MS_14386; MS_14387,aac(3)-IId; aac(6')-Ib-cr5; aph(3')-Ia; blaCMY-2; blaOXA-1; blaTEM-1b; strAB,True,0.6153846153846154,False,0.00023916594484194256,0.023971403346553868,True
54,WP_000263098.1,rpoB,protein,8,4,proteome,2,annotation_mediated,0,0,8,0,0,B36; MS_14384; MS_14386; MS_14387,aac(3)-IId; aac(6')-Ib-cr5; aph(3')-Ia; blaCMY-2; blaOXA-1; blaTEM-1b; strAB,True,0.6153846153846154,False,0.00023916594484194256,0.023971403346553868,True
55,WP_000424395.1,rplD,protein,8,4,proteome,2,annotation_mediated,0,0,8,0,0,B36; MS_14384; MS_14386; MS_14387,aac(3)-IId; aac(6')-Ib-cr5; aph(3')-Ia; blaCMY-2; blaOXA-1; blaTEM-1b; strAB,True,0.6153846153846154,False,0.00023916594484194256,0.023971403346553868,True
56,WP_000447529.1,rplV,protein,8,4,proteome,2,annotation_mediated,0,0,8,0,0,B36; MS_14384; MS_14386; MS_14387,aac(3)-IId; aac(6')-Ib-cr5; aph(3')-Ia; blaCMY-2; blaOXA-1; blaTEM-1b; strAB,True,0.6153846153846154,False,0.00023916594484194256,0.023971403346553868,True
57,WP_000617723.1,ftsE,protein,8,4,proteome,2,annotation_mediated,0,0,8,0,0,B36; MS_14384; MS_14386; MS_14387,aac(3)-IId; aac(6')-Ib-cr5; aph(3')-Ia; blaCMY-2; blaOXA-1; blaTEM-1b; strAB,True,0.6153846153846154,False,0.00023916594484194256,0.023971403346553868,True
58,WP_000624375.1,folA,protein,8,4,proteome,2,annotation_mediated,0,0,8,0,0,B36; MS_14384; MS_14386; MS_14387,aac(3)-IId; aac(6')-Ib-cr5; aph(3')-Ia; blaCMY-2; blaOXA-1; blaTEM-1b; strAB,True,0.6153846153846154,False,0.00023916594484194256,0.023971403346553868,True
59,WP_000776191.1,mrdA,protein,8,4,proteome,2,annotation_mediated,0,0,8,0,0,B36; MS_14384; MS_14386; MS_14387,aac(3)-IId; aac(6')-Ib-cr5; aph(3')-Ia; blaCMY-2; blaOXA-1; blaTEM-1b; strAB,True,0.6153846153846154,False,0.00023916594484194256,0.023971403346553868,True
60,CHEBI:17750,Betaine,metabolite,8,3,metabolome,2,directly_observed; inferred,7,0,0,8,3,B36; MS_14386; MS_14387,dfrA12; dfrA14; dfrA17; strAB; sul1; sul2; sul3,True,0.6153846153846154,False,0.5055488872580757,0.8550645935707271,False
61,CHEBI:17191,L-Isoleucine,metabolite,8,3,metabolome,2,directly_observed; inferred,7,0,0,8,3,B36; MS_14386; MS_14387,dfrA12; dfrA14; dfrA17; strAB; sul1; sul2; sul3,True,0.6153846153846154,False,0.5055488872580757,0.8550645935707271,False
62,CHEBI:17306,D-Maltose,metabolite,8,3,metabolome,2,directly_observed; inferred,7,0,0,8,3,B36; MS_14386; MS_14387,dfrA12; dfrA14; dfrA17; strAB; sul1; sul2; sul3,True,0.6153846153846154,False,0.5055488872580757,0.8550645935707271,False
63,CHEBI:15428,Glycine,metabolite,8,3,metabolome,2,directly_observed; inferred,7,0,0,8,3,B36; MS_14386; MS_14387,dfrA12; dfrA14; dfrA17; strAB; sul1; sul2; sul3,True,0.6153846153846154,False,0.5055488872580757,0.8550645935707271,False
64,CHEBI:15603,L-Leucine,metabolite,8,3,metabolome,2,directly_observed; inferred,7,0,0,8,3,B36; MS_14386; MS_14387,dfrA12; dfrA14; dfrA17; strAB; sul1; sul2; sul3,True,0.6153846153846154,False,0.5055488872580757,0.8550645935707271,False
65,CHEBI:17295,L-Phenylalanine,metabolite,8,3,metabolome,2,directly_observed; inferred,7,0,0,8,3,B36; MS_14386; MS_14387,dfrA12; dfrA14; dfrA17; strAB; sul1; sul2; sul3,True,0.6153846153846154,False,0.5055488872580757,0.8550645935707271,False
66,CHEBI:17057,Cellobiose,metabolite,8,3,metabolome,2,directly_observed; inferred,7,0,0,8,3,B36; MS_14386; MS_14387,dfrA12; dfrA14; dfrA17; strAB; sul1; sul2; sul3,True,0.6153846153846154,False,0.5055488872580757,0.8550645935707271,False
67,CHEBI:17361,Cytidine monophosphate,metabolite,8,3,metabolome,2,directly_observed; inferred,7,0,0,8,3,B36; MS_14386; MS_14387,dfrA12; dfrA14; dfrA17; strAB; sul1; sul2; sul3,True,0.6153846153846154,False,0.5055488872580757,0.8550645935707271,False
68,CHEBI:17115,L-Serine,metabolite,8,3,metabolome,2,directly_observed; inferred,7,0,0,8,3,B36; MS_14386; MS_14387,dfrA12; dfrA14; dfrA17; strAB; sul1; sul2; sul3,True,0.6153846153846154,False,0.5055488872580757,0.8550645935707271,False
69,CHEBI:16704,Uridine,metabolite,8,3,metabolome,2,directly_observed; inferred,7,0,0,8,3,B36; MS_14386; MS_14387,dfrA12; dfrA14; dfrA17; strAB; sul1; sul2; sul3,True,0.6153846153846154,False,0.5055488872580757,0.8550645935707271,False
70,CHEBI:17203,L-Proline,metabolite,8,3,metabolome,2,directly_observed; inferred,7,0,0,8,3,B36; MS_14386; MS_14387,dfrA12; dfrA14; dfrA17; strAB; sul1; sul2; sul3,True,0.6153846153846154,False,0.5055488872580757,0.8550645935707271,False
71,CHEBI:15570,D-Alanine,metabolite,8,3,metabolome,2,directly_observed; inferred,7,0,0,8,3,B36; MS_14386; MS_14387,dfrA12; dfrA14; dfrA17; strAB; sul1; sul2; sul3,True,0.6153846153846154,False,0.5055488872580757,0.8550645935707271,False
72,CHEBI:17562,Cytidine,metabolite,8,3,metabolome,2,directly_observed; inferred,7,0,0,8,3,B36; MS_14386; MS_14387,dfrA12; dfrA14; dfrA17; strAB; sul1; sul2; sul3,True,0.6153846153846154,False,0.5055488872580757,0.8550645935707271,False
73,CHEBI:16264,Uridine diphosphate-N-acetylglucosamine,metabolite,8,3,metabolome,2,directly_observed; inferred,7,0,0,8,3,B36; MS_14386; MS_14387,dfrA12; dfrA14; dfrA17; strAB; sul1; sul2; sul3,True,0.6153846153846154,False,0.5055488872580757,0.8550645935707271,False
74,CHEBI:16856,Glutathione,metabolite,8,3,metabolome,2,directly_observed; inferred,7,0,0,8,3,B36; MS_14386; MS_14387,dfrA12; dfrA14; dfrA17; strAB; sul1; sul2; sul3,True,0.6153846153846154,False,0.5055488872580757,0.8550645935707271,False
75,CHEBI:15824,D-Fructose,metabolite,8,3,metabolome,2,directly_observed; inferred,7,0,0,8,3,B36; MS_14386; MS_14387,dfrA12; dfrA14; dfrA17; strAB; sul1; sul2; sul3,True,0.6153846153846154,False,0.5055488872580757,0.8550645935707271,False
76,CHEBI:16335,Adenosine,metabolite,8,3,metabolome,2,directly_observed; inferred,7,0,0,8,3,B36; MS_14386; MS_14387,dfrA12; dfrA14; dfrA17; strAB; sul1; sul2; sul3,True,0.6153846153846154,False,0.5055488872580757,0.8550645935707271,False
77,CHEBI:15978,Glycerol 3-phosphate,metabolite,8,3,metabolome,2,directly_observed; inferred,7,0,0,8,3,B36; MS_14386; MS_14387,dfrA12; dfrA14; dfrA17; strAB; sul1; sul2; sul3,True,0.6153846153846154,False,0.5055488872580757,0.8550645935707271,False
78,CHEBI:16634,Raffinose,metabolite,8,3,metabolome,2,directly_observed; inferred,7,0,0,8,3,B36; MS_14386; MS_14387,dfrA12; dfrA14; dfrA17; strAB; sul1; sul2; sul3,True,0.6153846153846154,False,0.5055488872580757,0.8550645935707271,False
79,CHEBI:29069,Phthalic acid,metabolite,8,3,metabolome,2,directly_observed; inferred,7,0,0,8,3,B36; MS_14386; MS_14387,dfrA12; dfrA14; dfrA17; strAB; sul1; sul2; sul3,True,0.6153846153846154,False,0.5055488872580757,0.8550645935707271,False
80,CHEBI:17596,Inosine,metabolite,8,3,metabolome,2,directly_observed; inferred,7,0,0,8,3,B36; MS_14386; MS_14387,dfrA12; dfrA14; dfrA17; strAB; sul1; sul2; sul3,True,0.6153846153846154,False,0.5055488872580757,0.8550645935707271,False
81,CHEBI:16750,Guanosine,metabolite,8,3,metabolome,2,directly_observed; inferred,7,0,0,8,3,B36; MS_14386; MS_14387,dfrA12; dfrA14; dfrA17; strAB; sul1; sul2; sul3,True,0.6153846153846154,False,0.5055488872580757,0.8550645935707271,False
82,CHEBI:15971,L-Histidine,metabolite,8,3,metabolome,2,directly_observed; inferred,7,0,0,8,3,B36; MS_14386; MS_14387,dfrA12; dfrA14; dfrA17; strAB; sul1; sul2; sul3,True,0.6153846153846154,False,0.5055488872580757,0.8550645935707271,False
83,CHEBI:17992,Sucrose,metabolite,8,3,metabolome,2,directly_observed; inferred,7,0,0,8,3,B36; MS_14386; MS_14387,dfrA12; dfrA14; dfrA17; strAB; sul1; sul2; sul3,True,0.6153846153846154,False,0.5055488872580757,0.8550645935707271,False
84,CHEBI:17268,myo-Inositol,metabolite,8,3,metabolome,2,directly_observed; inferred,7,0,0,8,3,B36; MS_14386; MS_14387,dfrA12; dfrA14; dfrA17; strAB; sul1; sul2; sul3,True,0.6153846153846154,False,0.5055488872580757,0.8550645935707271,False
85,CHEBI:15698,Deoxycytidine,metabolite,8,3,metabolome,2,directly_observed; inferred,7,0,0,8,3,B36; MS_14386; MS_14387,dfrA12; dfrA14; dfrA17; strAB; sul1; sul2; sul3,True,0.6153846153846154,False,0.5055488872580757,0.8550645935707271,False
86,CHEBI:17754,Glycerol,metabolite,8,3,metabolome,2,directly_observed; inferred,7,0,0,8,3,B36; MS_14386; MS_14387,dfrA12; dfrA14; dfrA17; strAB; sul1; sul2; sul3,True,0.6153846153846154,False,0.5055488872580757,0.8550645935707271,False
87,CHEBI:18019,L-Lysine,metabolite,8,3,metabolome,2,directly_observed; inferred,7,0,0,8,3,B36; MS_14386; MS_14387,dfrA12; dfrA14; dfrA17; strAB; sul1; sul2; sul3,True,0.6153846153846154,False,0.5055488872580757,0.8550645935707271,False
88,CHEBI:16024,D-Mannose,metabolite,8,3,metabolome,2,directly_observed; inferred,7,0,0,8,3,B36; MS_14386; MS_14387,dfrA12; dfrA14; dfrA17; strAB; sul1; sul2; sul3,True,0.6153846153846154,False,0.5055488872580757,0.8550645935707271,False
89,CHEBI:37690,Allose,metabolite,8,3,metabolome,2,directly_observed; inferred,7,0,0,8,3,B36; MS_14386; MS_14387,dfrA12; dfrA14; dfrA17; strAB; sul1; sul2; sul3,True,0.6153846153846154,False,0.5055488872580757,0.8550645935707271,False
90,CHEBI:29864,Mannitol,metabolite,8,3,metabolome,2,directly_observed; inferred,7,0,0,8,3,B36; MS_14386; MS_14387,dfrA12; dfrA14; dfrA17; strAB; sul1; sul2; sul3,True,0.6153846153846154,False,0.5055488872580757,0.8550645935707271,False
91,CHEBI:16988,D-Ribose,metabolite,8,3,metabolome,2,directly_observed; inferred,7,0,0,8,3,B36; MS_14386; MS_14387,dfrA12; dfrA14; dfrA17; strAB; sul1; sul2; sul3,True,0.6153846153846154,False,0.5055488872580757,0.8550645935707271,False
92,CHEBI:65327,D-Xylose,metabolite,8,3,metabolome,2,directly_observed; inferred,7,0,0,8,3,B36; MS_14386; MS_14387,dfrA12; dfrA14; dfrA17; strAB; sul1; sul2; sul3,True,0.6153846153846154,False,0.5055488872580757,0.8550645935707271,False
93,WP_000150637.1,yadG,protein,8,3,proteome,2,annotation_mediated,0,0,8,0,0,MS_14384; MS_14386; MS_14387,aac(3)-IId; aph(3')-Ia; blaCMY-2; blaTEM-1b; blaTEM-215; strAB,True,0.6153846153846154,False,0.00023916594484194256,0.023971403346553868,True
94,EW035_RS02790,glmM,gene,8,1,genome,2,annotation_mediated,0,0,8,0,1,MS_14386,blaTEM-1b; blaTEM-215; dfrA12; dfrA14; floR; strAB; sul2; sul3,False,0.6153846153846154,False,0.0008744032550341127,0.06373869787831994,False
95,EW035_RS03065,garK,gene,8,1,genome,2,annotation_mediated,0,0,8,0,1,MS_14386,blaTEM-1b; blaTEM-215; dfrA12; dfrA14; floR; strAB; sul2; sul3,False,0.6153846153846154,False,0.0008744032550341127,0.06373869787831994,False
96,EW035_RS04090,tkt,gene,8,1,genome,2,annotation_mediated,0,0,8,0,1,MS_14386,blaTEM-1b; blaTEM-215; dfrA12; dfrA14; floR; strAB; sul2; sul3,False,0.6153846153846154,False,0.0008744032550341127,0.06373869787831994,False
97,EW035_RS04215,rpiA,gene,8,1,genome,2,annotation_mediated,0,0,8,0,1,MS_14386,blaTEM-1b; blaTEM-215; dfrA12; dfrA14; floR; strAB; sul2; sul3,False,0.6153846153846154,False,0.0008744032550341127,0.06373869787831994,False
98,EW035_RS06420,purN,gene,8,1,genome,2,annotation_mediated,0,0,8,0,1,MS_14386,aadA1; aph(3')-Ia; blaTEM-1b; blaTEM-215; dfrA12; dfrA14; sul2; sul3,False,0.6153846153846154,False,0.0008744032550341127,0.06373869787831994,False
99,EW035_RS06425,purM,gene,8,1,genome,2,annotation_mediated,0,0,8,0,1,MS_14386,aadA1; aph(3')-Ia; blaTEM-1b; blaTEM-215; dfrA12; dfrA14; sul2; sul3,False,0.6153846153846154,False,0.0008744032550341127,0.06373869787831994,False
100,EW035_RS06535,dapA,gene,8,1,genome,2,annotation_mediated,0,0,8,0,1,MS_14386,blaTEM-1b; blaTEM-215; dfrA12; dfrA14; floR; fosA4; sul2; sul3,False,0.6153846153846154,False,0.0008744032550341127,0.06373869787831994,False
101,EW035_RS06545,purC,gene,8,1,genome,2,annotation_mediated,0,0,8,0,1,MS_14386,aadA1; aph(3')-Ia; blaTEM-1b; blaTEM-215; dfrA12; dfrA14; sul2; sul3,False,0.6153846153846154,False,0.0008744032550341127,0.06373869787831994,False
102,EW035_RS06625,tal,gene,8,1,genome,2,annotation_mediated,0,0,8,0,1,MS_14386,aadA1; aph(3')-Ia; blaTEM-1b; blaTEM-215; dfrA12; dfrA14; sul2; sul3,False,0.6153846153846154,False,0.0008744032550341127,0.06373869787831994,False
103,EW035_RS06795,cysM,gene,8,1,genome,2,annotation_mediated,0,0,8,0,1,MS_14386,blaTEM-1b; blaTEM-215; dfrA12; dfrA14; floR; fosA4; sul2; sul3,False,0.6153846153846154,False,0.0008744032550341127,0.06373869787831994,False
104,EW035_RS06825,cysK,gene,8,1,genome,2,annotation_mediated,0,0,8,0,1,MS_14386,blaTEM-1b; blaTEM-215; dfrA12; dfrA14; floR; fosA4; sul2; sul3,False,0.6153846153846154,False,0.0008744032550341127,0.06373869787831994,False
105,EW035_RS06960,glk,gene,8,1,genome,2,annotation_mediated,0,0,8,0,1,MS_14386,aadA1; aph(3')-Ia; blaTEM-1b; blaTEM-215; dfrA12; dfrA14; sul2; sul3,False,0.6153846153846154,False,0.0008744032550341127,0.06373869787831994,False
106,EW035_RS07255,aroC,gene,8,1,genome,2,annotation_mediated,0,0,8,0,1,MS_14386,blaTEM-1b; blaTEM-215; dfrA12; dfrA14; floR; fosA4; sul2; sul3,False,0.6153846153846154,False,0.0008744032550341127,0.06373869787831994,False
107,EW035_RS07305,usg,gene,8,1,genome,2,annotation_mediated,0,0,8,0,1,MS_14386,blaTEM-1b; blaTEM-215; dfrA12; dfrA14; floR; fosA4; sul2; sul3,False,0.6153846153846154,False,0.0008744032550341127,0.06373869787831994,False
108,EW035_RS07340,purF,gene,8,1,genome,2,annotation_mediated,0,0,8,0,1,MS_14386,aadA1; aph(3')-Ia; blaTEM-1b; blaTEM-215; dfrA12; dfrA14; sul2; sul3,False,0.6153846153846154,False,0.0008744032550341127,0.06373869787831994,False
109,EW035_RS08040,fruK,gene,8,1,genome,2,annotation_mediated,0,0,8,0,1,MS_14386,aadA1; aph(3')-Ia; blaTEM-1b; blaTEM-215; dfrA12; dfrA14; sul2; sul3,False,0.6153846153846154,False,0.0008744032550341127,0.06373869787831994,False
110,EW035_RS03955,ansB,gene,8,1,genome,2,annotation_mediated,0,0,8,0,1,MS_14386,aadA1; dfrA12; dfrA14; floR; fosA4; strAB; sul2; sul3,False,0.6153846153846154,False,0.0008744032550341127,0.06373869787831994,False
111,EW035_RS06410,ppx,gene,8,1,genome,2,annotation_mediated,0,0,8,0,1,MS_14386,aadA1; aph(3')-Ia; dfrA12; dfrA14; floR; strAB; sul2; sul3,False,0.6153846153846154,False,0.0008744032550341127,0.06373869787831994,False
112,WP_000818618.1,aroK,protein,7,4,proteome,2,annotation_mediated,0,0,7,0,0,B36; MS_14384; MS_14386; MS_14387,aac(3)-IId; aac(6')-Ib-cr5; aph(3')-Ia; blaCMY-2; blaOXA-1; blaTEM-1b,True,0.5384615384615384,False,0.0012449606331546845,0.08556436580153125,False
113,WP_000940121.1,rpsE,protein,7,4,proteome,2,annotation_mediated,0,0,7,0,0,B36; MS_14384; MS_14386; MS_14387,aac(3)-IId; aac(6')-Ib-cr5; aph(3')-Ia; blaCMY-2; blaOXA-1; blaTEM-1b,True,0.5384615384615384,False,0.0012449606331546845,0.08556436580153125,False
114,CHEBI:32796,D-2-Hydroxyglutaric acid,metabolite,7,3,metabolome,2,directly_observed; inferred,7,0,0,7,3,B36; MS_14386; MS_14387,dfrA12; dfrA14; dfrA17; sul1; sul2; sul3,True,0.5384615384615384,False,0.6500413256877839,0.8550645935707271,False
115,CHEBI:15966,D-Glutamic acid,metabolite,7,3,metabolome,2,directly_observed; inferred,7,0,0,7,3,B36; MS_14386; MS_14387,dfrA12; dfrA14; dfrA17; sul1; sul2; sul3,True,0.5384615384615384,False,0.6500413256877839,0.8550645935707271,False
116,CHEBI:17724,Dimethylglycine,metabolite,7,3,metabolome,2,directly_observed; inferred,7,0,0,7,3,B36; MS_14386; MS_14387,dfrA12; dfrA14; dfrA17; sul1; sul2; sul3,True,0.5384615384615384,False,0.6500413256877839,0.8550645935707271,False
117,CHEBI:17858,Oxidized glutathione,metabolite,7,3,metabolome,2,directly_observed; inferred,7,0,0,7,3,B36; MS_14386; MS_14387,dfrA12; dfrA14; dfrA17; sul1; sul2; sul3,True,0.5384615384615384,False,0.6500413256877839,0.8550645935707271,False
118,CHEBI:32797,L-2-Hydroxyglutaric acid,metabolite,7,3,metabolome,2,directly_observed; inferred,7,0,0,7,3,B36; MS_14386; MS_14387,dfrA12; dfrA14; dfrA17; sul1; sul2; sul3,True,0.5384615384615384,False,0.6500413256877839,0.8550645935707271,False
119,CHEBI:17154,Niacinamide,metabolite,7,3,metabolome,2,directly_observed; inferred,7,0,0,7,3,B36; MS_14386; MS_14387,dfrA12; dfrA14; dfrA17; sul1; sul2; sul3,True,0.5384615384615384,False,0.6500413256877839,0.8550645935707271,False
120,CHEBI:7916,Pantothenic acid,metabolite,7,3,metabolome,2,directly_observed; inferred,7,0,0,7,3,B36; MS_14386; MS_14387,dfrA12; dfrA14; dfrA17; sul1; sul2; sul3,True,0.5384615384615384,False,0.6500413256877839,0.8550645935707271,False
121,CHEBI:17368,Hypoxanthine,metabolite,7,3,metabolome,2,directly_observed; inferred,7,0,0,7,3,B36; MS_14386; MS_14387,dfrA12; dfrA14; dfrA17; sul1; sul2; sul3,True,0.5384615384615384,False,0.6500413256877839,0.8550645935707271,False
122,CHEBI:17895,L-Tyrosine,metabolite,7,3,metabolome,2,directly_observed; inferred,7,0,0,7,3,B36; MS_14386; MS_14387,dfrA12; dfrA14; dfrA17; sul1; sul2; sul3,True,0.5384615384615384,False,0.6500413256877839,0.8550645935707271,False
123,CHEBI:422,L-Lactic acid,metabolite,7,3,metabolome,2,directly_observed; inferred,7,0,0,7,3,B36; MS_14386; MS_14387,dfrA12; dfrA14; dfrA17; sul1; sul2; sul3,True,0.5384615384615384,False,0.6500413256877839,0.8550645935707271,False
124,CHEBI:16708,Adenine,metabolite,7,3,metabolome,2,directly_observed; inferred,7,0,0,7,3,B36; MS_14386; MS_14387,dfrA12; dfrA14; dfrA17; sul1; sul2; sul3,True,0.5384615384615384,False,0.6500413256877839,0.8550645935707271,False
125,CHEBI:17533,N-Acetylglutamic acid,metabolite,7,3,metabolome,2,directly_observed; inferred,7,0,0,7,3,B36; MS_14386; MS_14387,dfrA12; dfrA14; dfrA17; sul1; sul2; sul3,True,0.5384615384615384,False,0.6500413256877839,0.8550645935707271,False
126,CHEBI:30838,Itaconic acid,metabolite,7,3,metabolome,2,directly_observed; inferred,7,0,0,7,3,B36; MS_14386; MS_14387,dfrA12; dfrA14; dfrA17; sul1; sul2; sul3,True,0.5384615384615384,False,0.6500413256877839,0.8550645935707271,False
127,CHEBI:16865,Gamma-Aminobutyric acid,metabolite,7,3,metabolome,2,directly_observed; inferred,7,0,0,7,3,B36; MS_14386; MS_14387,dfrA12; dfrA14; dfrA17; sul1; sul2; sul3,True,0.5384615384615384,False,0.6500413256877839,0.8550645935707271,False
128,CHEBI:17497,Glycolic acid,metabolite,7,3,metabolome,2,directly_observed; inferred,7,0,0,7,3,B36; MS_14386; MS_14387,dfrA12; dfrA14; dfrA17; sul1; sul2; sul3,True,0.5384615384615384,False,0.6500413256877839,0.8550645935707271,False
129,CHEBI:28842,Stearic acid,metabolite,7,3,metabolome,2,directly_observed; inferred,7,0,0,7,3,B36; MS_14386; MS_14387,dfrA12; dfrA14; dfrA17; sul1; sul2; sul3,True,0.5384615384615384,False,0.6500413256877839,0.8550645935707271,False
130,CHEBI:18066,Uridine diphosphate glucose,metabolite,7,3,metabolome,2,directly_observed; inferred,7,0,0,7,3,B36; MS_14386; MS_14387,dfrA12; dfrA14; dfrA17; sul1; sul2; sul3,True,0.5384615384615384,False,0.6500413256877839,0.8550645935707271,False
131,CHEBI:16695,Uridine 5'-monophosphate,metabolite,7,3,metabolome,2,directly_observed; inferred,7,0,0,7,3,B36; MS_14386; MS_14387,dfrA12; dfrA14; dfrA17; sul1; sul2; sul3,True,0.5384615384615384,False,0.6500413256877839,0.8550645935707271,False
132,CHEBI:15756,Palmitic acid,metabolite,7,3,metabolome,2,directly_observed; inferred,7,0,0,7,3,B36; MS_14386; MS_14387,dfrA12; dfrA14; dfrA17; sul1; sul2; sul3,True,0.5384615384615384,False,0.6500413256877839,0.8550645935707271,False
133,CHEBI:16742,Orotic acid,metabolite,7,3,metabolome,2,directly_observed; inferred,7,0,0,7,3,B36; MS_14386; MS_14387,dfrA12; dfrA14; dfrA17; sul1; sul2; sul3,True,0.5384615384615384,False,0.6500413256877839,0.8550645935707271,False
134,CHEBI:17568,Uracil,metabolite,7,3,metabolome,2,directly_observed; inferred,7,0,0,7,3,B36; MS_14386; MS_14387,dfrA12; dfrA14; dfrA17; sul1; sul2; sul3,True,0.5384615384615384,False,0.6500413256877839,0.8550645935707271,False
135,CHEBI:18307,Uridine diphosphategalactose,metabolite,7,3,metabolome,2,directly_observed; inferred,7,0,0,7,3,B36; MS_14386; MS_14387,dfrA12; dfrA14; dfrA17; sul1; sul2; sul3,True,0.5384615384615384,False,0.6500413256877839,0.8550645935707271,False
136,CHEBI:17925,Alpha-D-Glucose,metabolite,7,3,metabolome,2,directly_observed; inferred,7,0,0,7,3,B36; MS_14386; MS_14387,dfrA12; dfrA14; dfrA17; sul1; sul2; sul3,True,0.5384615384615384,False,0.6500413256877839,0.8550645935707271,False
137,CHEBI:44897,Phosphoenolpyruvic acid,metabolite,7,3,metabolome,2,directly_observed; inferred,7,0,0,7,3,B36; MS_14386; MS_14387,dfrA12; dfrA14; dfrA17; sul1; sul2; sul3,True,0.5384615384615384,False,0.6500413256877839,0.8550645935707271,False
138,CHEBI:15346,Coenzyme A,metabolite,7,3,metabolome,2,directly_observed; inferred,7,0,0,7,3,B36; MS_14386; MS_14387,dfrA12; dfrA14; dfrA17; sul1; sul2; sul3,True,0.5384615384615384,False,0.6500413256877839,0.8550645935707271,False
139,CHEBI:17489,Cyclic AMP,metabolite,7,3,metabolome,2,directly_observed; inferred,7,0,0,7,3,B36; MS_14386; MS_14387,dfrA12; dfrA14; dfrA17; sul1; sul2; sul3,True,0.5384615384615384,False,0.6500413256877839,0.8550645935707271,False
140,CHEBI:17821,Thymine,metabolite,7,3,metabolome,2,directly_observed; inferred,7,0,0,7,3,B36; MS_14386; MS_14387,dfrA12; dfrA14; dfrA17; sul1; sul2; sul3,True,0.5384615384615384,False,0.6500413256877839,0.8550645935707271,False
141,CHEBI:15351,Acetyl-CoA,metabolite,7,3,metabolome,2,directly_observed; inferred,7,0,0,7,3,B36; MS_14386; MS_14387,dfrA12; dfrA14; dfrA17; sul1; sul2; sul3,True,0.5384615384615384,False,0.6500413256877839,0.8550645935707271,False
142,CHEBI:28718,L-Allothreonine,metabolite,7,3,metabolome,2,directly_observed; inferred,7,0,0,7,3,B36; MS_14386; MS_14387,dfrA12; dfrA14; dfrA17; sul1; sul2; sul3,True,0.5384615384615384,False,0.6500413256877839,0.8550645935707271,False
143,CHEBI:17345,Guanosine monophosphate,metabolite,7,3,metabolome,2,directly_observed; inferred,7,0,0,7,3,B36; MS_14386; MS_14387,dfrA12; dfrA14; dfrA17; sul1; sul2; sul3,True,0.5384615384615384,False,0.6500413256877839,0.8550645935707271,False
144,CHEBI:30746,Benzoic acid,metabolite,7,3,metabolome,2,directly_observed; inferred,7,0,0,7,3,B36; MS_14386; MS_14387,dfrA12; dfrA14; dfrA17; sul1; sul2; sul3,True,0.5384615384615384,False,0.6500413256877839,0.8550645935707271,False
145,CHEBI:15940,Nicotinic acid,metabolite,7,3,metabolome,2,directly_observed; inferred,7,0,0,7,3,B36; MS_14386; MS_14387,dfrA12; dfrA14; dfrA17; sul1; sul2; sul3,True,0.5384615384615384,False,0.6500413256877839,0.8550645935707271,False
146,CHEBI:17364,D-Aspartic acid,metabolite,7,3,metabolome,2,directly_observed; inferred,7,0,0,7,3,B36; MS_14386; MS_14387,dfrA12; dfrA14; dfrA17; sul1; sul2; sul3,True,0.5384615384615384,False,0.6500413256877839,0.8550645935707271,False
147,CHEBI:42111,D-Lactic acid,metabolite,7,3,metabolome,2,directly_observed; inferred,7,0,0,7,3,B36; MS_14386; MS_14387,dfrA12; dfrA14; dfrA17; sul1; sul2; sul3,True,0.5384615384615384,False,0.6500413256877839,0.8550645935707271,False
148,CHEBI:17713,Deoxyadenosine monophosphate,metabolite,7,3,metabolome,2,directly_observed; inferred,7,0,0,7,3,B36; MS_14386; MS_14387,dfrA12; dfrA14; dfrA17; sul1; sul2; sul3,True,0.5384615384615384,False,0.6500413256877839,0.8550645935707271,False
149,CHEBI:17061,D-Glutamine,metabolite,7,3,metabolome,2,directly_observed; inferred,7,0,0,7,3,B36; MS_14386; MS_14387,dfrA12; dfrA14; dfrA17; sul1; sul2; sul3,True,0.5384615384615384,False,0.6500413256877839,0.8550645935707271,False
150,CHEBI:30794,Malonic acid,metabolite,7,3,metabolome,2,directly_observed; inferred,7,0,0,7,3,B36; MS_14386; MS_14387,dfrA12; dfrA14; dfrA17; sul1; sul2; sul3,True,0.5384615384615384,False,0.6500413256877839,0.8550645935707271,False
151,CHEBI:30745,Phenylacetic acid,metabolite,7,3,metabolome,2,directly_observed; inferred,7,0,0,7,3,B36; MS_14386; MS_14387,dfrA12; dfrA14; dfrA17; sul1; sul2; sul3,True,0.5384615384615384,False,0.6500413256877839,0.8550645935707271,False
152,CHEBI:16040,Cytosine,metabolite,7,3,metabolome,2,directly_observed; inferred,7,0,0,7,3,B36; MS_14386; MS_14387,dfrA12; dfrA14; dfrA17; sul1; sul2; sul3,True,0.5384615384615384,False,0.6500413256877839,0.8550645935707271,False
153,CHEBI:28837,Caprylic acid,metabolite,7,3,metabolome,2,directly_observed; inferred,7,0,0,7,3,B36; MS_14386; MS_14387,dfrA12; dfrA14; dfrA17; sul1; sul2; sul3,True,0.5384615384615384,False,0.6500413256877839,0.8550645935707271,False
154,CHEBI:28875,Myristic acid,metabolite,7,3,metabolome,2,directly_observed; inferred,7,0,0,7,3,B36; MS_14386; MS_14387,dfrA12; dfrA14; dfrA17; sul1; sul2; sul3,True,0.5384615384615384,False,0.6500413256877839,0.8550645935707271,False
155,CHEBI:15721,D-Sedoheptulose 7-phosphate,metabolite,7,3,metabolome,2,directly_observed; inferred,7,0,0,7,3,B36; MS_14386; MS_14387,dfrA12; dfrA14; dfrA17; sul1; sul2; sul3,True,0.5384615384615384,False,0.6500413256877839,0.8550645935707271,False
156,CHEBI:17588,L-Homocysteine,metabolite,7,3,metabolome,2,directly_observed; inferred,7,0,0,7,3,B36; MS_14386; MS_14387,dfrA12; dfrA14; dfrA17; sul1; sul2; sul3,True,0.5384615384615384,False,0.6500413256877839,0.8550645935707271,False
157,CHEBI:16600,Mesaconic acid,metabolite,7,3,metabolome,2,directly_observed; inferred,7,0,0,7,3,B36; MS_14386; MS_14387,dfrA12; dfrA14; dfrA17; sul1; sul2; sul3,True,0.5384615384615384,False,0.6500413256877839,0.8550645935707271,False
158,CHEBI:30763,4-Hydroxybenzoic acid,metabolite,7,3,metabolome,2,directly_observed; inferred,7,0,0,7,3,B36; MS_14386; MS_14387,dfrA12; dfrA14; dfrA17; sul1; sul2; sul3,True,0.5384615384615384,False,0.6500413256877839,0.8550645935707271,False
159,CHEBI:30805,Dodecanoic acid,metabolite,7,3,metabolome,2,directly_observed; inferred,7,0,0,7,3,B36; MS_14386; MS_14387,dfrA12; dfrA14; dfrA17; sul1; sul2; sul3,True,0.5384615384615384,False,0.6500413256877839,0.8550645935707271,False
160,CHEBI:30813,Capric acid,metabolite,7,3,metabolome,2,directly_observed; inferred,7,0,0,7,3,B36; MS_14386; MS_14387,dfrA12; dfrA14; dfrA17; sul1; sul2; sul3,True,0.5384615384615384,False,0.6500413256877839,0.8550645935707271,False
161,CHEBI:16643,L-Methionine,metabolite,7,3,metabolome,2,directly_observed; inferred,7,0,0,7,3,B36; MS_14386; MS_14387,dfrA12; dfrA14; dfrA17; sul1; sul2; sul3,True,0.5384615384615384,False,0.6500413256877839,0.8550645935707271,False
162,CHEBI:30772,Butyric acid,metabolite,7,3,metabolome,2,directly_observed; inferred,7,0,0,7,3,B36; MS_14386; MS_14387,dfrA12; dfrA14; dfrA17; sul1; sul2; sul3,True,0.5384615384615384,False,0.6500413256877839,0.8550645935707271,False
163,CHEBI:15918,dCMP,metabolite,7,3,metabolome,2,directly_observed; inferred,7,0,0,7,3,B36; MS_14386; MS_14387,dfrA12; dfrA14; dfrA17; sul1; sul2; sul3,True,0.5384615384615384,False,0.6500413256877839,0.8550645935707271,False
164,CHEBI:16000,Ethanolamine,metabolite,7,3,metabolome,2,directly_observed; inferred,7,0,0,7,3,B36; MS_14386; MS_14387,dfrA12; dfrA14; dfrA17; sul1; sul2; sul3,True,0.5384615384615384,False,0.6500413256877839,0.8550645935707271,False
165,CHEBI:16238,FAD,metabolite,7,3,metabolome,2,directly_observed; inferred,7,0,0,7,3,B36; MS_14386; MS_14387,dfrA12; dfrA14; dfrA17; sul1; sul2; sul3,True,0.5384615384615384,False,0.6500413256877839,0.8550645935707271,False
166,CHEBI:17859,Glutaric acid,metabolite,7,3,metabolome,2,directly_observed; inferred,7,0,0,7,3,B36; MS_14386; MS_14387,dfrA12; dfrA14; dfrA17; sul1; sul2; sul3,True,0.5384615384615384,False,0.6500413256877839,0.8550645935707271,False
167,CHEBI:16995,Oxalic acid,metabolite,7,3,metabolome,2,directly_observed; inferred,7,0,0,7,3,B36; MS_14386; MS_14387,dfrA12; dfrA14; dfrA17; sul1; sul2; sul3,True,0.5384615384615384,False,0.6500413256877839,0.8550645935707271,False
168,CHEBI:16855,D-Lysine,metabolite,7,3,metabolome,2,directly_observed; inferred,7,0,0,7,3,B36; MS_14386; MS_14387,dfrA12; dfrA14; dfrA17; sul1; sul2; sul3,True,0.5384615384615384,False,0.6500413256877839,0.8550645935707271,False
169,CHEBI:15999,4-Hydroxyphenylpyruvic acid,metabolite,7,3,metabolome,2,directly_observed; inferred,7,0,0,7,3,B36; MS_14386; MS_14387,dfrA12; dfrA14; dfrA17; sul1; sul2; sul3,True,0.5384615384615384,False,0.6500413256877839,0.8550645935707271,False
170,CHEBI:16259,N-Acetyl-L-phenylalanine,metabolite,7,3,metabolome,2,directly_observed; inferred,7,0,0,7,3,B36; MS_14386; MS_14387,dfrA12; dfrA14; dfrA17; sul1; sul2; sul3,True,0.5384615384615384,False,0.6500413256877839,0.8550645935707271,False
171,CHEBI:16813,Galactitol,metabolite,7,3,metabolome,2,directly_observed; inferred,7,0,0,7,3,B36; MS_14386; MS_14387,dfrA12; dfrA14; dfrA17; sul1; sul2; sul3,True,0.5384615384615384,False,0.6500413256877839,0.8550645935707271,False
172,CHEBI:16828,L-Tryptophan,metabolite,7,3,metabolome,2,directly_observed; inferred,7,0,0,7,3,B36; MS_14386; MS_14387,dfrA12; dfrA14; dfrA17; sul1; sul2; sul3,True,0.5384615384615384,False,0.6500413256877839,0.8550645935707271,False
173,CHEBI:15887,5-Aminopentanoic acid,metabolite,7,3,metabolome,2,directly_observed; inferred,7,0,0,7,3,B36; MS_14386; MS_14387,dfrA12; dfrA14; dfrA17; sul1; sul2; sul3,True,0.5384615384615384,False,0.6500413256877839,0.8550645935707271,False
174,CHEBI:16680,S-Adenosylhomocysteine,metabolite,7,3,metabolome,2,directly_observed; inferred,7,0,0,7,3,B36; MS_14386; MS_14387,dfrA12; dfrA14; dfrA17; sul1; sul2; sul3,True,0.5384615384615384,False,0.6500413256877839,0.8550645935707271,False
175,CHEBI:18127,Cadaverine,metabolite,7,3,metabolome,2,directly_observed; inferred,7,0,0,7,3,B36; MS_14386; MS_14387,dfrA12; dfrA14; dfrA17; sul1; sul2; sul3,True,0.5384615384615384,False,0.6500413256877839,0.8550645935707271,False
176,CHEBI:18333,D-Arabitol,metabolite,7,3,metabolome,2,directly_observed; inferred,7,0,0,7,3,B36; MS_14386; MS_14387,dfrA12; dfrA14; dfrA17; sul1; sul2; sul3,True,0.5384615384615384,False,0.6500413256877839,0.8550645935707271,False
177,CHEBI:15732,Phosphonoacetate,metabolite,7,3,metabolome,2,directly_observed; inferred,7,0,0,7,3,B36; MS_14386; MS_14387,dfrA12; dfrA14; dfrA17; sul1; sul2; sul3,True,0.5384615384615384,False,0.6500413256877839,0.8550645935707271,False
178,CHEBI:15901,Dihydrouracil,metabolite,7,3,metabolome,2,directly_observed; inferred,7,0,0,7,3,B36; MS_14386; MS_14387,dfrA12; dfrA14; dfrA17; sul1; sul2; sul3,True,0.5384615384615384,False,0.6500413256877839,0.8550645935707271,False
179,CHEBI:15699,L-Homoserine,metabolite,7,3,metabolome,2,directly_observed; inferred,7,0,0,7,3,B36; MS_14386; MS_14387,dfrA12; dfrA14; dfrA17; sul1; sul2; sul3,True,0.5384615384615384,False,0.6500413256877839,0.8550645935707271,False
180,CHEBI:28716,Palmitoleic acid,metabolite,7,3,metabolome,2,directly_observed; inferred,7,0,0,7,3,B36; MS_14386; MS_14387,dfrA12; dfrA14; dfrA17; sul1; sul2; sul3,True,0.5384615384615384,False,0.6500413256877839,0.8550645935707271,False
181,CHEBI:21547,N-Acetyl-L-aspartic acid,metabolite,7,3,metabolome,2,directly_observed; inferred,7,0,0,7,3,B36; MS_14386; MS_14387,dfrA12; dfrA14; dfrA17; sul1; sul2; sul3,True,0.5384615384615384,False,0.6500413256877839,0.8550645935707271,False
182,CHEBI:17509,5'-Methylthioadenosine,metabolite,7,3,metabolome,2,directly_observed; inferred,7,0,0,7,3,B36; MS_14386; MS_14387,dfrA12; dfrA14; dfrA17; sul1; sul2; sul3,True,0.5384615384615384,False,0.6500413256877839,0.8550645935707271,False
183,CHEBI:16235,Guanine,metabolite,7,3,metabolome,2,directly_observed; inferred,7,0,0,7,3,B36; MS_14386; MS_14387,dfrA12; dfrA14; dfrA17; sul1; sul2; sul3,True,0.5384615384615384,False,0.6500413256877839,0.8550645935707271,False
184,CHEBI:28189,Isomaltose,metabolite,7,3,metabolome,2,directly_observed; inferred,7,0,0,7,3,B36; MS_14386; MS_14387,dfrA12; dfrA14; dfrA17; sul1; sul2; sul3,True,0.5384615384615384,False,0.6500413256877839,0.8550645935707271,False
185,CHEBI:30887,Isocitric acid,metabolite,7,3,metabolome,2,directly_observed; inferred,7,0,0,7,3,B36; MS_14386; MS_14387,dfrA12; dfrA14; dfrA17; sul1; sul2; sul3,True,0.5384615384615384,False,0.6500413256877839,0.8550645935707271,False
186,CHEBI:27956,L-Dehydroascorbic acid,metabolite,7,3,metabolome,2,directly_observed; inferred,7,0,0,7,3,B36; MS_14386; MS_14387,dfrA12; dfrA14; dfrA17; sul1; sul2; sul3,True,0.5384615384615384,False,0.6500413256877839,0.8550645935707271,False
187,CHEBI:17108,D-Arabinose,metabolite,7,3,metabolome,2,directly_observed; inferred,7,0,0,7,3,B36; MS_14386; MS_14387,dfrA12; dfrA14; dfrA17; sul1; sul2; sul3,True,0.5384615384615384,False,0.6500413256877839,0.8550645935707271,False
188,CHEBI:18300,Maleic acid,metabolite,7,3,metabolome,2,directly_observed; inferred,7,0,0,7,3,B36; MS_14386; MS_14387,dfrA12; dfrA14; dfrA17; sul1; sul2; sul3,True,0.5384615384615384,False,0.6500413256877839,0.8550645935707271,False
189,CHEBI:16958,beta-Alanine,metabolite,7,3,metabolome,2,directly_observed; inferred,7,0,0,7,3,B36; MS_14386; MS_14387,dfrA12; dfrA14; dfrA17; sul1; sul2; sul3,True,0.5384615384615384,False,0.6500413256877839,0.8550645935707271,False
190,CHEBI:175195,"Adenosine 2',3'-cyclic phosphate",metabolite,7,3,metabolome,2,directly_observed; inferred,7,0,0,7,3,B36; MS_14386; MS_14387,dfrA12; dfrA14; dfrA17; sul1; sul2; sul3,True,0.5384615384615384,False,0.6500413256877839,0.8550645935707271,False
191,CHEBI:17351,Linoleic acid,metabolite,7,3,metabolome,2,directly_observed; inferred,7,0,0,7,3,B36; MS_14386; MS_14387,dfrA12; dfrA14; dfrA17; sul1; sul2; sul3,True,0.5384615384615384,False,0.6500413256877839,0.8550645935707271,False
192,CHEBI:10642,scyllo-Inositol,metabolite,7,3,metabolome,2,directly_observed; inferred,7,0,0,7,3,B36; MS_14386; MS_14387,dfrA12; dfrA14; dfrA17; sul1; sul2; sul3,True,0.5384615384615384,False,0.6500413256877839,0.8550645935707271,False
193,CHEBI:17748,Thymidine,metabolite,7,3,metabolome,2,directly_observed; inferred,7,0,0,7,3,B36; MS_14386; MS_14387,dfrA12; dfrA14; dfrA17; sul1; sul2; sul3,True,0.5384615384615384,False,0.6500413256877839,0.8550645935707271,False
194,CHEBI:17626,Citraconic acid,metabolite,7,3,metabolome,2,directly_observed; inferred,7,0,0,7,3,B36; MS_14386; MS_14387,dfrA12; dfrA14; dfrA17; sul1; sul2; sul3,True,0.5384615384615384,False,0.6500413256877839,0.8550645935707271,False
195,CHEBI:30753,p-Aminobenzoic acid,metabolite,7,3,metabolome,2,directly_observed; inferred,7,0,0,7,3,B36; MS_14386; MS_14387,dfrA12; dfrA14; dfrA17; sul1; sul2; sul3,True,0.5384615384615384,False,0.6500413256877839,0.8550645935707271,False
196,CHEBI:17012,N-Acetylneuraminic acid,metabolite,7,3,metabolome,2,directly_observed; inferred,7,0,0,7,3,B36; MS_14386; MS_14387,dfrA12; dfrA14; dfrA17; sul1; sul2; sul3,True,0.5384615384615384,False,0.6500413256877839,0.8550645935707271,False
197,CHEBI:17752,N6-Acetyl-L-lysine,metabolite,7,3,metabolome,2,directly_observed; inferred,7,0,0,7,3,B36; MS_14386; MS_14387,dfrA12; dfrA14; dfrA17; sul1; sul2; sul3,True,0.5384615384615384,False,0.6500413256877839,0.8550645935707271,False
198,CHEBI:18261,Ureidopropionic acid,metabolite,7,3,metabolome,2,directly_observed; inferred,7,0,0,7,3,B36; MS_14386; MS_14387,dfrA12; dfrA14; dfrA17; sul1; sul2; sul3,True,0.5384615384615384,False,0.6500413256877839,0.8550645935707271,False
199,CHEBI:73722,Hexadecanedioic acid,metabolite,7,3,metabolome,2,directly_observed; inferred,7,0,0,7,3,B36; MS_14386; MS_14387,dfrA12; dfrA14; dfrA17; sul1; sul2; sul3,True,0.5384615384615384,False,0.6500413256877839,0.8550645935707271,False
200,CHEBI:18135,Pyrocatechol,metabolite,7,3,metabolome,2,directly_observed; inferred,7,0,0,7,3,B36; MS_14386; MS_14387,dfrA12; dfrA14; dfrA17; sul1; sul2; sul3,True,0.5384615384615384,False,0.6500413256877839,0.8550645935707271,False
201,CHEBI:32805,cis-Aconitic acid,metabolite,7,3,metabolome,2,directly_observed; inferred,7,0,0,7,3,B36; MS_14386; MS_14387,dfrA12; dfrA14; dfrA17; sul1; sul2; sul3,True,0.5384615384615384,False,0.6500413256877839,0.8550645935707271,False
202,CHEBI:15318,Xanthine,metabolite,7,3,metabolome,2,directly_observed; inferred,7,0,0,7,3,B36; MS_14386; MS_14387,dfrA12; dfrA14; dfrA17; sul1; sul2; sul3,True,0.5384615384615384,False,0.6500413256877839,0.8550645935707271,False
203,CHEBI:25722,Orotidine,metabolite,7,3,metabolome,2,directly_observed; inferred,7,0,0,7,3,B36; MS_14386; MS_14387,dfrA12; dfrA14; dfrA17; sul1; sul2; sul3,True,0.5384615384615384,False,0.6500413256877839,0.8550645935707271,False
204,CHEBI:12936,D-Galactose,metabolite,7,3,metabolome,2,directly_observed; inferred,7,0,0,7,3,B36; MS_14386; MS_14387,dfrA12; dfrA14; dfrA17; sul1; sul2; sul3,True,0.5384615384615384,False,0.6500413256877839,0.8550645935707271,False
205,CHEBI:78679,D-Ribose 5-phosphate,metabolite,7,3,metabolome,2,directly_observed; inferred,7,0,0,7,3,B36; MS_14386; MS_14387,dfrA12; dfrA14; dfrA17; sul1; sul2; sul3,True,0.5384615384615384,False,0.6500413256877839,0.8550645935707271,False
206,CHEBI:33508,Glyceric acid,metabolite,7,3,metabolome,2,directly_observed; inferred,7,0,0,7,3,B36; MS_14386; MS_14387,dfrA12; dfrA14; dfrA17; sul1; sul2; sul3,True,0.5384615384615384,False,0.6500413256877839,0.8550645935707271,False
207,CHEBI:30835,2-Methylcitric acid,metabolite,7,3,metabolome,2,directly_observed; inferred,7,0,0,7,3,B36; MS_14386; MS_14387,dfrA12; dfrA14; dfrA17; sul1; sul2; sul3,True,0.5384615384615384,False,0.6500413256877839,0.8550645935707271,False
208,CHEBI:62164,N-Acetylmannosamine,metabolite,7,3,metabolome,2,directly_observed; inferred,7,0,0,7,3,B36; MS_14386; MS_14387,dfrA12; dfrA14; dfrA17; sul1; sul2; sul3,True,0.5384615384615384,False,0.6500413256877839,0.8550645935707271,False
209,CHEBI:616988,Mannose 6-phosphate,metabolite,7,3,metabolome,2,directly_observed; inferred,7,0,0,7,3,B36; MS_14386; MS_14387,dfrA12; dfrA14; dfrA17; sul1; sul2; sul3,True,0.5384615384615384,False,0.6500413256877839,0.8550645935707271,False
210,CHEBI:17266,L-Sorbose,metabolite,7,3,metabolome,2,directly_observed; inferred,7,0,0,7,3,B36; MS_14386; MS_14387,dfrA12; dfrA14; dfrA17; sul1; sul2; sul3,True,0.5384615384615384,False,0.6500413256877839,0.8550645935707271,False
211,CHEBI:16077,Glucose 1-phosphate,metabolite,7,3,metabolome,2,directly_observed; inferred,7,0,0,7,3,B36; MS_14386; MS_14387,dfrA12; dfrA14; dfrA17; sul1; sul2; sul3,True,0.5384615384615384,False,0.6500413256877839,0.8550645935707271,False
212,CHEBI:28635,2-Isopropylmalic acid,metabolite,7,3,metabolome,2,directly_observed; inferred,7,0,0,7,3,B36; MS_14386; MS_14387,dfrA12; dfrA14; dfrA17; sul1; sul2; sul3,True,0.5384615384615384,False,0.6500413256877839,0.8550645935707271,False
213,CHEBI:45931,Thiamine pyrophosphate,metabolite,7,3,metabolome,2,directly_observed; inferred,7,0,0,7,3,B36; MS_14386; MS_14387,dfrA12; dfrA14; dfrA17; sul1; sul2; sul3,True,0.5384615384615384,False,0.6500413256877839,0.8550645935707271,False
214,CHEBI:30911,Sorbitol,metabolite,7,3,metabolome,2,directly_observed; inferred,7,0,0,7,3,B36; MS_14386; MS_14387,dfrA12; dfrA14; dfrA17; sul1; sul2; sul3,True,0.5384615384615384,False,0.6500413256877839,0.8550645935707271,False
215,CHEBI:27248,Urocanic acid,metabolite,7,3,metabolome,2,directly_observed; inferred,7,0,0,7,3,B36; MS_14386; MS_14387,dfrA12; dfrA14; dfrA17; sul1; sul2; sul3,True,0.5384615384615384,False,0.6500413256877839,0.8550645935707271,False
216,CHEBI:89843,Methylsuccinic acid,metabolite,7,3,metabolome,2,directly_observed; inferred,7,0,0,7,3,B36; MS_14386; MS_14387,dfrA12; dfrA14; dfrA17; sul1; sul2; sul3,True,0.5384615384615384,False,0.6500413256877839,0.8550645935707271,False
217,CHEBI:741548,Ethylmalonic acid,metabolite,7,3,metabolome,2,directly_observed; inferred,7,0,0,7,3,B36; MS_14386; MS_14387,dfrA12; dfrA14; dfrA17; sul1; sul2; sul3,True,0.5384615384615384,False,0.6500413256877839,0.8550645935707271,False
218,WP_000003317.1,rlmN,protein,7,3,proteome,2,annotation_mediated,0,0,7,0,0,B36; MS_14384; MS_14386,aac(3)-IId; aac(6')-Ib-cr5; aph(3')-Ia; blaCMY-2; blaOXA-1; blaTEM-1b; fosA4,True,0.5384615384615384,False,0.0012449606331546845,0.08556436580153125,False
219,WP_000004488.1,mlaB,protein,7,3,proteome,2,annotation_mediated,0,0,7,0,0,MS_14384; MS_14386; MS_14387,aac(3)-IId; aph(3')-Ia; blaCMY-2; blaTEM-1b; mph(A); strAB,True,0.5384615384615384,False,0.0012449606331546845,0.08556436580153125,False
220,EW035_RS00165,ilvB,gene,7,1,genome,2,annotation_mediated,0,0,7,0,1,MS_14386,blaTEM-1b; blaTEM-215; dfrA12; dfrA14; strAB; sul2; sul3,False,0.5384615384615384,False,0.0037433963085100152,0.15134016504404776,False
221,EW035_RS00580,yiaY,gene,7,1,genome,2,annotation_mediated,0,0,7,0,1,MS_14386,blaTEM-1b; blaTEM-215; dfrA12; dfrA14; strAB; sul2; sul3,False,0.5384615384615384,False,0.0037433963085100152,0.15134016504404776,False
222,EW035_RS01735,mrcA,gene,7,1,genome,2,annotation_mediated,0,0,7,0,1,MS_14386,blaTEM-1b; blaTEM-215; dfrA12; dfrA14; strAB; sul2; sul3,False,0.5384615384615384,False,0.0037433963085100152,0.15134016504404776,False
223,EW035_RS02410,accC,gene,7,1,genome,2,annotation_mediated,0,0,7,0,1,MS_14386,blaTEM-1b; blaTEM-215; dfrA12; dfrA14; strAB; sul2; sul3,False,0.5384615384615384,False,0.0037433963085100152,0.15134016504404776,False
224,EW035_RS02415,accB,gene,7,1,genome,2,annotation_mediated,0,0,7,0,1,MS_14386,blaTEM-1b; blaTEM-215; dfrA12; dfrA14; strAB; sul2; sul3,False,0.5384615384615384,False,0.0037433963085100152,0.15134016504404776,False
225,EW035_RS02510,mdh,gene,7,1,genome,2,annotation_mediated,0,0,7,0,1,MS_14386,blaTEM-1b; blaTEM-215; dfrA12; dfrA14; strAB; sul2; sul3,False,0.5384615384615384,False,0.0037433963085100152,0.15134016504404776,False
226,EW035_RS02570,nanA,gene,7,1,genome,2,annotation_mediated,0,0,7,0,1,MS_14386,blaTEM-1b; blaTEM-215; dfrA12; dfrA14; strAB; sul2; sul3,False,0.5384615384615384,False,0.0037433963085100152,0.15134016504404776,False
227,EW035_RS02605,gltD,gene,7,1,genome,2,annotation_mediated,0,0,7,0,1,MS_14386,blaTEM-1b; blaTEM-215; dfrA12; dfrA14; strAB; sul2; sul3,False,0.5384615384615384,False,0.0037433963085100152,0.15134016504404776,False
228,EW035_RS03660,yghX,gene,7,1,genome,2,annotation_mediated,0,0,7,0,1,MS_14386,blaTEM-1b; blaTEM-215; dfrA12; dfrA14; strAB; sul2; sul3,False,0.5384615384615384,False,0.0037433963085100152,0.15134016504404776,False
229,EW035_RS03815,glcF,gene,7,1,genome,2,annotation_mediated,0,0,7,0,1,MS_14386,blaTEM-1b; blaTEM-215; dfrA12; dfrA14; strAB; sul2; sul3,False,0.5384615384615384,False,0.0037433963085100152,0.15134016504404776,False
230,EW035_RS04150,epd,gene,7,1,genome,2,annotation_mediated,0,0,7,0,1,MS_14386,blaTEM-1b; blaTEM-215; dfrA12; dfrA14; strAB; sul2; sul3,False,0.5384615384615384,False,0.0037433963085100152,0.15134016504404776,False
231,EW035_RS04355,idi,gene,7,1,genome,2,annotation_mediated,0,0,7,0,1,MS_14386,blaTEM-1b; blaTEM-215; dfrA12; dfrA14; strAB; sul2; sul3,False,0.5384615384615384,False,0.0037433963085100152,0.15134016504404776,False
232,EW035_RS04640,yqeF,gene,7,1,genome,2,annotation_mediated,0,0,7,0,1,MS_14386,blaTEM-1b; blaTEM-215; dfrA12; dfrA14; strAB; sul2; sul3,False,0.5384615384615384,False,0.0037433963085100152,0.15134016504404776,False
233,EW035_RS05300,cysN,gene,7,1,genome,2,annotation_mediated,0,0,7,0,1,MS_14386,blaTEM-1b; blaTEM-215; dfrA12; dfrA14; strAB; sul2; sul3,False,0.5384615384615384,False,0.0037433963085100152,0.15134016504404776,False
234,EW035_RS05320,ispD,gene,7,1,genome,2,annotation_mediated,0,0,7,0,1,MS_14386,blaTEM-1b; blaTEM-215; dfrA12; dfrA14; strAB; sul2; sul3,False,0.5384615384615384,False,0.0037433963085100152,0.15134016504404776,False
235,EW035_RS05325,ispF,gene,7,1,genome,2,annotation_mediated,0,0,7,0,1,MS_14386,blaTEM-1b; blaTEM-215; dfrA12; dfrA14; strAB; sul2; sul3,False,0.5384615384615384,False,0.0037433963085100152,0.15134016504404776,False
236,EW035_RS06345,ispG,gene,7,1,genome,2,annotation_mediated,0,0,7,0,1,MS_14386,blaTEM-1b; blaTEM-215; dfrA12; dfrA14; strAB; sul2; sul3,False,0.5384615384615384,False,0.0037433963085100152,0.15134016504404776,False
237,EW035_RS06620,tkt,gene,7,1,genome,2,annotation_mediated,0,0,7,0,1,MS_14386,blaTEM-1b; blaTEM-215; dfrA12; dfrA14; floR; sul2; sul3,False,0.5384615384615384,False,0.0037433963085100152,0.15134016504404776,False
238,EW035_RS00470,yibN,gene,7,1,genome,2,annotation_mediated,0,0,7,0,1,MS_14386,blaTEM-1b; blaTEM-215; dfrA12; dfrA14; floR; sul2; sul3,False,0.5384615384615384,False,0.0037433963085100152,0.15134016504404776,False
239,EW035_RS00685,malS,gene,7,1,genome,2,annotation_mediated,0,0,7,0,1,MS_14386,blaTEM-1b; blaTEM-215; dfrA12; dfrA14; floR; sul2; sul3,False,0.5384615384615384,False,0.0037433963085100152,0.15134016504404776,False
240,EW035_RS01535,glgB,gene,7,1,genome,2,annotation_mediated,0,0,7,0,1,MS_14386,blaTEM-1b; blaTEM-215; dfrA12; dfrA14; floR; sul2; sul3,False,0.5384615384615384,False,0.0037433963085100152,0.15134016504404776,False
241,EW035_RS06430,upp,gene,7,1,genome,2,annotation_mediated,0,0,7,0,1,MS_14386,aadA1; aph(3')-Ia; blaTEM-215; dfrA12; dfrA14; sul2; sul3,False,0.5384615384615384,False,0.0037433963085100152,0.15134016504404776,False
242,EW035_RS07445,yfbR,gene,7,1,genome,2,annotation_mediated,0,0,7,0,1,MS_14386,aadA1; aph(3')-Ia; blaTEM-215; dfrA12; dfrA14; sul2; sul3,False,0.5384615384615384,False,0.0037433963085100152,0.15134016504404776,False
243,EW035_RS00285,spoT,gene,7,1,genome,2,annotation_mediated,0,0,7,0,1,MS_14386,aadA1; aph(3')-Ia; dfrA12; dfrA14; strAB; sul2; sul3,False,0.5384615384615384,False,0.0037433963085100152,0.15134016504404776,False
244,EW035_RS00295,gmk,gene,7,1,genome,2,annotation_mediated,0,0,7,0,1,MS_14386,aadA1; aph(3')-Ia; dfrA12; dfrA14; strAB; sul2; sul3,False,0.5384615384615384,False,0.0037433963085100152,0.15134016504404776,False
245,EW035_RS00325,pyrE,gene,7,1,genome,2,annotation_mediated,0,0,7,0,1,MS_14386,aadA1; aph(3')-Ia; dfrA12; dfrA14; strAB; sul2; sul3,False,0.5384615384615384,False,0.0037433963085100152,0.15134016504404776,False
246,EW035_RS00340,coaBC,gene,7,1,genome,2,annotation_mediated,0,0,7,0,1,MS_14386,aadA1; aph(3')-Ia; dfrA12; dfrA14; strAB; sul2; sul3,False,0.5384615384615384,False,0.0037433963085100152,0.15134016504404776,False
247,EW035_RS00365,coaD,gene,7,1,genome,2,annotation_mediated,0,0,7,0,1,MS_14386,aadA1; aph(3')-Ia; dfrA12; dfrA14; strAB; sul2; sul3,False,0.5384615384615384,False,0.0037433963085100152,0.15134016504404776,False
248,EW035_RS00385,rfaP,gene,7,1,genome,2,annotation_mediated,0,0,7,0,1,MS_14386,aadA1; aph(3')-Ia; dfrA12; dfrA14; strAB; sul2; sul3,False,0.5384615384615384,False,0.0037433963085100152,0.15134016504404776,False
249,EW035_RS00430,rfaD,gene,7,1,genome,2,annotation_mediated,0,0,7,0,1,MS_14386,aadA1; aph(3')-Ia; dfrA12; dfrA14; strAB; sul2; sul3,False,0.5384615384615384,False,0.0037433963085100152,0.15134016504404776,False
250,EW035_RS01545,glgC,gene,7,1,genome,2,annotation_mediated,0,0,7,0,1,MS_14386,aadA1; aph(3')-Ia; dfrA12; dfrA14; strAB; sul2; sul3,False,0.5384615384615384,False,0.0037433963085100152,0.15134016504404776,False
251,EW035_RS01550,glgA,gene,7,1,genome,2,annotation_mediated,0,0,7,0,1,MS_14386,aadA1; aph(3')-Ia; dfrA12; dfrA14; strAB; sul2; sul3,False,0.5384615384615384,False,0.0037433963085100152,0.15134016504404776,False
252,EW035_RS03105,tdcD,gene,7,1,genome,2,annotation_mediated,0,0,7,0,1,MS_14386,aadA1; aph(3')-Ia; dfrA12; dfrA14; strAB; sul2; sul3,False,0.5384615384615384,False,0.0037433963085100152,0.15134016504404776,False
253,EW035_RS03435,hldE,gene,7,1,genome,2,annotation_mediated,0,0,7,0,1,MS_14386,aadA1; aph(3')-Ia; dfrA12; dfrA14; strAB; sul2; sul3,False,0.5384615384615384,False,0.0037433963085100152,0.15134016504404776,False
254,EW035_RS04020,gshB,gene,7,1,genome,2,annotation_mediated,0,0,7,0,1,MS_14386,aadA1; aph(3')-Ia; dfrA12; dfrA14; strAB; sul2; sul3,False,0.5384615384615384,False,0.0037433963085100152,0.15134016504404776,False
255,EW035_RS04390,guaD,gene,7,1,genome,2,annotation_mediated,0,0,7,0,1,MS_14386,aadA1; aph(3')-Ia; dfrA12; dfrA14; strAB; sul2; sul3,False,0.5384615384615384,False,0.0037433963085100152,0.15134016504404776,False
256,EW035_RS04440,hyuA,gene,7,1,genome,2,annotation_mediated,0,0,7,0,1,MS_14386,aadA1; aph(3')-Ia; dfrA12; dfrA14; strAB; sul2; sul3,False,0.5384615384615384,False,0.0037433963085100152,0.15134016504404776,False
257,EW035_RS04470,xdhB,gene,7,1,genome,2,annotation_mediated,0,0,7,0,1,MS_14386,aadA1; aph(3')-Ia; dfrA12; dfrA14; strAB; sul2; sul3,False,0.5384615384615384,False,0.0037433963085100152,0.15134016504404776,False
258,EW035_RS04475,xdhA,gene,7,1,genome,2,annotation_mediated,0,0,7,0,1,MS_14386,aadA1; aph(3')-Ia; dfrA12; dfrA14; strAB; sul2; sul3,False,0.5384615384615384,False,0.0037433963085100152,0.15134016504404776,False
259,EW035_RS04730,thyA,gene,7,1,genome,2,annotation_mediated,0,0,7,0,1,MS_14386,aadA1; aph(3')-Ia; dfrA12; dfrA14; strAB; sul2; sul3,False,0.5384615384615384,False,0.0037433963085100152,0.15134016504404776,False
260,EW035_RS05130,mazG,gene,7,1,genome,2,annotation_mediated,0,0,7,0,1,MS_14386,aadA1; aph(3')-Ia; dfrA12; dfrA14; strAB; sul2; sul3,False,0.5384615384615384,False,0.0037433963085100152,0.15134016504404776,False
261,EW035_RS05155,queE,gene,7,1,genome,2,annotation_mediated,0,0,7,0,1,MS_14386,aadA1; aph(3')-Ia; dfrA12; dfrA14; strAB; sul2; sul3,False,0.5384615384615384,False,0.0037433963085100152,0.15134016504404776,False
262,EW035_RS05305,cysC,gene,7,1,genome,2,annotation_mediated,0,0,7,0,1,MS_14386,aadA1; aph(3')-Ia; dfrA12; dfrA14; strAB; sul2; sul3,False,0.5384615384615384,False,0.0037433963085100152,0.15134016504404776,False
263,EW035_RS05335,surE,gene,7,1,genome,2,annotation_mediated,0,0,7,0,1,MS_14386,aadA1; aph(3')-Ia; dfrA12; dfrA14; strAB; sul2; sul3,False,0.5384615384615384,False,0.0037433963085100152,0.15134016504404776,False
264,EW035_RS05635,luxS,gene,7,1,genome,2,annotation_mediated,0,0,7,0,1,MS_14386,aadA1; aph(3')-Ia; dfrA12; dfrA14; strAB; sul2; sul3,False,0.5384615384615384,False,0.0037433963085100152,0.15134016504404776,False
265,EW035_RS05690,nrdE,gene,7,1,genome,2,annotation_mediated,0,0,7,0,1,MS_14386,aadA1; aph(3')-Ia; dfrA12; dfrA14; strAB; sul2; sul3,False,0.5384615384615384,False,0.0037433963085100152,0.15134016504404776,False
266,EW035_RS05835,nadK,gene,7,1,genome,2,annotation_mediated,0,0,7,0,1,MS_14386,aadA1; aph(3')-Ia; dfrA12; dfrA14; strAB; sul2; sul3,False,0.5384615384615384,False,0.0037433963085100152,0.15134016504404776,False
267,EW035_RS06380,guaB,gene,7,1,genome,2,annotation_mediated,0,0,7,0,1,MS_14386,aadA1; aph(3')-Ia; dfrA12; dfrA14; strAB; sul2; sul3,False,0.5384615384615384,False,0.0037433963085100152,0.15134016504404776,False
268,EW035_RS06385,guaA,gene,7,1,genome,2,annotation_mediated,0,0,7,0,1,MS_14386,aadA1; aph(3')-Ia; dfrA12; dfrA14; strAB; sul2; sul3,False,0.5384615384615384,False,0.0037433963085100152,0.15134016504404776,False
269,WP_001051798.1,rpmG,protein,6,4,proteome,2,annotation_mediated,0,0,6,0,0,B36; MS_14384; MS_14386; MS_14387,aac(3)-IId; aac(6')-Ib-cr5; blaCMY-2; blaOXA-1; blaTEM-1b,True,0.46153846153846156,False,0.00570858542638573,0.21971203589073396,False
270,WP_001061917.1,rcsB,protein,6,4,proteome,2,annotation_mediated,0,0,6,0,0,B36; MS_14384; MS_14386; MS_14387,aac(3)-IId; aac(6')-Ib-cr5; blaCMY-2; blaOXA-1; blaTEM-1b,True,0.46153846153846156,False,0.00570858542638573,0.21971203589073396,False
271,WP_001203437.1,bamE,protein,6,4,proteome,2,annotation_mediated,0,0,6,0,0,B36; MS_14384; MS_14386; MS_14387,aac(3)-IId; aac(6')-Ib-cr5; blaCMY-2; blaOXA-1; blaTEM-1b,True,0.46153846153846156,False,0.00570858542638573,0.21971203589073396,False
272,WP_000378442.1,emrR,protein,6,3,proteome,2,annotation_mediated,0,0,6,0,0,MS_14384; MS_14386; MS_14387,aac(3)-IId; aph(3')-Ia; blaCMY-2; blaTEM-1b; strAB,True,0.46153846153846156,False,0.00570858542638573,0.21971203589073396,False
273,WP_000653944.1,rpoC,protein,6,3,proteome,2,annotation_mediated,0,0,6,0,0,MS_14384; MS_14386; MS_14387,aac(3)-IId; aph(3')-Ia; blaCMY-2; blaTEM-1b; strAB,True,0.46153846153846156,False,0.00570858542638573,0.21971203589073396,False
274,WP_000551270.1,msbA,protein,6,2,proteome,2,annotation_mediated,0,0,6,0,0,MS_14384; MS_14386,aac(3)-IId; aph(3')-Ia; blaCMY-2; blaTEM-1b; blaTEM-215; strAB,True,0.46153846153846156,False,0.00570858542638573,0.21971203589073396,False
275,EW035_RS06605,aegA,gene,6,1,genome,2,annotation_mediated,0,0,6,0,1,MS_14386,blaTEM-1b; blaTEM-215; dfrA12; dfrA14; sul2; sul3,False,0.46153846153846156,False,0.01415478570149891,0.41523581713360525,False
276,EW035_RS06770,ucpA,gene,6,1,genome,2,annotation_mediated,0,0,6,0,1,MS_14386,blaTEM-1b; blaTEM-215; dfrA12; dfrA14; sul2; sul3,False,0.46153846153846156,False,0.01415478570149891,0.41523581713360525,False
277,EW035_RS07195,fadI,gene,6,1,genome,2,annotation_mediated,0,0,6,0,1,MS_14386,blaTEM-1b; blaTEM-215; dfrA12; dfrA14; sul2; sul3,False,0.46153846153846156,False,0.01415478570149891,0.41523581713360525,False
278,EW035_RS07200,fadJ,gene,6,1,genome,2,annotation_mediated,0,0,6,0,1,MS_14386,blaTEM-1b; blaTEM-215; dfrA12; dfrA14; sul2; sul3,False,0.46153846153846156,False,0.01415478570149891,0.41523581713360525,False
279,EW035_RS07320,accD,gene,6,1,genome,2,annotation_mediated,0,0,6,0,1,MS_14386,blaTEM-1b; blaTEM-215; dfrA12; dfrA14; sul2; sul3,False,0.46153846153846156,False,0.01415478570149891,0.41523581713360525,False
280,EW035_RS07405,yfcD,gene,6,1,genome,2,annotation_mediated,0,0,6,0,1,MS_14386,blaTEM-1b; blaTEM-215; dfrA12; dfrA14; sul2; sul3,False,0.46153846153846156,False,0.01415478570149891,0.41523581713360525,False
281,EW035_RS07555,menF,gene,6,1,genome,2,annotation_mediated,0,0,6,0,1,MS_14386,blaTEM-1b; blaTEM-215; dfrA12; dfrA14; sul2; sul3,False,0.46153846153846156,False,0.01415478570149891,0.41523581713360525,False
282,EW035_RS07655,glpC,gene,6,1,genome,2,annotation_mediated,0,0,6,0,1,MS_14386,blaTEM-1b; blaTEM-215; dfrA12; dfrA14; sul2; sul3,False,0.46153846153846156,False,0.01415478570149891,0.41523581713360525,False
283,EW035_RS00585,aldB,gene,6,1,genome,2,annotation_mediated,0,0,6,0,1,MS_14386,blaTEM-1b; blaTEM-215; dfrA12; dfrA14; sul2; sul3,False,0.46153846153846156,False,0.01415478570149891,0.41523581713360525,False
284,EW035_RS03060,garR,gene,6,1,genome,2,annotation_mediated,0,0,6,0,1,MS_14386,blaTEM-1b; blaTEM-215; dfrA12; dfrA14; sul2; sul3,False,0.46153846153846156,False,0.01415478570149891,0.41523581713360525,False
285,EW035_RS03520,nudF,gene,6,1,genome,2,annotation_mediated,0,0,6,0,1,MS_14386,blaTEM-1b; blaTEM-215; dfrA12; dfrA14; sul2; sul3,False,0.46153846153846156,False,0.01415478570149891,0.41523581713360525,False
286,EW035_RS00400,rfaY,gene,6,1,genome,2,annotation_mediated,0,0,6,0,1,MS_14386,aac(3)-IId; dfrA12; dfrA14; mph(A); sul2; sul3,False,0.46153846153846156,False,0.01415478570149891,0.41523581713360525,False
287,EW035_RS01645,bioH,gene,6,1,genome,2,annotation_mediated,0,0,6,0,1,MS_14386,aac(3)-IId; dfrA12; dfrA14; mph(A); sul2; sul3,False,0.46153846153846156,False,0.01415478570149891,0.41523581713360525,False
288,EW035_RS01720,yrfG,gene,6,1,genome,2,annotation_mediated,0,0,6,0,1,MS_14386,aac(3)-IId; dfrA12; dfrA14; mph(A); sul2; sul3,False,0.46153846153846156,False,0.01415478570149891,0.41523581713360525,False
289,EW035_RS02680,kdsC,gene,6,1,genome,2,annotation_mediated,0,0,6,0,1,MS_14386,aac(3)-IId; dfrA12; dfrA14; mph(A); sul2; sul3,False,0.46153846153846156,False,0.01415478570149891,0.41523581713360525,False
290,EW035_RS03530,cpdA,gene,6,1,genome,2,annotation_mediated,0,0,6,0,1,MS_14386,aac(3)-IId; dfrA12; dfrA14; mph(A); sul2; sul3,False,0.46153846153846156,False,0.01415478570149891,0.41523581713360525,False
291,EW035_RS05060,ppnN,gene,6,1,genome,2,annotation_mediated,0,0,6,0,1,MS_14386,aac(3)-IId; dfrA12; dfrA14; mph(A); sul2; sul3,False,0.46153846153846156,False,0.01415478570149891,0.41523581713360525,False
292,EW035_RS05570,pncC,gene,6,1,genome,2,annotation_mediated,0,0,6,0,1,MS_14386,aac(3)-IId; dfrA12; dfrA14; mph(A); sul2; sul3,False,0.46153846153846156,False,0.01415478570149891,0.41523581713360525,False
293,EW035_RS06760,murQ,gene,6,1,genome,2,annotation_mediated,0,0,6,0,1,MS_14386,aac(3)-IId; dfrA12; dfrA14; mph(A); sul2; sul3,False,0.46153846153846156,False,0.01415478570149891,0.41523581713360525,False
294,EW035_RS02930,diaA,gene,6,1,genome,2,annotation_mediated,0,0,6,0,1,MS_14386,aadA1; dfrA12; dfrA14; strAB; sul2; sul3,False,0.46153846153846156,False,0.01415478570149891,0.41523581713360525,False
295,EW035_RS07420,ackA,gene,6,1,genome,2,annotation_mediated,0,0,6,0,1,MS_14386,aadA1; aph(3')-Ia; dfrA12; dfrA14; sul2; sul3,False,0.46153846153846156,False,0.01415478570149891,0.41523581713360525,False
296,EW035_RS07700,nrdB,gene,6,1,genome,2,annotation_mediated,0,0,6,0,1,MS_14386,aadA1; aph(3')-Ia; dfrA12; dfrA14; sul2; sul3,False,0.46153846153846156,False,0.01415478570149891,0.41523581713360525,False
297,EW035_RS07705,nrdA,gene,6,1,genome,2,annotation_mediated,0,0,6,0,1,MS_14386,aadA1; aph(3')-Ia; dfrA12; dfrA14; sul2; sul3,False,0.46153846153846156,False,0.01415478570149891,0.41523581713360525,False
298,EW035_RS00490,cysE,gene,6,1,genome,2,annotation_mediated,0,0,6,0,1,MS_14386,dfrA12; dfrA14; floR; fosA4; sul2; sul3,False,0.46153846153846156,False,0.01415478570149891,0.41523581713360525,False
299,EW035_RS03630,metC,gene,6,1,genome,2,annotation_mediated,0,0,6,0,1,MS_14386,dfrA12; dfrA14; floR; fosA4; sul2; sul3,False,0.46153846153846156,False,0.01415478570149891,0.41523581713360525,False
300,EW035_RS03725,gss,gene,6,1,genome,2,annotation_mediated,0,0,6,0,1,MS_14386,dfrA12; dfrA14; floR; fosA4; sul2; sul3,False,0.46153846153846156,False,0.01415478570149891,0.41523581713360525,False
301,EW035_RS03775,spt,gene,6,1,genome,2,annotation_mediated,0,0,6,0,1,MS_14386,dfrA12; dfrA14; floR; fosA4; sul2; sul3,False,0.46153846153846156,False,0.01415478570149891,0.41523581713360525,False
302,EW035_RS04075,speB,gene,6,1,genome,2,annotation_mediated,0,0,6,0,1,MS_14386,dfrA12; dfrA14; floR; fosA4; sul2; sul3,False,0.46153846153846156,False,0.01415478570149891,0.41523581713360525,False
303,EW035_RS04435,arcC,gene,6,1,genome,2,annotation_mediated,0,0,6,0,1,MS_14386,dfrA12; dfrA14; floR; fosA4; sul2; sul3,False,0.46153846153846156,False,0.01415478570149891,0.41523581713360525,False
304,EW035_RS04445,ygeY,gene,6,1,genome,2,annotation_mediated,0,0,6,0,1,MS_14386,dfrA12; dfrA14; floR; fosA4; sul2; sul3,False,0.46153846153846156,False,0.01415478570149891,0.41523581713360525,False
305,EW035_RS04985,csdA,gene,6,1,genome,2,annotation_mediated,0,0,6,0,1,MS_14386,dfrA12; dfrA14; floR; fosA4; sul2; sul3,False,0.46153846153846156,False,0.01415478570149891,0.41523581713360525,False
306,EW035_RS05215,cysJ,gene,6,1,genome,2,annotation_mediated,0,0,6,0,1,MS_14386,dfrA12; dfrA14; floR; fosA4; sul2; sul3,False,0.46153846153846156,False,0.01415478570149891,0.41523581713360525,False
307,EW035_RS05225,cysH,gene,6,1,genome,2,annotation_mediated,0,0,6,0,1,MS_14386,dfrA12; dfrA14; floR; fosA4; sul2; sul3,False,0.46153846153846156,False,0.01415478570149891,0.41523581713360525,False
308,EW035_RS05755,gabT,gene,6,1,genome,2,annotation_mediated,0,0,6,0,1,MS_14386,dfrA12; dfrA14; floR; fosA4; sul2; sul3,False,0.46153846153846156,False,0.01415478570149891,0.41523581713360525,False
309,EW035_RS06270,iscS,gene,6,1,genome,2,annotation_mediated,0,0,6,0,1,MS_14386,dfrA12; dfrA14; floR; fosA4; sul2; sul3,False,0.46153846153846156,False,0.01415478570149891,0.41523581713360525,False
310,EW035_RS06305,pepB,gene,6,1,genome,2,annotation_mediated,0,0,6,0,1,MS_14386,dfrA12; dfrA14; floR; fosA4; sul2; sul3,False,0.46153846153846156,False,0.01415478570149891,0.41523581713360525,False
311,EW035_RS06580,dapE,gene,6,1,genome,2,annotation_mediated,0,0,6,0,1,MS_14386,dfrA12; dfrA14; floR; fosA4; sul2; sul3,False,0.46153846153846156,False,0.01415478570149891,0.41523581713360525,False
312,EW035_RS06695,eutB,gene,6,1,genome,2,annotation_mediated,0,0,6,0,1,MS_14386,dfrA12; dfrA14; floR; fosA4; sul2; sul3,False,0.46153846153846156,False,0.01415478570149891,0.41523581713360525,False
313,EW035_RS06700,eutC,gene,6,1,genome,2,annotation_mediated,0,0,6,0,1,MS_14386,dfrA12; dfrA14; floR; fosA4; sul2; sul3,False,0.46153846153846156,False,0.01415478570149891,0.41523581713360525,False
314,WP_000117262.1,nan,protein,5,3,proteome,2,annotation_mediated,0,0,5,0,0,B36; MS_14384; MS_14387,blaCMY-2; blaCTX-M-15; blaOXA-1; blaTEM-1b; strAB,True,0.38461538461538464,False,0.022674003416005152,0.6532013798467113,False
315,WP_000918166.1,mrcB,protein,5,3,proteome,2,annotation_mediated,0,0,5,0,0,MS_14384; MS_14386; MS_14387,aac(3)-IId; aph(3')-Ia; blaCMY-2; blaTEM-1b,True,0.38461538461538464,False,0.022674003416005152,0.6532013798467113,False
316,WP_000172005.1,ampE,protein,5,2,proteome,2,annotation_mediated,0,0,5,0,0,MS_14386; MS_14387,aac(3)-IId; blaTEM-1b; blaTEM-215; strAB,True,0.38461538461538464,False,0.022674003416005152,0.6532013798467113,False
317,EW036_RS04860,ansB,gene,5,1,genome,2,annotation_mediated,0,0,5,0,1,B36,aac(6')-Ib-cr5; blaOXA-1; dfrA17; sul1; tet(A),False,0.38461538461538464,False,0.04653523864888741,0.8550645935707271,False
318,EW036_RS08045,alaA,gene,5,1,genome,2,annotation_mediated,0,0,5,0,1,B36,blaCTX-M-15; blaOXA-1; dfrA17; sul1; tet(A),False,0.38461538461538464,False,0.04653523864888741,0.8550645935707271,False
319,EW036_RS08695,aspC,gene,5,1,genome,2,annotation_mediated,0,0,5,0,1,B36,blaCTX-M-15; blaOXA-1; dfrA17; sul1; tet(A),False,0.38461538461538464,False,0.04653523864888741,0.8550645935707271,False
320,EW036_RS07385,murQ,gene,5,1,genome,2,annotation_mediated,0,0,5,0,1,B36,aadA5; blaCTX-M-15; dfrA17; mph(A); sul1,False,0.38461538461538464,False,0.04653523864888741,0.8550645935707271,False
321,EW035_RS01010,mdtF,gene,5,1,genome,2,annotation_mediated,0,0,5,0,1,MS_14386,aac(3)-IId; aadA1; blaTEM-1b; blaTEM-215; strAB,False,0.38461538461538464,False,0.04653523864888741,0.8550645935707271,False
322,EW035_RS01300,rbbA,gene,5,1,genome,2,annotation_mediated,0,0,5,0,1,MS_14386,aac(3)-IId; aadA1; blaTEM-1b; blaTEM-215; strAB,False,0.38461538461538464,False,0.04653523864888741,0.8550645935707271,False
323,EW035_RS05075,yqcC,gene,5,1,genome,2,annotation_mediated,0,0,5,0,1,MS_14386,aac(3)-IId; blaTEM-1b; blaTEM-215; mph(A); strAB,False,0.38461538461538464,False,0.04653523864888741,0.8550645935707271,False
324,EW035_RS05645,emrA,gene,5,1,genome,2,annotation_mediated,0,0,5,0,1,MS_14386,aac(3)-IId; aadA1; blaTEM-1b; blaTEM-215; strAB,False,0.38461538461538464,False,0.04653523864888741,0.8550645935707271,False
325,EW035_RS06750,pbp4b,gene,5,1,genome,2,annotation_mediated,0,0,5,0,1,MS_14386,aac(3)-IId; aadA1; blaTEM-1b; blaTEM-215; strAB,False,0.38461538461538464,False,0.04653523864888741,0.8550645935707271,False
326,EW035_RS08495,mdtB,gene,5,1,genome,2,annotation_mediated,0,0,5,0,1,MS_14386,aac(3)-IId; aadA1; blaTEM-1b; blaTEM-215; strAB,False,0.38461538461538464,False,0.04653523864888741,0.8550645935707271,False
327,EW035_RS10945,ydhJ,gene,5,1,genome,2,annotation_mediated,0,0,5,0,1,MS_14386,aac(3)-IId; aadA1; blaTEM-1b; blaTEM-215; strAB,False,0.38461538461538464,False,0.04653523864888741,0.8550645935707271,False
328,EW035_RS13105,ldcA,gene,5,1,genome,2,annotation_mediated,0,0,5,0,1,MS_14386,aac(3)-IId; aadA1; blaTEM-1b; blaTEM-215; strAB,False,0.38461538461538464,False,0.04653523864888741,0.8550645935707271,False
329,EW035_RS13375,lolD,gene,5,1,genome,2,annotation_mediated,0,0,5,0,1,MS_14386,aac(3)-IId; aadA1; blaTEM-1b; blaTEM-215; strAB,False,0.38461538461538464,False,0.04653523864888741,0.8550645935707271,False
330,EW035_RS14355,msbA,gene,5,1,genome,2,annotation_mediated,0,0,5,0,1,MS_14386,aac(3)-IId; aadA1; blaTEM-1b; blaTEM-215; strAB,False,0.38461538461538464,False,0.04653523864888741,0.8550645935707271,False
331,EW035_RS14740,macB,gene,5,1,genome,2,annotation_mediated,0,0,5,0,1,MS_14386,aac(3)-IId; aadA1; blaTEM-1b; blaTEM-215; strAB,False,0.38461538461538464,False,0.04653523864888741,0.8550645935707271,False
332,EW035_RS14800,amiD,gene,5,1,genome,2,annotation_mediated,0,0,5,0,1,MS_14386,aac(3)-IId; aadA1; blaTEM-1b; blaTEM-215; strAB,False,0.38461538461538464,False,0.04653523864888741,0.8550645935707271,False
333,EW035_RS15425,ybhR,gene,5,1,genome,2,annotation_mediated,0,0,5,0,1,MS_14386,aac(3)-IId; aadA1; blaTEM-1b; blaTEM-215; strAB,False,0.38461538461538464,False,0.04653523864888741,0.8550645935707271,False
334,EW035_RS17000,acrB,gene,5,1,genome,2,annotation_mediated,0,0,5,0,1,MS_14386,aac(3)-IId; aadA1; blaTEM-1b; blaTEM-215; strAB,False,0.38461538461538464,False,0.04653523864888741,0.8550645935707271,False
335,EW035_RS18910,yadG,gene,5,1,genome,2,annotation_mediated,0,0,5,0,1,MS_14386,aac(3)-IId; aadA1; blaTEM-1b; blaTEM-215; strAB,False,0.38461538461538464,False,0.04653523864888741,0.8550645935707271,False
336,EW035_RS18990,ampE,gene,5,1,genome,2,annotation_mediated,0,0,5,0,1,MS_14386,aac(3)-IId; aadA1; blaTEM-1b; blaTEM-215; strAB,False,0.38461538461538464,False,0.04653523864888741,0.8550645935707271,False
337,EW035_RS18995,ampD,gene,5,1,genome,2,annotation_mediated,0,0,5,0,1,MS_14386,aac(3)-IId; aadA1; blaTEM-1b; blaTEM-215; strAB,False,0.38461538461538464,False,0.04653523864888741,0.8550645935707271,False
338,EW035_RS19850,nan,gene,5,1,genome,2,annotation_mediated,0,0,5,0,1,MS_14386,aac(3)-IId; aadA1; blaTEM-1b; blaTEM-215; strAB,False,0.38461538461538464,False,0.04653523864888741,0.8550645935707271,False
339,EW035_RS19855,nan,gene,5,1,genome,2,annotation_mediated,0,0,5,0,1,MS_14386,aac(3)-IId; aadA1; blaTEM-1b; blaTEM-215; strAB,False,0.38461538461538464,False,0.04653523864888741,0.8550645935707271,False
340,EW035_RS19860,nan,gene,5,1,genome,2,annotation_mediated,0,0,5,0,1,MS_14386,aac(3)-IId; aadA1; blaTEM-1b; blaTEM-215; strAB,False,0.38461538461538464,False,0.04653523864888741,0.8550645935707271,False
341,EW035_RS19865,nan,gene,5,1,genome,2,annotation_mediated,0,0,5,0,1,MS_14386,aac(3)-IId; aadA1; blaTEM-1b; blaTEM-215; strAB,False,0.38461538461538464,False,0.04653523864888741,0.8550645935707271,False
342,EW035_RS20920,ampC,gene,5,1,genome,2,annotation_mediated,0,0,5,0,1,MS_14386,aac(3)-IId; aadA1; blaTEM-1b; blaTEM-215; strAB,False,0.38461538461538464,False,0.04653523864888741,0.8550645935707271,False
343,EW035_RS01205,cusF,gene,5,1,genome,2,annotation_mediated,0,0,5,0,1,MS_14386,aac(3)-IId; blaTEM-1b; blaTEM-215; mph(A); strAB,False,0.38461538461538464,False,0.04653523864888741,0.8550645935707271,False
344,EW035_RS06630,maeB,gene,5,1,genome,2,annotation_mediated,0,0,5,0,1,MS_14386,blaTEM-215; dfrA12; dfrA14; sul2; sul3,False,0.38461538461538464,False,0.04653523864888741,0.8550645935707271,False
345,EW035_RS07300,pdxB,gene,5,1,genome,2,annotation_mediated,0,0,5,0,1,MS_14386,blaTEM-215; dfrA12; dfrA14; sul2; sul3,False,0.38461538461538464,False,0.04653523864888741,0.8550645935707271,False
346,EW035_RS07325,folC,gene,5,1,genome,2,annotation_mediated,0,0,5,0,1,MS_14386,blaTEM-215; dfrA12; dfrA14; sul2; sul3,False,0.38461538461538464,False,0.04653523864888741,0.8550645935707271,False
347,EW035_RS07345,ubiX,gene,5,1,genome,2,annotation_mediated,0,0,5,0,1,MS_14386,blaTEM-215; dfrA12; dfrA14; sul2; sul3,False,0.38461538461538464,False,0.04653523864888741,0.8550645935707271,False
348,EW035_RS07560,menD,gene,5,1,genome,2,annotation_mediated,0,0,5,0,1,MS_14386,blaTEM-215; dfrA12; dfrA14; sul2; sul3,False,0.38461538461538464,False,0.04653523864888741,0.8550645935707271,False
349,EW035_RS06910,gltX,gene,5,1,genome,2,annotation_mediated,0,0,5,0,1,MS_14386,aadA1; dfrA12; dfrA14; sul2; sul3,False,0.38461538461538464,False,0.04653523864888741,0.8550645935707271,False
350,EW035_RS00370,waaA,gene,5,1,genome,2,annotation_mediated,0,0,5,0,1,MS_14386,dfrA12; dfrA14; strAB; sul2; sul3,False,0.38461538461538464,False,0.04653523864888741,0.8550645935707271,False
351,EW035_RS00790,bisC,gene,5,1,genome,2,annotation_mediated,0,0,5,0,1,MS_14386,dfrA12; dfrA14; strAB; sul2; sul3,False,0.38461538461538464,False,0.04653523864888741,0.8550645935707271,False
352,EW035_RS02685,kdsD,gene,5,1,genome,2,annotation_mediated,0,0,5,0,1,MS_14386,dfrA12; dfrA14; strAB; sul2; sul3,False,0.38461538461538464,False,0.04653523864888741,0.8550645935707271,False
353,EW035_RS02725,murA,gene,5,1,genome,2,annotation_mediated,0,0,5,0,1,MS_14386,dfrA12; dfrA14; strAB; sul2; sul3,False,0.38461538461538464,False,0.04653523864888741,0.8550645935707271,False
354,EW035_RS00045,dgoK,gene,5,1,genome,2,annotation_mediated,0,0,5,0,1,MS_14386,dfrA12; dfrA14; floR; sul2; sul3,False,0.38461538461538464,False,0.04653523864888741,0.8550645935707271,False
355,EW035_RS00715,xylA,gene,5,1,genome,2,annotation_mediated,0,0,5,0,1,MS_14386,dfrA12; dfrA14; floR; sul2; sul3,False,0.38461538461538464,False,0.04653523864888741,0.8550645935707271,False
356,EW035_RS00720,xylB,gene,5,1,genome,2,annotation_mediated,0,0,5,0,1,MS_14386,dfrA12; dfrA14; floR; sul2; sul3,False,0.38461538461538464,False,0.04653523864888741,0.8550645935707271,False
357,EW035_RS00950,kdgK,gene,5,1,genome,2,annotation_mediated,0,0,5,0,1,MS_14386,dfrA12; dfrA14; floR; sul2; sul3,False,0.38461538461538464,False,0.04653523864888741,0.8550645935707271,False
358,EW035_RS00985,treF,gene,5,1,genome,2,annotation_mediated,0,0,5,0,1,MS_14386,dfrA12; dfrA14; floR; sul2; sul3,False,0.38461538461538464,False,0.04653523864888741,0.8550645935707271,False
359,EW035_RS01540,glgX,gene,5,1,genome,2,annotation_mediated,0,0,5,0,1,MS_14386,dfrA12; dfrA14; floR; sul2; sul3,False,0.38461538461538464,False,0.04653523864888741,0.8550645935707271,False
360,EW035_RS01555,glgP,gene,5,1,genome,2,annotation_mediated,0,0,5,0,1,MS_14386,dfrA12; dfrA14; floR; sul2; sul3,False,0.38461538461538464,False,0.04653523864888741,0.8550645935707271,False
361,EW035_RS01620,malP,gene,5,1,genome,2,annotation_mediated,0,0,5,0,1,MS_14386,dfrA12; dfrA14; floR; sul2; sul3,False,0.38461538461538464,False,0.04653523864888741,0.8550645935707271,False
362,EW035_RS01625,malQ,gene,5,1,genome,2,annotation_mediated,0,0,5,0,1,MS_14386,dfrA12; dfrA14; floR; sul2; sul3,False,0.38461538461538464,False,0.04653523864888741,0.8550645935707271,False
363,EW035_RS01855,nirD,gene,5,1,genome,2,annotation_mediated,0,0,5,0,1,MS_14386,dfrA12; dfrA14; floR; sul2; sul3,False,0.38461538461538464,False,0.04653523864888741,0.8550645935707271,False
364,EW035_RS01910,prkB,gene,5,1,genome,2,annotation_mediated,0,0,5,0,1,MS_14386,dfrA12; dfrA14; floR; sul2; sul3,False,0.38461538461538464,False,0.04653523864888741,0.8550645935707271,False
365,EW035_RS02580,nanE,gene,5,1,genome,2,annotation_mediated,0,0,5,0,1,MS_14386,dfrA12; dfrA14; floR; sul2; sul3,False,0.38461538461538464,False,0.04653523864888741,0.8550645935707271,False
366,EW035_RS03020,agaV,gene,5,1,genome,2,annotation_mediated,0,0,5,0,1,MS_14386,dfrA12; dfrA14; floR; sul2; sul3,False,0.38461538461538464,False,0.04653523864888741,0.8550645935707271,False
367,EW035_RS03230,uxaC,gene,5,1,genome,2,annotation_mediated,0,0,5,0,1,MS_14386,dfrA12; dfrA14; floR; sul2; sul3,False,0.38461538461538464,False,0.04653523864888741,0.8550645935707271,False
368,EW035_RS03235,uxaA,gene,5,1,genome,2,annotation_mediated,0,0,5,0,1,MS_14386,dfrA12; dfrA14; floR; sul2; sul3,False,0.38461538461538464,False,0.04653523864888741,0.8550645935707271,False
369,EW035_RS03310,ebgA,gene,5,1,genome,2,annotation_mediated,0,0,5,0,1,MS_14386,dfrA12; dfrA14; floR; sul2; sul3,False,0.38461538461538464,False,0.04653523864888741,0.8550645935707271,False
370,EW035_RS05015,fucU,gene,5,1,genome,2,annotation_mediated,0,0,5,0,1,MS_14386,dfrA12; dfrA14; floR; sul2; sul3,False,0.38461538461538464,False,0.04653523864888741,0.8550645935707271,False
371,EW035_RS05360,ygbM,gene,5,1,genome,2,annotation_mediated,0,0,5,0,1,MS_14386,dfrA12; dfrA14; floR; sul2; sul3,False,0.38461538461538464,False,0.04653523864888741,0.8550645935707271,False
372,EW035_RS06255,suhB,gene,5,1,genome,2,annotation_mediated,0,0,5,0,1,MS_14386,dfrA12; dfrA14; floR; sul2; sul3,False,0.38461538461538464,False,0.04653523864888741,0.8550645935707271,False
373,EW035_RS06315,sseA,gene,5,1,genome,2,annotation_mediated,0,0,5,0,1,MS_14386,dfrA12; dfrA14; floR; sul2; sul3,False,0.38461538461538464,False,0.04653523864888741,0.8550645935707271,False
374,EW035_RS06810,crr,gene,5,1,genome,2,annotation_mediated,0,0,5,0,1,MS_14386,dfrA12; dfrA14; floR; sul2; sul3,False,0.38461538461538464,False,0.04653523864888741,0.8550645935707271,False
375,EW035_RS07510,nuoL,gene,5,1,genome,2,annotation_mediated,0,0,5,0,1,MS_14386,dfrA12; dfrA14; floR; sul2; sul3,False,0.38461538461538464,False,0.04653523864888741,0.8550645935707271,False
376,EW035_RS08015,yeiQ,gene,5,1,genome,2,annotation_mediated,0,0,5,0,1,MS_14386,dfrA12; dfrA14; floR; sul2; sul3,False,0.38461538461538464,False,0.04653523864888741,0.8550645935707271,False
377,EW035_RS08035,fruB,gene,5,1,genome,2,annotation_mediated,0,0,5,0,1,MS_14386,dfrA12; dfrA14; floR; sul2; sul3,False,0.38461538461538464,False,0.04653523864888741,0.8550645935707271,False
378,WP_001092082.1,dacA,protein,4,4,proteome,2,annotation_mediated,0,0,4,0,0,B36; MS_14384; MS_14386; MS_14387,blaCMY-2; blaOXA-1; blaTEM-1b,True,0.3076923076923077,False,0.07636553832605696,0.8550645935707271,False
379,WP_000469031.1,ybhR,protein,4,3,proteome,2,annotation_mediated,0,0,4,0,0,B36; MS_14384; MS_14387,blaCMY-2; blaCTX-M-15; blaOXA-1; blaTEM-1b,True,0.3076923076923077,False,0.07636553832605696,0.8550645935707271,False
380,WP_001033695.1,lolD,protein,4,3,proteome,2,annotation_mediated,0,0,4,0,0,B36; MS_14384; MS_14387,blaCMY-2; blaCTX-M-15; blaOXA-1; blaTEM-1b,True,0.3076923076923077,False,0.07636553832605696,0.8550645935707271,False
381,WP_000091291.1,napG,protein,4,3,proteome,2,annotation_mediated,0,0,4,0,0,B36; MS_14386; MS_14387,aph(3')-Ia; blaOXA-1; fosA4; strAB,True,0.3076923076923077,False,0.07636553832605696,0.8550645935707271,False
382,WP_000123197.1,rng,protein,4,3,proteome,2,annotation_mediated,0,0,4,0,0,B36; MS_14386; MS_14387,aac(6')-Ib-cr5; aph(3')-Ia; fosA4; strAB,True,0.3076923076923077,False,0.07636553832605696,0.8550645935707271,False
383,WP_000735278.1,tolC,protein,4,2,proteome,2,annotation_mediated,0,0,4,0,0,MS_14384; MS_14386,aac(3)-IId; aph(3')-Ia; blaCMY-2; blaTEM-1b,True,0.3076923076923077,False,0.07636553832605696,0.8550645935707271,False
384,WP_000522247.1,crr,protein,4,2,proteome,2,annotation_mediated,0,0,4,0,0,MS_14386; MS_14387,aph(3')-Ia; fosA4; strAB,True,0.3076923076923077,False,0.07636553832605696,0.8550645935707271,False
385,EW035_RS23600,nan,gene,4,1,genome,1,annotation_mediated; graph_derived,0,3,1,0,0,MS_14386,aadA1; aph(3')-Ia; blaTEM-1b; strAB,False,0.3076923076923077,False,0.13044601466763214,0.8550645935707271,False
386,EW035_RS23670,nan,gene,4,1,genome,1,annotation_mediated; graph_derived,0,1,3,0,1,MS_14386,aac(3)-IId; aadA1; mph(A); strAB,False,0.3076923076923077,False,0.13044601466763214,0.8550645935707271,False
387,EW036_RS00885,yibN,gene,4,1,genome,2,annotation_mediated,0,0,4,0,1,B36,blaCTX-M-15; dfrA17; sul1; tet(A),False,0.3076923076923077,False,0.13044601466763214,0.8550645935707271,False
388,EW036_RS01080,avtA,gene,4,1,genome,2,annotation_mediated,0,0,4,0,1,B36,blaCTX-M-15; dfrA17; sul1; tet(A),False,0.3076923076923077,False,0.13044601466763214,0.8550645935707271,False
389,EW036_RS01085,malS,gene,4,1,genome,2,annotation_mediated,0,0,4,0,1,B36,blaCTX-M-15; dfrA17; sul1; tet(A),False,0.3076923076923077,False,0.13044601466763214,0.8550645935707271,False
390,EW036_RS01850,asd,gene,4,1,genome,2,annotation_mediated,0,0,4,0,1,B36,blaCTX-M-15; dfrA17; sul1; tet(A),False,0.3076923076923077,False,0.13044601466763214,0.8550645935707271,False
391,EW036_RS01855,glgB,gene,4,1,genome,2,annotation_mediated,0,0,4,0,1,B36,blaCTX-M-15; dfrA17; sul1; tet(A),False,0.3076923076923077,False,0.13044601466763214,0.8550645935707271,False
392,EW036_RS02080,aroB,gene,4,1,genome,2,annotation_mediated,0,0,4,0,1,B36,blaCTX-M-15; dfrA17; sul1; tet(A),False,0.3076923076923077,False,0.13044601466763214,0.8550645935707271,False
393,EW036_RS02200,pabA,gene,4,1,genome,2,annotation_mediated,0,0,4,0,1,B36,blaCTX-M-15; dfrA17; sul1; tet(A),False,0.3076923076923077,False,0.13044601466763214,0.8550645935707271,False
394,EW036_RS02205,argD,gene,4,1,genome,2,annotation_mediated,0,0,4,0,1,B36,blaCTX-M-15; dfrA17; sul1; tet(A),False,0.3076923076923077,False,0.13044601466763214,0.8550645935707271,False
395,EW036_RS02600,aroE,gene,4,1,genome,2,annotation_mediated,0,0,4,0,1,B36,blaCTX-M-15; dfrA17; sul1; tet(A),False,0.3076923076923077,False,0.13044601466763214,0.8550645935707271,False
396,EW036_RS02940,gltB,gene,4,1,genome,2,annotation_mediated,0,0,4,0,1,B36,blaCTX-M-15; dfrA17; sul1; tet(A),False,0.3076923076923077,False,0.13044601466763214,0.8550645935707271,False
397,EW036_RS03120,glmM,gene,4,1,genome,2,annotation_mediated,0,0,4,0,1,B36,blaCTX-M-15; dfrA17; sul1; tet(A),False,0.3076923076923077,False,0.13044601466763214,0.8550645935707271,False
398,EW036_RS03395,tdcB,gene,4,1,genome,2,annotation_mediated,0,0,4,0,1,B36,blaCTX-M-15; dfrA17; sul1; tet(A),False,0.3076923076923077,False,0.13044601466763214,0.8550645935707271,False
399,EW036_RS03420,tdcG,gene,4,1,genome,2,annotation_mediated,0,0,4,0,1,B36,blaCTX-M-15; dfrA17; sul1; tet(A),False,0.3076923076923077,False,0.13044601466763214,0.8550645935707271,False
400,EW036_RS04820,speC,gene,4,1,genome,2,annotation_mediated,0,0,4,0,1,B36,blaCTX-M-15; dfrA17; sul1; tet(A),False,0.3076923076923077,False,0.13044601466763214,0.8550645935707271,False
401,EW036_RS04990,tkt,gene,4,1,genome,2,annotation_mediated,0,0,4,0,1,B36,blaCTX-M-15; dfrA17; sul1; tet(A),False,0.3076923076923077,False,0.13044601466763214,0.8550645935707271,False
402,EW036_RS05115,rpiA,gene,4,1,genome,2,annotation_mediated,0,0,4,0,1,B36,blaCTX-M-15; dfrA17; sul1; tet(A),False,0.3076923076923077,False,0.13044601466763214,0.8550645935707271,False
403,EW036_RS05120,serA,gene,4,1,genome,2,annotation_mediated,0,0,4,0,1,B36,blaCTX-M-15; dfrA17; sul1; tet(A),False,0.3076923076923077,False,0.13044601466763214,0.8550645935707271,False
404,EW036_RS05170,gcvT,gene,4,1,genome,2,annotation_mediated,0,0,4,0,1,B36,blaCTX-M-15; dfrA17; sul1; tet(A),False,0.3076923076923077,False,0.13044601466763214,0.8550645935707271,False
405,EW036_RS05175,gcvH,gene,4,1,genome,2,annotation_mediated,0,0,4,0,1,B36,blaCTX-M-15; dfrA17; sul1; tet(A),False,0.3076923076923077,False,0.13044601466763214,0.8550645935707271,False
406,EW036_RS05180,gcvP,gene,4,1,genome,2,annotation_mediated,0,0,4,0,1,B36,blaCTX-M-15; dfrA17; sul1; tet(A),False,0.3076923076923077,False,0.13044601466763214,0.8550645935707271,False
407,EW036_RS05415,lysA,gene,4,1,genome,2,annotation_mediated,0,0,4,0,1,B36,blaCTX-M-15; dfrA17; sul1; tet(A),False,0.3076923076923077,False,0.13044601466763214,0.8550645935707271,False
408,EW036_RS05805,sdaB,gene,4,1,genome,2,annotation_mediated,0,0,4,0,1,B36,blaCTX-M-15; dfrA17; sul1; tet(A),False,0.3076923076923077,False,0.13044601466763214,0.8550645935707271,False
409,EW036_RS06635,tyrA,gene,4,1,genome,2,annotation_mediated,0,0,4,0,1,B36,blaCTX-M-15; dfrA17; sul1; tet(A),False,0.3076923076923077,False,0.13044601466763214,0.8550645935707271,False
410,EW036_RS06640,pheA,gene,4,1,genome,2,annotation_mediated,0,0,4,0,1,B36,blaCTX-M-15; dfrA17; sul1; tet(A),False,0.3076923076923077,False,0.13044601466763214,0.8550645935707271,False
411,EW036_RS06885,glyA,gene,4,1,genome,2,annotation_mediated,0,0,4,0,1,B36,blaCTX-M-15; dfrA17; sul1; tet(A),False,0.3076923076923077,False,0.13044601466763214,0.8550645935707271,False
412,EW036_RS06920,yphB,gene,4,1,genome,2,annotation_mediated,0,0,4,0,1,B36,blaCTX-M-15; dfrA17; sul1; tet(A),False,0.3076923076923077,False,0.13044601466763214,0.8550645935707271,False
413,EW036_RS07175,dapA,gene,4,1,genome,2,annotation_mediated,0,0,4,0,1,B36,blaCTX-M-15; dfrA17; sul1; tet(A),False,0.3076923076923077,False,0.13044601466763214,0.8550645935707271,False
414,EW036_RS07250,tkt,gene,4,1,genome,2,annotation_mediated,0,0,4,0,1,B36,blaCTX-M-15; dfrA17; sul1; tet(A),False,0.3076923076923077,False,0.13044601466763214,0.8550645935707271,False
415,EW036_RS07420,cysM,gene,4,1,genome,2,annotation_mediated,0,0,4,0,1,B36,blaCTX-M-15; dfrA17; sul1; tet(A),False,0.3076923076923077,False,0.13044601466763214,0.8550645935707271,False
416,EW036_RS07450,cysK,gene,4,1,genome,2,annotation_mediated,0,0,4,0,1,B36,blaCTX-M-15; dfrA17; sul1; tet(A),False,0.3076923076923077,False,0.13044601466763214,0.8550645935707271,False
417,EW036_RS07855,aroC,gene,4,1,genome,2,annotation_mediated,0,0,4,0,1,B36,blaCTX-M-15; dfrA17; sul1; tet(A),False,0.3076923076923077,False,0.13044601466763214,0.8550645935707271,False
418,EW036_RS07905,usg,gene,4,1,genome,2,annotation_mediated,0,0,4,0,1,B36,blaCTX-M-15; dfrA17; sul1; tet(A),False,0.3076923076923077,False,0.13044601466763214,0.8550645935707271,False
419,EW036_RS01955,bioH,gene,4,1,genome,2,annotation_mediated,0,0,4,0,1,B36,aadA5; dfrA17; mph(A); sul1,False,0.3076923076923077,False,0.13044601466763214,0.8550645935707271,False
420,EW036_RS02045,mrcA,gene,4,1,genome,2,annotation_mediated,0,0,4,0,1,B36,blaCTX-M-15; blaOXA-1; dfrA17; sul1,False,0.3076923076923077,False,0.13044601466763214,0.8550645935707271,False
421,EW036_RS02075,aroK,gene,4,1,genome,2,annotation_mediated,0,0,4,0,1,B36,blaCTX-M-15; blaOXA-1; dfrA17; sul1,False,0.3076923076923077,False,0.13044601466763214,0.8550645935707271,False
422,EW036_RS03010,kdsC,gene,4,1,genome,2,annotation_mediated,0,0,4,0,1,B36,aadA5; dfrA17; mph(A); sul1,False,0.3076923076923077,False,0.13044601466763214,0.8550645935707271,False
423,EW036_RS03260,diaA,gene,4,1,genome,2,annotation_mediated,0,0,4,0,1,B36,aac(6')-Ib-cr5; blaOXA-1; dfrA17; sul1,False,0.3076923076923077,False,0.13044601466763214,0.8550645935707271,False
424,EW036_RS03815,nudF,gene,4,1,genome,2,annotation_mediated,0,0,4,0,1,B36,blaCTX-M-15; blaOXA-1; dfrA17; sul1,False,0.3076923076923077,False,0.13044601466763214,0.8550645935707271,False
425,EW036_RS05815,ppnN,gene,4,1,genome,2,annotation_mediated,0,0,4,0,1,B36,aadA5; dfrA17; mph(A); sul1,False,0.3076923076923077,False,0.13044601466763214,0.8550645935707271,False
426,EW036_RS07530,gltX,gene,4,1,genome,2,annotation_mediated,0,0,4,0,1,B36,aac(6')-Ib-cr5; blaOXA-1; dfrA17; sul1,False,0.3076923076923077,False,0.13044601466763214,0.8550645935707271,False
427,EW036_RS08930,appA,gene,4,1,genome,2,annotation_mediated,0,0,4,0,1,B36,aadA5; dfrA17; mph(A); sul1,False,0.3076923076923077,False,0.13044601466763214,0.8550645935707271,False
428,EW036_RS09015,wrbA,gene,4,1,genome,2,annotation_mediated,0,0,4,0,1,B36,aadA5; dfrA17; mph(A); sul1,False,0.3076923076923077,False,0.13044601466763214,0.8550645935707271,False
429,EW036_RS00550,pglZ,gene,4,1,genome,2,annotation_mediated,0,0,4,0,1,B36,aadA5; blaCTX-M-15; blaOXA-1; mph(A),False,0.3076923076923077,False,0.13044601466763214,0.8550645935707271,False
430,EW036_RS03805,ygiB,gene,4,1,genome,2,annotation_mediated,0,0,4,0,1,B36,aadA5; blaCTX-M-15; blaOXA-1; mph(A),False,0.3076923076923077,False,0.13044601466763214,0.8550645935707271,False
431,EW035_RS00855,dppF,gene,4,1,genome,2,annotation_mediated,0,0,4,0,1,MS_14386,blaTEM-1b; blaTEM-215; floR; strAB,False,0.3076923076923077,False,0.13044601466763214,0.8550645935707271,False
432,EW035_RS03515,tolC,gene,4,1,genome,2,annotation_mediated,0,0,4,0,1,MS_14386,aac(3)-IId; blaTEM-1b; blaTEM-215; strAB,False,0.3076923076923077,False,0.13044601466763214,0.8550645935707271,False
433,EW035_RS08405,fbaB,gene,4,1,genome,2,annotation_mediated,0,0,4,0,1,MS_14386,aadA1; aph(3')-Ia; blaTEM-1b; blaTEM-215,False,0.3076923076923077,False,0.13044601466763214,0.8550645935707271,False
434,EW035_RS08730,gndA,gene,4,1,genome,2,annotation_mediated,0,0,4,0,1,MS_14386,aadA1; aph(3')-Ia; blaTEM-1b; blaTEM-215,False,0.3076923076923077,False,0.13044601466763214,0.8550645935707271,False
435,EW035_RS08815,hisC,gene,4,1,genome,2,annotation_mediated,0,0,4,0,1,MS_14386,blaTEM-1b; blaTEM-215; floR; fosA4,False,0.3076923076923077,False,0.13044601466763214,0.8550645935707271,False
436,EW035_RS09370,yedP,gene,4,1,genome,2,annotation_mediated,0,0,4,0,1,MS_14386,aac(3)-IId; blaTEM-1b; blaTEM-215; mph(A),False,0.3076923076923077,False,0.13044601466763214,0.8550645935707271,False
437,EW035_RS09865,pyk,gene,4,1,genome,2,annotation_mediated,0,0,4,0,1,MS_14386,aadA1; aph(3')-Ia; blaTEM-1b; blaTEM-215,False,0.3076923076923077,False,0.13044601466763214,0.8550645935707271,False
438,EW035_RS09875,zwf,gene,4,1,genome,2,annotation_mediated,0,0,4,0,1,MS_14386,aadA1; aph(3')-Ia; blaTEM-1b; blaTEM-215,False,0.3076923076923077,False,0.13044601466763214,0.8550645935707271,False
439,EW035_RS09890,purT,gene,4,1,genome,2,annotation_mediated,0,0,4,0,1,MS_14386,aadA1; aph(3')-Ia; blaTEM-1b; blaTEM-215,False,0.3076923076923077,False,0.13044601466763214,0.8550645935707271,False
440,EW035_RS10070,sdaA,gene,4,1,genome,2,annotation_mediated,0,0,4,0,1,MS_14386,blaTEM-1b; blaTEM-215; floR; fosA4,False,0.3076923076923077,False,0.13044601466763214,0.8550645935707271,False
441,EW035_RS10255,gapA,gene,4,1,genome,2,annotation_mediated,0,0,4,0,1,MS_14386,aadA1; aph(3')-Ia; blaTEM-1b; blaTEM-215,False,0.3076923076923077,False,0.13044601466763214,0.8550645935707271,False
442,EW035_RS10405,astC,gene,4,1,genome,2,annotation_mediated,0,0,4,0,1,MS_14386,blaTEM-1b; blaTEM-215; floR; fosA4,False,0.3076923076923077,False,0.13044601466763214,0.8550645935707271,False
443,EW035_RS10540,pfkB,gene,4,1,genome,2,annotation_mediated,0,0,4,0,1,MS_14386,aadA1; aph(3')-Ia; blaTEM-1b; blaTEM-215,False,0.3076923076923077,False,0.13044601466763214,0.8550645935707271,False
444,EW035_RS10635,aroH,gene,4,1,genome,2,annotation_mediated,0,0,4,0,1,MS_14386,blaTEM-1b; blaTEM-215; floR; fosA4,False,0.3076923076923077,False,0.13044601466763214,0.8550645935707271,False
445,EW035_RS10690,aroD,gene,4,1,genome,2,annotation_mediated,0,0,4,0,1,MS_14386,blaTEM-1b; blaTEM-215; floR; fosA4,False,0.3076923076923077,False,0.13044601466763214,0.8550645935707271,False
446,EW035_RS10780,pykF,gene,4,1,genome,2,annotation_mediated,0,0,4,0,1,MS_14386,aadA1; aph(3')-Ia; blaTEM-1b; blaTEM-215,False,0.3076923076923077,False,0.13044601466763214,0.8550645935707271,False
447,EW035_RS12355,mppA,gene,4,1,genome,2,annotation_mediated,0,0,4,0,1,MS_14386,blaTEM-1b; blaTEM-215; floR; fosA4,False,0.3076923076923077,False,0.13044601466763214,0.8550645935707271,False
448,EW035_RS12730,trpE,gene,4,1,genome,2,annotation_mediated,0,0,4,0,1,MS_14386,blaTEM-1b; blaTEM-215; floR; fosA4,False,0.3076923076923077,False,0.13044601466763214,0.8550645935707271,False
449,EW035_RS12735,trpD,gene,4,1,genome,2,annotation_mediated,0,0,4,0,1,MS_14386,aadA1; aph(3')-Ia; blaTEM-1b; blaTEM-215,False,0.3076923076923077,False,0.13044601466763214,0.8550645935707271,False
450,EW035_RS12745,trpB,gene,4,1,genome,2,annotation_mediated,0,0,4,0,1,MS_14386,blaTEM-1b; blaTEM-215; floR; fosA4,False,0.3076923076923077,False,0.13044601466763214,0.8550645935707271,False
451,EW035_RS12750,trpA,gene,4,1,genome,2,annotation_mediated,0,0,4,0,1,MS_14386,blaTEM-1b; blaTEM-215; floR; fosA4,False,0.3076923076923077,False,0.13044601466763214,0.8550645935707271,False
452,EW035_RS12840,oppB,gene,4,1,genome,2,annotation_mediated,0,0,4,0,1,MS_14386,blaTEM-1b; blaTEM-215; floR; fosA4,False,0.3076923076923077,False,0.13044601466763214,0.8550645935707271,False
453,EW035_RS12845,oppA,gene,4,1,genome,2,annotation_mediated,0,0,4,0,1,MS_14386,blaTEM-1b; blaTEM-215; floR; fosA4,False,0.3076923076923077,False,0.13044601466763214,0.8550645935707271,False
454,EW035_RS13025,ispE,gene,4,1,genome,2,annotation_mediated,0,0,4,0,1,MS_14386,aadA1; aph(3')-Ia; blaTEM-1b; blaTEM-215,False,0.3076923076923077,False,0.13044601466763214,0.8550645935707271,False
455,EW035_RS13030,prs,gene,4,1,genome,2,annotation_mediated,0,0,4,0,1,MS_14386,aadA1; aph(3')-Ia; blaTEM-1b; blaTEM-215,False,0.3076923076923077,False,0.13044601466763214,0.8550645935707271,False
456,EW035_RS13315,purB,gene,4,1,genome,2,annotation_mediated,0,0,4,0,1,MS_14386,aadA1; aph(3')-Ia; blaTEM-1b; blaTEM-215,False,0.3076923076923077,False,0.13044601466763214,0.8550645935707271,False
457,EW035_RS13365,nagK,gene,4,1,genome,2,annotation_mediated,0,0,4,0,1,MS_14386,aadA1; aph(3')-Ia; blaTEM-1b; blaTEM-215,False,0.3076923076923077,False,0.13044601466763214,0.8550645935707271,False
458,EW035_RS14285,aspC,gene,4,1,genome,2,annotation_mediated,0,0,4,0,1,MS_14386,blaTEM-1b; blaTEM-215; floR; fosA4,False,0.3076923076923077,False,0.13044601466763214,0.8550645935707271,False
459,EW035_RS14385,aroA,gene,4,1,genome,2,annotation_mediated,0,0,4,0,1,MS_14386,blaTEM-1b; blaTEM-215; floR; fosA4,False,0.3076923076923077,False,0.13044601466763214,0.8550645935707271,False
460,EW035_RS14785,ltaE,gene,4,1,genome,2,annotation_mediated,0,0,4,0,1,MS_14386,blaTEM-1b; blaTEM-215; floR; fosA4,False,0.3076923076923077,False,0.13044601466763214,0.8550645935707271,False
461,EW035_RS15565,pgl,gene,4,1,genome,2,annotation_mediated,0,0,4,0,1,MS_14386,aadA1; aph(3')-Ia; blaTEM-1b; blaTEM-215,False,0.3076923076923077,False,0.13044601466763214,0.8550645935707271,False
462,EW035_RS15625,gpmA,gene,4,1,genome,2,annotation_mediated,0,0,4,0,1,MS_14386,aadA1; aph(3')-Ia; blaTEM-1b; blaTEM-215,False,0.3076923076923077,False,0.13044601466763214,0.8550645935707271,False
463,EW035_RS15630,aroG,gene,4,1,genome,2,annotation_mediated,0,0,4,0,1,MS_14386,blaTEM-1b; blaTEM-215; floR; fosA4,False,0.3076923076923077,False,0.13044601466763214,0.8550645935707271,False
464,EW035_RS15770,sucC,gene,4,1,genome,2,annotation_mediated,0,0,4,0,1,MS_14386,aadA1; aph(3')-Ia; blaTEM-1b; blaTEM-215,False,0.3076923076923077,False,0.13044601466763214,0.8550645935707271,False
465,EW035_RS15780,sucA,gene,4,1,genome,2,annotation_mediated,0,0,4,0,1,MS_14386,aadA1; aph(3')-Ia; blaTEM-1b; blaTEM-215,False,0.3076923076923077,False,0.13044601466763214,0.8550645935707271,False
466,EW035_RS16040,speF,gene,4,1,genome,2,annotation_mediated,0,0,4,0,1,MS_14386,blaTEM-1b; blaTEM-215; floR; fosA4,False,0.3076923076923077,False,0.13044601466763214,0.8550645935707271,False
467,EW035_RS16725,purE,gene,4,1,genome,2,annotation_mediated,0,0,4,0,1,MS_14386,aadA1; aph(3')-Ia; blaTEM-1b; blaTEM-215,False,0.3076923076923077,False,0.13044601466763214,0.8550645935707271,False
468,EW035_RS16730,purK,gene,4,1,genome,2,annotation_mediated,0,0,4,0,1,MS_14386,aadA1; aph(3')-Ia; blaTEM-1b; blaTEM-215,False,0.3076923076923077,False,0.13044601466763214,0.8550645935707271,False
469,EW035_RS16940,adk,gene,4,1,genome,2,annotation_mediated,0,0,4,0,1,MS_14386,aadA1; aph(3')-Ia; blaTEM-1b; blaTEM-215,False,0.3076923076923077,False,0.13044601466763214,0.8550645935707271,False
470,EW035_RS16995,acrA,gene,4,1,genome,2,annotation_mediated,0,0,4,0,1,MS_14386,aac(3)-IId; blaTEM-1b; blaTEM-215; strAB,False,0.3076923076923077,False,0.13044601466763214,0.8550645935707271,False
471,EW035_RS17210,dxs,gene,4,1,genome,2,annotation_mediated,0,0,4,0,1,MS_14386,aadA1; aph(3')-Ia; blaTEM-1b; blaTEM-215,False,0.3076923076923077,False,0.13044601466763214,0.8550645935707271,False
472,EW035_RS17370,aroL,gene,4,1,genome,2,annotation_mediated,0,0,4,0,1,MS_14386,aadA1; aph(3')-Ia; blaTEM-1b; blaTEM-215,False,0.3076923076923077,False,0.13044601466763214,0.8550645935707271,False
473,EW035_RS17380,proC,gene,4,1,genome,2,annotation_mediated,0,0,4,0,1,MS_14386,blaTEM-1b; blaTEM-215; floR; fosA4,False,0.3076923076923077,False,0.13044601466763214,0.8550645935707271,False
474,EW035_RS17970,proA,gene,4,1,genome,2,annotation_mediated,0,0,4,0,1,MS_14386,blaTEM-1b; blaTEM-215; floR; fosA4,False,0.3076923076923077,False,0.13044601466763214,0.8550645935707271,False
475,EW035_RS17975,proB,gene,4,1,genome,2,annotation_mediated,0,0,4,0,1,MS_14386,aadA1; aph(3')-Ia; blaTEM-1b; blaTEM-215,False,0.3076923076923077,False,0.13044601466763214,0.8550645935707271,False
476,EW035_RS18965,lpdA,gene,4,1,genome,2,annotation_mediated,0,0,4,0,1,MS_14386,aadA1; aph(3')-Ia; blaTEM-1b; blaTEM-215,False,0.3076923076923077,False,0.13044601466763214,0.8550645935707271,False
477,EW035_RS18970,aceF,gene,4,1,genome,2,annotation_mediated,0,0,4,0,1,MS_14386,aadA1; aph(3')-Ia; blaTEM-1b; blaTEM-215,False,0.3076923076923077,False,0.13044601466763214,0.8550645935707271,False
478,EW035_RS18975,aceE,gene,4,1,genome,2,annotation_mediated,0,0,4,0,1,MS_14386,aadA1; aph(3')-Ia; blaTEM-1b; blaTEM-215,False,0.3076923076923077,False,0.13044601466763214,0.8550645935707271,False
479,EW035_RS19375,dapB,gene,4,1,genome,2,annotation_mediated,0,0,4,0,1,MS_14386,blaTEM-1b; blaTEM-215; floR; fosA4,False,0.3076923076923077,False,0.13044601466763214,0.8550645935707271,False
480,EW035_RS19480,tal,gene,4,1,genome,2,annotation_mediated,0,0,4,0,1,MS_14386,aadA1; aph(3')-Ia; blaTEM-1b; blaTEM-215,False,0.3076923076923077,False,0.13044601466763214,0.8550645935707271,False
481,EW035_RS19510,thrA,gene,4,1,genome,2,annotation_mediated,0,0,4,0,1,MS_14386,blaTEM-1b; blaTEM-215; floR; fosA4,False,0.3076923076923077,False,0.13044601466763214,0.8550645935707271,False
482,EW035_RS19560,gpmB,gene,4,1,genome,2,annotation_mediated,0,0,4,0,1,MS_14386,aadA1; aph(3')-Ia; blaTEM-1b; blaTEM-215,False,0.3076923076923077,False,0.13044601466763214,0.8550645935707271,False
483,EW035_RS19595,serB,gene,4,1,genome,2,annotation_mediated,0,0,4,0,1,MS_14386,blaTEM-1b; blaTEM-215; floR; fosA4,False,0.3076923076923077,False,0.13044601466763214,0.8550645935707271,False
484,EW035_RS20395,argF,gene,4,1,genome,2,annotation_mediated,0,0,4,0,1,MS_14386,blaTEM-1b; blaTEM-215; floR; fosA4,False,0.3076923076923077,False,0.13044601466763214,0.8550645935707271,False
485,EW035_RS21410,tyrB,gene,4,1,genome,2,annotation_mediated,0,0,4,0,1,MS_14386,blaTEM-1b; blaTEM-215; floR; fosA4,False,0.3076923076923077,False,0.13044601466763214,0.8550645935707271,False
486,EW035_RS21565,lysC,gene,4,1,genome,2,annotation_mediated,0,0,4,0,1,MS_14386,blaTEM-1b; blaTEM-215; floR; fosA4,False,0.3076923076923077,False,0.13044601466763214,0.8550645935707271,False
487,EW035_RS22055,argH,gene,4,1,genome,2,annotation_mediated,0,0,4,0,1,MS_14386,blaTEM-1b; blaTEM-215; floR; fosA4,False,0.3076923076923077,False,0.13044601466763214,0.8550645935707271,False
488,EW035_RS22070,argE,gene,4,1,genome,2,annotation_mediated,0,0,4,0,1,MS_14386,blaTEM-1b; blaTEM-215; floR; fosA4,False,0.3076923076923077,False,0.13044601466763214,0.8550645935707271,False
489,EW035_RS22160,metL,gene,4,1,genome,2,annotation_mediated,0,0,4,0,1,MS_14386,blaTEM-1b; blaTEM-215; floR; fosA4,False,0.3076923076923077,False,0.13044601466763214,0.8550645935707271,False
490,EW035_RS22165,metB,gene,4,1,genome,2,annotation_mediated,0,0,4,0,1,MS_14386,blaTEM-1b; blaTEM-215; floR; fosA4,False,0.3076923076923077,False,0.13044601466763214,0.8550645935707271,False
491,EW035_RS23980,nan,gene,4,1,genome,2,annotation_mediated,0,0,4,0,1,MS_14386,aac(3)-IId; blaTEM-1b; blaTEM-215; strAB,False,0.3076923076923077,False,0.13044601466763214,0.8550645935707271,False
492,EW035_RS23985,nan,gene,4,1,genome,2,annotation_mediated,0,0,4,0,1,MS_14386,aac(3)-IId; blaTEM-1b; blaTEM-215; strAB,False,0.3076923076923077,False,0.13044601466763214,0.8550645935707271,False
493,EW035_RS24330,nan,gene,4,1,genome,2,annotation_mediated; graph_derived,0,1,3,0,1,MS_14386,aac(3)-IId; blaTEM-1b; blaTEM-215; strAB,False,0.3076923076923077,False,0.13044601466763214,0.8550645935707271,False
494,WP_000024892.1,mdtF,protein,4,1,proteome,2,annotation_mediated,0,0,4,0,0,MS_14386,aac(3)-IId; blaTEM-1b; blaTEM-215; strAB,False,0.3076923076923077,False,0.07636553832605696,0.8550645935707271,False
495,WP_000149168.1,rbbA,protein,4,1,proteome,2,annotation_mediated,0,0,4,0,0,MS_14386,aac(3)-IId; blaTEM-1b; blaTEM-215; strAB,False,0.3076923076923077,False,0.07636553832605696,0.8550645935707271,False
496,WP_000188193.1,macB,protein,4,1,proteome,2,annotation_mediated,0,0,4,0,0,MS_14386,aac(3)-IId; blaTEM-1b; blaTEM-215; strAB,False,0.3076923076923077,False,0.07636553832605696,0.8550645935707271,False
497,WP_000923721.1,ampD,protein,4,1,proteome,2,annotation_mediated,0,0,4,0,0,MS_14386,aac(3)-IId; blaTEM-1b; blaTEM-215; strAB,False,0.3076923076923077,False,0.07636553832605696,0.8550645935707271,False
498,WP_001029742.1,nan,protein,4,1,proteome,2,annotation_mediated,0,0,4,0,0,MS_14386,aac(3)-IId; blaTEM-1b; blaTEM-215; strAB,False,0.3076923076923077,False,0.07636553832605696,0.8550645935707271,False
499,WP_001033694.1,lolD,protein,4,1,proteome,2,annotation_mediated,0,0,4,0,0,MS_14386,aac(3)-IId; blaTEM-1b; blaTEM-215; strAB,False,0.3076923076923077,False,0.07636553832605696,0.8550645935707271,False
500,WP_001132469.1,acrB,protein,4,1,proteome,2,annotation_mediated,0,0,4,0,0,MS_14386,aac(3)-IId; blaTEM-1b; blaTEM-215; strAB,False,0.3076923076923077,False,0.07636553832605696,0.8550645935707271,False
501,WP_001197877.1,mdtB,protein,4,1,proteome,2,annotation_mediated,0,0,4,0,0,MS_14386,aac(3)-IId; blaTEM-1b; blaTEM-215; strAB,False,0.3076923076923077,False,0.07636553832605696,0.8550645935707271,False
502,WP_001255167.1,amiD,protein,4,1,proteome,2,annotation_mediated,0,0,4,0,0,MS_14386,aac(3)-IId; blaTEM-1b; blaTEM-215; strAB,False,0.3076923076923077,False,0.07636553832605696,0.8550645935707271,False
503,WP_001296942.1,ydhJ,protein,4,1,proteome,2,annotation_mediated,0,0,4,0,0,MS_14386,aac(3)-IId; blaTEM-1b; blaTEM-215; strAB,False,0.3076923076923077,False,0.07636553832605696,0.8550645935707271,False
504,WP_001299465.1,ampC,protein,4,1,proteome,2,annotation_mediated,0,0,4,0,0,MS_14386,aac(3)-IId; blaTEM-1b; blaTEM-215; strAB,False,0.3076923076923077,False,0.07636553832605696,0.8550645935707271,False
505,WP_001315775.1,pbp4b,protein,4,1,proteome,2,annotation_mediated,0,0,4,0,0,MS_14386,aac(3)-IId; blaTEM-1b; blaTEM-215; strAB,False,0.3076923076923077,False,0.07636553832605696,0.8550645935707271,False
506,WP_001402193.1,ldcA,protein,4,1,proteome,2,annotation_mediated,0,0,4,0,0,MS_14386,aac(3)-IId; blaTEM-1b; blaTEM-215; strAB,False,0.3076923076923077,False,0.07636553832605696,0.8550645935707271,False
507,WP_001672354.1,nan,protein,4,1,proteome,2,annotation_mediated,0,0,4,0,0,MS_14386,aac(3)-IId; blaTEM-1b; blaTEM-215; strAB,False,0.3076923076923077,False,0.07636553832605696,0.8550645935707271,False
508,WP_023155807.1,nan,protein,4,1,proteome,2,annotation_mediated,0,0,4,0,0,MS_14386,aac(3)-IId; blaTEM-1b; blaTEM-215; strAB,False,0.3076923076923077,False,0.07636553832605696,0.8550645935707271,False
509,WP_023155808.1,nan,protein,4,1,proteome,2,annotation_mediated,0,0,4,0,0,MS_14386,aac(3)-IId; blaTEM-1b; blaTEM-215; strAB,False,0.3076923076923077,False,0.07636553832605696,0.8550645935707271,False
510,WP_023155874.1,ybhR,protein,4,1,proteome,2,annotation_mediated,0,0,4,0,0,MS_14386,aac(3)-IId; blaTEM-1b; blaTEM-215; strAB,False,0.3076923076923077,False,0.07636553832605696,0.8550645935707271,False
511,WP_023281054.1,nan,protein,4,1,proteome,2,annotation_mediated,0,0,4,0,0,MS_14386,aac(3)-IId; blaTEM-1b; blaTEM-215; strAB,False,0.3076923076923077,False,0.07636553832605696,0.8550645935707271,False
512,WP_038997080.1,nan,protein,4,1,proteome,2,annotation_mediated,0,0,4,0,0,MS_14386,aac(3)-IId; blaTEM-1b; blaTEM-215; strAB,False,0.3076923076923077,False,0.07636553832605696,0.8550645935707271,False
513,WP_038997084.1,nan,protein,4,1,proteome,2,annotation_mediated,0,0,4,0,0,MS_14386,aac(3)-IId; blaTEM-1b; blaTEM-215; strAB,False,0.3076923076923077,False,0.07636553832605696,0.8550645935707271,False
514,EW035_RS01895,yhfK,gene,4,1,genome,2,annotation_mediated,0,0,4,0,1,MS_14386,aac(3)-IId; blaTEM-1b; blaTEM-215; mph(A),False,0.3076923076923077,False,0.13044601466763214,0.8550645935707271,False
515,EW035_RS02715,mlaB,gene,4,1,genome,2,annotation_mediated,0,0,4,0,1,MS_14386,aac(3)-IId; blaTEM-1b; mph(A); strAB,False,0.3076923076923077,False,0.13044601466763214,0.8550645935707271,False
516,EW035_RS03100,tdcC,gene,4,1,genome,2,annotation_mediated,0,0,4,0,1,MS_14386,blaTEM-1b; blaTEM-215; floR; fosA4,False,0.3076923076923077,False,0.13044601466763214,0.8550645935707271,False
517,EW035_RS03115,tdcF,gene,4,1,genome,2,annotation_mediated,0,0,4,0,1,MS_14386,blaTEM-1b; blaTEM-215; floR; fosA4,False,0.3076923076923077,False,0.13044601466763214,0.8550645935707271,False
518,EW035_RS03510,ygiB,gene,4,1,genome,2,annotation_mediated,0,0,4,0,1,MS_14386,aac(3)-IId; blaTEM-1b; blaTEM-215; mph(A),False,0.3076923076923077,False,0.13044601466763214,0.8550645935707271,False
519,EW035_RS03820,glcG,gene,4,1,genome,2,annotation_mediated,0,0,4,0,1,MS_14386,aac(3)-IId; blaTEM-1b; blaTEM-215; mph(A),False,0.3076923076923077,False,0.13044601466763214,0.8550645935707271,False
520,EW035_RS04675,galR,gene,4,1,genome,2,annotation_mediated,0,0,4,0,1,MS_14386,aac(3)-IId; blaTEM-1b; blaTEM-215; mph(A),False,0.3076923076923077,False,0.13044601466763214,0.8550645935707271,False
521,EW035_RS05055,sdaC,gene,4,1,genome,2,annotation_mediated,0,0,4,0,1,MS_14386,blaTEM-1b; blaTEM-215; floR; fosA4,False,0.3076923076923077,False,0.13044601466763214,0.8550645935707271,False
522,EW035_RS05070,syd,gene,4,1,genome,2,annotation_mediated,0,0,4,0,1,MS_14386,aac(3)-IId; blaTEM-1b; blaTEM-215; mph(A),False,0.3076923076923077,False,0.13044601466763214,0.8550645935707271,False
523,EW035_RS06415,ppk1,gene,4,1,genome,2,annotation_mediated,0,0,4,0,1,MS_14386,aadA1; aph(3')-Ia; blaTEM-215; strAB,False,0.3076923076923077,False,0.13044601466763214,0.8550645935707271,False
524,EW035_RS06745,yfeX,gene,4,1,genome,2,annotation_mediated,0,0,4,0,1,MS_14386,aac(3)-IId; blaTEM-215; floR; strAB,False,0.3076923076923077,False,0.13044601466763214,0.8550645935707271,False
525,EW035_RS08045,fruA,gene,4,1,genome,2,annotation_mediated,0,0,4,0,1,MS_14386,blaTEM-215; floR; sul2; sul3,False,0.3076923076923077,False,0.13044601466763214,0.8550645935707271,False
526,EW035_RS02255,fmt,gene,4,1,genome,2,annotation_mediated,0,0,4,0,1,MS_14386,aadA1; dfrA12; dfrA14; strAB,False,0.3076923076923077,False,0.13044601466763214,0.8550645935707271,False
527,EW035_RS00010,dnaN,gene,4,1,genome,2,annotation_mediated,0,0,4,0,1,MS_14386,dfrA12; dfrA14; sul2; sul3,False,0.3076923076923077,False,0.13044601466763214,0.8550645935707271,False
528,EW035_RS00290,rpoZ,gene,4,1,genome,2,annotation_mediated,0,0,4,0,1,MS_14386,dfrA12; dfrA14; sul2; sul3,False,0.3076923076923077,False,0.13044601466763214,0.8550645935707271,False
529,EW035_RS00375,rfaQ,gene,4,1,genome,2,annotation_mediated,0,0,4,0,1,MS_14386,dfrA12; dfrA14; sul2; sul3,False,0.3076923076923077,False,0.13044601466763214,0.8550645935707271,False
530,EW035_RS00380,waaG,gene,4,1,genome,2,annotation_mediated,0,0,4,0,1,MS_14386,dfrA12; dfrA14; sul2; sul3,False,0.3076923076923077,False,0.13044601466763214,0.8550645935707271,False
531,EW035_RS00390,waaO,gene,4,1,genome,2,annotation_mediated,0,0,4,0,1,MS_14386,dfrA12; dfrA14; sul2; sul3,False,0.3076923076923077,False,0.13044601466763214,0.8550645935707271,False
532,EW035_RS00405,nan,gene,4,1,genome,2,annotation_mediated,0,0,4,0,1,MS_14386,dfrA12; dfrA14; sul2; sul3,False,0.3076923076923077,False,0.13044601466763214,0.8550645935707271,False
533,EW035_RS00415,nan,gene,4,1,genome,2,annotation_mediated,0,0,4,0,1,MS_14386,dfrA12; dfrA14; sul2; sul3,False,0.3076923076923077,False,0.13044601466763214,0.8550645935707271,False
534,EW035_RS00420,rfaC,gene,4,1,genome,2,annotation_mediated,0,0,4,0,1,MS_14386,dfrA12; dfrA14; sul2; sul3,False,0.3076923076923077,False,0.13044601466763214,0.8550645935707271,False
535,EW035_RS00425,rfaF,gene,4,1,genome,2,annotation_mediated,0,0,4,0,1,MS_14386,dfrA12; dfrA14; sul2; sul3,False,0.3076923076923077,False,0.13044601466763214,0.8550645935707271,False
536,EW035_RS00435,kbl,gene,4,1,genome,2,annotation_mediated,0,0,4,0,1,MS_14386,dfrA12; dfrA14; sul2; sul3,False,0.3076923076923077,False,0.13044601466763214,0.8550645935707271,False
537,EW035_RS00485,gpsA,gene,4,1,genome,2,annotation_mediated,0,0,4,0,1,MS_14386,dfrA12; dfrA14; sul2; sul3,False,0.3076923076923077,False,0.13044601466763214,0.8550645935707271,False
538,EW035_RS00500,lldD,gene,4,1,genome,2,annotation_mediated,0,0,4,0,1,MS_14386,dfrA12; dfrA14; sul2; sul3,False,0.3076923076923077,False,0.13044601466763214,0.8550645935707271,False
539,EW035_RS00780,ghrB,gene,4,1,genome,2,annotation_mediated,0,0,4,0,1,MS_14386,dfrA12; dfrA14; sul2; sul3,False,0.3076923076923077,False,0.13044601466763214,0.8550645935707271,False
540,EW035_RS00920,bcsB,gene,4,1,genome,2,annotation_mediated,0,0,4,0,1,MS_14386,dfrA12; dfrA14; sul2; sul3,False,0.3076923076923077,False,0.13044601466763214,0.8550645935707271,False
541,EW035_RS01350,acpT,gene,4,1,genome,2,annotation_mediated,0,0,4,0,1,MS_14386,dfrA12; dfrA14; sul2; sul3,False,0.3076923076923077,False,0.13044601466763214,0.8550645935707271,False
542,EW035_RS01490,ggt,gene,4,1,genome,2,annotation_mediated,0,0,4,0,1,MS_14386,dfrA12; dfrA14; sul2; sul3,False,0.3076923076923077,False,0.13044601466763214,0.8550645935707271,False
543,EW035_RS01845,cysG,gene,4,1,genome,2,annotation_mediated,0,0,4,0,1,MS_14386,dfrA12; dfrA14; sul2; sul3,False,0.3076923076923077,False,0.13044601466763214,0.8550645935707271,False
544,EW035_RS02215,rpoA,gene,4,1,genome,2,annotation_mediated,0,0,4,0,1,MS_14386,dfrA12; dfrA14; sul2; sul3,False,0.3076923076923077,False,0.13044601466763214,0.8550645935707271,False
545,EW035_RS02425,acuI,gene,4,1,genome,2,annotation_mediated,0,0,4,0,1,MS_14386,dfrA12; dfrA14; sul2; sul3,False,0.3076923076923077,False,0.13044601466763214,0.8550645935707271,False
546,EW035_RS02735,ispB,gene,4,1,genome,2,annotation_mediated,0,0,4,0,1,MS_14386,dfrA12; dfrA14; sul2; sul3,False,0.3076923076923077,False,0.13044601466763214,0.8550645935707271,False
547,EW035_RS02785,folP,gene,4,1,genome,2,annotation_mediated,0,0,4,0,1,MS_14386,dfrA12; dfrA14; sul2; sul3,False,0.3076923076923077,False,0.13044601466763214,0.8550645935707271,False
548,EW035_RS03110,tdcE,gene,4,1,genome,2,annotation_mediated,0,0,4,0,1,MS_14386,dfrA12; dfrA14; sul2; sul3,False,0.3076923076923077,False,0.13044601466763214,0.8550645935707271,False
549,EW035_RS03430,glnE,gene,4,1,genome,2,annotation_mediated,0,0,4,0,1,MS_14386,dfrA12; dfrA14; sul2; sul3,False,0.3076923076923077,False,0.13044601466763214,0.8550645935707271,False
550,EW035_RS03490,ribB,gene,4,1,genome,2,annotation_mediated,0,0,4,0,1,MS_14386,dfrA12; dfrA14; sul2; sul3,False,0.3076923076923077,False,0.13044601466763214,0.8550645935707271,False
551,EW035_RS03585,plsC,gene,4,1,genome,2,annotation_mediated,0,0,4,0,1,MS_14386,dfrA12; dfrA14; sul2; sul3,False,0.3076923076923077,False,0.13044601466763214,0.8550645935707271,False
552,EW035_RS03825,glcB,gene,4,1,genome,2,annotation_mediated,0,0,4,0,1,MS_14386,dfrA12; dfrA14; sul2; sul3,False,0.3076923076923077,False,0.13044601466763214,0.8550645935707271,False
553,EW035_RS03980,hemW,gene,4,1,genome,2,annotation_mediated,0,0,4,0,1,MS_14386,dfrA12; dfrA14; sul2; sul3,False,0.3076923076923077,False,0.13044601466763214,0.8550645935707271,False
554,EW035_RS04045,metK,gene,4,1,genome,2,annotation_mediated,0,0,4,0,1,MS_14386,dfrA12; dfrA14; sul2; sul3,False,0.3076923076923077,False,0.13044601466763214,0.8550645935707271,False
555,EW035_RS04065,speA,gene,4,1,genome,2,annotation_mediated,0,0,4,0,1,MS_14386,dfrA12; dfrA14; sul2; sul3,False,0.3076923076923077,False,0.13044601466763214,0.8550645935707271,False
556,EW035_RS04235,fau,gene,4,1,genome,2,annotation_mediated,0,0,4,0,1,MS_14386,dfrA12; dfrA14; sul2; sul3,False,0.3076923076923077,False,0.13044601466763214,0.8550645935707271,False
557,EW035_RS04260,ubiH,gene,4,1,genome,2,annotation_mediated,0,0,4,0,1,MS_14386,dfrA12; dfrA14; sul2; sul3,False,0.3076923076923077,False,0.13044601466763214,0.8550645935707271,False
558,EW035_RS04265,ubiI,gene,4,1,genome,2,annotation_mediated,0,0,4,0,1,MS_14386,dfrA12; dfrA14; sul2; sul3,False,0.3076923076923077,False,0.13044601466763214,0.8550645935707271,False
559,EW035_RS05040,fucO,gene,4,1,genome,2,annotation_mediated,0,0,4,0,1,MS_14386,dfrA12; dfrA14; sul2; sul3,False,0.3076923076923077,False,0.13044601466763214,0.8550645935707271,False
560,EW035_RS05065,queF,gene,4,1,genome,2,annotation_mediated,0,0,4,0,1,MS_14386,dfrA12; dfrA14; sul2; sul3,False,0.3076923076923077,False,0.13044601466763214,0.8550645935707271,False
561,EW035_RS05095,gudX,gene,4,1,genome,2,annotation_mediated,0,0,4,0,1,MS_14386,dfrA12; dfrA14; sul2; sul3,False,0.3076923076923077,False,0.13044601466763214,0.8550645935707271,False
562,EW035_RS05100,gudD,gene,4,1,genome,2,annotation_mediated,0,0,4,0,1,MS_14386,dfrA12; dfrA14; sul2; sul3,False,0.3076923076923077,False,0.13044601466763214,0.8550645935707271,False
563,EW035_RS05220,cysI,gene,4,1,genome,2,annotation_mediated,0,0,4,0,1,MS_14386,dfrA12; dfrA14; sul2; sul3,False,0.3076923076923077,False,0.13044601466763214,0.8550645935707271,False
564,EW035_RS05630,gshA,gene,4,1,genome,2,annotation_mediated,0,0,4,0,1,MS_14386,dfrA12; dfrA14; sul2; sul3,False,0.3076923076923077,False,0.13044601466763214,0.8550645935707271,False
565,EW035_RS05760,gabD,gene,4,1,genome,2,annotation_mediated,0,0,4,0,1,MS_14386,dfrA12; dfrA14; sul2; sul3,False,0.3076923076923077,False,0.13044601466763214,0.8550645935707271,False
566,EW035_RS05985,pssA,gene,4,1,genome,2,annotation_mediated,0,0,4,0,1,MS_14386,dfrA12; dfrA14; sul2; sul3,False,0.3076923076923077,False,0.13044601466763214,0.8550645935707271,False
567,EW035_RS06095,pdxJ,gene,4,1,genome,2,annotation_mediated,0,0,4,0,1,MS_14386,dfrA12; dfrA14; sul2; sul3,False,0.3076923076923077,False,0.13044601466763214,0.8550645935707271,False
568,EW035_RS06720,hemF,gene,4,1,genome,2,annotation_mediated,0,0,4,0,1,MS_14386,dfrA12; dfrA14; sul2; sul3,False,0.3076923076923077,False,0.13044601466763214,0.8550645935707271,False
569,EW035_RS06805,pdxK,gene,4,1,genome,2,annotation_mediated,0,0,4,0,1,MS_14386,dfrA12; dfrA14; sul2; sul3,False,0.3076923076923077,False,0.13044601466763214,0.8550645935707271,False
570,EW035_RS07285,fabB,gene,4,1,genome,2,annotation_mediated,0,0,4,0,1,MS_14386,dfrA12; dfrA14; sul2; sul3,False,0.3076923076923077,False,0.13044601466763214,0.8550645935707271,False
571,EW035_RS07385,folX,gene,4,1,genome,2,annotation_mediated,0,0,4,0,1,MS_14386,dfrA12; dfrA14; sul2; sul3,False,0.3076923076923077,False,0.13044601466763214,0.8550645935707271,False
572,EW035_RS07415,pta,gene,4,1,genome,2,annotation_mediated,0,0,4,0,1,MS_14386,dfrA12; dfrA14; sul2; sul3,False,0.3076923076923077,False,0.13044601466763214,0.8550645935707271,False
573,EW035_RS07460,nuoA,gene,4,1,genome,2,annotation_mediated,0,0,4,0,1,MS_14386,dfrA12; dfrA14; sul2; sul3,False,0.3076923076923077,False,0.13044601466763214,0.8550645935707271,False
574,EW035_RS07465,nuoB,gene,4,1,genome,2,annotation_mediated,0,0,4,0,1,MS_14386,dfrA12; dfrA14; sul2; sul3,False,0.3076923076923077,False,0.13044601466763214,0.8550645935707271,False
575,EW035_RS07470,nuoC,gene,4,1,genome,2,annotation_mediated,0,0,4,0,1,MS_14386,dfrA12; dfrA14; sul2; sul3,False,0.3076923076923077,False,0.13044601466763214,0.8550645935707271,False
576,EW035_RS07475,nuoE,gene,4,1,genome,2,annotation_mediated,0,0,4,0,1,MS_14386,dfrA12; dfrA14; sul2; sul3,False,0.3076923076923077,False,0.13044601466763214,0.8550645935707271,False
577,EW035_RS07480,nuoF,gene,4,1,genome,2,annotation_mediated,0,0,4,0,1,MS_14386,dfrA12; dfrA14; sul2; sul3,False,0.3076923076923077,False,0.13044601466763214,0.8550645935707271,False
578,EW035_RS07485,nuoG,gene,4,1,genome,2,annotation_mediated,0,0,4,0,1,MS_14386,dfrA12; dfrA14; sul2; sul3,False,0.3076923076923077,False,0.13044601466763214,0.8550645935707271,False
579,EW035_RS07490,nuoH,gene,4,1,genome,2,annotation_mediated,0,0,4,0,1,MS_14386,dfrA12; dfrA14; sul2; sul3,False,0.3076923076923077,False,0.13044601466763214,0.8550645935707271,False
580,EW035_RS07495,nuoI,gene,4,1,genome,2,annotation_mediated,0,0,4,0,1,MS_14386,dfrA12; dfrA14; sul2; sul3,False,0.3076923076923077,False,0.13044601466763214,0.8550645935707271,False
581,EW035_RS07500,nuoJ,gene,4,1,genome,2,annotation_mediated,0,0,4,0,1,MS_14386,dfrA12; dfrA14; sul2; sul3,False,0.3076923076923077,False,0.13044601466763214,0.8550645935707271,False
582,EW035_RS07505,nuoK,gene,4,1,genome,2,annotation_mediated,0,0,4,0,1,MS_14386,dfrA12; dfrA14; sul2; sul3,False,0.3076923076923077,False,0.13044601466763214,0.8550645935707271,False
583,EW035_RS07520,nuoN,gene,4,1,genome,2,annotation_mediated,0,0,4,0,1,MS_14386,dfrA12; dfrA14; sul2; sul3,False,0.3076923076923077,False,0.13044601466763214,0.8550645935707271,False
584,EW035_RS07570,menB,gene,4,1,genome,2,annotation_mediated,0,0,4,0,1,MS_14386,dfrA12; dfrA14; sul2; sul3,False,0.3076923076923077,False,0.13044601466763214,0.8550645935707271,False
585,EW035_RS07575,menC,gene,4,1,genome,2,annotation_mediated,0,0,4,0,1,MS_14386,dfrA12; dfrA14; sul2; sul3,False,0.3076923076923077,False,0.13044601466763214,0.8550645935707271,False
586,EW035_RS07580,menE,gene,4,1,genome,2,annotation_mediated,0,0,4,0,1,MS_14386,dfrA12; dfrA14; sul2; sul3,False,0.3076923076923077,False,0.13044601466763214,0.8550645935707271,False
587,EW035_RS07610,arnA,gene,4,1,genome,2,annotation_mediated,0,0,4,0,1,MS_14386,dfrA12; dfrA14; sul2; sul3,False,0.3076923076923077,False,0.13044601466763214,0.8550645935707271,False
588,EW035_RS07715,ubiG,gene,4,1,genome,2,annotation_mediated,0,0,4,0,1,MS_14386,dfrA12; dfrA14; sul2; sul3,False,0.3076923076923077,False,0.13044601466763214,0.8550645935707271,False
589,EW035_RS00355,rpmG,gene,4,1,genome,3,annotation_mediated,0,0,4,0,1,MS_14386,aac(3)-IId; aadA1; blaTEM-1b; strAB,False,0.3076923076923077,False,0.13044601466763214,0.8550645935707271,False
590,EW035_RS00575,selB,gene,4,1,genome,3,annotation_mediated,0,0,4,0,1,MS_14386,aadA1; blaTEM-1b; blaTEM-215; strAB,False,0.3076923076923077,False,0.13044601466763214,0.8550645935707271,False
591,EW035_RS01005,gadW,gene,4,1,genome,3,annotation_mediated,0,0,4,0,0,MS_14386,aac(3)-IId; blaTEM-1b; blaTEM-215; strAB,False,0.3076923076923077,False,0.13044601466763214,0.8550645935707271,False
592,EW035_RS01015,mdtE,gene,4,1,genome,3,annotation_mediated,0,0,4,0,0,MS_14386,aac(3)-IId; blaTEM-1b; blaTEM-215; strAB,False,0.3076923076923077,False,0.13044601466763214,0.8550645935707271,False
593,EW035_RS01980,rpsL,gene,4,1,genome,3,annotation_mediated,0,0,4,0,1,MS_14386,aac(3)-IId; aadA1; blaTEM-1b; strAB,False,0.3076923076923077,False,0.13044601466763214,0.8550645935707271,False
594,EW035_RS02095,rplD,gene,4,1,genome,3,annotation_mediated,0,0,4,0,1,MS_14386,aac(3)-IId; aadA1; blaTEM-1b; strAB,False,0.3076923076923077,False,0.13044601466763214,0.8550645935707271,False
595,EW035_RS02115,rplV,gene,4,1,genome,3,annotation_mediated,0,0,4,0,1,MS_14386,aac(3)-IId; aadA1; blaTEM-1b; strAB,False,0.3076923076923077,False,0.13044601466763214,0.8550645935707271,False
596,EW035_RS02135,rpsQ,gene,4,1,genome,3,annotation_mediated,0,0,4,0,1,MS_14386,aac(3)-IId; aadA1; blaTEM-1b; strAB,False,0.3076923076923077,False,0.13044601466763214,0.8550645935707271,False
597,EW035_RS02165,rplF,gene,4,1,genome,3,annotation_mediated,0,0,4,0,1,MS_14386,aac(3)-IId; aadA1; blaTEM-1b; strAB,False,0.3076923076923077,False,0.13044601466763214,0.8550645935707271,False
598,EW035_RS02175,rpsE,gene,4,1,genome,3,annotation_mediated,0,0,4,0,1,MS_14386,aac(3)-IId; aadA1; blaTEM-1b; strAB,False,0.3076923076923077,False,0.13044601466763214,0.8550645935707271,False
599,EW035_RS02210,rpsD,gene,4,1,genome,3,annotation_mediated,0,0,4,0,1,MS_14386,aac(3)-IId; aadA1; blaTEM-1b; strAB,False,0.3076923076923077,False,0.13044601466763214,0.8550645935707271,False
600,EW035_RS02280,tsaC,gene,4,1,genome,3,annotation_mediated,0,0,4,0,1,MS_14386,aadA1; blaTEM-1b; blaTEM-215; strAB,False,0.3076923076923077,False,0.13044601466763214,0.8550645935707271,False
601,EW035_RS02820,rimP,gene,4,1,genome,3,annotation_mediated,0,0,4,0,1,MS_14386,aadA1; blaTEM-1b; blaTEM-215; strAB,False,0.3076923076923077,False,0.13044601466763214,0.8550645935707271,False
602,EW035_RS04350,lysS,gene,4,1,genome,3,annotation_mediated,0,0,4,0,1,MS_14386,aadA1; blaTEM-1b; blaTEM-215; strAB,False,0.3076923076923077,False,0.13044601466763214,0.8550645935707271,False
603,EW035_RS05640,emrB,gene,4,1,genome,3,annotation_mediated,0,0,4,0,0,MS_14386,aac(3)-IId; blaTEM-1b; blaTEM-215; strAB,False,0.3076923076923077,False,0.13044601466763214,0.8550645935707271,False
604,EW035_RS05650,emrR,gene,4,1,genome,3,annotation_mediated,0,0,4,0,1,MS_14386,aac(3)-IId; blaTEM-1b; blaTEM-215; strAB,False,0.3076923076923077,False,0.13044601466763214,0.8550645935707271,False
605,EW035_RS06335,rlmN,gene,4,1,genome,3,annotation_mediated,0,0,4,0,1,MS_14386,aac(3)-IId; aadA1; blaTEM-215; strAB,False,0.3076923076923077,False,0.13044601466763214,0.8550645935707271,False
606,WP_001295833.1,acrA,protein,3,3,proteome,2,annotation_mediated,0,0,3,0,0,B36; MS_14384; MS_14387,blaCMY-2; blaOXA-1; blaTEM-1b,True,0.23076923076923078,False,0.21219155655001826,0.8550645935707271,False
607,WP_000301864.1,rplB,protein,3,3,proteome,2,annotation_mediated,0,0,3,0,0,B36; MS_14386; MS_14387,aac(6')-Ib-cr5; fosA4; strAB,True,0.23076923076923078,False,0.21219155655001826,0.8550645935707271,False
608,WP_000002953.1,rraB,protein,3,2,proteome,2,annotation_mediated,0,0,3,0,0,B36; MS_14386,aadA5; mph(A),True,0.23076923076923078,False,0.21219155655001826,0.8550645935707271,False
609,WP_000020737.1,era,protein,3,2,proteome,2,annotation_mediated,0,0,3,0,0,B36; MS_14386,aadA5; mph(A),True,0.23076923076923078,False,0.21219155655001826,0.8550645935707271,False
610,WP_000028953.1,iscA,protein,3,2,proteome,2,annotation_mediated,0,0,3,0,0,B36; MS_14386,aadA5; mph(A),True,0.23076923076923078,False,0.21219155655001826,0.8550645935707271,False
611,WP_000030016.1,kdsC,protein,3,2,proteome,2,annotation_mediated,0,0,3,0,0,B36; MS_14386,aadA5; mph(A),True,0.23076923076923078,False,0.21219155655001826,0.8550645935707271,False
612,WP_000031415.1,yqjD,protein,3,2,proteome,2,annotation_mediated,0,0,3,0,0,B36; MS_14386,aadA5; mph(A),True,0.23076923076923078,False,0.21219155655001826,0.8550645935707271,False
613,WP_000034402.1,cysK,protein,3,2,proteome,2,annotation_mediated,0,0,3,0,0,B36; MS_14386,fosA4; mph(A),True,0.23076923076923078,False,0.21219155655001826,0.8550645935707271,False
614,WP_000964653.1,nan,protein,3,2,proteome,2,annotation_mediated,0,0,3,0,0,B36; MS_14384,blaCMY-2; blaCTX-M-15; blaOXA-1,True,0.23076923076923078,False,0.21219155655001826,0.8550645935707271,False
615,WP_000461642.1,arnC,protein,3,2,proteome,2,annotation_mediated,0,0,3,0,0,MS_14384; MS_14387,blaCMY-2; blaTEM-1b; strAB,True,0.23076923076923078,False,0.21219155655001826,0.8550645935707271,False
616,WP_000843866.1,glnH,protein,3,2,proteome,2,annotation_mediated,0,0,3,0,0,MS_14384; MS_14386,blaCMY-2; fosA4; strAB,True,0.23076923076923078,False,0.21219155655001826,0.8550645935707271,False
617,WP_000027205.1,artP,protein,3,2,proteome,2,annotation_mediated,0,0,3,0,0,MS_14386; MS_14387,aph(3')-Ia; strAB,True,0.23076923076923078,False,0.21219155655001826,0.8550645935707271,False
618,WP_000042632.1,lipA,protein,3,2,proteome,2,annotation_mediated,0,0,3,0,0,MS_14386; MS_14387,aph(3')-Ia; fosA4; strAB,True,0.23076923076923078,False,0.21219155655001826,0.8550645935707271,False
619,WP_000046749.1,ettA,protein,3,2,proteome,2,annotation_mediated,0,0,3,0,0,MS_14386; MS_14387,aph(3')-Ia; mph(A); strAB,True,0.23076923076923078,False,0.21219155655001826,0.8550645935707271,False
620,WP_000063125.1,pstB,protein,3,2,proteome,2,annotation_mediated,0,0,3,0,0,MS_14386; MS_14387,aph(3')-Ia; strAB,True,0.23076923076923078,False,0.21219155655001826,0.8550645935707271,False
621,WP_000106834.1,hxpB,protein,3,2,proteome,2,annotation_mediated,0,0,3,0,0,MS_14386; MS_14387,aph(3')-Ia; fosA4; strAB,True,0.23076923076923078,False,0.21219155655001826,0.8550645935707271,False
622,WP_000108172.1,grxD,protein,3,2,proteome,2,annotation_mediated,0,0,3,0,0,MS_14386; MS_14387,aph(3')-Ia; fosA4; strAB,True,0.23076923076923078,False,0.21219155655001826,0.8550645935707271,False
623,WP_000136788.1,glpK,protein,3,2,proteome,2,annotation_mediated,0,0,3,0,0,MS_14386; MS_14387,aph(3')-Ia; fosA4; strAB,True,0.23076923076923078,False,0.21219155655001826,0.8550645935707271,False
624,WP_000145410.1,hybO,protein,3,2,proteome,2,annotation_mediated,0,0,3,0,0,MS_14386; MS_14387,aph(3')-Ia; fosA4; strAB,True,0.23076923076923078,False,0.21219155655001826,0.8550645935707271,False
625,WP_000162740.1,miaB,protein,3,2,proteome,2,annotation_mediated,0,0,3,0,0,MS_14386; MS_14387,aph(3')-Ia; fosA4; strAB,True,0.23076923076923078,False,0.21219155655001826,0.8550645935707271,False
626,WP_000174305.1,dgoR,protein,3,2,proteome,2,annotation_mediated,0,0,3,0,0,MS_14386; MS_14387,aph(3')-Ia; fosA4; strAB,True,0.23076923076923078,False,0.21219155655001826,0.8550645935707271,False
627,WP_000183349.1,yihA,protein,3,2,proteome,2,annotation_mediated,0,0,3,0,0,MS_14386; MS_14387,aph(3')-Ia; fosA4; strAB,True,0.23076923076923078,False,0.21219155655001826,0.8550645935707271,False
628,WP_000193393.1,aroL,protein,3,2,proteome,2,annotation_mediated,0,0,3,0,0,MS_14386; MS_14387,aph(3')-Ia; fosA4; strAB,True,0.23076923076923078,False,0.21219155655001826,0.8550645935707271,False
629,WP_000213028.1,ynfG,protein,3,2,proteome,2,annotation_mediated,0,0,3,0,0,MS_14386; MS_14387,aph(3')-Ia; fosA4; strAB,True,0.23076923076923078,False,0.21219155655001826,0.8550645935707271,False
630,WP_000213098.1,dmsB,protein,3,2,proteome,2,annotation_mediated,0,0,3,0,0,MS_14386; MS_14387,aph(3')-Ia; fosA4; strAB,True,0.23076923076923078,False,0.21219155655001826,0.8550645935707271,False
631,WP_000220281.1,nrfC,protein,3,2,proteome,2,annotation_mediated,0,0,3,0,0,MS_14386; MS_14387,aph(3')-Ia; fosA4; strAB,True,0.23076923076923078,False,0.21219155655001826,0.8550645935707271,False
632,WP_000254365.1,sdhD,protein,3,2,proteome,2,annotation_mediated,0,0,3,0,0,MS_14386; MS_14387,aph(3')-Ia; fosA4; strAB,True,0.23076923076923078,False,0.21219155655001826,0.8550645935707271,False
633,WP_000284277.1,ycgM,protein,3,2,proteome,2,annotation_mediated,0,0,3,0,0,MS_14386; MS_14387,aph(3')-Ia; fosA4; strAB,True,0.23076923076923078,False,0.21219155655001826,0.8550645935707271,False
634,WP_000301651.1,adhE,protein,3,2,proteome,2,annotation_mediated,0,0,3,0,0,MS_14386; MS_14387,aph(3')-Ia; fosA4; strAB,True,0.23076923076923078,False,0.21219155655001826,0.8550645935707271,False
635,WP_000437935.1,yfcD,protein,3,2,proteome,2,annotation_mediated,0,0,3,0,0,MS_14386; MS_14387,aph(3')-Ia; fosA4; strAB,True,0.23076923076923078,False,0.21219155655001826,0.8550645935707271,False
636,WP_000442860.1,ygiC,protein,3,2,proteome,2,annotation_mediated,0,0,3,0,0,MS_14386; MS_14387,aph(3')-Ia; fosA4; strAB,True,0.23076923076923078,False,0.21219155655001826,0.8550645935707271,False
637,WP_000458817.1,hcp,protein,3,2,proteome,2,annotation_mediated,0,0,3,0,0,MS_14386; MS_14387,aph(3')-Ia; fosA4; strAB,True,0.23076923076923078,False,0.21219155655001826,0.8550645935707271,False
638,WP_000460360.1,hflX,protein,3,2,proteome,2,annotation_mediated,0,0,3,0,0,MS_14386; MS_14387,aph(3')-Ia; fosA4; strAB,True,0.23076923076923078,False,0.21219155655001826,0.8550645935707271,False
639,WP_000480245.1,ycfH,protein,3,2,proteome,2,annotation_mediated,0,0,3,0,0,MS_14386; MS_14387,aph(3')-Ia; fosA4; strAB,True,0.23076923076923078,False,0.21219155655001826,0.8550645935707271,False
640,WP_000529576.1,ppk1,protein,3,2,proteome,2,annotation_mediated,0,0,3,0,0,MS_14386; MS_14387,aph(3')-Ia; fosA4; strAB,True,0.23076923076923078,False,0.21219155655001826,0.8550645935707271,False
641,WP_000545042.1,nuoE,protein,3,2,proteome,2,annotation_mediated,0,0,3,0,0,MS_14386; MS_14387,aph(3')-Ia; fosA4; strAB,True,0.23076923076923078,False,0.21219155655001826,0.8550645935707271,False
642,WP_000568275.1,cydB,protein,3,2,proteome,2,annotation_mediated,0,0,3,0,0,MS_14386; MS_14387,aph(3')-Ia; fosA4; strAB,True,0.23076923076923078,False,0.21219155655001826,0.8550645935707271,False
643,WP_000569080.1,glnQ,protein,3,2,proteome,2,annotation_mediated,0,0,3,0,0,MS_14386; MS_14387,aph(3')-Ia; fosA4; strAB,True,0.23076923076923078,False,0.21219155655001826,0.8550645935707271,False
644,WP_000611911.1,fnr,protein,3,2,proteome,2,annotation_mediated,0,0,3,0,0,MS_14386; MS_14387,aph(3')-Ia; fosA4; strAB,True,0.23076923076923078,False,0.21219155655001826,0.8550645935707271,False
645,WP_000623136.1,ptsI,protein,3,2,proteome,2,annotation_mediated,0,0,3,0,0,MS_14386; MS_14387,aph(3')-Ia; fosA4; strAB,True,0.23076923076923078,False,0.21219155655001826,0.8550645935707271,False
646,WP_000684321.1,rimK,protein,3,2,proteome,2,annotation_mediated,0,0,3,0,0,MS_14386; MS_14387,aph(3')-Ia; fosA4; strAB,True,0.23076923076923078,False,0.21219155655001826,0.8550645935707271,False
647,WP_000702660.1,narH,protein,3,2,proteome,2,annotation_mediated,0,0,3,0,0,MS_14386; MS_14387,aph(3')-Ia; fosA4; strAB,True,0.23076923076923078,False,0.21219155655001826,0.8550645935707271,False
648,EW035_RS23595,nan,gene,3,1,genome,1,annotation_mediated; graph_derived,0,2,1,0,0,MS_14386,aph(3')-Ia; blaTEM-1b; strAB,False,0.23076923076923078,False,0.30437997459936317,0.8550645935707271,False
649,EW035_RS23685,nan,gene,3,1,genome,1,annotation_mediated; graph_derived,0,1,2,0,0,MS_14386,aac(3)-IId; aadA1; strAB,False,0.23076923076923078,False,0.30437997459936317,0.8550645935707271,False
650,EW035_RS23610,nan,gene,3,1,genome,1,annotation_mediated; graph_derived,0,2,1,0,0,MS_14386,aadA1; aph(3')-Ia; strAB,False,0.23076923076923078,False,0.30437997459936317,0.8550645935707271,False
651,EW036_RS00590,nan,gene,3,1,genome,2,annotation_mediated,0,0,3,0,1,B36,dfrA17; sul1; tet(A),False,0.23076923076923078,False,0.30437997459936317,0.8550645935707271,False
652,EW036_RS00850,rfaD,gene,3,1,genome,2,annotation_mediated,0,0,3,0,1,B36,dfrA17; sul1; tet(A),False,0.23076923076923078,False,0.30437997459936317,0.8550645935707271,False
653,EW036_RS00905,cysE,gene,3,1,genome,2,annotation_mediated,0,0,3,0,1,B36,dfrA17; sul1; tet(A),False,0.23076923076923078,False,0.30437997459936317,0.8550645935707271,False
654,EW036_RS01240,dppD,gene,3,1,genome,2,annotation_mediated,0,0,3,0,1,B36,blaCTX-M-15; blaOXA-1; tet(A),False,0.23076923076923078,False,0.30437997459936317,0.8550645935707271,False
655,EW036_RS01245,dppF,gene,3,1,genome,2,annotation_mediated,0,0,3,0,1,B36,blaCTX-M-15; blaOXA-1; tet(A),False,0.23076923076923078,False,0.30437997459936317,0.8550645935707271,False
656,EW036_RS01340,kdgK,gene,3,1,genome,2,annotation_mediated,0,0,3,0,1,B36,dfrA17; sul1; tet(A),False,0.23076923076923078,False,0.30437997459936317,0.8550645935707271,False
657,EW036_RS01375,treF,gene,3,1,genome,2,annotation_mediated,0,0,3,0,1,B36,dfrA17; sul1; tet(A),False,0.23076923076923078,False,0.30437997459936317,0.8550645935707271,False
658,EW036_RS01385,gadA,gene,3,1,genome,2,annotation_mediated,0,0,3,0,1,B36,dfrA17; sul1; tet(A),False,0.23076923076923078,False,0.30437997459936317,0.8550645935707271,False
659,EW036_RS01605,nan,gene,3,1,genome,2,annotation_mediated,0,0,3,0,1,B36,dfrA17; sul1; tet(A),False,0.23076923076923078,False,0.30437997459936317,0.8550645935707271,False
660,EW036_RS01610,nan,gene,3,1,genome,2,annotation_mediated,0,0,3,0,1,B36,dfrA17; sul1; tet(A),False,0.23076923076923078,False,0.30437997459936317,0.8550645935707271,False
661,EW036_RS01860,glgX,gene,3,1,genome,2,annotation_mediated,0,0,3,0,1,B36,dfrA17; sul1; tet(A),False,0.23076923076923078,False,0.30437997459936317,0.8550645935707271,False
662,EW036_RS01875,glgP,gene,3,1,genome,2,annotation_mediated,0,0,3,0,1,B36,dfrA17; sul1; tet(A),False,0.23076923076923078,False,0.30437997459936317,0.8550645935707271,False
663,EW036_RS01930,malP,gene,3,1,genome,2,annotation_mediated,0,0,3,0,1,B36,dfrA17; sul1; tet(A),False,0.23076923076923078,False,0.30437997459936317,0.8550645935707271,False
664,EW036_RS01935,malQ,gene,3,1,genome,2,annotation_mediated,0,0,3,0,1,B36,dfrA17; sul1; tet(A),False,0.23076923076923078,False,0.30437997459936317,0.8550645935707271,False
665,EW036_RS02225,prkB,gene,3,1,genome,2,annotation_mediated,0,0,3,0,1,B36,dfrA17; sul1; tet(A),False,0.23076923076923078,False,0.30437997459936317,0.8550645935707271,False
666,EW036_RS02315,chiA,gene,3,1,genome,2,annotation_mediated,0,0,3,0,1,B36,dfrA17; sul1; tet(A),False,0.23076923076923078,False,0.30437997459936317,0.8550645935707271,False
667,EW036_RS02920,nanE,gene,3,1,genome,2,annotation_mediated,0,0,3,0,1,B36,dfrA17; sul1; tet(A),False,0.23076923076923078,False,0.30437997459936317,0.8550645935707271,False
668,EW036_RS03330,agaV,gene,3,1,genome,2,annotation_mediated,0,0,3,0,1,B36,dfrA17; sul1; tet(A),False,0.23076923076923078,False,0.30437997459936317,0.8550645935707271,False
669,EW036_RS03515,uxaC,gene,3,1,genome,2,annotation_mediated,0,0,3,0,1,B36,dfrA17; sul1; tet(A),False,0.23076923076923078,False,0.30437997459936317,0.8550645935707271,False
670,EW036_RS03520,uxaA,gene,3,1,genome,2,annotation_mediated,0,0,3,0,1,B36,dfrA17; sul1; tet(A),False,0.23076923076923078,False,0.30437997459936317,0.8550645935707271,False
671,EW036_RS04000,metC,gene,3,1,genome,2,annotation_mediated,0,0,3,0,1,B36,dfrA17; sul1; tet(A),False,0.23076923076923078,False,0.30437997459936317,0.8550645935707271,False
672,EW036_RS04085,gss,gene,3,1,genome,2,annotation_mediated,0,0,3,0,1,B36,dfrA17; sul1; tet(A),False,0.23076923076923078,False,0.30437997459936317,0.8550645935707271,False
673,EW036_RS04980,speB,gene,3,1,genome,2,annotation_mediated,0,0,3,0,1,B36,dfrA17; sul1; tet(A),False,0.23076923076923078,False,0.30437997459936317,0.8550645935707271,False
674,EW036_RS05325,arcC,gene,3,1,genome,2,annotation_mediated,0,0,3,0,1,B36,dfrA17; sul1; tet(A),False,0.23076923076923078,False,0.30437997459936317,0.8550645935707271,False
675,EW036_RS05335,ygeY,gene,3,1,genome,2,annotation_mediated,0,0,3,0,1,B36,dfrA17; sul1; tet(A),False,0.23076923076923078,False,0.30437997459936317,0.8550645935707271,False
676,EW036_RS05740,csdA,gene,3,1,genome,2,annotation_mediated,0,0,3,0,1,B36,dfrA17; sul1; tet(A),False,0.23076923076923078,False,0.30437997459936317,0.8550645935707271,False
677,EW036_RS05770,fucU,gene,3,1,genome,2,annotation_mediated,0,0,3,0,1,B36,dfrA17; sul1; tet(A),False,0.23076923076923078,False,0.30437997459936317,0.8550645935707271,False
678,EW036_RS05985,cysJ,gene,3,1,genome,2,annotation_mediated,0,0,3,0,1,B36,dfrA17; sul1; tet(A),False,0.23076923076923078,False,0.30437997459936317,0.8550645935707271,False
679,EW036_RS05995,cysH,gene,3,1,genome,2,annotation_mediated,0,0,3,0,1,B36,dfrA17; sul1; tet(A),False,0.23076923076923078,False,0.30437997459936317,0.8550645935707271,False
680,EW036_RS06090,ygbM,gene,3,1,genome,2,annotation_mediated,0,0,3,0,1,B36,dfrA17; sul1; tet(A),False,0.23076923076923078,False,0.30437997459936317,0.8550645935707271,False
681,EW036_RS06505,gabT,gene,3,1,genome,2,annotation_mediated,0,0,3,0,1,B36,dfrA17; sul1; tet(A),False,0.23076923076923078,False,0.30437997459936317,0.8550645935707271,False
682,EW036_RS06945,suhB,gene,3,1,genome,2,annotation_mediated,0,0,3,0,1,B36,dfrA17; sul1; tet(A),False,0.23076923076923078,False,0.30437997459936317,0.8550645935707271,False
683,EW036_RS06960,iscS,gene,3,1,genome,2,annotation_mediated,0,0,3,0,1,B36,dfrA17; sul1; tet(A),False,0.23076923076923078,False,0.30437997459936317,0.8550645935707271,False
684,EW036_RS06995,pepB,gene,3,1,genome,2,annotation_mediated,0,0,3,0,1,B36,dfrA17; sul1; tet(A),False,0.23076923076923078,False,0.30437997459936317,0.8550645935707271,False
685,EW036_RS07005,sseA,gene,3,1,genome,2,annotation_mediated,0,0,3,0,1,B36,dfrA17; sul1; tet(A),False,0.23076923076923078,False,0.30437997459936317,0.8550645935707271,False
686,EW036_RS07115,ppx,gene,3,1,genome,2,annotation_mediated,0,0,3,0,1,B36,dfrA17; sul1; tet(A),False,0.23076923076923078,False,0.30437997459936317,0.8550645935707271,False
687,EW036_RS07210,dapE,gene,3,1,genome,2,annotation_mediated,0,0,3,0,1,B36,dfrA17; sul1; tet(A),False,0.23076923076923078,False,0.30437997459936317,0.8550645935707271,False
688,EW036_RS07325,eutB,gene,3,1,genome,2,annotation_mediated,0,0,3,0,1,B36,dfrA17; sul1; tet(A),False,0.23076923076923078,False,0.30437997459936317,0.8550645935707271,False
689,EW036_RS07435,crr,gene,3,1,genome,2,annotation_mediated,0,0,3,0,1,B36,dfrA17; sul1; tet(A),False,0.23076923076923078,False,0.30437997459936317,0.8550645935707271,False
690,EW036_RS08105,nuoL,gene,3,1,genome,2,annotation_mediated,0,0,3,0,1,B36,dfrA17; sul1; tet(A),False,0.23076923076923078,False,0.30437997459936317,0.8550645935707271,False
691,EW036_RS08715,pepN,gene,3,1,genome,2,annotation_mediated,0,0,3,0,1,B36,dfrA17; sul1; tet(A),False,0.23076923076923078,False,0.30437997459936317,0.8550645935707271,False
692,EW036_RS09130,ghrA,gene,3,1,genome,2,annotation_mediated,0,0,3,0,1,B36,dfrA17; sul1; tet(A),False,0.23076923076923078,False,0.30437997459936317,0.8550645935707271,False
693,EW036_RS09495,nagZ,gene,3,1,genome,2,annotation_mediated,0,0,3,0,1,B36,blaCTX-M-15; blaOXA-1; tet(A),False,0.23076923076923078,False,0.30437997459936317,0.8550645935707271,False
694,EW036_RS10610,oppA,gene,3,1,genome,2,annotation_mediated,0,0,3,0,1,B36,blaCTX-M-15; blaOXA-1; tet(A),False,0.23076923076923078,False,0.30437997459936317,0.8550645935707271,False
695,EW036_RS10615,oppB,gene,3,1,genome,2,annotation_mediated,0,0,3,0,1,B36,blaCTX-M-15; blaOXA-1; tet(A),False,0.23076923076923078,False,0.30437997459936317,0.8550645935707271,False
696,EW036_RS10625,oppD,gene,3,1,genome,2,annotation_mediated,0,0,3,0,1,B36,blaCTX-M-15; blaOXA-1; tet(A),False,0.23076923076923078,False,0.30437997459936317,0.8550645935707271,False
697,EW036_RS10630,oppF,gene,3,1,genome,2,annotation_mediated,0,0,3,0,1,B36,blaCTX-M-15; blaOXA-1; tet(A),False,0.23076923076923078,False,0.30437997459936317,0.8550645935707271,False
698,EW036_RS11445,mppA,gene,3,1,genome,2,annotation_mediated,0,0,3,0,1,B36,blaCTX-M-15; blaOXA-1; tet(A),False,0.23076923076923078,False,0.30437997459936317,0.8550645935707271,False
699,EW036_RS13090,ansA,gene,3,1,genome,2,annotation_mediated,0,0,3,0,1,B36,aac(6')-Ib-cr5; blaOXA-1; tet(A),False,0.23076923076923078,False,0.30437997459936317,0.8550645935707271,False
700,EW036_RS00135,ilvB,gene,3,1,genome,2,annotation_mediated,0,0,3,0,1,B36,blaCTX-M-15; dfrA17; sul1,False,0.23076923076923078,False,0.30437997459936317,0.8550645935707271,False
701,EW036_RS00880,gpmM,gene,3,1,genome,2,annotation_mediated,0,0,3,0,1,B36,blaCTX-M-15; dfrA17; sul1,False,0.23076923076923078,False,0.30437997459936317,0.8550645935707271,False
702,EW036_RS01825,gntK,gene,3,1,genome,2,annotation_mediated,0,0,3,0,1,B36,blaCTX-M-15; dfrA17; sul1,False,0.23076923076923078,False,0.30437997459936317,0.8550645935707271,False
703,EW036_RS02000,pckA,gene,3,1,genome,2,annotation_mediated,0,0,3,0,1,B36,blaCTX-M-15; dfrA17; sul1,False,0.23076923076923078,False,0.30437997459936317,0.8550645935707271,False
704,EW036_RS02095,rpe,gene,3,1,genome,2,annotation_mediated,0,0,3,0,1,B36,blaCTX-M-15; dfrA17; sul1,False,0.23076923076923078,False,0.30437997459936317,0.8550645935707271,False
705,EW036_RS02100,gph,gene,3,1,genome,2,annotation_mediated,0,0,3,0,1,B36,blaCTX-M-15; dfrA17; sul1,False,0.23076923076923078,False,0.30437997459936317,0.8550645935707271,False
706,EW036_RS02570,fmt,gene,3,1,genome,2,annotation_mediated,0,0,3,0,1,B36,aac(6')-Ib-cr5; blaOXA-1; dfrA17,False,0.23076923076923078,False,0.30437997459936317,0.8550645935707271,False
707,EW036_RS02765,accC,gene,3,1,genome,2,annotation_mediated,0,0,3,0,1,B36,blaCTX-M-15; dfrA17; sul1,False,0.23076923076923078,False,0.30437997459936317,0.8550645935707271,False
708,EW036_RS02770,accB,gene,3,1,genome,2,annotation_mediated,0,0,3,0,1,B36,blaCTX-M-15; dfrA17; sul1,False,0.23076923076923078,False,0.30437997459936317,0.8550645935707271,False
709,EW036_RS02860,mdh,gene,3,1,genome,2,annotation_mediated,0,0,3,0,1,B36,blaCTX-M-15; dfrA17; sul1,False,0.23076923076923078,False,0.30437997459936317,0.8550645935707271,False
710,EW036_RS02910,nanA,gene,3,1,genome,2,annotation_mediated,0,0,3,0,1,B36,blaCTX-M-15; dfrA17; sul1,False,0.23076923076923078,False,0.30437997459936317,0.8550645935707271,False
711,EW036_RS02925,nanK,gene,3,1,genome,2,annotation_mediated,0,0,3,0,1,B36,blaCTX-M-15; dfrA17; sul1,False,0.23076923076923078,False,0.30437997459936317,0.8550645935707271,False
712,EW036_RS02935,gltD,gene,3,1,genome,2,annotation_mediated,0,0,3,0,1,B36,blaCTX-M-15; dfrA17; sul1,False,0.23076923076923078,False,0.30437997459936317,0.8550645935707271,False
713,EW036_RS03140,argG,gene,3,1,genome,2,annotation_mediated,0,0,3,0,1,B36,blaCTX-M-15; dfrA17; sul1,False,0.23076923076923078,False,0.30437997459936317,0.8550645935707271,False
714,EW036_RS04030,yghX,gene,3,1,genome,2,annotation_mediated,0,0,3,0,1,B36,blaCTX-M-15; dfrA17; sul1,False,0.23076923076923078,False,0.30437997459936317,0.8550645935707271,False
715,EW036_RS04170,glcE,gene,3,1,genome,2,annotation_mediated,0,0,3,0,1,B36,blaCTX-M-15; dfrA17; sul1,False,0.23076923076923078,False,0.30437997459936317,0.8550645935707271,False
716,EW036_RS04175,glcF,gene,3,1,genome,2,annotation_mediated,0,0,3,0,1,B36,blaCTX-M-15; dfrA17; sul1,False,0.23076923076923078,False,0.30437997459936317,0.8550645935707271,False
717,EW036_RS04285,nan,gene,3,1,genome,2,annotation_mediated,0,0,3,0,1,B36,blaCTX-M-15; dfrA17; sul1,False,0.23076923076923078,False,0.30437997459936317,0.8550645935707271,False
718,EW036_RS04970,speA,gene,3,1,genome,2,annotation_mediated,0,0,3,0,1,B36,blaOXA-1; dfrA17; sul1,False,0.23076923076923078,False,0.30437997459936317,0.8550645935707271,False
719,EW036_RS05060,epd,gene,3,1,genome,2,annotation_mediated,0,0,3,0,1,B36,blaCTX-M-15; dfrA17; sul1,False,0.23076923076923078,False,0.30437997459936317,0.8550645935707271,False
720,EW036_RS05065,pgk,gene,3,1,genome,2,annotation_mediated,0,0,3,0,1,B36,blaCTX-M-15; dfrA17; sul1,False,0.23076923076923078,False,0.30437997459936317,0.8550645935707271,False
721,EW036_RS05070,fbaA,gene,3,1,genome,2,annotation_mediated,0,0,3,0,1,B36,blaCTX-M-15; dfrA17; sul1,False,0.23076923076923078,False,0.30437997459936317,0.8550645935707271,False
722,EW036_RS05245,idi,gene,3,1,genome,2,annotation_mediated,0,0,3,0,1,B36,blaCTX-M-15; dfrA17; sul1,False,0.23076923076923078,False,0.30437997459936317,0.8550645935707271,False
723,EW036_RS05880,pyrG,gene,3,1,genome,2,annotation_mediated,0,0,3,0,1,B36,blaCTX-M-15; dfrA17; sul1,False,0.23076923076923078,False,0.30437997459936317,0.8550645935707271,False
724,EW036_RS05885,eno,gene,3,1,genome,2,annotation_mediated,0,0,3,0,1,B36,blaCTX-M-15; dfrA17; sul1,False,0.23076923076923078,False,0.30437997459936317,0.8550645935707271,False
725,EW036_RS06015,cysD,gene,3,1,genome,2,annotation_mediated,0,0,3,0,1,B36,blaCTX-M-15; dfrA17; sul1,False,0.23076923076923078,False,0.30437997459936317,0.8550645935707271,False
726,EW036_RS06020,cysN,gene,3,1,genome,2,annotation_mediated,0,0,3,0,1,B36,blaCTX-M-15; dfrA17; sul1,False,0.23076923076923078,False,0.30437997459936317,0.8550645935707271,False
727,EW036_RS06040,ispD,gene,3,1,genome,2,annotation_mediated,0,0,3,0,1,B36,blaCTX-M-15; dfrA17; sul1,False,0.23076923076923078,False,0.30437997459936317,0.8550645935707271,False
728,EW036_RS06045,ispF,gene,3,1,genome,2,annotation_mediated,0,0,3,0,1,B36,blaCTX-M-15; dfrA17; sul1,False,0.23076923076923078,False,0.30437997459936317,0.8550645935707271,False
729,EW036_RS06855,purL,gene,3,1,genome,2,annotation_mediated,0,0,3,0,1,B36,blaCTX-M-15; dfrA17; sul1,False,0.23076923076923078,False,0.30437997459936317,0.8550645935707271,False
730,EW036_RS07020,ndk,gene,3,1,genome,2,annotation_mediated,0,0,3,0,1,B36,blaCTX-M-15; dfrA17; sul1,False,0.23076923076923078,False,0.30437997459936317,0.8550645935707271,False
731,EW036_RS07035,ispG,gene,3,1,genome,2,annotation_mediated,0,0,3,0,1,B36,blaCTX-M-15; dfrA17; sul1,False,0.23076923076923078,False,0.30437997459936317,0.8550645935707271,False
732,EW036_RS07125,purN,gene,3,1,genome,2,annotation_mediated,0,0,3,0,1,B36,blaCTX-M-15; dfrA17; sul1,False,0.23076923076923078,False,0.30437997459936317,0.8550645935707271,False
733,EW036_RS07130,purM,gene,3,1,genome,2,annotation_mediated,0,0,3,0,1,B36,blaCTX-M-15; dfrA17; sul1,False,0.23076923076923078,False,0.30437997459936317,0.8550645935707271,False
734,EW036_RS07135,upp,gene,3,1,genome,2,annotation_mediated,0,0,3,0,1,B36,blaCTX-M-15; dfrA17; sul1,False,0.23076923076923078,False,0.30437997459936317,0.8550645935707271,False
735,EW036_RS07185,purC,gene,3,1,genome,2,annotation_mediated,0,0,3,0,1,B36,blaCTX-M-15; dfrA17; sul1,False,0.23076923076923078,False,0.30437997459936317,0.8550645935707271,False
736,EW036_RS07235,aegA,gene,3,1,genome,2,annotation_mediated,0,0,3,0,1,B36,blaCTX-M-15; dfrA17; sul1,False,0.23076923076923078,False,0.30437997459936317,0.8550645935707271,False
737,EW036_RS07255,tal,gene,3,1,genome,2,annotation_mediated,0,0,3,0,1,B36,blaCTX-M-15; dfrA17; sul1,False,0.23076923076923078,False,0.30437997459936317,0.8550645935707271,False
738,EW036_RS07260,maeB,gene,3,1,genome,2,annotation_mediated,0,0,3,0,1,B36,blaCTX-M-15; dfrA17; sul1,False,0.23076923076923078,False,0.30437997459936317,0.8550645935707271,False
739,EW036_RS07395,ucpA,gene,3,1,genome,2,annotation_mediated,0,0,3,0,1,B36,blaCTX-M-15; dfrA17; sul1,False,0.23076923076923078,False,0.30437997459936317,0.8550645935707271,False
740,EW036_RS07580,glk,gene,3,1,genome,2,annotation_mediated,0,0,3,0,1,B36,blaCTX-M-15; dfrA17; sul1,False,0.23076923076923078,False,0.30437997459936317,0.8550645935707271,False
741,EW036_RS07795,fadI,gene,3,1,genome,2,annotation_mediated,0,0,3,0,1,B36,blaCTX-M-15; dfrA17; sul1,False,0.23076923076923078,False,0.30437997459936317,0.8550645935707271,False
742,EW036_RS07800,fadJ,gene,3,1,genome,2,annotation_mediated,0,0,3,0,1,B36,blaCTX-M-15; dfrA17; sul1,False,0.23076923076923078,False,0.30437997459936317,0.8550645935707271,False
743,EW036_RS07900,pdxB,gene,3,1,genome,2,annotation_mediated,0,0,3,0,1,B36,blaCTX-M-15; dfrA17; sul1,False,0.23076923076923078,False,0.30437997459936317,0.8550645935707271,False
744,EW036_RS07920,accD,gene,3,1,genome,2,annotation_mediated,0,0,3,0,1,B36,blaCTX-M-15; dfrA17; sul1,False,0.23076923076923078,False,0.30437997459936317,0.8550645935707271,False
745,EW036_RS07925,folC,gene,3,1,genome,2,annotation_mediated,0,0,3,0,1,B36,blaCTX-M-15; dfrA17; sul1,False,0.23076923076923078,False,0.30437997459936317,0.8550645935707271,False
746,EW036_RS07940,purF,gene,3,1,genome,2,annotation_mediated,0,0,3,0,1,B36,blaCTX-M-15; dfrA17; sul1,False,0.23076923076923078,False,0.30437997459936317,0.8550645935707271,False
747,EW036_RS07945,ubiX,gene,3,1,genome,2,annotation_mediated,0,0,3,0,1,B36,blaCTX-M-15; dfrA17; sul1,False,0.23076923076923078,False,0.30437997459936317,0.8550645935707271,False
748,EW036_RS08000,yfcD,gene,3,1,genome,2,annotation_mediated,0,0,3,0,1,B36,blaCTX-M-15; dfrA17; sul1,False,0.23076923076923078,False,0.30437997459936317,0.8550645935707271,False
749,EW036_RS08040,yfbR,gene,3,1,genome,2,annotation_mediated,0,0,3,0,1,B36,blaCTX-M-15; dfrA17; sul1,False,0.23076923076923078,False,0.30437997459936317,0.8550645935707271,False
750,EW036_RS08150,menF,gene,3,1,genome,2,annotation_mediated,0,0,3,0,1,B36,blaCTX-M-15; dfrA17; sul1,False,0.23076923076923078,False,0.30437997459936317,0.8550645935707271,False
751,EW036_RS08155,menD,gene,3,1,genome,2,annotation_mediated,0,0,3,0,1,B36,blaCTX-M-15; dfrA17; sul1,False,0.23076923076923078,False,0.30437997459936317,0.8550645935707271,False
752,EW036_RS08270,glpC,gene,3,1,genome,2,annotation_mediated,0,0,3,0,1,B36,blaCTX-M-15; dfrA17; sul1,False,0.23076923076923078,False,0.30437997459936317,0.8550645935707271,False
753,EW036_RS09065,putA,gene,3,1,genome,2,annotation_mediated,0,0,3,0,1,B36,blaCTX-M-15; dfrA17; sul1,False,0.23076923076923078,False,0.30437997459936317,0.8550645935707271,False
754,EW036_RS03000,lptA,gene,3,1,genome,2,annotation_mediated,0,0,3,0,1,B36,aadA5; blaOXA-1; mph(A),False,0.23076923076923078,False,0.30437997459936317,0.8550645935707271,False
755,EW036_RS04180,glcG,gene,3,1,genome,2,annotation_mediated,0,0,3,0,1,B36,aadA5; blaCTX-M-15; mph(A),False,0.23076923076923078,False,0.30437997459936317,0.8550645935707271,False
756,EW036_RS05055,nan,gene,3,1,genome,2,annotation_mediated,0,0,3,0,1,B36,aadA5; blaCTX-M-15; mph(A),False,0.23076923076923078,False,0.30437997459936317,0.8550645935707271,False
757,EW036_RS05830,yqcC,gene,3,1,genome,2,annotation_mediated,0,0,3,0,1,B36,aadA5; blaCTX-M-15; mph(A),False,0.23076923076923078,False,0.30437997459936317,0.8550645935707271,False
758,EW036_RS06010,iap,gene,3,1,genome,2,annotation_mediated,0,0,3,0,1,B36,aadA5; blaCTX-M-15; mph(A),False,0.23076923076923078,False,0.30437997459936317,0.8550645935707271,False
759,EW036_RS07030,rodZ,gene,3,1,genome,2,annotation_mediated,0,0,3,0,1,B36,aadA5; blaCTX-M-15; mph(A),False,0.23076923076923078,False,0.30437997459936317,0.8550645935707271,False
760,EW036_RS07190,ypfJ,gene,3,1,genome,2,annotation_mediated,0,0,3,0,1,B36,aadA5; blaCTX-M-15; mph(A),False,0.23076923076923078,False,0.30437997459936317,0.8550645935707271,False
761,EW036_RS07245,ypfG,gene,3,1,genome,2,annotation_mediated,0,0,3,0,1,B36,aadA5; blaCTX-M-15; mph(A),False,0.23076923076923078,False,0.30437997459936317,0.8550645935707271,False
762,EW036_RS07790,yfcZ,gene,3,1,genome,2,annotation_mediated,0,0,3,0,1,B36,aadA5; blaCTX-M-15; mph(A),False,0.23076923076923078,False,0.30437997459936317,0.8550645935707271,False
763,EW036_RS07995,yfcE,gene,3,1,genome,2,annotation_mediated,0,0,3,0,1,B36,aadA5; blaCTX-M-15; mph(A),False,0.23076923076923078,False,0.30437997459936317,0.8550645935707271,False
764,EW036_RS08145,elaB,gene,3,1,genome,2,annotation_mediated,0,0,3,0,1,B36,aadA5; blaCTX-M-15; mph(A),False,0.23076923076923078,False,0.30437997459936317,0.8550645935707271,False
765,EW036_RS08690,gloC,gene,3,1,genome,2,annotation_mediated,0,0,3,0,1,B36,aadA5; blaCTX-M-15; mph(A),False,0.23076923076923078,False,0.30437997459936317,0.8550645935707271,False
766,EW036_RS09500,ycfP,gene,3,1,genome,2,annotation_mediated,0,0,3,0,1,B36,aadA5; blaOXA-1; mph(A),False,0.23076923076923078,False,0.30437997459936317,0.8550645935707271,False
767,EW036_RS10635,yciU,gene,3,1,genome,2,annotation_mediated,0,0,3,0,1,B36,aadA5; blaOXA-1; mph(A),False,0.23076923076923078,False,0.30437997459936317,0.8550645935707271,False
768,EW036_RS14330,yedP,gene,3,1,genome,2,annotation_mediated,0,0,3,0,1,B36,aadA5; blaCTX-M-15; mph(A),False,0.23076923076923078,False,0.30437997459936317,0.8550645935707271,False
769,EW036_RS15635,yegP,gene,3,1,genome,2,annotation_mediated,0,0,3,0,1,B36,aadA5; blaOXA-1; mph(A),False,0.23076923076923078,False,0.30437997459936317,0.8550645935707271,False
770,EW036_RS18675,cusF,gene,3,1,genome,2,annotation_mediated,0,0,3,0,1,B36,aadA5; blaOXA-1; mph(A),False,0.23076923076923078,False,0.30437997459936317,0.8550645935707271,False
771,EW036_RS02595,tsaC,gene,3,1,genome,2,annotation_mediated,0,0,3,0,1,B36,aac(6')-Ib-cr5; blaCTX-M-15; blaOXA-1,False,0.23076923076923078,False,0.30437997459936317,0.8550645935707271,False
772,EW036_RS03150,rimP,gene,3,1,genome,2,annotation_mediated,0,0,3,0,1,B36,aac(6')-Ib-cr5; blaCTX-M-15; blaOXA-1,False,0.23076923076923078,False,0.30437997459936317,0.8550645935707271,False
773,EW036_RS05240,lysS,gene,3,1,genome,2,annotation_mediated,0,0,3,0,1,B36,aac(6')-Ib-cr5; blaCTX-M-15; blaOXA-1,False,0.23076923076923078,False,0.30437997459936317,0.8550645935707271,False
774,EW036_RS07025,rlmN,gene,3,1,genome,2,annotation_mediated,0,0,3,0,1,B36,aac(6')-Ib-cr5; blaCTX-M-15; blaOXA-1,False,0.23076923076923078,False,0.30437997459936317,0.8550645935707271,False
775,EW036_RS07040,hisS,gene,3,1,genome,2,annotation_mediated,0,0,3,0,1,B36,aac(6')-Ib-cr5; blaCTX-M-15; blaOXA-1,False,0.23076923076923078,False,0.30437997459936317,0.8550645935707271,False
776,EW036_RS07850,prmB,gene,3,1,genome,2,annotation_mediated,0,0,3,0,1,B36,aac(6')-Ib-cr5; blaCTX-M-15; blaOXA-1,False,0.23076923076923078,False,0.30437997459936317,0.8550645935707271,False
777,EW036_RS08705,asnS,gene,3,1,genome,2,annotation_mediated,0,0,3,0,1,B36,aac(6')-Ib-cr5; blaCTX-M-15; blaOXA-1,False,0.23076923076923078,False,0.30437997459936317,0.8550645935707271,False
778,EW035_RS01200,silC,gene,3,1,genome,2,annotation_mediated,0,0,3,0,1,MS_14386,blaTEM-1b; blaTEM-215; strAB,False,0.23076923076923078,False,0.30437997459936317,0.8550645935707271,False
779,EW035_RS08755,rfbK,gene,3,1,genome,2,annotation_mediated,0,0,3,0,1,MS_14386,blaTEM-1b; blaTEM-215; floR,False,0.23076923076923078,False,0.30437997459936317,0.8550645935707271,False
780,EW035_RS10250,yeaD,gene,3,1,genome,2,annotation_mediated,0,0,3,0,1,MS_14386,blaTEM-1b; blaTEM-215; floR,False,0.23076923076923078,False,0.30437997459936317,0.8550645935707271,False
781,EW035_RS10490,katE,gene,3,1,genome,2,annotation_mediated,0,0,3,0,1,MS_14386,blaTEM-1b; blaTEM-215; floR,False,0.23076923076923078,False,0.30437997459936317,0.8550645935707271,False
782,EW035_RS11110,manA,gene,3,1,genome,2,annotation_mediated,0,0,3,0,1,MS_14386,blaTEM-1b; blaTEM-215; floR,False,0.23076923076923078,False,0.30437997459936317,0.8550645935707271,False
783,EW035_RS12100,gap,gene,3,1,genome,2,annotation_mediated,0,0,3,0,1,MS_14386,blaTEM-1b; blaTEM-215; floR,False,0.23076923076923078,False,0.30437997459936317,0.8550645935707271,False
784,EW035_RS12825,oppF,gene,3,1,genome,2,annotation_mediated,0,0,3,0,1,MS_14386,blaTEM-1b; blaTEM-215; floR,False,0.23076923076923078,False,0.30437997459936317,0.8550645935707271,False
785,EW035_RS12830,oppD,gene,3,1,genome,2,annotation_mediated,0,0,3,0,1,MS_14386,blaTEM-1b; blaTEM-215; floR,False,0.23076923076923078,False,0.30437997459936317,0.8550645935707271,False
786,EW035_RS13425,nagZ,gene,3,1,genome,2,annotation_mediated,0,0,3,0,1,MS_14386,blaTEM-1b; blaTEM-215; floR,False,0.23076923076923078,False,0.30437997459936317,0.8550645935707271,False
787,EW035_RS15620,galM,gene,3,1,genome,2,annotation_mediated,0,0,3,0,1,MS_14386,blaTEM-1b; blaTEM-215; floR,False,0.23076923076923078,False,0.30437997459936317,0.8550645935707271,False
788,EW035_RS16050,pgm,gene,3,1,genome,2,annotation_mediated,0,0,3,0,1,MS_14386,blaTEM-1b; blaTEM-215; floR,False,0.23076923076923078,False,0.30437997459936317,0.8550645935707271,False
789,EW035_RS16110,nagA,gene,3,1,genome,2,annotation_mediated,0,0,3,0,1,MS_14386,blaTEM-1b; blaTEM-215; floR,False,0.23076923076923078,False,0.30437997459936317,0.8550645935707271,False
790,EW035_RS16305,mrdA,gene,3,1,genome,2,annotation_mediated,0,0,3,0,1,MS_14386,aac(3)-IId; blaTEM-1b; blaTEM-215,False,0.23076923076923078,False,0.30437997459936317,0.8550645935707271,False
791,EW035_RS16770,glxK,gene,3,1,genome,2,annotation_mediated,0,0,3,0,1,MS_14386,blaTEM-1b; blaTEM-215; floR,False,0.23076923076923078,False,0.30437997459936317,0.8550645935707271,False
792,EW035_RS17335,mak,gene,3,1,genome,2,annotation_mediated,0,0,3,0,1,MS_14386,blaTEM-1b; blaTEM-215; floR,False,0.23076923076923078,False,0.30437997459936317,0.8550645935707271,False
793,EW035_RS18925,gcd,gene,3,1,genome,2,annotation_mediated,0,0,3,0,1,MS_14386,blaTEM-1b; blaTEM-215; floR,False,0.23076923076923078,False,0.30437997459936317,0.8550645935707271,False
794,EW035_RS20500,fbp,gene,3,1,genome,2,annotation_mediated,0,0,3,0,1,MS_14386,blaTEM-1b; blaTEM-215; floR,False,0.23076923076923078,False,0.30437997459936317,0.8550645935707271,False
795,EW035_RS20575,cysQ,gene,3,1,genome,2,annotation_mediated,0,0,3,0,1,MS_14386,blaTEM-1b; blaTEM-215; floR,False,0.23076923076923078,False,0.30437997459936317,0.8550645935707271,False
796,EW035_RS21325,acs,gene,3,1,genome,2,annotation_mediated,0,0,3,0,1,MS_14386,aph(3')-Ia; blaTEM-1b; blaTEM-215,False,0.23076923076923078,False,0.30437997459936317,0.8550645935707271,False
797,EW035_RS21555,pgi,gene,3,1,genome,2,annotation_mediated,0,0,3,0,1,MS_14386,aph(3')-Ia; blaTEM-1b; blaTEM-215,False,0.23076923076923078,False,0.30437997459936317,0.8550645935707271,False
798,EW035_RS21820,purH,gene,3,1,genome,2,annotation_mediated,0,0,3,0,1,MS_14386,aph(3')-Ia; blaTEM-1b; blaTEM-215,False,0.23076923076923078,False,0.30437997459936317,0.8550645935707271,False
799,EW035_RS21825,purD,gene,3,1,genome,2,annotation_mediated,0,0,3,0,1,MS_14386,aph(3')-Ia; blaTEM-1b; blaTEM-215,False,0.23076923076923078,False,0.30437997459936317,0.8550645935707271,False
800,EW035_RS22060,argB,gene,3,1,genome,2,annotation_mediated,0,0,3,0,1,MS_14386,aph(3')-Ia; blaTEM-1b; blaTEM-215,False,0.23076923076923078,False,0.30437997459936317,0.8550645935707271,False
801,EW035_RS22240,glpX,gene,3,1,genome,2,annotation_mediated,0,0,3,0,1,MS_14386,blaTEM-1b; blaTEM-215; floR,False,0.23076923076923078,False,0.30437997459936317,0.8550645935707271,False
802,EW035_RS22270,tpiA,gene,3,1,genome,2,annotation_mediated,0,0,3,0,1,MS_14386,aph(3')-Ia; blaTEM-1b; blaTEM-215,False,0.23076923076923078,False,0.30437997459936317,0.8550645935707271,False
803,EW035_RS22285,pfkA,gene,3,1,genome,2,annotation_mediated,0,0,3,0,1,MS_14386,aph(3')-Ia; blaTEM-1b; blaTEM-215,False,0.23076923076923078,False,0.30437997459936317,0.8550645935707271,False
804,EW035_RS22830,dapF,gene,3,1,genome,2,annotation_mediated,0,0,3,0,1,MS_14386,blaTEM-1b; blaTEM-215; fosA4,False,0.23076923076923078,False,0.30437997459936317,0.8550645935707271,False
805,EW035_RS23005,ilvC,gene,3,1,genome,2,annotation_mediated,0,0,3,0,1,MS_14386,blaTEM-1b; blaTEM-215; fosA4,False,0.23076923076923078,False,0.30437997459936317,0.8550645935707271,False
806,EW035_RS23015,ilvA,gene,3,1,genome,2,annotation_mediated,0,0,3,0,1,MS_14386,blaTEM-1b; blaTEM-215; fosA4,False,0.23076923076923078,False,0.30437997459936317,0.8550645935707271,False
807,EW035_RS23020,ilvD,gene,3,1,genome,2,annotation_mediated,0,0,3,0,1,MS_14386,blaTEM-1b; blaTEM-215; fosA4,False,0.23076923076923078,False,0.30437997459936317,0.8550645935707271,False
808,EW035_RS23025,ilvE,gene,3,1,genome,2,annotation_mediated,0,0,3,0,1,MS_14386,blaTEM-1b; blaTEM-215; fosA4,False,0.23076923076923078,False,0.30437997459936317,0.8550645935707271,False
809,EW035_RS03920,nupG,gene,3,1,genome,2,annotation_mediated,0,0,3,0,1,MS_14386,blaTEM-1b; blaTEM-215; floR,False,0.23076923076923078,False,0.30437997459936317,0.8550645935707271,False
810,EW035_RS06340,rodZ,gene,3,1,genome,2,annotation_mediated,0,0,3,0,1,MS_14386,aac(3)-IId; blaTEM-215; mph(A),False,0.23076923076923078,False,0.30437997459936317,0.8550645935707271,False
811,EW035_RS06550,vapB,gene,3,1,genome,2,annotation_mediated,0,0,3,0,1,MS_14386,aac(3)-IId; blaTEM-215; mph(A),False,0.23076923076923078,False,0.30437997459936317,0.8550645935707271,False
812,EW035_RS06830,cysZ,gene,3,1,genome,2,annotation_mediated,0,0,3,0,1,MS_14386,blaTEM-215; floR; fosA4,False,0.23076923076923078,False,0.30437997459936317,0.8550645935707271,False
813,EW035_RS07190,yfcZ,gene,3,1,genome,2,annotation_mediated,0,0,3,0,1,MS_14386,aac(3)-IId; blaTEM-215; mph(A),False,0.23076923076923078,False,0.30437997459936317,0.8550645935707271,False
814,EW035_RS07400,yfcE,gene,3,1,genome,2,annotation_mediated,0,0,3,0,1,MS_14386,aac(3)-IId; blaTEM-215; mph(A),False,0.23076923076923078,False,0.30437997459936317,0.8550645935707271,False
815,EW035_RS07550,elaB,gene,3,1,genome,2,annotation_mediated,0,0,3,0,1,MS_14386,aac(3)-IId; blaTEM-215; mph(A),False,0.23076923076923078,False,0.30437997459936317,0.8550645935707271,False
816,EW035_RS08470,yegP,gene,3,1,genome,2,annotation_mediated,0,0,3,0,1,MS_14386,aac(3)-IId; blaTEM-215; mph(A),False,0.23076923076923078,False,0.30437997459936317,0.8550645935707271,False
817,EW035_RS13110,cvrA,gene,3,1,genome,2,annotation_mediated,0,0,3,0,1,MS_14386,aac(3)-IId; floR; strAB,False,0.23076923076923078,False,0.30437997459936317,0.8550645935707271,False
818,EW035_RS02865,deaD,gene,3,1,genome,2,annotation_mediated,0,0,3,0,1,MS_14386,aadA1; aph(3')-Ia; strAB,False,0.23076923076923078,False,0.30437997459936317,0.8550645935707271,False
819,EW035_RS03985,rdgB,gene,3,1,genome,2,annotation_mediated,0,0,3,0,1,MS_14386,aadA1; aph(3')-Ia; strAB,False,0.23076923076923078,False,0.30437997459936317,0.8550645935707271,False
820,EW035_RS04400,xdhD,gene,3,1,genome,2,annotation_mediated,0,0,3,0,1,MS_14386,aadA1; aph(3')-Ia; strAB,False,0.23076923076923078,False,0.30437997459936317,0.8550645935707271,False
821,EW035_RS04410,ssnA,gene,3,1,genome,2,annotation_mediated,0,0,3,0,1,MS_14386,aadA1; aph(3')-Ia; strAB,False,0.23076923076923078,False,0.30437997459936317,0.8550645935707271,False
822,EW035_RS04455,ygeW,gene,3,1,genome,2,annotation_mediated,0,0,3,0,1,MS_14386,aadA1; aph(3')-Ia; strAB,False,0.23076923076923078,False,0.30437997459936317,0.8550645935707271,False
823,EW035_RS05115,relA,gene,3,1,genome,2,annotation_mediated,0,0,3,0,1,MS_14386,aadA1; aph(3')-Ia; strAB,False,0.23076923076923078,False,0.30437997459936317,0.8550645935707271,False
824,EW035_RS05530,gutQ,gene,3,1,genome,2,annotation_mediated,0,0,3,0,1,MS_14386,aadA1; aph(3')-Ia; strAB,False,0.23076923076923078,False,0.30437997459936317,0.8550645935707271,False
825,EW035_RS06030,srmB,gene,3,1,genome,2,annotation_mediated,0,0,3,0,1,MS_14386,aadA1; aph(3')-Ia; strAB,False,0.23076923076923078,False,0.30437997459936317,0.8550645935707271,False
826,EW035_RS10315,ansA,gene,3,1,genome,2,annotation_mediated,0,0,3,0,1,MS_14386,aadA1; floR; fosA4,False,0.23076923076923078,False,0.30437997459936317,0.8550645935707271,False
827,EW035_RS13445,hinT,gene,3,1,genome,2,annotation_mediated,0,0,3,0,1,MS_14386,aadA1; aph(3')-Ia; floR,False,0.23076923076923078,False,0.30437997459936317,0.8550645935707271,False
828,EW035_RS19000,nadC,gene,3,1,genome,2,annotation_mediated,0,0,3,0,1,MS_14386,aadA1; aph(3')-Ia; strAB,False,0.23076923076923078,False,0.30437997459936317,0.8550645935707271,False
829,EW035_RS00830,dppA,gene,3,1,genome,2,annotation_mediated,0,0,3,0,1,MS_14386,floR; fosA4; strAB,False,0.23076923076923078,False,0.30437997459936317,0.8550645935707271,False
830,EW035_RS01345,nikA,gene,3,1,genome,2,annotation_mediated,0,0,3,0,1,MS_14386,floR; fosA4; strAB,False,0.23076923076923078,False,0.30437997459936317,0.8550645935707271,False
831,EW035_RS01425,livJ,gene,3,1,genome,2,annotation_mediated,0,0,3,0,1,MS_14386,floR; fosA4; strAB,False,0.23076923076923078,False,0.30437997459936317,0.8550645935707271,False
832,EW035_RS05670,proX,gene,3,1,genome,2,annotation_mediated,0,0,3,0,1,MS_14386,floR; fosA4; strAB,False,0.23076923076923078,False,0.30437997459936317,0.8550645935707271,False
833,EW035_RS00175,uhpA,gene,3,1,genome,3,annotation_mediated,0,0,3,0,1,MS_14386,blaTEM-1b; blaTEM-215; strAB,False,0.23076923076923078,False,0.30437997459936317,0.8550645935707271,False
834,EW035_RS01195,silR,gene,3,1,genome,3,annotation_mediated,0,0,3,0,1,MS_14386,blaTEM-1b; blaTEM-215; strAB,False,0.23076923076923078,False,0.30437997459936317,0.8550645935707271,False
835,EW035_RS01410,ftsE,gene,3,1,genome,3,annotation_mediated,0,0,3,0,1,MS_14386,aac(3)-IId; blaTEM-1b; strAB,False,0.23076923076923078,False,0.30437997459936317,0.8550645935707271,False
836,EW035_RS06140,qseE,gene,3,1,genome,3,annotation_mediated,0,0,3,0,1,MS_14386,blaTEM-1b; blaTEM-215; strAB,False,0.23076923076923078,False,0.30437997459936317,0.8550645935707271,False
837,EW035_RS06350,hisS,gene,3,1,genome,3,annotation_mediated,0,0,3,0,1,MS_14386,aadA1; blaTEM-215; strAB,False,0.23076923076923078,False,0.30437997459936317,0.8550645935707271,False
838,EW035_RS06755,murP,gene,3,1,genome,3,annotation_mediated,0,0,3,0,0,MS_14386,aac(3)-IId; blaTEM-215; strAB,False,0.23076923076923078,False,0.30437997459936317,0.8550645935707271,False
839,CHEBI:26078,Phosphoric acid,metabolite,2,2,metabolome,2,directly_observed; inferred,1,0,0,2,2,MS_14384; MS_14386,blaCMY-2; strAB,True,0.15384615384615385,False,0.9961506415832119,0.9961506415832119,False
840,WP_000016907.1,amiC,protein,2,2,proteome,2,annotation_mediated,0,0,2,0,0,B36; MS_14384,blaCMY-2; blaOXA-1,True,0.15384615384615385,False,0.4696858321407195,0.8550645935707271,False
841,WP_000195961.1,dacC,protein,2,2,proteome,2,annotation_mediated,0,0,2,0,0,B36; MS_14384,blaCMY-2; blaOXA-1,True,0.15384615384615385,False,0.4696858321407195,0.8550645935707271,False
842,WP_000477225.1,ppiA,protein,2,2,proteome,2,annotation_mediated,0,0,2,0,0,B36; MS_14384,blaCMY-2; blaOXA-1,True,0.15384615384615385,False,0.4696858321407195,0.8550645935707271,False
843,WP_000669785.1,lptA,protein,2,2,proteome,2,annotation_mediated,0,0,2,0,0,B36; MS_14384,blaCMY-2; blaOXA-1,True,0.15384615384615385,False,0.4696858321407195,0.8550645935707271,False
844,WP_001295307.1,tolB,protein,2,2,proteome,2,annotation_mediated,0,0,2,0,0,B36; MS_14384,blaCMY-2; blaOXA-1,True,0.15384615384615385,False,0.4696858321407195,0.8550645935707271,False
845,WP_001295380.1,speA,protein,2,2,proteome,2,annotation_mediated,0,0,2,0,0,B36; MS_14386,blaOXA-1; fosA4,True,0.15384615384615385,False,0.4696858321407195,0.8550645935707271,False
846,WP_000003071.1,lysS,protein,2,2,proteome,2,annotation_mediated,0,0,2,0,0,B36; MS_14387,aac(6')-Ib-cr5; strAB,True,0.15384615384615385,False,0.4696858321407195,0.8550645935707271,False
847,WP_000003806.1,lysS,protein,2,2,proteome,2,annotation_mediated,0,0,2,0,0,B36; MS_14387,aac(6')-Ib-cr5; strAB,True,0.15384615384615385,False,0.4696858321407195,0.8550645935707271,False
848,WP_000004771.1,epmA,protein,2,2,proteome,2,annotation_mediated,0,0,2,0,0,B36; MS_14387,aac(6')-Ib-cr5; strAB,True,0.15384615384615385,False,0.4696858321407195,0.8550645935707271,False
849,WP_000018588.1,pheS,protein,2,2,proteome,2,annotation_mediated,0,0,2,0,0,B36; MS_14387,aac(6')-Ib-cr5; strAB,True,0.15384615384615385,False,0.4696858321407195,0.8550645935707271,False
850,WP_000028878.1,rplL,protein,2,2,proteome,2,annotation_mediated,0,0,2,0,0,B36; MS_14387,aac(6')-Ib-cr5; strAB,True,0.15384615384615385,False,0.4696858321407195,0.8550645935707271,False
851,WP_000031784.1,tuf,protein,2,2,proteome,2,annotation_mediated,0,0,2,0,0,B36; MS_14387,aac(6')-Ib-cr5; strAB,True,0.15384615384615385,False,0.4696858321407195,0.8550645935707271,False
852,WP_000041976.1,rsgA,protein,2,2,proteome,2,annotation_mediated,0,0,2,0,0,B36; MS_14387,aac(6')-Ib-cr5; strAB,True,0.15384615384615385,False,0.4696858321407195,0.8550645935707271,False
853,WP_000043335.1,rimM,protein,2,2,proteome,2,annotation_mediated,0,0,2,0,0,B36; MS_14387,aac(6')-Ib-cr5; strAB,True,0.15384615384615385,False,0.4696858321407195,0.8550645935707271,False
854,WP_000047499.1,rhlB,protein,2,2,proteome,2,annotation_mediated,0,0,2,0,0,B36; MS_14386,aac(6')-Ib-cr5; aph(3')-Ia,True,0.15384615384615385,False,0.4696858321407195,0.8550645935707271,False
855,WP_000047539.1,ridA,protein,2,2,proteome,2,annotation_mediated,0,0,2,0,0,B36; MS_14387,aac(6')-Ib-cr5; strAB,True,0.15384615384615385,False,0.4696858321407195,0.8550645935707271,False
856,WP_000049367.1,rimO,protein,2,2,proteome,2,annotation_mediated,0,0,2,0,0,B36; MS_14387,aac(6')-Ib-cr5; strAB,True,0.15384615384615385,False,0.4696858321407195,0.8550645935707271,False
857,WP_000059466.1,rpsO,protein,2,2,proteome,2,annotation_mediated,0,0,2,0,0,B36; MS_14387,aac(6')-Ib-cr5; strAB,True,0.15384615384615385,False,0.4696858321407195,0.8550645935707271,False
858,WP_000062611.1,rpsH,protein,2,2,proteome,2,annotation_mediated,0,0,2,0,0,B36; MS_14387,aac(6')-Ib-cr5; strAB,True,0.15384615384615385,False,0.4696858321407195,0.8550645935707271,False
859,WP_000065253.1,rplS,protein,2,2,proteome,2,annotation_mediated,0,0,2,0,0,B36; MS_14387,aac(6')-Ib-cr5; strAB,True,0.15384615384615385,False,0.4696858321407195,0.8550645935707271,False
860,WP_000089698.1,truB,protein,2,2,proteome,2,annotation_mediated,0,0,2,0,0,B36; MS_14387,aac(6')-Ib-cr5; strAB,True,0.15384615384615385,False,0.4696858321407195,0.8550645935707271,False
861,WP_000090775.1,rpsM,protein,2,2,proteome,2,annotation_mediated,0,0,2,0,0,B36; MS_14387,aac(6')-Ib-cr5; strAB,True,0.15384615384615385,False,0.4696858321407195,0.8550645935707271,False
862,WP_000091955.1,rpmB,protein,2,2,proteome,2,annotation_mediated,0,0,2,0,0,B36; MS_14387,aac(6')-Ib-cr5; strAB,True,0.15384615384615385,False,0.4696858321407195,0.8550645935707271,False
863,WP_000114984.1,def,protein,2,2,proteome,2,annotation_mediated,0,0,2,0,0,B36; MS_14387,aac(6')-Ib-cr5; strAB,True,0.15384615384615385,False,0.4696858321407195,0.8550645935707271,False
864,WP_000124850.1,rplT,protein,2,2,proteome,2,annotation_mediated,0,0,2,0,0,B36; MS_14387,aac(6')-Ib-cr5; strAB,True,0.15384615384615385,False,0.4696858321407195,0.8550645935707271,False
865,WP_000135199.1,rpsR,protein,2,2,proteome,2,annotation_mediated,0,0,2,0,0,B36; MS_14387,aac(6')-Ib-cr5; strAB,True,0.15384615384615385,False,0.4696858321407195,0.8550645935707271,False
866,WP_000140327.1,rpsA,protein,2,2,proteome,2,annotation_mediated,0,0,2,0,0,B36; MS_14387,aac(6')-Ib-cr5; strAB,True,0.15384615384615385,False,0.4696858321407195,0.8550645935707271,False
867,WP_000145975.1,rlmE,protein,2,2,proteome,2,annotation_mediated,0,0,2,0,0,B36; MS_14387,aac(6')-Ib-cr5; strAB,True,0.15384615384615385,False,0.4696858321407195,0.8550645935707271,False
868,WP_000162574.1,smpB,protein,2,2,proteome,2,annotation_mediated,0,0,2,0,0,B36; MS_14387,aac(6')-Ib-cr5; strAB,True,0.15384615384615385,False,0.4696858321407195,0.8550645935707271,False
869,WP_000239730.1,rnpA,protein,2,2,proteome,2,annotation_mediated,0,0,2,0,0,B36; MS_14387,aac(6')-Ib-cr5; strAB,True,0.15384615384615385,False,0.4696858321407195,0.8550645935707271,False
870,WP_000246882.1,rpsB,protein,2,2,proteome,2,annotation_mediated,0,0,2,0,0,B36; MS_14387,aac(6')-Ib-cr5; strAB,True,0.15384615384615385,False,0.4696858321407195,0.8550645935707271,False
871,WP_000254708.1,pcm,protein,2,2,proteome,2,annotation_mediated,0,0,2,0,0,B36; MS_14387,aac(6')-Ib-cr5; strAB,True,0.15384615384615385,False,0.4696858321407195,0.8550645935707271,False
872,WP_000256450.1,rpsP,protein,2,2,proteome,2,annotation_mediated,0,0,2,0,0,B36; MS_14387,aac(6')-Ib-cr5; strAB,True,0.15384615384615385,False,0.4696858321407195,0.8550645935707271,False
873,WP_000257278.1,efp,protein,2,2,proteome,2,annotation_mediated,0,0,2,0,0,B36; MS_14387,aac(6')-Ib-cr5; strAB,True,0.15384615384615385,False,0.4696858321407195,0.8550645935707271,False
874,WP_000271401.1,rplU,protein,2,2,proteome,2,annotation_mediated,0,0,2,0,0,B36; MS_14387,aac(6')-Ib-cr5; strAB,True,0.15384615384615385,False,0.4696858321407195,0.8550645935707271,False
875,WP_000290727.1,rpmF,protein,2,2,proteome,2,annotation_mediated,0,0,2,0,0,B36; MS_14387,aac(6')-Ib-cr5; strAB,True,0.15384615384615385,False,0.4696858321407195,0.8550645935707271,False
876,WP_000358960.1,rplR,protein,2,2,proteome,2,annotation_mediated,0,0,2,0,0,B36; MS_14387,aac(6')-Ib-cr5; strAB,True,0.15384615384615385,False,0.4696858321407195,0.8550645935707271,False
877,WP_000468182.1,rimJ,protein,2,2,proteome,2,annotation_mediated,0,0,2,0,0,B36; MS_14387,aac(6')-Ib-cr5; strAB,True,0.15384615384615385,False,0.4696858321407195,0.8550645935707271,False
878,WP_000494186.1,rplY,protein,2,2,proteome,2,annotation_mediated,0,0,2,0,0,B36; MS_14387,aac(6')-Ib-cr5; strAB,True,0.15384615384615385,False,0.4696858321407195,0.8550645935707271,False
879,WP_000529945.1,rpsC,protein,2,2,proteome,2,annotation_mediated,0,0,2,0,0,B36; MS_14387,aac(6')-Ib-cr5; strAB,True,0.15384615384615385,False,0.4696858321407195,0.8550645935707271,False
880,WP_000579833.1,rplC,protein,2,2,proteome,2,annotation_mediated,0,0,2,0,0,B36; MS_14387,aac(6')-Ib-cr5; strAB,True,0.15384615384615385,False,0.4696858321407195,0.8550645935707271,False
881,WP_000613955.1,rplN,protein,2,2,proteome,2,annotation_mediated,0,0,2,0,0,B36; MS_14387,aac(6')-Ib-cr5; strAB,True,0.15384615384615385,False,0.4696858321407195,0.8550645935707271,False
882,WP_000617544.1,rplW,protein,2,2,proteome,2,annotation_mediated,0,0,2,0,0,B36; MS_14387,aac(6')-Ib-cr5; strAB,True,0.15384615384615385,False,0.4696858321407195,0.8550645935707271,False
883,WP_000622418.1,frr,protein,2,2,proteome,2,annotation_mediated,0,0,2,0,0,B36; MS_14387,aac(6')-Ib-cr5; strAB,True,0.15384615384615385,False,0.4696858321407195,0.8550645935707271,False
884,WP_000644741.1,rpmC,protein,2,2,proteome,2,annotation_mediated,0,0,2,0,0,B36; MS_14387,aac(6')-Ib-cr5; strAB,True,0.15384615384615385,False,0.4696858321407195,0.8550645935707271,False
885,WP_000710769.1,rpmE,protein,2,2,proteome,2,annotation_mediated,0,0,2,0,0,B36; MS_14387,aac(6')-Ib-cr5; strAB,True,0.15384615384615385,False,0.4696858321407195,0.8550645935707271,False
886,WP_000886683.1,serS,protein,2,2,proteome,2,annotation_mediated,0,0,2,0,0,B36; MS_14386,aac(6')-Ib-cr5; aph(3')-Ia,True,0.15384615384615385,False,0.4696858321407195,0.8550645935707271,False
887,WP_000748261.1,argT,protein,2,2,proteome,2,annotation_mediated,0,0,2,0,0,MS_14384; MS_14386,blaCMY-2; fosA4,True,0.15384615384615385,False,0.4696858321407195,0.8550645935707271,False
888,WP_001036964.1,mglB,protein,2,2,proteome,2,annotation_mediated,0,0,2,0,0,MS_14384; MS_14386,blaCMY-2; strAB,True,0.15384615384615385,False,0.4696858321407195,0.8550645935707271,False
889,WP_001132480.1,acrB,protein,2,2,proteome,2,annotation_mediated,0,0,2,0,0,MS_14384; MS_14387,blaCMY-2; blaTEM-1b,True,0.15384615384615385,False,0.4696858321407195,0.8550645935707271,False
890,WP_001144202.1,thrS,protein,2,2,proteome,2,annotation_mediated,0,0,2,0,0,MS_14384; MS_14387,blaCMY-2; blaTEM-1b,True,0.15384615384615385,False,0.4696858321407195,0.8550645935707271,False
891,WP_001301905.1,mrcA,protein,2,2,proteome,2,annotation_mediated,0,0,2,0,0,MS_14384; MS_14387,blaCMY-2; blaTEM-1b,True,0.15384615384615385,False,0.4696858321407195,0.8550645935707271,False
892,WP_000042533.1,uvrB,protein,2,2,proteome,2,annotation_mediated,0,0,2,0,0,MS_14386; MS_14387,aph(3')-Ia; strAB,True,0.15384615384615385,False,0.4696858321407195,0.8550645935707271,False
893,WP_000067755.1,rarA,protein,2,2,proteome,2,annotation_mediated,0,0,2,0,0,MS_14386; MS_14387,aph(3')-Ia; strAB,True,0.15384615384615385,False,0.4696858321407195,0.8550645935707271,False
894,WP_000068076.1,tdk,protein,2,2,proteome,2,annotation_mediated,0,0,2,0,0,MS_14386; MS_14387,aph(3')-Ia; strAB,True,0.15384615384615385,False,0.4696858321407195,0.8550645935707271,False
895,WP_000091148.1,pyk,protein,2,2,proteome,2,annotation_mediated,0,0,2,0,0,MS_14386; MS_14387,aph(3')-Ia; strAB,True,0.15384615384615385,False,0.4696858321407195,0.8550645935707271,False
896,WP_000091263.1,fruK,protein,2,2,proteome,2,annotation_mediated,0,0,2,0,0,MS_14386; MS_14387,aph(3')-Ia; strAB,True,0.15384615384615385,False,0.4696858321407195,0.8550645935707271,False
897,WP_000095707.1,ackA,protein,2,2,proteome,2,annotation_mediated,0,0,2,0,0,MS_14386; MS_14387,aph(3')-Ia; strAB,True,0.15384615384615385,False,0.4696858321407195,0.8550645935707271,False
898,WP_000101055.1,minD,protein,2,2,proteome,2,annotation_mediated,0,0,2,0,0,MS_14386; MS_14387,aph(3')-Ia; strAB,True,0.15384615384615385,False,0.4696858321407195,0.8550645935707271,False
899,WP_000108330.1,gntK,protein,2,2,proteome,2,annotation_mediated,0,0,2,0,0,MS_14386; MS_14387,aph(3')-Ia; strAB,True,0.15384615384615385,False,0.4696858321407195,0.8550645935707271,False
900,WP_000110945.1,oppD,protein,2,2,proteome,2,annotation_mediated,0,0,2,0,0,MS_14386; MS_14387,aph(3')-Ia; strAB,True,0.15384615384615385,False,0.4696858321407195,0.8550645935707271,False
901,WP_000111269.1,pgk,protein,2,2,proteome,2,annotation_mediated,0,0,2,0,0,MS_14386; MS_14387,aph(3')-Ia; strAB,True,0.15384615384615385,False,0.4696858321407195,0.8550645935707271,False
902,WP_000117881.1,asnS,protein,2,2,proteome,2,annotation_mediated,0,0,2,0,0,MS_14386; MS_14387,aph(3')-Ia; strAB,True,0.15384615384615385,False,0.4696858321407195,0.8550645935707271,False
903,WP_000118404.1,accD,protein,2,2,proteome,2,annotation_mediated,0,0,2,0,0,MS_14386; MS_14387,aph(3')-Ia; strAB,True,0.15384615384615385,False,0.4696858321407195,0.8550645935707271,False
904,WP_000125016.1,cmk,protein,2,2,proteome,2,annotation_mediated,0,0,2,0,0,MS_14386; MS_14387,aph(3')-Ia; strAB,True,0.15384615384615385,False,0.4696858321407195,0.8550645935707271,False
905,WP_000130305.1,clpX,protein,2,2,proteome,2,annotation_mediated,0,0,2,0,0,MS_14386; MS_14387,aph(3')-Ia; strAB,True,0.15384615384615385,False,0.4696858321407195,0.8550645935707271,False
906,WP_000179165.1,malK,protein,2,2,proteome,2,annotation_mediated,0,0,2,0,0,MS_14386; MS_14387,aph(3')-Ia; strAB,True,0.15384615384615385,False,0.4696858321407195,0.8550645935707271,False
907,WP_000190506.1,atpD,protein,2,2,proteome,2,annotation_mediated,0,0,2,0,0,MS_14386; MS_14387,aph(3')-Ia; strAB,True,0.15384615384615385,False,0.4696858321407195,0.8550645935707271,False
908,WP_000208242.1,hslV,protein,2,2,proteome,2,annotation_mediated,0,0,2,0,0,MS_14386; MS_14387,aph(3')-Ia; strAB,True,0.15384615384615385,False,0.4696858321407195,0.8550645935707271,False
909,WP_000210878.1,pyrG,protein,2,2,proteome,2,annotation_mediated,0,0,2,0,0,MS_14386; MS_14387,aph(3')-Ia; strAB,True,0.15384615384615385,False,0.4696858321407195,0.8550645935707271,False
910,WP_000219193.1,srmB,protein,2,2,proteome,2,annotation_mediated,0,0,2,0,0,MS_14386; MS_14387,aph(3')-Ia; strAB,True,0.15384615384615385,False,0.4696858321407195,0.8550645935707271,False
911,WP_000224099.1,lptB,protein,2,2,proteome,2,annotation_mediated,0,0,2,0,0,MS_14386; MS_14387,aph(3')-Ia; strAB,True,0.15384615384615385,False,0.4696858321407195,0.8550645935707271,False
912,WP_000224573.1,pyrH,protein,2,2,proteome,2,annotation_mediated,0,0,2,0,0,MS_14386; MS_14387,aph(3')-Ia; strAB,True,0.15384615384615385,False,0.4696858321407195,0.8550645935707271,False
913,WP_000243741.1,rapZ,protein,2,2,proteome,2,annotation_mediated,0,0,2,0,0,MS_14386; MS_14387,aph(3')-Ia; strAB,True,0.15384615384615385,False,0.4696858321407195,0.8550645935707271,False
914,WP_000253975.1,glgC,protein,2,2,proteome,2,annotation_mediated,0,0,2,0,0,MS_14386; MS_14387,aph(3')-Ia; strAB,True,0.15384615384615385,False,0.4696858321407195,0.8550645935707271,False
915,WP_000357740.1,uvrA,protein,2,2,proteome,2,annotation_mediated,0,0,2,0,0,MS_14386; MS_14387,aph(3')-Ia; strAB,True,0.15384615384615385,False,0.4696858321407195,0.8550645935707271,False
916,WP_000438245.1,mlaF,protein,2,2,proteome,2,annotation_mediated,0,0,2,0,0,MS_14386; MS_14387,aph(3')-Ia; strAB,True,0.15384615384615385,False,0.4696858321407195,0.8550645935707271,False
917,WP_000516135.1,dnaK,protein,2,2,proteome,2,annotation_mediated,0,0,2,0,0,MS_14386; MS_14387,aph(3')-Ia; strAB,True,0.15384615384615385,False,0.4696858321407195,0.8550645935707271,False
918,WP_000543535.1,nrdR,protein,2,2,proteome,2,annotation_mediated,0,0,2,0,0,MS_14386; MS_14387,aph(3')-Ia; strAB,True,0.15384615384615385,False,0.4696858321407195,0.8550645935707271,False
919,WP_000573407.1,sapF,protein,2,2,proteome,2,annotation_mediated,0,0,2,0,0,MS_14386; MS_14387,aph(3')-Ia; strAB,True,0.15384615384615385,False,0.4696858321407195,0.8550645935707271,False
920,WP_000580323.1,ruvA,protein,2,2,proteome,2,annotation_mediated,0,0,2,0,0,MS_14386; MS_14387,aph(3')-Ia; strAB,True,0.15384615384615385,False,0.4696858321407195,0.8550645935707271,False
921,WP_000588474.1,ftsA,protein,2,2,proteome,2,annotation_mediated,0,0,2,0,0,MS_14386; MS_14387,aph(3')-Ia; strAB,True,0.15384615384615385,False,0.4696858321407195,0.8550645935707271,False
922,WP_000591795.1,pfkA,protein,2,2,proteome,2,annotation_mediated,0,0,2,0,0,MS_14386; MS_14387,aph(3')-Ia; strAB,True,0.15384615384615385,False,0.4696858321407195,0.8550645935707271,False
923,WP_000593994.1,metN,protein,2,2,proteome,2,annotation_mediated,0,0,2,0,0,MS_14386; MS_14387,aph(3')-Ia; strAB,True,0.15384615384615385,False,0.4696858321407195,0.8550645935707271,False
924,WP_000631384.1,gltL,protein,2,2,proteome,2,annotation_mediated,0,0,2,0,0,MS_14386; MS_14387,aph(3')-Ia; strAB,True,0.15384615384615385,False,0.4696858321407195,0.8550645935707271,False
925,WP_000671574.1,gsk,protein,2,2,proteome,2,annotation_mediated,0,0,2,0,0,MS_14386; MS_14387,aph(3')-Ia; strAB,True,0.15384615384615385,False,0.4696858321407195,0.8550645935707271,False
926,EW036_RS26135,nan,gene,2,1,genome,1,graph_derived,0,2,0,0,0,B36,aadA5; dfrA17,False,0.15384615384615385,False,0.5747472626978233,0.8550645935707271,False
927,EW036_RS26220,nan,gene,2,1,genome,1,graph_derived,0,2,0,0,0,B36,blaCTX-M-15; mph(A),False,0.15384615384615385,False,0.5747472626978233,0.8550645935707271,False
928,EW036_RS26245,nan,gene,2,1,genome,1,graph_derived,0,2,0,0,0,B36,aac(6')-Ib-cr5; blaOXA-1,False,0.15384615384615385,False,0.5747472626978233,0.8550645935707271,False
929,EW036_RS26260,nan,gene,2,1,genome,1,graph_derived,0,2,0,0,0,B36,aac(6')-Ib-cr5; blaOXA-1,False,0.15384615384615385,False,0.5747472626978233,0.8550645935707271,False
930,EW035_RS23585,nan,gene,2,1,genome,1,annotation_mediated; graph_derived,0,1,1,0,0,MS_14386,blaTEM-1b; strAB,False,0.15384615384615385,False,0.5747472626978233,0.8550645935707271,False
931,EW035_RS24335,nan,gene,2,1,genome,1,annotation_mediated; graph_derived,0,1,1,0,0,MS_14386,blaTEM-215; strAB,False,0.15384615384615385,False,0.5747472626978233,0.8550645935707271,False
932,EW035_RS24345,nan,gene,2,1,genome,1,annotation_mediated; graph_derived,0,1,1,0,0,MS_14386,blaTEM-215; strAB,False,0.15384615384615385,False,0.5747472626978233,0.8550645935707271,False
933,EW035_RS23485,estX,gene,2,1,genome,1,annotation_mediated; graph_derived,0,1,1,0,0,MS_14386,aadA1; strAB,False,0.15384615384615385,False,0.5747472626978233,0.8550645935707271,False
934,EW035_RS23495,qac,gene,2,1,genome,1,annotation_mediated; graph_derived,0,1,1,0,0,MS_14386,aadA1; strAB,False,0.15384615384615385,False,0.5747472626978233,0.8550645935707271,False
935,EW035_RS23470,nan,gene,2,1,genome,1,graph_derived,0,2,0,0,0,MS_14386,aadA1; floR,False,0.15384615384615385,False,0.5747472626978233,0.8550645935707271,False
936,EW035_RS24265,nan,gene,2,1,genome,1,graph_derived,0,2,0,0,0,MS_14386,fosA4; mph(A),False,0.15384615384615385,False,0.5747472626978233,0.8550645935707271,False
937,FVE81_RS25165,repC,gene,2,1,genome,1,graph_derived,0,2,0,0,0,MS_14387,strAB; sul2,False,0.15384615384615385,False,0.5747472626978233,0.8550645935707271,False
938,EW036_RS02930,nanQ,gene,2,1,genome,2,annotation_mediated,0,0,2,0,1,B36,blaCTX-M-15; tet(A),False,0.15384615384615385,False,0.5747472626978233,0.8550645935707271,False
939,EW036_RS03400,tdcC,gene,2,1,genome,2,annotation_mediated,0,0,2,0,1,B36,blaCTX-M-15; tet(A),False,0.15384615384615385,False,0.5747472626978233,0.8550645935707271,False
940,EW036_RS03415,tdcF,gene,2,1,genome,2,annotation_mediated,0,0,2,0,1,B36,blaCTX-M-15; tet(A),False,0.15384615384615385,False,0.5747472626978233,0.8550645935707271,False
941,EW036_RS05810,sdaC,gene,2,1,genome,2,annotation_mediated,0,0,2,0,1,B36,blaCTX-M-15; tet(A),False,0.15384615384615385,False,0.5747472626978233,0.8550645935707271,False
942,EW036_RS07400,cysP,gene,2,1,genome,2,annotation_mediated,0,0,2,0,1,B36,blaCTX-M-15; tet(A),False,0.15384615384615385,False,0.5747472626978233,0.8550645935707271,False
943,EW036_RS07415,cysA,gene,2,1,genome,2,annotation_mediated,0,0,2,0,1,B36,blaCTX-M-15; tet(A),False,0.15384615384615385,False,0.5747472626978233,0.8550645935707271,False
944,EW036_RS07445,ptsH,gene,2,1,genome,2,annotation_mediated,0,0,2,0,1,B36,blaCTX-M-15; tet(A),False,0.15384615384615385,False,0.5747472626978233,0.8550645935707271,False
945,EW036_RS07455,cysZ,gene,2,1,genome,2,annotation_mediated,0,0,2,0,1,B36,blaCTX-M-15; tet(A),False,0.15384615384615385,False,0.5747472626978233,0.8550645935707271,False
946,EW036_RS11065,trpA,gene,2,1,genome,2,annotation_mediated,0,0,2,0,1,B36,blaCTX-M-15; tet(A),False,0.15384615384615385,False,0.5747472626978233,0.8550645935707271,False
947,EW036_RS11070,trpB,gene,2,1,genome,2,annotation_mediated,0,0,2,0,1,B36,blaCTX-M-15; tet(A),False,0.15384615384615385,False,0.5747472626978233,0.8550645935707271,False
948,EW036_RS11075,trpCF,gene,2,1,genome,2,annotation_mediated,0,0,2,0,1,B36,blaCTX-M-15; tet(A),False,0.15384615384615385,False,0.5747472626978233,0.8550645935707271,False
949,EW036_RS11085,trpE,gene,2,1,genome,2,annotation_mediated,0,0,2,0,1,B36,blaCTX-M-15; tet(A),False,0.15384615384615385,False,0.5747472626978233,0.8550645935707271,False
950,EW036_RS11630,gap,gene,2,1,genome,2,annotation_mediated,0,0,2,0,1,B36,blaCTX-M-15; tet(A),False,0.15384615384615385,False,0.5747472626978233,0.8550645935707271,False
951,EW036_RS12330,manA,gene,2,1,genome,2,annotation_mediated,0,0,2,0,1,B36,blaCTX-M-15; tet(A),False,0.15384615384615385,False,0.5747472626978233,0.8550645935707271,False
952,EW036_RS12720,aroD,gene,2,1,genome,2,annotation_mediated,0,0,2,0,1,B36,blaCTX-M-15; tet(A),False,0.15384615384615385,False,0.5747472626978233,0.8550645935707271,False
953,EW036_RS12775,aroH,gene,2,1,genome,2,annotation_mediated,0,0,2,0,1,B36,blaCTX-M-15; tet(A),False,0.15384615384615385,False,0.5747472626978233,0.8550645935707271,False
954,EW036_RS12910,katE,gene,2,1,genome,2,annotation_mediated,0,0,2,0,1,B36,blaCTX-M-15; tet(A),False,0.15384615384615385,False,0.5747472626978233,0.8550645935707271,False
955,EW036_RS12995,astC,gene,2,1,genome,2,annotation_mediated,0,0,2,0,1,B36,blaCTX-M-15; tet(A),False,0.15384615384615385,False,0.5747472626978233,0.8550645935707271,False
956,EW036_RS13155,yeaD,gene,2,1,genome,2,annotation_mediated,0,0,2,0,1,B36,blaCTX-M-15; tet(A),False,0.15384615384615385,False,0.5747472626978233,0.8550645935707271,False
957,EW036_RS13320,sdaA,gene,2,1,genome,2,annotation_mediated,0,0,2,0,1,B36,blaCTX-M-15; tet(A),False,0.15384615384615385,False,0.5747472626978233,0.8550645935707271,False
958,EW036_RS15340,hisC,gene,2,1,genome,2,annotation_mediated,0,0,2,0,1,B36,blaCTX-M-15; tet(A),False,0.15384615384615385,False,0.5747472626978233,0.8550645935707271,False
959,EW036_RS16650,aroA,gene,2,1,genome,2,annotation_mediated,0,0,2,0,1,B36,blaCTX-M-15; tet(A),False,0.15384615384615385,False,0.5747472626978233,0.8550645935707271,False
960,EW036_RS17095,ltaE,gene,2,1,genome,2,annotation_mediated,0,0,2,0,1,B36,blaCTX-M-15; tet(A),False,0.15384615384615385,False,0.5747472626978233,0.8550645935707271,False
961,EW036_RS17665,galM,gene,2,1,genome,2,annotation_mediated,0,0,2,0,1,B36,blaCTX-M-15; tet(A),False,0.15384615384615385,False,0.5747472626978233,0.8550645935707271,False
962,EW036_RS17675,aroG,gene,2,1,genome,2,annotation_mediated,0,0,2,0,1,B36,blaCTX-M-15; tet(A),False,0.15384615384615385,False,0.5747472626978233,0.8550645935707271,False
963,EW036_RS18000,speF,gene,2,1,genome,2,annotation_mediated,0,0,2,0,1,B36,blaCTX-M-15; tet(A),False,0.15384615384615385,False,0.5747472626978233,0.8550645935707271,False
964,EW036_RS18010,pgm,gene,2,1,genome,2,annotation_mediated,0,0,2,0,1,B36,blaCTX-M-15; tet(A),False,0.15384615384615385,False,0.5747472626978233,0.8550645935707271,False
965,EW036_RS18115,nagA,gene,2,1,genome,2,annotation_mediated,0,0,2,0,1,B36,blaCTX-M-15; tet(A),False,0.15384615384615385,False,0.5747472626978233,0.8550645935707271,False
966,EW036_RS19420,mak,gene,2,1,genome,2,annotation_mediated,0,0,2,0,1,B36,blaCTX-M-15; tet(A),False,0.15384615384615385,False,0.5747472626978233,0.8550645935707271,False
967,EW036_RS19465,proC,gene,2,1,genome,2,annotation_mediated,0,0,2,0,1,B36,blaCTX-M-15; tet(A),False,0.15384615384615385,False,0.5747472626978233,0.8550645935707271,False
968,EW036_RS20010,proA,gene,2,1,genome,2,annotation_mediated,0,0,2,0,1,B36,blaCTX-M-15; tet(A),False,0.15384615384615385,False,0.5747472626978233,0.8550645935707271,False
969,EW036_RS20810,can,gene,2,1,genome,2,annotation_mediated,0,0,2,0,1,B36,blaOXA-1; tet(A),False,0.15384615384615385,False,0.5747472626978233,0.8550645935707271,False
970,EW036_RS20820,gcd,gene,2,1,genome,2,annotation_mediated,0,0,2,0,1,B36,blaCTX-M-15; tet(A),False,0.15384615384615385,False,0.5747472626978233,0.8550645935707271,False
971,EW036_RS21080,ilvN,gene,2,1,genome,2,annotation_mediated,0,0,2,0,1,B36,blaCTX-M-15; tet(A),False,0.15384615384615385,False,0.5747472626978233,0.8550645935707271,False
972,EW036_RS21340,dapB,gene,2,1,genome,2,annotation_mediated,0,0,2,0,1,B36,blaCTX-M-15; tet(A),False,0.15384615384615385,False,0.5747472626978233,0.8550645935707271,False
973,EW036_RS21490,thrA,gene,2,1,genome,2,annotation_mediated,0,0,2,0,1,B36,blaCTX-M-15; tet(A),False,0.15384615384615385,False,0.5747472626978233,0.8550645935707271,False
974,EW036_RS21575,serB,gene,2,1,genome,2,annotation_mediated,0,0,2,0,1,B36,blaCTX-M-15; tet(A),False,0.15384615384615385,False,0.5747472626978233,0.8550645935707271,False
975,EW036_RS22520,nan,gene,2,1,genome,2,annotation_mediated,0,0,2,0,1,B36,blaCTX-M-15; tet(A),False,0.15384615384615385,False,0.5747472626978233,0.8550645935707271,False
976,EW036_RS22615,argF,gene,2,1,genome,2,annotation_mediated,0,0,2,0,1,B36,blaCTX-M-15; tet(A),False,0.15384615384615385,False,0.5747472626978233,0.8550645935707271,False
977,EW036_RS22720,fbp,gene,2,1,genome,2,annotation_mediated,0,0,2,0,1,B36,blaCTX-M-15; tet(A),False,0.15384615384615385,False,0.5747472626978233,0.8550645935707271,False
978,EW036_RS22795,cysQ,gene,2,1,genome,2,annotation_mediated,0,0,2,0,1,B36,blaCTX-M-15; tet(A),False,0.15384615384615385,False,0.5747472626978233,0.8550645935707271,False
979,EW036_RS23520,rpiB,gene,2,1,genome,2,annotation_mediated,0,0,2,0,1,B36,blaCTX-M-15; tet(A),False,0.15384615384615385,False,0.5747472626978233,0.8550645935707271,False
980,EW036_RS23790,tyrB,gene,2,1,genome,2,annotation_mediated,0,0,2,0,1,B36,blaCTX-M-15; tet(A),False,0.15384615384615385,False,0.5747472626978233,0.8550645935707271,False
981,EW036_RS23965,lysC,gene,2,1,genome,2,annotation_mediated,0,0,2,0,1,B36,blaCTX-M-15; tet(A),False,0.15384615384615385,False,0.5747472626978233,0.8550645935707271,False
982,EW036_RS24335,argH,gene,2,1,genome,2,annotation_mediated,0,0,2,0,1,B36,blaCTX-M-15; tet(A),False,0.15384615384615385,False,0.5747472626978233,0.8550645935707271,False
983,EW036_RS24345,argC,gene,2,1,genome,2,annotation_mediated,0,0,2,0,1,B36,blaCTX-M-15; tet(A),False,0.15384615384615385,False,0.5747472626978233,0.8550645935707271,False
984,EW036_RS24350,argE,gene,2,1,genome,2,annotation_mediated,0,0,2,0,1,B36,blaCTX-M-15; tet(A),False,0.15384615384615385,False,0.5747472626978233,0.8550645935707271,False
985,EW036_RS24440,metL,gene,2,1,genome,2,annotation_mediated,0,0,2,0,1,B36,blaCTX-M-15; tet(A),False,0.15384615384615385,False,0.5747472626978233,0.8550645935707271,False
986,EW036_RS24445,metB,gene,2,1,genome,2,annotation_mediated,0,0,2,0,1,B36,blaCTX-M-15; tet(A),False,0.15384615384615385,False,0.5747472626978233,0.8550645935707271,False
987,EW036_RS24515,glpX,gene,2,1,genome,2,annotation_mediated,0,0,2,0,1,B36,blaCTX-M-15; tet(A),False,0.15384615384615385,False,0.5747472626978233,0.8550645935707271,False
988,EW036_RS00010,dnaN,gene,2,1,genome,2,annotation_mediated,0,0,2,0,1,B36,dfrA17; sul1,False,0.15384615384615385,False,0.5747472626978233,0.8550645935707271,False
989,EW036_RS00705,rpoZ,gene,2,1,genome,2,annotation_mediated,0,0,2,0,1,B36,dfrA17; sul1,False,0.15384615384615385,False,0.5747472626978233,0.8550645935707271,False
990,EW036_RS00710,gmk,gene,2,1,genome,2,annotation_mediated,0,0,2,0,1,B36,dfrA17; sul1,False,0.15384615384615385,False,0.5747472626978233,0.8550645935707271,False
991,EW036_RS00735,pyrE,gene,2,1,genome,2,annotation_mediated,0,0,2,0,1,B36,dfrA17; sul1,False,0.15384615384615385,False,0.5747472626978233,0.8550645935707271,False
992,EW036_RS00750,coaBC,gene,2,1,genome,2,annotation_mediated,0,0,2,0,1,B36,dfrA17; sul1,False,0.15384615384615385,False,0.5747472626978233,0.8550645935707271,False
993,EW036_RS00775,coaD,gene,2,1,genome,2,annotation_mediated,0,0,2,0,1,B36,dfrA17; sul1,False,0.15384615384615385,False,0.5747472626978233,0.8550645935707271,False
994,EW036_RS00780,waaA,gene,2,1,genome,2,annotation_mediated,0,0,2,0,1,B36,dfrA17; sul1,False,0.15384615384615385,False,0.5747472626978233,0.8550645935707271,False
995,EW036_RS00785,rfaQ,gene,2,1,genome,2,annotation_mediated,0,0,2,0,1,B36,dfrA17; sul1,False,0.15384615384615385,False,0.5747472626978233,0.8550645935707271,False
996,EW036_RS00790,waaG,gene,2,1,genome,2,annotation_mediated,0,0,2,0,1,B36,dfrA17; sul1,False,0.15384615384615385,False,0.5747472626978233,0.8550645935707271,False
997,EW036_RS00795,rfaP,gene,2,1,genome,2,annotation_mediated,0,0,2,0,1,B36,dfrA17; sul1,False,0.15384615384615385,False,0.5747472626978233,0.8550645935707271,False
998,EW036_RS00805,waaB,gene,2,1,genome,2,annotation_mediated,0,0,2,0,1,B36,dfrA17; sul1,False,0.15384615384615385,False,0.5747472626978233,0.8550645935707271,False
999,EW036_RS00810,waaO,gene,2,1,genome,2,annotation_mediated,0,0,2,0,1,B36,dfrA17; sul1,False,0.15384615384615385,False,0.5747472626978233,0.8550645935707271,False
1000,EW036_RS00820,rfaY,gene,2,1,genome,2,annotation_mediated,0,0,2,0,1,B36,dfrA17; sul1,False,0.15384615384615385,False,0.5747472626978233,0.8550645935707271,False
1001,EW036_RS00830,waaU,gene,2,1,genome,2,annotation_mediated,0,0,2,0,1,B36,dfrA17; sul1,False,0.15384615384615385,False,0.5747472626978233,0.8550645935707271,False
1002,EW036_RS00840,rfaC,gene,2,1,genome,2,annotation_mediated,0,0,2,0,1,B36,dfrA17; sul1,False,0.15384615384615385,False,0.5747472626978233,0.8550645935707271,False
1003,EW036_RS00845,rfaF,gene,2,1,genome,2,annotation_mediated,0,0,2,0,1,B36,dfrA17; sul1,False,0.15384615384615385,False,0.5747472626978233,0.8550645935707271,False
1004,EW036_RS00855,kbl,gene,2,1,genome,2,annotation_mediated,0,0,2,0,1,B36,dfrA17; sul1,False,0.15384615384615385,False,0.5747472626978233,0.8550645935707271,False
1005,EW036_RS00900,gpsA,gene,2,1,genome,2,annotation_mediated,0,0,2,0,1,B36,dfrA17; sul1,False,0.15384615384615385,False,0.5747472626978233,0.8550645935707271,False
1006,EW036_RS00915,lldD,gene,2,1,genome,2,annotation_mediated,0,0,2,0,1,B36,dfrA17; sul1,False,0.15384615384615385,False,0.5747472626978233,0.8550645935707271,False
1007,EW036_RS01000,aldB,gene,2,1,genome,2,annotation_mediated,0,0,2,0,1,B36,dfrA17; sul1,False,0.15384615384615385,False,0.5747472626978233,0.8550645935707271,False
1008,EW036_RS01120,xylB,gene,2,1,genome,2,annotation_mediated,0,0,2,0,1,B36,dfrA17; sul1,False,0.15384615384615385,False,0.5747472626978233,0.8550645935707271,False
1009,EW036_RS01175,ghrB,gene,2,1,genome,2,annotation_mediated,0,0,2,0,1,B36,dfrA17; sul1,False,0.15384615384615385,False,0.5747472626978233,0.8550645935707271,False
1010,EW036_RS01185,bisC,gene,2,1,genome,2,annotation_mediated,0,0,2,0,1,B36,dfrA17; sul1,False,0.15384615384615385,False,0.5747472626978233,0.8550645935707271,False
1011,EW036_RS01310,bcsB,gene,2,1,genome,2,annotation_mediated,0,0,2,0,1,B36,dfrA17; sul1,False,0.15384615384615385,False,0.5747472626978233,0.8550645935707271,False
1012,EW036_RS01650,acpT,gene,2,1,genome,2,annotation_mediated,0,0,2,0,1,B36,dfrA17; sul1,False,0.15384615384615385,False,0.5747472626978233,0.8550645935707271,False
1013,EW036_RS01800,ggt,gene,2,1,genome,2,annotation_mediated,0,0,2,0,1,B36,dfrA17; sul1,False,0.15384615384615385,False,0.5747472626978233,0.8550645935707271,False
1014,EW036_RS01865,glgC,gene,2,1,genome,2,annotation_mediated,0,0,2,0,1,B36,dfrA17; sul1,False,0.15384615384615385,False,0.5747472626978233,0.8550645935707271,False
1015,EW036_RS01870,glgA,gene,2,1,genome,2,annotation_mediated,0,0,2,0,1,B36,dfrA17; sul1,False,0.15384615384615385,False,0.5747472626978233,0.8550645935707271,False
1016,EW036_RS02160,cysG,gene,2,1,genome,2,annotation_mediated,0,0,2,0,1,B36,dfrA17; sul1,False,0.15384615384615385,False,0.5747472626978233,0.8550645935707271,False
1017,EW036_RS02530,rpoA,gene,2,1,genome,2,annotation_mediated,0,0,2,0,1,B36,dfrA17; sul1,False,0.15384615384615385,False,0.5747472626978233,0.8550645935707271,False
1018,EW036_RS02775,acuI,gene,2,1,genome,2,annotation_mediated,0,0,2,0,1,B36,dfrA17; sul1,False,0.15384615384615385,False,0.5747472626978233,0.8550645935707271,False
1019,EW036_RS03015,kdsD,gene,2,1,genome,2,annotation_mediated,0,0,2,0,1,B36,dfrA17; sul1,False,0.15384615384615385,False,0.5747472626978233,0.8550645935707271,False
1020,EW036_RS03055,murA,gene,2,1,genome,2,annotation_mediated,0,0,2,0,1,B36,dfrA17; sul1,False,0.15384615384615385,False,0.5747472626978233,0.8550645935707271,False
1021,EW036_RS03065,ispB,gene,2,1,genome,2,annotation_mediated,0,0,2,0,1,B36,dfrA17; sul1,False,0.15384615384615385,False,0.5747472626978233,0.8550645935707271,False
1022,EW036_RS03115,folP,gene,2,1,genome,2,annotation_mediated,0,0,2,0,1,B36,dfrA17; sul1,False,0.15384615384615385,False,0.5747472626978233,0.8550645935707271,False
1023,EW036_RS03370,garR,gene,2,1,genome,2,annotation_mediated,0,0,2,0,1,B36,dfrA17; sul1,False,0.15384615384615385,False,0.5747472626978233,0.8550645935707271,False
1024,EW036_RS03405,tdcD,gene,2,1,genome,2,annotation_mediated,0,0,2,0,1,B36,dfrA17; sul1,False,0.15384615384615385,False,0.5747472626978233,0.8550645935707271,False
1025,EW036_RS03410,tdcE,gene,2,1,genome,2,annotation_mediated,0,0,2,0,1,B36,dfrA17; sul1,False,0.15384615384615385,False,0.5747472626978233,0.8550645935707271,False
1026,EW036_RS03715,glnE,gene,2,1,genome,2,annotation_mediated,0,0,2,0,1,B36,dfrA17; sul1,False,0.15384615384615385,False,0.5747472626978233,0.8550645935707271,False
1027,EW036_RS03720,hldE,gene,2,1,genome,2,annotation_mediated,0,0,2,0,1,B36,dfrA17; sul1,False,0.15384615384615385,False,0.5747472626978233,0.8550645935707271,False
1028,EW036_RS03750,ribB,gene,2,1,genome,2,annotation_mediated,0,0,2,0,1,B36,dfrA17; sul1,False,0.15384615384615385,False,0.5747472626978233,0.8550645935707271,False
1029,EW036_RS03920,plsC,gene,2,1,genome,2,annotation_mediated,0,0,2,0,1,B36,dfrA17; sul1,False,0.15384615384615385,False,0.5747472626978233,0.8550645935707271,False
1030,EW036_RS04185,glcB,gene,2,1,genome,2,annotation_mediated,0,0,2,0,1,B36,dfrA17; sul1,False,0.15384615384615385,False,0.5747472626978233,0.8550645935707271,False
1031,EW036_RS04305,kdsB,gene,2,1,genome,2,annotation_mediated,0,0,2,0,1,B36,dfrA17; sul1,False,0.15384615384615385,False,0.5747472626978233,0.8550645935707271,False
1032,EW036_RS04320,nan,gene,2,1,genome,2,annotation_mediated,0,0,2,0,1,B36,dfrA17; sul1,False,0.15384615384615385,False,0.5747472626978233,0.8550645935707271,False
1033,EW036_RS04885,hemW,gene,2,1,genome,2,annotation_mediated,0,0,2,0,1,B36,dfrA17; sul1,False,0.15384615384615385,False,0.5747472626978233,0.8550645935707271,False
1034,EW036_RS04925,gshB,gene,2,1,genome,2,annotation_mediated,0,0,2,0,1,B36,dfrA17; sul1,False,0.15384615384615385,False,0.5747472626978233,0.8550645935707271,False
1035,EW036_RS04950,metK,gene,2,1,genome,2,annotation_mediated,0,0,2,0,1,B36,dfrA17; sul1,False,0.15384615384615385,False,0.5747472626978233,0.8550645935707271,False
1036,EW036_RS05130,fau,gene,2,1,genome,2,annotation_mediated,0,0,2,0,1,B36,dfrA17; sul1,False,0.15384615384615385,False,0.5747472626978233,0.8550645935707271,False
1037,EW036_RS05155,ubiH,gene,2,1,genome,2,annotation_mediated,0,0,2,0,1,B36,dfrA17; sul1,False,0.15384615384615385,False,0.5747472626978233,0.8550645935707271,False
1038,EW036_RS05160,ubiI,gene,2,1,genome,2,annotation_mediated,0,0,2,0,1,B36,dfrA17; sul1,False,0.15384615384615385,False,0.5747472626978233,0.8550645935707271,False
1039,EW036_RS05475,thyA,gene,2,1,genome,2,annotation_mediated,0,0,2,0,1,B36,dfrA17; sul1,False,0.15384615384615385,False,0.5747472626978233,0.8550645935707271,False
1040,EW036_RS05820,queF,gene,2,1,genome,2,annotation_mediated,0,0,2,0,1,B36,dfrA17; sul1,False,0.15384615384615385,False,0.5747472626978233,0.8550645935707271,False
1041,EW036_RS05850,gudX,gene,2,1,genome,2,annotation_mediated,0,0,2,0,1,B36,dfrA17; sul1,False,0.15384615384615385,False,0.5747472626978233,0.8550645935707271,False
1042,EW036_RS05855,gudD,gene,2,1,genome,2,annotation_mediated,0,0,2,0,1,B36,dfrA17; sul1,False,0.15384615384615385,False,0.5747472626978233,0.8550645935707271,False
1043,EW036_RS05875,mazG,gene,2,1,genome,2,annotation_mediated,0,0,2,0,1,B36,dfrA17; sul1,False,0.15384615384615385,False,0.5747472626978233,0.8550645935707271,False
1044,EW036_RS05900,queE,gene,2,1,genome,2,annotation_mediated,0,0,2,0,1,B36,dfrA17; sul1,False,0.15384615384615385,False,0.5747472626978233,0.8550645935707271,False
1045,EW036_RS05990,cysI,gene,2,1,genome,2,annotation_mediated,0,0,2,0,1,B36,dfrA17; sul1,False,0.15384615384615385,False,0.5747472626978233,0.8550645935707271,False
1046,EW036_RS06055,surE,gene,2,1,genome,2,annotation_mediated,0,0,2,0,1,B36,dfrA17; sul1,False,0.15384615384615385,False,0.5747472626978233,0.8550645935707271,False
1047,EW036_RS06365,gshA,gene,2,1,genome,2,annotation_mediated,0,0,2,0,1,B36,dfrA17; sul1,False,0.15384615384615385,False,0.5747472626978233,0.8550645935707271,False
1048,EW036_RS06370,luxS,gene,2,1,genome,2,annotation_mediated,0,0,2,0,1,B36,dfrA17; sul1,False,0.15384615384615385,False,0.5747472626978233,0.8550645935707271,False
1049,EW036_RS06510,gabD,gene,2,1,genome,2,annotation_mediated,0,0,2,0,1,B36,dfrA17; sul1,False,0.15384615384615385,False,0.5747472626978233,0.8550645935707271,False
1050,EW036_RS06560,nadK,gene,2,1,genome,2,annotation_mediated,0,0,2,0,1,B36,dfrA17; sul1,False,0.15384615384615385,False,0.5747472626978233,0.8550645935707271,False
1051,EW036_RS06705,pssA,gene,2,1,genome,2,annotation_mediated,0,0,2,0,1,B36,dfrA17; sul1,False,0.15384615384615385,False,0.5747472626978233,0.8550645935707271,False
1052,EW036_RS06815,pdxJ,gene,2,1,genome,2,annotation_mediated,0,0,2,0,1,B36,dfrA17; sul1,False,0.15384615384615385,False,0.5747472626978233,0.8550645935707271,False
1053,EW036_RS07085,guaB,gene,2,1,genome,2,annotation_mediated,0,0,2,0,1,B36,dfrA17; sul1,False,0.15384615384615385,False,0.5747472626978233,0.8550645935707271,False
1054,EW036_RS07090,guaA,gene,2,1,genome,2,annotation_mediated,0,0,2,0,1,B36,dfrA17; sul1,False,0.15384615384615385,False,0.5747472626978233,0.8550645935707271,False
1055,EW036_RS07350,hemF,gene,2,1,genome,2,annotation_mediated,0,0,2,0,1,B36,dfrA17; sul1,False,0.15384615384615385,False,0.5747472626978233,0.8550645935707271,False
1056,EW036_RS07430,pdxK,gene,2,1,genome,2,annotation_mediated,0,0,2,0,1,B36,dfrA17; sul1,False,0.15384615384615385,False,0.5747472626978233,0.8550645935707271,False
1057,EW036_RS07885,fabB,gene,2,1,genome,2,annotation_mediated,0,0,2,0,1,B36,dfrA17; sul1,False,0.15384615384615385,False,0.5747472626978233,0.8550645935707271,False
1058,EW036_RS07980,folX,gene,2,1,genome,2,annotation_mediated,0,0,2,0,1,B36,dfrA17; sul1,False,0.15384615384615385,False,0.5747472626978233,0.8550645935707271,False
1059,EW036_RS08010,pta,gene,2,1,genome,2,annotation_mediated,0,0,2,0,1,B36,dfrA17; sul1,False,0.15384615384615385,False,0.5747472626978233,0.8550645935707271,False
1060,EW036_RS08015,ackA,gene,2,1,genome,2,annotation_mediated,0,0,2,0,1,B36,dfrA17; sul1,False,0.15384615384615385,False,0.5747472626978233,0.8550645935707271,False
1061,EW036_RS08055,nuoA,gene,2,1,genome,2,annotation_mediated,0,0,2,0,1,B36,dfrA17; sul1,False,0.15384615384615385,False,0.5747472626978233,0.8550645935707271,False
1062,EW036_RS08060,nuoB,gene,2,1,genome,2,annotation_mediated,0,0,2,0,1,B36,dfrA17; sul1,False,0.15384615384615385,False,0.5747472626978233,0.8550645935707271,False
1063,EW036_RS08065,nuoC,gene,2,1,genome,2,annotation_mediated,0,0,2,0,1,B36,dfrA17; sul1,False,0.15384615384615385,False,0.5747472626978233,0.8550645935707271,False
1064,EW036_RS08070,nuoE,gene,2,1,genome,2,annotation_mediated,0,0,2,0,1,B36,dfrA17; sul1,False,0.15384615384615385,False,0.5747472626978233,0.8550645935707271,False
1065,EW036_RS08075,nuoF,gene,2,1,genome,2,annotation_mediated,0,0,2,0,1,B36,dfrA17; sul1,False,0.15384615384615385,False,0.5747472626978233,0.8550645935707271,False
1066,EW036_RS08080,nuoG,gene,2,1,genome,2,annotation_mediated,0,0,2,0,1,B36,dfrA17; sul1,False,0.15384615384615385,False,0.5747472626978233,0.8550645935707271,False
1067,EW036_RS08090,nuoI,gene,2,1,genome,2,annotation_mediated,0,0,2,0,1,B36,dfrA17; sul1,False,0.15384615384615385,False,0.5747472626978233,0.8550645935707271,False
1068,EW036_RS08095,nuoJ,gene,2,1,genome,2,annotation_mediated,0,0,2,0,1,B36,dfrA17; sul1,False,0.15384615384615385,False,0.5747472626978233,0.8550645935707271,False
1069,EW036_RS08100,nuoK,gene,2,1,genome,2,annotation_mediated,0,0,2,0,1,B36,dfrA17; sul1,False,0.15384615384615385,False,0.5747472626978233,0.8550645935707271,False
1070,EW036_RS08165,menB,gene,2,1,genome,2,annotation_mediated,0,0,2,0,1,B36,dfrA17; sul1,False,0.15384615384615385,False,0.5747472626978233,0.8550645935707271,False
1071,EW036_RS08170,menC,gene,2,1,genome,2,annotation_mediated,0,0,2,0,1,B36,dfrA17; sul1,False,0.15384615384615385,False,0.5747472626978233,0.8550645935707271,False
1072,EW036_RS08175,menE,gene,2,1,genome,2,annotation_mediated,0,0,2,0,1,B36,dfrA17; sul1,False,0.15384615384615385,False,0.5747472626978233,0.8550645935707271,False
1073,EW036_RS08205,arnA,gene,2,1,genome,2,annotation_mediated,0,0,2,0,1,B36,dfrA17; sul1,False,0.15384615384615385,False,0.5747472626978233,0.8550645935707271,False
1074,EW036_RS08305,nrdB,gene,2,1,genome,2,annotation_mediated,0,0,2,0,1,B36,dfrA17; sul1,False,0.15384615384615385,False,0.5747472626978233,0.8550645935707271,False
1075,EW036_RS08310,nrdA,gene,2,1,genome,2,annotation_mediated,0,0,2,0,1,B36,dfrA17; sul1,False,0.15384615384615385,False,0.5747472626978233,0.8550645935707271,False
1076,EW036_RS08605,cmk,gene,2,1,genome,2,annotation_mediated,0,0,2,0,1,B36,dfrA17; sul1,False,0.15384615384615385,False,0.5747472626978233,0.8550645935707271,False
1077,EW036_RS08630,lpxK,gene,2,1,genome,2,annotation_mediated,0,0,2,0,1,B36,dfrA17; sul1,False,0.15384615384615385,False,0.5747472626978233,0.8550645935707271,False
1078,EW036_RS08645,kdsB,gene,2,1,genome,2,annotation_mediated,0,0,2,0,1,B36,dfrA17; sul1,False,0.15384615384615385,False,0.5747472626978233,0.8550645935707271,False
1079,EW036_RS08710,pncB,gene,2,1,genome,2,annotation_mediated,0,0,2,0,1,B36,dfrA17; sul1,False,0.15384615384615385,False,0.5747472626978233,0.8550645935707271,False
1080,EW036_RS08750,pyrD,gene,2,1,genome,2,annotation_mediated,0,0,2,0,1,B36,dfrA17; sul1,False,0.15384615384615385,False,0.5747472626978233,0.8550645935707271,False
1081,EW036_RS08795,fabA,gene,2,1,genome,2,annotation_mediated,0,0,2,0,1,B36,dfrA17; sul1,False,0.15384615384615385,False,0.5747472626978233,0.8550645935707271,False
1082,EW036_RS08915,appC,gene,2,1,genome,2,annotation_mediated,0,0,2,0,1,B36,dfrA17; sul1,False,0.15384615384615385,False,0.5747472626978233,0.8550645935707271,False
1083,EW036_RS08985,torA,gene,2,1,genome,2,annotation_mediated,0,0,2,0,1,B36,dfrA17; sul1,False,0.15384615384615385,False,0.5747472626978233,0.8550645935707271,False
1084,EW036_RS09230,lpxL,gene,2,1,genome,2,annotation_mediated,0,0,2,0,1,B36,dfrA17; sul1,False,0.15384615384615385,False,0.5747472626978233,0.8550645935707271,False
1085,EW036_RS09270,pyrC,gene,2,1,genome,2,annotation_mediated,0,0,2,0,1,B36,dfrA17; sul1,False,0.15384615384615385,False,0.5747472626978233,0.8550645935707271,False
1086,EW036_RS00030,yidA,gene,2,1,genome,2,annotation_mediated,0,0,2,0,1,B36,aadA5; mph(A),False,0.15384615384615385,False,0.5747472626978233,0.8550645935707271,False
1087,EW036_RS00075,yidQ,gene,2,1,genome,2,annotation_mediated,0,0,2,0,1,B36,aadA5; mph(A),False,0.15384615384615385,False,0.5747472626978233,0.8550645935707271,False
1088,EW036_RS00455,draD,gene,2,1,genome,2,annotation_mediated,0,0,2,0,1,B36,aadA5; mph(A),False,0.15384615384615385,False,0.5747472626978233,0.8550645935707271,False
1089,EW036_RS00565,brxB,gene,2,1,genome,2,annotation_mediated,0,0,2,0,1,B36,aadA5; mph(A),False,0.15384615384615385,False,0.5747472626978233,0.8550645935707271,False
1090,EW036_RS00570,brxA,gene,2,1,genome,2,annotation_mediated,0,0,2,0,1,B36,aadA5; mph(A),False,0.15384615384615385,False,0.5747472626978233,0.8550645935707271,False
1091,EW036_RS00610,nan,gene,2,1,genome,2,annotation_mediated,0,0,2,0,1,B36,aadA5; mph(A),False,0.15384615384615385,False,0.5747472626978233,0.8550645935707271,False
1092,EW036_RS00725,yicC,gene,2,1,genome,2,annotation_mediated,0,0,2,0,1,B36,aadA5; mph(A),False,0.15384615384615385,False,0.5747472626978233,0.8550645935707271,False
1093,EW036_RS00870,yibQ,gene,2,1,genome,2,annotation_mediated,0,0,2,0,1,B36,aadA5; mph(A),False,0.15384615384615385,False,0.5747472626978233,0.8550645935707271,False
1094,EW036_RS00940,yibL,gene,2,1,genome,2,annotation_mediated,0,0,2,0,1,B36,aadA5; mph(A),False,0.15384615384615385,False,0.5747472626978233,0.8550645935707271,False
1095,EW036_RS00945,yibT,gene,2,1,genome,2,annotation_mediated,0,0,2,0,1,B36,aadA5; mph(A),False,0.15384615384615385,False,0.5747472626978233,0.8550645935707271,False
1096,EW036_RS01170,yiaF,gene,2,1,genome,2,annotation_mediated,0,0,2,0,1,B36,aadA5; mph(A),False,0.15384615384615385,False,0.5747472626978233,0.8550645935707271,False
1097,EW036_RS01280,bcsG,gene,2,1,genome,2,annotation_mediated,0,0,2,0,1,B36,aadA5; mph(A),False,0.15384615384615385,False,0.5747472626978233,0.8550645935707271,False
1098,EW036_RS01290,bcsE,gene,2,1,genome,2,annotation_mediated,0,0,2,0,1,B36,aadA5; mph(A),False,0.15384615384615385,False,0.5747472626978233,0.8550645935707271,False
1099,EW036_RS01335,yhjJ,gene,2,1,genome,2,annotation_mediated,0,0,2,0,1,B36,aadA5; mph(A),False,0.15384615384615385,False,0.5747472626978233,0.8550645935707271,False
1100,EW036_RS01360,yhjD,gene,2,1,genome,2,annotation_mediated,0,0,2,0,1,B36,aadA5; mph(A),False,0.15384615384615385,False,0.5747472626978233,0.8550645935707271,False
1101,EW036_RS01420,hdeD,gene,2,1,genome,2,annotation_mediated,0,0,2,0,1,B36,aadA5; mph(A),False,0.15384615384615385,False,0.5747472626978233,0.8550645935707271,False
1102,EW036_RS01555,yhiN,gene,2,1,genome,2,annotation_mediated,0,0,2,0,1,B36,aadA5; mph(A),False,0.15384615384615385,False,0.5747472626978233,0.8550645935707271,False
1103,EW036_RS01665,dcrB,gene,2,1,genome,2,annotation_mediated,0,0,2,0,1,B36,aadA5; mph(A),False,0.15384615384615385,False,0.5747472626978233,0.8550645935707271,False
1104,EW036_RS01690,yhhM,gene,2,1,genome,2,annotation_mediated,0,0,2,0,1,B36,aadA5; mph(A),False,0.15384615384615385,False,0.5747472626978233,0.8550645935707271,False
1105,EW036_RS01730,ataR,gene,2,1,genome,2,annotation_mediated,0,0,2,0,1,B36,aadA5; mph(A),False,0.15384615384615385,False,0.5747472626978233,0.8550645935707271,False
1106,EW036_RS01795,yhhA,gene,2,1,genome,2,annotation_mediated,0,0,2,0,1,B36,aadA5; mph(A),False,0.15384615384615385,False,0.5747472626978233,0.8550645935707271,False
1107,EW036_RS01810,yhhX,gene,2,1,genome,2,annotation_mediated,0,0,2,0,1,B36,aadA5; mph(A),False,0.15384615384615385,False,0.5747472626978233,0.8550645935707271,False
1108,EW036_RS01815,yhhW,gene,2,1,genome,2,annotation_mediated,0,0,2,0,1,B36,aadA5; mph(A),False,0.15384615384615385,False,0.5747472626978233,0.8550645935707271,False
1109,EW036_RS01905,glpG,gene,2,1,genome,2,annotation_mediated,0,0,2,0,1,B36,aadA5; mph(A),False,0.15384615384615385,False,0.5747472626978233,0.8550645935707271,False
1110,EW036_RS02035,igaA,gene,2,1,genome,2,annotation_mediated,0,0,2,0,1,B36,aadA5; mph(A),False,0.15384615384615385,False,0.5747472626978233,0.8550645935707271,False
1111,EW036_RS02190,yhfG,gene,2,1,genome,2,annotation_mediated,0,0,2,0,1,B36,aadA5; mph(A),False,0.15384615384615385,False,0.5747472626978233,0.8550645935707271,False
1112,EW036_RS02230,yheU,gene,2,1,genome,2,annotation_mediated,0,0,2,0,1,B36,aadA5; mph(A),False,0.15384615384615385,False,0.5747472626978233,0.8550645935707271,False
1113,EW036_RS02235,yheT,gene,2,1,genome,2,annotation_mediated,0,0,2,0,1,B36,aadA5; mph(A),False,0.15384615384615385,False,0.5747472626978233,0.8550645935707271,False
1114,EW036_RS02240,yheS,gene,2,1,genome,2,annotation_mediated,0,0,2,0,1,B36,aadA5; mph(A),False,0.15384615384615385,False,0.5747472626978233,0.8550645935707271,False
1115,EW036_RS02245,kefG,gene,2,1,genome,2,annotation_mediated,0,0,2,0,1,B36,aadA5; mph(A),False,0.15384615384615385,False,0.5747472626978233,0.8550645935707271,False
1116,EW036_RS02265,slyX,gene,2,1,genome,2,annotation_mediated,0,0,2,0,1,B36,aadA5; mph(A),False,0.15384615384615385,False,0.5747472626978233,0.8550645935707271,False
1117,EW036_RS02275,yheO,gene,2,1,genome,2,annotation_mediated,0,0,2,0,1,B36,aadA5; mph(A),False,0.15384615384615385,False,0.5747472626978233,0.8550645935707271,False
1118,EW036_RS02605,yrdB,gene,2,1,genome,2,annotation_mediated,0,0,2,0,1,B36,aadA5; mph(A),False,0.15384615384615385,False,0.5747472626978233,0.8550645935707271,False
1119,EW036_RS02610,yrdA,gene,2,1,genome,2,annotation_mediated,0,0,2,0,1,B36,aadA5; mph(A),False,0.15384615384615385,False,0.5747472626978233,0.8550645935707271,False
1120,EW036_RS02815,yhdP,gene,2,1,genome,2,annotation_mediated,0,0,2,0,1,B36,aadA5; mph(A),False,0.15384615384615385,False,0.5747472626978233,0.8550645935707271,False
1121,EW036_RS02820,tldD,gene,2,1,genome,2,annotation_mediated,0,0,2,0,1,B36,aadA5; mph(A),False,0.15384615384615385,False,0.5747472626978233,0.8550645935707271,False
1122,EW036_RS02875,zapG,gene,2,1,genome,2,annotation_mediated,0,0,2,0,1,B36,aadA5; mph(A),False,0.15384615384615385,False,0.5747472626978233,0.8550645935707271,False
1123,EW036_RS02900,sspB,gene,2,1,genome,2,annotation_mediated,0,0,2,0,1,B36,aadA5; mph(A),False,0.15384615384615385,False,0.5747472626978233,0.8550645935707271,False
1124,EW036_RS02975,rapZ,gene,2,1,genome,2,annotation_mediated,0,0,2,0,1,B36,aadA5; mph(A),False,0.15384615384615385,False,0.5747472626978233,0.8550645935707271,False
1125,EW036_RS03045,mlaB,gene,2,1,genome,2,annotation_mediated,0,0,2,0,1,B36,aadA5; mph(A),False,0.15384615384615385,False,0.5747472626978233,0.8550645935707271,False
1126,EW036_RS03085,cgtA,gene,2,1,genome,2,annotation_mediated,0,0,2,0,1,B36,aadA5; mph(A),False,0.15384615384615385,False,0.5747472626978233,0.8550645935707271,False
1127,EW036_RS03225,yhbS,gene,2,1,genome,2,annotation_mediated,0,0,2,0,1,B36,aadA5; mph(A),False,0.15384615384615385,False,0.5747472626978233,0.8550645935707271,False
1128,EW036_RS03240,yhbO,gene,2,1,genome,2,annotation_mediated,0,0,2,0,1,B36,aadA5; mph(A),False,0.15384615384615385,False,0.5747472626978233,0.8550645935707271,False
1129,EW036_RS03255,dolP,gene,2,1,genome,2,annotation_mediated,0,0,2,0,1,B36,aadA5; mph(A),False,0.15384615384615385,False,0.5747472626978233,0.8550645935707271,False
1130,EW036_RS03450,yhaK,gene,2,1,genome,2,annotation_mediated,0,0,2,0,1,B36,aadA5; mph(A),False,0.15384615384615385,False,0.5747472626978233,0.8550645935707271,False
1131,EW036_RS03460,nan,gene,2,1,genome,2,annotation_mediated,0,0,2,0,1,B36,aadA5; mph(A),False,0.15384615384615385,False,0.5747472626978233,0.8550645935707271,False
1132,EW036_RS03475,yqjK,gene,2,1,genome,2,annotation_mediated,0,0,2,0,1,B36,aadA5; mph(A),False,0.15384615384615385,False,0.5747472626978233,0.8550645935707271,False
1133,EW036_RS03480,yqjE,gene,2,1,genome,2,annotation_mediated,0,0,2,0,1,B36,aadA5; mph(A),False,0.15384615384615385,False,0.5747472626978233,0.8550645935707271,False
1134,EW036_RS03485,yqjD,gene,2,1,genome,2,annotation_mediated,0,0,2,0,1,B36,aadA5; mph(A),False,0.15384615384615385,False,0.5747472626978233,0.8550645935707271,False
1135,EW036_RS03490,yqjC,gene,2,1,genome,2,annotation_mediated,0,0,2,0,1,B36,aadA5; mph(A),False,0.15384615384615385,False,0.5747472626978233,0.8550645935707271,False
1136,EW036_RS03540,ygjR,gene,2,1,genome,2,annotation_mediated,0,0,2,0,1,B36,aadA5; mph(A),False,0.15384615384615385,False,0.5747472626978233,0.8550645935707271,False
1137,EW036_RS03550,ygjP,gene,2,1,genome,2,annotation_mediated,0,0,2,0,1,B36,aadA5; mph(A),False,0.15384615384615385,False,0.5747472626978233,0.8550645935707271,False
1138,EW036_RS03710,ygiF,gene,2,1,genome,2,annotation_mediated,0,0,2,0,1,B36,aadA5; mph(A),False,0.15384615384615385,False,0.5747472626978233,0.8550645935707271,False
1139,EW036_RS03745,ubiK,gene,2,1,genome,2,annotation_mediated,0,0,2,0,1,B36,aadA5; mph(A),False,0.15384615384615385,False,0.5747472626978233,0.8550645935707271,False
1140,EW036_RS03825,cpdA,gene,2,1,genome,2,annotation_mediated,0,0,2,0,1,B36,aadA5; mph(A),False,0.15384615384615385,False,0.5747472626978233,0.8550645935707271,False
1141,EW036_RS03870,ygiN,gene,2,1,genome,2,annotation_mediated,0,0,2,0,1,B36,aadA5; mph(A),False,0.15384615384615385,False,0.5747472626978233,0.8550645935707271,False
1142,EW036_RS03875,mdaB,gene,2,1,genome,2,annotation_mediated,0,0,2,0,1,B36,aadA5; mph(A),False,0.15384615384615385,False,0.5747472626978233,0.8550645935707271,False
1143,EW036_RS03900,ygiW,gene,2,1,genome,2,annotation_mediated,0,0,2,0,1,B36,aadA5; mph(A),False,0.15384615384615385,False,0.5747472626978233,0.8550645935707271,False
1144,EW036_RS03980,dkgA,gene,2,1,genome,2,annotation_mediated,0,0,2,0,1,B36,aadA5; mph(A),False,0.15384615384615385,False,0.5747472626978233,0.8550645935707271,False
1145,EW036_RS04020,yqhA,gene,2,1,genome,2,annotation_mediated,0,0,2,0,1,B36,aadA5; mph(A),False,0.15384615384615385,False,0.5747472626978233,0.8550645935707271,False
1146,EW036_RS04410,nan,gene,2,1,genome,2,annotation_mediated,0,0,2,0,1,B36,aadA5; mph(A),False,0.15384615384615385,False,0.5747472626978233,0.8550645935707271,False
1147,EW036_RS04715,nan,gene,2,1,genome,2,annotation_mediated,0,0,2,0,1,B36,aadA5; mph(A),False,0.15384615384615385,False,0.5747472626978233,0.8550645935707271,False
1148,EW036_RS04800,nan,gene,2,1,genome,2,annotation_mediated,0,0,2,0,1,B36,aadA5; mph(A),False,0.15384615384615385,False,0.5747472626978233,0.8550645935707271,False
1149,EW036_RS04850,yggL,gene,2,1,genome,2,annotation_mediated,0,0,2,0,1,B36,aadA5; mph(A),False,0.15384615384615385,False,0.5747472626978233,0.8550645935707271,False
1150,EW036_RS04855,yggN,gene,2,1,genome,2,annotation_mediated,0,0,2,0,1,B36,aadA5; mph(A),False,0.15384615384615385,False,0.5747472626978233,0.8550645935707271,False
1151,EW036_RS04895,yggU,gene,2,1,genome,2,annotation_mediated,0,0,2,0,1,B36,aadA5; mph(A),False,0.15384615384615385,False,0.5747472626978233,0.8550645935707271,False
1152,EW036_RS04905,yggS,gene,2,1,genome,2,annotation_mediated,0,0,2,0,1,B36,aadA5; mph(A),False,0.15384615384615385,False,0.5747472626978233,0.8550645935707271,False
1153,EW036_RS05085,yggE,gene,2,1,genome,2,annotation_mediated,0,0,2,0,1,B36,aadA5; mph(A),False,0.15384615384615385,False,0.5747472626978233,0.8550645935707271,False
1154,EW036_RS05190,yqfB,gene,2,1,genome,2,annotation_mediated,0,0,2,0,1,B36,aadA5; mph(A),False,0.15384615384615385,False,0.5747472626978233,0.8550645935707271,False
1155,EW036_RS05205,sdhE,gene,2,1,genome,2,annotation_mediated,0,0,2,0,1,B36,aadA5; mph(A),False,0.15384615384615385,False,0.5747472626978233,0.8550645935707271,False
1156,EW036_RS05210,ygfX,gene,2,1,genome,2,annotation_mediated,0,0,2,0,1,B36,aadA5; mph(A),False,0.15384615384615385,False,0.5747472626978233,0.8550645935707271,False
1157,EW036_RS05440,ygdR,gene,2,1,genome,2,annotation_mediated,0,0,2,0,1,B36,aadA5; mph(A),False,0.15384615384615385,False,0.5747472626978233,0.8550645935707271,False
1158,EW036_RS05735,csdE,gene,2,1,genome,2,annotation_mediated,0,0,2,0,1,B36,aadA5; mph(A),False,0.15384615384615385,False,0.5747472626978233,0.8550645935707271,False
1159,EW036_RS06100,otnK,gene,2,1,genome,2,annotation_mediated,0,0,2,0,1,B36,aadA5; mph(A),False,0.15384615384615385,False,0.5747472626978233,0.8550645935707271,False
1160,EW036_RS06305,pncC,gene,2,1,genome,2,annotation_mediated,0,0,2,0,1,B36,aadA5; mph(A),False,0.15384615384615385,False,0.5747472626978233,0.8550645935707271,False
1161,EW036_RS06355,yqaB,gene,2,1,genome,2,annotation_mediated,0,0,2,0,1,B36,aadA5; mph(A),False,0.15384615384615385,False,0.5747472626978233,0.8550645935707271,False
1162,EW036_RS06455,ygaM,gene,2,1,genome,2,annotation_mediated,0,0,2,0,1,B36,aadA5; mph(A),False,0.15384615384615385,False,0.5747472626978233,0.8550645935707271,False
1163,EW036_RS06460,ygaC,gene,2,1,genome,2,annotation_mediated,0,0,2,0,1,B36,aadA5; mph(A),False,0.15384615384615385,False,0.5747472626978233,0.8550645935707271,False
1164,EW036_RS06490,kbp,gene,2,1,genome,2,annotation_mediated,0,0,2,0,1,B36,aadA5; mph(A),False,0.15384615384615385,False,0.5747472626978233,0.8550645935707271,False
1165,EW036_RS06545,yfjF,gene,2,1,genome,2,annotation_mediated,0,0,2,0,1,B36,aadA5; mph(A),False,0.15384615384615385,False,0.5747472626978233,0.8550645935707271,False
1166,EW036_RS06625,yfiL,gene,2,1,genome,2,annotation_mediated,0,0,2,0,1,B36,aadA5; mph(A),False,0.15384615384615385,False,0.5747472626978233,0.8550645935707271,False
1167,EW036_RS06665,yfiH,gene,2,1,genome,2,annotation_mediated,0,0,2,0,1,B36,aadA5; mph(A),False,0.15384615384615385,False,0.5747472626978233,0.8550645935707271,False
1168,EW036_RS06735,grcA,gene,2,1,genome,2,annotation_mediated,0,0,2,0,1,B36,aadA5; mph(A),False,0.15384615384615385,False,0.5747472626978233,0.8550645935707271,False
1169,EW036_RS06805,era,gene,2,1,genome,2,annotation_mediated,0,0,2,0,1,B36,aadA5; mph(A),False,0.15384615384615385,False,0.5747472626978233,0.8550645935707271,False
1170,EW036_RS06970,iscA,gene,2,1,genome,2,annotation_mediated,0,0,2,0,1,B36,aadA5; mph(A),False,0.15384615384615385,False,0.5747472626978233,0.8550645935707271,False
1171,EW036_RS06990,iscX,gene,2,1,genome,2,annotation_mediated,0,0,2,0,1,B36,aadA5; mph(A),False,0.15384615384615385,False,0.5747472626978233,0.8550645935707271,False
1172,EW036_RS07000,sseB,gene,2,1,genome,2,annotation_mediated,0,0,2,0,1,B36,aadA5; mph(A),False,0.15384615384615385,False,0.5747472626978233,0.8550645935707271,False
1173,EW036_RS07010,yfhM,gene,2,1,genome,2,annotation_mediated,0,0,2,0,1,B36,aadA5; mph(A),False,0.15384615384615385,False,0.5747472626978233,0.8550645935707271,False
1174,EW036_RS07045,yfgM,gene,2,1,genome,2,annotation_mediated,0,0,2,0,1,B36,aadA5; mph(A),False,0.15384615384615385,False,0.5747472626978233,0.8550645935707271,False
1175,EW036_RS07155,bepA,gene,2,1,genome,2,annotation_mediated,0,0,2,0,1,B36,aadA5; mph(A),False,0.15384615384615385,False,0.5747472626978233,0.8550645935707271,False
1176,EW036_RS07200,ypfH,gene,2,1,genome,2,annotation_mediated,0,0,2,0,1,B36,aadA5; mph(A),False,0.15384615384615385,False,0.5747472626978233,0.8550645935707271,False
1177,EW036_RS07370,yfeY,gene,2,1,genome,2,annotation_mediated,0,0,2,0,1,B36,aadA5; mph(A),False,0.15384615384615385,False,0.5747472626978233,0.8550645935707271,False
1178,EW036_RS07475,yfeH,gene,2,1,genome,2,annotation_mediated,0,0,2,0,1,B36,aadA5; mph(A),False,0.15384615384615385,False,0.5747472626978233,0.8550645935707271,False
1179,EW036_RS07760,nan,gene,2,1,genome,2,annotation_mediated,0,0,2,0,1,B36,aadA5; mph(A),False,0.15384615384615385,False,0.5747472626978233,0.8550645935707271,False
1180,EW036_RS07845,smrB,gene,2,1,genome,2,annotation_mediated,0,0,2,0,1,B36,aadA5; mph(A),False,0.15384615384615385,False,0.5747472626978233,0.8550645935707271,False
1181,EW036_RS07875,yfcL,gene,2,1,genome,2,annotation_mediated,0,0,2,0,1,B36,aadA5; mph(A),False,0.15384615384615385,False,0.5747472626978233,0.8550645935707271,False
1182,EW036_RS07975,yfcH,gene,2,1,genome,2,annotation_mediated,0,0,2,0,1,B36,aadA5; mph(A),False,0.15384615384615385,False,0.5747472626978233,0.8550645935707271,False
1183,EW036_RS08025,yfbU,gene,2,1,genome,2,annotation_mediated,0,0,2,0,1,B36,aadA5; mph(A),False,0.15384615384615385,False,0.5747472626978233,0.8550645935707271,False
1184,EW036_RS08030,hxpA,gene,2,1,genome,2,annotation_mediated,0,0,2,0,1,B36,aadA5; mph(A),False,0.15384615384615385,False,0.5747472626978233,0.8550645935707271,False
1185,EW036_RS08120,yfbM,gene,2,1,genome,2,annotation_mediated,0,0,2,0,1,B36,aadA5; mph(A),False,0.15384615384615385,False,0.5747472626978233,0.8550645935707271,False
1186,EW036_RS08140,elaA,gene,2,1,genome,2,annotation_mediated,0,0,2,0,1,B36,aadA5; mph(A),False,0.15384615384615385,False,0.5747472626978233,0.8550645935707271,False
1187,EW036_RS08230,yfaZ,gene,2,1,genome,2,annotation_mediated,0,0,2,0,1,B36,aadA5; mph(A),False,0.15384615384615385,False,0.5747472626978233,0.8550645935707271,False
1188,EW036_RS08235,yfaY,gene,2,1,genome,2,annotation_mediated,0,0,2,0,1,B36,aadA5; mph(A),False,0.15384615384615385,False,0.5747472626978233,0.8550645935707271,False
1189,EW036_RS08335,nan,gene,2,1,genome,2,annotation_mediated,0,0,2,0,1,B36,aadA5; mph(A),False,0.15384615384615385,False,0.5747472626978233,0.8550645935707271,False
1190,EW036_RS08640,ycaR,gene,2,1,genome,2,annotation_mediated,0,0,2,0,1,B36,aadA5; mph(A),False,0.15384615384615385,False,0.5747472626978233,0.8550645935707271,False
1191,EW036_RS08650,ycbJ,gene,2,1,genome,2,annotation_mediated,0,0,2,0,1,B36,aadA5; mph(A),False,0.15384615384615385,False,0.5747472626978233,0.8550645935707271,False
1192,EW036_RS08655,elyC,gene,2,1,genome,2,annotation_mediated,0,0,2,0,1,B36,aadA5; mph(A),False,0.15384615384615385,False,0.5747472626978233,0.8550645935707271,False
1193,EW036_RS08770,uup,gene,2,1,genome,2,annotation_mediated,0,0,2,0,1,B36,aadA5; mph(A),False,0.15384615384615385,False,0.5747472626978233,0.8550645935707271,False
1194,EW036_RS08785,pqiC,gene,2,1,genome,2,annotation_mediated,0,0,2,0,1,B36,aadA5; mph(A),False,0.15384615384615385,False,0.5747472626978233,0.8550645935707271,False
1195,EW036_RS08850,yccU,gene,2,1,genome,2,annotation_mediated,0,0,2,0,1,B36,aadA5; mph(A),False,0.15384615384615385,False,0.5747472626978233,0.8550645935707271,False
1196,EW036_RS08905,hyaE,gene,2,1,genome,2,annotation_mediated,0,0,2,0,1,B36,aadA5; mph(A),False,0.15384615384615385,False,0.5747472626978233,0.8550645935707271,False
1197,EW036_RS08955,gnsA,gene,2,1,genome,2,annotation_mediated,0,0,2,0,1,B36,aadA5; mph(A),False,0.15384615384615385,False,0.5747472626978233,0.8550645935707271,False
1198,EW036_RS09005,agp,gene,2,1,genome,2,annotation_mediated,0,0,2,0,1,B36,aadA5; mph(A),False,0.15384615384615385,False,0.5747472626978233,0.8550645935707271,False
1199,EW036_RS09010,yccJ,gene,2,1,genome,2,annotation_mediated,0,0,2,0,1,B36,aadA5; mph(A),False,0.15384615384615385,False,0.5747472626978233,0.8550645935707271,False
1200,EW036_RS09140,ycdY,gene,2,1,genome,2,annotation_mediated,0,0,2,0,1,B36,aadA5; mph(A),False,0.15384615384615385,False,0.5747472626978233,0.8550645935707271,False
1201,EW036_RS09190,ymdB,gene,2,1,genome,2,annotation_mediated,0,0,2,0,1,B36,aadA5; mph(A),False,0.15384615384615385,False,0.5747472626978233,0.8550645935707271,False
1202,EW036_RS09220,msyB,gene,2,1,genome,2,annotation_mediated,0,0,2,0,1,B36,aadA5; mph(A),False,0.15384615384615385,False,0.5747472626978233,0.8550645935707271,False
1203,EW036_RS09240,yceI,gene,2,1,genome,2,annotation_mediated,0,0,2,0,1,B36,aadA5; mph(A),False,0.15384615384615385,False,0.5747472626978233,0.8550645935707271,False
1204,EW036_RS09275,yceB,gene,2,1,genome,2,annotation_mediated,0,0,2,0,1,B36,aadA5; mph(A),False,0.15384615384615385,False,0.5747472626978233,0.8550645935707271,False
1205,EW036_RS09295,yceH,gene,2,1,genome,2,annotation_mediated,0,0,2,0,1,B36,aadA5; mph(A),False,0.15384615384615385,False,0.5747472626978233,0.8550645935707271,False
1206,EW036_RS09300,yceM,gene,2,1,genome,2,annotation_mediated,0,0,2,0,1,B36,aadA5; mph(A),False,0.15384615384615385,False,0.5747472626978233,0.8550645935707271,False
1207,EW036_RS09400,yceD,gene,2,1,genome,2,annotation_mediated,0,0,2,0,1,B36,aadA5; mph(A),False,0.15384615384615385,False,0.5747472626978233,0.8550645935707271,False
1208,EW036_RS09445,yceG,gene,2,1,genome,2,annotation_mediated,0,0,2,0,1,B36,aadA5; mph(A),False,0.15384615384615385,False,0.5747472626978233,0.8550645935707271,False
1209,EW036_RS09600,roxA,gene,2,1,genome,2,annotation_mediated,0,0,2,0,1,B36,aadA5; mph(A),False,0.15384615384615385,False,0.5747472626978233,0.8550645935707271,False
1210,EW036_RS09620,hflD,gene,2,1,genome,2,annotation_mediated,0,0,2,0,1,B36,aadA5; mph(A),False,0.15384615384615385,False,0.5747472626978233,0.8550645935707271,False
1211,EW036_RS09735,nan,gene,2,1,genome,2,annotation_mediated,0,0,2,0,1,B36,aadA5; mph(A),False,0.15384615384615385,False,0.5747472626978233,0.8550645935707271,False
1212,EW036_RS09795,iss,gene,2,1,genome,2,annotation_mediated,0,0,2,0,1,B36,aadA5; mph(A),False,0.15384615384615385,False,0.5747472626978233,0.8550645935707271,False
1213,EW036_RS10095,pliG,gene,2,1,genome,2,annotation_mediated,0,0,2,0,1,B36,aadA5; mph(A),False,0.15384615384615385,False,0.5747472626978233,0.8550645935707271,False
1214,EW036_RS10100,nan,gene,2,1,genome,2,annotation_mediated,0,0,2,0,1,B36,aadA5; mph(A),False,0.15384615384615385,False,0.5747472626978233,0.8550645935707271,False
1215,EW036_RS10145,ycgB,gene,2,1,genome,2,annotation_mediated,0,0,2,0,1,B36,aadA5; mph(A),False,0.15384615384615385,False,0.5747472626978233,0.8550645935707271,False
1216,EW036_RS10230,dhaL,gene,2,1,genome,2,annotation_mediated,0,0,2,0,1,B36,aadA5; mph(A),False,0.15384615384615385,False,0.5747472626978233,0.8550645935707271,False
1217,EW036_RS10570,rssA,gene,2,1,genome,2,annotation_mediated,0,0,2,0,1,B36,aadA5; mph(A),False,0.15384615384615385,False,0.5747472626978233,0.8550645935707271,False
1218,EW036_RS10655,yciI,gene,2,1,genome,2,annotation_mediated,0,0,2,0,1,B36,aadA5; mph(A),False,0.15384615384615385,False,0.5747472626978233,0.8550645935707271,False
1219,EW036_RS10900,nan,gene,2,1,genome,2,annotation_mediated,0,0,2,0,1,B36,aadA5; mph(A),False,0.15384615384615385,False,0.5747472626978233,0.8550645935707271,False
1220,EW036_RS10910,nan,gene,2,1,genome,2,annotation_mediated,0,0,2,0,1,B36,aadA5; mph(A),False,0.15384615384615385,False,0.5747472626978233,0.8550645935707271,False
1221,EW036_RS11000,nan,gene,2,1,genome,2,annotation_mediated,0,0,2,0,1,B36,aadA5; mph(A),False,0.15384615384615385,False,0.5747472626978233,0.8550645935707271,False
1222,EW036_RS11140,yciN,gene,2,1,genome,2,annotation_mediated,0,0,2,0,1,B36,aadA5; mph(A),False,0.15384615384615385,False,0.5747472626978233,0.8550645935707271,False
1223,EW036_RS11185,lapA,gene,2,1,genome,2,annotation_mediated,0,0,2,0,1,B36,aadA5; mph(A),False,0.15384615384615385,False,0.5747472626978233,0.8550645935707271,False
1224,EW036_RS11315,pspB,gene,2,1,genome,2,annotation_mediated,0,0,2,0,1,B36,aadA5; mph(A),False,0.15384615384615385,False,0.5747472626978233,0.8550645935707271,False
1225,EW036_RS11395,ycjX,gene,2,1,genome,2,annotation_mediated,0,0,2,0,1,B36,aadA5; mph(A),False,0.15384615384615385,False,0.5747472626978233,0.8550645935707271,False
1226,EW036_RS11400,ycjF,gene,2,1,genome,2,annotation_mediated,0,0,2,0,1,B36,aadA5; mph(A),False,0.15384615384615385,False,0.5747472626978233,0.8550645935707271,False
1227,EW036_RS11435,ycjY,gene,2,1,genome,2,annotation_mediated,0,0,2,0,1,B36,aadA5; mph(A),False,0.15384615384615385,False,0.5747472626978233,0.8550645935707271,False
1228,EW036_RS11575,ydbH,gene,2,1,genome,2,annotation_mediated,0,0,2,0,1,B36,aadA5; mph(A),False,0.15384615384615385,False,0.5747472626978233,0.8550645935707271,False
1229,EW036_RS11620,ydcF,gene,2,1,genome,2,annotation_mediated,0,0,2,0,1,B36,aadA5; mph(A),False,0.15384615384615385,False,0.5747472626978233,0.8550645935707271,False
1230,EW036_RS11660,hglS,gene,2,1,genome,2,annotation_mediated,0,0,2,0,1,B36,aadA5; mph(A),False,0.15384615384615385,False,0.5747472626978233,0.8550645935707271,False
1231,EW036_RS11670,ydcH,gene,2,1,genome,2,annotation_mediated,0,0,2,0,1,B36,aadA5; mph(A),False,0.15384615384615385,False,0.5747472626978233,0.8550645935707271,False
1232,EW036_RS11765,ydcY,gene,2,1,genome,2,annotation_mediated,0,0,2,0,1,B36,aadA5; mph(A),False,0.15384615384615385,False,0.5747472626978233,0.8550645935707271,False
1233,EW036_RS11795,yncE,gene,2,1,genome,2,annotation_mediated,0,0,2,0,1,B36,aadA5; mph(A),False,0.15384615384615385,False,0.5747472626978233,0.8550645935707271,False
1234,EW036_RS11815,yddH,gene,2,1,genome,2,annotation_mediated,0,0,2,0,1,B36,aadA5; mph(A),False,0.15384615384615385,False,0.5747472626978233,0.8550645935707271,False
1235,EW036_RS11825,yddE,gene,2,1,genome,2,annotation_mediated,0,0,2,0,1,B36,aadA5; mph(A),False,0.15384615384615385,False,0.5747472626978233,0.8550645935707271,False
1236,EW036_RS12015,hipA,gene,2,1,genome,2,annotation_mediated,0,0,2,0,1,B36,aadA5; mph(A),False,0.15384615384615385,False,0.5747472626978233,0.8550645935707271,False
1237,EW036_RS12125,ydfG,gene,2,1,genome,2,annotation_mediated,0,0,2,0,1,B36,aadA5; mph(A),False,0.15384615384615385,False,0.5747472626978233,0.8550645935707271,False
1238,EW036_RS12135,ydfZ,gene,2,1,genome,2,annotation_mediated,0,0,2,0,1,B36,aadA5; mph(A),False,0.15384615384615385,False,0.5747472626978233,0.8550645935707271,False
1239,EW036_RS12165,ynfB,gene,2,1,genome,2,annotation_mediated,0,0,2,0,1,B36,aadA5; mph(A),False,0.15384615384615385,False,0.5747472626978233,0.8550645935707271,False
1240,EW036_RS12180,ynfD,gene,2,1,genome,2,annotation_mediated,0,0,2,0,1,B36,aadA5; mph(A),False,0.15384615384615385,False,0.5747472626978233,0.8550645935707271,False
1241,EW036_RS12210,dmsD,gene,2,1,genome,2,annotation_mediated,0,0,2,0,1,B36,aadA5; mph(A),False,0.15384615384615385,False,0.5747472626978233,0.8550645935707271,False
1242,EW036_RS12285,ydgH,gene,2,1,genome,2,annotation_mediated,0,0,2,0,1,B36,aadA5; mph(A),False,0.15384615384615385,False,0.5747472626978233,0.8550645935707271,False
1243,EW036_RS12335,ydgA,gene,2,1,genome,2,annotation_mediated,0,0,2,0,1,B36,aadA5; mph(A),False,0.15384615384615385,False,0.5747472626978233,0.8550645935707271,False
1244,EW036_RS12385,ydgJ,gene,2,1,genome,2,annotation_mediated,0,0,2,0,1,B36,aadA5; mph(A),False,0.15384615384615385,False,0.5747472626978233,0.8550645935707271,False
1245,EW036_RS12505,ydhF,gene,2,1,genome,2,annotation_mediated,0,0,2,0,1,B36,aadA5; mph(A),False,0.15384615384615385,False,0.5747472626978233,0.8550645935707271,False
1246,EW036_RS12615,ydhR,gene,2,1,genome,2,annotation_mediated,0,0,2,0,1,B36,aadA5; mph(A),False,0.15384615384615385,False,0.5747472626978233,0.8550645935707271,False
1247,EW036_RS12655,fumD,gene,2,1,genome,2,annotation_mediated,0,0,2,0,1,B36,aadA5; mph(A),False,0.15384615384615385,False,0.5747472626978233,0.8550645935707271,False
1248,EW036_RS12675,sufE,gene,2,1,genome,2,annotation_mediated,0,0,2,0,1,B36,aadA5; mph(A),False,0.15384615384615385,False,0.5747472626978233,0.8550645935707271,False
1249,EW036_RS12690,ydiK,gene,2,1,genome,2,annotation_mediated,0,0,2,0,1,B36,aadA5; mph(A),False,0.15384615384615385,False,0.5747472626978233,0.8550645935707271,False
1250,EW036_RS12785,selO,gene,2,1,genome,2,annotation_mediated,0,0,2,0,1,B36,aadA5; mph(A),False,0.15384615384615385,False,0.5747472626978233,0.8550645935707271,False
1251,EW036_RS12885,yniB,gene,2,1,genome,2,annotation_mediated,0,0,2,0,1,B36,aadA5; mph(A),False,0.15384615384615385,False,0.5747472626978233,0.8550645935707271,False
1252,EW036_RS12890,hxpB,gene,2,1,genome,2,annotation_mediated,0,0,2,0,1,B36,aadA5; mph(A),False,0.15384615384615385,False,0.5747472626978233,0.8550645935707271,False
1253,EW036_RS13010,ydjY,gene,2,1,genome,2,annotation_mediated,0,0,2,0,1,B36,aadA5; mph(A),False,0.15384615384615385,False,0.5747472626978233,0.8550645935707271,False
1254,EW036_RS13025,ynjB,gene,2,1,genome,2,annotation_mediated,0,0,2,0,1,B36,aadA5; mph(A),False,0.15384615384615385,False,0.5747472626978233,0.8550645935707271,False
1255,EW036_RS13055,ynjH,gene,2,1,genome,2,annotation_mediated,0,0,2,0,1,B36,aadA5; mph(A),False,0.15384615384615385,False,0.5747472626978233,0.8550645935707271,False
1256,EW036_RS13160,yeaE,gene,2,1,genome,2,annotation_mediated,0,0,2,0,1,B36,aadA5; mph(A),False,0.15384615384615385,False,0.5747472626978233,0.8550645935707271,False
1257,EW036_RS13175,yeaH,gene,2,1,genome,2,annotation_mediated,0,0,2,0,1,B36,aadA5; mph(A),False,0.15384615384615385,False,0.5747472626978233,0.8550645935707271,False
1258,EW036_RS13190,yeaK,gene,2,1,genome,2,annotation_mediated,0,0,2,0,1,B36,aadA5; mph(A),False,0.15384615384615385,False,0.5747472626978233,0.8550645935707271,False
1259,EW036_RS13215,yeaO,gene,2,1,genome,2,annotation_mediated,0,0,2,0,1,B36,aadA5; mph(A),False,0.15384615384615385,False,0.5747472626978233,0.8550645935707271,False
1260,EW036_RS13435,yebV,gene,2,1,genome,2,annotation_mediated,0,0,2,0,1,B36,aadA5; mph(A),False,0.15384615384615385,False,0.5747472626978233,0.8550645935707271,False
1261,EW036_RS13450,yebY,gene,2,1,genome,2,annotation_mediated,0,0,2,0,1,B36,aadA5; mph(A),False,0.15384615384615385,False,0.5747472626978233,0.8550645935707271,False
1262,EW036_RS13460,yobA,gene,2,1,genome,2,annotation_mediated,0,0,2,0,1,B36,aadA5; mph(A),False,0.15384615384615385,False,0.5747472626978233,0.8550645935707271,False
1263,EW036_RS13470,yobB,gene,2,1,genome,2,annotation_mediated,0,0,2,0,1,B36,aadA5; mph(A),False,0.15384615384615385,False,0.5747472626978233,0.8550645935707271,False
1264,EW036_RS13485,yebE,gene,2,1,genome,2,annotation_mediated,0,0,2,0,1,B36,aadA5; mph(A),False,0.15384615384615385,False,0.5747472626978233,0.8550645935707271,False
1265,EW036_RS13490,yebF,gene,2,1,genome,2,annotation_mediated,0,0,2,0,1,B36,aadA5; mph(A),False,0.15384615384615385,False,0.5747472626978233,0.8550645935707271,False
1266,EW036_RS13495,yebG,gene,2,1,genome,2,annotation_mediated,0,0,2,0,1,B36,aadA5; mph(A),False,0.15384615384615385,False,0.5747472626978233,0.8550645935707271,False
1267,EW036_RS13640,yecM,gene,2,1,genome,2,annotation_mediated,0,0,2,0,1,B36,aadA5; mph(A),False,0.15384615384615385,False,0.5747472626978233,0.8550645935707271,False
1268,EW036_RS13760,yecJ,gene,2,1,genome,2,annotation_mediated,0,0,2,0,1,B36,aadA5; mph(A),False,0.15384615384615385,False,0.5747472626978233,0.8550645935707271,False
1269,EW036_RS13780,yecH,gene,2,1,genome,2,annotation_mediated,0,0,2,0,1,B36,aadA5; mph(A),False,0.15384615384615385,False,0.5747472626978233,0.8550645935707271,False
1270,EW036_RS13790,yecA,gene,2,1,genome,2,annotation_mediated,0,0,2,0,1,B36,aadA5; mph(A),False,0.15384615384615385,False,0.5747472626978233,0.8550645935707271,False
1271,EW036_RS13795,nan,gene,2,1,genome,2,annotation_mediated,0,0,2,0,1,B36,aadA5; mph(A),False,0.15384615384615385,False,0.5747472626978233,0.8550645935707271,False
1272,EW036_RS14125,yecF,gene,2,1,genome,2,annotation_mediated,0,0,2,0,1,B36,aadA5; mph(A),False,0.15384615384615385,False,0.5747472626978233,0.8550645935707271,False
1273,EW036_RS14195,yedE,gene,2,1,genome,2,annotation_mediated,0,0,2,0,1,B36,aadA5; mph(A),False,0.15384615384615385,False,0.5747472626978233,0.8550645935707271,False
1274,EW036_RS14225,ybcL,gene,2,1,genome,2,annotation_mediated,0,0,2,0,1,B36,aadA5; mph(A),False,0.15384615384615385,False,0.5747472626978233,0.8550645935707271,False
1275,EW036_RS14325,yodD,gene,2,1,genome,2,annotation_mediated,0,0,2,0,1,B36,aadA5; mph(A),False,0.15384615384615385,False,0.5747472626978233,0.8550645935707271,False
1276,EW036_RS14340,yodC,gene,2,1,genome,2,annotation_mediated,0,0,2,0,1,B36,aadA5; mph(A),False,0.15384615384615385,False,0.5747472626978233,0.8550645935707271,False
1277,EW036_RS14405,hiuH,gene,2,1,genome,2,annotation_mediated,0,0,2,0,1,B36,aadA5; mph(A),False,0.15384615384615385,False,0.5747472626978233,0.8550645935707271,False
1278,EW036_RS14425,zinT,gene,2,1,genome,2,annotation_mediated,0,0,2,0,1,B36,aadA5; mph(A),False,0.15384615384615385,False,0.5747472626978233,0.8550645935707271,False
1279,EW036_RS14520,nan,gene,2,1,genome,2,annotation_mediated,0,0,2,0,1,B36,aadA5; mph(A),False,0.15384615384615385,False,0.5747472626978233,0.8550645935707271,False
1280,EW036_RS14535,nan,gene,2,1,genome,2,annotation_mediated,0,0,2,0,1,B36,aadA5; mph(A),False,0.15384615384615385,False,0.5747472626978233,0.8550645935707271,False
1281,EW036_RS14565,iss,gene,2,1,genome,2,annotation_mediated,0,0,2,0,1,B36,aadA5; mph(A),False,0.15384615384615385,False,0.5747472626978233,0.8550645935707271,False
1282,EW036_RS14930,nan,gene,2,1,genome,2,annotation_mediated,0,0,2,0,1,B36,aadA5; mph(A),False,0.15384615384615385,False,0.5747472626978233,0.8550645935707271,False
1283,EW036_RS15245,tmaR,gene,2,1,genome,2,annotation_mediated,0,0,2,0,1,B36,aadA5; mph(A),False,0.15384615384615385,False,0.5747472626978233,0.8550645935707271,False
1284,EW036_RS15250,yeeA,gene,2,1,genome,2,annotation_mediated,0,0,2,0,1,B36,aadA5; mph(A),False,0.15384615384615385,False,0.5747472626978233,0.8550645935707271,False
1285,EW036_RS15395,nan,gene,2,1,genome,2,annotation_mediated,0,0,2,0,1,B36,aadA5; mph(A),False,0.15384615384615385,False,0.5747472626978233,0.8550645935707271,False
1286,EW036_RS15410,nan,gene,2,1,genome,2,annotation_mediated,0,0,2,0,1,B36,aadA5; mph(A),False,0.15384615384615385,False,0.5747472626978233,0.8550645935707271,False
1287,EW036_RS15740,rcnB,gene,2,1,genome,2,annotation_mediated,0,0,2,0,1,B36,aadA5; mph(A),False,0.15384615384615385,False,0.5747472626978233,0.8550645935707271,False
1288,EW036_RS15835,yehS,gene,2,1,genome,2,annotation_mediated,0,0,2,0,1,B36,aadA5; mph(A),False,0.15384615384615385,False,0.5747472626978233,0.8550645935707271,False
1289,EW036_RS15940,sanA,gene,2,1,genome,2,annotation_mediated,0,0,2,0,1,B36,aadA5; mph(A),False,0.15384615384615385,False,0.5747472626978233,0.8550645935707271,False
1290,EW036_RS15990,yeiG,gene,2,1,genome,2,annotation_mediated,0,0,2,0,1,B36,aadA5; mph(A),False,0.15384615384615385,False,0.5747472626978233,0.8550645935707271,False
1291,EW036_RS16090,yeiR,gene,2,1,genome,2,annotation_mediated,0,0,2,0,1,B36,aadA5; mph(A),False,0.15384615384615385,False,0.5747472626978233,0.8550645935707271,False
1292,EW036_RS16155,yejK,gene,2,1,genome,2,annotation_mediated,0,0,2,0,1,B36,aadA5; mph(A),False,0.15384615384615385,False,0.5747472626978233,0.8550645935707271,False
1293,EW036_RS16160,yejL,gene,2,1,genome,2,annotation_mediated,0,0,2,0,1,B36,aadA5; mph(A),False,0.15384615384615385,False,0.5747472626978233,0.8550645935707271,False
1294,EW036_RS16165,yejM,gene,2,1,genome,2,annotation_mediated,0,0,2,0,1,B36,aadA5; mph(A),False,0.15384615384615385,False,0.5747472626978233,0.8550645935707271,False
1295,EW036_RS16465,nan,gene,2,1,genome,2,annotation_mediated,0,0,2,0,1,B36,aadA5; mph(A),False,0.15384615384615385,False,0.5747472626978233,0.8550645935707271,False
1296,EW036_RS16505,nan,gene,2,1,genome,2,annotation_mediated,0,0,2,0,1,B36,aadA5; mph(A),False,0.15384615384615385,False,0.5747472626978233,0.8550645935707271,False
1297,EW036_RS16535,nan,gene,2,1,genome,2,annotation_mediated,0,0,2,0,1,B36,aadA5; mph(A),False,0.15384615384615385,False,0.5747472626978233,0.8550645935707271,False
1298,EW036_RS16540,nan,gene,2,1,genome,2,annotation_mediated,0,0,2,0,1,B36,aadA5; mph(A),False,0.15384615384615385,False,0.5747472626978233,0.8550645935707271,False
1299,EW036_RS16560,nan,gene,2,1,genome,2,annotation_mediated,0,0,2,0,1,B36,aadA5; mph(A),False,0.15384615384615385,False,0.5747472626978233,0.8550645935707271,False
1300,EW036_RS16575,nan,gene,2,1,genome,2,annotation_mediated,0,0,2,0,1,B36,aadA5; mph(A),False,0.15384615384615385,False,0.5747472626978233,0.8550645935707271,False
1301,EW036_RS16630,nan,gene,2,1,genome,2,annotation_mediated,0,0,2,0,1,B36,aadA5; mph(A),False,0.15384615384615385,False,0.5747472626978233,0.8550645935707271,False
1302,EW036_RS16665,ycaO,gene,2,1,genome,2,annotation_mediated,0,0,2,0,1,B36,aadA5; mph(A),False,0.15384615384615385,False,0.5747472626978233,0.8550645935707271,False
1303,EW036_RS16820,nan,gene,2,1,genome,2,annotation_mediated,0,0,2,0,1,B36,aadA5; mph(A),False,0.15384615384615385,False,0.5747472626978233,0.8550645935707271,False
1304,EW036_RS16910,nan,gene,2,1,genome,2,annotation_mediated,0,0,2,0,1,B36,aadA5; mph(A),False,0.15384615384615385,False,0.5747472626978233,0.8550645935707271,False
1305,EW036_RS17040,clpS,gene,2,1,genome,2,annotation_mediated,0,0,2,0,1,B36,aadA5; mph(A),False,0.15384615384615385,False,0.5747472626978233,0.8550645935707271,False
1306,EW036_RS17115,ybjQ,gene,2,1,genome,2,annotation_mediated,0,0,2,0,1,B36,aadA5; mph(A),False,0.15384615384615385,False,0.5747472626978233,0.8550645935707271,False
1307,EW036_RS17225,ybjI,gene,2,1,genome,2,annotation_mediated,0,0,2,0,1,B36,aadA5; mph(A),False,0.15384615384615385,False,0.5747472626978233,0.8550645935707271,False
1308,EW036_RS17265,bssR,gene,2,1,genome,2,annotation_mediated,0,0,2,0,1,B36,aadA5; mph(A),False,0.15384615384615385,False,0.5747472626978233,0.8550645935707271,False
1309,EW036_RS17335,ybiV,gene,2,1,genome,2,annotation_mediated,0,0,2,0,1,B36,aadA5; mph(A),False,0.15384615384615385,False,0.5747472626978233,0.8550645935707271,False
1310,EW036_RS17340,ybiT,gene,2,1,genome,2,annotation_mediated,0,0,2,0,1,B36,aadA5; mph(A),False,0.15384615384615385,False,0.5747472626978233,0.8550645935707271,False
1311,EW036_RS17365,opgE,gene,2,1,genome,2,annotation_mediated,0,0,2,0,1,B36,aadA5; mph(A),False,0.15384615384615385,False,0.5747472626978233,0.8550645935707271,False
1312,EW036_RS17545,yvcK,gene,2,1,genome,2,annotation_mediated,0,0,2,0,1,B36,aadA5; mph(A),False,0.15384615384615385,False,0.5747472626978233,0.8550645935707271,False
1313,EW036_RS17580,ybhB,gene,2,1,genome,2,annotation_mediated,0,0,2,0,1,B36,aadA5; mph(A),False,0.15384615384615385,False,0.5747472626978233,0.8550645935707271,False
1314,EW036_RS17615,ybhA,gene,2,1,genome,2,annotation_mediated,0,0,2,0,1,B36,aadA5; mph(A),False,0.15384615384615385,False,0.5747472626978233,0.8550645935707271,False
1315,EW036_RS17680,ybgS,gene,2,1,genome,2,annotation_mediated,0,0,2,0,1,B36,aadA5; mph(A),False,0.15384615384615385,False,0.5747472626978233,0.8550645935707271,False
1316,EW036_RS17920,pxpA,gene,2,1,genome,2,annotation_mediated,0,0,2,0,1,B36,aadA5; mph(A),False,0.15384615384615385,False,0.5747472626978233,0.8550645935707271,False
1317,EW036_RS17935,ybgI,gene,2,1,genome,2,annotation_mediated,0,0,2,0,1,B36,aadA5; mph(A),False,0.15384615384615385,False,0.5747472626978233,0.8550645935707271,False
1318,EW036_RS17950,ybgA,gene,2,1,genome,2,annotation_mediated,0,0,2,0,1,B36,aadA5; mph(A),False,0.15384615384615385,False,0.5747472626978233,0.8550645935707271,False
1319,EW036_RS17955,ybfA,gene,2,1,genome,2,annotation_mediated,0,0,2,0,1,B36,aadA5; mph(A),False,0.15384615384615385,False,0.5747472626978233,0.8550645935707271,False
1320,EW036_RS18020,ybfF,gene,2,1,genome,2,annotation_mediated,0,0,2,0,1,B36,aadA5; mph(A),False,0.15384615384615385,False,0.5747472626978233,0.8550645935707271,False
1321,EW036_RS18025,ybfE,gene,2,1,genome,2,annotation_mediated,0,0,2,0,1,B36,aadA5; mph(A),False,0.15384615384615385,False,0.5747472626978233,0.8550645935707271,False
1322,EW036_RS18325,ybeD,gene,2,1,genome,2,annotation_mediated,0,0,2,0,1,B36,aadA5; mph(A),False,0.15384615384615385,False,0.5747472626978233,0.8550645935707271,False
1323,EW036_RS18350,nan,gene,2,1,genome,2,annotation_mediated,0,0,2,0,1,B36,aadA5; mph(A),False,0.15384615384615385,False,0.5747472626978233,0.8550645935707271,False
1324,EW036_RS18595,nan,gene,2,1,genome,2,annotation_mediated,0,0,2,0,1,B36,aadA5; mph(A),False,0.15384615384615385,False,0.5747472626978233,0.8550645935707271,False
1325,EW036_RS18645,ybdF,gene,2,1,genome,2,annotation_mediated,0,0,2,0,1,B36,aadA5; mph(A),False,0.15384615384615385,False,0.5747472626978233,0.8550645935707271,False
1326,EW036_RS18705,ybcH,gene,2,1,genome,2,annotation_mediated,0,0,2,0,1,B36,aadA5; mph(A),False,0.15384615384615385,False,0.5747472626978233,0.8550645935707271,False
1327,EW036_RS18745,ybcJ,gene,2,1,genome,2,annotation_mediated,0,0,2,0,1,B36,aadA5; mph(A),False,0.15384615384615385,False,0.5747472626978233,0.8550645935707271,False
1328,EW036_RS18765,lpxH,gene,2,1,genome,2,annotation_mediated,0,0,2,0,1,B36,aadA5; mph(A),False,0.15384615384615385,False,0.5747472626978233,0.8550645935707271,False
1329,EW036_RS18815,allE,gene,2,1,genome,2,annotation_mediated,0,0,2,0,1,B36,aadA5; mph(A),False,0.15384615384615385,False,0.5747472626978233,0.8550645935707271,False
1330,EW036_RS18850,gcl,gene,2,1,genome,2,annotation_mediated,0,0,2,0,1,B36,aadA5; mph(A),False,0.15384615384615385,False,0.5747472626978233,0.8550645935707271,False
1331,EW036_RS18910,ybbO,gene,2,1,genome,2,annotation_mediated,0,0,2,0,1,B36,aadA5; mph(A),False,0.15384615384615385,False,0.5747472626978233,0.8550645935707271,False
1332,EW036_RS18920,fetB,gene,2,1,genome,2,annotation_mediated,0,0,2,0,1,B36,aadA5; mph(A),False,0.15384615384615385,False,0.5747472626978233,0.8550645935707271,False
1333,EW036_RS19040,ybaB,gene,2,1,genome,2,annotation_mediated,0,0,2,0,1,B36,aadA5; mph(A),False,0.15384615384615385,False,0.5747472626978233,0.8550645935707271,False
1334,EW036_RS19115,ybaA,gene,2,1,genome,2,annotation_mediated,0,0,2,0,1,B36,aadA5; mph(A),False,0.15384615384615385,False,0.5747472626978233,0.8550645935707271,False
1335,EW036_RS19130,ybaY,gene,2,1,genome,2,annotation_mediated,0,0,2,0,1,B36,aadA5; mph(A),False,0.15384615384615385,False,0.5747472626978233,0.8550645935707271,False
1336,EW036_RS19180,fadM,gene,2,1,genome,2,annotation_mediated,0,0,2,0,1,B36,aadA5; mph(A),False,0.15384615384615385,False,0.5747472626978233,0.8550645935707271,False
1337,EW036_RS19265,yajQ,gene,2,1,genome,2,annotation_mediated,0,0,2,0,1,B36,aadA5; mph(A),False,0.15384615384615385,False,0.5747472626978233,0.8550645935707271,False
1338,EW036_RS19275,yajL,gene,2,1,genome,2,annotation_mediated,0,0,2,0,1,B36,aadA5; mph(A),False,0.15384615384615385,False,0.5747472626978233,0.8550645935707271,False
1339,EW036_RS19440,ppnP,gene,2,1,genome,2,annotation_mediated,0,0,2,0,1,B36,aadA5; mph(A),False,0.15384615384615385,False,0.5747472626978233,0.8550645935707271,False
1340,EW036_RS19450,yaiA,gene,2,1,genome,2,annotation_mediated,0,0,2,0,1,B36,aadA5; mph(A),False,0.15384615384615385,False,0.5747472626978233,0.8550645935707271,False
1341,EW036_RS19460,yaiI,gene,2,1,genome,2,annotation_mediated,0,0,2,0,1,B36,aadA5; mph(A),False,0.15384615384615385,False,0.5747472626978233,0.8550645935707271,False
1342,EW036_RS19475,psiF,gene,2,1,genome,2,annotation_mediated,0,0,2,0,1,B36,aadA5; mph(A),False,0.15384615384615385,False,0.5747472626978233,0.8550645935707271,False
1343,EW036_RS19505,yaiW,gene,2,1,genome,2,annotation_mediated,0,0,2,0,1,B36,aadA5; mph(A),False,0.15384615384615385,False,0.5747472626978233,0.8550645935707271,False
1344,EW036_RS19565,fghA,gene,2,1,genome,2,annotation_mediated,0,0,2,0,1,B36,aadA5; mph(A),False,0.15384615384615385,False,0.5747472626978233,0.8550645935707271,False
1345,EW036_RS19570,yaiL,gene,2,1,genome,2,annotation_mediated,0,0,2,0,1,B36,aadA5; mph(A),False,0.15384615384615385,False,0.5747472626978233,0.8550645935707271,False
1346,EW036_RS19650,prpD,gene,2,1,genome,2,annotation_mediated,0,0,2,0,1,B36,aadA5; mph(A),False,0.15384615384615385,False,0.5747472626978233,0.8550645935707271,False
1347,EW036_RS19670,yahO,gene,2,1,genome,2,annotation_mediated,0,0,2,0,1,B36,aadA5; mph(A),False,0.15384615384615385,False,0.5747472626978233,0.8550645935707271,False
1348,EW036_RS19685,yahK,gene,2,1,genome,2,annotation_mediated,0,0,2,0,1,B36,aadA5; mph(A),False,0.15384615384615385,False,0.5747472626978233,0.8550645935707271,False
1349,EW036_RS19785,ykgG,gene,2,1,genome,2,annotation_mediated,0,0,2,0,1,B36,aadA5; mph(A),False,0.15384615384615385,False,0.5747472626978233,0.8550645935707271,False
1350,EW036_RS19820,nan,gene,2,1,genome,2,annotation_mediated,0,0,2,0,1,B36,aadA5; mph(A),False,0.15384615384615385,False,0.5747472626978233,0.8550645935707271,False
1351,EW036_RS19840,nan,gene,2,1,genome,2,annotation_mediated,0,0,2,0,1,B36,aadA5; mph(A),False,0.15384615384615385,False,0.5747472626978233,0.8550645935707271,False
1352,EW036_RS19860,nan,gene,2,1,genome,2,annotation_mediated,0,0,2,0,1,B36,aadA5; mph(A),False,0.15384615384615385,False,0.5747472626978233,0.8550645935707271,False
1353,EW036_RS19935,yagU,gene,2,1,genome,2,annotation_mediated,0,0,2,0,1,B36,aadA5; mph(A),False,0.15384615384615385,False,0.5747472626978233,0.8550645935707271,False
1354,EW036_RS20030,frsA,gene,2,1,genome,2,annotation_mediated,0,0,2,0,1,B36,aadA5; mph(A),False,0.15384615384615385,False,0.5747472626978233,0.8550645935707271,False
1355,EW036_RS20310,yafJ,gene,2,1,genome,2,annotation_mediated,0,0,2,0,1,B36,aadA5; mph(A),False,0.15384615384615385,False,0.5747472626978233,0.8550645935707271,False
1356,EW036_RS20330,yafV,gene,2,1,genome,2,annotation_mediated,0,0,2,0,1,B36,aadA5; mph(A),False,0.15384615384615385,False,0.5747472626978233,0.8550645935707271,False
1357,EW036_RS20355,gloB,gene,2,1,genome,2,annotation_mediated,0,0,2,0,1,B36,aadA5; mph(A),False,0.15384615384615385,False,0.5747472626978233,0.8550645935707271,False
1358,EW036_RS20370,yafD,gene,2,1,genome,2,annotation_mediated,0,0,2,0,1,B36,aadA5; mph(A),False,0.15384615384615385,False,0.5747472626978233,0.8550645935707271,False
1359,EW036_RS20380,dkgB,gene,2,1,genome,2,annotation_mediated,0,0,2,0,1,B36,aadA5; mph(A),False,0.15384615384615385,False,0.5747472626978233,0.8550645935707271,False
1360,EW036_RS20440,tsaA,gene,2,1,genome,2,annotation_mediated,0,0,2,0,1,B36,aadA5; mph(A),False,0.15384615384615385,False,0.5747472626978233,0.8550645935707271,False
1361,EW036_RS20465,yaeQ,gene,2,1,genome,2,annotation_mediated,0,0,2,0,1,B36,aadA5; mph(A),False,0.15384615384615385,False,0.5747472626978233,0.8550645935707271,False
1362,EW036_RS20470,yaeP,gene,2,1,genome,2,annotation_mediated,0,0,2,0,1,B36,aadA5; mph(A),False,0.15384615384615385,False,0.5747472626978233,0.8550645935707271,False
1363,EW036_RS20595,yaeH,gene,2,1,genome,2,annotation_mediated,0,0,2,0,1,B36,aadA5; mph(A),False,0.15384615384615385,False,0.5747472626978233,0.8550645935707271,False
1364,EW036_RS20830,yacC,gene,2,1,genome,2,annotation_mediated,0,0,2,0,1,B36,aadA5; mph(A),False,0.15384615384615385,False,0.5747472626978233,0.8550645935707271,False
1365,EW036_RS20845,yacL,gene,2,1,genome,2,annotation_mediated,0,0,2,0,1,B36,aadA5; mph(A),False,0.15384615384615385,False,0.5747472626978233,0.8550645935707271,False
1366,EW036_RS20880,nan,gene,2,1,genome,2,annotation_mediated,0,0,2,0,1,B36,aadA5; mph(A),False,0.15384615384615385,False,0.5747472626978233,0.8550645935707271,False
1367,EW036_RS20890,nan,gene,2,1,genome,2,annotation_mediated,0,0,2,0,1,B36,aadA5; mph(A),False,0.15384615384615385,False,0.5747472626978233,0.8550645935707271,False
1368,EW036_RS20910,nan,gene,2,1,genome,2,annotation_mediated,0,0,2,0,1,B36,aadA5; mph(A),False,0.15384615384615385,False,0.5747472626978233,0.8550645935707271,False
1369,EW036_RS21160,nan,gene,2,1,genome,2,annotation_mediated,0,0,2,0,1,B36,aadA5; mph(A),False,0.15384615384615385,False,0.5747472626978233,0.8550645935707271,False
1370,EW036_RS21470,yaaA,gene,2,1,genome,2,annotation_mediated,0,0,2,0,1,B36,aadA5; mph(A),False,0.15384615384615385,False,0.5747472626978233,0.8550645935707271,False
1371,EW036_RS21530,creA,gene,2,1,genome,2,annotation_mediated,0,0,2,0,1,B36,aadA5; mph(A),False,0.15384615384615385,False,0.5747472626978233,0.8550645935707271,False
1372,EW036_RS21560,ettA,gene,2,1,genome,2,annotation_mediated,0,0,2,0,1,B36,aadA5; mph(A),False,0.15384615384615385,False,0.5747472626978233,0.8550645935707271,False
1373,EW036_RS21580,ytjB,gene,2,1,genome,2,annotation_mediated,0,0,2,0,1,B36,aadA5; mph(A),False,0.15384615384615385,False,0.5747472626978233,0.8550645935707271,False
1374,EW036_RS21590,yjjJ,gene,2,1,genome,2,annotation_mediated,0,0,2,0,1,B36,aadA5; mph(A),False,0.15384615384615385,False,0.5747472626978233,0.8550645935707271,False
1375,EW036_RS21630,yjjU,gene,2,1,genome,2,annotation_mediated,0,0,2,0,1,B36,aadA5; mph(A),False,0.15384615384615385,False,0.5747472626978233,0.8550645935707271,False
1376,EW036_RS21640,osmY,gene,2,1,genome,2,annotation_mediated,0,0,2,0,1,B36,aadA5; mph(A),False,0.15384615384615385,False,0.5747472626978233,0.8550645935707271,False
1377,EW036_RS21725,yjjA,gene,2,1,genome,2,annotation_mediated,0,0,2,0,1,B36,aadA5; mph(A),False,0.15384615384615385,False,0.5747472626978233,0.8550645935707271,False
1378,EW036_RS21765,yjiA,gene,2,1,genome,2,annotation_mediated,0,0,2,0,1,B36,aadA5; mph(A),False,0.15384615384615385,False,0.5747472626978233,0.8550645935707271,False
1379,EW036_RS21770,nan,gene,2,1,genome,2,annotation_mediated,0,0,2,0,1,B36,aadA5; mph(A),False,0.15384615384615385,False,0.5747472626978233,0.8550645935707271,False
1380,EW036_RS21835,yjiN,gene,2,1,genome,2,annotation_mediated,0,0,2,0,1,B36,aadA5; mph(A),False,0.15384615384615385,False,0.5747472626978233,0.8550645935707271,False
1381,EW036_RS22050,sgcQ,gene,2,1,genome,2,annotation_mediated,0,0,2,0,1,B36,aadA5; mph(A),False,0.15384615384615385,False,0.5747472626978233,0.8550645935707271,False
1382,EW036_RS22255,nan,gene,2,1,genome,2,annotation_mediated,0,0,2,0,1,B36,aadA5; mph(A),False,0.15384615384615385,False,0.5747472626978233,0.8550645935707271,False
1383,EW036_RS22415,nan,gene,2,1,genome,2,annotation_mediated,0,0,2,0,1,B36,aadA5; mph(A),False,0.15384615384615385,False,0.5747472626978233,0.8550645935707271,False
1384,EW036_RS22465,nan,gene,2,1,genome,2,annotation_mediated,0,0,2,0,1,B36,aadA5; mph(A),False,0.15384615384615385,False,0.5747472626978233,0.8550645935707271,False
1385,EW036_RS22570,yjgR,gene,2,1,genome,2,annotation_mediated,0,0,2,0,1,B36,aadA5; mph(A),False,0.15384615384615385,False,0.5747472626978233,0.8550645935707271,False
1386,EW036_RS22575,lptG,gene,2,1,genome,2,annotation_mediated,0,0,2,0,1,B36,aadA5; mph(A),False,0.15384615384615385,False,0.5747472626978233,0.8550645935707271,False
1387,EW036_RS22580,lptF,gene,2,1,genome,2,annotation_mediated,0,0,2,0,1,B36,aadA5; mph(A),False,0.15384615384615385,False,0.5747472626978233,0.8550645935707271,False
1388,EW036_RS22610,rraB,gene,2,1,genome,2,annotation_mediated,0,0,2,0,1,B36,aadA5; mph(A),False,0.15384615384615385,False,0.5747472626978233,0.8550645935707271,False
1389,EW036_RS22705,pmbA,gene,2,1,genome,2,annotation_mediated,0,0,2,0,1,B36,aadA5; mph(A),False,0.15384615384615385,False,0.5747472626978233,0.8550645935707271,False
1390,EW036_RS22710,yjgA,gene,2,1,genome,2,annotation_mediated,0,0,2,0,1,B36,aadA5; mph(A),False,0.15384615384615385,False,0.5747472626978233,0.8550645935707271,False
1391,EW036_RS22760,ytfP,gene,2,1,genome,2,annotation_mediated,0,0,2,0,1,B36,aadA5; mph(A),False,0.15384615384615385,False,0.5747472626978233,0.8550645935707271,False
1392,EW036_RS22765,tamB,gene,2,1,genome,2,annotation_mediated,0,0,2,0,1,B36,aadA5; mph(A),False,0.15384615384615385,False,0.5747472626978233,0.8550645935707271,False
1393,EW036_RS22790,ytfJ,gene,2,1,genome,2,annotation_mediated,0,0,2,0,1,B36,aadA5; mph(A),False,0.15384615384615385,False,0.5747472626978233,0.8550645935707271,False
1394,EW036_RS22955,ulaG,gene,2,1,genome,2,annotation_mediated,0,0,2,0,1,B36,aadA5; mph(A),False,0.15384615384615385,False,0.5747472626978233,0.8550645935707271,False
1395,EW036_RS22965,yjfP,gene,2,1,genome,2,annotation_mediated,0,0,2,0,1,B36,aadA5; mph(A),False,0.15384615384615385,False,0.5747472626978233,0.8550645935707271,False
1396,EW036_RS22970,bsmA,gene,2,1,genome,2,annotation_mediated,0,0,2,0,1,B36,aadA5; mph(A),False,0.15384615384615385,False,0.5747472626978233,0.8550645935707271,False
1397,EW036_RS23075,tsaE,gene,2,1,genome,2,annotation_mediated,0,0,2,0,1,B36,aadA5; mph(A),False,0.15384615384615385,False,0.5747472626978233,0.8550645935707271,False
1398,EW036_RS23180,ecnB,gene,2,1,genome,2,annotation_mediated,0,0,2,0,1,B36,aadA5; mph(A),False,0.15384615384615385,False,0.5747472626978233,0.8550645935707271,False
1399,EW036_RS23205,yjeI,gene,2,1,genome,2,annotation_mediated,0,0,2,0,1,B36,aadA5; mph(A),False,0.15384615384615385,False,0.5747472626978233,0.8550645935707271,False
1400,EW036_RS23235,dcuA,gene,2,1,genome,2,annotation_mediated,0,0,2,0,1,B36,aadA5; mph(A),False,0.15384615384615385,False,0.5747472626978233,0.8550645935707271,False
1401,EW036_RS23300,yjdJ,gene,2,1,genome,2,annotation_mediated,0,0,2,0,1,B36,aadA5; mph(A),False,0.15384615384615385,False,0.5747472626978233,0.8550645935707271,False
1402,EW036_RS23345,yjdI,gene,2,1,genome,2,annotation_mediated,0,0,2,0,1,B36,aadA5; mph(A),False,0.15384615384615385,False,0.5747472626978233,0.8550645935707271,False
1403,EW036_RS23400,eptA,gene,2,1,genome,2,annotation_mediated,0,0,2,0,1,B36,aadA5; mph(A),False,0.15384615384615385,False,0.5747472626978233,0.8550645935707271,False
1404,EW036_RS23440,yjdN,gene,2,1,genome,2,annotation_mediated,0,0,2,0,1,B36,aadA5; mph(A),False,0.15384615384615385,False,0.5747472626978233,0.8550645935707271,False
1405,EW036_RS23730,yjbR,gene,2,1,genome,2,annotation_mediated,0,0,2,0,1,B36,aadA5; mph(A),False,0.15384615384615385,False,0.5747472626978233,0.8550645935707271,False
1406,EW036_RS23735,yjbQ,gene,2,1,genome,2,annotation_mediated,0,0,2,0,1,B36,aadA5; mph(A),False,0.15384615384615385,False,0.5747472626978233,0.8550645935707271,False
1407,EW036_RS23740,aphA,gene,2,1,genome,2,annotation_mediated,0,0,2,0,1,B36,aadA5; mph(A),False,0.15384615384615385,False,0.5747472626978233,0.8550645935707271,False
1408,EW036_RS23860,yjbJ,gene,2,1,genome,2,annotation_mediated,0,0,2,0,1,B36,aadA5; mph(A),False,0.15384615384615385,False,0.5747472626978233,0.8550645935707271,False
1409,EW036_RS23895,malM,gene,2,1,genome,2,annotation_mediated,0,0,2,0,1,B36,aadA5; mph(A),False,0.15384615384615385,False,0.5747472626978233,0.8550645935707271,False
1410,EW036_RS23970,yjbD,gene,2,1,genome,2,annotation_mediated,0,0,2,0,1,B36,aadA5; mph(A),False,0.15384615384615385,False,0.5747472626978233,0.8550645935707271,False
1411,EW036_RS24130,yjaG,gene,2,1,genome,2,annotation_mediated,0,0,2,0,1,B36,aadA5; mph(A),False,0.15384615384615385,False,0.5747472626978233,0.8550645935707271,False
1412,EW036_RS24360,eptC,gene,2,1,genome,2,annotation_mediated,0,0,2,0,1,B36,aadA5; mph(A),False,0.15384615384615385,False,0.5747472626978233,0.8550645935707271,False
1413,EW036_RS24530,yiiS,gene,2,1,genome,2,annotation_mediated,0,0,2,0,1,B36,aadA5; mph(A),False,0.15384615384615385,False,0.5747472626978233,0.8550645935707271,False
1414,EW036_RS24540,yiiQ,gene,2,1,genome,2,annotation_mediated,0,0,2,0,1,B36,aadA5; mph(A),False,0.15384615384615385,False,0.5747472626978233,0.8550645935707271,False
1415,EW036_RS24585,yiiM,gene,2,1,genome,2,annotation_mediated,0,0,2,0,1,B36,aadA5; mph(A),False,0.15384615384615385,False,0.5747472626978233,0.8550645935707271,False
1416,EW036_RS24740,yihX,gene,2,1,genome,2,annotation_mediated,0,0,2,0,1,B36,aadA5; mph(A),False,0.15384615384615385,False,0.5747472626978233,0.8550645935707271,False
1417,EW036_RS24815,yihI,gene,2,1,genome,2,annotation_mediated,0,0,2,0,1,B36,aadA5; mph(A),False,0.15384615384615385,False,0.5747472626978233,0.8550645935707271,False
1418,EW036_RS24855,yihD,gene,2,1,genome,2,annotation_mediated,0,0,2,0,1,B36,aadA5; mph(A),False,0.15384615384615385,False,0.5747472626978233,0.8550645935707271,False
1419,EW036_RS24900,yigZ,gene,2,1,genome,2,annotation_mediated,0,0,2,0,1,B36,aadA5; mph(A),False,0.15384615384615385,False,0.5747472626978233,0.8550645935707271,False
1420,EW036_RS24960,ubiJ,gene,2,1,genome,2,annotation_mediated,0,0,2,0,1,B36,aadA5; mph(A),False,0.15384615384615385,False,0.5747472626978233,0.8550645935707271,False
1421,EW036_RS24970,rmuC,gene,2,1,genome,2,annotation_mediated,0,0,2,0,1,B36,aadA5; mph(A),False,0.15384615384615385,False,0.5747472626978233,0.8550645935707271,False
1422,EW036_RS24990,nan,gene,2,1,genome,2,annotation_mediated,0,0,2,0,1,B36,aadA5; mph(A),False,0.15384615384615385,False,0.5747472626978233,0.8550645935707271,False
1423,EW036_RS25090,yigL,gene,2,1,genome,2,annotation_mediated,0,0,2,0,1,B36,aadA5; mph(A),False,0.15384615384615385,False,0.5747472626978233,0.8550645935707271,False
1424,EW036_RS25155,nan,gene,2,1,genome,2,annotation_mediated,0,0,2,0,1,B36,aadA5; mph(A),False,0.15384615384615385,False,0.5747472626978233,0.8550645935707271,False
1425,EW036_RS25165,yigB,gene,2,1,genome,2,annotation_mediated,0,0,2,0,1,B36,aadA5; mph(A),False,0.15384615384615385,False,0.5747472626978233,0.8550645935707271,False
1426,EW036_RS25175,yigA,gene,2,1,genome,2,annotation_mediated,0,0,2,0,1,B36,aadA5; mph(A),False,0.15384615384615385,False,0.5747472626978233,0.8550645935707271,False
1427,EW036_RS25410,maoP,gene,2,1,genome,2,annotation_mediated,0,0,2,0,1,B36,aadA5; mph(A),False,0.15384615384615385,False,0.5747472626978233,0.8550645935707271,False
1428,EW036_RS25495,ravA,gene,2,1,genome,2,annotation_mediated,0,0,2,0,1,B36,aadA5; mph(A),False,0.15384615384615385,False,0.5747472626978233,0.8550645935707271,False
1429,EW036_RS25500,viaA,gene,2,1,genome,2,annotation_mediated,0,0,2,0,1,B36,aadA5; mph(A),False,0.15384615384615385,False,0.5747472626978233,0.8550645935707271,False
1430,EW036_RS25655,yieH,gene,2,1,genome,2,annotation_mediated,0,0,2,0,1,B36,aadA5; mph(A),False,0.15384615384615385,False,0.5747472626978233,0.8550645935707271,False
1431,EW036_RS25660,adeP,gene,2,1,genome,2,annotation_mediated,0,0,2,0,1,B36,aadA5; mph(A),False,0.15384615384615385,False,0.5747472626978233,0.8550645935707271,False
1432,EW036_RS25665,yieF,gene,2,1,genome,2,annotation_mediated,0,0,2,0,1,B36,aadA5; mph(A),False,0.15384615384615385,False,0.5747472626978233,0.8550645935707271,False
1433,EW036_RS25730,repE,gene,2,1,genome,2,annotation_mediated,0,0,2,0,1,B36,aadA5; mph(A),False,0.15384615384615385,False,0.5747472626978233,0.8550645935707271,False
1434,EW036_RS26035,nan,gene,2,1,genome,2,annotation_mediated,0,0,2,0,1,B36,aadA5; mph(A),False,0.15384615384615385,False,0.5747472626978233,0.8550645935707271,False
1435,EW036_RS26285,nan,gene,2,1,genome,2,annotation_mediated,0,0,2,0,1,B36,aadA5; mph(A),False,0.15384615384615385,False,0.5747472626978233,0.8550645935707271,False
1436,EW036_RS26400,nan,gene,2,1,genome,2,annotation_mediated,0,0,2,0,1,B36,aadA5; mph(A),False,0.15384615384615385,False,0.5747472626978233,0.8550645935707271,False
1437,EW036_RS26425,nan,gene,2,1,genome,2,annotation_mediated,0,0,2,0,1,B36,aadA5; mph(A),False,0.15384615384615385,False,0.5747472626978233,0.8550645935707271,False
1438,EW036_RS26430,vapB,gene,2,1,genome,2,annotation_mediated,0,0,2,0,1,B36,aadA5; mph(A),False,0.15384615384615385,False,0.5747472626978233,0.8550645935707271,False
1439,EW036_RS26440,nan,gene,2,1,genome,2,annotation_mediated,0,0,2,0,1,B36,aadA5; mph(A),False,0.15384615384615385,False,0.5747472626978233,0.8550645935707271,False
1440,EW036_RS26445,vapB,gene,2,1,genome,2,annotation_mediated,0,0,2,0,1,B36,aadA5; mph(A),False,0.15384615384615385,False,0.5747472626978233,0.8550645935707271,False
1441,EW036_RS26450,nan,gene,2,1,genome,2,annotation_mediated,0,0,2,0,1,B36,aadA5; mph(A),False,0.15384615384615385,False,0.5747472626978233,0.8550645935707271,False
1442,EW036_RS26455,nan,gene,2,1,genome,2,annotation_mediated,0,0,2,0,1,B36,aadA5; mph(A),False,0.15384615384615385,False,0.5747472626978233,0.8550645935707271,False
1443,EW036_RS26500,nan,gene,2,1,genome,2,annotation_mediated,0,0,2,0,1,B36,aadA5; mph(A),False,0.15384615384615385,False,0.5747472626978233,0.8550645935707271,False
1444,WP_000004487.1,mlaB,protein,2,1,proteome,2,annotation_mediated,0,0,2,0,0,B36,aadA5; mph(A),False,0.15384615384615385,False,0.4696858321407195,0.8550645935707271,False
1445,WP_000005712.1,yrdA,protein,2,1,proteome,2,annotation_mediated,0,0,2,0,0,B36,aadA5; mph(A),False,0.15384615384615385,False,0.4696858321407195,0.8550645935707271,False
1446,WP_000009307.1,yodC,protein,2,1,proteome,2,annotation_mediated,0,0,2,0,0,B36,aadA5; mph(A),False,0.15384615384615385,False,0.4696858321407195,0.8550645935707271,False
1447,WP_000011664.1,yobB,protein,2,1,proteome,2,annotation_mediated,0,0,2,0,0,B36,aadA5; mph(A),False,0.15384615384615385,False,0.4696858321407195,0.8550645935707271,False
1448,WP_000013152.1,dkgA,protein,2,1,proteome,2,annotation_mediated,0,0,2,0,0,B36,aadA5; mph(A),False,0.15384615384615385,False,0.4696858321407195,0.8550645935707271,False
1449,WP_000013746.1,hglS,protein,2,1,proteome,2,annotation_mediated,0,0,2,0,0,B36,aadA5; mph(A),False,0.15384615384615385,False,0.4696858321407195,0.8550645935707271,False
1450,WP_000018631.1,ydcY,protein,2,1,proteome,2,annotation_mediated,0,0,2,0,0,B36,aadA5; mph(A),False,0.15384615384615385,False,0.4696858321407195,0.8550645935707271,False
1451,WP_000024724.1,yebE,protein,2,1,proteome,2,annotation_mediated,0,0,2,0,0,B36,aadA5; mph(A),False,0.15384615384615385,False,0.4696858321407195,0.8550645935707271,False
1452,WP_000031883.1,nan,protein,2,1,proteome,2,annotation_mediated,0,0,2,0,0,B36,aadA5; mph(A),False,0.15384615384615385,False,0.4696858321407195,0.8550645935707271,False
1453,EW036_RS00555,pglX,gene,2,1,genome,2,annotation_mediated,0,0,2,0,1,B36,blaCTX-M-15; blaOXA-1,False,0.15384615384615385,False,0.5747472626978233,0.8550645935707271,False
1454,EW036_RS01400,mdtF,gene,2,1,genome,2,annotation_mediated,0,0,2,0,1,B36,blaCTX-M-15; blaOXA-1,False,0.15384615384615385,False,0.5747472626978233,0.8550645935707271,False
1455,EW036_RS01575,rbbA,gene,2,1,genome,2,annotation_mediated,0,0,2,0,1,B36,blaCTX-M-15; blaOXA-1,False,0.15384615384615385,False,0.5747472626978233,0.8550645935707271,False
1456,EW036_RS03810,tolC,gene,2,1,genome,2,annotation_mediated,0,0,2,0,1,B36,blaCTX-M-15; blaOXA-1,False,0.15384615384615385,False,0.5747472626978233,0.8550645935707271,False
1457,EW036_RS06390,emrA,gene,2,1,genome,2,annotation_mediated,0,0,2,0,1,B36,blaCTX-M-15; blaOXA-1,False,0.15384615384615385,False,0.5747472626978233,0.8550645935707271,False
1458,EW036_RS08625,msbA,gene,2,1,genome,2,annotation_mediated,0,0,2,0,1,B36,blaCTX-M-15; blaOXA-1,False,0.15384615384615385,False,0.5747472626978233,0.8550645935707271,False
1459,EW036_RS08700,ompF,gene,2,1,genome,2,annotation_mediated,0,0,2,0,1,B36,blaCTX-M-15; blaOXA-1,False,0.15384615384615385,False,0.5747472626978233,0.8550645935707271,False
1460,EW036_RS09545,lolD,gene,2,1,genome,2,annotation_mediated,0,0,2,0,1,B36,blaCTX-M-15; blaOXA-1,False,0.15384615384615385,False,0.5747472626978233,0.8550645935707271,False
1461,EW036_RS10165,ldcA,gene,2,1,genome,2,annotation_mediated,0,0,2,0,1,B36,blaCTX-M-15; blaOXA-1,False,0.15384615384615385,False,0.5747472626978233,0.8550645935707271,False
1462,EW036_RS11280,sapC,gene,2,1,genome,2,annotation_mediated,0,0,2,0,1,B36,blaCTX-M-15; blaOXA-1,False,0.15384615384615385,False,0.5747472626978233,0.8550645935707271,False
1463,EW036_RS15630,baeR,gene,2,1,genome,2,annotation_mediated,0,0,2,0,1,B36,blaCTX-M-15; blaOXA-1,False,0.15384615384615385,False,0.5747472626978233,0.8550645935707271,False
1464,EW036_RS16290,ompC,gene,2,1,genome,2,annotation_mediated,0,0,2,0,1,B36,blaCTX-M-15; blaOXA-1,False,0.15384615384615385,False,0.5747472626978233,0.8550645935707271,False
1465,EW036_RS17050,macB,gene,2,1,genome,2,annotation_mediated,0,0,2,0,1,B36,blaCTX-M-15; blaOXA-1,False,0.15384615384615385,False,0.5747472626978233,0.8550645935707271,False
1466,EW036_RS17110,amiD,gene,2,1,genome,2,annotation_mediated,0,0,2,0,1,B36,blaCTX-M-15; blaOXA-1,False,0.15384615384615385,False,0.5747472626978233,0.8550645935707271,False
1467,EW036_RS17475,ybhF,gene,2,1,genome,2,annotation_mediated,0,0,2,0,1,B36,blaCTX-M-15; blaOXA-1,False,0.15384615384615385,False,0.5747472626978233,0.8550645935707271,False
1468,EW036_RS17485,ybhR,gene,2,1,genome,2,annotation_mediated,0,0,2,0,1,B36,blaCTX-M-15; blaOXA-1,False,0.15384615384615385,False,0.5747472626978233,0.8550645935707271,False
1469,EW036_RS18305,mrdA,gene,2,1,genome,2,annotation_mediated,0,0,2,0,1,B36,blaCTX-M-15; blaOXA-1,False,0.15384615384615385,False,0.5747472626978233,0.8550645935707271,False
1470,EW036_RS18680,cusC,gene,2,1,genome,2,annotation_mediated,0,0,2,0,1,B36,blaCTX-M-15; blaOXA-1,False,0.15384615384615385,False,0.5747472626978233,0.8550645935707271,False
1471,EW036_RS19080,acrA,gene,2,1,genome,2,annotation_mediated,0,0,2,0,1,B36,blaCTX-M-15; blaOXA-1,False,0.15384615384615385,False,0.5747472626978233,0.8550645935707271,False
1472,EW036_RS19085,acrB,gene,2,1,genome,2,annotation_mediated,0,0,2,0,1,B36,blaCTX-M-15; blaOXA-1,False,0.15384615384615385,False,0.5747472626978233,0.8550645935707271,False
1473,EW036_RS19980,nan,gene,2,1,genome,2,annotation_mediated,0,0,2,0,1,B36,blaCTX-M-15; blaOXA-1,False,0.15384615384615385,False,0.5747472626978233,0.8550645935707271,False
1474,EW036_RS20805,yadG,gene,2,1,genome,2,annotation_mediated,0,0,2,0,1,B36,blaCTX-M-15; blaOXA-1,False,0.15384615384615385,False,0.5747472626978233,0.8550645935707271,False
1475,EW036_RS20925,ampE,gene,2,1,genome,2,annotation_mediated,0,0,2,0,1,B36,blaCTX-M-15; blaOXA-1,False,0.15384615384615385,False,0.5747472626978233,0.8550645935707271,False
1476,EW036_RS20930,ampD,gene,2,1,genome,2,annotation_mediated,0,0,2,0,1,B36,blaCTX-M-15; blaOXA-1,False,0.15384615384615385,False,0.5747472626978233,0.8550645935707271,False
1477,EW036_RS21785,nan,gene,2,1,genome,2,annotation_mediated,0,0,2,0,1,B36,blaCTX-M-15; blaOXA-1,False,0.15384615384615385,False,0.5747472626978233,0.8550645935707271,False
1478,EW036_RS21795,nan,gene,2,1,genome,2,annotation_mediated,0,0,2,0,1,B36,blaCTX-M-15; blaOXA-1,False,0.15384615384615385,False,0.5747472626978233,0.8550645935707271,False
1479,EW036_RS22125,nan,gene,2,1,genome,2,annotation_mediated,0,0,2,0,1,B36,blaCTX-M-15; blaOXA-1,False,0.15384615384615385,False,0.5747472626978233,0.8550645935707271,False
1480,EW036_RS22130,nan,gene,2,1,genome,2,annotation_mediated,0,0,2,0,1,B36,blaCTX-M-15; blaOXA-1,False,0.15384615384615385,False,0.5747472626978233,0.8550645935707271,False
1481,EW036_RS23165,ampC,gene,2,1,genome,2,annotation_mediated,0,0,2,0,1,B36,blaCTX-M-15; blaOXA-1,False,0.15384615384615385,False,0.5747472626978233,0.8550645935707271,False
1482,EW036_RS26290,nan,gene,2,1,genome,2,annotation_mediated,0,0,2,0,1,B36,blaCTX-M-15; blaOXA-1,False,0.15384615384615385,False,0.5747472626978233,0.8550645935707271,False
1483,EW036_RS26295,nan,gene,2,1,genome,2,annotation_mediated,0,0,2,0,1,B36,blaCTX-M-15; blaOXA-1,False,0.15384615384615385,False,0.5747472626978233,0.8550645935707271,False
1484,EW036_RS26300,nan,gene,2,1,genome,2,annotation_mediated,0,0,2,0,1,B36,blaCTX-M-15; blaOXA-1,False,0.15384615384615385,False,0.5747472626978233,0.8550645935707271,False
1485,WP_000024904.1,mdtF,protein,2,1,proteome,2,annotation_mediated,0,0,2,0,0,B36,blaCTX-M-15; blaOXA-1,False,0.15384615384615385,False,0.4696858321407195,0.8550645935707271,False
1486,WP_000051565.1,ldcA,protein,2,1,proteome,2,annotation_mediated,0,0,2,0,0,B36,blaCTX-M-15; blaOXA-1,False,0.15384615384615385,False,0.4696858321407195,0.8550645935707271,False
1487,WP_000058884.1,nan,protein,2,1,proteome,2,annotation_mediated,0,0,2,0,0,B36,blaCTX-M-15; blaOXA-1,False,0.15384615384615385,False,0.4696858321407195,0.8550645935707271,False
1488,WP_000150638.1,yadG,protein,2,1,proteome,2,annotation_mediated,0,0,2,0,0,B36,blaCTX-M-15; blaOXA-1,False,0.15384615384615385,False,0.4696858321407195,0.8550645935707271,False
1489,WP_000171980.1,ampE,protein,2,1,proteome,2,annotation_mediated,0,0,2,0,0,B36,blaCTX-M-15; blaOXA-1,False,0.15384615384615385,False,0.4696858321407195,0.8550645935707271,False
1490,WP_000188152.1,macB,protein,2,1,proteome,2,annotation_mediated,0,0,2,0,0,B36,blaCTX-M-15; blaOXA-1,False,0.15384615384615385,False,0.4696858321407195,0.8550645935707271,False
1491,WP_000366620.1,nan,protein,2,1,proteome,2,annotation_mediated,0,0,2,0,0,B36,blaCTX-M-15; blaOXA-1,False,0.15384615384615385,False,0.4696858321407195,0.8550645935707271,False
1492,WP_000504875.1,nan,protein,2,1,proteome,2,annotation_mediated,0,0,2,0,0,B36,blaCTX-M-15; blaOXA-1,False,0.15384615384615385,False,0.4696858321407195,0.8550645935707271,False
1493,WP_000551259.1,msbA,protein,2,1,proteome,2,annotation_mediated,0,0,2,0,0,B36,blaCTX-M-15; blaOXA-1,False,0.15384615384615385,False,0.4696858321407195,0.8550645935707271,False
1494,WP_000671528.1,nan,protein,2,1,proteome,2,annotation_mediated,0,0,2,0,0,B36,blaCTX-M-15; blaOXA-1,False,0.15384615384615385,False,0.4696858321407195,0.8550645935707271,False
1495,WP_000729220.1,nan,protein,2,1,proteome,2,annotation_mediated,0,0,2,0,0,B36,blaCTX-M-15; blaOXA-1,False,0.15384615384615385,False,0.4696858321407195,0.8550645935707271,False
1496,WP_000923703.1,ampD,protein,2,1,proteome,2,annotation_mediated,0,0,2,0,0,B36,blaCTX-M-15; blaOXA-1,False,0.15384615384615385,False,0.4696858321407195,0.8550645935707271,False
1497,WP_000972087.1,rbbA,protein,2,1,proteome,2,annotation_mediated,0,0,2,0,0,B36,blaCTX-M-15; blaOXA-1,False,0.15384615384615385,False,0.4696858321407195,0.8550645935707271,False
1498,WP_000996111.1,ybhF,protein,2,1,proteome,2,annotation_mediated,0,0,2,0,0,B36,blaCTX-M-15; blaOXA-1,False,0.15384615384615385,False,0.4696858321407195,0.8550645935707271,False
1499,WP_001029745.1,nan,protein,2,1,proteome,2,annotation_mediated,0,0,2,0,0,B36,blaCTX-M-15; blaOXA-1,False,0.15384615384615385,False,0.4696858321407195,0.8550645935707271,False
1500,WP_001132478.1,acrB,protein,2,1,proteome,2,annotation_mediated,0,0,2,0,0,B36,blaCTX-M-15; blaOXA-1,False,0.15384615384615385,False,0.4696858321407195,0.8550645935707271,False
1501,WP_001146163.1,sapC,protein,2,1,proteome,2,annotation_mediated,0,0,2,0,0,B36,blaCTX-M-15; blaOXA-1,False,0.15384615384615385,False,0.4696858321407195,0.8550645935707271,False
1502,WP_001255186.1,amiD,protein,2,1,proteome,2,annotation_mediated,0,0,2,0,0,B36,blaCTX-M-15; blaOXA-1,False,0.15384615384615385,False,0.4696858321407195,0.8550645935707271,False
1503,WP_001296671.1,ampC,protein,2,1,proteome,2,annotation_mediated,0,0,2,0,0,B36,blaCTX-M-15; blaOXA-1,False,0.15384615384615385,False,0.4696858321407195,0.8550645935707271,False
1504,WP_001576403.1,pglX,protein,2,1,proteome,2,annotation_mediated,0,0,2,0,0,B36,blaCTX-M-15; blaOXA-1,False,0.15384615384615385,False,0.4696858321407195,0.8550645935707271,False
1505,EW036_RS00695,trmH,gene,2,1,genome,2,annotation_mediated,0,0,2,0,1,B36,aac(6')-Ib-cr5; blaOXA-1,False,0.15384615384615385,False,0.5747472626978233,0.8550645935707271,False
1506,EW036_RS00730,rph,gene,2,1,genome,2,annotation_mediated,0,0,2,0,1,B36,aac(6')-Ib-cr5; blaOXA-1,False,0.15384615384615385,False,0.5747472626978233,0.8550645935707271,False
1507,EW036_RS00760,rpmB,gene,2,1,genome,2,annotation_mediated,0,0,2,0,1,B36,aac(6')-Ib-cr5; blaOXA-1,False,0.15384615384615385,False,0.5747472626978233,0.8550645935707271,False
1508,EW036_RS00765,rpmG,gene,2,1,genome,2,annotation_mediated,0,0,2,0,1,B36,aac(6')-Ib-cr5; blaOXA-1,False,0.15384615384615385,False,0.5747472626978233,0.8550645935707271,False
1509,EW036_RS00910,trmL,gene,2,1,genome,2,annotation_mediated,0,0,2,0,1,B36,aac(6')-Ib-cr5; blaOXA-1,False,0.15384615384615385,False,0.5747472626978233,0.8550645935707271,False
1510,EW036_RS00980,selA,gene,2,1,genome,2,annotation_mediated,0,0,2,0,1,B36,aac(6')-Ib-cr5; blaOXA-1,False,0.15384615384615385,False,0.5747472626978233,0.8550645935707271,False
1511,EW036_RS00985,selB,gene,2,1,genome,2,annotation_mediated,0,0,2,0,1,B36,aac(6')-Ib-cr5; blaOXA-1,False,0.15384615384615385,False,0.5747472626978233,0.8550645935707271,False
1512,EW036_RS01145,glyQ,gene,2,1,genome,2,annotation_mediated,0,0,2,0,1,B36,aac(6')-Ib-cr5; blaOXA-1,False,0.15384615384615385,False,0.5747472626978233,0.8550645935707271,False
1513,EW036_RS01150,glyS,gene,2,1,genome,2,annotation_mediated,0,0,2,0,1,B36,aac(6')-Ib-cr5; blaOXA-1,False,0.15384615384615385,False,0.5747472626978233,0.8550645935707271,False
1514,EW036_RS01515,rlmJ,gene,2,1,genome,2,annotation_mediated,0,0,2,0,1,B36,aac(6')-Ib-cr5; blaOXA-1,False,0.15384615384615385,False,0.5747472626978233,0.8550645935707271,False
1515,EW036_RS01675,tusA,gene,2,1,genome,2,annotation_mediated,0,0,2,0,1,B36,aac(6')-Ib-cr5; blaOXA-1,False,0.15384615384615385,False,0.5747472626978233,0.8550645935707271,False
1516,EW036_RS01700,rsmD,gene,2,1,genome,2,annotation_mediated,0,0,2,0,1,B36,aac(6')-Ib-cr5; blaOXA-1,False,0.15384615384615385,False,0.5747472626978233,0.8550645935707271,False
1517,EW036_RS02105,trpS,gene,2,1,genome,2,annotation_mediated,0,0,2,0,1,B36,aac(6')-Ib-cr5; blaOXA-1,False,0.15384615384615385,False,0.5747472626978233,0.8550645935707271,False
1518,EW036_RS02290,tusB,gene,2,1,genome,2,annotation_mediated,0,0,2,0,1,B36,aac(6')-Ib-cr5; blaOXA-1,False,0.15384615384615385,False,0.5747472626978233,0.8550645935707271,False
1519,EW036_RS02295,rpsL,gene,2,1,genome,2,annotation_mediated,0,0,2,0,1,B36,aac(6')-Ib-cr5; blaOXA-1,False,0.15384615384615385,False,0.5747472626978233,0.8550645935707271,False
1520,EW036_RS02300,rpsG,gene,2,1,genome,2,annotation_mediated,0,0,2,0,1,B36,aac(6')-Ib-cr5; blaOXA-1,False,0.15384615384615385,False,0.5747472626978233,0.8550645935707271,False
1521,EW036_RS02305,fusA,gene,2,1,genome,2,annotation_mediated,0,0,2,0,1,B36,aac(6')-Ib-cr5; blaOXA-1,False,0.15384615384615385,False,0.5747472626978233,0.8550645935707271,False
1522,EW036_RS02400,rpsJ,gene,2,1,genome,2,annotation_mediated,0,0,2,0,1,B36,aac(6')-Ib-cr5; blaOXA-1,False,0.15384615384615385,False,0.5747472626978233,0.8550645935707271,False
1523,EW036_RS02405,rplC,gene,2,1,genome,2,annotation_mediated,0,0,2,0,1,B36,aac(6')-Ib-cr5; blaOXA-1,False,0.15384615384615385,False,0.5747472626978233,0.8550645935707271,False
1524,EW036_RS02410,rplD,gene,2,1,genome,2,annotation_mediated,0,0,2,0,1,B36,aac(6')-Ib-cr5; blaOXA-1,False,0.15384615384615385,False,0.5747472626978233,0.8550645935707271,False
1525,EW036_RS02415,rplW,gene,2,1,genome,2,annotation_mediated,0,0,2,0,1,B36,aac(6')-Ib-cr5; blaOXA-1,False,0.15384615384615385,False,0.5747472626978233,0.8550645935707271,False
1526,EW036_RS02420,rplB,gene,2,1,genome,2,annotation_mediated,0,0,2,0,1,B36,aac(6')-Ib-cr5; blaOXA-1,False,0.15384615384615385,False,0.5747472626978233,0.8550645935707271,False
1527,EW036_RS02425,rpsS,gene,2,1,genome,2,annotation_mediated,0,0,2,0,1,B36,aac(6')-Ib-cr5; blaOXA-1,False,0.15384615384615385,False,0.5747472626978233,0.8550645935707271,False
1528,EW036_RS02430,rplV,gene,2,1,genome,2,annotation_mediated,0,0,2,0,1,B36,aac(6')-Ib-cr5; blaOXA-1,False,0.15384615384615385,False,0.5747472626978233,0.8550645935707271,False
1529,EW036_RS02435,rpsC,gene,2,1,genome,2,annotation_mediated,0,0,2,0,1,B36,aac(6')-Ib-cr5; blaOXA-1,False,0.15384615384615385,False,0.5747472626978233,0.8550645935707271,False
1530,EW036_RS02440,rplP,gene,2,1,genome,2,annotation_mediated,0,0,2,0,1,B36,aac(6')-Ib-cr5; blaOXA-1,False,0.15384615384615385,False,0.5747472626978233,0.8550645935707271,False
1531,EW036_RS02445,rpmC,gene,2,1,genome,2,annotation_mediated,0,0,2,0,1,B36,aac(6')-Ib-cr5; blaOXA-1,False,0.15384615384615385,False,0.5747472626978233,0.8550645935707271,False
1532,EW036_RS02450,rpsQ,gene,2,1,genome,2,annotation_mediated,0,0,2,0,1,B36,aac(6')-Ib-cr5; blaOXA-1,False,0.15384615384615385,False,0.5747472626978233,0.8550645935707271,False
1533,EW036_RS02455,rplN,gene,2,1,genome,2,annotation_mediated,0,0,2,0,1,B36,aac(6')-Ib-cr5; blaOXA-1,False,0.15384615384615385,False,0.5747472626978233,0.8550645935707271,False
1534,EW036_RS02460,rplX,gene,2,1,genome,2,annotation_mediated,0,0,2,0,1,B36,aac(6')-Ib-cr5; blaOXA-1,False,0.15384615384615385,False,0.5747472626978233,0.8550645935707271,False
1535,EW036_RS02465,rplE,gene,2,1,genome,2,annotation_mediated,0,0,2,0,1,B36,aac(6')-Ib-cr5; blaOXA-1,False,0.15384615384615385,False,0.5747472626978233,0.8550645935707271,False
1536,EW036_RS02470,rpsN,gene,2,1,genome,2,annotation_mediated,0,0,2,0,1,B36,aac(6')-Ib-cr5; blaOXA-1,False,0.15384615384615385,False,0.5747472626978233,0.8550645935707271,False
1537,EW036_RS02475,rpsH,gene,2,1,genome,2,annotation_mediated,0,0,2,0,1,B36,aac(6')-Ib-cr5; blaOXA-1,False,0.15384615384615385,False,0.5747472626978233,0.8550645935707271,False
1538,EW036_RS02480,rplF,gene,2,1,genome,2,annotation_mediated,0,0,2,0,1,B36,aac(6')-Ib-cr5; blaOXA-1,False,0.15384615384615385,False,0.5747472626978233,0.8550645935707271,False
1539,EW036_RS02485,rplR,gene,2,1,genome,2,annotation_mediated,0,0,2,0,1,B36,aac(6')-Ib-cr5; blaOXA-1,False,0.15384615384615385,False,0.5747472626978233,0.8550645935707271,False
1540,EW036_RS02490,rpsE,gene,2,1,genome,2,annotation_mediated,0,0,2,0,1,B36,aac(6')-Ib-cr5; blaOXA-1,False,0.15384615384615385,False,0.5747472626978233,0.8550645935707271,False
1541,EW036_RS02495,rpmD,gene,2,1,genome,2,annotation_mediated,0,0,2,0,1,B36,aac(6')-Ib-cr5; blaOXA-1,False,0.15384615384615385,False,0.5747472626978233,0.8550645935707271,False
1542,EW036_RS02500,rplO,gene,2,1,genome,2,annotation_mediated,0,0,2,0,1,B36,aac(6')-Ib-cr5; blaOXA-1,False,0.15384615384615385,False,0.5747472626978233,0.8550645935707271,False
1543,EW036_RS02510,rpmJ,gene,2,1,genome,2,annotation_mediated,0,0,2,0,1,B36,aac(6')-Ib-cr5; blaOXA-1,False,0.15384615384615385,False,0.5747472626978233,0.8550645935707271,False
1544,EW036_RS02515,rpsM,gene,2,1,genome,2,annotation_mediated,0,0,2,0,1,B36,aac(6')-Ib-cr5; blaOXA-1,False,0.15384615384615385,False,0.5747472626978233,0.8550645935707271,False
1545,EW036_RS02520,rpsK,gene,2,1,genome,2,annotation_mediated,0,0,2,0,1,B36,aac(6')-Ib-cr5; blaOXA-1,False,0.15384615384615385,False,0.5747472626978233,0.8550645935707271,False
1546,EW036_RS02525,rpsD,gene,2,1,genome,2,annotation_mediated,0,0,2,0,1,B36,aac(6')-Ib-cr5; blaOXA-1,False,0.15384615384615385,False,0.5747472626978233,0.8550645935707271,False
1547,EW036_RS02535,rplQ,gene,2,1,genome,2,annotation_mediated,0,0,2,0,1,B36,aac(6')-Ib-cr5; blaOXA-1,False,0.15384615384615385,False,0.5747472626978233,0.8550645935707271,False
1548,EW036_RS02565,rsmB,gene,2,1,genome,2,annotation_mediated,0,0,2,0,1,B36,aac(6')-Ib-cr5; blaOXA-1,False,0.15384615384615385,False,0.5747472626978233,0.8550645935707271,False
1549,EW036_RS02575,def,gene,2,1,genome,2,annotation_mediated,0,0,2,0,1,B36,aac(6')-Ib-cr5; blaOXA-1,False,0.15384615384615385,False,0.5747472626978233,0.8550645935707271,False
1550,EW036_RS02705,dusB,gene,2,1,genome,2,annotation_mediated,0,0,2,0,1,B36,aac(6')-Ib-cr5; blaOXA-1,False,0.15384615384615385,False,0.5747472626978233,0.8550645935707271,False
1551,EW036_RS02710,prmA,gene,2,1,genome,2,annotation_mediated,0,0,2,0,1,B36,aac(6')-Ib-cr5; blaOXA-1,False,0.15384615384615385,False,0.5747472626978233,0.8550645935707271,False
1552,EW036_RS02810,rng,gene,2,1,genome,2,annotation_mediated,0,0,2,0,1,B36,aac(6')-Ib-cr5; blaOXA-1,False,0.15384615384615385,False,0.5747472626978233,0.8550645935707271,False
1553,EW036_RS02885,rplM,gene,2,1,genome,2,annotation_mediated,0,0,2,0,1,B36,aac(6')-Ib-cr5; blaOXA-1,False,0.15384615384615385,False,0.5747472626978233,0.8550645935707271,False
1554,EW036_RS02890,rpsI,gene,2,1,genome,2,annotation_mediated,0,0,2,0,1,B36,aac(6')-Ib-cr5; blaOXA-1,False,0.15384615384615385,False,0.5747472626978233,0.8550645935707271,False
1555,EW036_RS02985,hpf,gene,2,1,genome,2,annotation_mediated,0,0,2,0,1,B36,aac(6')-Ib-cr5; blaOXA-1,False,0.15384615384615385,False,0.5747472626978233,0.8550645935707271,False
1556,EW036_RS03070,rplU,gene,2,1,genome,2,annotation_mediated,0,0,2,0,1,B36,aac(6')-Ib-cr5; blaOXA-1,False,0.15384615384615385,False,0.5747472626978233,0.8550645935707271,False
1557,EW036_RS03075,rpmA,gene,2,1,genome,2,annotation_mediated,0,0,2,0,1,B36,aac(6')-Ib-cr5; blaOXA-1,False,0.15384615384615385,False,0.5747472626978233,0.8550645935707271,False
1558,EW036_RS03100,yhbY,gene,2,1,genome,2,annotation_mediated,0,0,2,0,1,B36,aac(6')-Ib-cr5; blaOXA-1,False,0.15384615384615385,False,0.5747472626978233,0.8550645935707271,False
1559,EW036_RS03105,rlmE,gene,2,1,genome,2,annotation_mediated,0,0,2,0,1,B36,aac(6')-Ib-cr5; blaOXA-1,False,0.15384615384615385,False,0.5747472626978233,0.8550645935707271,False
1560,EW036_RS03160,infB,gene,2,1,genome,2,annotation_mediated,0,0,2,0,1,B36,aac(6')-Ib-cr5; blaOXA-1,False,0.15384615384615385,False,0.5747472626978233,0.8550645935707271,False
1561,EW036_RS03165,rbfA,gene,2,1,genome,2,annotation_mediated,0,0,2,0,1,B36,aac(6')-Ib-cr5; blaOXA-1,False,0.15384615384615385,False,0.5747472626978233,0.8550645935707271,False
1562,EW036_RS03170,truB,gene,2,1,genome,2,annotation_mediated,0,0,2,0,1,B36,aac(6')-Ib-cr5; blaOXA-1,False,0.15384615384615385,False,0.5747472626978233,0.8550645935707271,False
1563,EW036_RS03175,rpsO,gene,2,1,genome,2,annotation_mediated,0,0,2,0,1,B36,aac(6')-Ib-cr5; blaOXA-1,False,0.15384615384615385,False,0.5747472626978233,0.8550645935707271,False
1564,EW036_RS03180,pnp,gene,2,1,genome,2,annotation_mediated,0,0,2,0,1,B36,aac(6')-Ib-cr5; blaOXA-1,False,0.15384615384615385,False,0.5747472626978233,0.8550645935707271,False
1565,EW036_RS03275,rsmI,gene,2,1,genome,2,annotation_mediated,0,0,2,0,1,B36,aac(6')-Ib-cr5; blaOXA-1,False,0.15384615384615385,False,0.5747472626978233,0.8550645935707271,False
1566,EW036_RS03555,rlmG,gene,2,1,genome,2,annotation_mediated,0,0,2,0,1,B36,aac(6')-Ib-cr5; blaOXA-1,False,0.15384615384615385,False,0.5747472626978233,0.8550645935707271,False
1567,EW036_RS03605,ygjH,gene,2,1,genome,2,annotation_mediated,0,0,2,0,1,B36,aac(6')-Ib-cr5; blaOXA-1,False,0.15384615384615385,False,0.5747472626978233,0.8550645935707271,False
1568,EW036_RS03655,rpsU,gene,2,1,genome,2,annotation_mediated,0,0,2,0,1,B36,aac(6')-Ib-cr5; blaOXA-1,False,0.15384615384615385,False,0.5747472626978233,0.8550645935707271,False
1569,EW036_RS03660,tsaD,gene,2,1,genome,2,annotation_mediated,0,0,2,0,1,B36,aac(6')-Ib-cr5; blaOXA-1,False,0.15384615384615385,False,0.5747472626978233,0.8550645935707271,False
1570,EW036_RS03700,cca,gene,2,1,genome,2,annotation_mediated,0,0,2,0,1,B36,aac(6')-Ib-cr5; blaOXA-1,False,0.15384615384615385,False,0.5747472626978233,0.8550645935707271,False
1571,EW036_RS04845,trmB,gene,2,1,genome,2,annotation_mediated,0,0,2,0,1,B36,aac(6')-Ib-cr5; blaOXA-1,False,0.15384615384615385,False,0.5747472626978233,0.8550645935707271,False
1572,EW036_RS04930,rsmE,gene,2,1,genome,2,annotation_mediated,0,0,2,0,1,B36,aac(6')-Ib-cr5; blaOXA-1,False,0.15384615384615385,False,0.5747472626978233,0.8550645935707271,False
1573,EW036_RS05200,ygfZ,gene,2,1,genome,2,annotation_mediated,0,0,2,0,1,B36,aac(6')-Ib-cr5; blaOXA-1,False,0.15384615384615385,False,0.5747472626978233,0.8550645935707271,False
1574,EW036_RS05235,prfB,gene,2,1,genome,2,annotation_mediated,0,0,2,0,1,B36,aac(6')-Ib-cr5; blaOXA-1,False,0.15384615384615385,False,0.5747472626978233,0.8550645935707271,False
1575,EW036_RS05760,rlmM,gene,2,1,genome,2,annotation_mediated,0,0,2,0,1,B36,aac(6')-Ib-cr5; blaOXA-1,False,0.15384615384615385,False,0.5747472626978233,0.8550645935707271,False
1576,EW036_RS05865,rlmD,gene,2,1,genome,2,annotation_mediated,0,0,2,0,1,B36,aac(6')-Ib-cr5; blaOXA-1,False,0.15384615384615385,False,0.5747472626978233,0.8550645935707271,False
1577,EW036_RS06050,truD,gene,2,1,genome,2,annotation_mediated,0,0,2,0,1,B36,aac(6')-Ib-cr5; blaOXA-1,False,0.15384615384615385,False,0.5747472626978233,0.8550645935707271,False
1578,EW036_RS06060,pcm,gene,2,1,genome,2,annotation_mediated,0,0,2,0,1,B36,aac(6')-Ib-cr5; blaOXA-1,False,0.15384615384615385,False,0.5747472626978233,0.8550645935707271,False
1579,EW036_RS06320,alaS,gene,2,1,genome,2,annotation_mediated,0,0,2,0,1,B36,aac(6')-Ib-cr5; blaOXA-1,False,0.15384615384615385,False,0.5747472626978233,0.8550645935707271,False
1580,EW036_RS06325,csrA,gene,2,1,genome,2,annotation_mediated,0,0,2,0,1,B36,aac(6')-Ib-cr5; blaOXA-1,False,0.15384615384615385,False,0.5747472626978233,0.8550645935707271,False
1581,EW036_RS06535,smpB,gene,2,1,genome,2,annotation_mediated,0,0,2,0,1,B36,aac(6')-Ib-cr5; blaOXA-1,False,0.15384615384615385,False,0.5747472626978233,0.8550645935707271,False
1582,EW036_RS06590,rpsP,gene,2,1,genome,2,annotation_mediated,0,0,2,0,1,B36,aac(6')-Ib-cr5; blaOXA-1,False,0.15384615384615385,False,0.5747472626978233,0.8550645935707271,False
1583,EW036_RS06595,rimM,gene,2,1,genome,2,annotation_mediated,0,0,2,0,1,B36,aac(6')-Ib-cr5; blaOXA-1,False,0.15384615384615385,False,0.5747472626978233,0.8550645935707271,False
1584,EW036_RS06600,trmD,gene,2,1,genome,2,annotation_mediated,0,0,2,0,1,B36,aac(6')-Ib-cr5; blaOXA-1,False,0.15384615384615385,False,0.5747472626978233,0.8550645935707271,False
1585,EW036_RS06605,rplS,gene,2,1,genome,2,annotation_mediated,0,0,2,0,1,B36,aac(6')-Ib-cr5; blaOXA-1,False,0.15384615384615385,False,0.5747472626978233,0.8550645935707271,False
1586,EW036_RS06650,raiA,gene,2,1,genome,2,annotation_mediated,0,0,2,0,1,B36,aac(6')-Ib-cr5; blaOXA-1,False,0.15384615384615385,False,0.5747472626978233,0.8550645935707271,False
1587,EW036_RS06660,rluD,gene,2,1,genome,2,annotation_mediated,0,0,2,0,1,B36,aac(6')-Ib-cr5; blaOXA-1,False,0.15384615384615385,False,0.5747472626978233,0.8550645935707271,False
1588,EW036_RS06710,patZ,gene,2,1,genome,2,annotation_mediated,0,0,2,0,1,B36,aac(6')-Ib-cr5; blaOXA-1,False,0.15384615384615385,False,0.5747472626978233,0.8550645935707271,False
1589,EW036_RS06725,yfiF,gene,2,1,genome,2,annotation_mediated,0,0,2,0,1,B36,aac(6')-Ib-cr5; blaOXA-1,False,0.15384615384615385,False,0.5747472626978233,0.8550645935707271,False
1590,EW036_RS06755,trmN,gene,2,1,genome,2,annotation_mediated,0,0,2,0,1,B36,aac(6')-Ib-cr5; blaOXA-1,False,0.15384615384615385,False,0.5747472626978233,0.8550645935707271,False
1591,EW036_RS06790,lepA,gene,2,1,genome,2,annotation_mediated,0,0,2,0,1,B36,aac(6')-Ib-cr5; blaOXA-1,False,0.15384615384615385,False,0.5747472626978233,0.8550645935707271,False
1592,EW036_RS06800,rnc,gene,2,1,genome,2,annotation_mediated,0,0,2,0,1,B36,aac(6')-Ib-cr5; blaOXA-1,False,0.15384615384615385,False,0.5747472626978233,0.8550645935707271,False
1593,EW036_RS06950,trmJ,gene,2,1,genome,2,annotation_mediated,0,0,2,0,1,B36,aac(6')-Ib-cr5; blaOXA-1,False,0.15384615384615385,False,0.5747472626978233,0.8550645935707271,False
1594,EW036_RS07055,der,gene,2,1,genome,2,annotation_mediated,0,0,2,0,1,B36,aac(6')-Ib-cr5; blaOXA-1,False,0.15384615384615385,False,0.5747472626978233,0.8550645935707271,False
1595,EW036_RS07195,tmcA,gene,2,1,genome,2,annotation_mediated,0,0,2,0,1,B36,aac(6')-Ib-cr5; blaOXA-1,False,0.15384615384615385,False,0.5747472626978233,0.8550645935707271,False
1596,EW036_RS07880,mnmC,gene,2,1,genome,2,annotation_mediated,0,0,2,0,1,B36,aac(6')-Ib-cr5; blaOXA-1,False,0.15384615384615385,False,0.5747472626978233,0.8550645935707271,False
1597,EW036_RS07910,truA,gene,2,1,genome,2,annotation_mediated,0,0,2,0,1,B36,aac(6')-Ib-cr5; blaOXA-1,False,0.15384615384615385,False,0.5747472626978233,0.8550645935707271,False
1598,EW036_RS08135,rbn,gene,2,1,genome,2,annotation_mediated,0,0,2,0,1,B36,aac(6')-Ib-cr5; blaOXA-1,False,0.15384615384615385,False,0.5747472626978233,0.8550645935707271,False
1599,EW036_RS08610,rpsA,gene,2,1,genome,2,annotation_mediated,0,0,2,0,1,B36,aac(6')-Ib-cr5; blaOXA-1,False,0.15384615384615385,False,0.5747472626978233,0.8550645935707271,False
1600,EW036_RS08660,cmoM,gene,2,1,genome,2,annotation_mediated,0,0,2,0,1,B36,aac(6')-Ib-cr5; blaOXA-1,False,0.15384615384615385,False,0.5747472626978233,0.8550645935707271,False
1601,EW036_RS08765,rlmKL,gene,2,1,genome,2,annotation_mediated,0,0,2,0,1,B36,aac(6')-Ib-cr5; blaOXA-1,False,0.15384615384615385,False,0.5747472626978233,0.8550645935707271,False
1602,EW036_RS08790,rmf,gene,2,1,genome,2,annotation_mediated,0,0,2,0,1,B36,aac(6')-Ib-cr5; blaOXA-1,False,0.15384615384615385,False,0.5747472626978233,0.8550645935707271,False
1603,EW036_RS08860,rlmI,gene,2,1,genome,2,annotation_mediated,0,0,2,0,1,B36,aac(6')-Ib-cr5; blaOXA-1,False,0.15384615384615385,False,0.5747472626978233,0.8550645935707271,False
1604,EW036_RS08870,tusE,gene,2,1,genome,2,annotation_mediated,0,0,2,0,1,B36,aac(6')-Ib-cr5; blaOXA-1,False,0.15384615384615385,False,0.5747472626978233,0.8550645935707271,False
1605,EW036_RS09290,rimJ,gene,2,1,genome,2,annotation_mediated,0,0,2,0,1,B36,aac(6')-Ib-cr5; blaOXA-1,False,0.15384615384615385,False,0.5747472626978233,0.8550645935707271,False
1606,EW036_RS09380,rne,gene,2,1,genome,2,annotation_mediated,0,0,2,0,1,B36,aac(6')-Ib-cr5; blaOXA-1,False,0.15384615384615385,False,0.5747472626978233,0.8550645935707271,False
1607,EW036_RS09390,rluC,gene,2,1,genome,2,annotation_mediated,0,0,2,0,1,B36,aac(6')-Ib-cr5; blaOXA-1,False,0.15384615384615385,False,0.5747472626978233,0.8550645935707271,False
1608,EW036_RS09405,rpmF,gene,2,1,genome,2,annotation_mediated,0,0,2,0,1,B36,aac(6')-Ib-cr5; blaOXA-1,False,0.15384615384615385,False,0.5747472626978233,0.8550645935707271,False
1609,EW036_RS09625,mnmA,gene,2,1,genome,2,annotation_mediated,0,0,2,0,1,B36,aac(6')-Ib-cr5; blaOXA-1,False,0.15384615384615385,False,0.5747472626978233,0.8550645935707271,False
1610,EW036_RS09635,rluE,gene,2,1,genome,2,annotation_mediated,0,0,2,0,1,B36,aac(6')-Ib-cr5; blaOXA-1,False,0.15384615384615385,False,0.5747472626978233,0.8550645935707271,False
1611,EW036_RS10390,ychF,gene,2,1,genome,2,annotation_mediated,0,0,2,0,1,B36,aac(6')-Ib-cr5; blaOXA-1,False,0.15384615384615385,False,0.5747472626978233,0.8550645935707271,False
1612,EW036_RS10395,pth,gene,2,1,genome,2,annotation_mediated,0,0,2,0,1,B36,aac(6')-Ib-cr5; blaOXA-1,False,0.15384615384615385,False,0.5747472626978233,0.8550645935707271,False
1613,EW036_RS10430,prfA,gene,2,1,genome,2,annotation_mediated,0,0,2,0,1,B36,aac(6')-Ib-cr5; blaOXA-1,False,0.15384615384615385,False,0.5747472626978233,0.8550645935707271,False
1614,EW036_RS10435,prmC,gene,2,1,genome,2,annotation_mediated,0,0,2,0,1,B36,aac(6')-Ib-cr5; blaOXA-1,False,0.15384615384615385,False,0.5747472626978233,0.8550645935707271,False
1615,EW036_RS11100,yciO,gene,2,1,genome,2,annotation_mediated,0,0,2,0,1,B36,aac(6')-Ib-cr5; blaOXA-1,False,0.15384615384615385,False,0.5747472626978233,0.8550645935707271,False
1616,EW036_RS11110,rluB,gene,2,1,genome,2,annotation_mediated,0,0,2,0,1,B36,aac(6')-Ib-cr5; blaOXA-1,False,0.15384615384615385,False,0.5747472626978233,0.8550645935707271,False
1617,EW036_RS11230,rnb,gene,2,1,genome,2,annotation_mediated,0,0,2,0,1,B36,aac(6')-Ib-cr5; blaOXA-1,False,0.15384615384615385,False,0.5747472626978233,0.8550645935707271,False
1618,EW036_RS11675,rimL,gene,2,1,genome,2,annotation_mediated,0,0,2,0,1,B36,aac(6')-Ib-cr5; blaOXA-1,False,0.15384615384615385,False,0.5747472626978233,0.8550645935707271,False
1619,EW036_RS11900,sra,gene,2,1,genome,2,annotation_mediated,0,0,2,0,1,B36,aac(6')-Ib-cr5; blaOXA-1,False,0.15384615384615385,False,0.5747472626978233,0.8550645935707271,False
1620,EW036_RS12025,tam,gene,2,1,genome,2,annotation_mediated,0,0,2,0,1,B36,aac(6')-Ib-cr5; blaOXA-1,False,0.15384615384615385,False,0.5747472626978233,0.8550645935707271,False
1621,EW036_RS12170,speG,gene,2,1,genome,2,annotation_mediated,0,0,2,0,1,B36,aac(6')-Ib-cr5; blaOXA-1,False,0.15384615384615385,False,0.5747472626978233,0.8550645935707271,False
1622,EW036_RS12315,tus,gene,2,1,genome,2,annotation_mediated,0,0,2,0,1,B36,aac(6')-Ib-cr5; blaOXA-1,False,0.15384615384615385,False,0.5747472626978233,0.8550645935707271,False
1623,EW036_RS12455,tyrS,gene,2,1,genome,2,annotation_mediated,0,0,2,0,1,B36,aac(6')-Ib-cr5; blaOXA-1,False,0.15384615384615385,False,0.5747472626978233,0.8550645935707271,False
1624,EW036_RS12530,rnt,gene,2,1,genome,2,annotation_mediated,0,0,2,0,1,B36,aac(6')-Ib-cr5; blaOXA-1,False,0.15384615384615385,False,0.5747472626978233,0.8550645935707271,False
1625,EW036_RS12820,pheT,gene,2,1,genome,2,annotation_mediated,0,0,2,0,1,B36,aac(6')-Ib-cr5; blaOXA-1,False,0.15384615384615385,False,0.5747472626978233,0.8550645935707271,False
1626,EW036_RS12825,pheS,gene,2,1,genome,2,annotation_mediated,0,0,2,0,1,B36,aac(6')-Ib-cr5; blaOXA-1,False,0.15384615384615385,False,0.5747472626978233,0.8550645935707271,False
1627,EW036_RS12835,rplT,gene,2,1,genome,2,annotation_mediated,0,0,2,0,1,B36,aac(6')-Ib-cr5; blaOXA-1,False,0.15384615384615385,False,0.5747472626978233,0.8550645935707271,False
1628,EW036_RS12845,infC,gene,2,1,genome,2,annotation_mediated,0,0,2,0,1,B36,aac(6')-Ib-cr5; blaOXA-1,False,0.15384615384615385,False,0.5747472626978233,0.8550645935707271,False
1629,EW036_RS12850,thrS,gene,2,1,genome,2,annotation_mediated,0,0,2,0,1,B36,aac(6')-Ib-cr5; blaOXA-1,False,0.15384615384615385,False,0.5747472626978233,0.8550645935707271,False
1630,EW036_RS13270,rnd,gene,2,1,genome,2,annotation_mediated,0,0,2,0,1,B36,aac(6')-Ib-cr5; blaOXA-1,False,0.15384615384615385,False,0.5747472626978233,0.8550645935707271,False
1631,EW036_RS13295,yoaB,gene,2,1,genome,2,annotation_mediated,0,0,2,0,1,B36,aac(6')-Ib-cr5; blaOXA-1,False,0.15384615384615385,False,0.5747472626978233,0.8550645935707271,False
1632,EW036_RS13360,rlmA,gene,2,1,genome,2,annotation_mediated,0,0,2,0,1,B36,aac(6')-Ib-cr5; blaOXA-1,False,0.15384615384615385,False,0.5747472626978233,0.8550645935707271,False
1633,EW036_RS13430,rsmF,gene,2,1,genome,2,annotation_mediated,0,0,2,0,1,B36,aac(6')-Ib-cr5; blaOXA-1,False,0.15384615384615385,False,0.5747472626978233,0.8550645935707271,False
1634,EW036_RS13595,aspS,gene,2,1,genome,2,annotation_mediated,0,0,2,0,1,B36,aac(6')-Ib-cr5; blaOXA-1,False,0.15384615384615385,False,0.5747472626978233,0.8550645935707271,False
1635,EW036_RS13615,cmoA,gene,2,1,genome,2,annotation_mediated,0,0,2,0,1,B36,aac(6')-Ib-cr5; blaOXA-1,False,0.15384615384615385,False,0.5747472626978233,0.8550645935707271,False
1636,EW036_RS13620,cmoB,gene,2,1,genome,2,annotation_mediated,0,0,2,0,1,B36,aac(6')-Ib-cr5; blaOXA-1,False,0.15384615384615385,False,0.5747472626978233,0.8550645935707271,False
1637,EW036_RS13645,argS,gene,2,1,genome,2,annotation_mediated,0,0,2,0,1,B36,aac(6')-Ib-cr5; blaOXA-1,False,0.15384615384615385,False,0.5747472626978233,0.8550645935707271,False
1638,EW036_RS14390,hchA,gene,2,1,genome,2,annotation_mediated,0,0,2,0,1,B36,aac(6')-Ib-cr5; blaOXA-1,False,0.15384615384615385,False,0.5747472626978233,0.8550645935707271,False
1639,EW036_RS15785,metG,gene,2,1,genome,2,annotation_mediated,0,0,2,0,1,B36,aac(6')-Ib-cr5; blaOXA-1,False,0.15384615384615385,False,0.5747472626978233,0.8550645935707271,False
1640,EW036_RS16080,yeiP,gene,2,1,genome,2,annotation_mediated,0,0,2,0,1,B36,aac(6')-Ib-cr5; blaOXA-1,False,0.15384615384615385,False,0.5747472626978233,0.8550645935707271,False
1641,EW036_RS16140,rsuA,gene,2,1,genome,2,annotation_mediated,0,0,2,0,1,B36,aac(6')-Ib-cr5; blaOXA-1,False,0.15384615384615385,False,0.5747472626978233,0.8550645935707271,False
1642,EW036_RS16150,rplY,gene,2,1,genome,2,annotation_mediated,0,0,2,0,1,B36,aac(6')-Ib-cr5; blaOXA-1,False,0.15384615384615385,False,0.5747472626978233,0.8550645935707271,False
1643,EW036_RS16980,serS,gene,2,1,genome,2,annotation_mediated,0,0,2,0,1,B36,aac(6')-Ib-cr5; blaOXA-1,False,0.15384615384615385,False,0.5747472626978233,0.8550645935707271,False
1644,EW036_RS17025,infA,gene,2,1,genome,2,annotation_mediated,0,0,2,0,1,B36,aac(6')-Ib-cr5; blaOXA-1,False,0.15384615384615385,False,0.5747472626978233,0.8550645935707271,False
1645,EW036_RS17150,rlmC,gene,2,1,genome,2,annotation_mediated,0,0,2,0,1,B36,aac(6')-Ib-cr5; blaOXA-1,False,0.15384615384615385,False,0.5747472626978233,0.8550645935707271,False
1646,EW036_RS17270,rimO,gene,2,1,genome,2,annotation_mediated,0,0,2,0,1,B36,aac(6')-Ib-cr5; blaOXA-1,False,0.15384615384615385,False,0.5747472626978233,0.8550645935707271,False
1647,EW036_RS18055,glnS,gene,2,1,genome,2,annotation_mediated,0,0,2,0,1,B36,aac(6')-Ib-cr5; blaOXA-1,False,0.15384615384615385,False,0.5747472626978233,0.8550645935707271,False
1648,EW036_RS18180,miaB,gene,2,1,genome,2,annotation_mediated,0,0,2,0,1,B36,aac(6')-Ib-cr5; blaOXA-1,False,0.15384615384615385,False,0.5747472626978233,0.8550645935707271,False
1649,EW036_RS18190,ybeY,gene,2,1,genome,2,annotation_mediated,0,0,2,0,1,B36,aac(6')-Ib-cr5; blaOXA-1,False,0.15384615384615385,False,0.5747472626978233,0.8550645935707271,False
1650,EW036_RS18265,ybeL,gene,2,1,genome,2,annotation_mediated,0,0,2,0,1,B36,aac(6')-Ib-cr5; blaOXA-1,False,0.15384615384615385,False,0.5747472626978233,0.8550645935707271,False
1651,EW036_RS18270,leuS,gene,2,1,genome,2,annotation_mediated,0,0,2,0,1,B36,aac(6')-Ib-cr5; blaOXA-1,False,0.15384615384615385,False,0.5747472626978233,0.8550645935707271,False
1652,EW036_RS18295,rsfS,gene,2,1,genome,2,annotation_mediated,0,0,2,0,1,B36,aac(6')-Ib-cr5; blaOXA-1,False,0.15384615384615385,False,0.5747472626978233,0.8550645935707271,False
1653,EW036_RS18300,rlmH,gene,2,1,genome,2,annotation_mediated,0,0,2,0,1,B36,aac(6')-Ib-cr5; blaOXA-1,False,0.15384615384615385,False,0.5747472626978233,0.8550645935707271,False
1654,EW036_RS18420,rna,gene,2,1,genome,2,annotation_mediated,0,0,2,0,1,B36,aac(6')-Ib-cr5; blaOXA-1,False,0.15384615384615385,False,0.5747472626978233,0.8550645935707271,False
1655,EW036_RS18755,cysS,gene,2,1,genome,2,annotation_mediated,0,0,2,0,1,B36,aac(6')-Ib-cr5; blaOXA-1,False,0.15384615384615385,False,0.5747472626978233,0.8550645935707271,False
1656,EW036_RS18870,mnmH,gene,2,1,genome,2,annotation_mediated,0,0,2,0,1,B36,aac(6')-Ib-cr5; blaOXA-1,False,0.15384615384615385,False,0.5747472626978233,0.8550645935707271,False
1657,EW036_RS18980,ybaK,gene,2,1,genome,2,annotation_mediated,0,0,2,0,1,B36,aac(6')-Ib-cr5; blaOXA-1,False,0.15384615384615385,False,0.5747472626978233,0.8550645935707271,False
1658,EW036_RS19425,rdgC,gene,2,1,genome,2,annotation_mediated,0,0,2,0,1,B36,aac(6')-Ib-cr5; blaOXA-1,False,0.15384615384615385,False,0.5747472626978233,0.8550645935707271,False
1659,EW036_RS19485,iraP,gene,2,1,genome,2,annotation_mediated,0,0,2,0,1,B36,aac(6')-Ib-cr5; blaOXA-1,False,0.15384615384615385,False,0.5747472626978233,0.8550645935707271,False
1660,EW036_RS19875,ykgM,gene,2,1,genome,2,annotation_mediated,0,0,2,0,1,B36,aac(6')-Ib-cr5; blaOXA-1,False,0.15384615384615385,False,0.5747472626978233,0.8550645935707271,False
1661,EW036_RS20445,proS,gene,2,1,genome,2,annotation_mediated,0,0,2,0,1,B36,aac(6')-Ib-cr5; blaOXA-1,False,0.15384615384615385,False,0.5747472626978233,0.8550645935707271,False
1662,EW036_RS20480,tilS,gene,2,1,genome,2,annotation_mediated,0,0,2,0,1,B36,aac(6')-Ib-cr5; blaOXA-1,False,0.15384615384615385,False,0.5747472626978233,0.8550645935707271,False
1663,EW036_RS20560,frr,gene,2,1,genome,2,annotation_mediated,0,0,2,0,1,B36,aac(6')-Ib-cr5; blaOXA-1,False,0.15384615384615385,False,0.5747472626978233,0.8550645935707271,False
1664,EW036_RS20570,tsf,gene,2,1,genome,2,annotation_mediated,0,0,2,0,1,B36,aac(6')-Ib-cr5; blaOXA-1,False,0.15384615384615385,False,0.5747472626978233,0.8550645935707271,False
1665,EW036_RS20575,rpsB,gene,2,1,genome,2,annotation_mediated,0,0,2,0,1,B36,aac(6')-Ib-cr5; blaOXA-1,False,0.15384615384615385,False,0.5747472626978233,0.8550645935707271,False
1666,EW036_RS20700,thpR,gene,2,1,genome,2,annotation_mediated,0,0,2,0,1,B36,aac(6')-Ib-cr5; blaOXA-1,False,0.15384615384615385,False,0.5747472626978233,0.8550645935707271,False
1667,EW036_RS21060,rsmH,gene,2,1,genome,2,annotation_mediated,0,0,2,0,1,B36,aac(6')-Ib-cr5; blaOXA-1,False,0.15384615384615385,False,0.5747472626978233,0.8550645935707271,False
1668,EW036_RS21205,rluA,gene,2,1,genome,2,annotation_mediated,0,0,2,0,1,B36,aac(6')-Ib-cr5; blaOXA-1,False,0.15384615384615385,False,0.5747472626978233,0.8550645935707271,False
1669,EW036_RS21230,rsmA,gene,2,1,genome,2,annotation_mediated,0,0,2,0,1,B36,aac(6')-Ib-cr5; blaOXA-1,False,0.15384615384615385,False,0.5747472626978233,0.8550645935707271,False
1670,EW036_RS21370,ileS,gene,2,1,genome,2,annotation_mediated,0,0,2,0,1,B36,aac(6')-Ib-cr5; blaOXA-1,False,0.15384615384615385,False,0.5747472626978233,0.8550645935707271,False
1671,EW036_RS21385,rpsT,gene,2,1,genome,2,annotation_mediated,0,0,2,0,1,B36,aac(6')-Ib-cr5; blaOXA-1,False,0.15384615384615385,False,0.5747472626978233,0.8550645935707271,False
1672,EW036_RS21500,yjtD,gene,2,1,genome,2,annotation_mediated,0,0,2,0,1,B36,aac(6')-Ib-cr5; blaOXA-1,False,0.15384615384615385,False,0.5747472626978233,0.8550645935707271,False
1673,EW036_RS21585,lplA,gene,2,1,genome,2,annotation_mediated,0,0,2,0,1,B36,aac(6')-Ib-cr5; blaOXA-1,False,0.15384615384615385,False,0.5747472626978233,0.8550645935707271,False
1674,EW036_RS21645,prfC,gene,2,1,genome,2,annotation_mediated,0,0,2,0,1,B36,aac(6')-Ib-cr5; blaOXA-1,False,0.15384615384615385,False,0.5747472626978233,0.8550645935707271,False
1675,EW036_RS21665,rsmC,gene,2,1,genome,2,annotation_mediated,0,0,2,0,1,B36,aac(6')-Ib-cr5; blaOXA-1,False,0.15384615384615385,False,0.5747472626978233,0.8550645935707271,False
1676,EW036_RS22595,valS,gene,2,1,genome,2,annotation_mediated,0,0,2,0,1,B36,aac(6')-Ib-cr5; blaOXA-1,False,0.15384615384615385,False,0.5747472626978233,0.8550645935707271,False
1677,EW036_RS22660,ridA,gene,2,1,genome,2,annotation_mediated,0,0,2,0,1,B36,aac(6')-Ib-cr5; blaOXA-1,False,0.15384615384615385,False,0.5747472626978233,0.8550645935707271,False
1678,EW036_RS22900,rplI,gene,2,1,genome,2,annotation_mediated,0,0,2,0,1,B36,aac(6')-Ib-cr5; blaOXA-1,False,0.15384615384615385,False,0.5747472626978233,0.8550645935707271,False
1679,EW036_RS22905,rpsR,gene,2,1,genome,2,annotation_mediated,0,0,2,0,1,B36,aac(6')-Ib-cr5; blaOXA-1,False,0.15384615384615385,False,0.5747472626978233,0.8550645935707271,False
1680,EW036_RS22915,rpsF,gene,2,1,genome,2,annotation_mediated,0,0,2,0,1,B36,aac(6')-Ib-cr5; blaOXA-1,False,0.15384615384615385,False,0.5747472626978233,0.8550645935707271,False
1681,EW036_RS23015,rlmB,gene,2,1,genome,2,annotation_mediated,0,0,2,0,1,B36,aac(6')-Ib-cr5; blaOXA-1,False,0.15384615384615385,False,0.5747472626978233,0.8550645935707271,False
1682,EW036_RS23020,rnr,gene,2,1,genome,2,annotation_mediated,0,0,2,0,1,B36,aac(6')-Ib-cr5; blaOXA-1,False,0.15384615384615385,False,0.5747472626978233,0.8550645935707271,False
1683,EW036_RS23050,hflX,gene,2,1,genome,2,annotation_mediated,0,0,2,0,1,B36,aac(6')-Ib-cr5; blaOXA-1,False,0.15384615384615385,False,0.5747472626978233,0.8550645935707271,False
1684,EW036_RS23055,hfq,gene,2,1,genome,2,annotation_mediated,0,0,2,0,1,B36,aac(6')-Ib-cr5; blaOXA-1,False,0.15384615384615385,False,0.5747472626978233,0.8550645935707271,False
1685,EW036_RS23060,miaA,gene,2,1,genome,2,annotation_mediated,0,0,2,0,1,B36,aac(6')-Ib-cr5; blaOXA-1,False,0.15384615384615385,False,0.5747472626978233,0.8550645935707271,False
1686,EW036_RS23115,rsgA,gene,2,1,genome,2,annotation_mediated,0,0,2,0,1,B36,aac(6')-Ib-cr5; blaOXA-1,False,0.15384615384615385,False,0.5747472626978233,0.8550645935707271,False
1687,EW036_RS23140,epmA,gene,2,1,genome,2,annotation_mediated,0,0,2,0,1,B36,aac(6')-Ib-cr5; blaOXA-1,False,0.15384615384615385,False,0.5747472626978233,0.8550645935707271,False
1688,EW036_RS23190,efp,gene,2,1,genome,2,annotation_mediated,0,0,2,0,1,B36,aac(6')-Ib-cr5; blaOXA-1,False,0.15384615384615385,False,0.5747472626978233,0.8550645935707271,False
1689,EW036_RS23285,lysS,gene,2,1,genome,2,annotation_mediated,0,0,2,0,1,B36,aac(6')-Ib-cr5; blaOXA-1,False,0.15384615384615385,False,0.5747472626978233,0.8550645935707271,False
1690,EW036_RS23850,dusA,gene,2,1,genome,2,annotation_mediated,0,0,2,0,1,B36,aac(6')-Ib-cr5; blaOXA-1,False,0.15384615384615385,False,0.5747472626978233,0.8550645935707271,False
1691,EW036_RS23975,rluF,gene,2,1,genome,2,annotation_mediated,0,0,2,0,1,B36,aac(6')-Ib-cr5; blaOXA-1,False,0.15384615384615385,False,0.5747472626978233,0.8550645935707271,False
1692,EW036_RS24195,rplL,gene,2,1,genome,2,annotation_mediated,0,0,2,0,1,B36,aac(6')-Ib-cr5; blaOXA-1,False,0.15384615384615385,False,0.5747472626978233,0.8550645935707271,False
1693,EW036_RS24200,rplJ,gene,2,1,genome,2,annotation_mediated,0,0,2,0,1,B36,aac(6')-Ib-cr5; blaOXA-1,False,0.15384615384615385,False,0.5747472626978233,0.8550645935707271,False
1694,EW036_RS24205,rplA,gene,2,1,genome,2,annotation_mediated,0,0,2,0,1,B36,aac(6')-Ib-cr5; blaOXA-1,False,0.15384615384615385,False,0.5747472626978233,0.8550645935707271,False
1695,EW036_RS24210,rplK,gene,2,1,genome,2,annotation_mediated,0,0,2,0,1,B36,aac(6')-Ib-cr5; blaOXA-1,False,0.15384615384615385,False,0.5747472626978233,0.8550645935707271,False
1696,EW036_RS24225,tuf,gene,2,1,genome,2,annotation_mediated,0,0,2,0,1,B36,aac(6')-Ib-cr5; blaOXA-1,False,0.15384615384615385,False,0.5747472626978233,0.8550645935707271,False
1697,EW036_RS24300,trmA,gene,2,1,genome,2,annotation_mediated,0,0,2,0,1,B36,aac(6')-Ib-cr5; blaOXA-1,False,0.15384615384615385,False,0.5747472626978233,0.8550645935707271,False
1698,EW036_RS24460,rpmE,gene,2,1,genome,2,annotation_mediated,0,0,2,0,1,B36,aac(6')-Ib-cr5; blaOXA-1,False,0.15384615384615385,False,0.5747472626978233,0.8550645935707271,False
1699,EW036_RS24645,fdhD,gene,2,1,genome,2,annotation_mediated,0,0,2,0,1,B36,aac(6')-Ib-cr5; blaOXA-1,False,0.15384615384615385,False,0.5747472626978233,0.8550645935707271,False
1700,EW036_RS24730,dtd,gene,2,1,genome,2,annotation_mediated,0,0,2,0,1,B36,aac(6')-Ib-cr5; blaOXA-1,False,0.15384615384615385,False,0.5747472626978233,0.8550645935707271,False
1701,EW036_RS25340,rhlB,gene,2,1,genome,2,annotation_mediated,0,0,2,0,1,B36,aac(6')-Ib-cr5; blaOXA-1,False,0.15384615384615385,False,0.5747472626978233,0.8550645935707271,False
1702,EW036_RS25525,rsmG,gene,2,1,genome,2,annotation_mediated,0,0,2,0,1,B36,aac(6')-Ib-cr5; blaOXA-1,False,0.15384615384615385,False,0.5747472626978233,0.8550645935707271,False
1703,EW036_RS25700,mnmE,gene,2,1,genome,2,annotation_mediated,0,0,2,0,1,B36,aac(6')-Ib-cr5; blaOXA-1,False,0.15384615384615385,False,0.5747472626978233,0.8550645935707271,False
1704,EW036_RS25715,rnpA,gene,2,1,genome,2,annotation_mediated,0,0,2,0,1,B36,aac(6')-Ib-cr5; blaOXA-1,False,0.15384615384615385,False,0.5747472626978233,0.8550645935707271,False
1705,EW036_RS25720,rpmH,gene,2,1,genome,2,annotation_mediated,0,0,2,0,1,B36,aac(6')-Ib-cr5; blaOXA-1,False,0.15384615384615385,False,0.5747472626978233,0.8550645935707271,False
1706,EW035_RS07795,ompC,gene,2,1,genome,2,annotation_mediated,0,0,2,0,1,MS_14386,blaTEM-1b; blaTEM-215,False,0.15384615384615385,False,0.5747472626978233,0.8550645935707271,False
1707,EW035_RS08475,baeR,gene,2,1,genome,2,annotation_mediated,0,0,2,0,1,MS_14386,blaTEM-1b; blaTEM-215,False,0.15384615384615385,False,0.5747472626978233,0.8550645935707271,False
1708,EW035_RS08670,galF,gene,2,1,genome,2,annotation_mediated,0,0,2,0,1,MS_14386,blaTEM-1b; blaTEM-215,False,0.15384615384615385,False,0.5747472626978233,0.8550645935707271,False
1709,EW035_RS11115,fumB,gene,2,1,genome,2,annotation_mediated,0,0,2,0,1,MS_14386,blaTEM-1b; blaTEM-215,False,0.15384615384615385,False,0.5747472626978233,0.8550645935707271,False
1710,EW035_RS11120,fumC,gene,2,1,genome,2,annotation_mediated,0,0,2,0,1,MS_14386,blaTEM-1b; blaTEM-215,False,0.15384615384615385,False,0.5747472626978233,0.8550645935707271,False
1711,EW035_RS11455,lsrF,gene,2,1,genome,2,annotation_mediated,0,0,2,0,1,MS_14386,blaTEM-1b; blaTEM-215,False,0.15384615384615385,False,0.5747472626978233,0.8550645935707271,False
1712,EW035_RS11665,adhP,gene,2,1,genome,2,annotation_mediated,0,0,2,0,1,MS_14386,blaTEM-1b; blaTEM-215,False,0.15384615384615385,False,0.5747472626978233,0.8550645935707271,False
1713,EW035_RS11930,mnaT,gene,2,1,genome,2,annotation_mediated,0,0,2,0,1,MS_14386,blaTEM-1b; blaTEM-215,False,0.15384615384615385,False,0.5747472626978233,0.8550645935707271,False
1714,EW035_RS12270,nifJ,gene,2,1,genome,2,annotation_mediated,0,0,2,0,1,MS_14386,blaTEM-1b; blaTEM-215,False,0.15384615384615385,False,0.5747472626978233,0.8550645935707271,False
1715,EW035_RS12575,fabI,gene,2,1,genome,2,annotation_mediated,0,0,2,0,1,MS_14386,blaTEM-1b; blaTEM-215,False,0.15384615384615385,False,0.5747472626978233,0.8550645935707271,False
1716,EW035_RS12645,acnA,gene,2,1,genome,2,annotation_mediated,0,0,2,0,1,MS_14386,blaTEM-1b; blaTEM-215,False,0.15384615384615385,False,0.5747472626978233,0.8550645935707271,False
1717,EW035_RS12855,adhE,gene,2,1,genome,2,annotation_mediated,0,0,2,0,1,MS_14386,blaTEM-1b; blaTEM-215,False,0.15384615384615385,False,0.5747472626978233,0.8550645935707271,False
1718,EW035_RS12870,galU,gene,2,1,genome,2,annotation_mediated,0,0,2,0,1,MS_14386,blaTEM-1b; blaTEM-215,False,0.15384615384615385,False,0.5747472626978233,0.8550645935707271,False
1719,EW035_RS13290,icd,gene,2,1,genome,2,annotation_mediated,0,0,2,0,1,MS_14386,blaTEM-1b; blaTEM-215,False,0.15384615384615385,False,0.5747472626978233,0.8550645935707271,False
1720,EW035_RS13495,fabG,gene,2,1,genome,2,annotation_mediated,0,0,2,0,1,MS_14386,blaTEM-1b; blaTEM-215,False,0.15384615384615385,False,0.5747472626978233,0.8550645935707271,False
1721,EW035_RS13500,fabD,gene,2,1,genome,2,annotation_mediated,0,0,2,0,1,MS_14386,blaTEM-1b; blaTEM-215,False,0.15384615384615385,False,0.5747472626978233,0.8550645935707271,False
1722,EW035_RS13840,putA,gene,2,1,genome,2,annotation_mediated,0,0,2,0,1,MS_14386,blaTEM-1b; blaTEM-215,False,0.15384615384615385,False,0.5747472626978233,0.8550645935707271,False
1723,EW035_RS14280,ompF,gene,2,1,genome,2,annotation_mediated,0,0,2,0,1,MS_14386,blaTEM-1b; blaTEM-215,False,0.15384615384615385,False,0.5747472626978233,0.8550645935707271,False
1724,EW035_RS14390,serC,gene,2,1,genome,2,annotation_mediated,0,0,2,0,1,MS_14386,blaTEM-1b; blaTEM-215,False,0.15384615384615385,False,0.5747472626978233,0.8550645935707271,False
1725,EW035_RS15765,sucD,gene,2,1,genome,2,annotation_mediated,0,0,2,0,1,MS_14386,blaTEM-1b; blaTEM-215,False,0.15384615384615385,False,0.5747472626978233,0.8550645935707271,False
1726,EW035_RS15775,odhB,gene,2,1,genome,2,annotation_mediated,0,0,2,0,1,MS_14386,blaTEM-1b; blaTEM-215,False,0.15384615384615385,False,0.5747472626978233,0.8550645935707271,False
1727,EW035_RS15785,sdhB,gene,2,1,genome,2,annotation_mediated,0,0,2,0,1,MS_14386,blaTEM-1b; blaTEM-215,False,0.15384615384615385,False,0.5747472626978233,0.8550645935707271,False
1728,EW035_RS15790,sdhA,gene,2,1,genome,2,annotation_mediated,0,0,2,0,1,MS_14386,blaTEM-1b; blaTEM-215,False,0.15384615384615385,False,0.5747472626978233,0.8550645935707271,False
1729,EW035_RS15795,sdhD,gene,2,1,genome,2,annotation_mediated,0,0,2,0,1,MS_14386,blaTEM-1b; blaTEM-215,False,0.15384615384615385,False,0.5747472626978233,0.8550645935707271,False
1730,EW035_RS15810,gltA,gene,2,1,genome,2,annotation_mediated,0,0,2,0,1,MS_14386,blaTEM-1b; blaTEM-215,False,0.15384615384615385,False,0.5747472626978233,0.8550645935707271,False
1731,EW035_RS16115,nagC,gene,2,1,genome,2,annotation_mediated,0,0,2,0,1,MS_14386,blaTEM-1b; blaTEM-215,False,0.15384615384615385,False,0.5747472626978233,0.8550645935707271,False
1732,EW035_RS16495,entA,gene,2,1,genome,2,annotation_mediated,0,0,2,0,1,MS_14386,blaTEM-1b; blaTEM-215,False,0.15384615384615385,False,0.5747472626978233,0.8550645935707271,False
1733,EW035_RS16500,entB,gene,2,1,genome,2,annotation_mediated,0,0,2,0,1,MS_14386,blaTEM-1b; blaTEM-215,False,0.15384615384615385,False,0.5747472626978233,0.8550645935707271,False
1734,EW035_RS16505,entE,gene,2,1,genome,2,annotation_mediated,0,0,2,0,1,MS_14386,blaTEM-1b; blaTEM-215,False,0.15384615384615385,False,0.5747472626978233,0.8550645935707271,False
1735,EW035_RS16510,entC,gene,2,1,genome,2,annotation_mediated,0,0,2,0,1,MS_14386,blaTEM-1b; blaTEM-215,False,0.15384615384615385,False,0.5747472626978233,0.8550645935707271,False
1736,EW035_RS16545,entF,gene,2,1,genome,2,annotation_mediated,0,0,2,0,1,MS_14386,blaTEM-1b; blaTEM-215,False,0.15384615384615385,False,0.5747472626978233,0.8550645935707271,False
1737,EW035_RS17205,ispA,gene,2,1,genome,2,annotation_mediated,0,0,2,0,1,MS_14386,blaTEM-1b; blaTEM-215,False,0.15384615384615385,False,0.5747472626978233,0.8550645935707271,False
1738,EW035_RS17495,frmA,gene,2,1,genome,2,annotation_mediated,0,0,2,0,1,MS_14386,blaTEM-1b; blaTEM-215,False,0.15384615384615385,False,0.5747472626978233,0.8550645935707271,False
1739,EW035_RS18625,accA,gene,2,1,genome,2,annotation_mediated,0,0,2,0,1,MS_14386,blaTEM-1b; blaTEM-215,False,0.15384615384615385,False,0.5747472626978233,0.8550645935707271,False
1740,EW035_RS18685,ispC,gene,2,1,genome,2,annotation_mediated,0,0,2,0,1,MS_14386,blaTEM-1b; blaTEM-215,False,0.15384615384615385,False,0.5747472626978233,0.8550645935707271,False
1741,EW035_RS18955,acnB,gene,2,1,genome,2,annotation_mediated,0,0,2,0,1,MS_14386,blaTEM-1b; blaTEM-215,False,0.15384615384615385,False,0.5747472626978233,0.8550645935707271,False
1742,EW035_RS19385,ispH,gene,2,1,genome,2,annotation_mediated,0,0,2,0,1,MS_14386,blaTEM-1b; blaTEM-215,False,0.15384615384615385,False,0.5747472626978233,0.8550645935707271,False
1743,EW035_RS20900,frdA,gene,2,1,genome,2,annotation_mediated,0,0,2,0,1,MS_14386,blaTEM-1b; blaTEM-215,False,0.15384615384615385,False,0.5747472626978233,0.8550645935707271,False
1744,EW035_RS20905,frdB,gene,2,1,genome,2,annotation_mediated,0,0,2,0,1,MS_14386,blaTEM-1b; blaTEM-215,False,0.15384615384615385,False,0.5747472626978233,0.8550645935707271,False
1745,EW035_RS20910,frdC,gene,2,1,genome,2,annotation_mediated,0,0,2,0,1,MS_14386,blaTEM-1b; blaTEM-215,False,0.15384615384615385,False,0.5747472626978233,0.8550645935707271,False
1746,EW035_RS21085,fumB,gene,2,1,genome,2,annotation_mediated,0,0,2,0,1,MS_14386,blaTEM-1b; blaTEM-215,False,0.15384615384615385,False,0.5747472626978233,0.8550645935707271,False
1747,EW035_RS22660,fadB,gene,2,1,genome,2,annotation_mediated,0,0,2,0,1,MS_14386,blaTEM-1b; blaTEM-215,False,0.15384615384615385,False,0.5747472626978233,0.8550645935707271,False
1748,EW035_RS22665,fadA,gene,2,1,genome,2,annotation_mediated,0,0,2,0,1,MS_14386,blaTEM-1b; blaTEM-215,False,0.15384615384615385,False,0.5747472626978233,0.8550645935707271,False
1749,EW035_RS22730,ysgA,gene,2,1,genome,2,annotation_mediated,0,0,2,0,1,MS_14386,blaTEM-1b; blaTEM-215,False,0.15384615384615385,False,0.5747472626978233,0.8550645935707271,False
1750,EW035_RS22935,rfbA,gene,2,1,genome,2,annotation_mediated,0,0,2,0,1,MS_14386,blaTEM-1b; blaTEM-215,False,0.15384615384615385,False,0.5747472626978233,0.8550645935707271,False
1751,EW035_RS22940,rffG,gene,2,1,genome,2,annotation_mediated,0,0,2,0,1,MS_14386,blaTEM-1b; blaTEM-215,False,0.15384615384615385,False,0.5747472626978233,0.8550645935707271,False
1752,EW035_RS23035,ilvG,gene,2,1,genome,2,annotation_mediated,0,0,2,0,1,MS_14386,blaTEM-1b; blaTEM-215,False,0.15384615384615385,False,0.5747472626978233,0.8550645935707271,False
1753,EW035_RS23225,glmU,gene,2,1,genome,2,annotation_mediated,0,0,2,0,1,MS_14386,blaTEM-1b; blaTEM-215,False,0.15384615384615385,False,0.5747472626978233,0.8550645935707271,False
1754,EW035_RS23230,glmS,gene,2,1,genome,2,annotation_mediated,0,0,2,0,1,MS_14386,blaTEM-1b; blaTEM-215,False,0.15384615384615385,False,0.5747472626978233,0.8550645935707271,False
1755,EW035_RS06775,cysP,gene,2,1,genome,2,annotation_mediated,0,0,2,0,1,MS_14386,blaTEM-215; floR,False,0.15384615384615385,False,0.5747472626978233,0.8550645935707271,False
1756,EW035_RS06820,ptsH,gene,2,1,genome,2,annotation_mediated,0,0,2,0,1,MS_14386,blaTEM-215; floR,False,0.15384615384615385,False,0.5747472626978233,0.8550645935707271,False
1757,EW035_RS00030,yidA,gene,2,1,genome,2,annotation_mediated,0,0,2,0,1,MS_14386,aac(3)-IId; mph(A),False,0.15384615384615385,False,0.5747472626978233,0.8550645935707271,False
1758,EW035_RS00075,yidQ,gene,2,1,genome,2,annotation_mediated,0,0,2,0,1,MS_14386,aac(3)-IId; mph(A),False,0.15384615384615385,False,0.5747472626978233,0.8550645935707271,False
1759,EW035_RS00205,yicN,gene,2,1,genome,2,annotation_mediated,0,0,2,0,1,MS_14386,aac(3)-IId; mph(A),False,0.15384615384615385,False,0.5747472626978233,0.8550645935707271,False
1760,EW035_RS00315,yicC,gene,2,1,genome,2,annotation_mediated,0,0,2,0,1,MS_14386,aac(3)-IId; mph(A),False,0.15384615384615385,False,0.5747472626978233,0.8550645935707271,False
1761,EW035_RS00450,yibQ,gene,2,1,genome,2,annotation_mediated,0,0,2,0,1,MS_14386,aac(3)-IId; mph(A),False,0.15384615384615385,False,0.5747472626978233,0.8550645935707271,False
1762,EW035_RS00530,yibL,gene,2,1,genome,2,annotation_mediated,0,0,2,0,1,MS_14386,aac(3)-IId; mph(A),False,0.15384615384615385,False,0.5747472626978233,0.8550645935707271,False
1763,EW035_RS00535,yibT,gene,2,1,genome,2,annotation_mediated,0,0,2,0,1,MS_14386,aac(3)-IId; mph(A),False,0.15384615384615385,False,0.5747472626978233,0.8550645935707271,False
1764,EW035_RS00610,nan,gene,2,1,genome,2,annotation_mediated,0,0,2,0,1,MS_14386,aac(3)-IId; mph(A),False,0.15384615384615385,False,0.5747472626978233,0.8550645935707271,False
1765,EW035_RS00775,yiaF,gene,2,1,genome,2,annotation_mediated,0,0,2,0,1,MS_14386,aac(3)-IId; mph(A),False,0.15384615384615385,False,0.5747472626978233,0.8550645935707271,False
1766,EW035_RS00890,bcsG,gene,2,1,genome,2,annotation_mediated,0,0,2,0,1,MS_14386,aac(3)-IId; mph(A),False,0.15384615384615385,False,0.5747472626978233,0.8550645935707271,False
1767,EW035_RS00900,bcsE,gene,2,1,genome,2,annotation_mediated,0,0,2,0,1,MS_14386,aac(3)-IId; mph(A),False,0.15384615384615385,False,0.5747472626978233,0.8550645935707271,False
1768,EW035_RS00945,yhjJ,gene,2,1,genome,2,annotation_mediated,0,0,2,0,1,MS_14386,aac(3)-IId; mph(A),False,0.15384615384615385,False,0.5747472626978233,0.8550645935707271,False
1769,EW035_RS00970,yhjD,gene,2,1,genome,2,annotation_mediated,0,0,2,0,1,MS_14386,aac(3)-IId; mph(A),False,0.15384615384615385,False,0.5747472626978233,0.8550645935707271,False
1770,EW035_RS01140,yhiN,gene,2,1,genome,2,annotation_mediated,0,0,2,0,1,MS_14386,aac(3)-IId; mph(A),False,0.15384615384615385,False,0.5747472626978233,0.8550645935707271,False
1771,EW035_RS01180,copM,gene,2,1,genome,2,annotation_mediated,0,0,2,0,1,MS_14386,aac(3)-IId; mph(A),False,0.15384615384615385,False,0.5747472626978233,0.8550645935707271,False
1772,EW035_RS01185,silE,gene,2,1,genome,2,annotation_mediated,0,0,2,0,1,MS_14386,aac(3)-IId; mph(A),False,0.15384615384615385,False,0.5747472626978233,0.8550645935707271,False
1773,EW035_RS01220,nan,gene,2,1,genome,2,annotation_mediated,0,0,2,0,1,MS_14386,aac(3)-IId; mph(A),False,0.15384615384615385,False,0.5747472626978233,0.8550645935707271,False
1774,EW035_RS01240,nan,gene,2,1,genome,2,annotation_mediated,0,0,2,0,1,MS_14386,aac(3)-IId; mph(A),False,0.15384615384615385,False,0.5747472626978233,0.8550645935707271,False
1775,EW035_RS01255,pcoC,gene,2,1,genome,2,annotation_mediated,0,0,2,0,1,MS_14386,aac(3)-IId; mph(A),False,0.15384615384615385,False,0.5747472626978233,0.8550645935707271,False
1776,EW035_RS01275,pcoE,gene,2,1,genome,2,annotation_mediated,0,0,2,0,1,MS_14386,aac(3)-IId; mph(A),False,0.15384615384615385,False,0.5747472626978233,0.8550645935707271,False
1777,EW035_RS01315,nan,gene,2,1,genome,2,annotation_mediated,0,0,2,0,1,MS_14386,aac(3)-IId; mph(A),False,0.15384615384615385,False,0.5747472626978233,0.8550645935707271,False
1778,EW035_RS01365,dcrB,gene,2,1,genome,2,annotation_mediated,0,0,2,0,1,MS_14386,aac(3)-IId; mph(A),False,0.15384615384615385,False,0.5747472626978233,0.8550645935707271,False
1779,EW035_RS01390,yhhM,gene,2,1,genome,2,annotation_mediated,0,0,2,0,1,MS_14386,aac(3)-IId; mph(A),False,0.15384615384615385,False,0.5747472626978233,0.8550645935707271,False
1780,EW035_RS01485,yhhA,gene,2,1,genome,2,annotation_mediated,0,0,2,0,1,MS_14386,aac(3)-IId; mph(A),False,0.15384615384615385,False,0.5747472626978233,0.8550645935707271,False
1781,EW035_RS01500,yhhX,gene,2,1,genome,2,annotation_mediated,0,0,2,0,1,MS_14386,aac(3)-IId; mph(A),False,0.15384615384615385,False,0.5747472626978233,0.8550645935707271,False
1782,EW035_RS01505,yhhW,gene,2,1,genome,2,annotation_mediated,0,0,2,0,1,MS_14386,aac(3)-IId; mph(A),False,0.15384615384615385,False,0.5747472626978233,0.8550645935707271,False
1783,EW035_RS01590,glpG,gene,2,1,genome,2,annotation_mediated,0,0,2,0,1,MS_14386,aac(3)-IId; mph(A),False,0.15384615384615385,False,0.5747472626978233,0.8550645935707271,False
1784,EW035_RS01725,igaA,gene,2,1,genome,2,annotation_mediated,0,0,2,0,1,MS_14386,aac(3)-IId; mph(A),False,0.15384615384615385,False,0.5747472626978233,0.8550645935707271,False
1785,EW035_RS01875,yhfG,gene,2,1,genome,2,annotation_mediated,0,0,2,0,1,MS_14386,aac(3)-IId; mph(A),False,0.15384615384615385,False,0.5747472626978233,0.8550645935707271,False
1786,EW035_RS01925,yheS,gene,2,1,genome,2,annotation_mediated,0,0,2,0,1,MS_14386,aac(3)-IId; mph(A),False,0.15384615384615385,False,0.5747472626978233,0.8550645935707271,False
1787,EW035_RS01930,kefG,gene,2,1,genome,2,annotation_mediated,0,0,2,0,1,MS_14386,aac(3)-IId; mph(A),False,0.15384615384615385,False,0.5747472626978233,0.8550645935707271,False
1788,EW035_RS01960,yheO,gene,2,1,genome,2,annotation_mediated,0,0,2,0,1,MS_14386,aac(3)-IId; mph(A),False,0.15384615384615385,False,0.5747472626978233,0.8550645935707271,False
1789,EW035_RS02290,yrdB,gene,2,1,genome,2,annotation_mediated,0,0,2,0,1,MS_14386,aac(3)-IId; mph(A),False,0.15384615384615385,False,0.5747472626978233,0.8550645935707271,False
1790,EW035_RS02295,yrdA,gene,2,1,genome,2,annotation_mediated,0,0,2,0,1,MS_14386,aac(3)-IId; mph(A),False,0.15384615384615385,False,0.5747472626978233,0.8550645935707271,False
1791,EW035_RS02465,yhdP,gene,2,1,genome,2,annotation_mediated,0,0,2,0,1,MS_14386,aac(3)-IId; mph(A),False,0.15384615384615385,False,0.5747472626978233,0.8550645935707271,False
1792,EW035_RS02470,tldD,gene,2,1,genome,2,annotation_mediated,0,0,2,0,1,MS_14386,aac(3)-IId; mph(A),False,0.15384615384615385,False,0.5747472626978233,0.8550645935707271,False
1793,EW035_RS02525,zapG,gene,2,1,genome,2,annotation_mediated,0,0,2,0,1,MS_14386,aac(3)-IId; mph(A),False,0.15384615384615385,False,0.5747472626978233,0.8550645935707271,False
1794,EW035_RS02555,sspB,gene,2,1,genome,2,annotation_mediated,0,0,2,0,1,MS_14386,aac(3)-IId; mph(A),False,0.15384615384615385,False,0.5747472626978233,0.8550645935707271,False
1795,EW035_RS02595,nan,gene,2,1,genome,2,annotation_mediated,0,0,2,0,1,MS_14386,aac(3)-IId; mph(A),False,0.15384615384615385,False,0.5747472626978233,0.8550645935707271,False
1796,EW035_RS02645,rapZ,gene,2,1,genome,2,annotation_mediated,0,0,2,0,1,MS_14386,aac(3)-IId; mph(A),False,0.15384615384615385,False,0.5747472626978233,0.8550645935707271,False
1797,EW035_RS02670,lptA,gene,2,1,genome,2,annotation_mediated,0,0,2,0,1,MS_14386,aac(3)-IId; mph(A),False,0.15384615384615385,False,0.5747472626978233,0.8550645935707271,False
1798,EW035_RS02755,cgtA,gene,2,1,genome,2,annotation_mediated,0,0,2,0,1,MS_14386,aac(3)-IId; mph(A),False,0.15384615384615385,False,0.5747472626978233,0.8550645935707271,False
1799,EW035_RS02895,yhbS,gene,2,1,genome,2,annotation_mediated,0,0,2,0,1,MS_14386,aac(3)-IId; mph(A),False,0.15384615384615385,False,0.5747472626978233,0.8550645935707271,False
1800,EW035_RS02910,yhbO,gene,2,1,genome,2,annotation_mediated,0,0,2,0,1,MS_14386,aac(3)-IId; mph(A),False,0.15384615384615385,False,0.5747472626978233,0.8550645935707271,False
1801,EW035_RS02925,dolP,gene,2,1,genome,2,annotation_mediated,0,0,2,0,1,MS_14386,aac(3)-IId; mph(A),False,0.15384615384615385,False,0.5747472626978233,0.8550645935707271,False
1802,EW035_RS03130,cyuA,gene,2,1,genome,2,annotation_mediated,0,0,2,0,1,MS_14386,aac(3)-IId; mph(A),False,0.15384615384615385,False,0.5747472626978233,0.8550645935707271,False
1803,EW035_RS03140,yhaK,gene,2,1,genome,2,annotation_mediated,0,0,2,0,1,MS_14386,aac(3)-IId; mph(A),False,0.15384615384615385,False,0.5747472626978233,0.8550645935707271,False
1804,EW035_RS03155,yhaH,gene,2,1,genome,2,annotation_mediated,0,0,2,0,1,MS_14386,aac(3)-IId; mph(A),False,0.15384615384615385,False,0.5747472626978233,0.8550645935707271,False
1805,EW035_RS03170,yqjK,gene,2,1,genome,2,annotation_mediated,0,0,2,0,1,MS_14386,aac(3)-IId; mph(A),False,0.15384615384615385,False,0.5747472626978233,0.8550645935707271,False
1806,EW035_RS03175,yqjE,gene,2,1,genome,2,annotation_mediated,0,0,2,0,1,MS_14386,aac(3)-IId; mph(A),False,0.15384615384615385,False,0.5747472626978233,0.8550645935707271,False
1807,EW035_RS03180,yqjD,gene,2,1,genome,2,annotation_mediated,0,0,2,0,1,MS_14386,aac(3)-IId; mph(A),False,0.15384615384615385,False,0.5747472626978233,0.8550645935707271,False
1808,EW035_RS03185,yqjC,gene,2,1,genome,2,annotation_mediated,0,0,2,0,1,MS_14386,aac(3)-IId; mph(A),False,0.15384615384615385,False,0.5747472626978233,0.8550645935707271,False
1809,EW035_RS03255,ygjR,gene,2,1,genome,2,annotation_mediated,0,0,2,0,1,MS_14386,aac(3)-IId; mph(A),False,0.15384615384615385,False,0.5747472626978233,0.8550645935707271,False
1810,EW035_RS03425,ygiF,gene,2,1,genome,2,annotation_mediated,0,0,2,0,1,MS_14386,aac(3)-IId; mph(A),False,0.15384615384615385,False,0.5747472626978233,0.8550645935707271,False
1811,EW035_RS03460,glgS,gene,2,1,genome,2,annotation_mediated,0,0,2,0,1,MS_14386,aac(3)-IId; mph(A),False,0.15384615384615385,False,0.5747472626978233,0.8550645935707271,False
1812,EW035_RS03485,ubiK,gene,2,1,genome,2,annotation_mediated,0,0,2,0,1,MS_14386,aac(3)-IId; mph(A),False,0.15384615384615385,False,0.5747472626978233,0.8550645935707271,False
1813,EW035_RS03535,yqiA,gene,2,1,genome,2,annotation_mediated,0,0,2,0,1,MS_14386,aac(3)-IId; mph(A),False,0.15384615384615385,False,0.5747472626978233,0.8550645935707271,False
1814,EW035_RS03545,ygiN,gene,2,1,genome,2,annotation_mediated,0,0,2,0,1,MS_14386,aac(3)-IId; mph(A),False,0.15384615384615385,False,0.5747472626978233,0.8550645935707271,False
1815,EW035_RS03550,mdaB,gene,2,1,genome,2,annotation_mediated,0,0,2,0,1,MS_14386,aac(3)-IId; mph(A),False,0.15384615384615385,False,0.5747472626978233,0.8550645935707271,False
1816,EW035_RS03570,ygiW,gene,2,1,genome,2,annotation_mediated,0,0,2,0,1,MS_14386,aac(3)-IId; mph(A),False,0.15384615384615385,False,0.5747472626978233,0.8550645935707271,False
1817,EW035_RS03610,dkgA,gene,2,1,genome,2,annotation_mediated,0,0,2,0,1,MS_14386,aac(3)-IId; mph(A),False,0.15384615384615385,False,0.5747472626978233,0.8550645935707271,False
1818,EW035_RS03945,yggL,gene,2,1,genome,2,annotation_mediated,0,0,2,0,1,MS_14386,aac(3)-IId; mph(A),False,0.15384615384615385,False,0.5747472626978233,0.8550645935707271,False
1819,EW035_RS03950,yggN,gene,2,1,genome,2,annotation_mediated,0,0,2,0,1,MS_14386,aac(3)-IId; mph(A),False,0.15384615384615385,False,0.5747472626978233,0.8550645935707271,False
1820,EW035_RS03990,yggU,gene,2,1,genome,2,annotation_mediated,0,0,2,0,1,MS_14386,aac(3)-IId; mph(A),False,0.15384615384615385,False,0.5747472626978233,0.8550645935707271,False
1821,EW035_RS03995,yggT,gene,2,1,genome,2,annotation_mediated,0,0,2,0,1,MS_14386,aac(3)-IId; mph(A),False,0.15384615384615385,False,0.5747472626978233,0.8550645935707271,False
1822,EW035_RS04000,yggS,gene,2,1,genome,2,annotation_mediated,0,0,2,0,1,MS_14386,aac(3)-IId; mph(A),False,0.15384615384615385,False,0.5747472626978233,0.8550645935707271,False
1823,EW035_RS04175,yggE,gene,2,1,genome,2,annotation_mediated,0,0,2,0,1,MS_14386,aac(3)-IId; mph(A),False,0.15384615384615385,False,0.5747472626978233,0.8550645935707271,False
1824,EW035_RS04300,yqfB,gene,2,1,genome,2,annotation_mediated,0,0,2,0,1,MS_14386,aac(3)-IId; mph(A),False,0.15384615384615385,False,0.5747472626978233,0.8550645935707271,False
1825,EW035_RS04310,ygfZ,gene,2,1,genome,2,annotation_mediated,0,0,2,0,1,MS_14386,aac(3)-IId; mph(A),False,0.15384615384615385,False,0.5747472626978233,0.8550645935707271,False
1826,EW035_RS04315,sdhE,gene,2,1,genome,2,annotation_mediated,0,0,2,0,1,MS_14386,aac(3)-IId; mph(A),False,0.15384615384615385,False,0.5747472626978233,0.8550645935707271,False
1827,EW035_RS04695,ygdR,gene,2,1,genome,2,annotation_mediated,0,0,2,0,1,MS_14386,aac(3)-IId; mph(A),False,0.15384615384615385,False,0.5747472626978233,0.8550645935707271,False
1828,EW035_RS04980,csdE,gene,2,1,genome,2,annotation_mediated,0,0,2,0,1,MS_14386,aac(3)-IId; mph(A),False,0.15384615384615385,False,0.5747472626978233,0.8550645935707271,False
1829,EW035_RS05270,cas5e,gene,2,1,genome,2,annotation_mediated,0,0,2,0,1,MS_14386,aac(3)-IId; mph(A),False,0.15384615384615385,False,0.5747472626978233,0.8550645935707271,False
1830,EW035_RS05290,iap,gene,2,1,genome,2,annotation_mediated,0,0,2,0,1,MS_14386,aac(3)-IId; mph(A),False,0.15384615384615385,False,0.5747472626978233,0.8550645935707271,False
1831,EW035_RS05370,otnK,gene,2,1,genome,2,annotation_mediated,0,0,2,0,1,MS_14386,aac(3)-IId; mph(A),False,0.15384615384615385,False,0.5747472626978233,0.8550645935707271,False
1832,EW035_RS05620,yqaB,gene,2,1,genome,2,annotation_mediated,0,0,2,0,1,MS_14386,aac(3)-IId; mph(A),False,0.15384615384615385,False,0.5747472626978233,0.8550645935707271,False
1833,EW035_RS05705,ygaM,gene,2,1,genome,2,annotation_mediated,0,0,2,0,1,MS_14386,aac(3)-IId; mph(A),False,0.15384615384615385,False,0.5747472626978233,0.8550645935707271,False
1834,EW035_RS05710,ygaC,gene,2,1,genome,2,annotation_mediated,0,0,2,0,1,MS_14386,aac(3)-IId; mph(A),False,0.15384615384615385,False,0.5747472626978233,0.8550645935707271,False
1835,EW035_RS05740,kbp,gene,2,1,genome,2,annotation_mediated,0,0,2,0,1,MS_14386,aac(3)-IId; mph(A),False,0.15384615384615385,False,0.5747472626978233,0.8550645935707271,False
1836,EW035_RS05820,yfjF,gene,2,1,genome,2,annotation_mediated,0,0,2,0,1,MS_14386,aac(3)-IId; mph(A),False,0.15384615384615385,False,0.5747472626978233,0.8550645935707271,False
1837,EW035_RS05860,ypjD,gene,2,1,genome,2,annotation_mediated,0,0,2,0,1,MS_14386,aac(3)-IId; mph(A),False,0.15384615384615385,False,0.5747472626978233,0.8550645935707271,False
1838,EW035_RS06015,grcA,gene,2,1,genome,2,annotation_mediated,0,0,2,0,1,MS_14386,aac(3)-IId; mph(A),False,0.15384615384615385,False,0.5747472626978233,0.8550645935707271,False
1839,EW035_RS06085,era,gene,2,1,genome,2,annotation_mediated,0,0,2,0,1,MS_14386,aac(3)-IId; mph(A),False,0.15384615384615385,False,0.5747472626978233,0.8550645935707271,False
1840,EW035_RS06175,yphG,gene,2,1,genome,2,annotation_mediated,0,0,2,0,1,MS_14386,aac(3)-IId; mph(A),False,0.15384615384615385,False,0.5747472626978233,0.8550645935707271,False
1841,EW035_RS06280,iscA,gene,2,1,genome,2,annotation_mediated,0,0,2,0,1,MS_14386,aac(3)-IId; mph(A),False,0.15384615384615385,False,0.5747472626978233,0.8550645935707271,False
1842,EW035_RS06310,sseB,gene,2,1,genome,2,annotation_mediated,0,0,2,0,1,MS_14386,aac(3)-IId; mph(A),False,0.15384615384615385,False,0.5747472626978233,0.8550645935707271,False
1843,EW035_RS06320,yfhM,gene,2,1,genome,2,annotation_mediated,0,0,2,0,1,MS_14386,aac(3)-IId; mph(A),False,0.15384615384615385,False,0.5747472626978233,0.8550645935707271,False
1844,EW035_RS06355,yfgM,gene,2,1,genome,2,annotation_mediated,0,0,2,0,1,MS_14386,aac(3)-IId; mph(A),False,0.15384615384615385,False,0.5747472626978233,0.8550645935707271,False
1845,EW035_RS06450,bepA,gene,2,1,genome,2,annotation_mediated,0,0,2,0,1,MS_14386,aac(3)-IId; mph(A),False,0.15384615384615385,False,0.5747472626978233,0.8550645935707271,False
1846,EW035_RS06555,vapC,gene,2,1,genome,2,annotation_mediated,0,0,2,0,1,MS_14386,aac(3)-IId; mph(A),False,0.15384615384615385,False,0.5747472626978233,0.8550645935707271,False
1847,EW035_RS06560,ypfJ,gene,2,1,genome,2,annotation_mediated,0,0,2,0,1,MS_14386,aac(3)-IId; mph(A),False,0.15384615384615385,False,0.5747472626978233,0.8550645935707271,False
1848,EW035_RS06570,ypfH,gene,2,1,genome,2,annotation_mediated,0,0,2,0,1,MS_14386,aac(3)-IId; mph(A),False,0.15384615384615385,False,0.5747472626978233,0.8550645935707271,False
1849,EW035_RS06575,ypfN,gene,2,1,genome,2,annotation_mediated,0,0,2,0,1,MS_14386,aac(3)-IId; mph(A),False,0.15384615384615385,False,0.5747472626978233,0.8550645935707271,False
1850,EW035_RS06740,yfeY,gene,2,1,genome,2,annotation_mediated,0,0,2,0,1,MS_14386,aac(3)-IId; mph(A),False,0.15384615384615385,False,0.5747472626978233,0.8550645935707271,False
1851,EW035_RS06845,ypeB,gene,2,1,genome,2,annotation_mediated,0,0,2,0,1,MS_14386,aac(3)-IId; mph(A),False,0.15384615384615385,False,0.5747472626978233,0.8550645935707271,False
1852,EW035_RS06850,yfeH,gene,2,1,genome,2,annotation_mediated,0,0,2,0,1,MS_14386,aac(3)-IId; mph(A),False,0.15384615384615385,False,0.5747472626978233,0.8550645935707271,False
1853,EW035_RS07140,nan,gene,2,1,genome,2,annotation_mediated,0,0,2,0,1,MS_14386,aac(3)-IId; mph(A),False,0.15384615384615385,False,0.5747472626978233,0.8550645935707271,False
1854,EW035_RS07245,smrB,gene,2,1,genome,2,annotation_mediated,0,0,2,0,1,MS_14386,aac(3)-IId; mph(A),False,0.15384615384615385,False,0.5747472626978233,0.8550645935707271,False
1855,EW035_RS07275,yfcL,gene,2,1,genome,2,annotation_mediated,0,0,2,0,1,MS_14386,aac(3)-IId; mph(A),False,0.15384615384615385,False,0.5747472626978233,0.8550645935707271,False
1856,EW035_RS07380,yfcH,gene,2,1,genome,2,annotation_mediated,0,0,2,0,1,MS_14386,aac(3)-IId; mph(A),False,0.15384615384615385,False,0.5747472626978233,0.8550645935707271,False
1857,EW035_RS07430,yfbU,gene,2,1,genome,2,annotation_mediated,0,0,2,0,1,MS_14386,aac(3)-IId; mph(A),False,0.15384615384615385,False,0.5747472626978233,0.8550645935707271,False
1858,EW035_RS07435,hxpA,gene,2,1,genome,2,annotation_mediated,0,0,2,0,1,MS_14386,aac(3)-IId; mph(A),False,0.15384615384615385,False,0.5747472626978233,0.8550645935707271,False
1859,EW035_RS07545,elaA,gene,2,1,genome,2,annotation_mediated,0,0,2,0,1,MS_14386,aac(3)-IId; mph(A),False,0.15384615384615385,False,0.5747472626978233,0.8550645935707271,False
1860,EW035_RS07585,pmrD,gene,2,1,genome,2,annotation_mediated,0,0,2,0,1,MS_14386,aac(3)-IId; mph(A),False,0.15384615384615385,False,0.5747472626978233,0.8550645935707271,False
1861,EW035_RS07635,yfaZ,gene,2,1,genome,2,annotation_mediated,0,0,2,0,1,MS_14386,aac(3)-IId; mph(A),False,0.15384615384615385,False,0.5747472626978233,0.8550645935707271,False
1862,EW035_RS07640,yfaY,gene,2,1,genome,2,annotation_mediated,0,0,2,0,1,MS_14386,aac(3)-IId; mph(A),False,0.15384615384615385,False,0.5747472626978233,0.8550645935707271,False
1863,EW035_RS07935,yejM,gene,2,1,genome,2,annotation_mediated,0,0,2,0,1,MS_14386,aac(3)-IId; mph(A),False,0.15384615384615385,False,0.5747472626978233,0.8550645935707271,False
1864,EW035_RS07940,yejL,gene,2,1,genome,2,annotation_mediated,0,0,2,0,1,MS_14386,aac(3)-IId; mph(A),False,0.15384615384615385,False,0.5747472626978233,0.8550645935707271,False
1865,EW035_RS07945,yejK,gene,2,1,genome,2,annotation_mediated,0,0,2,0,1,MS_14386,aac(3)-IId; mph(A),False,0.15384615384615385,False,0.5747472626978233,0.8550645935707271,False
1866,EW035_RS08010,yeiR,gene,2,1,genome,2,annotation_mediated,0,0,2,0,1,MS_14386,aac(3)-IId; mph(A),False,0.15384615384615385,False,0.5747472626978233,0.8550645935707271,False
1867,EW035_RS08115,yeiG,gene,2,1,genome,2,annotation_mediated,0,0,2,0,1,MS_14386,aac(3)-IId; mph(A),False,0.15384615384615385,False,0.5747472626978233,0.8550645935707271,False
1868,EW035_RS08165,sanA,gene,2,1,genome,2,annotation_mediated,0,0,2,0,1,MS_14386,aac(3)-IId; mph(A),False,0.15384615384615385,False,0.5747472626978233,0.8550645935707271,False
1869,EW035_RS08270,yehS,gene,2,1,genome,2,annotation_mediated,0,0,2,0,1,MS_14386,aac(3)-IId; mph(A),False,0.15384615384615385,False,0.5747472626978233,0.8550645935707271,False
1870,EW035_RS08355,rcnB,gene,2,1,genome,2,annotation_mediated,0,0,2,0,1,MS_14386,aac(3)-IId; mph(A),False,0.15384615384615385,False,0.5747472626978233,0.8550645935707271,False
1871,EW035_RS08455,yegR,gene,2,1,genome,2,annotation_mediated,0,0,2,0,1,MS_14386,aac(3)-IId; mph(A),False,0.15384615384615385,False,0.5747472626978233,0.8550645935707271,False
1872,EW035_RS08680,nan,gene,2,1,genome,2,annotation_mediated,0,0,2,0,1,MS_14386,aac(3)-IId; mph(A),False,0.15384615384615385,False,0.5747472626978233,0.8550645935707271,False
1873,EW035_RS08895,tmaR,gene,2,1,genome,2,annotation_mediated,0,0,2,0,1,MS_14386,aac(3)-IId; mph(A),False,0.15384615384615385,False,0.5747472626978233,0.8550645935707271,False
1874,EW035_RS09265,mtfA,gene,2,1,genome,2,annotation_mediated,0,0,2,0,1,MS_14386,aac(3)-IId; mph(A),False,0.15384615384615385,False,0.5747472626978233,0.8550645935707271,False
1875,EW035_RS09295,hiuH,gene,2,1,genome,2,annotation_mediated,0,0,2,0,1,MS_14386,aac(3)-IId; mph(A),False,0.15384615384615385,False,0.5747472626978233,0.8550645935707271,False
1876,EW035_RS09350,yedI,gene,2,1,genome,2,annotation_mediated,0,0,2,0,1,MS_14386,aac(3)-IId; mph(A),False,0.15384615384615385,False,0.5747472626978233,0.8550645935707271,False
1877,EW035_RS09355,yodC,gene,2,1,genome,2,annotation_mediated,0,0,2,0,1,MS_14386,aac(3)-IId; mph(A),False,0.15384615384615385,False,0.5747472626978233,0.8550645935707271,False
1878,EW035_RS09375,yodD,gene,2,1,genome,2,annotation_mediated,0,0,2,0,1,MS_14386,aac(3)-IId; mph(A),False,0.15384615384615385,False,0.5747472626978233,0.8550645935707271,False
1879,EW035_RS09550,yecF,gene,2,1,genome,2,annotation_mediated,0,0,2,0,1,MS_14386,aac(3)-IId; mph(A),False,0.15384615384615385,False,0.5747472626978233,0.8550645935707271,False
1880,EW035_RS09620,yecJ,gene,2,1,genome,2,annotation_mediated,0,0,2,0,1,MS_14386,aac(3)-IId; mph(A),False,0.15384615384615385,False,0.5747472626978233,0.8550645935707271,False
1881,EW035_RS09745,yecM,gene,2,1,genome,2,annotation_mediated,0,0,2,0,1,MS_14386,aac(3)-IId; mph(A),False,0.15384615384615385,False,0.5747472626978233,0.8550645935707271,False
1882,EW035_RS09895,yebG,gene,2,1,genome,2,annotation_mediated,0,0,2,0,1,MS_14386,aac(3)-IId; mph(A),False,0.15384615384615385,False,0.5747472626978233,0.8550645935707271,False
1883,EW035_RS09900,yebF,gene,2,1,genome,2,annotation_mediated,0,0,2,0,1,MS_14386,aac(3)-IId; mph(A),False,0.15384615384615385,False,0.5747472626978233,0.8550645935707271,False
1884,EW035_RS09905,yebE,gene,2,1,genome,2,annotation_mediated,0,0,2,0,1,MS_14386,aac(3)-IId; mph(A),False,0.15384615384615385,False,0.5747472626978233,0.8550645935707271,False
1885,EW035_RS09920,yobB,gene,2,1,genome,2,annotation_mediated,0,0,2,0,1,MS_14386,aac(3)-IId; mph(A),False,0.15384615384615385,False,0.5747472626978233,0.8550645935707271,False
1886,EW035_RS09930,yobA,gene,2,1,genome,2,annotation_mediated,0,0,2,0,1,MS_14386,aac(3)-IId; mph(A),False,0.15384615384615385,False,0.5747472626978233,0.8550645935707271,False
1887,EW035_RS09940,yebY,gene,2,1,genome,2,annotation_mediated,0,0,2,0,1,MS_14386,aac(3)-IId; mph(A),False,0.15384615384615385,False,0.5747472626978233,0.8550645935707271,False
1888,EW035_RS09955,yebV,gene,2,1,genome,2,annotation_mediated,0,0,2,0,1,MS_14386,aac(3)-IId; mph(A),False,0.15384615384615385,False,0.5747472626978233,0.8550645935707271,False
1889,EW035_RS10185,yoaF,gene,2,1,genome,2,annotation_mediated,0,0,2,0,1,MS_14386,aac(3)-IId; mph(A),False,0.15384615384615385,False,0.5747472626978233,0.8550645935707271,False
1890,EW035_RS10190,yeaO,gene,2,1,genome,2,annotation_mediated,0,0,2,0,1,MS_14386,aac(3)-IId; mph(A),False,0.15384615384615385,False,0.5747472626978233,0.8550645935707271,False
1891,EW035_RS10215,yeaK,gene,2,1,genome,2,annotation_mediated,0,0,2,0,1,MS_14386,aac(3)-IId; mph(A),False,0.15384615384615385,False,0.5747472626978233,0.8550645935707271,False
1892,EW035_RS10230,yeaH,gene,2,1,genome,2,annotation_mediated,0,0,2,0,1,MS_14386,aac(3)-IId; mph(A),False,0.15384615384615385,False,0.5747472626978233,0.8550645935707271,False
1893,EW035_RS10245,yeaE,gene,2,1,genome,2,annotation_mediated,0,0,2,0,1,MS_14386,aac(3)-IId; mph(A),False,0.15384615384615385,False,0.5747472626978233,0.8550645935707271,False
1894,EW035_RS10265,yeaC,gene,2,1,genome,2,annotation_mediated,0,0,2,0,1,MS_14386,aac(3)-IId; mph(A),False,0.15384615384615385,False,0.5747472626978233,0.8550645935707271,False
1895,EW035_RS10350,ynjH,gene,2,1,genome,2,annotation_mediated,0,0,2,0,1,MS_14386,aac(3)-IId; mph(A),False,0.15384615384615385,False,0.5747472626978233,0.8550645935707271,False
1896,EW035_RS10380,ynjB,gene,2,1,genome,2,annotation_mediated,0,0,2,0,1,MS_14386,aac(3)-IId; mph(A),False,0.15384615384615385,False,0.5747472626978233,0.8550645935707271,False
1897,EW035_RS10520,hxpB,gene,2,1,genome,2,annotation_mediated,0,0,2,0,1,MS_14386,aac(3)-IId; mph(A),False,0.15384615384615385,False,0.5747472626978233,0.8550645935707271,False
1898,EW035_RS10525,yniB,gene,2,1,genome,2,annotation_mediated,0,0,2,0,1,MS_14386,aac(3)-IId; mph(A),False,0.15384615384615385,False,0.5747472626978233,0.8550645935707271,False
1899,EW035_RS10625,selO,gene,2,1,genome,2,annotation_mediated,0,0,2,0,1,MS_14386,aac(3)-IId; mph(A),False,0.15384615384615385,False,0.5747472626978233,0.8550645935707271,False
1900,EW035_RS10720,ydiK,gene,2,1,genome,2,annotation_mediated,0,0,2,0,1,MS_14386,aac(3)-IId; mph(A),False,0.15384615384615385,False,0.5747472626978233,0.8550645935707271,False
1901,EW035_RS10735,ydiH,gene,2,1,genome,2,annotation_mediated,0,0,2,0,1,MS_14386,aac(3)-IId; mph(A),False,0.15384615384615385,False,0.5747472626978233,0.8550645935707271,False
1902,EW035_RS10740,sufA,gene,2,1,genome,2,annotation_mediated,0,0,2,0,1,MS_14386,aac(3)-IId; mph(A),False,0.15384615384615385,False,0.5747472626978233,0.8550645935707271,False
1903,EW035_RS10765,sufE,gene,2,1,genome,2,annotation_mediated,0,0,2,0,1,MS_14386,aac(3)-IId; mph(A),False,0.15384615384615385,False,0.5747472626978233,0.8550645935707271,False
1904,EW035_RS10785,fumD,gene,2,1,genome,2,annotation_mediated,0,0,2,0,1,MS_14386,aac(3)-IId; mph(A),False,0.15384615384615385,False,0.5747472626978233,0.8550645935707271,False
1905,EW035_RS10820,ydhS,gene,2,1,genome,2,annotation_mediated,0,0,2,0,1,MS_14386,aac(3)-IId; mph(A),False,0.15384615384615385,False,0.5747472626978233,0.8550645935707271,False
1906,EW035_RS10825,ydhR,gene,2,1,genome,2,annotation_mediated,0,0,2,0,1,MS_14386,aac(3)-IId; mph(A),False,0.15384615384615385,False,0.5747472626978233,0.8550645935707271,False
1907,EW035_RS10930,ydhF,gene,2,1,genome,2,annotation_mediated,0,0,2,0,1,MS_14386,aac(3)-IId; mph(A),False,0.15384615384615385,False,0.5747472626978233,0.8550645935707271,False
1908,EW035_RS11050,ydgJ,gene,2,1,genome,2,annotation_mediated,0,0,2,0,1,MS_14386,aac(3)-IId; mph(A),False,0.15384615384615385,False,0.5747472626978233,0.8550645935707271,False
1909,EW035_RS11105,ydgA,gene,2,1,genome,2,annotation_mediated,0,0,2,0,1,MS_14386,aac(3)-IId; mph(A),False,0.15384615384615385,False,0.5747472626978233,0.8550645935707271,False
1910,EW035_RS11155,ydgH,gene,2,1,genome,2,annotation_mediated,0,0,2,0,1,MS_14386,aac(3)-IId; mph(A),False,0.15384615384615385,False,0.5747472626978233,0.8550645935707271,False
1911,EW035_RS11230,dmsD,gene,2,1,genome,2,annotation_mediated,0,0,2,0,1,MS_14386,aac(3)-IId; mph(A),False,0.15384615384615385,False,0.5747472626978233,0.8550645935707271,False
1912,EW035_RS11255,ynfD,gene,2,1,genome,2,annotation_mediated,0,0,2,0,1,MS_14386,aac(3)-IId; mph(A),False,0.15384615384615385,False,0.5747472626978233,0.8550645935707271,False
1913,EW035_RS11270,ynfB,gene,2,1,genome,2,annotation_mediated,0,0,2,0,1,MS_14386,aac(3)-IId; mph(A),False,0.15384615384615385,False,0.5747472626978233,0.8550645935707271,False
1914,EW035_RS11300,ydfZ,gene,2,1,genome,2,annotation_mediated,0,0,2,0,1,MS_14386,aac(3)-IId; mph(A),False,0.15384615384615385,False,0.5747472626978233,0.8550645935707271,False
1915,EW035_RS11310,ydfG,gene,2,1,genome,2,annotation_mediated,0,0,2,0,1,MS_14386,aac(3)-IId; mph(A),False,0.15384615384615385,False,0.5747472626978233,0.8550645935707271,False
1916,EW035_RS11320,ydeJ,gene,2,1,genome,2,annotation_mediated,0,0,2,0,1,MS_14386,aac(3)-IId; mph(A),False,0.15384615384615385,False,0.5747472626978233,0.8550645935707271,False
1917,EW035_RS11325,ydeI,gene,2,1,genome,2,annotation_mediated,0,0,2,0,1,MS_14386,aac(3)-IId; mph(A),False,0.15384615384615385,False,0.5747472626978233,0.8550645935707271,False
1918,EW035_RS11500,hipA,gene,2,1,genome,2,annotation_mediated,0,0,2,0,1,MS_14386,aac(3)-IId; mph(A),False,0.15384615384615385,False,0.5747472626978233,0.8550645935707271,False
1919,EW035_RS11730,yddE,gene,2,1,genome,2,annotation_mediated,0,0,2,0,1,MS_14386,aac(3)-IId; mph(A),False,0.15384615384615385,False,0.5747472626978233,0.8550645935707271,False
1920,EW035_RS11740,yddH,gene,2,1,genome,2,annotation_mediated,0,0,2,0,1,MS_14386,aac(3)-IId; mph(A),False,0.15384615384615385,False,0.5747472626978233,0.8550645935707271,False
1921,EW035_RS11910,yncE,gene,2,1,genome,2,annotation_mediated,0,0,2,0,1,MS_14386,aac(3)-IId; mph(A),False,0.15384615384615385,False,0.5747472626978233,0.8550645935707271,False
1922,EW035_RS11925,curA,gene,2,1,genome,2,annotation_mediated,0,0,2,0,1,MS_14386,aac(3)-IId; mph(A),False,0.15384615384615385,False,0.5747472626978233,0.8550645935707271,False
1923,EW035_RS11940,ydcY,gene,2,1,genome,2,annotation_mediated,0,0,2,0,1,MS_14386,aac(3)-IId; mph(A),False,0.15384615384615385,False,0.5747472626978233,0.8550645935707271,False
1924,EW035_RS11955,nan,gene,2,1,genome,2,annotation_mediated,0,0,2,0,1,MS_14386,aac(3)-IId; mph(A),False,0.15384615384615385,False,0.5747472626978233,0.8550645935707271,False
1925,EW035_RS12055,ydcH,gene,2,1,genome,2,annotation_mediated,0,0,2,0,1,MS_14386,aac(3)-IId; mph(A),False,0.15384615384615385,False,0.5747472626978233,0.8550645935707271,False
1926,EW035_RS12065,hglS,gene,2,1,genome,2,annotation_mediated,0,0,2,0,1,MS_14386,aac(3)-IId; mph(A),False,0.15384615384615385,False,0.5747472626978233,0.8550645935707271,False
1927,EW035_RS12110,ydcF,gene,2,1,genome,2,annotation_mediated,0,0,2,0,1,MS_14386,aac(3)-IId; mph(A),False,0.15384615384615385,False,0.5747472626978233,0.8550645935707271,False
1928,EW035_RS12155,paaY,gene,2,1,genome,2,annotation_mediated,0,0,2,0,1,MS_14386,aac(3)-IId; mph(A),False,0.15384615384615385,False,0.5747472626978233,0.8550645935707271,False
1929,EW035_RS12250,ydbH,gene,2,1,genome,2,annotation_mediated,0,0,2,0,1,MS_14386,aac(3)-IId; mph(A),False,0.15384615384615385,False,0.5747472626978233,0.8550645935707271,False
1930,EW035_RS12365,ycjY,gene,2,1,genome,2,annotation_mediated,0,0,2,0,1,MS_14386,aac(3)-IId; mph(A),False,0.15384615384615385,False,0.5747472626978233,0.8550645935707271,False
1931,EW035_RS12400,ycjF,gene,2,1,genome,2,annotation_mediated,0,0,2,0,1,MS_14386,aac(3)-IId; mph(A),False,0.15384615384615385,False,0.5747472626978233,0.8550645935707271,False
1932,EW035_RS12405,ycjX,gene,2,1,genome,2,annotation_mediated,0,0,2,0,1,MS_14386,aac(3)-IId; mph(A),False,0.15384615384615385,False,0.5747472626978233,0.8550645935707271,False
1933,EW035_RS12485,pspB,gene,2,1,genome,2,annotation_mediated,0,0,2,0,1,MS_14386,aac(3)-IId; mph(A),False,0.15384615384615385,False,0.5747472626978233,0.8550645935707271,False
1934,EW035_RS12580,yciW,gene,2,1,genome,2,annotation_mediated,0,0,2,0,1,MS_14386,aac(3)-IId; mph(A),False,0.15384615384615385,False,0.5747472626978233,0.8550645935707271,False
1935,EW035_RS12630,lapA,gene,2,1,genome,2,annotation_mediated,0,0,2,0,1,MS_14386,aac(3)-IId; mph(A),False,0.15384615384615385,False,0.5747472626978233,0.8550645935707271,False
1936,EW035_RS12675,yciN,gene,2,1,genome,2,annotation_mediated,0,0,2,0,1,MS_14386,aac(3)-IId; mph(A),False,0.15384615384615385,False,0.5747472626978233,0.8550645935707271,False
1937,EW035_RS12760,yciF,gene,2,1,genome,2,annotation_mediated,0,0,2,0,1,MS_14386,aac(3)-IId; mph(A),False,0.15384615384615385,False,0.5747472626978233,0.8550645935707271,False
1938,EW035_RS12765,yciE,gene,2,1,genome,2,annotation_mediated,0,0,2,0,1,MS_14386,aac(3)-IId; mph(A),False,0.15384615384615385,False,0.5747472626978233,0.8550645935707271,False
1939,EW035_RS12800,yciI,gene,2,1,genome,2,annotation_mediated,0,0,2,0,1,MS_14386,aac(3)-IId; mph(A),False,0.15384615384615385,False,0.5747472626978233,0.8550645935707271,False
1940,EW035_RS12820,yciU,gene,2,1,genome,2,annotation_mediated,0,0,2,0,1,MS_14386,aac(3)-IId; mph(A),False,0.15384615384615385,False,0.5747472626978233,0.8550645935707271,False
1941,EW035_RS12880,rssA,gene,2,1,genome,2,annotation_mediated,0,0,2,0,1,MS_14386,aac(3)-IId; mph(A),False,0.15384615384615385,False,0.5747472626978233,0.8550645935707271,False
1942,EW035_RS13070,dhaL,gene,2,1,genome,2,annotation_mediated,0,0,2,0,1,MS_14386,aac(3)-IId; mph(A),False,0.15384615384615385,False,0.5747472626978233,0.8550645935707271,False
1943,EW035_RS13125,ycgB,gene,2,1,genome,2,annotation_mediated,0,0,2,0,1,MS_14386,aac(3)-IId; mph(A),False,0.15384615384615385,False,0.5747472626978233,0.8550645935707271,False
1944,EW035_RS13170,nan,gene,2,1,genome,2,annotation_mediated,0,0,2,0,1,MS_14386,aac(3)-IId; mph(A),False,0.15384615384615385,False,0.5747472626978233,0.8550645935707271,False
1945,EW035_RS13175,pliG,gene,2,1,genome,2,annotation_mediated,0,0,2,0,1,MS_14386,aac(3)-IId; mph(A),False,0.15384615384615385,False,0.5747472626978233,0.8550645935707271,False
1946,EW035_RS13310,hflD,gene,2,1,genome,2,annotation_mediated,0,0,2,0,1,MS_14386,aac(3)-IId; mph(A),False,0.15384615384615385,False,0.5747472626978233,0.8550645935707271,False
1947,EW035_RS13330,roxA,gene,2,1,genome,2,annotation_mediated,0,0,2,0,1,MS_14386,aac(3)-IId; mph(A),False,0.15384615384615385,False,0.5747472626978233,0.8550645935707271,False
1948,EW035_RS13410,ycfJ,gene,2,1,genome,2,annotation_mediated,0,0,2,0,1,MS_14386,aac(3)-IId; mph(A),False,0.15384615384615385,False,0.5747472626978233,0.8550645935707271,False
1949,EW035_RS13420,ycfP,gene,2,1,genome,2,annotation_mediated,0,0,2,0,1,MS_14386,aac(3)-IId; mph(A),False,0.15384615384615385,False,0.5747472626978233,0.8550645935707271,False
1950,EW035_RS13475,yceG,gene,2,1,genome,2,annotation_mediated,0,0,2,0,1,MS_14386,aac(3)-IId; mph(A),False,0.15384615384615385,False,0.5747472626978233,0.8550645935707271,False
1951,EW035_RS13520,yceD,gene,2,1,genome,2,annotation_mediated,0,0,2,0,1,MS_14386,aac(3)-IId; mph(A),False,0.15384615384615385,False,0.5747472626978233,0.8550645935707271,False
1952,EW035_RS13620,yceM,gene,2,1,genome,2,annotation_mediated,0,0,2,0,1,MS_14386,aac(3)-IId; mph(A),False,0.15384615384615385,False,0.5747472626978233,0.8550645935707271,False
1953,EW035_RS13625,yceH,gene,2,1,genome,2,annotation_mediated,0,0,2,0,1,MS_14386,aac(3)-IId; mph(A),False,0.15384615384615385,False,0.5747472626978233,0.8550645935707271,False
1954,EW035_RS13645,yceB,gene,2,1,genome,2,annotation_mediated,0,0,2,0,1,MS_14386,aac(3)-IId; mph(A),False,0.15384615384615385,False,0.5747472626978233,0.8550645935707271,False
1955,EW035_RS13680,yceI,gene,2,1,genome,2,annotation_mediated,0,0,2,0,1,MS_14386,aac(3)-IId; mph(A),False,0.15384615384615385,False,0.5747472626978233,0.8550645935707271,False
1956,EW035_RS13700,msyB,gene,2,1,genome,2,annotation_mediated,0,0,2,0,1,MS_14386,aac(3)-IId; mph(A),False,0.15384615384615385,False,0.5747472626978233,0.8550645935707271,False
1957,EW035_RS13730,ymdB,gene,2,1,genome,2,annotation_mediated,0,0,2,0,1,MS_14386,aac(3)-IId; mph(A),False,0.15384615384615385,False,0.5747472626978233,0.8550645935707271,False
1958,EW035_RS13780,ycdY,gene,2,1,genome,2,annotation_mediated,0,0,2,0,1,MS_14386,aac(3)-IId; mph(A),False,0.15384615384615385,False,0.5747472626978233,0.8550645935707271,False
1959,EW035_RS13895,wrbA,gene,2,1,genome,2,annotation_mediated,0,0,2,0,1,MS_14386,aac(3)-IId; mph(A),False,0.15384615384615385,False,0.5747472626978233,0.8550645935707271,False
1960,EW035_RS13900,yccJ,gene,2,1,genome,2,annotation_mediated,0,0,2,0,1,MS_14386,aac(3)-IId; mph(A),False,0.15384615384615385,False,0.5747472626978233,0.8550645935707271,False
1961,EW035_RS13905,agp,gene,2,1,genome,2,annotation_mediated,0,0,2,0,1,MS_14386,aac(3)-IId; mph(A),False,0.15384615384615385,False,0.5747472626978233,0.8550645935707271,False
1962,EW035_RS13960,gnsA,gene,2,1,genome,2,annotation_mediated,0,0,2,0,1,MS_14386,aac(3)-IId; mph(A),False,0.15384615384615385,False,0.5747472626978233,0.8550645935707271,False
1963,EW035_RS13995,gfcC,gene,2,1,genome,2,annotation_mediated,0,0,2,0,1,MS_14386,aac(3)-IId; mph(A),False,0.15384615384615385,False,0.5747472626978233,0.8550645935707271,False
1964,EW035_RS14020,appA,gene,2,1,genome,2,annotation_mediated,0,0,2,0,1,MS_14386,aac(3)-IId; mph(A),False,0.15384615384615385,False,0.5747472626978233,0.8550645935707271,False
1965,EW035_RS14045,hyaE,gene,2,1,genome,2,annotation_mediated,0,0,2,0,1,MS_14386,aac(3)-IId; mph(A),False,0.15384615384615385,False,0.5747472626978233,0.8550645935707271,False
1966,EW035_RS14100,yccU,gene,2,1,genome,2,annotation_mediated,0,0,2,0,1,MS_14386,aac(3)-IId; mph(A),False,0.15384615384615385,False,0.5747472626978233,0.8550645935707271,False
1967,EW035_RS14120,yccF,gene,2,1,genome,2,annotation_mediated,0,0,2,0,1,MS_14386,aac(3)-IId; mph(A),False,0.15384615384615385,False,0.5747472626978233,0.8550645935707271,False
1968,EW035_RS14125,yccS,gene,2,1,genome,2,annotation_mediated,0,0,2,0,1,MS_14386,aac(3)-IId; mph(A),False,0.15384615384615385,False,0.5747472626978233,0.8550645935707271,False
1969,EW035_RS14165,pqiC,gene,2,1,genome,2,annotation_mediated,0,0,2,0,1,MS_14386,aac(3)-IId; mph(A),False,0.15384615384615385,False,0.5747472626978233,0.8550645935707271,False
1970,EW035_RS14180,uup,gene,2,1,genome,2,annotation_mediated,0,0,2,0,1,MS_14386,aac(3)-IId; mph(A),False,0.15384615384615385,False,0.5747472626978233,0.8550645935707271,False
1971,EW035_RS14330,ycbJ,gene,2,1,genome,2,annotation_mediated,0,0,2,0,1,MS_14386,aac(3)-IId; mph(A),False,0.15384615384615385,False,0.5747472626978233,0.8550645935707271,False
1972,EW035_RS14340,ycaR,gene,2,1,genome,2,annotation_mediated,0,0,2,0,1,MS_14386,aac(3)-IId; mph(A),False,0.15384615384615385,False,0.5747472626978233,0.8550645935707271,False
1973,EW035_RS14400,ycaO,gene,2,1,genome,2,annotation_mediated,0,0,2,0,1,MS_14386,aac(3)-IId; mph(A),False,0.15384615384615385,False,0.5747472626978233,0.8550645935707271,False
1974,EW035_RS14455,nan,gene,2,1,genome,2,annotation_mediated,0,0,2,0,1,MS_14386,aac(3)-IId; mph(A),False,0.15384615384615385,False,0.5747472626978233,0.8550645935707271,False
1975,EW035_RS14805,ybjQ,gene,2,1,genome,2,annotation_mediated,0,0,2,0,1,MS_14386,aac(3)-IId; mph(A),False,0.15384615384615385,False,0.5747472626978233,0.8550645935707271,False
1976,EW035_RS14935,nan,gene,2,1,genome,2,annotation_mediated,0,0,2,0,1,MS_14386,aac(3)-IId; mph(A),False,0.15384615384615385,False,0.5747472626978233,0.8550645935707271,False
1977,EW035_RS15055,nan,gene,2,1,genome,2,annotation_mediated,0,0,2,0,1,MS_14386,aac(3)-IId; mph(A),False,0.15384615384615385,False,0.5747472626978233,0.8550645935707271,False
1978,EW035_RS15145,ybjI,gene,2,1,genome,2,annotation_mediated,0,0,2,0,1,MS_14386,aac(3)-IId; mph(A),False,0.15384615384615385,False,0.5747472626978233,0.8550645935707271,False
1979,EW035_RS15185,bssR,gene,2,1,genome,2,annotation_mediated,0,0,2,0,1,MS_14386,aac(3)-IId; mph(A),False,0.15384615384615385,False,0.5747472626978233,0.8550645935707271,False
1980,EW035_RS15260,ybiU,gene,2,1,genome,2,annotation_mediated,0,0,2,0,1,MS_14386,aac(3)-IId; mph(A),False,0.15384615384615385,False,0.5747472626978233,0.8550645935707271,False
1981,EW035_RS15280,ybiT,gene,2,1,genome,2,annotation_mediated,0,0,2,0,1,MS_14386,aac(3)-IId; mph(A),False,0.15384615384615385,False,0.5747472626978233,0.8550645935707271,False
1982,EW035_RS15365,ybiX,gene,2,1,genome,2,annotation_mediated,0,0,2,0,1,MS_14386,aac(3)-IId; mph(A),False,0.15384615384615385,False,0.5747472626978233,0.8550645935707271,False
1983,EW035_RS15455,ybhL,gene,2,1,genome,2,annotation_mediated,0,0,2,0,1,MS_14386,aac(3)-IId; mph(A),False,0.15384615384615385,False,0.5747472626978233,0.8550645935707271,False
1984,EW035_RS15485,yvcK,gene,2,1,genome,2,annotation_mediated,0,0,2,0,1,MS_14386,aac(3)-IId; mph(A),False,0.15384615384615385,False,0.5747472626978233,0.8550645935707271,False
1985,EW035_RS15520,ybhB,gene,2,1,genome,2,annotation_mediated,0,0,2,0,1,MS_14386,aac(3)-IId; mph(A),False,0.15384615384615385,False,0.5747472626978233,0.8550645935707271,False
1986,EW035_RS15570,ybhA,gene,2,1,genome,2,annotation_mediated,0,0,2,0,1,MS_14386,aac(3)-IId; mph(A),False,0.15384615384615385,False,0.5747472626978233,0.8550645935707271,False
1987,EW035_RS15635,ybgS,gene,2,1,genome,2,annotation_mediated,0,0,2,0,1,MS_14386,aac(3)-IId; mph(A),False,0.15384615384615385,False,0.5747472626978233,0.8550645935707271,False
1988,EW035_RS15845,pxpA,gene,2,1,genome,2,annotation_mediated,0,0,2,0,1,MS_14386,aac(3)-IId; mph(A),False,0.15384615384615385,False,0.5747472626978233,0.8550645935707271,False
1989,EW035_RS15860,ybgI,gene,2,1,genome,2,annotation_mediated,0,0,2,0,1,MS_14386,aac(3)-IId; mph(A),False,0.15384615384615385,False,0.5747472626978233,0.8550645935707271,False
1990,EW035_RS15875,ybgA,gene,2,1,genome,2,annotation_mediated,0,0,2,0,1,MS_14386,aac(3)-IId; mph(A),False,0.15384615384615385,False,0.5747472626978233,0.8550645935707271,False
1991,EW035_RS15995,ybfA,gene,2,1,genome,2,annotation_mediated,0,0,2,0,1,MS_14386,aac(3)-IId; mph(A),False,0.15384615384615385,False,0.5747472626978233,0.8550645935707271,False
1992,EW035_RS16060,ybfF,gene,2,1,genome,2,annotation_mediated,0,0,2,0,1,MS_14386,aac(3)-IId; mph(A),False,0.15384615384615385,False,0.5747472626978233,0.8550645935707271,False
1993,EW035_RS16325,ybeD,gene,2,1,genome,2,annotation_mediated,0,0,2,0,1,MS_14386,aac(3)-IId; mph(A),False,0.15384615384615385,False,0.5747472626978233,0.8550645935707271,False
1994,EW035_RS16350,nan,gene,2,1,genome,2,annotation_mediated,0,0,2,0,1,MS_14386,aac(3)-IId; mph(A),False,0.15384615384615385,False,0.5747472626978233,0.8550645935707271,False
1995,EW035_RS16590,ybdF,gene,2,1,genome,2,annotation_mediated,0,0,2,0,1,MS_14386,aac(3)-IId; mph(A),False,0.15384615384615385,False,0.5747472626978233,0.8550645935707271,False
1996,EW035_RS16650,ybcH,gene,2,1,genome,2,annotation_mediated,0,0,2,0,1,MS_14386,aac(3)-IId; mph(A),False,0.15384615384615385,False,0.5747472626978233,0.8550645935707271,False
1997,EW035_RS16700,ybcJ,gene,2,1,genome,2,annotation_mediated,0,0,2,0,1,MS_14386,aac(3)-IId; mph(A),False,0.15384615384615385,False,0.5747472626978233,0.8550645935707271,False
1998,EW035_RS16765,allE,gene,2,1,genome,2,annotation_mediated,0,0,2,0,1,MS_14386,aac(3)-IId; mph(A),False,0.15384615384615385,False,0.5747472626978233,0.8550645935707271,False
1999,EW035_RS16840,ybbO,gene,2,1,genome,2,annotation_mediated,0,0,2,0,1,MS_14386,aac(3)-IId; mph(A),False,0.15384615384615385,False,0.5747472626978233,0.8550645935707271,False
2000,EW035_RS16850,fetB,gene,2,1,genome,2,annotation_mediated,0,0,2,0,1,MS_14386,aac(3)-IId; mph(A),False,0.15384615384615385,False,0.5747472626978233,0.8550645935707271,False
2001,EW035_RS16905,ybaK,gene,2,1,genome,2,annotation_mediated,0,0,2,0,1,MS_14386,aac(3)-IId; mph(A),False,0.15384615384615385,False,0.5747472626978233,0.8550645935707271,False
2002,EW035_RS16955,ybaB,gene,2,1,genome,2,annotation_mediated,0,0,2,0,1,MS_14386,aac(3)-IId; mph(A),False,0.15384615384615385,False,0.5747472626978233,0.8550645935707271,False
2003,EW035_RS17015,maa,gene,2,1,genome,2,annotation_mediated,0,0,2,0,1,MS_14386,aac(3)-IId; mph(A),False,0.15384615384615385,False,0.5747472626978233,0.8550645935707271,False
2004,EW035_RS17020,ylaC,gene,2,1,genome,2,annotation_mediated,0,0,2,0,1,MS_14386,aac(3)-IId; mph(A),False,0.15384615384615385,False,0.5747472626978233,0.8550645935707271,False
2005,EW035_RS17030,ybaA,gene,2,1,genome,2,annotation_mediated,0,0,2,0,1,MS_14386,aac(3)-IId; mph(A),False,0.15384615384615385,False,0.5747472626978233,0.8550645935707271,False
2006,EW035_RS17045,ybaY,gene,2,1,genome,2,annotation_mediated,0,0,2,0,1,MS_14386,aac(3)-IId; mph(A),False,0.15384615384615385,False,0.5747472626978233,0.8550645935707271,False
2007,EW035_RS17095,fadM,gene,2,1,genome,2,annotation_mediated,0,0,2,0,1,MS_14386,aac(3)-IId; mph(A),False,0.15384615384615385,False,0.5747472626978233,0.8550645935707271,False
2008,EW035_RS17180,yajQ,gene,2,1,genome,2,annotation_mediated,0,0,2,0,1,MS_14386,aac(3)-IId; mph(A),False,0.15384615384615385,False,0.5747472626978233,0.8550645935707271,False
2009,EW035_RS08120,folE,gene,2,1,genome,2,annotation_mediated,0,0,2,0,1,MS_14386,aadA1; aph(3')-Ia,False,0.15384615384615385,False,0.5747472626978233,0.8550645935707271,False
2010,EW035_RS08150,preA,gene,2,1,genome,2,annotation_mediated,0,0,2,0,1,MS_14386,aadA1; aph(3')-Ia,False,0.15384615384615385,False,0.5747472626978233,0.8550645935707271,False
2011,EW035_RS08170,cdd,gene,2,1,genome,2,annotation_mediated,0,0,2,0,1,MS_14386,aadA1; aph(3')-Ia,False,0.15384615384615385,False,0.5747472626978233,0.8550645935707271,False
2012,EW035_RS08450,yegS,gene,2,1,genome,2,annotation_mediated,0,0,2,0,1,MS_14386,aadA1; aph(3')-Ia,False,0.15384615384615385,False,0.5747472626978233,0.8550645935707271,False
2013,EW035_RS08550,udk,gene,2,1,genome,2,annotation_mediated,0,0,2,0,1,MS_14386,aadA1; aph(3')-Ia,False,0.15384615384615385,False,0.5747472626978233,0.8550645935707271,False
2014,EW035_RS08555,dcd,gene,2,1,genome,2,annotation_mediated,0,0,2,0,1,MS_14386,aadA1; aph(3')-Ia,False,0.15384615384615385,False,0.5747472626978233,0.8550645935707271,False
2015,EW035_RS08790,hisIE,gene,2,1,genome,2,annotation_mediated,0,0,2,0,1,MS_14386,aadA1; aph(3')-Ia,False,0.15384615384615385,False,0.5747472626978233,0.8550645935707271,False
2016,EW035_RS08825,hisG,gene,2,1,genome,2,annotation_mediated,0,0,2,0,1,MS_14386,aadA1; aph(3')-Ia,False,0.15384615384615385,False,0.5747472626978233,0.8550645935707271,False
2017,EW035_RS09020,cobT,gene,2,1,genome,2,annotation_mediated,0,0,2,0,1,MS_14386,aadA1; aph(3')-Ia,False,0.15384615384615385,False,0.5747472626978233,0.8550645935707271,False
2018,EW035_RS09210,amn,gene,2,1,genome,2,annotation_mediated,0,0,2,0,1,MS_14386,aadA1; aph(3')-Ia,False,0.15384615384615385,False,0.5747472626978233,0.8550645935707271,False
2019,EW035_RS10075,nudL,gene,2,1,genome,2,annotation_mediated,0,0,2,0,1,MS_14386,aadA1; aph(3')-Ia,False,0.15384615384615385,False,0.5747472626978233,0.8550645935707271,False
2020,EW035_RS10330,selD,gene,2,1,genome,2,annotation_mediated,0,0,2,0,1,MS_14386,aadA1; aph(3')-Ia,False,0.15384615384615385,False,0.5747472626978233,0.8550645935707271,False
2021,EW035_RS10445,nadE,gene,2,1,genome,2,annotation_mediated,0,0,2,0,1,MS_14386,aadA1; aph(3')-Ia,False,0.15384615384615385,False,0.5747472626978233,0.8550645935707271,False
2022,EW035_RS10640,ppsR,gene,2,1,genome,2,annotation_mediated,0,0,2,0,1,MS_14386,aadA1; aph(3')-Ia,False,0.15384615384615385,False,0.5747472626978233,0.8550645935707271,False
2023,EW035_RS10965,anmK,gene,2,1,genome,2,annotation_mediated,0,0,2,0,1,MS_14386,aadA1; aph(3')-Ia,False,0.15384615384615385,False,0.5747472626978233,0.8550645935707271,False
2024,EW035_RS11055,add,gene,2,1,genome,2,annotation_mediated,0,0,2,0,1,MS_14386,aadA1; aph(3')-Ia,False,0.15384615384615385,False,0.5747472626978233,0.8550645935707271,False
2025,EW035_RS12290,dbpA,gene,2,1,genome,2,annotation_mediated,0,0,2,0,1,MS_14386,aadA1; aph(3')-Ia,False,0.15384615384615385,False,0.5747472626978233,0.8550645935707271,False
2026,EW035_RS12620,pyrF,gene,2,1,genome,2,annotation_mediated,0,0,2,0,1,MS_14386,aadA1; aph(3')-Ia,False,0.15384615384615385,False,0.5747472626978233,0.8550645935707271,False
2027,EW035_RS12640,ribA,gene,2,1,genome,2,annotation_mediated,0,0,2,0,1,MS_14386,aadA1; aph(3')-Ia,False,0.15384615384615385,False,0.5747472626978233,0.8550645935707271,False
2028,EW035_RS12860,tdk,gene,2,1,genome,2,annotation_mediated,0,0,2,0,1,MS_14386,aadA1; aph(3')-Ia,False,0.15384615384615385,False,0.5747472626978233,0.8550645935707271,False
2029,EW035_RS12890,purU,gene,2,1,genome,2,annotation_mediated,0,0,2,0,1,MS_14386,aadA1; aph(3')-Ia,False,0.15384615384615385,False,0.5747472626978233,0.8550645935707271,False
2030,EW035_RS13300,nudJ,gene,2,1,genome,2,annotation_mediated,0,0,2,0,1,MS_14386,aadA1; aph(3')-Ia,False,0.15384615384615385,False,0.5747472626978233,0.8550645935707271,False
2031,EW035_RS13470,tmk,gene,2,1,genome,2,annotation_mediated,0,0,2,0,1,MS_14386,aadA1; aph(3')-Ia,False,0.15384615384615385,False,0.5747472626978233,0.8550645935707271,False
2032,EW035_RS13650,pyrC,gene,2,1,genome,2,annotation_mediated,0,0,2,0,1,MS_14386,aadA1; aph(3')-Ia,False,0.15384615384615385,False,0.5747472626978233,0.8550645935707271,False
2033,EW035_RS14200,pyrD,gene,2,1,genome,2,annotation_mediated,0,0,2,0,1,MS_14386,aadA1; aph(3')-Ia,False,0.15384615384615385,False,0.5747472626978233,0.8550645935707271,False
2034,EW035_RS14270,pncB,gene,2,1,genome,2,annotation_mediated,0,0,2,0,1,MS_14386,aadA1; aph(3')-Ia,False,0.15384615384615385,False,0.5747472626978233,0.8550645935707271,False
2035,EW035_RS14350,lpxK,gene,2,1,genome,2,annotation_mediated,0,0,2,0,1,MS_14386,aadA1; aph(3')-Ia,False,0.15384615384615385,False,0.5747472626978233,0.8550645935707271,False
2036,EW035_RS14375,cmk,gene,2,1,genome,2,annotation_mediated,0,0,2,0,1,MS_14386,aadA1; aph(3')-Ia,False,0.15384615384615385,False,0.5747472626978233,0.8550645935707271,False
2037,EW035_RS14875,rimK,gene,2,1,genome,2,annotation_mediated,0,0,2,0,1,MS_14386,aadA1; aph(3')-Ia,False,0.15384615384615385,False,0.5747472626978233,0.8550645935707271,False
2038,EW035_RS15400,rhlE,gene,2,1,genome,2,annotation_mediated,0,0,2,0,1,MS_14386,aadA1; aph(3')-Ia,False,0.15384615384615385,False,0.5747472626978233,0.8550645935707271,False
2039,EW035_RS16105,nagB,gene,2,1,genome,2,annotation_mediated,0,0,2,0,1,MS_14386,aadA1; aph(3')-Ia,False,0.15384615384615385,False,0.5747472626978233,0.8550645935707271,False
2040,EW035_RS16225,rihA,gene,2,1,genome,2,annotation_mediated,0,0,2,0,1,MS_14386,aadA1; aph(3')-Ia,False,0.15384615384615385,False,0.5747472626978233,0.8550645935707271,False
2041,EW035_RS16580,ybdK,gene,2,1,genome,2,annotation_mediated,0,0,2,0,1,MS_14386,aadA1; aph(3')-Ia,False,0.15384615384615385,False,0.5747472626978233,0.8550645935707271,False
2042,EW035_RS16910,ushA,gene,2,1,genome,2,annotation_mediated,0,0,2,0,1,MS_14386,aadA1; aph(3')-Ia,False,0.15384615384615385,False,0.5747472626978233,0.8550645935707271,False
2043,EW035_RS16925,gsk,gene,2,1,genome,2,annotation_mediated,0,0,2,0,1,MS_14386,aadA1; aph(3')-Ia,False,0.15384615384615385,False,0.5747472626978233,0.8550645935707271,False
2044,EW035_RS16960,dnaX,gene,2,1,genome,2,annotation_mediated,0,0,2,0,1,MS_14386,aadA1; aph(3')-Ia,False,0.15384615384615385,False,0.5747472626978233,0.8550645935707271,False
2045,EW035_RS16965,apt,gene,2,1,genome,2,annotation_mediated,0,0,2,0,1,MS_14386,aadA1; aph(3')-Ia,False,0.15384615384615385,False,0.5747472626978233,0.8550645935707271,False
2046,EW035_RS17090,queC,gene,2,1,genome,2,annotation_mediated,0,0,2,0,1,MS_14386,aadA1; aph(3')-Ia,False,0.15384615384615385,False,0.5747472626978233,0.8550645935707271,False
2047,EW035_RS17195,thiI,gene,2,1,genome,2,annotation_mediated,0,0,2,0,1,MS_14386,aadA1; aph(3')-Ia,False,0.15384615384615385,False,0.5747472626978233,0.8550645935707271,False
2048,EW035_RS17225,thiL,gene,2,1,genome,2,annotation_mediated,0,0,2,0,1,MS_14386,aadA1; aph(3')-Ia,False,0.15384615384615385,False,0.5747472626978233,0.8550645935707271,False
2049,EW035_RS17280,tgt,gene,2,1,genome,2,annotation_mediated,0,0,2,0,1,MS_14386,aadA1; aph(3')-Ia,False,0.15384615384615385,False,0.5747472626978233,0.8550645935707271,False
2050,EW035_RS17285,queA,gene,2,1,genome,2,annotation_mediated,0,0,2,0,1,MS_14386,aadA1; aph(3')-Ia,False,0.15384615384615385,False,0.5747472626978233,0.8550645935707271,False
2051,EW035_RS17405,ddlA,gene,2,1,genome,2,annotation_mediated,0,0,2,0,1,MS_14386,aadA1; aph(3')-Ia,False,0.15384615384615385,False,0.5747472626978233,0.8550645935707271,False
2052,EW035_RS17600,codA,gene,2,1,genome,2,annotation_mediated,0,0,2,0,1,MS_14386,aadA1; aph(3')-Ia,False,0.15384615384615385,False,0.5747472626978233,0.8550645935707271,False
2053,EW035_RS17670,yahJ,gene,2,1,genome,2,annotation_mediated,0,0,2,0,1,MS_14386,aadA1; aph(3')-Ia,False,0.15384615384615385,False,0.5747472626978233,0.8550645935707271,False
2054,EW035_RS17870,paoB,gene,2,1,genome,2,annotation_mediated,0,0,2,0,1,MS_14386,aadA1; aph(3')-Ia,False,0.15384615384615385,False,0.5747472626978233,0.8550645935707271,False
2055,EW035_RS17995,gpt,gene,2,1,genome,2,annotation_mediated,0,0,2,0,1,MS_14386,aadA1; aph(3')-Ia,False,0.15384615384615385,False,0.5747472626978233,0.8550645935707271,False
2056,EW035_RS18545,gmhB,gene,2,1,genome,2,annotation_mediated,0,0,2,0,1,MS_14386,aadA1; aph(3')-Ia,False,0.15384615384615385,False,0.5747472626978233,0.8550645935707271,False
2057,EW035_RS18695,pyrH,gene,2,1,genome,2,annotation_mediated,0,0,2,0,1,MS_14386,aadA1; aph(3')-Ia,False,0.15384615384615385,False,0.5747472626978233,0.8550645935707271,False
2058,EW035_RS18740,dgt,gene,2,1,genome,2,annotation_mediated,0,0,2,0,1,MS_14386,aadA1; aph(3')-Ia,False,0.15384615384615385,False,0.5747472626978233,0.8550645935707271,False
2059,EW035_RS18745,mtnN,gene,2,1,genome,2,annotation_mediated,0,0,2,0,1,MS_14386,aadA1; aph(3')-Ia,False,0.15384615384615385,False,0.5747472626978233,0.8550645935707271,False
2060,EW035_RS18920,hpt,gene,2,1,genome,2,annotation_mediated,0,0,2,0,1,MS_14386,aadA1; aph(3')-Ia,False,0.15384615384615385,False,0.5747472626978233,0.8550645935707271,False
2061,EW035_RS18945,speD,gene,2,1,genome,2,annotation_mediated,0,0,2,0,1,MS_14386,aadA1; aph(3')-Ia,False,0.15384615384615385,False,0.5747472626978233,0.8550645935707271,False
2062,EW035_RS19020,guaC,gene,2,1,genome,2,annotation_mediated,0,0,2,0,1,MS_14386,aadA1; aph(3')-Ia,False,0.15384615384615385,False,0.5747472626978233,0.8550645935707271,False
2063,EW035_RS19025,coaE,gene,2,1,genome,2,annotation_mediated,0,0,2,0,1,MS_14386,aadA1; aph(3')-Ia,False,0.15384615384615385,False,0.5747472626978233,0.8550645935707271,False
2064,EW035_RS19075,ddlB,gene,2,1,genome,2,annotation_mediated,0,0,2,0,1,MS_14386,aadA1; aph(3')-Ia,False,0.15384615384615385,False,0.5747472626978233,0.8550645935707271,False
2065,EW035_RS19225,araB,gene,2,1,genome,2,annotation_mediated,0,0,2,0,1,MS_14386,aadA1; aph(3')-Ia,False,0.15384615384615385,False,0.5747472626978233,0.8550645935707271,False
2066,EW035_RS19365,carB,gene,2,1,genome,2,annotation_mediated,0,0,2,0,1,MS_14386,aadA1; aph(3')-Ia,False,0.15384615384615385,False,0.5747472626978233,0.8550645935707271,False
2067,EW035_RS19370,carA,gene,2,1,genome,2,annotation_mediated,0,0,2,0,1,MS_14386,aadA1; aph(3')-Ia,False,0.15384615384615385,False,0.5747472626978233,0.8550645935707271,False
2068,EW035_RS19380,rihC,gene,2,1,genome,2,annotation_mediated,0,0,2,0,1,MS_14386,aadA1; aph(3')-Ia,False,0.15384615384615385,False,0.5747472626978233,0.8550645935707271,False
2069,EW035_RS19475,mog,gene,2,1,genome,2,annotation_mediated,0,0,2,0,1,MS_14386,aadA1; aph(3')-Ia,False,0.15384615384615385,False,0.5747472626978233,0.8550645935707271,False
2070,EW035_RS19505,thrB,gene,2,1,genome,2,annotation_mediated,0,0,2,0,1,MS_14386,aadA1; aph(3')-Ia,False,0.15384615384615385,False,0.5747472626978233,0.8550645935707271,False
2071,EW035_RS19565,yjjX,gene,2,1,genome,2,annotation_mediated,0,0,2,0,1,MS_14386,aadA1; aph(3')-Ia,False,0.15384615384615385,False,0.5747472626978233,0.8550645935707271,False
2072,EW035_RS19610,deoD,gene,2,1,genome,2,annotation_mediated,0,0,2,0,1,MS_14386,aadA1; aph(3')-Ia,False,0.15384615384615385,False,0.5747472626978233,0.8550645935707271,False
2073,EW035_RS19615,deoB,gene,2,1,genome,2,annotation_mediated,0,0,2,0,1,MS_14386,aadA1; aph(3')-Ia,False,0.15384615384615385,False,0.5747472626978233,0.8550645935707271,False
2074,EW035_RS19620,deoA,gene,2,1,genome,2,annotation_mediated,0,0,2,0,1,MS_14386,aadA1; aph(3')-Ia,False,0.15384615384615385,False,0.5747472626978233,0.8550645935707271,False
2075,EW035_RS19625,deoC,gene,2,1,genome,2,annotation_mediated,0,0,2,0,1,MS_14386,aadA1; aph(3')-Ia,False,0.15384615384615385,False,0.5747472626978233,0.8550645935707271,False
2076,EW035_RS19630,yjjI,gene,2,1,genome,2,annotation_mediated,0,0,2,0,1,MS_14386,aadA1; aph(3')-Ia,False,0.15384615384615385,False,0.5747472626978233,0.8550645935707271,False
2077,EW035_RS20430,pyrB,gene,2,1,genome,2,annotation_mediated,0,0,2,0,1,MS_14386,aadA1; aph(3')-Ia,False,0.15384615384615385,False,0.5747472626978233,0.8550645935707271,False
2078,EW035_RS20435,pyrI,gene,2,1,genome,2,annotation_mediated,0,0,2,0,1,MS_14386,aadA1; aph(3')-Ia,False,0.15384615384615385,False,0.5747472626978233,0.8550645935707271,False
2079,EW035_RS20470,nrdD,gene,2,1,genome,2,annotation_mediated,0,0,2,0,1,MS_14386,aadA1; aph(3')-Ia,False,0.15384615384615385,False,0.5747472626978233,0.8550645935707271,False
2080,EW035_RS20580,cpdB,gene,2,1,genome,2,annotation_mediated,0,0,2,0,1,MS_14386,aadA1; aph(3')-Ia,False,0.15384615384615385,False,0.5747472626978233,0.8550645935707271,False
2081,EW035_RS20695,ulaD,gene,2,1,genome,2,annotation_mediated,0,0,2,0,1,MS_14386,aadA1; aph(3')-Ia,False,0.15384615384615385,False,0.5747472626978233,0.8550645935707271,False
2082,EW035_RS20790,purA,gene,2,1,genome,2,annotation_mediated,0,0,2,0,1,MS_14386,aadA1; aph(3')-Ia,False,0.15384615384615385,False,0.5747472626978233,0.8550645935707271,False
2083,WP_000128847.1,yoaA,protein,2,1,proteome,2,annotation_mediated,0,0,2,0,0,MS_14386,aph(3')-Ia; fosA4,False,0.15384615384615385,False,0.4696858321407195,0.8550645935707271,False
2084,WP_000222495.1,yjiL,protein,2,1,proteome,2,annotation_mediated,0,0,2,0,0,MS_14386,aph(3')-Ia; fosA4,False,0.15384615384615385,False,0.4696858321407195,0.8550645935707271,False
2085,WP_000413677.1,ddlA,protein,2,1,proteome,2,annotation_mediated,0,0,2,0,0,MS_14386,aph(3')-Ia; fosA4,False,0.15384615384615385,False,0.4696858321407195,0.8550645935707271,False
2086,WP_000622115.1,tdcG,protein,2,1,proteome,2,annotation_mediated,0,0,2,0,0,MS_14386,aph(3')-Ia; fosA4,False,0.15384615384615385,False,0.4696858321407195,0.8550645935707271,False
2087,WP_000735412.1,phoQ,protein,2,1,proteome,2,annotation_mediated,0,0,2,0,0,MS_14386,aph(3')-Ia; fosA4,False,0.15384615384615385,False,0.4696858321407195,0.8550645935707271,False
2088,WP_000764731.1,folP,protein,2,1,proteome,2,annotation_mediated,0,0,2,0,0,MS_14386,aph(3')-Ia; fosA4,False,0.15384615384615385,False,0.4696858321407195,0.8550645935707271,False
2089,WP_000772452.1,yfcE,protein,2,1,proteome,2,annotation_mediated,0,0,2,0,0,MS_14386,aph(3')-Ia; fosA4,False,0.15384615384615385,False,0.4696858321407195,0.8550645935707271,False
2090,WP_000813860.1,yfbR,protein,2,1,proteome,2,annotation_mediated,0,0,2,0,0,MS_14386,aph(3')-Ia; fosA4,False,0.15384615384615385,False,0.4696858321407195,0.8550645935707271,False
2091,WP_000829498.1,frdB,protein,2,1,proteome,2,annotation_mediated,0,0,2,0,0,MS_14386,aph(3')-Ia; fosA4,False,0.15384615384615385,False,0.4696858321407195,0.8550645935707271,False
2092,WP_000883400.1,cutA,protein,2,1,proteome,2,annotation_mediated,0,0,2,0,0,MS_14386,aph(3')-Ia; fosA4,False,0.15384615384615385,False,0.4696858321407195,0.8550645935707271,False
2093,WP_000884361.1,cydA,protein,2,1,proteome,2,annotation_mediated,0,0,2,0,0,MS_14386,aph(3')-Ia; fosA4,False,0.15384615384615385,False,0.4696858321407195,0.8550645935707271,False
2094,WP_000901098.1,yaeR,protein,2,1,proteome,2,annotation_mediated,0,0,2,0,0,MS_14386,aph(3')-Ia; fosA4,False,0.15384615384615385,False,0.4696858321407195,0.8550645935707271,False
2095,WP_000905780.1,secA,protein,2,1,proteome,2,annotation_mediated,0,0,2,0,0,MS_14386,aph(3')-Ia; fosA4,False,0.15384615384615385,False,0.4696858321407195,0.8550645935707271,False
2096,EW035_RS18915,can,gene,2,1,genome,2,annotation_mediated,0,0,2,0,1,MS_14386,floR; strAB,False,0.15384615384615385,False,0.5747472626978233,0.8550645935707271,False
2097,WP_000891564.1,waaA,protein,2,1,proteome,2,annotation_mediated,0,0,2,0,0,MS_14386,fosA4; strAB,False,0.15384615384615385,False,0.4696858321407195,0.8550645935707271,False
2098,WP_001295557.1,kdsD,protein,2,1,proteome,2,annotation_mediated,0,0,2,0,0,MS_14386,fosA4; strAB,False,0.15384615384615385,False,0.4696858321407195,0.8550645935707271,False
2099,EW035_RS00710,xylF,gene,2,1,genome,2,annotation_mediated,0,0,2,0,1,MS_14386,floR; strAB,False,0.15384615384615385,False,0.5747472626978233,0.8550645935707271,False
2100,EW035_RS01215,silA,gene,2,1,genome,2,annotation_mediated,0,0,2,0,1,MS_14386,floR; strAB,False,0.15384615384615385,False,0.5747472626978233,0.8550645935707271,False
2101,EW035_RS01460,ugpB,gene,2,1,genome,2,annotation_mediated,0,0,2,0,1,MS_14386,floR; strAB,False,0.15384615384615385,False,0.5747472626978233,0.8550645935707271,False
2102,EW035_RS01475,ugpC,gene,2,1,genome,2,annotation_mediated,0,0,2,0,1,MS_14386,floR; strAB,False,0.15384615384615385,False,0.5747472626978233,0.8550645935707271,False
2103,EW035_RS02665,lptB,gene,2,1,genome,2,annotation_mediated,0,0,2,0,1,MS_14386,floR; strAB,False,0.15384615384615385,False,0.5747472626978233,0.8550645935707271,False
2104,EW035_RS02695,mlaF,gene,2,1,genome,2,annotation_mediated,0,0,2,0,1,MS_14386,floR; strAB,False,0.15384615384615385,False,0.5747472626978233,0.8550645935707271,False
2105,EW035_RS05680,proV,gene,2,1,genome,2,annotation_mediated,0,0,2,0,1,MS_14386,floR; strAB,False,0.15384615384615385,False,0.5747472626978233,0.8550645935707271,False
2106,EW035_RS01105,prlC,gene,2,1,genome,2,annotation_mediated,0,0,2,0,1,MS_14386,floR; fosA4,False,0.15384615384615385,False,0.5747472626978233,0.8550645935707271,False
2107,EW035_RS03045,garD,gene,2,1,genome,2,annotation_mediated,0,0,2,0,1,MS_14386,floR; fosA4,False,0.15384615384615385,False,0.5747472626978233,0.8550645935707271,False
2108,EW035_RS03505,ygiC,gene,2,1,genome,2,annotation_mediated,0,0,2,0,1,MS_14386,floR; fosA4,False,0.15384615384615385,False,0.5747472626978233,0.8550645935707271,False
2109,EW035_RS04255,pepP,gene,2,1,genome,2,annotation_mediated,0,0,2,0,1,MS_14386,floR; fosA4,False,0.15384615384615385,False,0.5747472626978233,0.8550645935707271,False
2110,EW035_RS04450,dpaL,gene,2,1,genome,2,annotation_mediated,0,0,2,0,1,MS_14386,floR; fosA4,False,0.15384615384615385,False,0.5747472626978233,0.8550645935707271,False
2111,EW035_RS06120,yfhb,gene,2,1,genome,2,annotation_mediated,0,0,2,0,1,MS_14386,floR; fosA4,False,0.15384615384615385,False,0.5747472626978233,0.8550645935707271,False
2112,EW035_RS06705,eutL,gene,2,1,genome,2,annotation_mediated,0,0,2,0,1,MS_14386,floR; fosA4,False,0.15384615384615385,False,0.5747472626978233,0.8550645935707271,False
2113,EW035_RS07005,alaC,gene,2,1,genome,2,annotation_mediated,0,0,2,0,1,MS_14386,floR; fosA4,False,0.15384615384615385,False,0.5747472626978233,0.8550645935707271,False
2114,EW035_RS07085,dsdA,gene,2,1,genome,2,annotation_mediated,0,0,2,0,1,MS_14386,floR; fosA4,False,0.15384615384615385,False,0.5747472626978233,0.8550645935707271,False
2115,EW035_RS07350,argT,gene,2,1,genome,2,annotation_mediated,0,0,2,0,1,MS_14386,floR; fosA4,False,0.15384615384615385,False,0.5747472626978233,0.8550645935707271,False
2116,EW035_RS07355,hisJ,gene,2,1,genome,2,annotation_mediated,0,0,2,0,1,MS_14386,floR; fosA4,False,0.15384615384615385,False,0.5747472626978233,0.8550645935707271,False
2117,EW035_RS07370,hisP,gene,2,1,genome,2,annotation_mediated,0,0,2,0,1,MS_14386,floR; fosA4,False,0.15384615384615385,False,0.5747472626978233,0.8550645935707271,False
2118,EW035_RS07990,yejA,gene,2,1,genome,2,annotation_mediated,0,0,2,0,1,MS_14386,floR; fosA4,False,0.15384615384615385,False,0.5747472626978233,0.8550645935707271,False
2119,EW035_RS08240,yehX,gene,2,1,genome,2,annotation_mediated,0,0,2,0,1,MS_14386,floR; fosA4,False,0.15384615384615385,False,0.5747472626978233,0.8550645935707271,False
2120,EW035_RS08795,hisF,gene,2,1,genome,2,annotation_mediated,0,0,2,0,1,MS_14386,floR; fosA4,False,0.15384615384615385,False,0.5747472626978233,0.8550645935707271,False
2121,EW035_RS08800,hisA,gene,2,1,genome,2,annotation_mediated,0,0,2,0,1,MS_14386,floR; fosA4,False,0.15384615384615385,False,0.5747472626978233,0.8550645935707271,False
2122,EW035_RS08805,hisH,gene,2,1,genome,2,annotation_mediated,0,0,2,0,1,MS_14386,floR; fosA4,False,0.15384615384615385,False,0.5747472626978233,0.8550645935707271,False
2123,EW035_RS08810,hisB,gene,2,1,genome,2,annotation_mediated,0,0,2,0,1,MS_14386,floR; fosA4,False,0.15384615384615385,False,0.5747472626978233,0.8550645935707271,False
2124,EW035_RS08820,hisD,gene,2,1,genome,2,annotation_mediated,0,0,2,0,1,MS_14386,floR; fosA4,False,0.15384615384615385,False,0.5747472626978233,0.8550645935707271,False
2125,EW035_RS09470,yedK,gene,2,1,genome,2,annotation_mediated,0,0,2,0,1,MS_14386,floR; fosA4,False,0.15384615384615385,False,0.5747472626978233,0.8550645935707271,False
2126,EW035_RS09525,tcyJ,gene,2,1,genome,2,annotation_mediated,0,0,2,0,1,MS_14386,floR; fosA4,False,0.15384615384615385,False,0.5747472626978233,0.8550645935707271,False
2127,EW035_RS09530,dcyD,gene,2,1,genome,2,annotation_mediated,0,0,2,0,1,MS_14386,floR; fosA4,False,0.15384615384615385,False,0.5747472626978233,0.8550645935707271,False
2128,EW035_RS09880,edd,gene,2,1,genome,2,annotation_mediated,0,0,2,0,1,MS_14386,floR; fosA4,False,0.15384615384615385,False,0.5747472626978233,0.8550645935707271,False
2129,EW035_RS09910,ptrB,gene,2,1,genome,2,annotation_mediated,0,0,2,0,1,MS_14386,floR; fosA4,False,0.15384615384615385,False,0.5747472626978233,0.8550645935707271,False
2130,EW035_RS10080,pabB,gene,2,1,genome,2,annotation_mediated,0,0,2,0,1,MS_14386,floR; fosA4,False,0.15384615384615385,False,0.5747472626978233,0.8550645935707271,False
2131,EW035_RS10345,gdhA,gene,2,1,genome,2,annotation_mediated,0,0,2,0,1,MS_14386,floR; fosA4,False,0.15384615384615385,False,0.5747472626978233,0.8550645935707271,False
2132,EW035_RS10410,astA,gene,2,1,genome,2,annotation_mediated,0,0,2,0,1,MS_14386,floR; fosA4,False,0.15384615384615385,False,0.5747472626978233,0.8550645935707271,False
2133,EW035_RS10420,astB,gene,2,1,genome,2,annotation_mediated,0,0,2,0,1,MS_14386,floR; fosA4,False,0.15384615384615385,False,0.5747472626978233,0.8550645935707271,False
2134,EW035_RS10425,astE,gene,2,1,genome,2,annotation_mediated,0,0,2,0,1,MS_14386,floR; fosA4,False,0.15384615384615385,False,0.5747472626978233,0.8550645935707271,False
2135,EW035_RS10910,gloA,gene,2,1,genome,2,annotation_mediated,0,0,2,0,1,MS_14386,floR; fosA4,False,0.15384615384615385,False,0.5747472626978233,0.8550645935707271,False
2136,EW035_RS11060,malY,gene,2,1,genome,2,annotation_mediated,0,0,2,0,1,MS_14386,floR; fosA4,False,0.15384615384615385,False,0.5747472626978233,0.8550645935707271,False
2137,EW035_RS11190,ydgD,gene,2,1,genome,2,annotation_mediated,0,0,2,0,1,MS_14386,floR; fosA4,False,0.15384615384615385,False,0.5747472626978233,0.8550645935707271,False
2138,EW035_RS11315,dcp,gene,2,1,genome,2,annotation_mediated,0,0,2,0,1,MS_14386,floR; fosA4,False,0.15384615384615385,False,0.5747472626978233,0.8550645935707271,False
2139,EW035_RS11420,glsB,gene,2,1,genome,2,annotation_mediated,0,0,2,0,1,MS_14386,floR; fosA4,False,0.15384615384615385,False,0.5747472626978233,0.8550645935707271,False
2140,EW035_RS11590,gadB,gene,2,1,genome,2,annotation_mediated,0,0,2,0,1,MS_14386,floR; fosA4,False,0.15384615384615385,False,0.5747472626978233,0.8550645935707271,False
2141,EW035_RS11595,gadC,gene,2,1,genome,2,annotation_mediated,0,0,2,0,1,MS_14386,floR; fosA4,False,0.15384615384615385,False,0.5747472626978233,0.8550645935707271,False
2142,EW035_RS11620,ddpA,gene,2,1,genome,2,annotation_mediated,0,0,2,0,1,MS_14386,floR; fosA4,False,0.15384615384615385,False,0.5747472626978233,0.8550645935707271,False
2143,EW035_RS12380,mpaA,gene,2,1,genome,2,annotation_mediated,0,0,2,0,1,MS_14386,floR; fosA4,False,0.15384615384615385,False,0.5747472626978233,0.8550645935707271,False
2144,EW035_RS12545,sapA,gene,2,1,genome,2,annotation_mediated,0,0,2,0,1,MS_14386,floR; fosA4,False,0.15384615384615385,False,0.5747472626978233,0.8550645935707271,False
2145,EW035_RS13115,dadX,gene,2,1,genome,2,annotation_mediated,0,0,2,0,1,MS_14386,floR; fosA4,False,0.15384615384615385,False,0.5747472626978233,0.8550645935707271,False
2146,EW035_RS13120,dadA,gene,2,1,genome,2,annotation_mediated,0,0,2,0,1,MS_14386,floR; fosA4,False,0.15384615384615385,False,0.5747472626978233,0.8550645935707271,False
2147,EW035_RS13335,pepT,gene,2,1,genome,2,annotation_mediated,0,0,2,0,1,MS_14386,floR; fosA4,False,0.15384615384615385,False,0.5747472626978233,0.8550645935707271,False
2148,EW035_RS13665,solA,gene,2,1,genome,2,annotation_mediated,0,0,2,0,1,MS_14386,floR; fosA4,False,0.15384615384615385,False,0.5747472626978233,0.8550645935707271,False
2149,EW035_RS13785,ycdX,gene,2,1,genome,2,annotation_mediated,0,0,2,0,1,MS_14386,floR; fosA4,False,0.15384615384615385,False,0.5747472626978233,0.8550645935707271,False
2150,EW035_RS13790,ghrA,gene,2,1,genome,2,annotation_mediated,0,0,2,0,1,MS_14386,floR; fosA4,False,0.15384615384615385,False,0.5747472626978233,0.8550645935707271,False
2151,EW035_RS14265,pepN,gene,2,1,genome,2,annotation_mediated,0,0,2,0,1,MS_14386,floR; fosA4,False,0.15384615384615385,False,0.5747472626978233,0.8550645935707271,False
2152,EW035_RS14820,artI,gene,2,1,genome,2,annotation_mediated,0,0,2,0,1,MS_14386,floR; fosA4,False,0.15384615384615385,False,0.5747472626978233,0.8550645935707271,False
2153,EW035_RS14835,artJ,gene,2,1,genome,2,annotation_mediated,0,0,2,0,1,MS_14386,floR; fosA4,False,0.15384615384615385,False,0.5747472626978233,0.8550645935707271,False
2154,EW035_RS15205,gsiD,gene,2,1,genome,2,annotation_mediated,0,0,2,0,1,MS_14386,floR; fosA4,False,0.15384615384615385,False,0.5747472626978233,0.8550645935707271,False
2155,EW035_RS15215,gsiB,gene,2,1,genome,2,annotation_mediated,0,0,2,0,1,MS_14386,floR; fosA4,False,0.15384615384615385,False,0.5747472626978233,0.8550645935707271,False
2156,EW035_RS15225,iaaA,gene,2,1,genome,2,annotation_mediated,0,0,2,0,1,MS_14386,floR; fosA4,False,0.15384615384615385,False,0.5747472626978233,0.8550645935707271,False
2157,EW035_RS15330,glnH,gene,2,1,genome,2,annotation_mediated,0,0,2,0,1,MS_14386,floR; fosA4,False,0.15384615384615385,False,0.5747472626978233,0.8550645935707271,False
2158,EW035_RS15340,glnQ,gene,2,1,genome,2,annotation_mediated,0,0,2,0,1,MS_14386,floR; fosA4,False,0.15384615384615385,False,0.5747472626978233,0.8550645935707271,False
2159,EW035_RS15385,ybiB,gene,2,1,genome,2,annotation_mediated,0,0,2,0,1,MS_14386,floR; fosA4,False,0.15384615384615385,False,0.5747472626978233,0.8550645935707271,False
2160,EW035_RS15850,pxpC,gene,2,1,genome,2,annotation_mediated,0,0,2,0,1,MS_14386,floR; fosA4,False,0.15384615384615385,False,0.5747472626978233,0.8550645935707271,False
2161,EW035_RS15855,pxpB,gene,2,1,genome,2,annotation_mediated,0,0,2,0,1,MS_14386,floR; fosA4,False,0.15384615384615385,False,0.5747472626978233,0.8550645935707271,False
2162,EW035_RS16125,asnB,gene,2,1,genome,2,annotation_mediated,0,0,2,0,1,MS_14386,floR; fosA4,False,0.15384615384615385,False,0.5747472626978233,0.8550645935707271,False
2163,EW035_RS16205,gltI,gene,2,1,genome,2,annotation_mediated,0,0,2,0,1,MS_14386,floR; fosA4,False,0.15384615384615385,False,0.5747472626978233,0.8550645935707271,False
2164,EW035_RS16430,ybdR,gene,2,1,genome,2,annotation_mediated,0,0,2,0,1,MS_14386,floR; fosA4,False,0.15384615384615385,False,0.5747472626978233,0.8550645935707271,False
2165,EW035_RS16875,ybaT,gene,2,1,genome,2,annotation_mediated,0,0,2,0,1,MS_14386,floR; fosA4,False,0.15384615384615385,False,0.5747472626978233,0.8550645935707271,False
2166,EW035_RS16880,glsA,gene,2,1,genome,2,annotation_mediated,0,0,2,0,1,MS_14386,floR; fosA4,False,0.15384615384615385,False,0.5747472626978233,0.8550645935707271,False
2167,EW035_RS17305,brnQ,gene,2,1,genome,2,annotation_mediated,0,0,2,0,1,MS_14386,floR; fosA4,False,0.15384615384615385,False,0.5747472626978233,0.8550645935707271,False
2168,EW035_RS17360,aroM,gene,2,1,genome,2,annotation_mediated,0,0,2,0,1,MS_14386,floR; fosA4,False,0.15384615384615385,False,0.5747472626978233,0.8550645935707271,False
2169,EW035_RS17740,betA,gene,2,1,genome,2,annotation_mediated,0,0,2,0,1,MS_14386,floR; fosA4,False,0.15384615384615385,False,0.5747472626978233,0.8550645935707271,False
2170,EW035_RS18000,pepD,gene,2,1,genome,2,annotation_mediated,0,0,2,0,1,MS_14386,floR; fosA4,False,0.15384615384615385,False,0.5747472626978233,0.8550645935707271,False
2171,EW035_RS18615,yaeR,gene,2,1,genome,2,annotation_mediated,0,0,2,0,1,MS_14386,floR; fosA4,False,0.15384615384615385,False,0.5747472626978233,0.8550645935707271,False
2172,EW035_RS18620,ldcC,gene,2,1,genome,2,annotation_mediated,0,0,2,0,1,MS_14386,floR; fosA4,False,0.15384615384615385,False,0.5747472626978233,0.8550645935707271,False
2173,EW035_RS18710,map,gene,2,1,genome,2,annotation_mediated,0,0,2,0,1,MS_14386,floR; fosA4,False,0.15384615384615385,False,0.5747472626978233,0.8550645935707271,False
2174,EW035_RS18720,dapD,gene,2,1,genome,2,annotation_mediated,0,0,2,0,1,MS_14386,floR; fosA4,False,0.15384615384615385,False,0.5747472626978233,0.8550645935707271,False
2175,EW035_RS18940,speE,gene,2,1,genome,2,annotation_mediated,0,0,2,0,1,MS_14386,floR; fosA4,False,0.15384615384615385,False,0.5747472626978233,0.8550645935707271,False
2176,EW035_RS19170,leuB,gene,2,1,genome,2,annotation_mediated,0,0,2,0,1,MS_14386,floR; fosA4,False,0.15384615384615385,False,0.5747472626978233,0.8550645935707271,False
2177,EW035_RS19175,leuC,gene,2,1,genome,2,annotation_mediated,0,0,2,0,1,MS_14386,floR; fosA4,False,0.15384615384615385,False,0.5747472626978233,0.8550645935707271,False
2178,EW035_RS19180,leuD,gene,2,1,genome,2,annotation_mediated,0,0,2,0,1,MS_14386,floR; fosA4,False,0.15384615384615385,False,0.5747472626978233,0.8550645935707271,False
2179,EW035_RS19485,yaaJ,gene,2,1,genome,2,annotation_mediated,0,0,2,0,1,MS_14386,floR; fosA4,False,0.15384615384615385,False,0.5747472626978233,0.8550645935707271,False
2180,EW035_RS19500,thrC,gene,2,1,genome,2,annotation_mediated,0,0,2,0,1,MS_14386,floR; fosA4,False,0.15384615384615385,False,0.5747472626978233,0.8550645935707271,False
2181,EW035_RS19905,yjiM,gene,2,1,genome,2,annotation_mediated,0,0,2,0,1,MS_14386,floR; fosA4,False,0.15384615384615385,False,0.5747472626978233,0.8550645935707271,False
2182,EW035_RS19945,iadA,gene,2,1,genome,2,annotation_mediated,0,0,2,0,1,MS_14386,floR; fosA4,False,0.15384615384615385,False,0.5747472626978233,0.8550645935707271,False
2183,EW035_RS20365,pepA,gene,2,1,genome,2,annotation_mediated,0,0,2,0,1,MS_14386,floR; fosA4,False,0.15384615384615385,False,0.5747472626978233,0.8550645935707271,False
2184,EW035_RS20605,cycA,gene,2,1,genome,2,annotation_mediated,0,0,2,0,1,MS_14386,floR; fosA4,False,0.15384615384615385,False,0.5747472626978233,0.8550645935707271,False
2185,EW035_RS20995,aspA,gene,2,1,genome,2,annotation_mediated,0,0,2,0,1,MS_14386,floR; fosA4,False,0.15384615384615385,False,0.5747472626978233,0.8550645935707271,False
2186,EW035_RS21035,cadA,gene,2,1,genome,2,annotation_mediated,0,0,2,0,1,MS_14386,floR; fosA4,False,0.15384615384615385,False,0.5747472626978233,0.8550645935707271,False
2187,EW035_RS21110,adiA,gene,2,1,genome,2,annotation_mediated,0,0,2,0,1,MS_14386,floR; fosA4,False,0.15384615384615385,False,0.5747472626978233,0.8550645935707271,False
2188,EW035_RS21145,proP,gene,2,1,genome,2,annotation_mediated,0,0,2,0,1,MS_14386,floR; fosA4,False,0.15384615384615385,False,0.5747472626978233,0.8550645935707271,False
2189,EW035_RS21415,alr,gene,2,1,genome,2,annotation_mediated,0,0,2,0,1,MS_14386,floR; fosA4,False,0.15384615384615385,False,0.5747472626978233,0.8550645935707271,False
2190,EW035_RS21750,pepE,gene,2,1,genome,2,annotation_mediated,0,0,2,0,1,MS_14386,floR; fosA4,False,0.15384615384615385,False,0.5747472626978233,0.8550645935707271,False
2191,EW035_RS21790,metA,gene,2,1,genome,2,annotation_mediated,0,0,2,0,1,MS_14386,floR; fosA4,False,0.15384615384615385,False,0.5747472626978233,0.8550645935707271,False
2192,EW035_RS22145,metF,gene,2,1,genome,2,annotation_mediated,0,0,2,0,1,MS_14386,floR; fosA4,False,0.15384615384615385,False,0.5747472626978233,0.8550645935707271,False
2193,FVE81_RS00160,ilvB,gene,2,1,genome,2,annotation_mediated,0,0,2,0,1,MS_14387,blaTEM-1b; sul2,False,0.15384615384615385,False,0.5747472626978233,0.8550645935707271,False
2194,FVE81_RS00165,ilvN,gene,2,1,genome,2,annotation_mediated,0,0,2,0,1,MS_14387,blaTEM-1b; sul2,False,0.15384615384615385,False,0.5747472626978233,0.8550645935707271,False
2195,FVE81_RS00525,gpmM,gene,2,1,genome,2,annotation_mediated,0,0,2,0,1,MS_14387,blaTEM-1b; sul2,False,0.15384615384615385,False,0.5747472626978233,0.8550645935707271,False
2196,FVE81_RS00640,yiaY,gene,2,1,genome,2,annotation_mediated,0,0,2,0,1,MS_14387,blaTEM-1b; sul2,False,0.15384615384615385,False,0.5747472626978233,0.8550645935707271,False
2197,FVE81_RS00730,avtA,gene,2,1,genome,2,annotation_mediated,0,0,2,0,1,MS_14387,blaTEM-1b; sul2,False,0.15384615384615385,False,0.5747472626978233,0.8550645935707271,False
2198,FVE81_RS01375,nan,gene,2,1,genome,2,annotation_mediated,0,0,2,0,1,MS_14387,blaTEM-1b; sul2,False,0.15384615384615385,False,0.5747472626978233,0.8550645935707271,False
2199,FVE81_RS01645,gntK,gene,2,1,genome,2,annotation_mediated,0,0,2,0,1,MS_14387,blaTEM-1b; sul2,False,0.15384615384615385,False,0.5747472626978233,0.8550645935707271,False
2200,FVE81_RS01660,asd,gene,2,1,genome,2,annotation_mediated,0,0,2,0,1,MS_14387,blaTEM-1b; sul2,False,0.15384615384615385,False,0.5747472626978233,0.8550645935707271,False
2201,FVE81_RS01840,pckA,gene,2,1,genome,2,annotation_mediated,0,0,2,0,1,MS_14387,blaTEM-1b; sul2,False,0.15384615384615385,False,0.5747472626978233,0.8550645935707271,False
2202,FVE81_RS01875,mrcA,gene,2,1,genome,2,annotation_mediated,0,0,2,0,1,MS_14387,blaTEM-1b; sul2,False,0.15384615384615385,False,0.5747472626978233,0.8550645935707271,False
2203,FVE81_RS01905,aroK,gene,2,1,genome,2,annotation_mediated,0,0,2,0,1,MS_14387,blaTEM-1b; sul2,False,0.15384615384615385,False,0.5747472626978233,0.8550645935707271,False
2204,FVE81_RS01910,aroB,gene,2,1,genome,2,annotation_mediated,0,0,2,0,1,MS_14387,blaTEM-1b; sul2,False,0.15384615384615385,False,0.5747472626978233,0.8550645935707271,False
2205,FVE81_RS01925,rpe,gene,2,1,genome,2,annotation_mediated,0,0,2,0,1,MS_14387,blaTEM-1b; sul2,False,0.15384615384615385,False,0.5747472626978233,0.8550645935707271,False
2206,FVE81_RS01930,gph,gene,2,1,genome,2,annotation_mediated,0,0,2,0,1,MS_14387,blaTEM-1b; sul2,False,0.15384615384615385,False,0.5747472626978233,0.8550645935707271,False
2207,FVE81_RS02030,pabA,gene,2,1,genome,2,annotation_mediated,0,0,2,0,1,MS_14387,blaTEM-1b; sul2,False,0.15384615384615385,False,0.5747472626978233,0.8550645935707271,False
2208,FVE81_RS02360,aroE,gene,2,1,genome,2,annotation_mediated,0,0,2,0,1,MS_14387,blaTEM-1b; sul2,False,0.15384615384615385,False,0.5747472626978233,0.8550645935707271,False
2209,FVE81_RS02485,accC,gene,2,1,genome,2,annotation_mediated,0,0,2,0,1,MS_14387,blaTEM-1b; sul2,False,0.15384615384615385,False,0.5747472626978233,0.8550645935707271,False
2210,FVE81_RS02490,accB,gene,2,1,genome,2,annotation_mediated,0,0,2,0,1,MS_14387,blaTEM-1b; sul2,False,0.15384615384615385,False,0.5747472626978233,0.8550645935707271,False
2211,FVE81_RS02580,mdh,gene,2,1,genome,2,annotation_mediated,0,0,2,0,1,MS_14387,blaTEM-1b; sul2,False,0.15384615384615385,False,0.5747472626978233,0.8550645935707271,False
2212,FVE81_RS02640,nanA,gene,2,1,genome,2,annotation_mediated,0,0,2,0,1,MS_14387,blaTEM-1b; sul2,False,0.15384615384615385,False,0.5747472626978233,0.8550645935707271,False
2213,FVE81_RS02655,nanK,gene,2,1,genome,2,annotation_mediated,0,0,2,0,1,MS_14387,blaTEM-1b; sul2,False,0.15384615384615385,False,0.5747472626978233,0.8550645935707271,False
2214,FVE81_RS02670,gltD,gene,2,1,genome,2,annotation_mediated,0,0,2,0,1,MS_14387,blaTEM-1b; sul2,False,0.15384615384615385,False,0.5747472626978233,0.8550645935707271,False
2215,FVE81_RS02675,gltB,gene,2,1,genome,2,annotation_mediated,0,0,2,0,1,MS_14387,blaTEM-1b; sul2,False,0.15384615384615385,False,0.5747472626978233,0.8550645935707271,False
2216,FVE81_RS02855,glmM,gene,2,1,genome,2,annotation_mediated,0,0,2,0,1,MS_14387,blaTEM-1b; sul2,False,0.15384615384615385,False,0.5747472626978233,0.8550645935707271,False
2217,FVE81_RS02875,argG,gene,2,1,genome,2,annotation_mediated,0,0,2,0,1,MS_14387,blaTEM-1b; sul2,False,0.15384615384615385,False,0.5747472626978233,0.8550645935707271,False
2218,FVE81_RS03170,tdcB,gene,2,1,genome,2,annotation_mediated,0,0,2,0,1,MS_14387,blaTEM-1b; sul2,False,0.15384615384615385,False,0.5747472626978233,0.8550645935707271,False
2219,FVE81_RS03195,tdcG,gene,2,1,genome,2,annotation_mediated,0,0,2,0,1,MS_14387,blaTEM-1b; sul2,False,0.15384615384615385,False,0.5747472626978233,0.8550645935707271,False
2220,FVE81_RS03730,yghX,gene,2,1,genome,2,annotation_mediated,0,0,2,0,1,MS_14387,blaTEM-1b; sul2,False,0.15384615384615385,False,0.5747472626978233,0.8550645935707271,False
2221,FVE81_RS04350,speC,gene,2,1,genome,2,annotation_mediated,0,0,2,0,1,MS_14387,blaTEM-1b; sul2,False,0.15384615384615385,False,0.5747472626978233,0.8550645935707271,False
2222,FVE81_RS04515,tkt,gene,2,1,genome,2,annotation_mediated,0,0,2,0,1,MS_14387,blaTEM-1b; sul2,False,0.15384615384615385,False,0.5747472626978233,0.8550645935707271,False
2223,FVE81_RS04585,epd,gene,2,1,genome,2,annotation_mediated,0,0,2,0,1,MS_14387,blaTEM-1b; sul2,False,0.15384615384615385,False,0.5747472626978233,0.8550645935707271,False
2224,FVE81_RS04590,pgk,gene,2,1,genome,2,annotation_mediated,0,0,2,0,1,MS_14387,blaTEM-1b; sul2,False,0.15384615384615385,False,0.5747472626978233,0.8550645935707271,False
2225,FVE81_RS04595,fbaA,gene,2,1,genome,2,annotation_mediated,0,0,2,0,1,MS_14387,blaTEM-1b; sul2,False,0.15384615384615385,False,0.5747472626978233,0.8550645935707271,False
2226,FVE81_RS04670,rpiA,gene,2,1,genome,2,annotation_mediated,0,0,2,0,1,MS_14387,blaTEM-1b; sul2,False,0.15384615384615385,False,0.5747472626978233,0.8550645935707271,False
2227,FVE81_RS04675,serA,gene,2,1,genome,2,annotation_mediated,0,0,2,0,1,MS_14387,blaTEM-1b; sul2,False,0.15384615384615385,False,0.5747472626978233,0.8550645935707271,False
2228,FVE81_RS04725,gcvT,gene,2,1,genome,2,annotation_mediated,0,0,2,0,1,MS_14387,blaTEM-1b; sul2,False,0.15384615384615385,False,0.5747472626978233,0.8550645935707271,False
2229,FVE81_RS04730,gcvH,gene,2,1,genome,2,annotation_mediated,0,0,2,0,1,MS_14387,blaTEM-1b; sul2,False,0.15384615384615385,False,0.5747472626978233,0.8550645935707271,False
2230,FVE81_RS04735,gcvP,gene,2,1,genome,2,annotation_mediated,0,0,2,0,1,MS_14387,blaTEM-1b; sul2,False,0.15384615384615385,False,0.5747472626978233,0.8550645935707271,False
2231,FVE81_RS04800,idi,gene,2,1,genome,2,annotation_mediated,0,0,2,0,1,MS_14387,blaTEM-1b; sul2,False,0.15384615384615385,False,0.5747472626978233,0.8550645935707271,False
2232,FVE81_RS04820,ygfT,gene,2,1,genome,2,annotation_mediated,0,0,2,0,1,MS_14387,blaTEM-1b; sul2,False,0.15384615384615385,False,0.5747472626978233,0.8550645935707271,False
2233,FVE81_RS05145,lysA,gene,2,1,genome,2,annotation_mediated,0,0,2,0,1,MS_14387,blaTEM-1b; sul2,False,0.15384615384615385,False,0.5747472626978233,0.8550645935707271,False
2234,FVE81_RS05360,sdaB,gene,2,1,genome,2,annotation_mediated,0,0,2,0,1,MS_14387,blaTEM-1b; sul2,False,0.15384615384615385,False,0.5747472626978233,0.8550645935707271,False
2235,FVE81_RS05440,eno,gene,2,1,genome,2,annotation_mediated,0,0,2,0,1,MS_14387,blaTEM-1b; sul2,False,0.15384615384615385,False,0.5747472626978233,0.8550645935707271,False
2236,FVE81_RS05620,ispD,gene,2,1,genome,2,annotation_mediated,0,0,2,0,1,MS_14387,blaTEM-1b; sul2,False,0.15384615384615385,False,0.5747472626978233,0.8550645935707271,False
2237,FVE81_RS05625,ispF,gene,2,1,genome,2,annotation_mediated,0,0,2,0,1,MS_14387,blaTEM-1b; sul2,False,0.15384615384615385,False,0.5747472626978233,0.8550645935707271,False
2238,FVE81_RS06365,tyrA,gene,2,1,genome,2,annotation_mediated,0,0,2,0,1,MS_14387,blaTEM-1b; sul2,False,0.15384615384615385,False,0.5747472626978233,0.8550645935707271,False
2239,FVE81_RS06370,pheA,gene,2,1,genome,2,annotation_mediated,0,0,2,0,1,MS_14387,blaTEM-1b; sul2,False,0.15384615384615385,False,0.5747472626978233,0.8550645935707271,False
2240,FVE81_RS06590,purL,gene,2,1,genome,2,annotation_mediated,0,0,2,0,1,MS_14387,blaTEM-1b; sul2,False,0.15384615384615385,False,0.5747472626978233,0.8550645935707271,False
2241,FVE81_RS06620,glyA,gene,2,1,genome,2,annotation_mediated,0,0,2,0,1,MS_14387,blaTEM-1b; sul2,False,0.15384615384615385,False,0.5747472626978233,0.8550645935707271,False
2242,FVE81_RS06655,yphB,gene,2,1,genome,2,annotation_mediated,0,0,2,0,1,MS_14387,blaTEM-1b; sul2,False,0.15384615384615385,False,0.5747472626978233,0.8550645935707271,False
2243,FVE81_RS06785,ndk,gene,2,1,genome,2,annotation_mediated,0,0,2,0,1,MS_14387,blaTEM-1b; sul2,False,0.15384615384615385,False,0.5747472626978233,0.8550645935707271,False
2244,FVE81_RS06800,ispG,gene,2,1,genome,2,annotation_mediated,0,0,2,0,1,MS_14387,blaTEM-1b; sul2,False,0.15384615384615385,False,0.5747472626978233,0.8550645935707271,False
2245,FVE81_RS06895,purN,gene,2,1,genome,2,annotation_mediated,0,0,2,0,1,MS_14387,blaTEM-1b; sul2,False,0.15384615384615385,False,0.5747472626978233,0.8550645935707271,False
2246,FVE81_RS06900,purM,gene,2,1,genome,2,annotation_mediated,0,0,2,0,1,MS_14387,blaTEM-1b; sul2,False,0.15384615384615385,False,0.5747472626978233,0.8550645935707271,False
2247,FVE81_RS07005,dapA,gene,2,1,genome,2,annotation_mediated,0,0,2,0,1,MS_14387,blaTEM-1b; sul2,False,0.15384615384615385,False,0.5747472626978233,0.8550645935707271,False
2248,FVE81_RS07015,purC,gene,2,1,genome,2,annotation_mediated,0,0,2,0,1,MS_14387,blaTEM-1b; sul2,False,0.15384615384615385,False,0.5747472626978233,0.8550645935707271,False
2249,FVE81_RS07065,aegA,gene,2,1,genome,2,annotation_mediated,0,0,2,0,1,MS_14387,blaTEM-1b; sul2,False,0.15384615384615385,False,0.5747472626978233,0.8550645935707271,False
2250,FVE81_RS07080,tkt,gene,2,1,genome,2,annotation_mediated,0,0,2,0,1,MS_14387,blaTEM-1b; sul2,False,0.15384615384615385,False,0.5747472626978233,0.8550645935707271,False
2251,FVE81_RS07085,tal,gene,2,1,genome,2,annotation_mediated,0,0,2,0,1,MS_14387,blaTEM-1b; sul2,False,0.15384615384615385,False,0.5747472626978233,0.8550645935707271,False
2252,FVE81_RS07230,ucpA,gene,2,1,genome,2,annotation_mediated,0,0,2,0,1,MS_14387,blaTEM-1b; sul2,False,0.15384615384615385,False,0.5747472626978233,0.8550645935707271,False
2253,FVE81_RS07255,cysM,gene,2,1,genome,2,annotation_mediated,0,0,2,0,1,MS_14387,blaTEM-1b; sul2,False,0.15384615384615385,False,0.5747472626978233,0.8550645935707271,False
2254,FVE81_RS07285,cysK,gene,2,1,genome,2,annotation_mediated,0,0,2,0,1,MS_14387,blaTEM-1b; sul2,False,0.15384615384615385,False,0.5747472626978233,0.8550645935707271,False
2255,FVE81_RS07395,glk,gene,2,1,genome,2,annotation_mediated,0,0,2,0,1,MS_14387,blaTEM-1b; sul2,False,0.15384615384615385,False,0.5747472626978233,0.8550645935707271,False
2256,FVE81_RS07575,fadI,gene,2,1,genome,2,annotation_mediated,0,0,2,0,1,MS_14387,blaTEM-1b; sul2,False,0.15384615384615385,False,0.5747472626978233,0.8550645935707271,False
2257,FVE81_RS07580,fadJ,gene,2,1,genome,2,annotation_mediated,0,0,2,0,1,MS_14387,blaTEM-1b; sul2,False,0.15384615384615385,False,0.5747472626978233,0.8550645935707271,False
2258,FVE81_RS07640,aroC,gene,2,1,genome,2,annotation_mediated,0,0,2,0,1,MS_14387,blaTEM-1b; sul2,False,0.15384615384615385,False,0.5747472626978233,0.8550645935707271,False
2259,FVE81_RS07690,usg,gene,2,1,genome,2,annotation_mediated,0,0,2,0,1,MS_14387,blaTEM-1b; sul2,False,0.15384615384615385,False,0.5747472626978233,0.8550645935707271,False
2260,FVE81_RS07705,accD,gene,2,1,genome,2,annotation_mediated,0,0,2,0,1,MS_14387,blaTEM-1b; sul2,False,0.15384615384615385,False,0.5747472626978233,0.8550645935707271,False
2261,FVE81_RS07725,purF,gene,2,1,genome,2,annotation_mediated,0,0,2,0,1,MS_14387,blaTEM-1b; sul2,False,0.15384615384615385,False,0.5747472626978233,0.8550645935707271,False
2262,FVE81_RS07790,yfcD,gene,2,1,genome,2,annotation_mediated,0,0,2,0,1,MS_14387,blaTEM-1b; sul2,False,0.15384615384615385,False,0.5747472626978233,0.8550645935707271,False
2263,FVE81_RS07835,alaA,gene,2,1,genome,2,annotation_mediated,0,0,2,0,1,MS_14387,blaTEM-1b; sul2,False,0.15384615384615385,False,0.5747472626978233,0.8550645935707271,False
2264,FVE81_RS07940,menF,gene,2,1,genome,2,annotation_mediated,0,0,2,0,1,MS_14387,blaTEM-1b; sul2,False,0.15384615384615385,False,0.5747472626978233,0.8550645935707271,False
2265,FVE81_RS08060,glpC,gene,2,1,genome,2,annotation_mediated,0,0,2,0,1,MS_14387,blaTEM-1b; sul2,False,0.15384615384615385,False,0.5747472626978233,0.8550645935707271,False
2266,FVE81_RS08160,atoB,gene,2,1,genome,2,annotation_mediated,0,0,2,0,1,MS_14387,blaTEM-1b; sul2,False,0.15384615384615385,False,0.5747472626978233,0.8550645935707271,False
2267,FVE81_RS08435,fruK,gene,2,1,genome,2,annotation_mediated,0,0,2,0,1,MS_14387,blaTEM-1b; sul2,False,0.15384615384615385,False,0.5747472626978233,0.8550645935707271,False
2268,FVE81_RS00420,rpmG,gene,2,1,genome,2,annotation_mediated,0,0,2,0,1,MS_14387,blaTEM-1b; strAB,False,0.15384615384615385,False,0.5747472626978233,0.8550645935707271,False
2269,FVE81_RS00530,yibN,gene,2,1,genome,2,annotation_mediated,0,0,2,0,1,MS_14387,blaTEM-1b; sul2,False,0.15384615384615385,False,0.5747472626978233,0.8550645935707271,False
2270,FVE81_RS00635,selB,gene,2,1,genome,2,annotation_mediated,0,0,2,0,1,MS_14387,blaTEM-1b; strAB,False,0.15384615384615385,False,0.5747472626978233,0.8550645935707271,False
2271,FVE81_RS00645,aldB,gene,2,1,genome,2,annotation_mediated,0,0,2,0,1,MS_14387,blaTEM-1b; sul2,False,0.15384615384615385,False,0.5747472626978233,0.8550645935707271,False
2272,FVE81_RS00735,malS,gene,2,1,genome,2,annotation_mediated,0,0,2,0,1,MS_14387,blaTEM-1b; sul2,False,0.15384615384615385,False,0.5747472626978233,0.8550645935707271,False
2273,FVE81_RS01665,glgB,gene,2,1,genome,2,annotation_mediated,0,0,2,0,1,MS_14387,blaTEM-1b; sul2,False,0.15384615384615385,False,0.5747472626978233,0.8550645935707271,False
2274,FVE81_RS02125,rpsL,gene,2,1,genome,2,annotation_mediated,0,0,2,0,1,MS_14387,blaTEM-1b; strAB,False,0.15384615384615385,False,0.5747472626978233,0.8550645935707271,False
2275,FVE81_RS02170,rplD,gene,2,1,genome,2,annotation_mediated,0,0,2,0,1,MS_14387,blaTEM-1b; strAB,False,0.15384615384615385,False,0.5747472626978233,0.8550645935707271,False
2276,FVE81_RS02190,rplV,gene,2,1,genome,2,annotation_mediated,0,0,2,0,1,MS_14387,blaTEM-1b; strAB,False,0.15384615384615385,False,0.5747472626978233,0.8550645935707271,False
2277,FVE81_RS02210,rpsQ,gene,2,1,genome,2,annotation_mediated,0,0,2,0,1,MS_14387,blaTEM-1b; strAB,False,0.15384615384615385,False,0.5747472626978233,0.8550645935707271,False
2278,FVE81_RS02240,rplF,gene,2,1,genome,2,annotation_mediated,0,0,2,0,1,MS_14387,blaTEM-1b; strAB,False,0.15384615384615385,False,0.5747472626978233,0.8550645935707271,False
2279,FVE81_RS02250,rpsE,gene,2,1,genome,2,annotation_mediated,0,0,2,0,1,MS_14387,blaTEM-1b; strAB,False,0.15384615384615385,False,0.5747472626978233,0.8550645935707271,False
2280,FVE81_RS02285,rpsD,gene,2,1,genome,2,annotation_mediated,0,0,2,0,1,MS_14387,blaTEM-1b; strAB,False,0.15384615384615385,False,0.5747472626978233,0.8550645935707271,False
2281,FVE81_RS02355,tsaC,gene,2,1,genome,2,annotation_mediated,0,0,2,0,1,MS_14387,blaTEM-1b; strAB,False,0.15384615384615385,False,0.5747472626978233,0.8550645935707271,False
2282,FVE81_RS02885,rimP,gene,2,1,genome,2,annotation_mediated,0,0,2,0,1,MS_14387,blaTEM-1b; strAB,False,0.15384615384615385,False,0.5747472626978233,0.8550645935707271,False
2283,FVE81_RS03570,nudF,gene,2,1,genome,2,annotation_mediated,0,0,2,0,1,MS_14387,blaTEM-1b; sul2,False,0.15384615384615385,False,0.5747472626978233,0.8550645935707271,False
2284,FVE81_RS04740,bglA,gene,2,1,genome,2,annotation_mediated,0,0,2,0,1,MS_14387,blaTEM-1b; sul2,False,0.15384615384615385,False,0.5747472626978233,0.8550645935707271,False
2285,FVE81_RS04795,lysS,gene,2,1,genome,2,annotation_mediated,0,0,2,0,1,MS_14387,blaTEM-1b; strAB,False,0.15384615384615385,False,0.5747472626978233,0.8550645935707271,False
2286,FVE81_RS05435,pyrG,gene,2,1,genome,2,annotation_mediated,0,0,2,0,1,MS_14387,blaTEM-1b; sul2,False,0.15384615384615385,False,0.5747472626978233,0.8550645935707271,False
2287,FVE81_RS06790,rlmN,gene,2,1,genome,2,annotation_mediated,0,0,2,0,1,MS_14387,blaTEM-1b; strAB,False,0.15384615384615385,False,0.5747472626978233,0.8550645935707271,False
2288,FVE81_RS06805,hisS,gene,2,1,genome,2,annotation_mediated,0,0,2,0,1,MS_14387,blaTEM-1b; strAB,False,0.15384615384615385,False,0.5747472626978233,0.8550645935707271,False
2289,FVE81_RS06905,upp,gene,2,1,genome,2,annotation_mediated,0,0,2,0,1,MS_14387,blaTEM-1b; sul2,False,0.15384615384615385,False,0.5747472626978233,0.8550645935707271,False
2290,FVE81_RS07090,maeB,gene,2,1,genome,2,annotation_mediated,0,0,2,0,1,MS_14387,blaTEM-1b; sul2,False,0.15384615384615385,False,0.5747472626978233,0.8550645935707271,False
2291,FVE81_RS03005,diaA,gene,2,1,genome,2,annotation_mediated,0,0,2,0,1,MS_14387,strAB; sul2,False,0.15384615384615385,False,0.5747472626978233,0.8550645935707271,False
2292,FVE81_RS04390,ansB,gene,2,1,genome,2,annotation_mediated,0,0,2,0,1,MS_14387,strAB; sul2,False,0.15384615384615385,False,0.5747472626978233,0.8550645935707271,False
2293,FVE81_RS07345,gltX,gene,2,1,genome,2,annotation_mediated,0,0,2,0,1,MS_14387,strAB; sul2,False,0.15384615384615385,False,0.5747472626978233,0.8550645935707271,False
2294,EW036_RS00560,brxC,gene,2,1,genome,3,annotation_mediated,0,0,2,0,1,B36,blaCTX-M-15; blaOXA-1,False,0.15384615384615385,False,0.5747472626978233,0.8550645935707271,False
2295,EW036_RS01235,dppC,gene,2,1,genome,3,annotation_mediated,0,0,2,0,0,B36,blaCTX-M-15; blaOXA-1,False,0.15384615384615385,False,0.5747472626978233,0.8550645935707271,False
2296,EW036_RS01250,yhjV,gene,2,1,genome,3,annotation_mediated,0,0,2,0,0,B36,blaCTX-M-15; blaOXA-1,False,0.15384615384615385,False,0.5747472626978233,0.8550645935707271,False
2297,EW036_RS01395,gadW,gene,2,1,genome,3,annotation_mediated,0,0,2,0,0,B36,blaCTX-M-15; blaOXA-1,False,0.15384615384615385,False,0.5747472626978233,0.8550645935707271,False
2298,EW036_RS01405,mdtE,gene,2,1,genome,3,annotation_mediated,0,0,2,0,0,B36,blaCTX-M-15; blaOXA-1,False,0.15384615384615385,False,0.5747472626978233,0.8550645935707271,False
2299,EW036_RS02040,nudE,gene,2,1,genome,3,annotation_mediated,0,0,2,0,1,B36,blaCTX-M-15; blaOXA-1,False,0.15384615384615385,False,0.5747472626978233,0.8550645935707271,False
2300,EW036_RS02050,hofM,gene,2,1,genome,3,annotation_mediated,0,0,2,0,0,B36,blaCTX-M-15; blaOXA-1,False,0.15384615384615385,False,0.5747472626978233,0.8550645935707271,False
2301,EW036_RS06385,emrB,gene,2,1,genome,3,annotation_mediated,0,0,2,0,0,B36,blaCTX-M-15; blaOXA-1,False,0.15384615384615385,False,0.5747472626978233,0.8550645935707271,False
2302,EW036_RS06395,emrR,gene,2,1,genome,3,annotation_mediated,0,0,2,0,1,B36,blaCTX-M-15; blaOXA-1,False,0.15384615384615385,False,0.5747472626978233,0.8550645935707271,False
2303,EW036_RS08620,ycaI,gene,2,1,genome,3,annotation_mediated,0,0,2,0,0,B36,blaCTX-M-15; blaOXA-1,False,0.15384615384615385,False,0.5747472626978233,0.8550645935707271,False
2304,EW035_RS00160,ivbL,gene,2,1,genome,3,annotation_mediated,0,0,2,0,0,MS_14386,blaTEM-1b; blaTEM-215,False,0.15384615384615385,False,0.5747472626978233,0.8550645935707271,False
2305,EW035_RS00455,envC,gene,2,1,genome,3,annotation_mediated,0,0,2,0,0,MS_14386,blaTEM-1b; blaTEM-215,False,0.15384615384615385,False,0.5747472626978233,0.8550645935707271,False
2306,EW035_RS00675,ysaA,gene,2,1,genome,3,annotation_mediated,0,0,2,0,0,MS_14386,blaTEM-1b; blaTEM-215,False,0.15384615384615385,False,0.5747472626978233,0.8550645935707271,False
2307,EW035_RS00860,yhjV,gene,2,1,genome,3,annotation_mediated,0,0,2,0,0,MS_14386,blaTEM-1b; blaTEM-215,False,0.15384615384615385,False,0.5747472626978233,0.8550645935707271,False
2308,EW035_RS01510,gntR,gene,2,1,genome,3,annotation_mediated,0,0,2,0,1,MS_14386,blaTEM-1b; blaTEM-215,False,0.15384615384615385,False,0.5747472626978233,0.8550645935707271,False
2309,EW035_RS01520,gntU,gene,2,1,genome,3,annotation_mediated,0,0,2,0,0,MS_14386,blaTEM-1b; blaTEM-215,False,0.15384615384615385,False,0.5747472626978233,0.8550645935707271,False
2310,EW035_RS01525,yhgN,gene,2,1,genome,3,annotation_mediated,0,0,2,0,0,MS_14386,blaTEM-1b; blaTEM-215,False,0.15384615384615385,False,0.5747472626978233,0.8550645935707271,False
2311,EW035_RS01695,nan,gene,2,1,genome,3,annotation_mediated,0,0,2,0,0,MS_14386,blaTEM-1b; blaTEM-215,False,0.15384615384615385,False,0.5747472626978233,0.8550645935707271,False
2312,EW035_RS01705,yhgE,gene,2,1,genome,3,annotation_mediated,0,0,2,0,1,MS_14386,blaTEM-1b; blaTEM-215,False,0.15384615384615385,False,0.5747472626978233,0.8550645935707271,False
2313,EW035_RS01730,nudE,gene,2,1,genome,3,annotation_mediated,0,0,2,0,1,MS_14386,blaTEM-1b; blaTEM-215,False,0.15384615384615385,False,0.5747472626978233,0.8550645935707271,False
2314,EW035_RS01740,hofM,gene,2,1,genome,3,annotation_mediated,0,0,2,0,0,MS_14386,blaTEM-1b; blaTEM-215,False,0.15384615384615385,False,0.5747472626978233,0.8550645935707271,False
2315,EW035_RS01760,hofQ,gene,2,1,genome,3,annotation_mediated,0,0,2,0,0,MS_14386,blaTEM-1b; blaTEM-215,False,0.15384615384615385,False,0.5747472626978233,0.8550645935707271,False
2316,EW035_RS01775,damX,gene,2,1,genome,3,annotation_mediated,0,0,2,0,1,MS_14386,blaTEM-1b; blaTEM-215,False,0.15384615384615385,False,0.5747472626978233,0.8550645935707271,False
2317,EW035_RS01780,dam,gene,2,1,genome,3,annotation_mediated,0,0,2,0,1,MS_14386,blaTEM-1b; blaTEM-215,False,0.15384615384615385,False,0.5747472626978233,0.8550645935707271,False
2318,EW035_RS01880,fic,gene,2,1,genome,3,annotation_mediated,0,0,2,0,1,MS_14386,blaTEM-1b; blaTEM-215,False,0.15384615384615385,False,0.5747472626978233,0.8550645935707271,False
2319,EW035_RS02405,yhdT,gene,2,1,genome,3,annotation_mediated,0,0,2,0,0,MS_14386,blaTEM-1b; blaTEM-215,False,0.15384615384615385,False,0.5747472626978233,0.8550645935707271,False
2320,EW035_RS02420,nan,gene,2,1,genome,3,annotation_mediated,0,0,2,0,0,MS_14386,blaTEM-1b; blaTEM-215,False,0.15384615384615385,False,0.5747472626978233,0.8550645935707271,False
2321,EW035_RS02505,argR,gene,2,1,genome,3,annotation_mediated,0,0,2,0,1,MS_14386,blaTEM-1b; blaTEM-215,False,0.15384615384615385,False,0.5747472626978233,0.8550645935707271,False
2322,EW035_RS02515,degS,gene,2,1,genome,3,annotation_mediated,0,0,2,0,1,MS_14386,blaTEM-1b; blaTEM-215,False,0.15384615384615385,False,0.5747472626978233,0.8550645935707271,False
2323,EW035_RS02565,nanR,gene,2,1,genome,3,annotation_mediated,0,0,2,0,1,MS_14386,blaTEM-1b; blaTEM-215,False,0.15384615384615385,False,0.5747472626978233,0.8550645935707271,False
2324,EW035_RS02575,nanT,gene,2,1,genome,3,annotation_mediated,0,0,2,0,0,MS_14386,blaTEM-1b; blaTEM-215,False,0.15384615384615385,False,0.5747472626978233,0.8550645935707271,False
2325,EW035_RS02600,nan,gene,2,1,genome,3,annotation_mediated,0,0,2,0,0,MS_14386,blaTEM-1b; blaTEM-215,False,0.15384615384615385,False,0.5747472626978233,0.8550645935707271,False
2326,EW035_RS02615,yhcC,gene,2,1,genome,3,annotation_mediated,0,0,2,0,0,MS_14386,blaTEM-1b; blaTEM-215,False,0.15384615384615385,False,0.5747472626978233,0.8550645935707271,False
2327,EW035_RS02795,secG,gene,2,1,genome,3,annotation_mediated,0,0,2,0,1,MS_14386,blaTEM-1b; blaTEM-215,False,0.15384615384615385,False,0.5747472626978233,0.8550645935707271,False
2328,EW035_RS02805,nan,gene,2,1,genome,3,annotation_mediated,0,0,2,0,0,MS_14386,blaTEM-1b; blaTEM-215,False,0.15384615384615385,False,0.5747472626978233,0.8550645935707271,False
2329,EW035_RS03075,yhaC,gene,2,1,genome,3,annotation_mediated,0,0,2,0,0,MS_14386,blaTEM-1b; blaTEM-215,False,0.15384615384615385,False,0.5747472626978233,0.8550645935707271,False
2330,EW035_RS03090,tdcA,gene,2,1,genome,3,annotation_mediated,0,0,2,0,1,MS_14386,blaTEM-1b; blaTEM-215,False,0.15384615384615385,False,0.5747472626978233,0.8550645935707271,False
2331,EW035_RS03125,cyuP,gene,2,1,genome,3,annotation_mediated,0,0,2,0,0,MS_14386,blaTEM-1b; blaTEM-215,False,0.15384615384615385,False,0.5747472626978233,0.8550645935707271,False
2332,EW035_RS03655,gpr,gene,2,1,genome,3,annotation_mediated,0,0,2,0,1,MS_14386,blaTEM-1b; blaTEM-215,False,0.15384615384615385,False,0.5747472626978233,0.8550645935707271,False
2333,EW035_RS03665,yghW,gene,2,1,genome,3,annotation_mediated,0,0,2,0,0,MS_14386,blaTEM-1b; blaTEM-215,False,0.15384615384615385,False,0.5747472626978233,0.8550645935707271,False
2334,EW035_RS03810,glcE,gene,2,1,genome,3,annotation_mediated,0,0,2,0,0,MS_14386,blaTEM-1b; blaTEM-215,False,0.15384615384615385,False,0.5747472626978233,0.8550645935707271,False
2335,EW035_RS04085,loiP,gene,2,1,genome,3,annotation_mediated,0,0,2,0,1,MS_14386,blaTEM-1b; blaTEM-215,False,0.15384615384615385,False,0.5747472626978233,0.8550645935707271,False
2336,EW035_RS04095,cmtB,gene,2,1,genome,3,annotation_mediated,0,0,2,0,0,MS_14386,blaTEM-1b; blaTEM-215,False,0.15384615384615385,False,0.5747472626978233,0.8550645935707271,False
2337,EW035_RS04145,nan,gene,2,1,genome,3,annotation_mediated,0,0,2,0,0,MS_14386,blaTEM-1b; blaTEM-215,False,0.15384615384615385,False,0.5747472626978233,0.8550645935707271,False
2338,EW035_RS04165,mscS,gene,2,1,genome,3,annotation_mediated,0,0,2,0,1,MS_14386,blaTEM-1b; blaTEM-215,False,0.15384615384615385,False,0.5747472626978233,0.8550645935707271,False
2339,EW035_RS04210,nan,gene,2,1,genome,3,annotation_mediated,0,0,2,0,0,MS_14386,blaTEM-1b; blaTEM-215,False,0.15384615384615385,False,0.5747472626978233,0.8550645935707271,False
2340,EW035_RS04225,ibsC,gene,2,1,genome,3,annotation_mediated,0,0,2,0,0,MS_14386,blaTEM-1b; blaTEM-215,False,0.15384615384615385,False,0.5747472626978233,0.8550645935707271,False
2341,EW035_RS04270,nan,gene,2,1,genome,3,annotation_mediated,0,0,2,0,0,MS_14386,blaTEM-1b; blaTEM-215,False,0.15384615384615385,False,0.5747472626978233,0.8550645935707271,False
2342,EW035_RS04290,ygfF,gene,2,1,genome,3,annotation_mediated,0,0,2,0,0,MS_14386,blaTEM-1b; blaTEM-215,False,0.15384615384615385,False,0.5747472626978233,0.8550645935707271,False
2343,EW035_RS04360,nan,gene,2,1,genome,3,annotation_mediated,0,0,2,0,0,MS_14386,blaTEM-1b; blaTEM-215,False,0.15384615384615385,False,0.5747472626978233,0.8550645935707271,False
2344,EW035_RS04635,yqeG,gene,2,1,genome,3,annotation_mediated,0,0,2,0,0,MS_14386,blaTEM-1b; blaTEM-215,False,0.15384615384615385,False,0.5747472626978233,0.8550645935707271,False
2345,EW035_RS04645,kduI,gene,2,1,genome,3,annotation_mediated,0,0,2,0,0,MS_14386,blaTEM-1b; blaTEM-215,False,0.15384615384615385,False,0.5747472626978233,0.8550645935707271,False
2346,EW035_RS04665,lysR,gene,2,1,genome,3,annotation_mediated,0,0,2,0,0,MS_14386,blaTEM-1b; blaTEM-215,False,0.15384615384615385,False,0.5747472626978233,0.8550645935707271,False
2347,EW035_RS05045,xni,gene,2,1,genome,3,annotation_mediated,0,0,2,0,1,MS_14386,blaTEM-1b; blaTEM-215,False,0.15384615384615385,False,0.5747472626978233,0.8550645935707271,False
2348,EW035_RS05145,ygcG,gene,2,1,genome,3,annotation_mediated,0,0,2,0,0,MS_14386,blaTEM-1b; blaTEM-215,False,0.15384615384615385,False,0.5747472626978233,0.8550645935707271,False
2349,EW035_RS05295,cysD,gene,2,1,genome,3,annotation_mediated,0,0,2,0,0,MS_14386,blaTEM-1b; blaTEM-215,False,0.15384615384615385,False,0.5747472626978233,0.8550645935707271,False
2350,EW035_RS05315,ftsB,gene,2,1,genome,3,annotation_mediated,0,0,2,0,1,MS_14386,blaTEM-1b; blaTEM-215,False,0.15384615384615385,False,0.5747472626978233,0.8550645935707271,False
2351,EW035_RS05825,bamE,gene,2,1,genome,3,annotation_mediated,0,0,2,0,1,MS_14386,aac(3)-IId; blaTEM-1b,False,0.15384615384615385,False,0.5747472626978233,0.8550645935707271,False
2352,EW035_RS05910,aroF,gene,2,1,genome,3,annotation_mediated,0,0,2,0,0,MS_14386,blaTEM-1b; blaTEM-215,False,0.15384615384615385,False,0.5747472626978233,0.8550645935707271,False
2353,EW035_RS05925,pheL,gene,2,1,genome,3,annotation_mediated,0,0,2,0,0,MS_14386,blaTEM-1b; blaTEM-215,False,0.15384615384615385,False,0.5747472626978233,0.8550645935707271,False
2354,EW035_RS06130,mltF,gene,2,1,genome,3,annotation_mediated,0,0,2,0,0,MS_14386,blaTEM-1b; blaTEM-215,False,0.15384615384615385,False,0.5747472626978233,0.8550645935707271,False
2355,EW035_RS06160,hmpA,gene,2,1,genome,3,annotation_mediated,0,0,2,0,1,MS_14386,blaTEM-1b; blaTEM-215,False,0.15384615384615385,False,0.5747472626978233,0.8550645935707271,False
2356,EW035_RS07250,prmB,gene,2,1,genome,3,annotation_mediated,0,0,2,0,1,MS_14386,aadA1; blaTEM-215,False,0.15384615384615385,False,0.5747472626978233,0.8550645935707271,False
2357,EW035_RS08490,mdtC,gene,2,1,genome,3,annotation_mediated,0,0,2,0,0,MS_14386,aac(3)-IId; strAB,False,0.15384615384615385,False,0.5747472626978233,0.8550645935707271,False
2358,EW035_RS10950,ydhI,gene,2,1,genome,3,annotation_mediated,0,0,2,0,0,MS_14386,aac(3)-IId; strAB,False,0.15384615384615385,False,0.5747472626978233,0.8550645935707271,False
2359,EW035_RS13100,emtA,gene,2,1,genome,3,annotation_mediated,0,0,2,0,1,MS_14386,aac(3)-IId; strAB,False,0.15384615384615385,False,0.5747472626978233,0.8550645935707271,False
2360,EW035_RS14360,ycaI,gene,2,1,genome,3,annotation_mediated,0,0,2,0,0,MS_14386,aac(3)-IId; strAB,False,0.15384615384615385,False,0.5747472626978233,0.8550645935707271,False
2361,EW035_RS14735,cspD,gene,2,1,genome,3,annotation_mediated,0,0,2,0,1,MS_14386,aac(3)-IId; strAB,False,0.15384615384615385,False,0.5747472626978233,0.8550645935707271,False
2362,EW035_RS15420,ybhS,gene,2,1,genome,3,annotation_mediated,0,0,2,0,0,MS_14386,aac(3)-IId; strAB,False,0.15384615384615385,False,0.5747472626978233,0.8550645935707271,False
2363,EW035_RS17005,tomB,gene,2,1,genome,3,annotation_mediated,0,0,2,0,0,MS_14386,aac(3)-IId; strAB,False,0.15384615384615385,False,0.5747472626978233,0.8550645935707271,False
2364,EW035_RS00280,trmH,gene,2,1,genome,4,annotation_mediated,0,0,2,0,1,MS_14386,aadA1; strAB,False,0.15384615384615385,False,0.5747472626978233,0.8550645935707271,False
2365,EW035_RS00320,rph,gene,2,1,genome,4,annotation_mediated,0,0,2,0,1,MS_14386,aadA1; strAB,False,0.15384615384615385,False,0.5747472626978233,0.8550645935707271,False
2366,EW035_RS00350,rpmB,gene,2,1,genome,4,annotation_mediated,0,0,2,0,1,MS_14386,aadA1; strAB,False,0.15384615384615385,False,0.5747472626978233,0.8550645935707271,False
2367,EW035_RS00495,trmL,gene,2,1,genome,4,annotation_mediated,0,0,2,0,1,MS_14386,aadA1; strAB,False,0.15384615384615385,False,0.5747472626978233,0.8550645935707271,False
2368,EW035_RS00570,selA,gene,2,1,genome,4,annotation_mediated,0,0,2,0,1,MS_14386,aadA1; strAB,False,0.15384615384615385,False,0.5747472626978233,0.8550645935707271,False
2369,EW035_RS00745,glyQ,gene,2,1,genome,4,annotation_mediated,0,0,2,0,1,MS_14386,aadA1; strAB,False,0.15384615384615385,False,0.5747472626978233,0.8550645935707271,False
2370,EW035_RS00750,glyS,gene,2,1,genome,4,annotation_mediated,0,0,2,0,1,MS_14386,aadA1; strAB,False,0.15384615384615385,False,0.5747472626978233,0.8550645935707271,False
2371,EW035_RS01100,rlmJ,gene,2,1,genome,4,annotation_mediated,0,0,2,0,1,MS_14386,aadA1; strAB,False,0.15384615384615385,False,0.5747472626978233,0.8550645935707271,False
2372,EW035_RS01110,rsmJ,gene,2,1,genome,4,annotation_mediated,0,0,2,0,1,MS_14386,aadA1; strAB,False,0.15384615384615385,False,0.5747472626978233,0.8550645935707271,False
2373,EW035_RS01375,tusA,gene,2,1,genome,4,annotation_mediated,0,0,2,0,1,MS_14386,aadA1; strAB,False,0.15384615384615385,False,0.5747472626978233,0.8550645935707271,False
2374,EW035_RS01400,rsmD,gene,2,1,genome,4,annotation_mediated,0,0,2,0,1,MS_14386,aadA1; strAB,False,0.15384615384615385,False,0.5747472626978233,0.8550645935707271,False
2375,EW035_RS01715,hslR,gene,2,1,genome,4,annotation_mediated,0,0,2,0,1,MS_14386,aadA1; strAB,False,0.15384615384615385,False,0.5747472626978233,0.8550645935707271,False
2376,EW035_RS01795,trpS,gene,2,1,genome,4,annotation_mediated,0,0,2,0,1,MS_14386,aadA1; strAB,False,0.15384615384615385,False,0.5747472626978233,0.8550645935707271,False
2377,EW035_RS01970,tusC,gene,2,1,genome,4,annotation_mediated,0,0,2,0,1,MS_14386,aadA1; strAB,False,0.15384615384615385,False,0.5747472626978233,0.8550645935707271,False
2378,EW035_RS01975,tusB,gene,2,1,genome,4,annotation_mediated,0,0,2,0,1,MS_14386,aadA1; strAB,False,0.15384615384615385,False,0.5747472626978233,0.8550645935707271,False
2379,EW035_RS01985,rpsG,gene,2,1,genome,4,annotation_mediated,0,0,2,0,1,MS_14386,aadA1; strAB,False,0.15384615384615385,False,0.5747472626978233,0.8550645935707271,False
2380,EW035_RS01990,fusA,gene,2,1,genome,4,annotation_mediated,0,0,2,0,1,MS_14386,aadA1; strAB,False,0.15384615384615385,False,0.5747472626978233,0.8550645935707271,False
2381,EW035_RS02085,rpsJ,gene,2,1,genome,4,annotation_mediated,0,0,2,0,1,MS_14386,aadA1; strAB,False,0.15384615384615385,False,0.5747472626978233,0.8550645935707271,False
2382,EW035_RS02090,rplC,gene,2,1,genome,4,annotation_mediated,0,0,2,0,1,MS_14386,aadA1; strAB,False,0.15384615384615385,False,0.5747472626978233,0.8550645935707271,False
2383,EW035_RS02100,rplW,gene,2,1,genome,4,annotation_mediated,0,0,2,0,1,MS_14386,aadA1; strAB,False,0.15384615384615385,False,0.5747472626978233,0.8550645935707271,False
2384,EW035_RS02105,rplB,gene,2,1,genome,4,annotation_mediated,0,0,2,0,1,MS_14386,aadA1; strAB,False,0.15384615384615385,False,0.5747472626978233,0.8550645935707271,False
2385,EW035_RS02110,rpsS,gene,2,1,genome,4,annotation_mediated,0,0,2,0,1,MS_14386,aadA1; strAB,False,0.15384615384615385,False,0.5747472626978233,0.8550645935707271,False
2386,EW035_RS02120,rpsC,gene,2,1,genome,4,annotation_mediated,0,0,2,0,1,MS_14386,aadA1; strAB,False,0.15384615384615385,False,0.5747472626978233,0.8550645935707271,False
2387,EW035_RS02125,rplP,gene,2,1,genome,4,annotation_mediated,0,0,2,0,1,MS_14386,aadA1; strAB,False,0.15384615384615385,False,0.5747472626978233,0.8550645935707271,False
2388,EW035_RS02130,rpmC,gene,2,1,genome,4,annotation_mediated,0,0,2,0,1,MS_14386,aadA1; strAB,False,0.15384615384615385,False,0.5747472626978233,0.8550645935707271,False
2389,EW035_RS02140,rplN,gene,2,1,genome,4,annotation_mediated,0,0,2,0,1,MS_14386,aadA1; strAB,False,0.15384615384615385,False,0.5747472626978233,0.8550645935707271,False
2390,EW035_RS02145,rplX,gene,2,1,genome,4,annotation_mediated,0,0,2,0,1,MS_14386,aadA1; strAB,False,0.15384615384615385,False,0.5747472626978233,0.8550645935707271,False
2391,EW035_RS02150,rplE,gene,2,1,genome,4,annotation_mediated,0,0,2,0,1,MS_14386,aadA1; strAB,False,0.15384615384615385,False,0.5747472626978233,0.8550645935707271,False
2392,EW035_RS02155,rpsN,gene,2,1,genome,4,annotation_mediated,0,0,2,0,1,MS_14386,aadA1; strAB,False,0.15384615384615385,False,0.5747472626978233,0.8550645935707271,False
2393,EW035_RS02160,rpsH,gene,2,1,genome,4,annotation_mediated,0,0,2,0,1,MS_14386,aadA1; strAB,False,0.15384615384615385,False,0.5747472626978233,0.8550645935707271,False
2394,EW035_RS02170,rplR,gene,2,1,genome,4,annotation_mediated,0,0,2,0,1,MS_14386,aadA1; strAB,False,0.15384615384615385,False,0.5747472626978233,0.8550645935707271,False
2395,EW035_RS02180,rpmD,gene,2,1,genome,4,annotation_mediated,0,0,2,0,1,MS_14386,aadA1; strAB,False,0.15384615384615385,False,0.5747472626978233,0.8550645935707271,False
2396,EW035_RS02185,rplO,gene,2,1,genome,4,annotation_mediated,0,0,2,0,1,MS_14386,aadA1; strAB,False,0.15384615384615385,False,0.5747472626978233,0.8550645935707271,False
2397,EW035_RS02200,rpsM,gene,2,1,genome,4,annotation_mediated,0,0,2,0,1,MS_14386,aadA1; strAB,False,0.15384615384615385,False,0.5747472626978233,0.8550645935707271,False
2398,EW035_RS02205,rpsK,gene,2,1,genome,4,annotation_mediated,0,0,2,0,1,MS_14386,aadA1; strAB,False,0.15384615384615385,False,0.5747472626978233,0.8550645935707271,False
2399,EW035_RS02220,rplQ,gene,2,1,genome,4,annotation_mediated,0,0,2,0,1,MS_14386,aadA1; strAB,False,0.15384615384615385,False,0.5747472626978233,0.8550645935707271,False
2400,EW035_RS02250,rsmB,gene,2,1,genome,4,annotation_mediated,0,0,2,0,1,MS_14386,aadA1; strAB,False,0.15384615384615385,False,0.5747472626978233,0.8550645935707271,False
2401,EW035_RS02260,def,gene,2,1,genome,4,annotation_mediated,0,0,2,0,1,MS_14386,aadA1; strAB,False,0.15384615384615385,False,0.5747472626978233,0.8550645935707271,False
2402,EW035_RS02390,dusB,gene,2,1,genome,4,annotation_mediated,0,0,2,0,1,MS_14386,aadA1; strAB,False,0.15384615384615385,False,0.5747472626978233,0.8550645935707271,False
2403,EW035_RS02395,prmA,gene,2,1,genome,4,annotation_mediated,0,0,2,0,1,MS_14386,aadA1; strAB,False,0.15384615384615385,False,0.5747472626978233,0.8550645935707271,False
2404,EW035_RS02460,rng,gene,2,1,genome,4,annotation_mediated,0,0,2,0,1,MS_14386,aadA1; strAB,False,0.15384615384615385,False,0.5747472626978233,0.8550645935707271,False
2405,EW035_RS02535,rplM,gene,2,1,genome,4,annotation_mediated,0,0,2,0,1,MS_14386,aadA1; strAB,False,0.15384615384615385,False,0.5747472626978233,0.8550645935707271,False
2406,EW035_RS02540,rpsI,gene,2,1,genome,4,annotation_mediated,0,0,2,0,1,MS_14386,aadA1; strAB,False,0.15384615384615385,False,0.5747472626978233,0.8550645935707271,False
2407,EW035_RS02655,hpf,gene,2,1,genome,4,annotation_mediated,0,0,2,0,1,MS_14386,aadA1; strAB,False,0.15384615384615385,False,0.5747472626978233,0.8550645935707271,False
2408,EW035_RS02740,rplU,gene,2,1,genome,4,annotation_mediated,0,0,2,0,1,MS_14386,aadA1; strAB,False,0.15384615384615385,False,0.5747472626978233,0.8550645935707271,False
2409,EW035_RS02745,rpmA,gene,2,1,genome,4,annotation_mediated,0,0,2,0,1,MS_14386,aadA1; strAB,False,0.15384615384615385,False,0.5747472626978233,0.8550645935707271,False
2410,EW035_RS02770,yhbY,gene,2,1,genome,4,annotation_mediated,0,0,2,0,1,MS_14386,aadA1; strAB,False,0.15384615384615385,False,0.5747472626978233,0.8550645935707271,False
2411,EW035_RS02775,rlmE,gene,2,1,genome,4,annotation_mediated,0,0,2,0,1,MS_14386,aadA1; strAB,False,0.15384615384615385,False,0.5747472626978233,0.8550645935707271,False
2412,EW035_RS02830,infB,gene,2,1,genome,4,annotation_mediated,0,0,2,0,1,MS_14386,aadA1; strAB,False,0.15384615384615385,False,0.5747472626978233,0.8550645935707271,False
2413,EW035_RS02835,rbfA,gene,2,1,genome,4,annotation_mediated,0,0,2,0,1,MS_14386,aadA1; strAB,False,0.15384615384615385,False,0.5747472626978233,0.8550645935707271,False
2414,EW035_RS02840,truB,gene,2,1,genome,4,annotation_mediated,0,0,2,0,1,MS_14386,aadA1; strAB,False,0.15384615384615385,False,0.5747472626978233,0.8550645935707271,False
2415,EW035_RS02845,rpsO,gene,2,1,genome,4,annotation_mediated,0,0,2,0,1,MS_14386,aadA1; strAB,False,0.15384615384615385,False,0.5747472626978233,0.8550645935707271,False
2416,EW035_RS02850,pnp,gene,2,1,genome,4,annotation_mediated,0,0,2,0,1,MS_14386,aadA1; strAB,False,0.15384615384615385,False,0.5747472626978233,0.8550645935707271,False
2417,EW035_RS02945,rsmI,gene,2,1,genome,4,annotation_mediated,0,0,2,0,1,MS_14386,aadA1; strAB,False,0.15384615384615385,False,0.5747472626978233,0.8550645935707271,False
2418,EW035_RS03270,rlmG,gene,2,1,genome,4,annotation_mediated,0,0,2,0,1,MS_14386,aadA1; strAB,False,0.15384615384615385,False,0.5747472626978233,0.8550645935707271,False
2419,EW035_RS03370,rpsU,gene,2,1,genome,4,annotation_mediated,0,0,2,0,1,MS_14386,aadA1; strAB,False,0.15384615384615385,False,0.5747472626978233,0.8550645935707271,False
2420,EW035_RS03375,tsaD,gene,2,1,genome,4,annotation_mediated,0,0,2,0,1,MS_14386,aadA1; strAB,False,0.15384615384615385,False,0.5747472626978233,0.8550645935707271,False
2421,EW035_RS03415,cca,gene,2,1,genome,4,annotation_mediated,0,0,2,0,1,MS_14386,aadA1; strAB,False,0.15384615384615385,False,0.5747472626978233,0.8550645935707271,False
2422,EW035_RS03940,trmB,gene,2,1,genome,4,annotation_mediated,0,0,2,0,1,MS_14386,aadA1; strAB,False,0.15384615384615385,False,0.5747472626978233,0.8550645935707271,False
2423,EW035_RS04025,rsmE,gene,2,1,genome,4,annotation_mediated,0,0,2,0,1,MS_14386,aadA1; strAB,False,0.15384615384615385,False,0.5747472626978233,0.8550645935707271,False
2424,EW035_RS04345,prfB,gene,2,1,genome,4,annotation_mediated,0,0,2,0,1,MS_14386,aadA1; strAB,False,0.15384615384615385,False,0.5747472626978233,0.8550645935707271,False
2425,EW035_RS05005,rlmM,gene,2,1,genome,4,annotation_mediated,0,0,2,0,1,MS_14386,aadA1; strAB,False,0.15384615384615385,False,0.5747472626978233,0.8550645935707271,False
2426,EW035_RS05110,rlmD,gene,2,1,genome,4,annotation_mediated,0,0,2,0,1,MS_14386,aadA1; strAB,False,0.15384615384615385,False,0.5747472626978233,0.8550645935707271,False
2427,EW035_RS05330,truD,gene,2,1,genome,4,annotation_mediated,0,0,2,0,1,MS_14386,aadA1; strAB,False,0.15384615384615385,False,0.5747472626978233,0.8550645935707271,False
2428,EW035_RS05340,pcm,gene,2,1,genome,4,annotation_mediated,0,0,2,0,1,MS_14386,aadA1; strAB,False,0.15384615384615385,False,0.5747472626978233,0.8550645935707271,False
2429,EW035_RS05585,alaS,gene,2,1,genome,4,annotation_mediated,0,0,2,0,1,MS_14386,aadA1; strAB,False,0.15384615384615385,False,0.5747472626978233,0.8550645935707271,False
2430,EW035_RS05590,csrA,gene,2,1,genome,4,annotation_mediated,0,0,2,0,1,MS_14386,aadA1; strAB,False,0.15384615384615385,False,0.5747472626978233,0.8550645935707271,False
2431,EW035_RS05810,smpB,gene,2,1,genome,4,annotation_mediated,0,0,2,0,1,MS_14386,aadA1; strAB,False,0.15384615384615385,False,0.5747472626978233,0.8550645935707271,False
2432,EW035_RS05870,rpsP,gene,2,1,genome,4,annotation_mediated,0,0,2,0,1,MS_14386,aadA1; strAB,False,0.15384615384615385,False,0.5747472626978233,0.8550645935707271,False
2433,EW035_RS05875,rimM,gene,2,1,genome,4,annotation_mediated,0,0,2,0,1,MS_14386,aadA1; strAB,False,0.15384615384615385,False,0.5747472626978233,0.8550645935707271,False
2434,EW035_RS05880,trmD,gene,2,1,genome,4,annotation_mediated,0,0,2,0,1,MS_14386,aadA1; strAB,False,0.15384615384615385,False,0.5747472626978233,0.8550645935707271,False
2435,EW035_RS05885,rplS,gene,2,1,genome,4,annotation_mediated,0,0,2,0,1,MS_14386,aadA1; strAB,False,0.15384615384615385,False,0.5747472626978233,0.8550645935707271,False
2436,EW035_RS05930,raiA,gene,2,1,genome,4,annotation_mediated,0,0,2,0,1,MS_14386,aadA1; strAB,False,0.15384615384615385,False,0.5747472626978233,0.8550645935707271,False
2437,EW035_RS05940,rluD,gene,2,1,genome,4,annotation_mediated,0,0,2,0,1,MS_14386,aadA1; strAB,False,0.15384615384615385,False,0.5747472626978233,0.8550645935707271,False
2438,EW035_RS05990,patZ,gene,2,1,genome,4,annotation_mediated,0,0,2,0,1,MS_14386,aadA1; strAB,False,0.15384615384615385,False,0.5747472626978233,0.8550645935707271,False
2439,EW035_RS06005,yfiF,gene,2,1,genome,4,annotation_mediated,0,0,2,0,1,MS_14386,aadA1; strAB,False,0.15384615384615385,False,0.5747472626978233,0.8550645935707271,False
2440,EW035_RS06035,trmN,gene,2,1,genome,4,annotation_mediated,0,0,2,0,1,MS_14386,aadA1; strAB,False,0.15384615384615385,False,0.5747472626978233,0.8550645935707271,False
2441,EW035_RS06070,lepA,gene,2,1,genome,4,annotation_mediated,0,0,2,0,1,MS_14386,aadA1; strAB,False,0.15384615384615385,False,0.5747472626978233,0.8550645935707271,False
2442,EW035_RS06080,rnc,gene,2,1,genome,4,annotation_mediated,0,0,2,0,1,MS_14386,aadA1; strAB,False,0.15384615384615385,False,0.5747472626978233,0.8550645935707271,False
2443,EW035_RS06260,trmJ,gene,2,1,genome,4,annotation_mediated,0,0,2,0,1,MS_14386,aadA1; strAB,False,0.15384615384615385,False,0.5747472626978233,0.8550645935707271,False
2444,EW035_RS06365,der,gene,2,1,genome,4,annotation_mediated,0,0,2,0,1,MS_14386,aadA1; strAB,False,0.15384615384615385,False,0.5747472626978233,0.8550645935707271,False
2445,EW036_RS26090,nan,gene,1,1,genome,1,graph_derived,0,1,0,0,0,B36,tet(A),False,0.07692307692307693,False,0.8548868624143,0.8550645935707271,False
2446,EW036_RS26100,tetR(A),gene,1,1,genome,1,graph_derived,0,1,0,0,0,B36,tet(A),False,0.07692307692307693,False,0.8548868624143,0.8550645935707271,False
2447,EW036_RS26150,nan,gene,1,1,genome,1,graph_derived,0,1,0,0,0,B36,aadA5,False,0.07692307692307693,False,0.8548868624143,0.8550645935707271,False
2448,EW036_RS26165,nan,gene,1,1,genome,1,graph_derived,0,1,0,0,0,B36,sul1,False,0.07692307692307693,False,0.8548868624143,0.8550645935707271,False
2449,EW036_RS26230,nan,gene,1,1,genome,1,graph_derived,0,1,0,0,0,B36,blaCTX-M-15,False,0.07692307692307693,False,0.8548868624143,0.8550645935707271,False
2450,EW037_RS20165,nan,gene,1,1,genome,1,graph_derived,0,1,0,0,0,MS_14384,blaCMY-2,False,0.07692307692307693,False,0.8548868624143,0.8550645935707271,False
2451,EW037_RS20175,nan,gene,1,1,genome,1,graph_derived,0,1,0,0,1,MS_14384,blaCMY-2,False,0.07692307692307693,False,0.8548868624143,0.8550645935707271,False
2452,EW035_RS23635,repC,gene,1,1,genome,1,graph_derived,0,1,0,0,0,MS_14386,sul2,False,0.07692307692307693,False,0.8548868624143,0.8550645935707271,False
2453,EW035_RS23515,nan,gene,1,1,genome,1,graph_derived,0,1,0,0,0,MS_14386,sul3,False,0.07692307692307693,False,0.8548868624143,0.8550645935707271,False
2454,EW035_RS24980,nan,gene,1,1,genome,1,graph_derived,0,1,0,0,0,MS_14386,sul3,False,0.07692307692307693,False,0.8548868624143,0.8550645935707271,False
2455,EW035_RS24215,intI1,gene,1,1,genome,1,graph_derived,0,1,0,0,0,MS_14386,dfrA12,False,0.07692307692307693,False,0.8548868624143,0.8550645935707271,False
2456,EW035_RS24230,nan,gene,1,1,genome,1,graph_derived,0,1,0,0,0,MS_14386,dfrA12,False,0.07692307692307693,False,0.8548868624143,0.8550645935707271,False
2457,EW035_RS23415,nan,gene,1,1,genome,1,graph_derived,0,1,0,0,0,MS_14386,dfrA14,False,0.07692307692307693,False,0.8548868624143,0.8550645935707271,False
2458,EW035_RS23425,intI1,gene,1,1,genome,1,graph_derived,0,1,0,0,0,MS_14386,dfrA14,False,0.07692307692307693,False,0.8548868624143,0.8550645935707271,False
2459,EW035_RS25355,nan,gene,1,1,genome,1,graph_derived,0,1,0,0,0,MS_14386,floR,False,0.07692307692307693,False,0.8548868624143,0.8550645935707271,False
2460,EW035_RS24275,nan,gene,1,1,genome,1,graph_derived,0,1,0,0,0,MS_14386,fosA4,False,0.07692307692307693,False,0.8548868624143,0.8550645935707271,False
2461,FVE81_RS25135,nan,gene,1,1,genome,1,graph_derived,0,1,0,0,0,MS_14387,blaTEM-1b,False,0.07692307692307693,False,0.8548868624143,0.8550645935707271,False
2462,FVE81_RS25145,nan,gene,1,1,genome,1,graph_derived,0,1,0,0,0,MS_14387,blaTEM-1b,False,0.07692307692307693,False,0.8548868624143,0.8550645935707271,False
2463,EW036_RS00630,yicI,gene,1,1,genome,2,annotation_mediated,0,0,1,0,1,B36,tet(A),False,0.07692307692307693,False,0.8548868624143,0.8550645935707271,False
2464,EW036_RS00955,mtlD,gene,1,1,genome,2,annotation_mediated,0,0,1,0,1,B36,tet(A),False,0.07692307692307693,False,0.8548868624143,0.8550645935707271,False
2465,EW036_RS00960,mtlA,gene,1,1,genome,2,annotation_mediated,0,0,1,0,1,B36,tet(A),False,0.07692307692307693,False,0.8548868624143,0.8550645935707271,False
2466,EW036_RS01110,xylF,gene,1,1,genome,2,annotation_mediated,0,0,1,0,1,B36,tet(A),False,0.07692307692307693,False,0.8548868624143,0.8550645935707271,False
2467,EW036_RS01220,dppA,gene,1,1,genome,2,annotation_mediated,0,0,1,0,1,B36,tet(A),False,0.07692307692307693,False,0.8548868624143,0.8550645935707271,False
2468,EW036_RS01315,bcsZ,gene,1,1,genome,2,annotation_mediated,0,0,1,0,1,B36,tet(A),False,0.07692307692307693,False,0.8548868624143,0.8550645935707271,False
2469,EW036_RS01450,chuY,gene,1,1,genome,2,annotation_mediated,0,0,1,0,1,B36,tet(A),False,0.07692307692307693,False,0.8548868624143,0.8550645935707271,False
2470,EW036_RS01465,chuT,gene,1,1,genome,2,annotation_mediated,0,0,1,0,1,B36,tet(A),False,0.07692307692307693,False,0.8548868624143,0.8550645935707271,False
2471,EW036_RS01480,chuS,gene,1,1,genome,2,annotation_mediated,0,0,1,0,1,B36,tet(A),False,0.07692307692307693,False,0.8548868624143,0.8550645935707271,False
2472,EW036_RS01500,arsC,gene,1,1,genome,2,annotation_mediated,0,0,1,0,1,B36,tet(A),False,0.07692307692307693,False,0.8548868624143,0.8550645935707271,False
2473,EW036_RS01520,prlC,gene,1,1,genome,2,annotation_mediated,0,0,1,0,1,B36,tet(A),False,0.07692307692307693,False,0.8548868624143,0.8550645935707271,False
2474,EW036_RS01550,pitA,gene,1,1,genome,2,annotation_mediated,0,0,1,0,1,B36,tet(A),False,0.07692307692307693,False,0.8548868624143,0.8550645935707271,False
2475,EW036_RS01645,nikA,gene,1,1,genome,2,annotation_mediated,0,0,1,0,1,B36,tet(A),False,0.07692307692307693,False,0.8548868624143,0.8550645935707271,False
2476,EW036_RS01680,zntA,gene,1,1,genome,2,annotation_mediated,0,0,1,0,1,B36,tet(A),False,0.07692307692307693,False,0.8548868624143,0.8550645935707271,False
2477,EW036_RS01725,livJ,gene,1,1,genome,2,annotation_mediated,0,0,1,0,1,B36,tet(A),False,0.07692307692307693,False,0.8548868624143,0.8550645935707271,False
2478,EW036_RS01745,livK,gene,1,1,genome,2,annotation_mediated,0,0,1,0,1,B36,tet(A),False,0.07692307692307693,False,0.8548868624143,0.8550645935707271,False
2479,EW036_RS01760,livG,gene,1,1,genome,2,annotation_mediated,0,0,1,0,1,B36,tet(A),False,0.07692307692307693,False,0.8548868624143,0.8550645935707271,False
2480,EW036_RS01770,ugpB,gene,1,1,genome,2,annotation_mediated,0,0,1,0,1,B36,tet(A),False,0.07692307692307693,False,0.8548868624143,0.8550645935707271,False
2481,EW036_RS01785,ugpC,gene,1,1,genome,2,annotation_mediated,0,0,1,0,1,B36,tet(A),False,0.07692307692307693,False,0.8548868624143,0.8550645935707271,False
2482,EW036_RS01900,glpE,gene,1,1,genome,2,annotation_mediated,0,0,1,0,1,B36,tet(A),False,0.07692307692307693,False,0.8548868624143,0.8550645935707271,False
2483,EW036_RS01970,feoB,gene,1,1,genome,2,annotation_mediated,0,0,1,0,1,B36,tet(A),False,0.07692307692307693,False,0.8548868624143,0.8550645935707271,False
2484,EW036_RS01975,feoA,gene,1,1,genome,2,annotation_mediated,0,0,1,0,1,B36,tet(A),False,0.07692307692307693,False,0.8548868624143,0.8550645935707271,False
2485,EW036_RS02170,nirD,gene,1,1,genome,2,annotation_mediated,0,0,1,0,1,B36,tet(A),False,0.07692307692307693,False,0.8548868624143,0.8550645935707271,False
2486,EW036_RS02250,kefB,gene,1,1,genome,2,annotation_mediated,0,0,1,0,1,B36,tet(A),False,0.07692307692307693,False,0.8548868624143,0.8550645935707271,False
2487,EW036_RS02280,tusD,gene,1,1,genome,2,annotation_mediated,0,0,1,0,1,B36,tet(A),False,0.07692307692307693,False,0.8548868624143,0.8550645935707271,False
2488,EW036_RS02320,bfd,gene,1,1,genome,2,annotation_mediated,0,0,1,0,1,B36,tet(A),False,0.07692307692307693,False,0.8548868624143,0.8550645935707271,False
2489,EW036_RS02325,bfr,gene,1,1,genome,2,annotation_mediated,0,0,1,0,1,B36,tet(A),False,0.07692307692307693,False,0.8548868624143,0.8550645935707271,False
2490,EW036_RS02560,trkA,gene,1,1,genome,2,annotation_mediated,0,0,1,0,1,B36,tet(A),False,0.07692307692307693,False,0.8548868624143,0.8550645935707271,False
2491,EW036_RS02740,nan,gene,1,1,genome,2,annotation_mediated,0,0,1,0,1,B36,tet(A),False,0.07692307692307693,False,0.8548868624143,0.8550645935707271,False
2492,EW036_RS02980,ptsN,gene,1,1,genome,2,annotation_mediated,0,0,1,0,1,B36,tet(A),False,0.07692307692307693,False,0.8548868624143,0.8550645935707271,False
2493,EW036_RS02995,lptB,gene,1,1,genome,2,annotation_mediated,0,0,1,0,1,B36,tet(A),False,0.07692307692307693,False,0.8548868624143,0.8550645935707271,False
2494,EW036_RS03025,mlaF,gene,1,1,genome,2,annotation_mediated,0,0,1,0,1,B36,tet(A),False,0.07692307692307693,False,0.8548868624143,0.8550645935707271,False
2495,EW036_RS03245,yraR,gene,1,1,genome,2,annotation_mediated,0,0,1,0,1,B36,tet(A),False,0.07692307692307693,False,0.8548868624143,0.8550645935707271,False
2496,EW036_RS03355,garD,gene,1,1,genome,2,annotation_mediated,0,0,1,0,1,B36,tet(A),False,0.07692307692307693,False,0.8548868624143,0.8550645935707271,False
2497,EW036_RS03365,garL,gene,1,1,genome,2,annotation_mediated,0,0,1,0,1,B36,tet(A),False,0.07692307692307693,False,0.8548868624143,0.8550645935707271,False
2498,EW036_RS03630,nfeF,gene,1,1,genome,2,annotation_mediated,0,0,1,0,1,B36,tet(A),False,0.07692307692307693,False,0.8548868624143,0.8550645935707271,False
2499,EW036_RS03800,ygiC,gene,1,1,genome,2,annotation_mediated,0,0,1,0,1,B36,tet(A),False,0.07692307692307693,False,0.8548868624143,0.8550645935707271,False
2500,EW036_RS03860,nan,gene,1,1,genome,2,annotation_mediated,0,0,1,0,1,B36,tet(A),False,0.07692307692307693,False,0.8548868624143,0.8550645935707271,False
2501,EW036_RS04525,nan,gene,1,1,genome,2,annotation_mediated,0,0,1,0,1,B36,tet(A),False,0.07692307692307693,False,0.8548868624143,0.8550645935707271,False
2502,EW036_RS04595,iha,gene,1,1,genome,2,annotation_mediated,0,0,1,0,1,B36,tet(A),False,0.07692307692307693,False,0.8548868624143,0.8550645935707271,False
2503,EW036_RS05150,pepP,gene,1,1,genome,2,annotation_mediated,0,0,1,0,1,B36,tet(A),False,0.07692307692307693,False,0.8548868624143,0.8550645935707271,False
2504,EW036_RS05780,fucI,gene,1,1,genome,2,annotation_mediated,0,0,1,0,1,B36,tet(A),False,0.07692307692307693,False,0.8548868624143,0.8550645935707271,False
2505,EW036_RS06415,proX,gene,1,1,genome,2,annotation_mediated,0,0,1,0,1,B36,tet(A),False,0.07692307692307693,False,0.8548868624143,0.8550645935707271,False
2506,EW036_RS06425,proV,gene,1,1,genome,2,annotation_mediated,0,0,1,0,1,B36,tet(A),False,0.07692307692307693,False,0.8548868624143,0.8550645935707271,False
2507,EW036_RS06575,yfjD,gene,1,1,genome,2,annotation_mediated,0,0,1,0,1,B36,tet(A),False,0.07692307692307693,False,0.8548868624143,0.8550645935707271,False
2508,EW036_RS07150,arsC,gene,1,1,genome,2,annotation_mediated,0,0,1,0,1,B36,tet(A),False,0.07692307692307693,False,0.8548868624143,0.8550645935707271,False
2509,EW036_RS07215,yffB,gene,1,1,genome,2,annotation_mediated,0,0,1,0,1,B36,tet(A),False,0.07692307692307693,False,0.8548868624143,0.8550645935707271,False
2510,EW036_RS07335,eutL,gene,1,1,genome,2,annotation_mediated,0,0,1,0,1,B36,tet(A),False,0.07692307692307693,False,0.8548868624143,0.8550645935707271,False
2511,EW036_RS07375,yfeX,gene,1,1,genome,2,annotation_mediated,0,0,1,0,1,B36,tet(A),False,0.07692307692307693,False,0.8548868624143,0.8550645935707271,False
2512,EW036_RS07440,ptsI,gene,1,1,genome,2,annotation_mediated,0,0,1,0,1,B36,tet(A),False,0.07692307692307693,False,0.8548868624143,0.8550645935707271,False
2513,EW036_RS07625,alaC,gene,1,1,genome,2,annotation_mediated,0,0,1,0,1,B36,tet(A),False,0.07692307692307693,False,0.8548868624143,0.8550645935707271,False
2514,EW036_RS07695,dsdA,gene,1,1,genome,2,annotation_mediated,0,0,1,0,1,B36,tet(A),False,0.07692307692307693,False,0.8548868624143,0.8550645935707271,False
2515,EW036_RS07950,argT,gene,1,1,genome,2,annotation_mediated,0,0,1,0,1,B36,tet(A),False,0.07692307692307693,False,0.8548868624143,0.8550645935707271,False
2516,EW036_RS07955,hisJ,gene,1,1,genome,2,annotation_mediated,0,0,1,0,1,B36,tet(A),False,0.07692307692307693,False,0.8548868624143,0.8550645935707271,False
2517,EW036_RS08285,glpT,gene,1,1,genome,2,annotation_mediated,0,0,1,0,1,B36,tet(A),False,0.07692307692307693,False,0.8548868624143,0.8550645935707271,False
2518,EW036_RS08840,mgsA,gene,1,1,genome,2,annotation_mediated,0,0,1,0,1,B36,tet(A),False,0.07692307692307693,False,0.8548868624143,0.8550645935707271,False
2519,EW036_RS09075,putP,gene,1,1,genome,2,annotation_mediated,0,0,1,0,1,B36,tet(A),False,0.07692307692307693,False,0.8548868624143,0.8550645935707271,False
2520,EW036_RS09085,efeO,gene,1,1,genome,2,annotation_mediated,0,0,1,0,1,B36,tet(A),False,0.07692307692307693,False,0.8548868624143,0.8550645935707271,False
2521,EW036_RS09090,efeB,gene,1,1,genome,2,annotation_mediated,0,0,1,0,1,B36,tet(A),False,0.07692307692307693,False,0.8548868624143,0.8550645935707271,False
2522,EW036_RS09135,ycdX,gene,1,1,genome,2,annotation_mediated,0,0,1,0,1,B36,tet(A),False,0.07692307692307693,False,0.8548868624143,0.8550645935707271,False
2523,EW036_RS09205,mdoG,gene,1,1,genome,2,annotation_mediated,0,0,1,0,1,B36,tet(A),False,0.07692307692307693,False,0.8548868624143,0.8550645935707271,False
2524,EW036_RS09255,solA,gene,1,1,genome,2,annotation_mediated,0,0,1,0,1,B36,tet(A),False,0.07692307692307693,False,0.8548868624143,0.8550645935707271,False
2525,EW036_RS09465,ptsG,gene,1,1,genome,2,annotation_mediated,0,0,1,0,1,B36,tet(A),False,0.07692307692307693,False,0.8548868624143,0.8550645935707271,False
2526,EW036_RS09475,hinT,gene,1,1,genome,2,annotation_mediated,0,0,1,0,1,B36,tet(A),False,0.07692307692307693,False,0.8548868624143,0.8550645935707271,False
2527,EW036_RS09575,potD,gene,1,1,genome,2,annotation_mediated,0,0,1,0,1,B36,tet(A),False,0.07692307692307693,False,0.8548868624143,0.8550645935707271,False
2528,EW036_RS09590,potA,gene,1,1,genome,2,annotation_mediated,0,0,1,0,1,B36,tet(A),False,0.07692307692307693,False,0.8548868624143,0.8550645935707271,False
2529,EW036_RS09595,pepT,gene,1,1,genome,2,annotation_mediated,0,0,1,0,1,B36,tet(A),False,0.07692307692307693,False,0.8548868624143,0.8550645935707271,False
2530,EW036_RS09965,sitA,gene,1,1,genome,2,annotation_mediated,0,0,1,0,1,B36,tet(A),False,0.07692307692307693,False,0.8548868624143,0.8550645935707271,False
2531,EW036_RS10150,dadA,gene,1,1,genome,2,annotation_mediated,0,0,1,0,1,B36,tet(A),False,0.07692307692307693,False,0.8548868624143,0.8550645935707271,False
2532,EW036_RS10155,dadX,gene,1,1,genome,2,annotation_mediated,0,0,1,0,1,B36,tet(A),False,0.07692307692307693,False,0.8548868624143,0.8550645935707271,False
2533,EW036_RS10210,nan,gene,1,1,genome,2,annotation_mediated,0,0,1,0,1,B36,tet(A),False,0.07692307692307693,False,0.8548868624143,0.8550645935707271,False
2534,EW036_RS10220,treA,gene,1,1,genome,2,annotation_mediated,0,0,1,0,1,B36,tet(A),False,0.07692307692307693,False,0.8548868624143,0.8550645935707271,False
2535,EW036_RS10225,dhaM,gene,1,1,genome,2,annotation_mediated,0,0,1,0,1,B36,tet(A),False,0.07692307692307693,False,0.8548868624143,0.8550645935707271,False
2536,EW036_RS10235,dhaK,gene,1,1,genome,2,annotation_mediated,0,0,1,0,1,B36,tet(A),False,0.07692307692307693,False,0.8548868624143,0.8550645935707271,False
2537,EW036_RS10470,chaC,gene,1,1,genome,2,annotation_mediated,0,0,1,0,1,B36,tet(A),False,0.07692307692307693,False,0.8548868624143,0.8550645935707271,False
2538,EW036_RS10475,ychN,gene,1,1,genome,2,annotation_mediated,0,0,1,0,1,B36,tet(A),False,0.07692307692307693,False,0.8548868624143,0.8550645935707271,False
2539,EW036_RS10495,narK,gene,1,1,genome,2,annotation_mediated,0,0,1,0,1,B36,tet(A),False,0.07692307692307693,False,0.8548868624143,0.8550645935707271,False
2540,EW036_RS10650,kch,gene,1,1,genome,2,annotation_mediated,0,0,1,0,1,B36,tet(A),False,0.07692307692307693,False,0.8548868624143,0.8550645935707271,False
2541,EW036_RS11190,lapB,gene,1,1,genome,2,annotation_mediated,0,0,1,0,1,B36,tet(A),False,0.07692307692307693,False,0.8548868624143,0.8550645935707271,False
2542,EW036_RS11270,sapF,gene,1,1,genome,2,annotation_mediated,0,0,1,0,1,B36,tet(A),False,0.07692307692307693,False,0.8548868624143,0.8550645935707271,False
2543,EW036_RS11275,sapD,gene,1,1,genome,2,annotation_mediated,0,0,1,0,1,B36,tet(A),False,0.07692307692307693,False,0.8548868624143,0.8550645935707271,False
2544,EW036_RS11290,sapA,gene,1,1,genome,2,annotation_mediated,0,0,1,0,1,B36,tet(A),False,0.07692307692307693,False,0.8548868624143,0.8550645935707271,False
2545,EW036_RS11330,pspE,gene,1,1,genome,2,annotation_mediated,0,0,1,0,1,B36,tet(A),False,0.07692307692307693,False,0.8548868624143,0.8550645935707271,False
2546,EW036_RS11420,mpaA,gene,1,1,genome,2,annotation_mediated,0,0,1,0,1,B36,tet(A),False,0.07692307692307693,False,0.8548868624143,0.8550645935707271,False
2547,EW036_RS11425,nan,gene,1,1,genome,2,annotation_mediated,0,0,1,0,1,B36,tet(A),False,0.07692307692307693,False,0.8548868624143,0.8550645935707271,False
2548,EW036_RS11505,zntB,gene,1,1,genome,2,annotation_mediated,0,0,1,0,1,B36,tet(A),False,0.07692307692307693,False,0.8548868624143,0.8550645935707271,False
2549,EW036_RS11665,opgD,gene,1,1,genome,2,annotation_mediated,0,0,1,0,1,B36,tet(A),False,0.07692307692307693,False,0.8548868624143,0.8550645935707271,False
2550,EW036_RS11730,ydcS,gene,1,1,genome,2,annotation_mediated,0,0,1,0,1,B36,tet(A),False,0.07692307692307693,False,0.8548868624143,0.8550645935707271,False
2551,EW036_RS11850,narU,gene,1,1,genome,2,annotation_mediated,0,0,1,0,1,B36,tet(A),False,0.07692307692307693,False,0.8548868624143,0.8550645935707271,False
2552,EW036_RS11930,gadC,gene,1,1,genome,2,annotation_mediated,0,0,1,0,1,B36,tet(A),False,0.07692307692307693,False,0.8548868624143,0.8550645935707271,False
2553,EW036_RS11935,gadB,gene,1,1,genome,2,annotation_mediated,0,0,1,0,1,B36,tet(A),False,0.07692307692307693,False,0.8548868624143,0.8550645935707271,False
2554,EW036_RS11955,ydeN,gene,1,1,genome,2,annotation_mediated,0,0,1,0,1,B36,tet(A),False,0.07692307692307693,False,0.8548868624143,0.8550645935707271,False
2555,EW036_RS12035,uxaB,gene,1,1,genome,2,annotation_mediated,0,0,1,0,1,B36,tet(A),False,0.07692307692307693,False,0.8548868624143,0.8550645935707271,False
2556,EW036_RS12050,glsB,gene,1,1,genome,2,annotation_mediated,0,0,1,0,1,B36,tet(A),False,0.07692307692307693,False,0.8548868624143,0.8550645935707271,False
2557,EW036_RS12120,dcp,gene,1,1,genome,2,annotation_mediated,0,0,1,0,1,B36,tet(A),False,0.07692307692307693,False,0.8548868624143,0.8550645935707271,False
2558,EW036_RS12250,ydgD,gene,1,1,genome,2,annotation_mediated,0,0,1,0,1,B36,tet(A),False,0.07692307692307693,False,0.8548868624143,0.8550645935707271,False
2559,EW036_RS12350,uidA,gene,1,1,genome,2,annotation_mediated,0,0,1,0,1,B36,tet(A),False,0.07692307692307693,False,0.8548868624143,0.8550645935707271,False
2560,EW036_RS12375,malY,gene,1,1,genome,2,annotation_mediated,0,0,1,0,1,B36,tet(A),False,0.07692307692307693,False,0.8548868624143,0.8550645935707271,False
2561,EW036_RS12500,sodC,gene,1,1,genome,2,annotation_mediated,0,0,1,0,1,B36,tet(A),False,0.07692307692307693,False,0.8548868624143,0.8550645935707271,False
2562,EW036_RS12525,gloA,gene,1,1,genome,2,annotation_mediated,0,0,1,0,1,B36,tet(A),False,0.07692307692307693,False,0.8548868624143,0.8550645935707271,False
2563,EW036_RS12765,ppsA,gene,1,1,genome,2,annotation_mediated,0,0,1,0,1,B36,tet(A),False,0.07692307692307693,False,0.8548868624143,0.8550645935707271,False
2564,EW036_RS12800,btuD,gene,1,1,genome,2,annotation_mediated,0,0,1,0,1,B36,tet(A),False,0.07692307692307693,False,0.8548868624143,0.8550645935707271,False
2565,EW036_RS12880,yniA,gene,1,1,genome,2,annotation_mediated,0,0,1,0,1,B36,tet(A),False,0.07692307692307693,False,0.8548868624143,0.8550645935707271,False
2566,EW036_RS12920,celF,gene,1,1,genome,2,annotation_mediated,0,0,1,0,1,B36,tet(A),False,0.07692307692307693,False,0.8548868624143,0.8550645935707271,False
2567,EW036_RS12940,chbB,gene,1,1,genome,2,annotation_mediated,0,0,1,0,1,B36,tet(A),False,0.07692307692307693,False,0.8548868624143,0.8550645935707271,False
2568,EW036_RS12970,spy,gene,1,1,genome,2,annotation_mediated,0,0,1,0,1,B36,tet(A),False,0.07692307692307693,False,0.8548868624143,0.8550645935707271,False
2569,EW036_RS12975,astE,gene,1,1,genome,2,annotation_mediated,0,0,1,0,1,B36,tet(A),False,0.07692307692307693,False,0.8548868624143,0.8550645935707271,False
2570,EW036_RS12980,astB,gene,1,1,genome,2,annotation_mediated,0,0,1,0,1,B36,tet(A),False,0.07692307692307693,False,0.8548868624143,0.8550645935707271,False
2571,EW036_RS12990,astA,gene,1,1,genome,2,annotation_mediated,0,0,1,0,1,B36,tet(A),False,0.07692307692307693,False,0.8548868624143,0.8550645935707271,False
2572,EW036_RS13060,gdhA,gene,1,1,genome,2,annotation_mediated,0,0,1,0,1,B36,tet(A),False,0.07692307692307693,False,0.8548868624143,0.8550645935707271,False
2573,EW036_RS13250,yeaR,gene,1,1,genome,2,annotation_mediated,0,0,1,0,1,B36,tet(A),False,0.07692307692307693,False,0.8548868624143,0.8550645935707271,False
2574,EW036_RS13310,pabB,gene,1,1,genome,2,annotation_mediated,0,0,1,0,1,B36,tet(A),False,0.07692307692307693,False,0.8548868624143,0.8550645935707271,False
2575,EW036_RS13330,yoaE,gene,1,1,genome,2,annotation_mediated,0,0,1,0,1,B36,tet(A),False,0.07692307692307693,False,0.8548868624143,0.8550645935707271,False
2576,EW036_RS13335,manX,gene,1,1,genome,2,annotation_mediated,0,0,1,0,1,B36,tet(A),False,0.07692307692307693,False,0.8548868624143,0.8550645935707271,False
2577,EW036_RS13340,manY,gene,1,1,genome,2,annotation_mediated,0,0,1,0,1,B36,tet(A),False,0.07692307692307693,False,0.8548868624143,0.8550645935707271,False
2578,EW036_RS13345,manZ,gene,1,1,genome,2,annotation_mediated,0,0,1,0,1,B36,tet(A),False,0.07692307692307693,False,0.8548868624143,0.8550645935707271,False
2579,EW036_RS13480,ptrB,gene,1,1,genome,2,annotation_mediated,0,0,1,0,1,B36,tet(A),False,0.07692307692307693,False,0.8548868624143,0.8550645935707271,False
2580,EW036_RS13505,kdgA,gene,1,1,genome,2,annotation_mediated,0,0,1,0,1,B36,tet(A),False,0.07692307692307693,False,0.8548868624143,0.8550645935707271,False
2581,EW036_RS13510,edd,gene,1,1,genome,2,annotation_mediated,0,0,1,0,1,B36,tet(A),False,0.07692307692307693,False,0.8548868624143,0.8550645935707271,False
2582,EW036_RS13540,znuA,gene,1,1,genome,2,annotation_mediated,0,0,1,0,1,B36,tet(A),False,0.07692307692307693,False,0.8548868624143,0.8550645935707271,False
2583,EW036_RS13545,znuC,gene,1,1,genome,2,annotation_mediated,0,0,1,0,1,B36,tet(A),False,0.07692307692307693,False,0.8548868624143,0.8550645935707271,False
2584,EW036_RS13635,cutC,gene,1,1,genome,2,annotation_mediated,0,0,1,0,1,B36,tet(A),False,0.07692307692307693,False,0.8548868624143,0.8550645935707271,False
2585,EW036_RS13730,otsA,gene,1,1,genome,2,annotation_mediated,0,0,1,0,1,B36,tet(A),False,0.07692307692307693,False,0.8548868624143,0.8550645935707271,False
2586,EW036_RS13735,otsB,gene,1,1,genome,2,annotation_mediated,0,0,1,0,1,B36,tet(A),False,0.07692307692307693,False,0.8548868624143,0.8550645935707271,False
2587,EW036_RS13745,araG,gene,1,1,genome,2,annotation_mediated,0,0,1,0,1,B36,tet(A),False,0.07692307692307693,False,0.8548868624143,0.8550645935707271,False
2588,EW036_RS13750,araF,gene,1,1,genome,2,annotation_mediated,0,0,1,0,1,B36,tet(A),False,0.07692307692307693,False,0.8548868624143,0.8550645935707271,False
2589,EW036_RS13775,ftnA,gene,1,1,genome,2,annotation_mediated,0,0,1,0,1,B36,tet(A),False,0.07692307692307693,False,0.8548868624143,0.8550645935707271,False
2590,EW036_RS13975,nan,gene,1,1,genome,2,annotation_mediated,0,0,1,0,1,B36,tet(A),False,0.07692307692307693,False,0.8548868624143,0.8550645935707271,False
2591,EW036_RS14135,tcyN,gene,1,1,genome,2,annotation_mediated,0,0,1,0,1,B36,tet(A),False,0.07692307692307693,False,0.8548868624143,0.8550645935707271,False
2592,EW036_RS14140,tcyL,gene,1,1,genome,2,annotation_mediated,0,0,1,0,1,B36,tet(A),False,0.07692307692307693,False,0.8548868624143,0.8550645935707271,False
2593,EW036_RS14145,dcyD,gene,1,1,genome,2,annotation_mediated,0,0,1,0,1,B36,tet(A),False,0.07692307692307693,False,0.8548868624143,0.8550645935707271,False
2594,EW036_RS14150,tcyJ,gene,1,1,genome,2,annotation_mediated,0,0,1,0,1,B36,tet(A),False,0.07692307692307693,False,0.8548868624143,0.8550645935707271,False
2595,EW036_RS14185,amyA,gene,1,1,genome,2,annotation_mediated,0,0,1,0,1,B36,tet(A),False,0.07692307692307693,False,0.8548868624143,0.8550645935707271,False
2596,EW036_RS15105,nan,gene,1,1,genome,2,annotation_mediated,0,0,1,0,1,B36,tet(A),False,0.07692307692307693,False,0.8548868624143,0.8550645935707271,False
2597,EW036_RS15305,yeeZ,gene,1,1,genome,2,annotation_mediated,0,0,1,0,1,B36,tet(A),False,0.07692307692307693,False,0.8548868624143,0.8550645935707271,False
2598,EW036_RS15335,hisD,gene,1,1,genome,2,annotation_mediated,0,0,1,0,1,B36,tet(A),False,0.07692307692307693,False,0.8548868624143,0.8550645935707271,False
2599,EW036_RS15345,hisB,gene,1,1,genome,2,annotation_mediated,0,0,1,0,1,B36,tet(A),False,0.07692307692307693,False,0.8548868624143,0.8550645935707271,False
2600,EW036_RS15350,hisH,gene,1,1,genome,2,annotation_mediated,0,0,1,0,1,B36,tet(A),False,0.07692307692307693,False,0.8548868624143,0.8550645935707271,False
2601,EW036_RS15355,hisA,gene,1,1,genome,2,annotation_mediated,0,0,1,0,1,B36,tet(A),False,0.07692307692307693,False,0.8548868624143,0.8550645935707271,False
2602,EW036_RS15360,hisF,gene,1,1,genome,2,annotation_mediated,0,0,1,0,1,B36,tet(A),False,0.07692307692307693,False,0.8548868624143,0.8550645935707271,False
2603,EW036_RS15865,yehX,gene,1,1,genome,2,annotation_mediated,0,0,1,0,1,B36,tet(A),False,0.07692307692307693,False,0.8548868624143,0.8550645935707271,False
2604,EW036_RS15880,bglX,gene,1,1,genome,2,annotation_mediated,0,0,1,0,1,B36,tet(A),False,0.07692307692307693,False,0.8548868624143,0.8550645935707271,False
2605,EW036_RS15965,mglA,gene,1,1,genome,2,annotation_mediated,0,0,1,0,1,B36,tet(A),False,0.07692307692307693,False,0.8548868624143,0.8550645935707271,False
2606,EW036_RS15970,mglB,gene,1,1,genome,2,annotation_mediated,0,0,1,0,1,B36,tet(A),False,0.07692307692307693,False,0.8548868624143,0.8550645935707271,False
2607,EW036_RS15995,cirA,gene,1,1,genome,2,annotation_mediated,0,0,1,0,1,B36,tet(A),False,0.07692307692307693,False,0.8548868624143,0.8550645935707271,False
2608,EW036_RS16025,nan,gene,1,1,genome,2,annotation_mediated,0,0,1,0,1,B36,tet(A),False,0.07692307692307693,False,0.8548868624143,0.8550645935707271,False
2609,EW036_RS16055,fruA,gene,1,1,genome,2,annotation_mediated,0,0,1,0,1,B36,tet(A),False,0.07692307692307693,False,0.8548868624143,0.8550645935707271,False
2610,EW036_RS16065,fruB,gene,1,1,genome,2,annotation_mediated,0,0,1,0,1,B36,tet(A),False,0.07692307692307693,False,0.8548868624143,0.8550645935707271,False
2611,EW036_RS16085,yeiQ,gene,1,1,genome,2,annotation_mediated,0,0,1,0,1,B36,tet(A),False,0.07692307692307693,False,0.8548868624143,0.8550645935707271,False
2612,EW036_RS16110,yejA,gene,1,1,genome,2,annotation_mediated,0,0,1,0,1,B36,tet(A),False,0.07692307692307693,False,0.8548868624143,0.8550645935707271,False
2613,EW036_RS16125,yejF,gene,1,1,genome,2,annotation_mediated,0,0,1,0,1,B36,tet(A),False,0.07692307692307693,False,0.8548868624143,0.8550645935707271,False
2614,EW036_RS16185,ccmH,gene,1,1,genome,2,annotation_mediated,0,0,1,0,1,B36,tet(A),False,0.07692307692307693,False,0.8548868624143,0.8550645935707271,False
2615,EW036_RS16670,focA,gene,1,1,genome,2,annotation_mediated,0,0,1,0,1,B36,tet(A),False,0.07692307692307693,False,0.8548868624143,0.8550645935707271,False
2616,EW036_RS17010,cydD,gene,1,1,genome,2,annotation_mediated,0,0,1,0,1,B36,tet(A),False,0.07692307692307693,False,0.8548868624143,0.8550645935707271,False
2617,EW036_RS17015,cydC,gene,1,1,genome,2,annotation_mediated,0,0,1,0,1,B36,tet(A),False,0.07692307692307693,False,0.8548868624143,0.8550645935707271,False
2618,EW036_RS17100,ybjT,gene,1,1,genome,2,annotation_mediated,0,0,1,0,1,B36,tet(A),False,0.07692307692307693,False,0.8548868624143,0.8550645935707271,False
2619,EW036_RS17125,artP,gene,1,1,genome,2,annotation_mediated,0,0,1,0,1,B36,tet(A),False,0.07692307692307693,False,0.8548868624143,0.8550645935707271,False
2620,EW036_RS17130,artI,gene,1,1,genome,2,annotation_mediated,0,0,1,0,1,B36,tet(A),False,0.07692307692307693,False,0.8548868624143,0.8550645935707271,False
2621,EW036_RS17135,artQ,gene,1,1,genome,2,annotation_mediated,0,0,1,0,1,B36,tet(A),False,0.07692307692307693,False,0.8548868624143,0.8550645935707271,False
2622,EW036_RS17145,artJ,gene,1,1,genome,2,annotation_mediated,0,0,1,0,1,B36,tet(A),False,0.07692307692307693,False,0.8548868624143,0.8550645935707271,False
2623,EW036_RS17175,potF,gene,1,1,genome,2,annotation_mediated,0,0,1,0,1,B36,tet(A),False,0.07692307692307693,False,0.8548868624143,0.8550645935707271,False
2624,EW036_RS17285,gsiD,gene,1,1,genome,2,annotation_mediated,0,0,1,0,1,B36,tet(A),False,0.07692307692307693,False,0.8548868624143,0.8550645935707271,False
2625,EW036_RS17295,gsiB,gene,1,1,genome,2,annotation_mediated,0,0,1,0,1,B36,tet(A),False,0.07692307692307693,False,0.8548868624143,0.8550645935707271,False
2626,EW036_RS17300,gsiA,gene,1,1,genome,2,annotation_mediated,0,0,1,0,1,B36,tet(A),False,0.07692307692307693,False,0.8548868624143,0.8550645935707271,False
2627,EW036_RS17305,iaaA,gene,1,1,genome,2,annotation_mediated,0,0,1,0,1,B36,tet(A),False,0.07692307692307693,False,0.8548868624143,0.8550645935707271,False
2628,EW036_RS17320,fsa,gene,1,1,genome,2,annotation_mediated,0,0,1,0,1,B36,tet(A),False,0.07692307692307693,False,0.8548868624143,0.8550645935707271,False
2629,EW036_RS17385,dps,gene,1,1,genome,2,annotation_mediated,0,0,1,0,1,B36,tet(A),False,0.07692307692307693,False,0.8548868624143,0.8550645935707271,False
2630,EW036_RS17390,glnH,gene,1,1,genome,2,annotation_mediated,0,0,1,0,1,B36,tet(A),False,0.07692307692307693,False,0.8548868624143,0.8550645935707271,False
2631,EW036_RS17400,glnQ,gene,1,1,genome,2,annotation_mediated,0,0,1,0,1,B36,tet(A),False,0.07692307692307693,False,0.8548868624143,0.8550645935707271,False
2632,EW036_RS17445,ybiB,gene,1,1,genome,2,annotation_mediated,0,0,1,0,1,B36,tet(A),False,0.07692307692307693,False,0.8548868624143,0.8550645935707271,False
2633,EW036_RS17620,modC,gene,1,1,genome,2,annotation_mediated,0,0,1,0,1,B36,tet(A),False,0.07692307692307693,False,0.8548868624143,0.8550645935707271,False
2634,EW036_RS17630,modA,gene,1,1,genome,2,annotation_mediated,0,0,1,0,1,B36,tet(A),False,0.07692307692307693,False,0.8548868624143,0.8550645935707271,False
2635,EW036_RS17645,modF,gene,1,1,genome,2,annotation_mediated,0,0,1,0,1,B36,tet(A),False,0.07692307692307693,False,0.8548868624143,0.8550645935707271,False
2636,EW036_RS17925,pxpC,gene,1,1,genome,2,annotation_mediated,0,0,1,0,1,B36,tet(A),False,0.07692307692307693,False,0.8548868624143,0.8550645935707271,False
2637,EW036_RS17930,pxpB,gene,1,1,genome,2,annotation_mediated,0,0,1,0,1,B36,tet(A),False,0.07692307692307693,False,0.8548868624143,0.8550645935707271,False
2638,EW036_RS18105,nagE,gene,1,1,genome,2,annotation_mediated,0,0,1,0,1,B36,tet(A),False,0.07692307692307693,False,0.8548868624143,0.8550645935707271,False
2639,EW036_RS18125,nagD,gene,1,1,genome,2,annotation_mediated,0,0,1,0,1,B36,tet(A),False,0.07692307692307693,False,0.8548868624143,0.8550645935707271,False
2640,EW036_RS18130,asnB,gene,1,1,genome,2,annotation_mediated,0,0,1,0,1,B36,tet(A),False,0.07692307692307693,False,0.8548868624143,0.8550645935707271,False
2641,EW036_RS18195,corC,gene,1,1,genome,2,annotation_mediated,0,0,1,0,1,B36,tet(A),False,0.07692307692307693,False,0.8548868624143,0.8550645935707271,False
2642,EW036_RS18215,gltI,gene,1,1,genome,2,annotation_mediated,0,0,1,0,1,B36,tet(A),False,0.07692307692307693,False,0.8548868624143,0.8550645935707271,False
2643,EW036_RS18230,gltL,gene,1,1,genome,2,annotation_mediated,0,0,1,0,1,B36,tet(A),False,0.07692307692307693,False,0.8548868624143,0.8550645935707271,False
2644,EW036_RS18465,ybdL,gene,1,1,genome,2,annotation_mediated,0,0,1,0,1,B36,tet(A),False,0.07692307692307693,False,0.8548868624143,0.8550645935707271,False
2645,EW036_RS18510,fepB,gene,1,1,genome,2,annotation_mediated,0,0,1,0,1,B36,tet(A),False,0.07692307692307693,False,0.8548868624143,0.8550645935707271,False
2646,EW036_RS18560,fepA,gene,1,1,genome,2,annotation_mediated,0,0,1,0,1,B36,tet(A),False,0.07692307692307693,False,0.8548868624143,0.8550645935707271,False
2647,EW036_RS18590,nan,gene,1,1,genome,2,annotation_mediated,0,0,1,0,1,B36,tet(A),False,0.07692307692307693,False,0.8548868624143,0.8550645935707271,False
2648,EW036_RS18665,cusA,gene,1,1,genome,2,annotation_mediated,0,0,1,0,1,B36,tet(A),False,0.07692307692307693,False,0.8548868624143,0.8550645935707271,False
2649,EW036_RS18900,ybbA,gene,1,1,genome,2,annotation_mediated,0,0,1,0,1,B36,tet(A),False,0.07692307692307693,False,0.8548868624143,0.8550645935707271,False
2650,EW036_RS18925,fetA,gene,1,1,genome,2,annotation_mediated,0,0,1,0,1,B36,tet(A),False,0.07692307692307693,False,0.8548868624143,0.8550645935707271,False
2651,EW036_RS18955,glsA,gene,1,1,genome,2,annotation_mediated,0,0,1,0,1,B36,tet(A),False,0.07692307692307693,False,0.8548868624143,0.8550645935707271,False
2652,EW036_RS18960,copA,gene,1,1,genome,2,annotation_mediated,0,0,1,0,1,B36,tet(A),False,0.07692307692307693,False,0.8548868624143,0.8550645935707271,False
2653,EW036_RS19005,ybaL,gene,1,1,genome,2,annotation_mediated,0,0,1,0,1,B36,tet(A),False,0.07692307692307693,False,0.8548868624143,0.8550645935707271,False
2654,EW036_RS19380,malZ,gene,1,1,genome,2,annotation_mediated,0,0,1,0,1,B36,tet(A),False,0.07692307692307693,False,0.8548868624143,0.8550645935707271,False
2655,EW036_RS19620,lacZ,gene,1,1,genome,2,annotation_mediated,0,0,1,0,1,B36,tet(A),False,0.07692307692307693,False,0.8548868624143,0.8550645935707271,False
2656,EW036_RS19660,prpB,gene,1,1,genome,2,annotation_mediated,0,0,1,0,1,B36,tet(A),False,0.07692307692307693,False,0.8548868624143,0.8550645935707271,False
2657,EW036_RS19750,betA,gene,1,1,genome,2,annotation_mediated,0,0,1,0,1,B36,tet(A),False,0.07692307692307693,False,0.8548868624143,0.8550645935707271,False
2658,EW036_RS20040,pepD,gene,1,1,genome,2,annotation_mediated,0,0,1,0,1,B36,tet(A),False,0.07692307692307693,False,0.8548868624143,0.8550645935707271,False
2659,EW036_RS20315,lpcA,gene,1,1,genome,2,annotation_mediated,0,0,1,0,1,B36,tet(A),False,0.07692307692307693,False,0.8548868624143,0.8550645935707271,False
2660,EW036_RS20420,metN,gene,1,1,genome,2,annotation_mediated,0,0,1,0,1,B36,tet(A),False,0.07692307692307693,False,0.8548868624143,0.8550645935707271,False
2661,EW036_RS20425,metI,gene,1,1,genome,2,annotation_mediated,0,0,1,0,1,B36,tet(A),False,0.07692307692307693,False,0.8548868624143,0.8550645935707271,False
2662,EW036_RS20430,metQ,gene,1,1,genome,2,annotation_mediated,0,0,1,0,1,B36,tet(A),False,0.07692307692307693,False,0.8548868624143,0.8550645935707271,False
2663,EW036_RS20485,yaeR,gene,1,1,genome,2,annotation_mediated,0,0,1,0,1,B36,tet(A),False,0.07692307692307693,False,0.8548868624143,0.8550645935707271,False
2664,EW036_RS20490,ldcC,gene,1,1,genome,2,annotation_mediated,0,0,1,0,1,B36,tet(A),False,0.07692307692307693,False,0.8548868624143,0.8550645935707271,False
2665,EW036_RS20580,map,gene,1,1,genome,2,annotation_mediated,0,0,1,0,1,B36,tet(A),False,0.07692307692307693,False,0.8548868624143,0.8550645935707271,False
2666,EW036_RS20590,dapD,gene,1,1,genome,2,annotation_mediated,0,0,1,0,1,B36,tet(A),False,0.07692307692307693,False,0.8548868624143,0.8550645935707271,False
2667,EW036_RS20620,btuF,gene,1,1,genome,2,annotation_mediated,0,0,1,0,1,B36,tet(A),False,0.07692307692307693,False,0.8548868624143,0.8550645935707271,False
2668,EW036_RS20660,fhuC,gene,1,1,genome,2,annotation_mediated,0,0,1,0,1,B36,tet(A),False,0.07692307692307693,False,0.8548868624143,0.8550645935707271,False
2669,EW036_RS20665,fhuA,gene,1,1,genome,2,annotation_mediated,0,0,1,0,1,B36,tet(A),False,0.07692307692307693,False,0.8548868624143,0.8550645935707271,False
2670,EW036_RS20835,speE,gene,1,1,genome,2,annotation_mediated,0,0,1,0,1,B36,tet(A),False,0.07692307692307693,False,0.8548868624143,0.8550645935707271,False
2671,EW036_RS21100,leuA,gene,1,1,genome,2,annotation_mediated,0,0,1,0,1,B36,tet(A),False,0.07692307692307693,False,0.8548868624143,0.8550645935707271,False
2672,EW036_RS21105,leuB,gene,1,1,genome,2,annotation_mediated,0,0,1,0,1,B36,tet(A),False,0.07692307692307693,False,0.8548868624143,0.8550645935707271,False
2673,EW036_RS21110,leuC,gene,1,1,genome,2,annotation_mediated,0,0,1,0,1,B36,tet(A),False,0.07692307692307693,False,0.8548868624143,0.8550645935707271,False
2674,EW036_RS21115,leuD,gene,1,1,genome,2,annotation_mediated,0,0,1,0,1,B36,tet(A),False,0.07692307692307693,False,0.8548868624143,0.8550645935707271,False
2675,EW036_RS21130,thiB,gene,1,1,genome,2,annotation_mediated,0,0,1,0,1,B36,tet(A),False,0.07692307692307693,False,0.8548868624143,0.8550645935707271,False
2676,EW036_RS21140,thiQ,gene,1,1,genome,2,annotation_mediated,0,0,1,0,1,B36,tet(A),False,0.07692307692307693,False,0.8548868624143,0.8550645935707271,False
2677,EW036_RS21185,araA,gene,1,1,genome,2,annotation_mediated,0,0,1,0,1,B36,tet(A),False,0.07692307692307693,False,0.8548868624143,0.8550645935707271,False
2678,EW036_RS21235,apaG,gene,1,1,genome,2,annotation_mediated,0,0,1,0,1,B36,tet(A),False,0.07692307692307693,False,0.8548868624143,0.8550645935707271,False
2679,EW036_RS21260,kefC,gene,1,1,genome,2,annotation_mediated,0,0,1,0,1,B36,tet(A),False,0.07692307692307693,False,0.8548868624143,0.8550645935707271,False
2680,EW036_RS21480,thrC,gene,1,1,genome,2,annotation_mediated,0,0,1,0,1,B36,tet(A),False,0.07692307692307693,False,0.8548868624143,0.8550645935707271,False
2681,EW036_RS21600,deoB,gene,1,1,genome,2,annotation_mediated,0,0,1,0,1,B36,tet(A),False,0.07692307692307693,False,0.8548868624143,0.8550645935707271,False
2682,EW036_RS21840,yjiM,gene,1,1,genome,2,annotation_mediated,0,0,1,0,1,B36,tet(A),False,0.07692307692307693,False,0.8548868624143,0.8550645935707271,False
2683,EW036_RS21880,iadA,gene,1,1,genome,2,annotation_mediated,0,0,1,0,1,B36,tet(A),False,0.07692307692307693,False,0.8548868624143,0.8550645935707271,False
2684,EW036_RS21910,uxuB,gene,1,1,genome,2,annotation_mediated,0,0,1,0,1,B36,tet(A),False,0.07692307692307693,False,0.8548868624143,0.8550645935707271,False
2685,EW036_RS21915,uxuA,gene,1,1,genome,2,annotation_mediated,0,0,1,0,1,B36,tet(A),False,0.07692307692307693,False,0.8548868624143,0.8550645935707271,False
2686,EW036_RS22035,sgcX,gene,1,1,genome,2,annotation_mediated,0,0,1,0,1,B36,tet(A),False,0.07692307692307693,False,0.8548868624143,0.8550645935707271,False
2687,EW036_RS22055,sgcA,gene,1,1,genome,2,annotation_mediated,0,0,1,0,1,B36,tet(A),False,0.07692307692307693,False,0.8548868624143,0.8550645935707271,False
2688,EW036_RS22080,yjhG,gene,1,1,genome,2,annotation_mediated,0,0,1,0,1,B36,tet(A),False,0.07692307692307693,False,0.8548868624143,0.8550645935707271,False
2689,EW036_RS22105,mtnA,gene,1,1,genome,2,annotation_mediated,0,0,1,0,1,B36,tet(A),False,0.07692307692307693,False,0.8548868624143,0.8550645935707271,False
2690,EW036_RS22365,fecA,gene,1,1,genome,2,annotation_mediated,0,0,1,0,1,B36,tet(A),False,0.07692307692307693,False,0.8548868624143,0.8550645935707271,False
2691,EW036_RS22370,fecB,gene,1,1,genome,2,annotation_mediated,0,0,1,0,1,B36,tet(A),False,0.07692307692307693,False,0.8548868624143,0.8550645935707271,False
2692,EW036_RS22385,fecE,gene,1,1,genome,2,annotation_mediated,0,0,1,0,1,B36,tet(A),False,0.07692307692307693,False,0.8548868624143,0.8550645935707271,False
2693,EW036_RS22585,pepA,gene,1,1,genome,2,annotation_mediated,0,0,1,0,1,B36,tet(A),False,0.07692307692307693,False,0.8548868624143,0.8550645935707271,False
2694,EW036_RS22625,tabA,gene,1,1,genome,2,annotation_mediated,0,0,1,0,1,B36,tet(A),False,0.07692307692307693,False,0.8548868624143,0.8550645935707271,False
2695,EW036_RS22665,mgtA,gene,1,1,genome,2,annotation_mediated,0,0,1,0,1,B36,tet(A),False,0.07692307692307693,False,0.8548868624143,0.8550645935707271,False
2696,EW036_RS22740,ytfQ,gene,1,1,genome,2,annotation_mediated,0,0,1,0,1,B36,tet(A),False,0.07692307692307693,False,0.8548868624143,0.8550645935707271,False
2697,EW036_RS22780,paeA,gene,1,1,genome,2,annotation_mediated,0,0,1,0,1,B36,tet(A),False,0.07692307692307693,False,0.8548868624143,0.8550645935707271,False
2698,EW036_RS22825,cycA,gene,1,1,genome,2,annotation_mediated,0,0,1,0,1,B36,tet(A),False,0.07692307692307693,False,0.8548868624143,0.8550645935707271,False
2699,EW036_RS22940,ulaC,gene,1,1,genome,2,annotation_mediated,0,0,1,0,1,B36,tet(A),False,0.07692307692307693,False,0.8548868624143,0.8550645935707271,False
2700,EW036_RS23230,aspA,gene,1,1,genome,2,annotation_mediated,0,0,1,0,1,B36,tet(A),False,0.07692307692307693,False,0.8548868624143,0.8550645935707271,False
2701,EW036_RS23275,cadA,gene,1,1,genome,2,annotation_mediated,0,0,1,0,1,B36,tet(A),False,0.07692307692307693,False,0.8548868624143,0.8550645935707271,False
2702,EW036_RS23375,melA,gene,1,1,genome,2,annotation_mediated,0,0,1,0,1,B36,tet(A),False,0.07692307692307693,False,0.8548868624143,0.8550645935707271,False
2703,EW036_RS23420,proP,gene,1,1,genome,2,annotation_mediated,0,0,1,0,1,B36,tet(A),False,0.07692307692307693,False,0.8548868624143,0.8550645935707271,False
2704,EW036_RS23435,yjdM,gene,1,1,genome,2,annotation_mediated,0,0,1,0,1,B36,tet(A),False,0.07692307692307693,False,0.8548868624143,0.8550645935707271,False
2705,EW036_RS23530,alsB,gene,1,1,genome,2,annotation_mediated,0,0,1,0,1,B36,tet(A),False,0.07692307692307693,False,0.8548868624143,0.8550645935707271,False
2706,EW036_RS23585,nan,gene,1,1,genome,2,annotation_mediated,0,0,1,0,1,B36,tet(A),False,0.07692307692307693,False,0.8548868624143,0.8550645935707271,False
2707,EW036_RS23600,nan,gene,1,1,genome,2,annotation_mediated,0,0,1,0,1,B36,tet(A),False,0.07692307692307693,False,0.8548868624143,0.8550645935707271,False
2708,EW036_RS23605,nan,gene,1,1,genome,2,annotation_mediated,0,0,1,0,1,B36,tet(A),False,0.07692307692307693,False,0.8548868624143,0.8550645935707271,False
2709,EW036_RS23690,yjcE,gene,1,1,genome,2,annotation_mediated,0,0,1,0,1,B36,tet(A),False,0.07692307692307693,False,0.8548868624143,0.8550645935707271,False
2710,EW036_RS23805,alr,gene,1,1,genome,2,annotation_mediated,0,0,1,0,1,B36,tet(A),False,0.07692307692307693,False,0.8548868624143,0.8550645935707271,False
2711,EW036_RS23905,malK,gene,1,1,genome,2,annotation_mediated,0,0,1,0,1,B36,tet(A),False,0.07692307692307693,False,0.8548868624143,0.8550645935707271,False
2712,EW036_RS23910,malE,gene,1,1,genome,2,annotation_mediated,0,0,1,0,1,B36,tet(A),False,0.07692307692307693,False,0.8548868624143,0.8550645935707271,False
2713,EW036_RS23915,malF,gene,1,1,genome,2,annotation_mediated,0,0,1,0,1,B36,tet(A),False,0.07692307692307693,False,0.8548868624143,0.8550645935707271,False
2714,EW036_RS24015,pepE,gene,1,1,genome,2,annotation_mediated,0,0,1,0,1,B36,tet(A),False,0.07692307692307693,False,0.8548868624143,0.8550645935707271,False
2715,EW036_RS24020,yjbB,gene,1,1,genome,2,annotation_mediated,0,0,1,0,1,B36,tet(A),False,0.07692307692307693,False,0.8548868624143,0.8550645935707271,False
2716,EW036_RS24060,metA,gene,1,1,genome,2,annotation_mediated,0,0,1,0,1,B36,tet(A),False,0.07692307692307693,False,0.8548868624143,0.8550645935707271,False
2717,EW036_RS24115,zraP,gene,1,1,genome,2,annotation_mediated,0,0,1,0,1,B36,tet(A),False,0.07692307692307693,False,0.8548868624143,0.8550645935707271,False
2718,EW036_RS24295,btuB,gene,1,1,genome,2,annotation_mediated,0,0,1,0,1,B36,tet(A),False,0.07692307692307693,False,0.8548868624143,0.8550645935707271,False
2719,EW036_RS24370,frwD,gene,1,1,genome,2,annotation_mediated,0,0,1,0,1,B36,tet(A),False,0.07692307692307693,False,0.8548868624143,0.8550645935707271,False
2720,EW036_RS24395,ptsP,gene,1,1,genome,2,annotation_mediated,0,0,1,0,1,B36,tet(A),False,0.07692307692307693,False,0.8548868624143,0.8550645935707271,False
2721,EW036_RS24400,fsa,gene,1,1,genome,2,annotation_mediated,0,0,1,0,1,B36,tet(A),False,0.07692307692307693,False,0.8548868624143,0.8550645935707271,False
2722,EW036_RS24420,katG,gene,1,1,genome,2,annotation_mediated,0,0,1,0,1,B36,tet(A),False,0.07692307692307693,False,0.8548868624143,0.8550645935707271,False
2723,EW036_RS24425,metF,gene,1,1,genome,2,annotation_mediated,0,0,1,0,1,B36,tet(A),False,0.07692307692307693,False,0.8548868624143,0.8550645935707271,False
2724,EW036_RS24555,sbp,gene,1,1,genome,2,annotation_mediated,0,0,1,0,1,B36,tet(A),False,0.07692307692307693,False,0.8548868624143,0.8550645935707271,False
2725,EW036_RS24570,cpxP,gene,1,1,genome,2,annotation_mediated,0,0,1,0,1,B36,tet(A),False,0.07692307692307693,False,0.8548868624143,0.8550645935707271,False
2726,EW036_RS24595,sodA,gene,1,1,genome,2,annotation_mediated,0,0,1,0,1,B36,tet(A),False,0.07692307692307693,False,0.8548868624143,0.8550645935707271,False
2727,EW036_RS24760,nan,gene,1,1,genome,2,annotation_mediated,0,0,1,0,1,B36,tet(A),False,0.07692307692307693,False,0.8548868624143,0.8550645935707271,False
2728,EW036_RS24905,pepQ,gene,1,1,genome,2,annotation_mediated,0,0,1,0,1,B36,tet(A),False,0.07692307692307693,False,0.8548868624143,0.8550645935707271,False
2729,WP_000040156.1,yfiH,protein,1,1,proteome,2,annotation_mediated,0,0,1,0,0,B36,aadA5,False,0.07692307692307693,False,0.7948535422438676,0.8550645935707271,False
2730,EW036_RS09410,plsX,gene,1,1,genome,2,annotation_mediated,0,0,1,0,1,B36,sul1,False,0.07692307692307693,False,0.8548868624143,0.8550645935707271,False
2731,EW036_RS09420,fabD,gene,1,1,genome,2,annotation_mediated,0,0,1,0,1,B36,blaCTX-M-15,False,0.07692307692307693,False,0.8548868624143,0.8550645935707271,False
2732,EW036_RS09425,fabG,gene,1,1,genome,2,annotation_mediated,0,0,1,0,1,B36,blaCTX-M-15,False,0.07692307692307693,False,0.8548868624143,0.8550645935707271,False
2733,EW036_RS09555,nagK,gene,1,1,genome,2,annotation_mediated,0,0,1,0,1,B36,blaCTX-M-15,False,0.07692307692307693,False,0.8548868624143,0.8550645935707271,False
2734,EW036_RS09615,purB,gene,1,1,genome,2,annotation_mediated,0,0,1,0,1,B36,blaCTX-M-15,False,0.07692307692307693,False,0.8548868624143,0.8550645935707271,False
2735,EW036_RS09640,icd,gene,1,1,genome,2,annotation_mediated,0,0,1,0,1,B36,blaCTX-M-15,False,0.07692307692307693,False,0.8548868624143,0.8550645935707271,False
2736,EW036_RS10410,prs,gene,1,1,genome,2,annotation_mediated,0,0,1,0,1,B36,blaCTX-M-15,False,0.07692307692307693,False,0.8548868624143,0.8550645935707271,False
2737,EW036_RS10415,ispE,gene,1,1,genome,2,annotation_mediated,0,0,1,0,1,B36,blaCTX-M-15,False,0.07692307692307693,False,0.8548868624143,0.8550645935707271,False
2738,EW036_RS10580,galU,gene,1,1,genome,2,annotation_mediated,0,0,1,0,1,B36,blaCTX-M-15,False,0.07692307692307693,False,0.8548868624143,0.8550645935707271,False
2739,EW036_RS10600,adhE,gene,1,1,genome,2,annotation_mediated,0,0,1,0,1,B36,blaCTX-M-15,False,0.07692307692307693,False,0.8548868624143,0.8550645935707271,False
2740,EW036_RS11080,trpD,gene,1,1,genome,2,annotation_mediated,0,0,1,0,1,B36,blaCTX-M-15,False,0.07692307692307693,False,0.8548868624143,0.8550645935707271,False
2741,EW036_RS11170,acnA,gene,1,1,genome,2,annotation_mediated,0,0,1,0,1,B36,blaCTX-M-15,False,0.07692307692307693,False,0.8548868624143,0.8550645935707271,False
2742,EW036_RS11240,fabI,gene,1,1,genome,2,annotation_mediated,0,0,1,0,1,B36,blaCTX-M-15,False,0.07692307692307693,False,0.8548868624143,0.8550645935707271,False
2743,EW036_RS11555,nifJ,gene,1,1,genome,2,annotation_mediated,0,0,1,0,1,B36,blaCTX-M-15,False,0.07692307692307693,False,0.8548868624143,0.8550645935707271,False
2744,EW036_RS11890,adhP,gene,1,1,genome,2,annotation_mediated,0,0,1,0,1,B36,blaCTX-M-15,False,0.07692307692307693,False,0.8548868624143,0.8550645935707271,False
2745,EW036_RS12320,fumC,gene,1,1,genome,2,annotation_mediated,0,0,1,0,1,B36,blaCTX-M-15,False,0.07692307692307693,False,0.8548868624143,0.8550645935707271,False
2746,EW036_RS12325,fumB,gene,1,1,genome,2,annotation_mediated,0,0,1,0,1,B36,blaCTX-M-15,False,0.07692307692307693,False,0.8548868624143,0.8550645935707271,False
2747,EW036_RS12660,pykF,gene,1,1,genome,2,annotation_mediated,0,0,1,0,1,B36,blaCTX-M-15,False,0.07692307692307693,False,0.8548868624143,0.8550645935707271,False
2748,EW036_RS12870,pfkB,gene,1,1,genome,2,annotation_mediated,0,0,1,0,1,B36,blaCTX-M-15,False,0.07692307692307693,False,0.8548868624143,0.8550645935707271,False
2749,EW036_RS13150,gapA,gene,1,1,genome,2,annotation_mediated,0,0,1,0,1,B36,blaCTX-M-15,False,0.07692307692307693,False,0.8548868624143,0.8550645935707271,False
2750,EW036_RS13500,purT,gene,1,1,genome,2,annotation_mediated,0,0,1,0,1,B36,blaCTX-M-15,False,0.07692307692307693,False,0.8548868624143,0.8550645935707271,False
2751,EW036_RS13515,zwf,gene,1,1,genome,2,annotation_mediated,0,0,1,0,1,B36,blaCTX-M-15,False,0.07692307692307693,False,0.8548868624143,0.8550645935707271,False
2752,EW036_RS13525,pyk,gene,1,1,genome,2,annotation_mediated,0,0,1,0,1,B36,blaCTX-M-15,False,0.07692307692307693,False,0.8548868624143,0.8550645935707271,False
2753,EW036_RS15380,gndA,gene,1,1,genome,2,annotation_mediated,0,0,1,0,1,B36,blaCTX-M-15,False,0.07692307692307693,False,0.8548868624143,0.8550645935707271,False
2754,EW036_RS15420,rfbC,gene,1,1,genome,2,annotation_mediated,0,0,1,0,1,B36,blaCTX-M-15,False,0.07692307692307693,False,0.8548868624143,0.8550645935707271,False
2755,EW036_RS15425,rfbA,gene,1,1,genome,2,annotation_mediated,0,0,1,0,1,B36,blaCTX-M-15,False,0.07692307692307693,False,0.8548868624143,0.8550645935707271,False
2756,EW036_RS15430,rfbD,gene,1,1,genome,2,annotation_mediated,0,0,1,0,1,B36,blaCTX-M-15,False,0.07692307692307693,False,0.8548868624143,0.8550645935707271,False
2757,EW036_RS15435,rfbB,gene,1,1,genome,2,annotation_mediated,0,0,1,0,1,B36,blaCTX-M-15,False,0.07692307692307693,False,0.8548868624143,0.8550645935707271,False
2758,EW036_RS15440,galF,gene,1,1,genome,2,annotation_mediated,0,0,1,0,1,B36,blaCTX-M-15,False,0.07692307692307693,False,0.8548868624143,0.8550645935707271,False
2759,EW036_RS15690,fbaB,gene,1,1,genome,2,annotation_mediated,0,0,1,0,1,B36,blaCTX-M-15,False,0.07692307692307693,False,0.8548868624143,0.8550645935707271,False
2760,EW036_RS16060,fruK,gene,1,1,genome,2,annotation_mediated,0,0,1,0,1,B36,blaCTX-M-15,False,0.07692307692307693,False,0.8548868624143,0.8550645935707271,False
2761,EW036_RS16335,atoB,gene,1,1,genome,2,annotation_mediated,0,0,1,0,1,B36,blaCTX-M-15,False,0.07692307692307693,False,0.8548868624143,0.8550645935707271,False
2762,EW036_RS16655,serC,gene,1,1,genome,2,annotation_mediated,0,0,1,0,1,B36,blaCTX-M-15,False,0.07692307692307693,False,0.8548868624143,0.8550645935707271,False
2763,EW036_RS17610,pgl,gene,1,1,genome,2,annotation_mediated,0,0,1,0,1,B36,blaCTX-M-15,False,0.07692307692307693,False,0.8548868624143,0.8550645935707271,False
2764,EW036_RS17670,gpmA,gene,1,1,genome,2,annotation_mediated,0,0,1,0,1,B36,blaCTX-M-15,False,0.07692307692307693,False,0.8548868624143,0.8550645935707271,False
2765,EW036_RS17815,sucD,gene,1,1,genome,2,annotation_mediated,0,0,1,0,1,B36,blaCTX-M-15,False,0.07692307692307693,False,0.8548868624143,0.8550645935707271,False
2766,EW036_RS17820,sucC,gene,1,1,genome,2,annotation_mediated,0,0,1,0,1,B36,blaCTX-M-15,False,0.07692307692307693,False,0.8548868624143,0.8550645935707271,False
2767,EW036_RS17825,odhB,gene,1,1,genome,2,annotation_mediated,0,0,1,0,1,B36,blaCTX-M-15,False,0.07692307692307693,False,0.8548868624143,0.8550645935707271,False
2768,EW036_RS17830,sucA,gene,1,1,genome,2,annotation_mediated,0,0,1,0,1,B36,blaCTX-M-15,False,0.07692307692307693,False,0.8548868624143,0.8550645935707271,False
2769,EW036_RS17835,sdhB,gene,1,1,genome,2,annotation_mediated,0,0,1,0,1,B36,blaCTX-M-15,False,0.07692307692307693,False,0.8548868624143,0.8550645935707271,False
2770,EW036_RS17840,sdhA,gene,1,1,genome,2,annotation_mediated,0,0,1,0,1,B36,blaCTX-M-15,False,0.07692307692307693,False,0.8548868624143,0.8550645935707271,False
2771,EW036_RS17845,sdhD,gene,1,1,genome,2,annotation_mediated,0,0,1,0,1,B36,blaCTX-M-15,False,0.07692307692307693,False,0.8548868624143,0.8550645935707271,False
2772,EW036_RS17860,gltA,gene,1,1,genome,2,annotation_mediated,0,0,1,0,1,B36,blaCTX-M-15,False,0.07692307692307693,False,0.8548868624143,0.8550645935707271,False
2773,EW036_RS18120,nagC,gene,1,1,genome,2,annotation_mediated,0,0,1,0,1,B36,blaCTX-M-15,False,0.07692307692307693,False,0.8548868624143,0.8550645935707271,False
2774,EW036_RS18495,entB,gene,1,1,genome,2,annotation_mediated,0,0,1,0,1,B36,blaCTX-M-15,False,0.07692307692307693,False,0.8548868624143,0.8550645935707271,False
2775,EW036_RS18545,entF,gene,1,1,genome,2,annotation_mediated,0,0,1,0,1,B36,blaCTX-M-15,False,0.07692307692307693,False,0.8548868624143,0.8550645935707271,False
2776,EW036_RS18775,purE,gene,1,1,genome,2,annotation_mediated,0,0,1,0,1,B36,blaCTX-M-15,False,0.07692307692307693,False,0.8548868624143,0.8550645935707271,False
2777,EW036_RS18780,purK,gene,1,1,genome,2,annotation_mediated,0,0,1,0,1,B36,blaCTX-M-15,False,0.07692307692307693,False,0.8548868624143,0.8550645935707271,False
2778,EW036_RS19025,adk,gene,1,1,genome,2,annotation_mediated,0,0,1,0,1,B36,blaCTX-M-15,False,0.07692307692307693,False,0.8548868624143,0.8550645935707271,False
2779,EW036_RS19290,ispA,gene,1,1,genome,2,annotation_mediated,0,0,1,0,1,B36,blaCTX-M-15,False,0.07692307692307693,False,0.8548868624143,0.8550645935707271,False
2780,EW036_RS19295,dxs,gene,1,1,genome,2,annotation_mediated,0,0,1,0,1,B36,blaCTX-M-15,False,0.07692307692307693,False,0.8548868624143,0.8550645935707271,False
2781,EW036_RS19455,aroL,gene,1,1,genome,2,annotation_mediated,0,0,1,0,1,B36,blaCTX-M-15,False,0.07692307692307693,False,0.8548868624143,0.8550645935707271,False
2782,EW036_RS19560,frmA,gene,1,1,genome,2,annotation_mediated,0,0,1,0,1,B36,blaCTX-M-15,False,0.07692307692307693,False,0.8548868624143,0.8550645935707271,False
2783,EW036_RS20015,proB,gene,1,1,genome,2,annotation_mediated,0,0,1,0,1,B36,blaCTX-M-15,False,0.07692307692307693,False,0.8548868624143,0.8550645935707271,False
2784,EW036_RS20495,accA,gene,1,1,genome,2,annotation_mediated,0,0,1,0,1,B36,blaCTX-M-15,False,0.07692307692307693,False,0.8548868624143,0.8550645935707271,False
2785,EW036_RS20555,ispC,gene,1,1,genome,2,annotation_mediated,0,0,1,0,1,B36,blaCTX-M-15,False,0.07692307692307693,False,0.8548868624143,0.8550645935707271,False
2786,EW036_RS20850,acnB,gene,1,1,genome,2,annotation_mediated,0,0,1,0,1,B36,blaCTX-M-15,False,0.07692307692307693,False,0.8548868624143,0.8550645935707271,False
2787,EW036_RS20860,lpdA,gene,1,1,genome,2,annotation_mediated,0,0,1,0,1,B36,blaCTX-M-15,False,0.07692307692307693,False,0.8548868624143,0.8550645935707271,False
2788,EW036_RS20865,aceF,gene,1,1,genome,2,annotation_mediated,0,0,1,0,1,B36,blaCTX-M-15,False,0.07692307692307693,False,0.8548868624143,0.8550645935707271,False
2789,EW036_RS20870,aceE,gene,1,1,genome,2,annotation_mediated,0,0,1,0,1,B36,blaCTX-M-15,False,0.07692307692307693,False,0.8548868624143,0.8550645935707271,False
2790,EW036_RS21355,ispH,gene,1,1,genome,2,annotation_mediated,0,0,1,0,1,B36,blaCTX-M-15,False,0.07692307692307693,False,0.8548868624143,0.8550645935707271,False
2791,EW036_RS21460,tal,gene,1,1,genome,2,annotation_mediated,0,0,1,0,1,B36,blaCTX-M-15,False,0.07692307692307693,False,0.8548868624143,0.8550645935707271,False
2792,EW036_RS21540,gpmB,gene,1,1,genome,2,annotation_mediated,0,0,1,0,1,B36,blaCTX-M-15,False,0.07692307692307693,False,0.8548868624143,0.8550645935707271,False
2793,EW036_RS23145,frdA,gene,1,1,genome,2,annotation_mediated,0,0,1,0,1,B36,blaCTX-M-15,False,0.07692307692307693,False,0.8548868624143,0.8550645935707271,False
2794,EW036_RS23150,frdB,gene,1,1,genome,2,annotation_mediated,0,0,1,0,1,B36,blaCTX-M-15,False,0.07692307692307693,False,0.8548868624143,0.8550645935707271,False
2795,EW036_RS23155,frdC,gene,1,1,genome,2,annotation_mediated,0,0,1,0,1,B36,blaCTX-M-15,False,0.07692307692307693,False,0.8548868624143,0.8550645935707271,False
2796,EW036_RS23365,fumB,gene,1,1,genome,2,annotation_mediated,0,0,1,0,1,B36,blaCTX-M-15,False,0.07692307692307693,False,0.8548868624143,0.8550645935707271,False
2797,EW036_RS23660,acs,gene,1,1,genome,2,annotation_mediated,0,0,1,0,1,B36,blaCTX-M-15,False,0.07692307692307693,False,0.8548868624143,0.8550645935707271,False
2798,EW036_RS23955,pgi,gene,1,1,genome,2,annotation_mediated,0,0,1,0,1,B36,blaCTX-M-15,False,0.07692307692307693,False,0.8548868624143,0.8550645935707271,False
2799,EW036_RS24095,purH,gene,1,1,genome,2,annotation_mediated,0,0,1,0,1,B36,blaCTX-M-15,False,0.07692307692307693,False,0.8548868624143,0.8550645935707271,False
2800,EW036_RS24100,purD,gene,1,1,genome,2,annotation_mediated,0,0,1,0,1,B36,blaCTX-M-15,False,0.07692307692307693,False,0.8548868624143,0.8550645935707271,False
2801,EW036_RS24340,argB,gene,1,1,genome,2,annotation_mediated,0,0,1,0,1,B36,blaCTX-M-15,False,0.07692307692307693,False,0.8548868624143,0.8550645935707271,False
2802,EW036_RS24545,tpiA,gene,1,1,genome,2,annotation_mediated,0,0,1,0,1,B36,blaCTX-M-15,False,0.07692307692307693,False,0.8548868624143,0.8550645935707271,False
2803,EW036_RS24560,pfkA,gene,1,1,genome,2,annotation_mediated,0,0,1,0,1,B36,blaCTX-M-15,False,0.07692307692307693,False,0.8548868624143,0.8550645935707271,False
2804,EW036_RS24910,fadB,gene,1,1,genome,2,annotation_mediated,0,0,1,0,1,B36,blaCTX-M-15,False,0.07692307692307693,False,0.8548868624143,0.8550645935707271,False
2805,EW036_RS24915,fadA,gene,1,1,genome,2,annotation_mediated,0,0,1,0,1,B36,blaCTX-M-15,False,0.07692307692307693,False,0.8548868624143,0.8550645935707271,False
2806,EW036_RS25010,ysgA,gene,1,1,genome,2,annotation_mediated,0,0,1,0,1,B36,blaCTX-M-15,False,0.07692307692307693,False,0.8548868624143,0.8550645935707271,False
2807,EW036_RS25060,tkt,gene,1,1,genome,2,annotation_mediated,0,0,1,0,1,B36,blaCTX-M-15,False,0.07692307692307693,False,0.8548868624143,0.8550645935707271,False
2808,EW036_RS25180,dapF,gene,1,1,genome,2,annotation_mediated,0,0,1,0,1,B36,blaCTX-M-15,False,0.07692307692307693,False,0.8548868624143,0.8550645935707271,False
2809,EW036_RS25295,rfbA,gene,1,1,genome,2,annotation_mediated,0,0,1,0,1,B36,blaCTX-M-15,False,0.07692307692307693,False,0.8548868624143,0.8550645935707271,False
2810,EW036_RS25300,rffG,gene,1,1,genome,2,annotation_mediated,0,0,1,0,1,B36,blaCTX-M-15,False,0.07692307692307693,False,0.8548868624143,0.8550645935707271,False
2811,EW036_RS25360,ilvC,gene,1,1,genome,2,annotation_mediated,0,0,1,0,1,B36,blaCTX-M-15,False,0.07692307692307693,False,0.8548868624143,0.8550645935707271,False
2812,EW036_RS25370,ilvA,gene,1,1,genome,2,annotation_mediated,0,0,1,0,1,B36,blaCTX-M-15,False,0.07692307692307693,False,0.8548868624143,0.8550645935707271,False
2813,EW036_RS25375,ilvD,gene,1,1,genome,2,annotation_mediated,0,0,1,0,1,B36,blaCTX-M-15,False,0.07692307692307693,False,0.8548868624143,0.8550645935707271,False
2814,EW036_RS25380,ilvE,gene,1,1,genome,2,annotation_mediated,0,0,1,0,1,B36,blaCTX-M-15,False,0.07692307692307693,False,0.8548868624143,0.8550645935707271,False
2815,EW036_RS25390,ilvG,gene,1,1,genome,2,annotation_mediated,0,0,1,0,1,B36,blaCTX-M-15,False,0.07692307692307693,False,0.8548868624143,0.8550645935707271,False
2816,EW036_RS25580,glmU,gene,1,1,genome,2,annotation_mediated,0,0,1,0,1,B36,blaCTX-M-15,False,0.07692307692307693,False,0.8548868624143,0.8550645935707271,False
2817,EW036_RS25585,glmS,gene,1,1,genome,2,annotation_mediated,0,0,1,0,1,B36,blaCTX-M-15,False,0.07692307692307693,False,0.8548868624143,0.8550645935707271,False
2818,EW036_RS26235,nan,gene,1,1,genome,2,graph_derived,0,1,0,0,0,B36,blaCTX-M-15,False,0.07692307692307693,False,0.8548868624143,0.8550645935707271,False
2819,EW036_RS26240,nan,gene,1,1,genome,2,graph_derived,0,1,0,0,0,B36,blaOXA-1,False,0.07692307692307693,False,0.8548868624143,0.8550645935707271,False
2820,WP_000084387.1,tpx,protein,1,1,proteome,2,annotation_mediated,0,0,1,0,0,B36,blaOXA-1,False,0.07692307692307693,False,0.7948535422438676,0.8550645935707271,False
2821,WP_000211225.1,fklB,protein,1,1,proteome,2,annotation_mediated,0,0,1,0,0,B36,blaOXA-1,False,0.07692307692307693,False,0.7948535422438676,0.8550645935707271,False
2822,WP_000476484.1,mlaC,protein,1,1,proteome,2,annotation_mediated,0,0,1,0,0,B36,blaOXA-1,False,0.07692307692307693,False,0.7948535422438676,0.8550645935707271,False
2823,WP_000715230.1,dsbC,protein,1,1,proteome,2,annotation_mediated,0,0,1,0,0,B36,blaOXA-1,False,0.07692307692307693,False,0.7948535422438676,0.8550645935707271,False
2824,WP_000743444.1,hlyD,protein,1,1,proteome,2,annotation_mediated,0,0,1,0,0,B36,blaOXA-1,False,0.07692307692307693,False,0.7948535422438676,0.8550645935707271,False
2825,WP_000778067.1,napA,protein,1,1,proteome,2,annotation_mediated,0,0,1,0,0,B36,blaOXA-1,False,0.07692307692307693,False,0.7948535422438676,0.8550645935707271,False
2826,WP_000835174.1,napB,protein,1,1,proteome,2,annotation_mediated,0,0,1,0,0,B36,blaOXA-1,False,0.07692307692307693,False,0.7948535422438676,0.8550645935707271,False
2827,WP_000838261.1,fkpA,protein,1,1,proteome,2,annotation_mediated,0,0,1,0,0,B36,blaOXA-1,False,0.07692307692307693,False,0.7948535422438676,0.8550645935707271,False
2828,WP_001056273.1,rbsB,protein,1,1,proteome,2,annotation_mediated,0,0,1,0,0,B36,blaOXA-1,False,0.07692307692307693,False,0.7948535422438676,0.8550645935707271,False
2829,WP_001296647.1,nrfB,protein,1,1,proteome,2,annotation_mediated,0,0,1,0,0,B36,blaOXA-1,False,0.07692307692307693,False,0.7948535422438676,0.8550645935707271,False
2830,WP_001319943.1,pbpG,protein,1,1,proteome,2,annotation_mediated,0,0,1,0,0,B36,blaOXA-1,False,0.07692307692307693,False,0.7948535422438676,0.8550645935707271,False
2831,EW036_RS26265,nan,gene,1,1,genome,2,graph_derived,0,1,0,0,1,B36,aac(6')-Ib-cr5,False,0.07692307692307693,False,0.8548868624143,0.8550645935707271,False
2832,WP_000004421.1,fmt,protein,1,1,proteome,2,annotation_mediated,0,0,1,0,0,B36,aac(6')-Ib-cr5,False,0.07692307692307693,False,0.7948535422438676,0.8550645935707271,False
2833,WP_000010096.1,rlmA,protein,1,1,proteome,2,annotation_mediated,0,0,1,0,0,B36,aac(6')-Ib-cr5,False,0.07692307692307693,False,0.7948535422438676,0.8550645935707271,False
2834,WP_000018703.1,rlmG,protein,1,1,proteome,2,annotation_mediated,0,0,1,0,0,B36,aac(6')-Ib-cr5,False,0.07692307692307693,False,0.7948535422438676,0.8550645935707271,False
2835,WP_000019588.1,cmoA,protein,1,1,proteome,2,annotation_mediated,0,0,1,0,0,B36,aac(6')-Ib-cr5,False,0.07692307692307693,False,0.7948535422438676,0.8550645935707271,False
2836,WP_000046817.1,rlmD,protein,1,1,proteome,2,annotation_mediated,0,0,1,0,0,B36,aac(6')-Ib-cr5,False,0.07692307692307693,False,0.7948535422438676,0.8550645935707271,False
2837,WP_000047157.1,alaS,protein,1,1,proteome,2,annotation_mediated,0,0,1,0,0,B36,aac(6')-Ib-cr5,False,0.07692307692307693,False,0.7948535422438676,0.8550645935707271,False
2838,WP_000076322.1,rnr,protein,1,1,proteome,2,annotation_mediated,0,0,1,0,0,B36,aac(6')-Ib-cr5,False,0.07692307692307693,False,0.7948535422438676,0.8550645935707271,False
2839,WP_000079111.1,rluD,protein,1,1,proteome,2,annotation_mediated,0,0,1,0,0,B36,aac(6')-Ib-cr5,False,0.07692307692307693,False,0.7948535422438676,0.8550645935707271,False
2840,WP_000082935.1,patZ,protein,1,1,proteome,2,annotation_mediated,0,0,1,0,0,B36,aac(6')-Ib-cr5,False,0.07692307692307693,False,0.7948535422438676,0.8550645935707271,False
2841,WP_000083664.1,trmN,protein,1,1,proteome,2,annotation_mediated,0,0,1,0,0,B36,aac(6')-Ib-cr5,False,0.07692307692307693,False,0.7948535422438676,0.8550645935707271,False
2842,WP_000084467.1,ybeY,protein,1,1,proteome,2,annotation_mediated,0,0,1,0,0,B36,aac(6')-Ib-cr5,False,0.07692307692307693,False,0.7948535422438676,0.8550645935707271,False
2843,WP_000105853.1,lplA,protein,1,1,proteome,2,annotation_mediated,0,0,1,0,0,B36,aac(6')-Ib-cr5,False,0.07692307692307693,False,0.7948535422438676,0.8550645935707271,False
2844,WP_000116318.1,rlmI,protein,1,1,proteome,2,annotation_mediated,0,0,1,0,0,B36,aac(6')-Ib-cr5,False,0.07692307692307693,False,0.7948535422438676,0.8550645935707271,False
2845,WP_000117888.1,asnS,protein,1,1,proteome,2,annotation_mediated,0,0,1,0,0,B36,aac(6')-Ib-cr5,False,0.07692307692307693,False,0.7948535422438676,0.8550645935707271,False
2846,WP_000124700.1,fusA,protein,1,1,proteome,2,annotation_mediated,0,0,1,0,0,B36,aac(6')-Ib-cr5,False,0.07692307692307693,False,0.7948535422438676,0.8550645935707271,False
2847,WP_000130621.1,tusA,protein,1,1,proteome,2,annotation_mediated,0,0,1,0,0,B36,aac(6')-Ib-cr5,False,0.07692307692307693,False,0.7948535422438676,0.8550645935707271,False
2848,WP_000133040.1,infB,protein,1,1,proteome,2,annotation_mediated,0,0,1,0,0,B36,aac(6')-Ib-cr5,False,0.07692307692307693,False,0.7948535422438676,0.8550645935707271,False
2849,WP_000152940.1,pth,protein,1,1,proteome,2,annotation_mediated,0,0,1,0,0,B36,aac(6')-Ib-cr5,False,0.07692307692307693,False,0.7948535422438676,0.8550645935707271,False
2850,WP_000162747.1,miaB,protein,1,1,proteome,2,annotation_mediated,0,0,1,0,0,B36,aac(6')-Ib-cr5,False,0.07692307692307693,False,0.7948535422438676,0.8550645935707271,False
2851,WP_000165543.1,trpS,protein,1,1,proteome,2,annotation_mediated,0,0,1,0,0,B36,aac(6')-Ib-cr5,False,0.07692307692307693,False,0.7948535422438676,0.8550645935707271,False
2852,WP_000175943.1,prfC,protein,1,1,proteome,2,annotation_mediated,0,0,1,0,0,B36,aac(6')-Ib-cr5,False,0.07692307692307693,False,0.7948535422438676,0.8550645935707271,False
2853,WP_000176523.1,tilS,protein,1,1,proteome,2,annotation_mediated,0,0,1,0,0,B36,aac(6')-Ib-cr5,False,0.07692307692307693,False,0.7948535422438676,0.8550645935707271,False
2854,WP_000178456.1,raiA,protein,1,1,proteome,2,annotation_mediated,0,0,1,0,0,B36,aac(6')-Ib-cr5,False,0.07692307692307693,False,0.7948535422438676,0.8550645935707271,False
2855,WP_000186633.1,ybaK,protein,1,1,proteome,2,annotation_mediated,0,0,1,0,0,B36,aac(6')-Ib-cr5,False,0.07692307692307693,False,0.7948535422438676,0.8550645935707271,False
2856,WP_000186998.1,trmA,protein,1,1,proteome,2,annotation_mediated,0,0,1,0,0,B36,aac(6')-Ib-cr5,False,0.07692307692307693,False,0.7948535422438676,0.8550645935707271,False
2857,WP_000206260.1,selA,protein,1,1,proteome,2,annotation_mediated,0,0,1,0,0,B36,aac(6')-Ib-cr5,False,0.07692307692307693,False,0.7948535422438676,0.8550645935707271,False
2858,WP_000218217.1,hchA,protein,1,1,proteome,2,annotation_mediated,0,0,1,0,0,B36,aac(6')-Ib-cr5,False,0.07692307692307693,False,0.7948535422438676,0.8550645935707271,False
2859,WP_000264790.1,trmD,protein,1,1,proteome,2,annotation_mediated,0,0,1,0,0,B36,aac(6')-Ib-cr5,False,0.07692307692307693,False,0.7948535422438676,0.8550645935707271,False
2860,WP_000394132.1,ansB,protein,1,1,proteome,2,annotation_mediated,0,0,1,0,0,B36,aac(6')-Ib-cr5,False,0.07692307692307693,False,0.7948535422438676,0.8550645935707271,False
2861,WP_000416407.1,valS,protein,1,1,proteome,2,annotation_mediated,0,0,1,0,0,B36,aac(6')-Ib-cr5,False,0.07692307692307693,False,0.7948535422438676,0.8550645935707271,False
2862,WP_000420117.1,rbn,protein,1,1,proteome,2,annotation_mediated,0,0,1,0,0,B36,aac(6')-Ib-cr5,False,0.07692307692307693,False,0.7948535422438676,0.8550645935707271,False
2863,WP_000450588.1,ygjH,protein,1,1,proteome,2,annotation_mediated,0,0,1,0,0,B36,aac(6')-Ib-cr5,False,0.07692307692307693,False,0.7948535422438676,0.8550645935707271,False
2864,WP_000456450.1,prmC,protein,1,1,proteome,2,annotation_mediated,0,0,1,0,0,B36,aac(6')-Ib-cr5,False,0.07692307692307693,False,0.7948535422438676,0.8550645935707271,False
2865,WP_000460357.1,hflX,protein,1,1,proteome,2,annotation_mediated,0,0,1,0,0,B36,aac(6')-Ib-cr5,False,0.07692307692307693,False,0.7948535422438676,0.8550645935707271,False
2866,WP_000485012.1,rnb,protein,1,1,proteome,2,annotation_mediated,0,0,1,0,0,B36,aac(6')-Ib-cr5,False,0.07692307692307693,False,0.7948535422438676,0.8550645935707271,False
2867,WP_000505872.1,ychF,protein,1,1,proteome,2,annotation_mediated,0,0,1,0,0,B36,aac(6')-Ib-cr5,False,0.07692307692307693,False,0.7948535422438676,0.8550645935707271,False
2868,WP_000525208.1,rluA,protein,1,1,proteome,2,annotation_mediated,0,0,1,0,0,B36,aac(6')-Ib-cr5,False,0.07692307692307693,False,0.7948535422438676,0.8550645935707271,False
2869,WP_000560981.1,dtd,protein,1,1,proteome,2,annotation_mediated,0,0,1,0,0,B36,aac(6')-Ib-cr5,False,0.07692307692307693,False,0.7948535422438676,0.8550645935707271,False
2870,WP_000564759.1,cmoB,protein,1,1,proteome,2,annotation_mediated,0,0,1,0,0,B36,aac(6')-Ib-cr5,False,0.07692307692307693,False,0.7948535422438676,0.8550645935707271,False
2871,WP_000568920.1,truD,protein,1,1,proteome,2,annotation_mediated,0,0,1,0,0,B36,aac(6')-Ib-cr5,False,0.07692307692307693,False,0.7948535422438676,0.8550645935707271,False
2872,WP_000587626.1,selB,protein,1,1,proteome,2,annotation_mediated,0,0,1,0,0,B36,aac(6')-Ib-cr5,False,0.07692307692307693,False,0.7948535422438676,0.8550645935707271,False
2873,WP_000672320.1,pheT,protein,1,1,proteome,2,annotation_mediated,0,0,1,0,0,B36,aac(6')-Ib-cr5,False,0.07692307692307693,False,0.7948535422438676,0.8550645935707271,False
2874,WP_000683761.1,mnmC,protein,1,1,proteome,2,annotation_mediated,0,0,1,0,0,B36,aac(6')-Ib-cr5,False,0.07692307692307693,False,0.7948535422438676,0.8550645935707271,False
2875,WP_000695662.1,gltX,protein,1,1,proteome,2,annotation_mediated,0,0,1,0,0,B36,aac(6')-Ib-cr5,False,0.07692307692307693,False,0.7948535422438676,0.8550645935707271,False
2876,WP_000708473.1,cca,protein,1,1,proteome,2,annotation_mediated,0,0,1,0,0,B36,aac(6')-Ib-cr5,False,0.07692307692307693,False,0.7948535422438676,0.8550645935707271,False
2877,WP_000729186.1,rplX,protein,1,1,proteome,2,annotation_mediated,0,0,1,0,0,B36,aac(6')-Ib-cr5,False,0.07692307692307693,False,0.7948535422438676,0.8550645935707271,False
2878,WP_000743189.1,rsmD,protein,1,1,proteome,2,annotation_mediated,0,0,1,0,0,B36,aac(6')-Ib-cr5,False,0.07692307692307693,False,0.7948535422438676,0.8550645935707271,False
2879,WP_000744765.1,rsmB,protein,1,1,proteome,2,annotation_mediated,0,0,1,0,0,B36,aac(6')-Ib-cr5,False,0.07692307692307693,False,0.7948535422438676,0.8550645935707271,False
2880,WP_000753589.1,fdhD,protein,1,1,proteome,2,annotation_mediated,0,0,1,0,0,B36,aac(6')-Ib-cr5,False,0.07692307692307693,False,0.7948535422438676,0.8550645935707271,False
2881,WP_000776104.1,rlmH,protein,1,1,proteome,2,annotation_mediated,0,0,1,0,0,B36,aac(6')-Ib-cr5,False,0.07692307692307693,False,0.7948535422438676,0.8550645935707271,False
2882,WP_000786911.1,trmB,protein,1,1,proteome,2,annotation_mediated,0,0,1,0,0,B36,aac(6')-Ib-cr5,False,0.07692307692307693,False,0.7948535422438676,0.8550645935707271,False
2883,WP_000790159.1,lepA,protein,1,1,proteome,2,annotation_mediated,0,0,1,0,0,B36,aac(6')-Ib-cr5,False,0.07692307692307693,False,0.7948535422438676,0.8550645935707271,False
2884,WP_000792973.1,iraP,protein,1,1,proteome,2,annotation_mediated,0,0,1,0,0,B36,aac(6')-Ib-cr5,False,0.07692307692307693,False,0.7948535422438676,0.8550645935707271,False
2885,WP_000803998.1,ykgM,protein,1,1,proteome,2,annotation_mediated,0,0,1,0,0,B36,aac(6')-Ib-cr5,False,0.07692307692307693,False,0.7948535422438676,0.8550645935707271,False
2886,WP_000804726.1,prfA,protein,1,1,proteome,2,annotation_mediated,0,0,1,0,0,B36,aac(6')-Ib-cr5,False,0.07692307692307693,False,0.7948535422438676,0.8550645935707271,False
2887,WP_000809258.1,rsmI,protein,1,1,proteome,2,annotation_mediated,0,0,1,0,0,B36,aac(6')-Ib-cr5,False,0.07692307692307693,False,0.7948535422438676,0.8550645935707271,False
2888,WP_000818114.1,tsf,protein,1,1,proteome,2,annotation_mediated,0,0,1,0,0,B36,aac(6')-Ib-cr5,False,0.07692307692307693,False,0.7948535422438676,0.8550645935707271,False
2889,WP_000827406.1,rne,protein,1,1,proteome,2,annotation_mediated,0,0,1,0,0,B36,aac(6')-Ib-cr5,False,0.07692307692307693,False,0.7948535422438676,0.8550645935707271,False
2890,WP_000828648.1,rmf,protein,1,1,proteome,2,annotation_mediated,0,0,1,0,0,B36,aac(6')-Ib-cr5,False,0.07692307692307693,False,0.7948535422438676,0.8550645935707271,False
2891,WP_000829367.1,tmcA,protein,1,1,proteome,2,annotation_mediated,0,0,1,0,0,B36,aac(6')-Ib-cr5,False,0.07692307692307693,False,0.7948535422438676,0.8550645935707271,False
2892,WP_000829818.1,rpsI,protein,1,1,proteome,2,annotation_mediated,0,0,1,0,0,B36,aac(6')-Ib-cr5,False,0.07692307692307693,False,0.7948535422438676,0.8550645935707271,False
2893,WP_000831330.1,rpmH,protein,1,1,proteome,2,annotation_mediated,0,0,1,0,0,B36,aac(6')-Ib-cr5,False,0.07692307692307693,False,0.7948535422438676,0.8550645935707271,False
2894,WP_000841554.1,sra,protein,1,1,proteome,2,annotation_mediated,0,0,1,0,0,B36,aac(6')-Ib-cr5,False,0.07692307692307693,False,0.7948535422438676,0.8550645935707271,False
2895,WP_000846342.1,rluC,protein,1,1,proteome,2,annotation_mediated,0,0,1,0,0,B36,aac(6')-Ib-cr5,False,0.07692307692307693,False,0.7948535422438676,0.8550645935707271,False
2896,WP_000847559.1,rplM,protein,1,1,proteome,2,annotation_mediated,0,0,1,0,0,B36,aac(6')-Ib-cr5,False,0.07692307692307693,False,0.7948535422438676,0.8550645935707271,False
2897,WP_000868187.1,rpmJ,protein,1,1,proteome,2,annotation_mediated,0,0,1,0,0,B36,aac(6')-Ib-cr5,False,0.07692307692307693,False,0.7948535422438676,0.8550645935707271,False
2898,WP_000886084.1,ygfZ,protein,1,1,proteome,2,annotation_mediated,0,0,1,0,0,B36,aac(6')-Ib-cr5,False,0.07692307692307693,False,0.7948535422438676,0.8550645935707271,False
2899,WP_000903381.1,tusB,protein,1,1,proteome,2,annotation_mediated,0,0,1,0,0,B36,aac(6')-Ib-cr5,False,0.07692307692307693,False,0.7948535422438676,0.8550645935707271,False
2900,WP_000904443.1,tusE,protein,1,1,proteome,2,annotation_mediated,0,0,1,0,0,B36,aac(6')-Ib-cr5,False,0.07692307692307693,False,0.7948535422438676,0.8550645935707271,False
2901,WP_000906486.1,csrA,protein,1,1,proteome,2,annotation_mediated,0,0,1,0,0,B36,aac(6')-Ib-cr5,False,0.07692307692307693,False,0.7948535422438676,0.8550645935707271,False
2902,WP_000912352.1,cysS,protein,1,1,proteome,2,annotation_mediated,0,0,1,0,0,B36,aac(6')-Ib-cr5,False,0.07692307692307693,False,0.7948535422438676,0.8550645935707271,False
2903,WP_000932347.1,trmL,protein,1,1,proteome,2,annotation_mediated,0,0,1,0,0,B36,aac(6')-Ib-cr5,False,0.07692307692307693,False,0.7948535422438676,0.8550645935707271,False
2904,WP_000932839.1,rsmG,protein,1,1,proteome,2,annotation_mediated,0,0,1,0,0,B36,aac(6')-Ib-cr5,False,0.07692307692307693,False,0.7948535422438676,0.8550645935707271,False
2905,WP_000936388.1,rluF,protein,1,1,proteome,2,annotation_mediated,0,0,1,0,0,B36,aac(6')-Ib-cr5,False,0.07692307692307693,False,0.7948535422438676,0.8550645935707271,False
2906,WP_000940019.1,trmJ,protein,1,1,proteome,2,annotation_mediated,0,0,1,0,0,B36,aac(6')-Ib-cr5,False,0.07692307692307693,False,0.7948535422438676,0.8550645935707271,False
2907,WP_000940595.1,rpmA,protein,1,1,proteome,2,annotation_mediated,0,0,1,0,0,B36,aac(6')-Ib-cr5,False,0.07692307692307693,False,0.7948535422438676,0.8550645935707271,False
2908,WP_000941212.1,rplP,protein,1,1,proteome,2,annotation_mediated,0,0,1,0,0,B36,aac(6')-Ib-cr5,False,0.07692307692307693,False,0.7948535422438676,0.8550645935707271,False
2909,WP_000970479.1,rsmH,protein,1,1,proteome,2,annotation_mediated,0,0,1,0,0,B36,aac(6')-Ib-cr5,False,0.07692307692307693,False,0.7948535422438676,0.8550645935707271,False
2910,WP_000997384.1,yfiF,protein,1,1,proteome,2,annotation_mediated,0,0,1,0,0,B36,aac(6')-Ib-cr5,False,0.07692307692307693,False,0.7948535422438676,0.8550645935707271,False
2911,WP_001025326.1,argS,protein,1,1,proteome,2,annotation_mediated,0,0,1,0,0,B36,aac(6')-Ib-cr5,False,0.07692307692307693,False,0.7948535422438676,0.8550645935707271,False
2912,WP_001029685.1,rpsK,protein,1,1,proteome,2,annotation_mediated,0,0,1,0,0,B36,aac(6')-Ib-cr5,False,0.07692307692307693,False,0.7948535422438676,0.8550645935707271,False
2913,WP_001040187.1,infA,protein,1,1,proteome,2,annotation_mediated,0,0,1,0,0,B36,aac(6')-Ib-cr5,False,0.07692307692307693,False,0.7948535422438676,0.8550645935707271,False
2914,WP_001040205.1,rbfA,protein,1,1,proteome,2,annotation_mediated,0,0,1,0,0,B36,aac(6')-Ib-cr5,False,0.07692307692307693,False,0.7948535422438676,0.8550645935707271,False
2915,WP_001044880.1,ybeL,protein,1,1,proteome,2,annotation_mediated,0,0,1,0,0,B36,aac(6')-Ib-cr5,False,0.07692307692307693,False,0.7948535422438676,0.8550645935707271,False
2916,WP_001051883.1,hfq,protein,1,1,proteome,2,annotation_mediated,0,0,1,0,0,B36,aac(6')-Ib-cr5,False,0.07692307692307693,False,0.7948535422438676,0.8550645935707271,False
2917,WP_001054420.1,yhbY,protein,1,1,proteome,2,annotation_mediated,0,0,1,0,0,B36,aac(6')-Ib-cr5,False,0.07692307692307693,False,0.7948535422438676,0.8550645935707271,False
2918,WP_001065365.1,rsmA,protein,1,1,proteome,2,annotation_mediated,0,0,1,0,0,B36,aac(6')-Ib-cr5,False,0.07692307692307693,False,0.7948535422438676,0.8550645935707271,False
2919,WP_001068343.1,rnc,protein,1,1,proteome,2,annotation_mediated,0,0,1,0,0,B36,aac(6')-Ib-cr5,False,0.07692307692307693,False,0.7948535422438676,0.8550645935707271,False
2920,WP_001070179.1,trmH,protein,1,1,proteome,2,annotation_mediated,0,0,1,0,0,B36,aac(6')-Ib-cr5,False,0.07692307692307693,False,0.7948535422438676,0.8550645935707271,False
2921,WP_001085926.1,rplK,protein,1,1,proteome,2,annotation_mediated,0,0,1,0,0,B36,aac(6')-Ib-cr5,False,0.07692307692307693,False,0.7948535422438676,0.8550645935707271,False
2922,WP_001086497.1,rlmKL,protein,1,1,proteome,2,annotation_mediated,0,0,1,0,0,B36,aac(6')-Ib-cr5,False,0.07692307692307693,False,0.7948535422438676,0.8550645935707271,False
2923,WP_001096200.1,rplE,protein,1,1,proteome,2,annotation_mediated,0,0,1,0,0,B36,aac(6')-Ib-cr5,False,0.07692307692307693,False,0.7948535422438676,0.8550645935707271,False
2924,WP_001096687.1,rplA,protein,1,1,proteome,2,annotation_mediated,0,0,1,0,0,B36,aac(6')-Ib-cr5,False,0.07692307692307693,False,0.7948535422438676,0.8550645935707271,False
2925,WP_001107179.1,hisS,protein,1,1,proteome,2,annotation_mediated,0,0,1,0,0,B36,aac(6')-Ib-cr5,False,0.07692307692307693,False,0.7948535422438676,0.8550645935707271,False
2926,WP_001110630.1,dusA,protein,1,1,proteome,2,annotation_mediated,0,0,1,0,0,B36,aac(6')-Ib-cr5,False,0.07692307692307693,False,0.7948535422438676,0.8550645935707271,False
2927,WP_001118930.1,rpsN,protein,1,1,proteome,2,annotation_mediated,0,0,1,0,0,B36,aac(6')-Ib-cr5,False,0.07692307692307693,False,0.7948535422438676,0.8550645935707271,False
2928,WP_001136827.1,yeiP,protein,1,1,proteome,2,annotation_mediated,0,0,1,0,0,B36,aac(6')-Ib-cr5,False,0.07692307692307693,False,0.7948535422438676,0.8550645935707271,False
2929,WP_001138043.1,rpsG,protein,1,1,proteome,2,annotation_mediated,0,0,1,0,0,B36,aac(6')-Ib-cr5,False,0.07692307692307693,False,0.7948535422438676,0.8550645935707271,False
2930,WP_001138117.1,rpsS,protein,1,1,proteome,2,annotation_mediated,0,0,1,0,0,B36,aac(6')-Ib-cr5,False,0.07692307692307693,False,0.7948535422438676,0.8550645935707271,False
2931,WP_001138584.1,speG,protein,1,1,proteome,2,annotation_mediated,0,0,1,0,0,B36,aac(6')-Ib-cr5,False,0.07692307692307693,False,0.7948535422438676,0.8550645935707271,False
2932,WP_001140433.1,rpmD,protein,1,1,proteome,2,annotation_mediated,0,0,1,0,0,B36,aac(6')-Ib-cr5,False,0.07692307692307693,False,0.7948535422438676,0.8550645935707271,False
2933,WP_001144069.1,rpsU,protein,1,1,proteome,2,annotation_mediated,0,0,1,0,0,B36,aac(6')-Ib-cr5,False,0.07692307692307693,False,0.7948535422438676,0.8550645935707271,False
2934,WP_001144199.1,thrS,protein,1,1,proteome,2,annotation_mediated,0,0,1,0,0,B36,aac(6')-Ib-cr5,False,0.07692307692307693,False,0.7948535422438676,0.8550645935707271,False
2935,WP_001145827.1,prmA,protein,1,1,proteome,2,annotation_mediated,0,0,1,0,0,B36,aac(6')-Ib-cr5,False,0.07692307692307693,False,0.7948535422438676,0.8550645935707271,False
2936,WP_001149713.1,rlmC,protein,1,1,proteome,2,annotation_mediated,0,0,1,0,0,B36,aac(6')-Ib-cr5,False,0.07692307692307693,False,0.7948535422438676,0.8550645935707271,False
2937,WP_001157896.1,leuS,protein,1,1,proteome,2,annotation_mediated,0,0,1,0,0,B36,aac(6')-Ib-cr5,False,0.07692307692307693,False,0.7948535422438676,0.8550645935707271,False
2938,WP_001157954.1,mnmH,protein,1,1,proteome,2,annotation_mediated,0,0,1,0,0,B36,aac(6')-Ib-cr5,False,0.07692307692307693,False,0.7948535422438676,0.8550645935707271,False
2939,WP_001158035.1,diaA,protein,1,1,proteome,2,annotation_mediated,0,0,1,0,0,B36,aac(6')-Ib-cr5,False,0.07692307692307693,False,0.7948535422438676,0.8550645935707271,False
2940,WP_001161664.1,rsfS,protein,1,1,proteome,2,annotation_mediated,0,0,1,0,0,B36,aac(6')-Ib-cr5,False,0.07692307692307693,False,0.7948535422438676,0.8550645935707271,False
2941,WP_001168544.1,glyQ,protein,1,1,proteome,2,annotation_mediated,0,0,1,0,0,B36,aac(6')-Ib-cr5,False,0.07692307692307693,False,0.7948535422438676,0.8550645935707271,False
2942,WP_001170177.1,ansA,protein,1,1,proteome,2,annotation_mediated,0,0,1,0,0,B36,aac(6')-Ib-cr5,False,0.07692307692307693,False,0.7948535422438676,0.8550645935707271,False
2943,WP_001176599.1,hpf,protein,1,1,proteome,2,annotation_mediated,0,0,1,0,0,B36,aac(6')-Ib-cr5,False,0.07692307692307693,False,0.7948535422438676,0.8550645935707271,False
2944,WP_001181004.1,rpsJ,protein,1,1,proteome,2,annotation_mediated,0,0,1,0,0,B36,aac(6')-Ib-cr5,False,0.07692307692307693,False,0.7948535422438676,0.8550645935707271,False
2945,WP_001196062.1,rplI,protein,1,1,proteome,2,annotation_mediated,0,0,1,0,0,B36,aac(6')-Ib-cr5,False,0.07692307692307693,False,0.7948535422438676,0.8550645935707271,False
2946,WP_001207201.1,rplJ,protein,1,1,proteome,2,annotation_mediated,0,0,1,0,0,B36,aac(6')-Ib-cr5,False,0.07692307692307693,False,0.7948535422438676,0.8550645935707271,False
2947,WP_001216368.1,rplQ,protein,1,1,proteome,2,annotation_mediated,0,0,1,0,0,B36,aac(6')-Ib-cr5,False,0.07692307692307693,False,0.7948535422438676,0.8550645935707271,False
2948,WP_001216676.1,rpsF,protein,1,1,proteome,2,annotation_mediated,0,0,1,0,0,B36,aac(6')-Ib-cr5,False,0.07692307692307693,False,0.7948535422438676,0.8550645935707271,False
2949,WP_001219652.1,dusB,protein,1,1,proteome,2,annotation_mediated,0,0,1,0,0,B36,aac(6')-Ib-cr5,False,0.07692307692307693,False,0.7948535422438676,0.8550645935707271,False
2950,WP_001222509.1,rsmE,protein,1,1,proteome,2,annotation_mediated,0,0,1,0,0,B36,aac(6')-Ib-cr5,False,0.07692307692307693,False,0.7948535422438676,0.8550645935707271,False
2951,WP_001223200.1,yjtD,protein,1,1,proteome,2,annotation_mediated,0,0,1,0,0,B36,aac(6')-Ib-cr5,False,0.07692307692307693,False,0.7948535422438676,0.8550645935707271,False
2952,WP_001234850.1,rsuA,protein,1,1,proteome,2,annotation_mediated,0,0,1,0,0,B36,aac(6')-Ib-cr5,False,0.07692307692307693,False,0.7948535422438676,0.8550645935707271,False
2953,WP_001238917.1,rplO,protein,1,1,proteome,2,annotation_mediated,0,0,1,0,0,B36,aac(6')-Ib-cr5,False,0.07692307692307693,False,0.7948535422438676,0.8550645935707271,False
2954,EW037_RS00180,uhpA,gene,1,1,genome,2,annotation_mediated,0,0,1,0,1,MS_14384,blaCMY-2,False,0.07692307692307693,False,0.8548868624143,0.8550645935707271,False
2955,EW037_RS00920,bisC,gene,1,1,genome,2,annotation_mediated,0,0,1,0,1,MS_14384,blaCMY-2,False,0.07692307692307693,False,0.8548868624143,0.8550645935707271,False
2956,EW037_RS00985,dppD,gene,1,1,genome,2,annotation_mediated,0,0,1,0,1,MS_14384,blaCMY-2,False,0.07692307692307693,False,0.8548868624143,0.8550645935707271,False
2957,EW037_RS00990,dppF,gene,1,1,genome,2,annotation_mediated,0,0,1,0,1,MS_14384,blaCMY-2,False,0.07692307692307693,False,0.8548868624143,0.8550645935707271,False
2958,EW037_RS01075,dctA,gene,1,1,genome,2,annotation_mediated,0,0,1,0,1,MS_14384,blaCMY-2,False,0.07692307692307693,False,0.8548868624143,0.8550645935707271,False
2959,EW037_RS01145,mdtF,gene,1,1,genome,2,annotation_mediated,0,0,1,0,1,MS_14384,blaCMY-2,False,0.07692307692307693,False,0.8548868624143,0.8550645935707271,False
2960,EW037_RS01340,rbbA,gene,1,1,genome,2,annotation_mediated,0,0,1,0,1,MS_14384,blaCMY-2,False,0.07692307692307693,False,0.8548868624143,0.8550645935707271,False
2961,EW037_RS01805,ompR,gene,1,1,genome,2,annotation_mediated,0,0,1,0,1,MS_14384,blaCMY-2,False,0.07692307692307693,False,0.8548868624143,0.8550645935707271,False
2962,EW037_RS01810,envZ,gene,1,1,genome,2,annotation_mediated,0,0,1,0,1,MS_14384,blaCMY-2,False,0.07692307692307693,False,0.8548868624143,0.8550645935707271,False
2963,EW037_RS01860,mrcA,gene,1,1,genome,2,annotation_mediated,0,0,1,0,1,MS_14384,blaCMY-2,False,0.07692307692307693,False,0.8548868624143,0.8550645935707271,False
2964,EW037_RS02030,crp,gene,1,1,genome,2,annotation_mediated,0,0,1,0,1,MS_14384,blaCMY-2,False,0.07692307692307693,False,0.8548868624143,0.8550645935707271,False
2965,EW037_RS02575,degQ,gene,1,1,genome,2,annotation_mediated,0,0,1,0,1,MS_14384,blaCMY-2,False,0.07692307692307693,False,0.8548868624143,0.8550645935707271,False
2966,EW037_RS02670,arcB,gene,1,1,genome,2,annotation_mediated,0,0,1,0,1,MS_14384,blaCMY-2,False,0.07692307692307693,False,0.8548868624143,0.8550645935707271,False
2967,EW037_RS02710,rpoN,gene,1,1,genome,2,annotation_mediated,0,0,1,0,1,MS_14384,blaCMY-2,False,0.07692307692307693,False,0.8548868624143,0.8550645935707271,False
2968,EW037_RS03535,tolC,gene,1,1,genome,2,annotation_mediated,0,0,1,0,1,MS_14384,blaCMY-2,False,0.07692307692307693,False,0.8548868624143,0.8550645935707271,False
2969,EW037_RS03610,qseC,gene,1,1,genome,2,annotation_mediated,0,0,1,0,1,MS_14384,blaCMY-2,False,0.07692307692307693,False,0.8548868624143,0.8550645935707271,False
2970,EW037_RS03615,qseB,gene,1,1,genome,2,annotation_mediated,0,0,1,0,1,MS_14384,blaCMY-2,False,0.07692307692307693,False,0.8548868624143,0.8550645935707271,False
2971,EW037_RS03740,hybC,gene,1,1,genome,2,annotation_mediated,0,0,1,0,1,MS_14384,blaCMY-2,False,0.07692307692307693,False,0.8548868624143,0.8550645935707271,False
2972,EW037_RS03975,nan,gene,1,1,genome,2,annotation_mediated,0,0,1,0,1,MS_14384,blaCMY-2,False,0.07692307692307693,False,0.8548868624143,0.8550645935707271,False
2973,EW037_RS04415,ansB,gene,1,1,genome,2,annotation_mediated,0,0,1,0,1,MS_14384,blaCMY-2,False,0.07692307692307693,False,0.8548868624143,0.8550645935707271,False
2974,EW037_RS04940,yqeF,gene,1,1,genome,2,annotation_mediated,0,0,1,0,1,MS_14384,blaCMY-2,False,0.07692307692307693,False,0.8548868624143,0.8550645935707271,False
2975,EW037_RS05235,barA,gene,1,1,genome,2,annotation_mediated,0,0,1,0,1,MS_14384,blaCMY-2,False,0.07692307692307693,False,0.8548868624143,0.8550645935707271,False
2976,EW037_RS05735,csrA,gene,1,1,genome,2,annotation_mediated,0,0,1,0,1,MS_14384,blaCMY-2,False,0.07692307692307693,False,0.8548868624143,0.8550645935707271,False
2977,EW037_RS05790,emrA,gene,1,1,genome,2,annotation_mediated,0,0,1,0,1,MS_14384,blaCMY-2,False,0.07692307692307693,False,0.8548868624143,0.8550645935707271,False
2978,EW037_RS06315,glrR,gene,1,1,genome,2,annotation_mediated,0,0,1,0,1,MS_14384,blaCMY-2,False,0.07692307692307693,False,0.8548868624143,0.8550645935707271,False
2979,EW037_RS06320,glnB,gene,1,1,genome,2,annotation_mediated,0,0,1,0,1,MS_14384,blaCMY-2,False,0.07692307692307693,False,0.8548868624143,0.8550645935707271,False
2980,EW037_RS06745,acrD,gene,1,1,genome,2,annotation_mediated,0,0,1,0,1,MS_14384,blaCMY-2,False,0.07692307692307693,False,0.8548868624143,0.8550645935707271,False
2981,EW037_RS06780,maeB,gene,1,1,genome,2,annotation_mediated,0,0,1,0,1,MS_14384,blaCMY-2,False,0.07692307692307693,False,0.8548868624143,0.8550645935707271,False
2982,EW037_RS06900,pbp4b,gene,1,1,genome,2,annotation_mediated,0,0,1,0,1,MS_14384,blaCMY-2,False,0.07692307692307693,False,0.8548868624143,0.8550645935707271,False
2983,EW037_RS07140,ypdB,gene,1,1,genome,2,annotation_mediated,0,0,1,0,1,MS_14384,blaCMY-2,False,0.07692307692307693,False,0.8548868624143,0.8550645935707271,False
2984,EW037_RS07205,evgA,gene,1,1,genome,2,annotation_mediated,0,0,1,0,1,MS_14384,blaCMY-2,False,0.07692307692307693,False,0.8548868624143,0.8550645935707271,False
2985,EW037_RS08045,arnB,gene,1,1,genome,2,annotation_mediated,0,0,1,0,1,MS_14384,blaCMY-2,False,0.07692307692307693,False,0.8548868624143,0.8550645935707271,False
2986,EW037_RS08195,atoB,gene,1,1,genome,2,annotation_mediated,0,0,1,0,1,MS_14384,blaCMY-2,False,0.07692307692307693,False,0.8548868624143,0.8550645935707271,False
2987,EW037_RS08215,atoC,gene,1,1,genome,2,annotation_mediated,0,0,1,0,1,MS_14384,blaCMY-2,False,0.07692307692307693,False,0.8548868624143,0.8550645935707271,False
2988,EW037_RS08225,rcsC,gene,1,1,genome,2,annotation_mediated,0,0,1,0,1,MS_14384,blaCMY-2,False,0.07692307692307693,False,0.8548868624143,0.8550645935707271,False
2989,EW037_RS08230,rcsB,gene,1,1,genome,2,annotation_mediated,0,0,1,0,1,MS_14384,blaCMY-2,False,0.07692307692307693,False,0.8548868624143,0.8550645935707271,False
2990,EW037_RS08235,rcsD,gene,1,1,genome,2,annotation_mediated,0,0,1,0,1,MS_14384,blaCMY-2,False,0.07692307692307693,False,0.8548868624143,0.8550645935707271,False
2991,EW037_RS08240,ompC,gene,1,1,genome,2,annotation_mediated,0,0,1,0,1,MS_14384,blaCMY-2,False,0.07692307692307693,False,0.8548868624143,0.8550645935707271,False
2992,EW037_RS08350,narP,gene,1,1,genome,2,annotation_mediated,0,0,1,0,1,MS_14384,blaCMY-2,False,0.07692307692307693,False,0.8548868624143,0.8550645935707271,False
2993,EW037_RS08540,cirA,gene,1,1,genome,2,annotation_mediated,0,0,1,0,1,MS_14384,blaCMY-2,False,0.07692307692307693,False,0.8548868624143,0.8550645935707271,False
2994,EW037_RS08695,btsR,gene,1,1,genome,2,annotation_mediated,0,0,1,0,1,MS_14384,blaCMY-2,False,0.07692307692307693,False,0.8548868624143,0.8550645935707271,False
2995,EW037_RS08910,baeR,gene,1,1,genome,2,annotation_mediated,0,0,1,0,1,MS_14384,blaCMY-2,False,0.07692307692307693,False,0.8548868624143,0.8550645935707271,False
2996,EW037_RS08915,baeS,gene,1,1,genome,2,annotation_mediated,0,0,1,0,1,MS_14384,blaCMY-2,False,0.07692307692307693,False,0.8548868624143,0.8550645935707271,False
2997,EW037_RS08930,mdtB,gene,1,1,genome,2,annotation_mediated,0,0,1,0,1,MS_14384,blaCMY-2,False,0.07692307692307693,False,0.8548868624143,0.8550645935707271,False
2998,EW037_RS08935,mdtA,gene,1,1,genome,2,annotation_mediated,0,0,1,0,1,MS_14384,blaCMY-2,False,0.07692307692307693,False,0.8548868624143,0.8550645935707271,False
2999,EW037_RS09165,nan,gene,1,1,genome,2,annotation_mediated,0,0,1,0,1,MS_14384,blaCMY-2,False,0.07692307692307693,False,0.8548868624143,0.8550645935707271,False
3000,EW037_RS09680,ansB,gene,1,1,genome,2,annotation_mediated,0,0,1,0,1,MS_14384,blaCMY-2,False,0.07692307692307693,False,0.8548868624143,0.8550645935707271,False
3001,EW037_RS10150,nan,gene,1,1,genome,2,annotation_mediated,0,0,1,0,1,MS_14384,blaCMY-2,False,0.07692307692307693,False,0.8548868624143,0.8550645935707271,False
3002,EW037_RS10180,tcyN,gene,1,1,genome,2,annotation_mediated,0,0,1,0,1,MS_14384,blaCMY-2,False,0.07692307692307693,False,0.8548868624143,0.8550645935707271,False
3003,EW037_RS10185,sdiA,gene,1,1,genome,2,annotation_mediated,0,0,1,0,1,MS_14384,blaCMY-2,False,0.07692307692307693,False,0.8548868624143,0.8550645935707271,False
3004,EW037_RS10200,uvrY,gene,1,1,genome,2,annotation_mediated,0,0,1,0,1,MS_14384,blaCMY-2,False,0.07692307692307693,False,0.8548868624143,0.8550645935707271,False
3005,EW037_RS10345,cheA,gene,1,1,genome,2,annotation_mediated,0,0,1,0,1,MS_14384,blaCMY-2,False,0.07692307692307693,False,0.8548868624143,0.8550645935707271,False
3006,EW037_RS10350,cheW,gene,1,1,genome,2,annotation_mediated,0,0,1,0,1,MS_14384,blaCMY-2,False,0.07692307692307693,False,0.8548868624143,0.8550645935707271,False
3007,EW037_RS10355,tar,gene,1,1,genome,2,annotation_mediated,0,0,1,0,1,MS_14384,blaCMY-2,False,0.07692307692307693,False,0.8548868624143,0.8550645935707271,False
3008,EW037_RS10360,tap,gene,1,1,genome,2,annotation_mediated,0,0,1,0,1,MS_14384,blaCMY-2,False,0.07692307692307693,False,0.8548868624143,0.8550645935707271,False
3009,EW037_RS10365,cheR,gene,1,1,genome,2,annotation_mediated,0,0,1,0,1,MS_14384,blaCMY-2,False,0.07692307692307693,False,0.8548868624143,0.8550645935707271,False
3010,EW037_RS10370,cheB,gene,1,1,genome,2,annotation_mediated,0,0,1,0,1,MS_14384,blaCMY-2,False,0.07692307692307693,False,0.8548868624143,0.8550645935707271,False
3011,EW037_RS10375,cheY,gene,1,1,genome,2,annotation_mediated,0,0,1,0,1,MS_14384,blaCMY-2,False,0.07692307692307693,False,0.8548868624143,0.8550645935707271,False
3012,EW037_RS11805,rstA,gene,1,1,genome,2,annotation_mediated,0,0,1,0,1,MS_14384,blaCMY-2,False,0.07692307692307693,False,0.8548868624143,0.8550645935707271,False
3013,EW037_RS11915,ynfF,gene,1,1,genome,2,annotation_mediated,0,0,1,0,1,MS_14384,blaCMY-2,False,0.07692307692307693,False,0.8548868624143,0.8550645935707271,False
3014,EW037_RS11920,ynfE,gene,1,1,genome,2,annotation_mediated,0,0,1,0,1,MS_14384,blaCMY-2,False,0.07692307692307693,False,0.8548868624143,0.8550645935707271,False
3015,EW037_RS12395,glsB,gene,1,1,genome,2,annotation_mediated,0,0,1,0,1,MS_14384,blaCMY-2,False,0.07692307692307693,False,0.8548868624143,0.8550645935707271,False
3016,EW037_RS12690,maeA,gene,1,1,genome,2,annotation_mediated,0,0,1,0,1,MS_14384,blaCMY-2,False,0.07692307692307693,False,0.8548868624143,0.8550645935707271,False
3017,EW037_RS12760,narZ,gene,1,1,genome,2,annotation_mediated,0,0,1,0,1,MS_14384,blaCMY-2,False,0.07692307692307693,False,0.8548868624143,0.8550645935707271,False
3018,EW037_RS12765,narH,gene,1,1,genome,2,annotation_mediated,0,0,1,0,1,MS_14384,blaCMY-2,False,0.07692307692307693,False,0.8548868624143,0.8550645935707271,False
3019,EW037_RS13025,trg,gene,1,1,genome,2,annotation_mediated,0,0,1,0,1,MS_14384,blaCMY-2,False,0.07692307692307693,False,0.8548868624143,0.8550645935707271,False
3020,EW037_RS13120,paaJ,gene,1,1,genome,2,annotation_mediated,0,0,1,0,1,MS_14384,blaCMY-2,False,0.07692307692307693,False,0.8548868624143,0.8550645935707271,False
3021,EW037_RS13635,mppA,gene,1,1,genome,2,annotation_mediated,0,0,1,0,1,MS_14384,blaCMY-2,False,0.07692307692307693,False,0.8548868624143,0.8550645935707271,False
3022,EW037_RS13745,puuA,gene,1,1,genome,2,annotation_mediated,0,0,1,0,1,MS_14384,blaCMY-2,False,0.07692307692307693,False,0.8548868624143,0.8550645935707271,False
3023,EW037_RS14075,oppF,gene,1,1,genome,2,annotation_mediated,0,0,1,0,1,MS_14384,blaCMY-2,False,0.07692307692307693,False,0.8548868624143,0.8550645935707271,False
3024,EW037_RS14080,oppD,gene,1,1,genome,2,annotation_mediated,0,0,1,0,1,MS_14384,blaCMY-2,False,0.07692307692307693,False,0.8548868624143,0.8550645935707271,False
3025,EW037_RS14090,oppB,gene,1,1,genome,2,annotation_mediated,0,0,1,0,1,MS_14384,blaCMY-2,False,0.07692307692307693,False,0.8548868624143,0.8550645935707271,False
3026,EW037_RS14095,oppA,gene,1,1,genome,2,annotation_mediated,0,0,1,0,1,MS_14384,blaCMY-2,False,0.07692307692307693,False,0.8548868624143,0.8550645935707271,False
3027,EW037_RS14170,narI,gene,1,1,genome,2,annotation_mediated,0,0,1,0,1,MS_14384,blaCMY-2,False,0.07692307692307693,False,0.8548868624143,0.8550645935707271,False
3028,EW037_RS14175,narJ,gene,1,1,genome,2,annotation_mediated,0,0,1,0,1,MS_14384,blaCMY-2,False,0.07692307692307693,False,0.8548868624143,0.8550645935707271,False
3029,EW037_RS14180,narH,gene,1,1,genome,2,annotation_mediated,0,0,1,0,1,MS_14384,blaCMY-2,False,0.07692307692307693,False,0.8548868624143,0.8550645935707271,False
3030,EW037_RS14185,narG,gene,1,1,genome,2,annotation_mediated,0,0,1,0,1,MS_14384,blaCMY-2,False,0.07692307692307693,False,0.8548868624143,0.8550645935707271,False
3031,EW037_RS14195,narX,gene,1,1,genome,2,annotation_mediated,0,0,1,0,1,MS_14384,blaCMY-2,False,0.07692307692307693,False,0.8548868624143,0.8550645935707271,False
3032,EW037_RS14200,narL,gene,1,1,genome,2,annotation_mediated,0,0,1,0,1,MS_14384,blaCMY-2,False,0.07692307692307693,False,0.8548868624143,0.8550645935707271,False
3033,EW037_RS14395,ldcA,gene,1,1,genome,2,annotation_mediated,0,0,1,0,1,MS_14384,blaCMY-2,False,0.07692307692307693,False,0.8548868624143,0.8550645935707271,False
3034,EW037_RS14650,phoP,gene,1,1,genome,2,annotation_mediated,0,0,1,0,1,MS_14384,blaCMY-2,False,0.07692307692307693,False,0.8548868624143,0.8550645935707271,False
3035,EW037_RS14655,phoQ,gene,1,1,genome,2,annotation_mediated,0,0,1,0,1,MS_14384,blaCMY-2,False,0.07692307692307693,False,0.8548868624143,0.8550645935707271,False
3036,EW037_RS14715,lolD,gene,1,1,genome,2,annotation_mediated,0,0,1,0,1,MS_14384,blaCMY-2,False,0.07692307692307693,False,0.8548868624143,0.8550645935707271,False
3037,EW037_RS14765,nagZ,gene,1,1,genome,2,annotation_mediated,0,0,1,0,1,MS_14384,blaCMY-2,False,0.07692307692307693,False,0.8548868624143,0.8550645935707271,False
3038,EW037_RS14955,flgM,gene,1,1,genome,2,annotation_mediated,0,0,1,0,1,MS_14384,blaCMY-2,False,0.07692307692307693,False,0.8548868624143,0.8550645935707271,False
3039,EW037_RS15305,torA,gene,1,1,genome,2,annotation_mediated,0,0,1,0,1,MS_14384,blaCMY-2,False,0.07692307692307693,False,0.8548868624143,0.8550645935707271,False
3040,EW037_RS15310,torC,gene,1,1,genome,2,annotation_mediated,0,0,1,0,1,MS_14384,blaCMY-2,False,0.07692307692307693,False,0.8548868624143,0.8550645935707271,False
3041,EW037_RS15315,torR,gene,1,1,genome,2,annotation_mediated,0,0,1,0,1,MS_14384,blaCMY-2,False,0.07692307692307693,False,0.8548868624143,0.8550645935707271,False
3042,EW037_RS15375,appC,gene,1,1,genome,2,annotation_mediated,0,0,1,0,1,MS_14384,blaCMY-2,False,0.07692307692307693,False,0.8548868624143,0.8550645935707271,False
3043,EW037_RS15395,hyaC,gene,1,1,genome,2,annotation_mediated,0,0,1,0,1,MS_14384,blaCMY-2,False,0.07692307692307693,False,0.8548868624143,0.8550645935707271,False
3044,EW037_RS15620,ompF,gene,1,1,genome,2,annotation_mediated,0,0,1,0,1,MS_14384,blaCMY-2,False,0.07692307692307693,False,0.8548868624143,0.8550645935707271,False
3045,EW037_RS15695,msbA,gene,1,1,genome,2,annotation_mediated,0,0,1,0,1,MS_14384,blaCMY-2,False,0.07692307692307693,False,0.8548868624143,0.8550645935707271,False
3046,EW037_RS15790,dmsA,gene,1,1,genome,2,annotation_mediated,0,0,1,0,1,MS_14384,blaCMY-2,False,0.07692307692307693,False,0.8548868624143,0.8550645935707271,False
3047,EW037_RS15870,macB,gene,1,1,genome,2,annotation_mediated,0,0,1,0,1,MS_14384,blaCMY-2,False,0.07692307692307693,False,0.8548868624143,0.8550645935707271,False
3048,EW037_RS15930,amiD,gene,1,1,genome,2,annotation_mediated,0,0,1,0,1,MS_14384,blaCMY-2,False,0.07692307692307693,False,0.8548868624143,0.8550645935707271,False
3049,EW037_RS16265,glnQ,gene,1,1,genome,2,annotation_mediated,0,0,1,0,1,MS_14384,blaCMY-2,False,0.07692307692307693,False,0.8548868624143,0.8550645935707271,False
3050,EW037_RS16345,ybhF,gene,1,1,genome,2,annotation_mediated,0,0,1,0,1,MS_14384,blaCMY-2,False,0.07692307692307693,False,0.8548868624143,0.8550645935707271,False
3051,EW037_RS16355,ybhR,gene,1,1,genome,2,annotation_mediated,0,0,1,0,1,MS_14384,blaCMY-2,False,0.07692307692307693,False,0.8548868624143,0.8550645935707271,False
3052,EW037_RS16650,cydB,gene,1,1,genome,2,annotation_mediated,0,0,1,0,1,MS_14384,blaCMY-2,False,0.07692307692307693,False,0.8548868624143,0.8550645935707271,False
3053,EW037_RS16655,cydA,gene,1,1,genome,2,annotation_mediated,0,0,1,0,1,MS_14384,blaCMY-2,False,0.07692307692307693,False,0.8548868624143,0.8550645935707271,False
3054,EW037_RS16890,kdpD,gene,1,1,genome,2,annotation_mediated,0,0,1,0,1,MS_14384,blaCMY-2,False,0.07692307692307693,False,0.8548868624143,0.8550645935707271,False
3055,EW037_RS16895,kdpE,gene,1,1,genome,2,annotation_mediated,0,0,1,0,1,MS_14384,blaCMY-2,False,0.07692307692307693,False,0.8548868624143,0.8550645935707271,False
3056,EW037_RS17065,gltI,gene,1,1,genome,2,annotation_mediated,0,0,1,0,1,MS_14384,blaCMY-2,False,0.07692307692307693,False,0.8548868624143,0.8550645935707271,False
3057,EW037_RS17070,gltJ,gene,1,1,genome,2,annotation_mediated,0,0,1,0,1,MS_14384,blaCMY-2,False,0.07692307692307693,False,0.8548868624143,0.8550645935707271,False
3058,EW037_RS17080,gltL,gene,1,1,genome,2,annotation_mediated,0,0,1,0,1,MS_14384,blaCMY-2,False,0.07692307692307693,False,0.8548868624143,0.8550645935707271,False
3059,EW037_RS17130,mrdA,gene,1,1,genome,2,annotation_mediated,0,0,1,0,1,MS_14384,blaCMY-2,False,0.07692307692307693,False,0.8548868624143,0.8550645935707271,False
3060,EW037_RS17380,fepA,gene,1,1,genome,2,annotation_mediated,0,0,1,0,1,MS_14384,blaCMY-2,False,0.07692307692307693,False,0.8548868624143,0.8550645935707271,False
3061,EW037_RS17435,cusA,gene,1,1,genome,2,annotation_mediated,0,0,1,0,1,MS_14384,blaCMY-2,False,0.07692307692307693,False,0.8548868624143,0.8550645935707271,False
3062,EW037_RS17440,cusB,gene,1,1,genome,2,annotation_mediated,0,0,1,0,1,MS_14384,blaCMY-2,False,0.07692307692307693,False,0.8548868624143,0.8550645935707271,False
3063,EW037_RS17450,cusC,gene,1,1,genome,2,annotation_mediated,0,0,1,0,1,MS_14384,blaCMY-2,False,0.07692307692307693,False,0.8548868624143,0.8550645935707271,False
3064,EW037_RS17455,cusR,gene,1,1,genome,2,annotation_mediated,0,0,1,0,1,MS_14384,blaCMY-2,False,0.07692307692307693,False,0.8548868624143,0.8550645935707271,False
3065,EW037_RS17880,acrA,gene,1,1,genome,2,annotation_mediated,0,0,1,0,1,MS_14384,blaCMY-2,False,0.07692307692307693,False,0.8548868624143,0.8550645935707271,False
3066,EW037_RS17885,acrB,gene,1,1,genome,2,annotation_mediated,0,0,1,0,1,MS_14384,blaCMY-2,False,0.07692307692307693,False,0.8548868624143,0.8550645935707271,False
3067,EW037_RS18180,yajD,gene,1,1,genome,2,annotation_mediated,0,0,1,0,1,MS_14384,blaCMY-2,False,0.07692307692307693,False,0.8548868624143,0.8550645935707271,False
3068,EW037_RS18245,phoR,gene,1,1,genome,2,annotation_mediated,0,0,1,0,1,MS_14384,blaCMY-2,False,0.07692307692307693,False,0.8548868624143,0.8550645935707271,False
3069,EW037_RS18250,phoB,gene,1,1,genome,2,annotation_mediated,0,0,1,0,1,MS_14384,blaCMY-2,False,0.07692307692307693,False,0.8548868624143,0.8550645935707271,False
3070,EW037_RS19255,rcsF,gene,1,1,genome,2,annotation_mediated,0,0,1,0,1,MS_14384,blaCMY-2,False,0.07692307692307693,False,0.8548868624143,0.8550645935707271,False
3071,EW037_RS19405,glnD,gene,1,1,genome,2,annotation_mediated,0,0,1,0,1,MS_14384,blaCMY-2,False,0.07692307692307693,False,0.8548868624143,0.8550645935707271,False
3072,EW037_RS19425,degP,gene,1,1,genome,2,annotation_mediated,0,0,1,0,1,MS_14384,blaCMY-2,False,0.07692307692307693,False,0.8548868624143,0.8550645935707271,False
3073,EW037_RS19600,yadG,gene,1,1,genome,2,annotation_mediated,0,0,1,0,1,MS_14384,blaCMY-2,False,0.07692307692307693,False,0.8548868624143,0.8550645935707271,False
3074,EW037_RS19685,ampE,gene,1,1,genome,2,annotation_mediated,0,0,1,0,1,MS_14384,blaCMY-2,False,0.07692307692307693,False,0.8548868624143,0.8550645935707271,False
3075,EW037_RS19690,ampD,gene,1,1,genome,2,annotation_mediated,0,0,1,0,1,MS_14384,blaCMY-2,False,0.07692307692307693,False,0.8548868624143,0.8550645935707271,False
3076,EW037_RS20160,nan,gene,1,1,genome,2,graph_derived,0,1,0,0,0,MS_14384,blaCMY-2,False,0.07692307692307693,False,0.8548868624143,0.8550645935707271,False
3077,EW037_RS20295,arcA,gene,1,1,genome,2,annotation_mediated,0,0,1,0,1,MS_14384,blaCMY-2,False,0.07692307692307693,False,0.8548868624143,0.8550645935707271,False
3078,EW037_RS20305,creC,gene,1,1,genome,2,annotation_mediated,0,0,1,0,1,MS_14384,blaCMY-2,False,0.07692307692307693,False,0.8548868624143,0.8550645935707271,False
3079,EW037_RS20310,creB,gene,1,1,genome,2,annotation_mediated,0,0,1,0,1,MS_14384,blaCMY-2,False,0.07692307692307693,False,0.8548868624143,0.8550645935707271,False
3080,EW037_RS20545,tsr,gene,1,1,genome,2,annotation_mediated,0,0,1,0,1,MS_14384,blaCMY-2,False,0.07692307692307693,False,0.8548868624143,0.8550645935707271,False
3081,EW037_RS20635,nan,gene,1,1,genome,2,annotation_mediated,0,0,1,0,1,MS_14384,blaCMY-2,False,0.07692307692307693,False,0.8548868624143,0.8550645935707271,False
3082,EW037_RS20640,nan,gene,1,1,genome,2,annotation_mediated,0,0,1,0,1,MS_14384,blaCMY-2,False,0.07692307692307693,False,0.8548868624143,0.8550645935707271,False
3083,EW037_RS20645,nan,gene,1,1,genome,2,annotation_mediated,0,0,1,0,1,MS_14384,blaCMY-2,False,0.07692307692307693,False,0.8548868624143,0.8550645935707271,False
3084,EW037_RS21890,frdA,gene,1,1,genome,2,annotation_mediated,0,0,1,0,1,MS_14384,blaCMY-2,False,0.07692307692307693,False,0.8548868624143,0.8550645935707271,False
3085,EW037_RS21895,frdB,gene,1,1,genome,2,annotation_mediated,0,0,1,0,1,MS_14384,blaCMY-2,False,0.07692307692307693,False,0.8548868624143,0.8550645935707271,False
3086,EW037_RS21900,frdC,gene,1,1,genome,2,annotation_mediated,0,0,1,0,1,MS_14384,blaCMY-2,False,0.07692307692307693,False,0.8548868624143,0.8550645935707271,False
3087,EW037_RS21910,ampC,gene,1,1,genome,2,annotation_mediated,0,0,1,0,1,MS_14384,blaCMY-2,False,0.07692307692307693,False,0.8548868624143,0.8550645935707271,False
3088,EW037_RS22055,dcuR,gene,1,1,genome,2,annotation_mediated,0,0,1,0,1,MS_14384,blaCMY-2,False,0.07692307692307693,False,0.8548868624143,0.8550645935707271,False
3089,EW037_RS22115,basR,gene,1,1,genome,2,annotation_mediated,0,0,1,0,1,MS_14384,blaCMY-2,False,0.07692307692307693,False,0.8548868624143,0.8550645935707271,False
3090,EW037_RS22680,zraS,gene,1,1,genome,2,annotation_mediated,0,0,1,0,1,MS_14384,blaCMY-2,False,0.07692307692307693,False,0.8548868624143,0.8550645935707271,False
3091,EW037_RS22685,zraP,gene,1,1,genome,2,annotation_mediated,0,0,1,0,1,MS_14384,blaCMY-2,False,0.07692307692307693,False,0.8548868624143,0.8550645935707271,False
3092,EW037_RS23440,cpxR,gene,1,1,genome,2,annotation_mediated,0,0,1,0,1,MS_14384,blaCMY-2,False,0.07692307692307693,False,0.8548868624143,0.8550645935707271,False
3093,EW037_RS23445,cpxA,gene,1,1,genome,2,annotation_mediated,0,0,1,0,1,MS_14384,blaCMY-2,False,0.07692307692307693,False,0.8548868624143,0.8550645935707271,False
3094,EW037_RS23705,glnL,gene,1,1,genome,2,annotation_mediated,0,0,1,0,1,MS_14384,blaCMY-2,False,0.07692307692307693,False,0.8548868624143,0.8550645935707271,False
3095,EW037_RS23710,glnG,gene,1,1,genome,2,annotation_mediated,0,0,1,0,1,MS_14384,blaCMY-2,False,0.07692307692307693,False,0.8548868624143,0.8550645935707271,False
3096,EW037_RS24425,pstS,gene,1,1,genome,2,annotation_mediated,0,0,1,0,1,MS_14384,blaCMY-2,False,0.07692307692307693,False,0.8548868624143,0.8550645935707271,False
3097,EW037_RS24765,nan,gene,1,1,genome,2,annotation_mediated,0,0,1,0,1,MS_14384,blaCMY-2,False,0.07692307692307693,False,0.8548868624143,0.8550645935707271,False
3098,EW037_RS24770,nan,gene,1,1,genome,2,annotation_mediated,0,0,1,0,1,MS_14384,blaCMY-2,False,0.07692307692307693,False,0.8548868624143,0.8550645935707271,False
3099,EW037_RS24775,nan,gene,1,1,genome,2,annotation_mediated,0,0,1,0,1,MS_14384,blaCMY-2,False,0.07692307692307693,False,0.8548868624143,0.8550645935707271,False
3100,WP_000024872.1,mdtF,protein,1,1,proteome,2,annotation_mediated,0,0,1,0,0,MS_14384,blaCMY-2,False,0.07692307692307693,False,0.7948535422438676,0.8550645935707271,False
3101,WP_000030537.1,lptC,protein,1,1,proteome,2,annotation_mediated,0,0,1,0,0,MS_14384,blaCMY-2,False,0.07692307692307693,False,0.7948535422438676,0.8550645935707271,False
3102,WP_000031783.1,tuf,protein,1,1,proteome,2,annotation_mediated,0,0,1,0,0,MS_14384,blaCMY-2,False,0.07692307692307693,False,0.7948535422438676,0.8550645935707271,False
3103,WP_000051549.1,ldcA,protein,1,1,proteome,2,annotation_mediated,0,0,1,0,0,MS_14384,blaCMY-2,False,0.07692307692307693,False,0.7948535422438676,0.8550645935707271,False
3104,WP_000058885.1,nan,protein,1,1,proteome,2,annotation_mediated,0,0,1,0,0,MS_14384,blaCMY-2,False,0.07692307692307693,False,0.7948535422438676,0.8550645935707271,False
3105,WP_000059395.1,ftsP,protein,1,1,proteome,2,annotation_mediated,0,0,1,0,0,MS_14384,blaCMY-2,False,0.07692307692307693,False,0.7948535422438676,0.8550645935707271,False
3106,WP_000153067.1,rcnB,protein,1,1,proteome,2,annotation_mediated,0,0,1,0,0,MS_14384,blaCMY-2,False,0.07692307692307693,False,0.7948535422438676,0.8550645935707271,False
3107,WP_000168747.1,yobA,protein,1,1,proteome,2,annotation_mediated,0,0,1,0,0,MS_14384,blaCMY-2,False,0.07692307692307693,False,0.7948535422438676,0.8550645935707271,False
3108,WP_000171276.1,tonB,protein,1,1,proteome,2,annotation_mediated,0,0,1,0,0,MS_14384,blaCMY-2,False,0.07692307692307693,False,0.7948535422438676,0.8550645935707271,False
3109,WP_000188187.1,macB,protein,1,1,proteome,2,annotation_mediated,0,0,1,0,0,MS_14384,blaCMY-2,False,0.07692307692307693,False,0.7948535422438676,0.8550645935707271,False
3110,WP_000195296.1,parE,protein,1,1,proteome,2,annotation_mediated,0,0,1,0,0,MS_14384,blaCMY-2,False,0.07692307692307693,False,0.7948535422438676,0.8550645935707271,False
3111,WP_000284714.1,lolC,protein,1,1,proteome,2,annotation_mediated,0,0,1,0,0,MS_14384,blaCMY-2,False,0.07692307692307693,False,0.7948535422438676,0.8550645935707271,False
3112,WP_000375956.1,opgD,protein,1,1,proteome,2,annotation_mediated,0,0,1,0,0,MS_14384,blaCMY-2,False,0.07692307692307693,False,0.7948535422438676,0.8550645935707271,False
3113,WP_000497723.1,degS,protein,1,1,proteome,2,annotation_mediated,0,0,1,0,0,MS_14384,blaCMY-2,False,0.07692307692307693,False,0.7948535422438676,0.8550645935707271,False
3114,WP_000535015.1,nan,protein,1,1,proteome,2,annotation_mediated,0,0,1,0,0,MS_14384,blaCMY-2,False,0.07692307692307693,False,0.7948535422438676,0.8550645935707271,False
3115,WP_000548675.1,araF,protein,1,1,proteome,2,annotation_mediated,0,0,1,0,0,MS_14384,blaCMY-2,False,0.07692307692307693,False,0.7948535422438676,0.8550645935707271,False
3116,WP_000590810.1,nan,protein,1,1,proteome,2,annotation_mediated,0,0,1,0,0,MS_14384,blaCMY-2,False,0.07692307692307693,False,0.7948535422438676,0.8550645935707271,False
3117,WP_000648420.1,lpp,protein,1,1,proteome,2,annotation_mediated,0,0,1,0,0,MS_14384,blaCMY-2,False,0.07692307692307693,False,0.7948535422438676,0.8550645935707271,False
3118,WP_000678646.1,mltA,protein,1,1,proteome,2,annotation_mediated,0,0,1,0,0,MS_14384,blaCMY-2,False,0.07692307692307693,False,0.7948535422438676,0.8550645935707271,False
3119,WP_000712658.1,ygiW,protein,1,1,proteome,2,annotation_mediated,0,0,1,0,0,MS_14384,blaCMY-2,False,0.07692307692307693,False,0.7948535422438676,0.8550645935707271,False
3120,WP_000725337.1,dsbA,protein,1,1,proteome,2,annotation_mediated,0,0,1,0,0,MS_14384,blaCMY-2,False,0.07692307692307693,False,0.7948535422438676,0.8550645935707271,False
3121,WP_000729218.1,nan,protein,1,1,proteome,2,annotation_mediated,0,0,1,0,0,MS_14384,blaCMY-2,False,0.07692307692307693,False,0.7948535422438676,0.8550645935707271,False
3122,WP_000753946.1,degP,protein,1,1,proteome,2,annotation_mediated,0,0,1,0,0,MS_14384,blaCMY-2,False,0.07692307692307693,False,0.7948535422438676,0.8550645935707271,False
3123,WP_000756550.1,hdeA,protein,1,1,proteome,2,annotation_mediated,0,0,1,0,0,MS_14384,blaCMY-2,False,0.07692307692307693,False,0.7948535422438676,0.8550645935707271,False
3124,WP_000756575.1,artI,protein,1,1,proteome,2,annotation_mediated,0,0,1,0,0,MS_14384,blaCMY-2,False,0.07692307692307693,False,0.7948535422438676,0.8550645935707271,False
3125,WP_000758956.1,skp,protein,1,1,proteome,2,annotation_mediated,0,0,1,0,0,MS_14384,blaCMY-2,False,0.07692307692307693,False,0.7948535422438676,0.8550645935707271,False
3126,WP_000759309.1,potD,protein,1,1,proteome,2,annotation_mediated,0,0,1,0,0,MS_14384,blaCMY-2,False,0.07692307692307693,False,0.7948535422438676,0.8550645935707271,False
3127,WP_000800457.1,surA,protein,1,1,proteome,2,annotation_mediated,0,0,1,0,0,MS_14384,blaCMY-2,False,0.07692307692307693,False,0.7948535422438676,0.8550645935707271,False
3128,WP_000803191.1,ugpB,protein,1,1,proteome,2,annotation_mediated,0,0,1,0,0,MS_14384,blaCMY-2,False,0.07692307692307693,False,0.7948535422438676,0.8550645935707271,False
3129,WP_000812053.1,rseB,protein,1,1,proteome,2,annotation_mediated,0,0,1,0,0,MS_14384,blaCMY-2,False,0.07692307692307693,False,0.7948535422438676,0.8550645935707271,False
3130,WP_000824439.1,dsbE,protein,1,1,proteome,2,annotation_mediated,0,0,1,0,0,MS_14384,blaCMY-2,False,0.07692307692307693,False,0.7948535422438676,0.8550645935707271,False
3131,WP_000828222.1,zraP,protein,1,1,proteome,2,annotation_mediated,0,0,1,0,0,MS_14384,blaCMY-2,False,0.07692307692307693,False,0.7948535422438676,0.8550645935707271,False
3132,WP_000974813.1,yajD,protein,1,1,proteome,2,annotation_mediated,0,0,1,0,0,MS_14384,blaCMY-2,False,0.07692307692307693,False,0.7948535422438676,0.8550645935707271,False
3133,WP_001029743.1,nan,protein,1,1,proteome,2,annotation_mediated,0,0,1,0,0,MS_14384,blaCMY-2,False,0.07692307692307693,False,0.7948535422438676,0.8550645935707271,False
3134,WP_001044307.1,agp,protein,1,1,proteome,2,annotation_mediated,0,0,1,0,0,MS_14384,blaCMY-2,False,0.07692307692307693,False,0.7948535422438676,0.8550645935707271,False
3135,WP_001056384.1,ldtB,protein,1,1,proteome,2,annotation_mediated,0,0,1,0,0,MS_14384,blaCMY-2,False,0.07692307692307693,False,0.7948535422438676,0.8550645935707271,False
3136,WP_001130692.1,lolB,protein,1,1,proteome,2,annotation_mediated,0,0,1,0,0,MS_14384,blaCMY-2,False,0.07692307692307693,False,0.7948535422438676,0.8550645935707271,False
3137,WP_001202329.1,rcsF,protein,1,1,proteome,2,annotation_mediated,0,0,1,0,0,MS_14384,blaCMY-2,False,0.07692307692307693,False,0.7948535422438676,0.8550645935707271,False
3138,WP_001221666.1,nan,protein,1,1,proteome,2,graph_derived,0,1,0,0,0,MS_14384,blaCMY-2,False,0.07692307692307693,False,0.7948535422438676,0.8550645935707271,False
3139,WP_001222876.1,dppA,protein,1,1,proteome,2,annotation_mediated,0,0,1,0,0,MS_14384,blaCMY-2,False,0.07692307692307693,False,0.7948535422438676,0.8550645935707271,False
3140,WP_001223800.1,cpxP,protein,1,1,proteome,2,annotation_mediated,0,0,1,0,0,MS_14384,blaCMY-2,False,0.07692307692307693,False,0.7948535422438676,0.8550645935707271,False
3141,WP_001226928.1,aphA,protein,1,1,proteome,2,annotation_mediated,0,0,1,0,0,MS_14384,blaCMY-2,False,0.07692307692307693,False,0.7948535422438676,0.8550645935707271,False
3142,WP_001228981.1,spy,protein,1,1,proteome,2,annotation_mediated,0,0,1,0,0,MS_14384,blaCMY-2,False,0.07692307692307693,False,0.7948535422438676,0.8550645935707271,False
3143,WP_001230242.1,torC,protein,1,1,proteome,2,annotation_mediated,0,0,1,0,0,MS_14384,blaCMY-2,False,0.07692307692307693,False,0.7948535422438676,0.8550645935707271,False
3144,WP_001295343.1,lolA,protein,1,1,proteome,2,annotation_mediated,0,0,1,0,0,MS_14384,blaCMY-2,False,0.07692307692307693,False,0.7948535422438676,0.8550645935707271,False
3145,WP_001295643.1,tcyJ,protein,1,1,proteome,2,annotation_mediated,0,0,1,0,0,MS_14384,blaCMY-2,False,0.07692307692307693,False,0.7948535422438676,0.8550645935707271,False
3146,WP_001298717.1,hdeB,protein,1,1,proteome,2,annotation_mediated,0,0,1,0,0,MS_14384,blaCMY-2,False,0.07692307692307693,False,0.7948535422438676,0.8550645935707271,False
3147,WP_001306211.1,gcd,protein,1,1,proteome,2,annotation_mediated,0,0,1,0,0,MS_14384,blaCMY-2,False,0.07692307692307693,False,0.7948535422438676,0.8550645935707271,False
3148,WP_001520983.1,pbp4b,protein,1,1,proteome,2,annotation_mediated,0,0,1,0,0,MS_14384,blaCMY-2,False,0.07692307692307693,False,0.7948535422438676,0.8550645935707271,False
3149,WP_001550478.1,ampC,protein,1,1,proteome,2,annotation_mediated,0,0,1,0,0,MS_14384,blaCMY-2,False,0.07692307692307693,False,0.7948535422438676,0.8550645935707271,False
3150,WP_001550610.1,ampD,protein,1,1,proteome,2,annotation_mediated,0,0,1,0,0,MS_14384,blaCMY-2,False,0.07692307692307693,False,0.7948535422438676,0.8550645935707271,False
3151,WP_001550611.1,ampE,protein,1,1,proteome,2,annotation_mediated,0,0,1,0,0,MS_14384,blaCMY-2,False,0.07692307692307693,False,0.7948535422438676,0.8550645935707271,False
3152,WP_001550869.1,ybhF,protein,1,1,proteome,2,annotation_mediated,0,0,1,0,0,MS_14384,blaCMY-2,False,0.07692307692307693,False,0.7948535422438676,0.8550645935707271,False
3153,WP_001550894.1,amiD,protein,1,1,proteome,2,annotation_mediated,0,0,1,0,0,MS_14384,blaCMY-2,False,0.07692307692307693,False,0.7948535422438676,0.8550645935707271,False
3154,WP_001551789.1,rbbA,protein,1,1,proteome,2,annotation_mediated,0,0,1,0,0,MS_14384,blaCMY-2,False,0.07692307692307693,False,0.7948535422438676,0.8550645935707271,False
3155,WP_022645850.1,mdtB,protein,1,1,proteome,2,annotation_mediated,0,0,1,0,0,MS_14384,blaCMY-2,False,0.07692307692307693,False,0.7948535422438676,0.8550645935707271,False
3156,WP_053273171.1,nan,protein,1,1,proteome,2,annotation_mediated,0,0,1,0,0,MS_14384,blaCMY-2,False,0.07692307692307693,False,0.7948535422438676,0.8550645935707271,False
3157,EW035_RS23580,nan,gene,1,1,genome,2,graph_derived,0,1,0,0,0,MS_14386,blaTEM-1b,False,0.07692307692307693,False,0.8548868624143,0.8550645935707271,False
3158,EW035_RS24355,nan,gene,1,1,genome,2,graph_derived,0,1,0,0,0,MS_14386,blaTEM-215,False,0.07692307692307693,False,0.8548868624143,0.8550645935707271,False
3159,EW035_RS23665,nan,gene,1,1,genome,2,graph_derived,0,1,0,0,0,MS_14386,aac(3)-IId,False,0.07692307692307693,False,0.8548868624143,0.8550645935707271,False
3160,EW035_RS23690,nan,gene,1,1,genome,2,graph_derived,0,1,0,0,0,MS_14386,aac(3)-IId,False,0.07692307692307693,False,0.8548868624143,0.8550645935707271,False
3161,WP_000587837.1,nan,protein,1,1,proteome,2,graph_derived,0,1,0,0,0,MS_14386,aac(3)-IId,False,0.07692307692307693,False,0.7948535422438676,0.8550645935707271,False
3162,EW035_RS23475,nan,gene,1,1,genome,2,graph_derived,0,1,0,0,0,MS_14386,aadA1,False,0.07692307692307693,False,0.8548868624143,0.8550645935707271,False
3163,EW035_RS23505,nan,gene,1,1,genome,2,graph_derived,0,1,0,0,0,MS_14386,aadA1,False,0.07692307692307693,False,0.8548868624143,0.8550645935707271,False
3164,EW035_RS21975,coaA,gene,1,1,genome,2,annotation_mediated,0,0,1,0,1,MS_14386,aph(3')-Ia,False,0.07692307692307693,False,0.8548868624143,0.8550645935707271,False
3165,EW035_RS22235,glpK,gene,1,1,genome,2,annotation_mediated,0,0,1,0,1,MS_14386,aph(3')-Ia,False,0.07692307692307693,False,0.8548868624143,0.8550645935707271,False
3166,EW035_RS22540,glnL,gene,1,1,genome,2,annotation_mediated,0,0,1,0,1,MS_14386,aph(3')-Ia,False,0.07692307692307693,False,0.8548868624143,0.8550645935707271,False
3167,EW035_RS22595,srkA,gene,1,1,genome,2,annotation_mediated,0,0,1,0,1,MS_14386,aph(3')-Ia,False,0.07692307692307693,False,0.8548868624143,0.8550645935707271,False
3168,EW035_RS22605,mobA,gene,1,1,genome,2,annotation_mediated,0,0,1,0,1,MS_14386,aph(3')-Ia,False,0.07692307692307693,False,0.8548868624143,0.8550645935707271,False
3169,EW035_RS22725,udp,gene,1,1,genome,2,annotation_mediated,0,0,1,0,1,MS_14386,aph(3')-Ia,False,0.07692307692307693,False,0.8548868624143,0.8550645935707271,False
3170,EW035_RS22850,cyaA,gene,1,1,genome,2,annotation_mediated,0,0,1,0,1,MS_14386,aph(3')-Ia,False,0.07692307692307693,False,0.8548868624143,0.8550645935707271,False
3171,EW035_RS22985,gppA,gene,1,1,genome,2,annotation_mediated,0,0,1,0,1,MS_14386,aph(3')-Ia,False,0.07692307692307693,False,0.8548868624143,0.8550645935707271,False
3172,EW035_RS23110,rbsK,gene,1,1,genome,2,annotation_mediated,0,0,1,0,1,MS_14386,aph(3')-Ia,False,0.07692307692307693,False,0.8548868624143,0.8550645935707271,False
3173,EW035_RS23150,asnA,gene,1,1,genome,2,annotation_mediated,0,0,1,0,1,MS_14386,aph(3')-Ia,False,0.07692307692307693,False,0.8548868624143,0.8550645935707271,False
3174,EW035_RS23200,atpA,gene,1,1,genome,2,annotation_mediated,0,0,1,0,1,MS_14386,aph(3')-Ia,False,0.07692307692307693,False,0.8548868624143,0.8550645935707271,False
3175,EW035_RS23210,atpD,gene,1,1,genome,2,annotation_mediated,0,0,1,0,1,MS_14386,aph(3')-Ia,False,0.07692307692307693,False,0.8548868624143,0.8550645935707271,False
3176,WP_000006806.1,dxs,protein,1,1,proteome,2,annotation_mediated,0,0,1,0,0,MS_14386,aph(3')-Ia,False,0.07692307692307693,False,0.7948535422438676,0.8550645935707271,False
3177,WP_000007101.1,rhlE,protein,1,1,proteome,2,annotation_mediated,0,0,1,0,0,MS_14386,aph(3')-Ia,False,0.07692307692307693,False,0.7948535422438676,0.8550645935707271,False
3178,WP_000013046.1,pyrB,protein,1,1,proteome,2,annotation_mediated,0,0,1,0,0,MS_14386,aph(3')-Ia,False,0.07692307692307693,False,0.7948535422438676,0.8550645935707271,False
3179,WP_000023081.1,coaA,protein,1,1,proteome,2,annotation_mediated,0,0,1,0,0,MS_14386,aph(3')-Ia,False,0.07692307692307693,False,0.7948535422438676,0.8550645935707271,False
3180,WP_000032689.1,gph,protein,1,1,proteome,2,annotation_mediated,0,0,1,0,0,MS_14386,aph(3')-Ia,False,0.07692307692307693,False,0.7948535422438676,0.8550645935707271,False
3181,WP_000034372.1,fbaA,protein,1,1,proteome,2,annotation_mediated,0,0,1,0,0,MS_14386,aph(3')-Ia,False,0.07692307692307693,False,0.7948535422438676,0.8550645935707271,False
3182,WP_000036723.1,eno,protein,1,1,proteome,2,annotation_mediated,0,0,1,0,0,MS_14386,aph(3')-Ia,False,0.07692307692307693,False,0.7948535422438676,0.8550645935707271,False
3183,WP_000043458.1,gndA,protein,1,1,proteome,2,annotation_mediated,0,0,1,0,0,MS_14386,aph(3')-Ia,False,0.07692307692307693,False,0.7948535422438676,0.8550645935707271,False
3184,WP_000045180.1,udp,protein,1,1,proteome,2,annotation_mediated,0,0,1,0,0,MS_14386,aph(3')-Ia,False,0.07692307692307693,False,0.7948535422438676,0.8550645935707271,False
3185,WP_000056760.1,ulaD,protein,1,1,proteome,2,annotation_mediated,0,0,1,0,0,MS_14386,aph(3')-Ia,False,0.07692307692307693,False,0.7948535422438676,0.8550645935707271,False
3186,WP_000078239.1,acs,protein,1,1,proteome,2,annotation_mediated,0,0,1,0,0,MS_14386,aph(3')-Ia,False,0.07692307692307693,False,0.7948535422438676,0.8550645935707271,False
3187,WP_000096660.1,pdxK,protein,1,1,proteome,2,annotation_mediated,0,0,1,0,0,MS_14386,aph(3')-Ia,False,0.07692307692307693,False,0.7948535422438676,0.8550645935707271,False
3188,WP_000102485.1,lpdA,protein,1,1,proteome,2,annotation_mediated,0,0,1,0,0,MS_14386,aph(3')-Ia,False,0.07692307692307693,False,0.7948535422438676,0.8550645935707271,False
3189,WP_000116566.1,gpmM,protein,1,1,proteome,2,annotation_mediated,0,0,1,0,0,MS_14386,aph(3')-Ia,False,0.07692307692307693,False,0.7948535422438676,0.8550645935707271,False
3190,WP_000122008.1,dnaX,protein,1,1,proteome,2,annotation_mediated,0,0,1,0,0,MS_14386,aph(3')-Ia,False,0.07692307692307693,False,0.7948535422438676,0.8550645935707271,False
3191,WP_000123738.1,dbpA,protein,1,1,proteome,2,annotation_mediated,0,0,1,0,0,MS_14386,aph(3')-Ia,False,0.07692307692307693,False,0.7948535422438676,0.8550645935707271,False
3192,WP_000126556.1,pyrC,protein,1,1,proteome,2,annotation_mediated,0,0,1,0,0,MS_14386,aph(3')-Ia,False,0.07692307692307693,False,0.7948535422438676,0.8550645935707271,False
3193,WP_000127356.1,apt,protein,1,1,proteome,2,annotation_mediated,0,0,1,0,0,MS_14386,aph(3')-Ia,False,0.07692307692307693,False,0.7948535422438676,0.8550645935707271,False
3194,WP_000129551.1,fbaB,protein,1,1,proteome,2,annotation_mediated,0,0,1,0,0,MS_14386,aph(3')-Ia,False,0.07692307692307693,False,0.7948535422438676,0.8550645935707271,False
3195,WP_000130052.1,ddlB,protein,1,1,proteome,2,annotation_mediated,0,0,1,0,0,MS_14386,aph(3')-Ia,False,0.07692307692307693,False,0.7948535422438676,0.8550645935707271,False
3196,WP_000130187.1,tal,protein,1,1,proteome,2,annotation_mediated,0,0,1,0,0,MS_14386,aph(3')-Ia,False,0.07692307692307693,False,0.7948535422438676,0.8550645935707271,False
3197,WP_000131782.1,hisG,protein,1,1,proteome,2,annotation_mediated,0,0,1,0,0,MS_14386,aph(3')-Ia,False,0.07692307692307693,False,0.7948535422438676,0.8550645935707271,False
3198,WP_000138282.1,guaA,protein,1,1,proteome,2,annotation_mediated,0,0,1,0,0,MS_14386,aph(3')-Ia,False,0.07692307692307693,False,0.7948535422438676,0.8550645935707271,False
3199,WP_000148581.1,pyrI,protein,1,1,proteome,2,annotation_mediated,0,0,1,0,0,MS_14386,aph(3')-Ia,False,0.07692307692307693,False,0.7948535422438676,0.8550645935707271,False
3200,WP_000153502.1,gapA,protein,1,1,proteome,2,annotation_mediated,0,0,1,0,0,MS_14386,aph(3')-Ia,False,0.07692307692307693,False,0.7948535422438676,0.8550645935707271,False
3201,WP_000170346.1,glk,protein,1,1,proteome,2,annotation_mediated,0,0,1,0,0,MS_14386,aph(3')-Ia,False,0.07692307692307693,False,0.7948535422438676,0.8550645935707271,False
3202,WP_000173475.1,purT,protein,1,1,proteome,2,annotation_mediated,0,0,1,0,0,MS_14386,aph(3')-Ia,False,0.07692307692307693,False,0.7948535422438676,0.8550645935707271,False
3203,WP_000175009.1,nadE,protein,1,1,proteome,2,annotation_mediated,0,0,1,0,0,MS_14386,aph(3')-Ia,False,0.07692307692307693,False,0.7948535422438676,0.8550645935707271,False
3204,WP_000176283.1,pyrF,protein,1,1,proteome,2,annotation_mediated,0,0,1,0,0,MS_14386,aph(3')-Ia,False,0.07692307692307693,False,0.7948535422438676,0.8550645935707271,False
3205,WP_000186450.1,barA,protein,1,1,proteome,2,annotation_mediated,0,0,1,0,0,MS_14386,aph(3')-Ia,False,0.07692307692307693,False,0.7948535422438676,0.8550645935707271,False
3206,WP_000187776.1,nrdD,protein,1,1,proteome,2,annotation_mediated,0,0,1,0,0,MS_14386,aph(3')-Ia,False,0.07692307692307693,False,0.7948535422438676,0.8550645935707271,False
3207,WP_000190577.1,glnL,protein,1,1,proteome,2,annotation_mediated,0,0,1,0,0,MS_14386,aph(3')-Ia,False,0.07692307692307693,False,0.7948535422438676,0.8550645935707271,False
3208,WP_000202996.1,znuC,protein,1,1,proteome,2,annotation_mediated,0,0,1,0,0,MS_14386,aph(3')-Ia,False,0.07692307692307693,False,0.7948535422438676,0.8550645935707271,False
3209,WP_000209003.1,nanK,protein,1,1,proteome,2,annotation_mediated,0,0,1,0,0,MS_14386,aph(3')-Ia,False,0.07692307692307693,False,0.7948535422438676,0.8550645935707271,False
3210,WP_000224877.1,deoD,protein,1,1,proteome,2,annotation_mediated,0,0,1,0,0,MS_14386,aph(3')-Ia,False,0.07692307692307693,False,0.7948535422438676,0.8550645935707271,False
3211,WP_000226815.1,relA,protein,1,1,proteome,2,annotation_mediated,0,0,1,0,0,MS_14386,aph(3')-Ia,False,0.07692307692307693,False,0.7948535422438676,0.8550645935707271,False
3212,WP_000241660.1,thrB,protein,1,1,proteome,2,annotation_mediated,0,0,1,0,0,MS_14386,aph(3')-Ia,False,0.07692307692307693,False,0.7948535422438676,0.8550645935707271,False
3213,WP_000246536.1,nrdE,protein,1,1,proteome,2,annotation_mediated,0,0,1,0,0,MS_14386,aph(3')-Ia,False,0.07692307692307693,False,0.7948535422438676,0.8550645935707271,False
3214,WP_000251735.1,pfkB,protein,1,1,proteome,2,annotation_mediated,0,0,1,0,0,MS_14386,aph(3')-Ia,False,0.07692307692307693,False,0.7948535422438676,0.8550645935707271,False
3215,WP_000280488.1,spoT,protein,1,1,proteome,2,annotation_mediated,0,0,1,0,0,MS_14386,aph(3')-Ia,False,0.07692307692307693,False,0.7948535422438676,0.8550645935707271,False
3216,WP_000281680.1,cyaA,protein,1,1,proteome,2,annotation_mediated,0,0,1,0,0,MS_14386,aph(3')-Ia,False,0.07692307692307693,False,0.7948535422438676,0.8550645935707271,False
3217,WP_000291292.1,nagK,protein,1,1,proteome,2,annotation_mediated,0,0,1,0,0,MS_14386,aph(3')-Ia,False,0.07692307692307693,False,0.7948535422438676,0.8550645935707271,False
3218,WP_000301727.1,zwf,protein,1,1,proteome,2,annotation_mediated,0,0,1,0,0,MS_14386,aph(3')-Ia,False,0.07692307692307693,False,0.7948535422438676,0.8550645935707271,False
3219,WP_000332036.1,nrdB,protein,1,1,proteome,2,annotation_mediated,0,0,1,0,0,MS_14386,aph(3')-Ia,False,0.07692307692307693,False,0.7948535422438676,0.8550645935707271,False
3220,WP_000334220.1,purF,protein,1,1,proteome,2,annotation_mediated,0,0,1,0,0,MS_14386,aph(3')-Ia,False,0.07692307692307693,False,0.7948535422438676,0.8550645935707271,False
3221,WP_000368046.1,ppsR,protein,1,1,proteome,2,annotation_mediated,0,0,1,0,0,MS_14386,aph(3')-Ia,False,0.07692307692307693,False,0.7948535422438676,0.8550645935707271,False
3222,WP_000383407.1,uvrD,protein,1,1,proteome,2,annotation_mediated,0,0,1,0,0,MS_14386,aph(3')-Ia,False,0.07692307692307693,False,0.7948535422438676,0.8550645935707271,False
3223,WP_000388150.1,xdhA,protein,1,1,proteome,2,annotation_mediated,0,0,1,0,0,MS_14386,aph(3')-Ia,False,0.07692307692307693,False,0.7948535422438676,0.8550645935707271,False
3224,WP_000423729.1,purB,protein,1,1,proteome,2,annotation_mediated,0,0,1,0,0,MS_14386,aph(3')-Ia,False,0.07692307692307693,False,0.7948535422438676,0.8550645935707271,False
3225,WP_000456725.1,nudL,protein,1,1,proteome,2,annotation_mediated,0,0,1,0,0,MS_14386,aph(3')-Ia,False,0.07692307692307693,False,0.7948535422438676,0.8550645935707271,False
3226,WP_000459182.1,xdhB,protein,1,1,proteome,2,annotation_mediated,0,0,1,0,0,MS_14386,aph(3')-Ia,False,0.07692307692307693,False,0.7948535422438676,0.8550645935707271,False
3227,WP_000476093.1,nudJ,protein,1,1,proteome,2,annotation_mediated,0,0,1,0,0,MS_14386,aph(3')-Ia,False,0.07692307692307693,False,0.7948535422438676,0.8550645935707271,False
3228,WP_000477811.1,deoA,protein,1,1,proteome,2,annotation_mediated,0,0,1,0,0,MS_14386,aph(3')-Ia,False,0.07692307692307693,False,0.7948535422438676,0.8550645935707271,False
3229,WP_000527955.1,purA,protein,1,1,proteome,2,annotation_mediated,0,0,1,0,0,MS_14386,aph(3')-Ia,False,0.07692307692307693,False,0.7948535422438676,0.8550645935707271,False
3230,WP_000553555.1,cdd,protein,1,1,proteome,2,annotation_mediated,0,0,1,0,0,MS_14386,aph(3')-Ia,False,0.07692307692307693,False,0.7948535422438676,0.8550645935707271,False
3231,WP_000555853.1,purU,protein,1,1,proteome,2,annotation_mediated,0,0,1,0,0,MS_14386,aph(3')-Ia,False,0.07692307692307693,False,0.7948535422438676,0.8550645935707271,False
3232,WP_000567490.1,add,protein,1,1,proteome,2,annotation_mediated,0,0,1,0,0,MS_14386,aph(3')-Ia,False,0.07692307692307693,False,0.7948535422438676,0.8550645935707271,False
3233,WP_000570540.1,lpxK,protein,1,1,proteome,2,annotation_mediated,0,0,1,0,0,MS_14386,aph(3')-Ia,False,0.07692307692307693,False,0.7948535422438676,0.8550645935707271,False
3234,WP_000583629.1,xdhD,protein,1,1,proteome,2,annotation_mediated,0,0,1,0,0,MS_14386,aph(3')-Ia,False,0.07692307692307693,False,0.7948535422438676,0.8550645935707271,False
3235,WP_000587764.1,rfaD,protein,1,1,proteome,2,annotation_mediated,0,0,1,0,0,MS_14386,aph(3')-Ia,False,0.07692307692307693,False,0.7948535422438676,0.8550645935707271,False
3236,WP_000589450.1,cpdB,protein,1,1,proteome,2,annotation_mediated,0,0,1,0,0,MS_14386,aph(3')-Ia,False,0.07692307692307693,False,0.7948535422438676,0.8550645935707271,False
3237,WP_000593273.1,gshB,protein,1,1,proteome,2,annotation_mediated,0,0,1,0,0,MS_14386,aph(3')-Ia,False,0.07692307692307693,False,0.7948535422438676,0.8550645935707271,False
3238,WP_000597260.1,carA,protein,1,1,proteome,2,annotation_mediated,0,0,1,0,0,MS_14386,aph(3')-Ia,False,0.07692307692307693,False,0.7948535422438676,0.8550645935707271,False
3239,WP_000643328.1,paoB,protein,1,1,proteome,2,annotation_mediated,0,0,1,0,0,MS_14386,aph(3')-Ia,False,0.07692307692307693,False,0.7948535422438676,0.8550645935707271,False
3240,WP_000667319.1,tgt,protein,1,1,proteome,2,annotation_mediated,0,0,1,0,0,MS_14386,aph(3')-Ia,False,0.07692307692307693,False,0.7948535422438676,0.8550645935707271,False
3241,WP_000668685.1,thiI,protein,1,1,proteome,2,annotation_mediated,0,0,1,0,0,MS_14386,aph(3')-Ia,False,0.07692307692307693,False,0.7948535422438676,0.8550645935707271,False
3242,WP_000683335.1,hpt,protein,1,1,proteome,2,annotation_mediated,0,0,1,0,0,MS_14386,aph(3')-Ia,False,0.07692307692307693,False,0.7948535422438676,0.8550645935707271,False
3243,WP_000717694.1,glnB,protein,1,1,proteome,2,annotation_mediated,0,0,1,0,0,MS_14386,aph(3')-Ia,False,0.07692307692307693,False,0.7948535422438676,0.8550645935707271,False
3244,WP_000729117.1,groL,protein,1,1,proteome,2,annotation_mediated,0,0,1,0,0,MS_14386,aph(3')-Ia,False,0.07692307692307693,False,0.7948535422438676,0.8550645935707271,False
3245,WP_000734287.1,speD,protein,1,1,proteome,2,annotation_mediated,0,0,1,0,0,MS_14386,aph(3')-Ia,False,0.07692307692307693,False,0.7948535422438676,0.8550645935707271,False
3246,WP_000742090.1,thiL,protein,1,1,proteome,2,annotation_mediated,0,0,1,0,0,MS_14386,aph(3')-Ia,False,0.07692307692307693,False,0.7948535422438676,0.8550645935707271,False
3247,WP_000763511.1,trpD,protein,1,1,proteome,2,annotation_mediated,0,0,1,0,0,MS_14386,aph(3')-Ia,False,0.07692307692307693,False,0.7948535422438676,0.8550645935707271,False
3248,WP_000767329.1,ribF,protein,1,1,proteome,2,annotation_mediated,0,0,1,0,0,MS_14386,aph(3')-Ia,False,0.07692307692307693,False,0.7948535422438676,0.8550645935707271,False
3249,WP_000771768.1,ushA,protein,1,1,proteome,2,annotation_mediated,0,0,1,0,0,MS_14386,aph(3')-Ia,False,0.07692307692307693,False,0.7948535422438676,0.8550645935707271,False
3250,WP_000790008.1,pgi,protein,1,1,proteome,2,annotation_mediated,0,0,1,0,0,MS_14386,aph(3')-Ia,False,0.07692307692307693,False,0.7948535422438676,0.8550645935707271,False
3251,WP_000799911.1,dnaC,protein,1,1,proteome,2,annotation_mediated,0,0,1,0,0,MS_14386,aph(3')-Ia,False,0.07692307692307693,False,0.7948535422438676,0.8550645935707271,False
3252,WP_000806177.1,pyrE,protein,1,1,proteome,2,annotation_mediated,0,0,1,0,0,MS_14386,aph(3')-Ia,False,0.07692307692307693,False,0.7948535422438676,0.8550645935707271,False
3253,WP_000807125.1,hinT,protein,1,1,proteome,2,annotation_mediated,0,0,1,0,0,MS_14386,aph(3')-Ia,False,0.07692307692307693,False,0.7948535422438676,0.8550645935707271,False
3254,WP_000807362.1,yegS,protein,1,1,proteome,2,annotation_mediated,0,0,1,0,0,MS_14386,aph(3')-Ia,False,0.07692307692307693,False,0.7948535422438676,0.8550645935707271,False
3255,WP_000809774.1,arcB,protein,1,1,proteome,2,annotation_mediated,0,0,1,0,0,MS_14386,aph(3')-Ia,False,0.07692307692307693,False,0.7948535422438676,0.8550645935707271,False
3256,WP_000815435.1,pgl,protein,1,1,proteome,2,annotation_mediated,0,0,1,0,0,MS_14386,aph(3')-Ia,False,0.07692307692307693,False,0.7948535422438676,0.8550645935707271,False
3257,WP_000815551.1,purK,protein,1,1,proteome,2,annotation_mediated,0,0,1,0,0,MS_14386,aph(3')-Ia,False,0.07692307692307693,False,0.7948535422438676,0.8550645935707271,False
3258,WP_000816232.1,thyA,protein,1,1,proteome,2,annotation_mediated,0,0,1,0,0,MS_14386,aph(3')-Ia,False,0.07692307692307693,False,0.7948535422438676,0.8550645935707271,False
3259,WP_000816471.1,deoB,protein,1,1,proteome,2,annotation_mediated,0,0,1,0,0,MS_14386,aph(3')-Ia,False,0.07692307692307693,False,0.7948535422438676,0.8550645935707271,False
3260,WP_000817227.1,queC,protein,1,1,proteome,2,annotation_mediated,0,0,1,0,0,MS_14386,aph(3')-Ia,False,0.07692307692307693,False,0.7948535422438676,0.8550645935707271,False
3261,WP_000835077.1,anmK,protein,1,1,proteome,2,annotation_mediated,0,0,1,0,0,MS_14386,aph(3')-Ia,False,0.07692307692307693,False,0.7948535422438676,0.8550645935707271,False
3262,WP_000838889.1,nadD,protein,1,1,proteome,2,annotation_mediated,0,0,1,0,0,MS_14386,aph(3')-Ia,False,0.07692307692307693,False,0.7948535422438676,0.8550645935707271,False
3263,WP_000845103.1,asnA,protein,1,1,proteome,2,annotation_mediated,0,0,1,0,0,MS_14386,aph(3')-Ia,False,0.07692307692307693,False,0.7948535422438676,0.8550645935707271,False
3264,WP_000852835.1,pspF,protein,1,1,proteome,2,annotation_mediated,0,0,1,0,0,MS_14386,aph(3')-Ia,False,0.07692307692307693,False,0.7948535422438676,0.8550645935707271,False
3265,WP_000866807.1,purD,protein,1,1,proteome,2,annotation_mediated,0,0,1,0,0,MS_14386,aph(3')-Ia,False,0.07692307692307693,False,0.7948535422438676,0.8550645935707271,False
3266,WP_000869178.1,hldE,protein,1,1,proteome,2,annotation_mediated,0,0,1,0,0,MS_14386,aph(3')-Ia,False,0.07692307692307693,False,0.7948535422438676,0.8550645935707271,False
3267,WP_000896498.1,atpG,protein,1,1,proteome,2,annotation_mediated,0,0,1,0,0,MS_14386,aph(3')-Ia,False,0.07692307692307693,False,0.7948535422438676,0.8550645935707271,False
3268,WP_000906274.1,ssnA,protein,1,1,proteome,2,annotation_mediated,0,0,1,0,0,MS_14386,aph(3')-Ia,False,0.07692307692307693,False,0.7948535422438676,0.8550645935707271,False
3269,WP_000912345.1,cysS,protein,1,1,proteome,2,annotation_mediated,0,0,1,0,0,MS_14386,aph(3')-Ia,False,0.07692307692307693,False,0.7948535422438676,0.8550645935707271,False
3270,WP_000913396.1,mreB,protein,1,1,proteome,2,annotation_mediated,0,0,1,0,0,MS_14386,aph(3')-Ia,False,0.07692307692307693,False,0.7948535422438676,0.8550645935707271,False
3271,WP_000918363.1,dnaB,protein,1,1,proteome,2,annotation_mediated,0,0,1,0,0,MS_14386,aph(3')-Ia,False,0.07692307692307693,False,0.7948535422438676,0.8550645935707271,False
3272,WP_000919226.1,bioD,protein,1,1,proteome,2,annotation_mediated,0,0,1,0,0,MS_14386,aph(3')-Ia,False,0.07692307692307693,False,0.7948535422438676,0.8550645935707271,False
3273,WP_000934041.1,clpA,protein,1,1,proteome,2,annotation_mediated,0,0,1,0,0,MS_14386,aph(3')-Ia,False,0.07692307692307693,False,0.7948535422438676,0.8550645935707271,False
3274,WP_000942344.1,gpmB,protein,1,1,proteome,2,annotation_mediated,0,0,1,0,0,MS_14386,aph(3')-Ia,False,0.07692307692307693,False,0.7948535422438676,0.8550645935707271,False
3275,WP_000951778.1,araB,protein,1,1,proteome,2,annotation_mediated,0,0,1,0,0,MS_14386,aph(3')-Ia,False,0.07692307692307693,False,0.7948535422438676,0.8550645935707271,False
3276,WP_000954878.1,hisIE,protein,1,1,proteome,2,annotation_mediated,0,0,1,0,0,MS_14386,aph(3')-Ia,False,0.07692307692307693,False,0.7948535422438676,0.8550645935707271,False
3277,WP_000956043.1,preA,protein,1,1,proteome,2,annotation_mediated,0,0,1,0,0,MS_14386,aph(3')-Ia,False,0.07692307692307693,False,0.7948535422438676,0.8550645935707271,False
3278,WP_000963143.1,recA,protein,1,1,proteome,2,annotation_mediated,0,0,1,0,0,MS_14386,aph(3')-Ia,False,0.07692307692307693,False,0.7948535422438676,0.8550645935707271,False
3279,EW035_RS00250,yicI,gene,1,1,genome,2,annotation_mediated,0,0,1,0,1,MS_14386,floR,False,0.07692307692307693,False,0.8548868624143,0.8550645935707271,False
3280,EW035_RS00550,mtlA,gene,1,1,genome,2,annotation_mediated,0,0,1,0,1,MS_14386,floR,False,0.07692307692307693,False,0.8548868624143,0.8550645935707271,False
3281,EW035_RS00925,bcsZ,gene,1,1,genome,2,annotation_mediated,0,0,1,0,1,MS_14386,floR,False,0.07692307692307693,False,0.8548868624143,0.8550645935707271,False
3282,EW035_RS01075,arsC,gene,1,1,genome,2,annotation_mediated,0,0,1,0,1,MS_14386,floR,False,0.07692307692307693,False,0.8548868624143,0.8550645935707271,False
3283,EW035_RS01135,pitA,gene,1,1,genome,2,annotation_mediated,0,0,1,0,1,MS_14386,floR,False,0.07692307692307693,False,0.8548868624143,0.8550645935707271,False
3284,EW035_RS01225,silP,gene,1,1,genome,2,annotation_mediated,0,0,1,0,1,MS_14386,floR,False,0.07692307692307693,False,0.8548868624143,0.8550645935707271,False
3285,EW035_RS01380,zntA,gene,1,1,genome,2,annotation_mediated,0,0,1,0,1,MS_14386,floR,False,0.07692307692307693,False,0.8548868624143,0.8550645935707271,False
3286,EW035_RS01630,gntT,gene,1,1,genome,2,annotation_mediated,0,0,1,0,1,MS_14386,floR,False,0.07692307692307693,False,0.8548868624143,0.8550645935707271,False
3287,EW035_RS01660,feoB,gene,1,1,genome,2,annotation_mediated,0,0,1,0,1,MS_14386,floR,False,0.07692307692307693,False,0.8548868624143,0.8550645935707271,False
3288,EW035_RS01665,feoA,gene,1,1,genome,2,annotation_mediated,0,0,1,0,1,MS_14386,floR,False,0.07692307692307693,False,0.8548868624143,0.8550645935707271,False
3289,EW035_RS02005,bfd,gene,1,1,genome,2,annotation_mediated,0,0,1,0,1,MS_14386,floR,False,0.07692307692307693,False,0.8548868624143,0.8550645935707271,False
3290,EW035_RS02010,bfr,gene,1,1,genome,2,annotation_mediated,0,0,1,0,1,MS_14386,floR,False,0.07692307692307693,False,0.8548868624143,0.8550645935707271,False
3291,EW035_RS02245,trkA,gene,1,1,genome,2,annotation_mediated,0,0,1,0,1,MS_14386,floR,False,0.07692307692307693,False,0.8548868624143,0.8550645935707271,False
3292,EW035_RS02590,nanQ,gene,1,1,genome,2,annotation_mediated,0,0,1,0,1,MS_14386,floR,False,0.07692307692307693,False,0.8548868624143,0.8550645935707271,False
3293,EW035_RS02650,ptsN,gene,1,1,genome,2,annotation_mediated,0,0,1,0,1,MS_14386,floR,False,0.07692307692307693,False,0.8548868624143,0.8550645935707271,False
3294,EW035_RS02915,yraR,gene,1,1,genome,2,annotation_mediated,0,0,1,0,1,MS_14386,floR,False,0.07692307692307693,False,0.8548868624143,0.8550645935707271,False
3295,EW035_RS02995,agaS,gene,1,1,genome,2,annotation_mediated,0,0,1,0,1,MS_14386,floR,False,0.07692307692307693,False,0.8548868624143,0.8550645935707271,False
3296,EW035_RS03055,garL,gene,1,1,genome,2,annotation_mediated,0,0,1,0,1,MS_14386,floR,False,0.07692307692307693,False,0.8548868624143,0.8550645935707271,False
3297,EW035_RS03345,nfeF,gene,1,1,genome,2,annotation_mediated,0,0,1,0,1,MS_14386,floR,False,0.07692307692307693,False,0.8548868624143,0.8550645935707271,False
3298,EW035_RS05025,fucI,gene,1,1,genome,2,annotation_mediated,0,0,1,0,1,MS_14386,floR,False,0.07692307692307693,False,0.8548868624143,0.8550645935707271,False
3299,EW035_RS05365,ygbL,gene,1,1,genome,2,annotation_mediated,0,0,1,0,1,MS_14386,floR,False,0.07692307692307693,False,0.8548868624143,0.8550645935707271,False
3300,EW035_RS05725,ygaP,gene,1,1,genome,2,annotation_mediated,0,0,1,0,1,MS_14386,floR,False,0.07692307692307693,False,0.8548868624143,0.8550645935707271,False
3301,EW035_RS05855,yfjD,gene,1,1,genome,2,annotation_mediated,0,0,1,0,1,MS_14386,floR,False,0.07692307692307693,False,0.8548868624143,0.8550645935707271,False
3302,EW035_RS06445,arsC,gene,1,1,genome,2,annotation_mediated,0,0,1,0,1,MS_14386,floR,False,0.07692307692307693,False,0.8548868624143,0.8550645935707271,False
3303,EW035_RS06585,yffB,gene,1,1,genome,2,annotation_mediated,0,0,1,0,1,MS_14386,floR,False,0.07692307692307693,False,0.8548868624143,0.8550645935707271,False
3304,EW035_RS06815,ptsI,gene,1,1,genome,2,annotation_mediated,0,0,1,0,1,MS_14386,floR,False,0.07692307692307693,False,0.8548868624143,0.8550645935707271,False
3305,EW035_RS07675,glpT,gene,1,1,genome,2,annotation_mediated,0,0,1,0,1,MS_14386,floR,False,0.07692307692307693,False,0.8548868624143,0.8550645935707271,False
3306,EW035_RS07815,yojI,gene,1,1,genome,2,annotation_mediated,0,0,1,0,1,MS_14386,floR,False,0.07692307692307693,False,0.8548868624143,0.8550645935707271,False
3307,EW035_RS07910,ccmH,gene,1,1,genome,2,annotation_mediated,0,0,1,0,1,MS_14386,floR,False,0.07692307692307693,False,0.8548868624143,0.8550645935707271,False
3308,EW035_RS07975,yejF,gene,1,1,genome,2,annotation_mediated,0,0,1,0,1,MS_14386,floR,False,0.07692307692307693,False,0.8548868624143,0.8550645935707271,False
3309,EW035_RS08110,cirA,gene,1,1,genome,2,annotation_mediated,0,0,1,0,1,MS_14386,floR,False,0.07692307692307693,False,0.8548868624143,0.8550645935707271,False
3310,EW035_RS08135,mglB,gene,1,1,genome,2,annotation_mediated,0,0,1,0,1,MS_14386,floR,False,0.07692307692307693,False,0.8548868624143,0.8550645935707271,False
3311,EW035_RS08140,mglA,gene,1,1,genome,2,annotation_mediated,0,0,1,0,1,MS_14386,floR,False,0.07692307692307693,False,0.8548868624143,0.8550645935707271,False
3312,EW035_RS08145,mglC,gene,1,1,genome,2,annotation_mediated,0,0,1,0,1,MS_14386,floR,False,0.07692307692307693,False,0.8548868624143,0.8550645935707271,False
3313,EW035_RS08225,bglX,gene,1,1,genome,2,annotation_mediated,0,0,1,0,1,MS_14386,floR,False,0.07692307692307693,False,0.8548868624143,0.8550645935707271,False
3314,EW035_RS08565,yegH,gene,1,1,genome,2,annotation_mediated,0,0,1,0,1,MS_14386,floR,False,0.07692307692307693,False,0.8548868624143,0.8550645935707271,False
3315,EW035_RS08690,nan,gene,1,1,genome,2,annotation_mediated,0,0,1,0,1,MS_14386,floR,False,0.07692307692307693,False,0.8548868624143,0.8550645935707271,False
3316,EW035_RS08695,nan,gene,1,1,genome,2,annotation_mediated,0,0,1,0,1,MS_14386,floR,False,0.07692307692307693,False,0.8548868624143,0.8550645935707271,False
3317,EW035_RS08710,nan,gene,1,1,genome,2,annotation_mediated,0,0,1,0,1,MS_14386,floR,False,0.07692307692307693,False,0.8548868624143,0.8550645935707271,False
3318,EW035_RS08765,wzt,gene,1,1,genome,2,annotation_mediated,0,0,1,0,1,MS_14386,floR,False,0.07692307692307693,False,0.8548868624143,0.8550645935707271,False
3319,EW035_RS08845,yeeZ,gene,1,1,genome,2,annotation_mediated,0,0,1,0,1,MS_14386,floR,False,0.07692307692307693,False,0.8548868624143,0.8550645935707271,False
3320,EW035_RS09490,amyA,gene,1,1,genome,2,annotation_mediated,0,0,1,0,1,MS_14386,floR,False,0.07692307692307693,False,0.8548868624143,0.8550645935707271,False
3321,EW035_RS09535,tcyL,gene,1,1,genome,2,annotation_mediated,0,0,1,0,1,MS_14386,floR,False,0.07692307692307693,False,0.8548868624143,0.8550645935707271,False
3322,EW035_RS09540,tcyN,gene,1,1,genome,2,annotation_mediated,0,0,1,0,1,MS_14386,floR,False,0.07692307692307693,False,0.8548868624143,0.8550645935707271,False
3323,EW035_RS09605,ftnA,gene,1,1,genome,2,annotation_mediated,0,0,1,0,1,MS_14386,floR,False,0.07692307692307693,False,0.8548868624143,0.8550645935707271,False
3324,EW035_RS09630,araF,gene,1,1,genome,2,annotation_mediated,0,0,1,0,1,MS_14386,floR,False,0.07692307692307693,False,0.8548868624143,0.8550645935707271,False
3325,EW035_RS09645,otsB,gene,1,1,genome,2,annotation_mediated,0,0,1,0,1,MS_14386,floR,False,0.07692307692307693,False,0.8548868624143,0.8550645935707271,False
3326,EW035_RS09650,otsA,gene,1,1,genome,2,annotation_mediated,0,0,1,0,1,MS_14386,floR,False,0.07692307692307693,False,0.8548868624143,0.8550645935707271,False
3327,EW035_RS09750,cutC,gene,1,1,genome,2,annotation_mediated,0,0,1,0,1,MS_14386,floR,False,0.07692307692307693,False,0.8548868624143,0.8550645935707271,False
3328,EW035_RS09845,znuC,gene,1,1,genome,2,annotation_mediated,0,0,1,0,1,MS_14386,floR,False,0.07692307692307693,False,0.8548868624143,0.8550645935707271,False
3329,EW035_RS09850,znuA,gene,1,1,genome,2,annotation_mediated,0,0,1,0,1,MS_14386,floR,False,0.07692307692307693,False,0.8548868624143,0.8550645935707271,False
3330,EW035_RS09885,kdgA,gene,1,1,genome,2,annotation_mediated,0,0,1,0,1,MS_14386,floR,False,0.07692307692307693,False,0.8548868624143,0.8550645935707271,False
3331,EW035_RS10045,manZ,gene,1,1,genome,2,annotation_mediated,0,0,1,0,1,MS_14386,floR,False,0.07692307692307693,False,0.8548868624143,0.8550645935707271,False
3332,EW035_RS10050,manY,gene,1,1,genome,2,annotation_mediated,0,0,1,0,1,MS_14386,floR,False,0.07692307692307693,False,0.8548868624143,0.8550645935707271,False
3333,EW035_RS10055,manX,gene,1,1,genome,2,annotation_mediated,0,0,1,0,1,MS_14386,floR,False,0.07692307692307693,False,0.8548868624143,0.8550645935707271,False
3334,EW035_RS10060,yoaE,gene,1,1,genome,2,annotation_mediated,0,0,1,0,1,MS_14386,floR,False,0.07692307692307693,False,0.8548868624143,0.8550645935707271,False
3335,EW035_RS10155,yeaR,gene,1,1,genome,2,annotation_mediated,0,0,1,0,1,MS_14386,floR,False,0.07692307692307693,False,0.8548868624143,0.8550645935707271,False
3336,EW035_RS10430,spy,gene,1,1,genome,2,annotation_mediated,0,0,1,0,1,MS_14386,floR,False,0.07692307692307693,False,0.8548868624143,0.8550645935707271,False
3337,EW035_RS10460,chbB,gene,1,1,genome,2,annotation_mediated,0,0,1,0,1,MS_14386,floR,False,0.07692307692307693,False,0.8548868624143,0.8550645935707271,False
3338,EW035_RS10530,yniA,gene,1,1,genome,2,annotation_mediated,0,0,1,0,1,MS_14386,floR,False,0.07692307692307693,False,0.8548868624143,0.8550645935707271,False
3339,EW035_RS10645,ppsA,gene,1,1,genome,2,annotation_mediated,0,0,1,0,1,MS_14386,floR,False,0.07692307692307693,False,0.8548868624143,0.8550645935707271,False
3340,EW035_RS10750,sufC,gene,1,1,genome,2,annotation_mediated,0,0,1,0,1,MS_14386,floR,False,0.07692307692307693,False,0.8548868624143,0.8550645935707271,False
3341,EW035_RS10935,sodC,gene,1,1,genome,2,annotation_mediated,0,0,1,0,1,MS_14386,floR,False,0.07692307692307693,False,0.8548868624143,0.8550645935707271,False
3342,EW035_RS11090,uidA,gene,1,1,genome,2,annotation_mediated,0,0,1,0,1,MS_14386,floR,False,0.07692307692307693,False,0.8548868624143,0.8550645935707271,False
3343,EW035_RS11435,uxaB,gene,1,1,genome,2,annotation_mediated,0,0,1,0,1,MS_14386,floR,False,0.07692307692307693,False,0.8548868624143,0.8550645935707271,False
3344,EW035_RS11460,lsrB,gene,1,1,genome,2,annotation_mediated,0,0,1,0,1,MS_14386,floR,False,0.07692307692307693,False,0.8548868624143,0.8550645935707271,False
3345,EW035_RS11560,ydeN,gene,1,1,genome,2,annotation_mediated,0,0,1,0,1,MS_14386,floR,False,0.07692307692307693,False,0.8548868624143,0.8550645935707271,False
3346,EW035_RS11915,pqqU,gene,1,1,genome,2,annotation_mediated,0,0,1,0,1,MS_14386,floR,False,0.07692307692307693,False,0.8548868624143,0.8550645935707271,False
3347,EW035_RS11980,ydcS,gene,1,1,genome,2,annotation_mediated,0,0,1,0,1,MS_14386,floR,False,0.07692307692307693,False,0.8548868624143,0.8550645935707271,False
3348,EW035_RS12060,opgD,gene,1,1,genome,2,annotation_mediated,0,0,1,0,1,MS_14386,floR,False,0.07692307692307693,False,0.8548868624143,0.8550645935707271,False
3349,EW035_RS12295,zntB,gene,1,1,genome,2,annotation_mediated,0,0,1,0,1,MS_14386,floR,False,0.07692307692307693,False,0.8548868624143,0.8550645935707271,False
3350,EW035_RS12470,pspE,gene,1,1,genome,2,annotation_mediated,0,0,1,0,1,MS_14386,floR,False,0.07692307692307693,False,0.8548868624143,0.8550645935707271,False
3351,EW035_RS12560,sapD,gene,1,1,genome,2,annotation_mediated,0,0,1,0,1,MS_14386,floR,False,0.07692307692307693,False,0.8548868624143,0.8550645935707271,False
3352,EW035_RS12565,sapF,gene,1,1,genome,2,annotation_mediated,0,0,1,0,1,MS_14386,floR,False,0.07692307692307693,False,0.8548868624143,0.8550645935707271,False
3353,EW035_RS12625,lapB,gene,1,1,genome,2,annotation_mediated,0,0,1,0,1,MS_14386,floR,False,0.07692307692307693,False,0.8548868624143,0.8550645935707271,False
3354,EW035_RS12805,kch,gene,1,1,genome,2,annotation_mediated,0,0,1,0,1,MS_14386,floR,False,0.07692307692307693,False,0.8548868624143,0.8550645935707271,False
3355,EW035_RS12935,narK,gene,1,1,genome,2,annotation_mediated,0,0,1,0,1,MS_14386,floR,False,0.07692307692307693,False,0.8548868624143,0.8550645935707271,False
3356,EW035_RS12955,ychN,gene,1,1,genome,2,annotation_mediated,0,0,1,0,1,MS_14386,floR,False,0.07692307692307693,False,0.8548868624143,0.8550645935707271,False
3357,EW035_RS12960,chaC,gene,1,1,genome,2,annotation_mediated,0,0,1,0,1,MS_14386,floR,False,0.07692307692307693,False,0.8548868624143,0.8550645935707271,False
3358,EW035_RS13035,dauA,gene,1,1,genome,2,annotation_mediated,0,0,1,0,1,MS_14386,floR,False,0.07692307692307693,False,0.8548868624143,0.8550645935707271,False
3359,EW035_RS13065,dhaK,gene,1,1,genome,2,annotation_mediated,0,0,1,0,1,MS_14386,floR,False,0.07692307692307693,False,0.8548868624143,0.8550645935707271,False
3360,EW035_RS13075,dhaM,gene,1,1,genome,2,annotation_mediated,0,0,1,0,1,MS_14386,floR,False,0.07692307692307693,False,0.8548868624143,0.8550645935707271,False
3361,EW035_RS13080,treA,gene,1,1,genome,2,annotation_mediated,0,0,1,0,1,MS_14386,floR,False,0.07692307692307693,False,0.8548868624143,0.8550645935707271,False
3362,EW035_RS13135,nhaB,gene,1,1,genome,2,annotation_mediated,0,0,1,0,1,MS_14386,floR,False,0.07692307692307693,False,0.8548868624143,0.8550645935707271,False
3363,EW035_RS13340,potA,gene,1,1,genome,2,annotation_mediated,0,0,1,0,1,MS_14386,floR,False,0.07692307692307693,False,0.8548868624143,0.8550645935707271,False
3364,EW035_RS13355,potD,gene,1,1,genome,2,annotation_mediated,0,0,1,0,1,MS_14386,floR,False,0.07692307692307693,False,0.8548868624143,0.8550645935707271,False
3365,EW035_RS13455,ptsG,gene,1,1,genome,2,annotation_mediated,0,0,1,0,1,MS_14386,floR,False,0.07692307692307693,False,0.8548868624143,0.8550645935707271,False
3366,EW035_RS13715,mdoG,gene,1,1,genome,2,annotation_mediated,0,0,1,0,1,MS_14386,floR,False,0.07692307692307693,False,0.8548868624143,0.8550645935707271,False
3367,EW035_RS13820,efeO,gene,1,1,genome,2,annotation_mediated,0,0,1,0,1,MS_14386,floR,False,0.07692307692307693,False,0.8548868624143,0.8550645935707271,False
3368,EW035_RS14110,mgsA,gene,1,1,genome,2,annotation_mediated,0,0,1,0,1,MS_14386,floR,False,0.07692307692307693,False,0.8548868624143,0.8550645935707271,False
3369,EW035_RS14290,gloC,gene,1,1,genome,2,annotation_mediated,0,0,1,0,1,MS_14386,floR,False,0.07692307692307693,False,0.8548868624143,0.8550645935707271,False
3370,EW035_RS14405,focA,gene,1,1,genome,2,annotation_mediated,0,0,1,0,1,MS_14386,floR,False,0.07692307692307693,False,0.8548868624143,0.8550645935707271,False
3371,EW035_RS14700,cydD,gene,1,1,genome,2,annotation_mediated,0,0,1,0,1,MS_14386,floR,False,0.07692307692307693,False,0.8548868624143,0.8550645935707271,False
3372,EW035_RS14705,cydC,gene,1,1,genome,2,annotation_mediated,0,0,1,0,1,MS_14386,floR,False,0.07692307692307693,False,0.8548868624143,0.8550645935707271,False
3373,EW035_RS14790,ybjT,gene,1,1,genome,2,annotation_mediated,0,0,1,0,1,MS_14386,floR,False,0.07692307692307693,False,0.8548868624143,0.8550645935707271,False
3374,EW035_RS14815,artP,gene,1,1,genome,2,annotation_mediated,0,0,1,0,1,MS_14386,floR,False,0.07692307692307693,False,0.8548868624143,0.8550645935707271,False
3375,EW035_RS14825,artQ,gene,1,1,genome,2,annotation_mediated,0,0,1,0,1,MS_14386,floR,False,0.07692307692307693,False,0.8548868624143,0.8550645935707271,False
3376,EW035_RS14830,artM,gene,1,1,genome,2,annotation_mediated,0,0,1,0,1,MS_14386,floR,False,0.07692307692307693,False,0.8548868624143,0.8550645935707271,False
3377,EW035_RS14860,potG,gene,1,1,genome,2,annotation_mediated,0,0,1,0,1,MS_14386,floR,False,0.07692307692307693,False,0.8548868624143,0.8550645935707271,False
3378,EW035_RS14865,potF,gene,1,1,genome,2,annotation_mediated,0,0,1,0,1,MS_14386,floR,False,0.07692307692307693,False,0.8548868624143,0.8550645935707271,False
3379,EW035_RS15220,gsiA,gene,1,1,genome,2,annotation_mediated,0,0,1,0,1,MS_14386,floR,False,0.07692307692307693,False,0.8548868624143,0.8550645935707271,False
3380,EW035_RS15240,fsa,gene,1,1,genome,2,annotation_mediated,0,0,1,0,1,MS_14386,floR,False,0.07692307692307693,False,0.8548868624143,0.8550645935707271,False
3381,EW035_RS15325,dps,gene,1,1,genome,2,annotation_mediated,0,0,1,0,1,MS_14386,floR,False,0.07692307692307693,False,0.8548868624143,0.8550645935707271,False
3382,EW035_RS15335,glnP,gene,1,1,genome,2,annotation_mediated,0,0,1,0,1,MS_14386,floR,False,0.07692307692307693,False,0.8548868624143,0.8550645935707271,False
3383,EW035_RS15360,fiu,gene,1,1,genome,2,annotation_mediated,0,0,1,0,1,MS_14386,floR,False,0.07692307692307693,False,0.8548868624143,0.8550645935707271,False
3384,EW035_RS15415,ybhF,gene,1,1,genome,2,annotation_mediated,0,0,1,0,1,MS_14386,floR,False,0.07692307692307693,False,0.8548868624143,0.8550645935707271,False
3385,EW035_RS15585,modA,gene,1,1,genome,2,annotation_mediated,0,0,1,0,1,MS_14386,floR,False,0.07692307692307693,False,0.8548868624143,0.8550645935707271,False
3386,EW035_RS15600,modF,gene,1,1,genome,2,annotation_mediated,0,0,1,0,1,MS_14386,floR,False,0.07692307692307693,False,0.8548868624143,0.8550645935707271,False
3387,EW035_RS15615,galK,gene,1,1,genome,2,annotation_mediated,0,0,1,0,1,MS_14386,floR,False,0.07692307692307693,False,0.8548868624143,0.8550645935707271,False
3388,EW035_RS16015,kdpC,gene,1,1,genome,2,annotation_mediated,0,0,1,0,1,MS_14386,floR,False,0.07692307692307693,False,0.8548868624143,0.8550645935707271,False
3389,EW035_RS16100,nagE,gene,1,1,genome,2,annotation_mediated,0,0,1,0,1,MS_14386,floR,False,0.07692307692307693,False,0.8548868624143,0.8550645935707271,False
3390,EW035_RS16120,nagD,gene,1,1,genome,2,annotation_mediated,0,0,1,0,1,MS_14386,floR,False,0.07692307692307693,False,0.8548868624143,0.8550645935707271,False
3391,EW035_RS16185,corC,gene,1,1,genome,2,annotation_mediated,0,0,1,0,1,MS_14386,floR,False,0.07692307692307693,False,0.8548868624143,0.8550645935707271,False
3392,EW035_RS16220,gltL,gene,1,1,genome,2,annotation_mediated,0,0,1,0,1,MS_14386,floR,False,0.07692307692307693,False,0.8548868624143,0.8550645935707271,False
3393,EW035_RS16370,dcuC,gene,1,1,genome,2,annotation_mediated,0,0,1,0,1,MS_14386,floR,False,0.07692307692307693,False,0.8548868624143,0.8550645935707271,False
3394,EW035_RS16515,fepB,gene,1,1,genome,2,annotation_mediated,0,0,1,0,1,MS_14386,floR,False,0.07692307692307693,False,0.8548868624143,0.8550645935707271,False
3395,EW035_RS16535,fepC,gene,1,1,genome,2,annotation_mediated,0,0,1,0,1,MS_14386,floR,False,0.07692307692307693,False,0.8548868624143,0.8550645935707271,False
3396,EW035_RS16560,fepA,gene,1,1,genome,2,annotation_mediated,0,0,1,0,1,MS_14386,floR,False,0.07692307692307693,False,0.8548868624143,0.8550645935707271,False
3397,EW035_RS16830,ybbA,gene,1,1,genome,2,annotation_mediated,0,0,1,0,1,MS_14386,floR,False,0.07692307692307693,False,0.8548868624143,0.8550645935707271,False
3398,EW035_RS16855,fetA,gene,1,1,genome,2,annotation_mediated,0,0,1,0,1,MS_14386,floR,False,0.07692307692307693,False,0.8548868624143,0.8550645935707271,False
3399,EW035_RS16885,copA,gene,1,1,genome,2,annotation_mediated,0,0,1,0,1,MS_14386,floR,False,0.07692307692307693,False,0.8548868624143,0.8550645935707271,False
3400,EW035_RS16920,ybaL,gene,1,1,genome,2,annotation_mediated,0,0,1,0,1,MS_14386,floR,False,0.07692307692307693,False,0.8548868624143,0.8550645935707271,False
3401,EW035_RS17055,amtB,gene,1,1,genome,2,annotation_mediated,0,0,1,0,1,MS_14386,floR,False,0.07692307692307693,False,0.8548868624143,0.8550645935707271,False
3402,EW035_RS17070,mdlA,gene,1,1,genome,2,annotation_mediated,0,0,1,0,1,MS_14386,floR,False,0.07692307692307693,False,0.8548868624143,0.8550645935707271,False
3403,EW035_RS17295,malZ,gene,1,1,genome,2,annotation_mediated,0,0,1,0,1,MS_14386,floR,False,0.07692307692307693,False,0.8548868624143,0.8550645935707271,False
3404,EW035_RS17570,lacZ,gene,1,1,genome,2,annotation_mediated,0,0,1,0,1,MS_14386,floR,False,0.07692307692307693,False,0.8548868624143,0.8550645935707271,False
3405,EW035_RS17635,prpB,gene,1,1,genome,2,annotation_mediated,0,0,1,0,1,MS_14386,floR,False,0.07692307692307693,False,0.8548868624143,0.8550645935707271,False
3406,EW035_RS18275,lpcA,gene,1,1,genome,2,annotation_mediated,0,0,1,0,1,MS_14386,floR,False,0.07692307692307693,False,0.8548868624143,0.8550645935707271,False
3407,EW035_RS18550,metN,gene,1,1,genome,2,annotation_mediated,0,0,1,0,1,MS_14386,floR,False,0.07692307692307693,False,0.8548868624143,0.8550645935707271,False
3408,EW035_RS18555,metI,gene,1,1,genome,2,annotation_mediated,0,0,1,0,1,MS_14386,floR,False,0.07692307692307693,False,0.8548868624143,0.8550645935707271,False
3409,EW035_RS18560,metQ,gene,1,1,genome,2,annotation_mediated,0,0,1,0,1,MS_14386,floR,False,0.07692307692307693,False,0.8548868624143,0.8550645935707271,False
3410,EW035_RS18585,nlpE,gene,1,1,genome,2,annotation_mediated,0,0,1,0,1,MS_14386,floR,False,0.07692307692307693,False,0.8548868624143,0.8550645935707271,False
3411,EW035_RS18750,btuF,gene,1,1,genome,2,annotation_mediated,0,0,1,0,1,MS_14386,floR,False,0.07692307692307693,False,0.8548868624143,0.8550645935707271,False
3412,EW035_RS18770,clcA,gene,1,1,genome,2,annotation_mediated,0,0,1,0,1,MS_14386,floR,False,0.07692307692307693,False,0.8548868624143,0.8550645935707271,False
3413,EW035_RS18790,fhuC,gene,1,1,genome,2,annotation_mediated,0,0,1,0,1,MS_14386,floR,False,0.07692307692307693,False,0.8548868624143,0.8550645935707271,False
3414,EW035_RS18795,fhuA,gene,1,1,genome,2,annotation_mediated,0,0,1,0,1,MS_14386,floR,False,0.07692307692307693,False,0.8548868624143,0.8550645935707271,False
3415,EW035_RS18895,yadE,gene,1,1,genome,2,annotation_mediated,0,0,1,0,1,MS_14386,floR,False,0.07692307692307693,False,0.8548868624143,0.8550645935707271,False
3416,EW035_RS19200,thiB,gene,1,1,genome,2,annotation_mediated,0,0,1,0,1,MS_14386,floR,False,0.07692307692307693,False,0.8548868624143,0.8550645935707271,False
3417,EW035_RS19230,araA,gene,1,1,genome,2,annotation_mediated,0,0,1,0,1,MS_14386,floR,False,0.07692307692307693,False,0.8548868624143,0.8550645935707271,False
3418,EW035_RS19280,apaG,gene,1,1,genome,2,annotation_mediated,0,0,1,0,1,MS_14386,floR,False,0.07692307692307693,False,0.8548868624143,0.8550645935707271,False
3419,EW035_RS19295,kefC,gene,1,1,genome,2,annotation_mediated,0,0,1,0,1,MS_14386,floR,False,0.07692307692307693,False,0.8548868624143,0.8550645935707271,False
3420,EW035_RS19440,nhaA,gene,1,1,genome,2,annotation_mediated,0,0,1,0,1,MS_14386,floR,False,0.07692307692307693,False,0.8548868624143,0.8550645935707271,False
3421,EW035_RS19975,uxuB,gene,1,1,genome,2,annotation_mediated,0,0,1,0,1,MS_14386,floR,False,0.07692307692307693,False,0.8548868624143,0.8550645935707271,False
3422,EW035_RS19980,uxuA,gene,1,1,genome,2,annotation_mediated,0,0,1,0,1,MS_14386,floR,False,0.07692307692307693,False,0.8548868624143,0.8550645935707271,False
3423,EW035_RS20410,tabA,gene,1,1,genome,2,annotation_mediated,0,0,1,0,1,MS_14386,floR,False,0.07692307692307693,False,0.8548868624143,0.8550645935707271,False
3424,EW035_RS20445,mgtA,gene,1,1,genome,2,annotation_mediated,0,0,1,0,1,MS_14386,floR,False,0.07692307692307693,False,0.8548868624143,0.8550645935707271,False
3425,EW035_RS20520,ytfQ,gene,1,1,genome,2,annotation_mediated,0,0,1,0,1,MS_14386,floR,False,0.07692307692307693,False,0.8548868624143,0.8550645935707271,False
3426,EW035_RS20560,paeA,gene,1,1,genome,2,annotation_mediated,0,0,1,0,1,MS_14386,floR,False,0.07692307692307693,False,0.8548868624143,0.8550645935707271,False
3427,EW035_RS20590,qorB,gene,1,1,genome,2,annotation_mediated,0,0,1,0,1,MS_14386,floR,False,0.07692307692307693,False,0.8548868624143,0.8550645935707271,False
3428,EW035_RS20705,ulaB,gene,1,1,genome,2,annotation_mediated,0,0,1,0,1,MS_14386,floR,False,0.07692307692307693,False,0.8548868624143,0.8550645935707271,False
3429,EW035_RS21005,cutA,gene,1,1,genome,2,annotation_mediated,0,0,1,0,1,MS_14386,floR,False,0.07692307692307693,False,0.8548868624143,0.8550645935707271,False
3430,EW035_RS21100,melA,gene,1,1,genome,2,annotation_mediated,0,0,1,0,1,MS_14386,floR,False,0.07692307692307693,False,0.8548868624143,0.8550645935707271,False
3431,EW035_RS21160,yjdM,gene,1,1,genome,2,annotation_mediated,0,0,1,0,1,MS_14386,floR,False,0.07692307692307693,False,0.8548868624143,0.8550645935707271,False
3432,EW035_RS21335,actP,gene,1,1,genome,2,annotation_mediated,0,0,1,0,1,MS_14386,floR,False,0.07692307692307693,False,0.8548868624143,0.8550645935707271,False
3433,EW035_RS21345,yjcE,gene,1,1,genome,2,annotation_mediated,0,0,1,0,1,MS_14386,floR,False,0.07692307692307693,False,0.8548868624143,0.8550645935707271,False
3434,EW035_RS21445,zur,gene,1,1,genome,2,annotation_mediated,0,0,1,0,1,MS_14386,floR,False,0.07692307692307693,False,0.8548868624143,0.8550645935707271,False
3435,EW035_RS21500,malK,gene,1,1,genome,2,annotation_mediated,0,0,1,0,1,MS_14386,floR,False,0.07692307692307693,False,0.8548868624143,0.8550645935707271,False
3436,EW035_RS21505,malE,gene,1,1,genome,2,annotation_mediated,0,0,1,0,1,MS_14386,floR,False,0.07692307692307693,False,0.8548868624143,0.8550645935707271,False
3437,EW035_RS21510,malF,gene,1,1,genome,2,annotation_mediated,0,0,1,0,1,MS_14386,floR,False,0.07692307692307693,False,0.8548868624143,0.8550645935707271,False
3438,EW035_RS21755,yjbB,gene,1,1,genome,2,annotation_mediated,0,0,1,0,1,MS_14386,floR,False,0.07692307692307693,False,0.8548868624143,0.8550645935707271,False
3439,EW035_RS21840,zraP,gene,1,1,genome,2,annotation_mediated,0,0,1,0,1,MS_14386,floR,False,0.07692307692307693,False,0.8548868624143,0.8550645935707271,False
3440,EW035_RS22015,btuB,gene,1,1,genome,2,annotation_mediated,0,0,1,0,1,MS_14386,floR,False,0.07692307692307693,False,0.8548868624143,0.8550645935707271,False
3441,EW035_RS22105,frwB,gene,1,1,genome,2,annotation_mediated,0,0,1,0,1,MS_14386,floR,False,0.07692307692307693,False,0.8548868624143,0.8550645935707271,False
3442,EW035_RS22115,ptsP,gene,1,1,genome,2,annotation_mediated,0,0,1,0,1,MS_14386,floR,False,0.07692307692307693,False,0.8548868624143,0.8550645935707271,False
3443,EW035_RS22120,fsa,gene,1,1,genome,2,annotation_mediated,0,0,1,0,1,MS_14386,floR,False,0.07692307692307693,False,0.8548868624143,0.8550645935707271,False
3444,EW035_RS22140,katG,gene,1,1,genome,2,annotation_mediated,0,0,1,0,1,MS_14386,floR,False,0.07692307692307693,False,0.8548868624143,0.8550645935707271,False
3445,EW035_RS22280,sbp,gene,1,1,genome,2,annotation_mediated,0,0,1,0,1,MS_14386,floR,False,0.07692307692307693,False,0.8548868624143,0.8550645935707271,False
3446,EW035_RS22655,pepQ,gene,1,1,genome,2,annotation_mediated,0,0,1,0,1,MS_14386,fosA4,False,0.07692307692307693,False,0.8548868624143,0.8550645935707271,False
3447,EW035_RS22735,metE,gene,1,1,genome,2,annotation_mediated,0,0,1,0,1,MS_14386,fosA4,False,0.07692307692307693,False,0.8548868624143,0.8550645935707271,False
3448,EW035_RS22925,rffA,gene,1,1,genome,2,annotation_mediated,0,0,1,0,1,MS_14386,fosA4,False,0.07692307692307693,False,0.8548868624143,0.8550645935707271,False
3449,EW035_RS23350,tnaB,gene,1,1,genome,2,annotation_mediated,0,0,1,0,1,MS_14386,fosA4,False,0.07692307692307693,False,0.8548868624143,0.8550645935707271,False
3450,EW035_RS23355,tnaA,gene,1,1,genome,2,annotation_mediated,0,0,1,0,1,MS_14386,fosA4,False,0.07692307692307693,False,0.8548868624143,0.8550645935707271,False
3451,WP_000007523.1,metF,protein,1,1,proteome,2,annotation_mediated,0,0,1,0,0,MS_14386,fosA4,False,0.07692307692307693,False,0.7948535422438676,0.8550645935707271,False
3452,WP_000012907.1,argF,protein,1,1,proteome,2,annotation_mediated,0,0,1,0,0,MS_14386,fosA4,False,0.07692307692307693,False,0.7948535422438676,0.8550645935707271,False
3453,WP_000037998.1,arcC,protein,1,1,proteome,2,annotation_mediated,0,0,1,0,0,MS_14386,fosA4,False,0.07692307692307693,False,0.7948535422438676,0.8550645935707271,False
3454,WP_000039843.1,cysH,protein,1,1,proteome,2,annotation_mediated,0,0,1,0,0,MS_14386,fosA4,False,0.07692307692307693,False,0.7948535422438676,0.8550645935707271,False
3455,WP_000042353.1,leuB,protein,1,1,proteome,2,annotation_mediated,0,0,1,0,0,MS_14386,fosA4,False,0.07692307692307693,False,0.7948535422438676,0.8550645935707271,False
3456,WP_000068701.1,gcvT,protein,1,1,proteome,2,annotation_mediated,0,0,1,0,0,MS_14386,fosA4,False,0.07692307692307693,False,0.7948535422438676,0.8550645935707271,False
3457,WP_000069437.1,aspA,protein,1,1,proteome,2,annotation_mediated,0,0,1,0,0,MS_14386,fosA4,False,0.07692307692307693,False,0.7948535422438676,0.8550645935707271,False
3458,WP_000080060.1,hisB,protein,1,1,proteome,2,annotation_mediated,0,0,1,0,0,MS_14386,fosA4,False,0.07692307692307693,False,0.7948535422438676,0.8550645935707271,False
3459,WP_000107723.1,tdcC,protein,1,1,proteome,2,annotation_mediated,0,0,1,0,0,MS_14386,fosA4,False,0.07692307692307693,False,0.7948535422438676,0.8550645935707271,False
3460,WP_000108941.1,hisC,protein,1,1,proteome,2,annotation_mediated,0,0,1,0,0,MS_14386,fosA4,False,0.07692307692307693,False,0.7948535422438676,0.8550645935707271,False
3461,WP_000110493.1,dpaL,protein,1,1,proteome,2,annotation_mediated,0,0,1,0,0,MS_14386,fosA4,False,0.07692307692307693,False,0.7948535422438676,0.8550645935707271,False
3462,WP_000131911.1,tnaB,protein,1,1,proteome,2,annotation_mediated,0,0,1,0,0,MS_14386,fosA4,False,0.07692307692307693,False,0.7948535422438676,0.8550645935707271,False
3463,WP_000144346.1,avtA,protein,1,1,proteome,2,annotation_mediated,0,0,1,0,0,MS_14386,fosA4,False,0.07692307692307693,False,0.7948535422438676,0.8550645935707271,False
3464,WP_000149639.1,brnQ,protein,1,1,proteome,2,annotation_mediated,0,0,1,0,0,MS_14386,fosA4,False,0.07692307692307693,False,0.7948535422438676,0.8550645935707271,False
3465,WP_000153973.1,metE,protein,1,1,proteome,2,annotation_mediated,0,0,1,0,0,MS_14386,fosA4,False,0.07692307692307693,False,0.7948535422438676,0.8550645935707271,False
3466,WP_000183364.1,lpxL,protein,1,1,proteome,2,annotation_mediated,0,0,1,0,0,MS_14386,fosA4,False,0.07692307692307693,False,0.7948535422438676,0.8550645935707271,False
3467,WP_000190658.1,yfhb,protein,1,1,proteome,2,annotation_mediated,0,0,1,0,0,MS_14386,fosA4,False,0.07692307692307693,False,0.7948535422438676,0.8550645935707271,False
3468,WP_000193844.1,pepN,protein,1,1,proteome,2,annotation_mediated,0,0,1,0,0,MS_14386,fosA4,False,0.07692307692307693,False,0.7948535422438676,0.8550645935707271,False
3469,WP_000197840.1,dadX,protein,1,1,proteome,2,annotation_mediated,0,0,1,0,0,MS_14386,fosA4,False,0.07692307692307693,False,0.7948535422438676,0.8550645935707271,False
3470,WP_000200120.1,pheA,protein,1,1,proteome,2,annotation_mediated,0,0,1,0,0,MS_14386,fosA4,False,0.07692307692307693,False,0.7948535422438676,0.8550645935707271,False
3471,WP_000208520.1,ilvE,protein,1,1,proteome,2,annotation_mediated,0,0,1,0,0,MS_14386,fosA4,False,0.07692307692307693,False,0.7948535422438676,0.8550645935707271,False
3472,WP_000209520.1,trpB,protein,1,1,proteome,2,annotation_mediated,0,0,1,0,0,MS_14386,fosA4,False,0.07692307692307693,False,0.7948535422438676,0.8550645935707271,False
3473,WP_000217817.1,mpaA,protein,1,1,proteome,2,annotation_mediated,0,0,1,0,0,MS_14386,fosA4,False,0.07692307692307693,False,0.7948535422438676,0.8550645935707271,False
3474,WP_000225221.1,tyrA,protein,1,1,proteome,2,annotation_mediated,0,0,1,0,0,MS_14386,fosA4,False,0.07692307692307693,False,0.7948535422438676,0.8550645935707271,False
3475,WP_000228346.1,cycA,protein,1,1,proteome,2,annotation_mediated,0,0,1,0,0,MS_14386,fosA4,False,0.07692307692307693,False,0.7948535422438676,0.8550645935707271,False
3476,WP_000246019.1,gadC,protein,1,1,proteome,2,annotation_mediated,0,0,1,0,0,MS_14386,fosA4,False,0.07692307692307693,False,0.7948535422438676,0.8550645935707271,False
3477,WP_000257409.1,glsB,protein,1,1,proteome,2,annotation_mediated,0,0,1,0,0,MS_14386,fosA4,False,0.07692307692307693,False,0.7948535422438676,0.8550645935707271,False
3478,WP_000283664.1,ycdX,protein,1,1,proteome,2,annotation_mediated,0,0,1,0,0,MS_14386,fosA4,False,0.07692307692307693,False,0.7948535422438676,0.8550645935707271,False
3479,WP_000333380.1,yafJ,protein,1,1,proteome,2,annotation_mediated,0,0,1,0,0,MS_14386,fosA4,False,0.07692307692307693,False,0.7948535422438676,0.8550645935707271,False
3480,WP_000334566.1,yedK,protein,1,1,proteome,2,annotation_mediated,0,0,1,0,0,MS_14386,fosA4,False,0.07692307692307693,False,0.7948535422438676,0.8550645935707271,False
3481,WP_000337066.1,asnB,protein,1,1,proteome,2,annotation_mediated,0,0,1,0,0,MS_14386,fosA4,False,0.07692307692307693,False,0.7948535422438676,0.8550645935707271,False
3482,WP_000351317.1,ghrA,protein,1,1,proteome,2,annotation_mediated,0,0,1,0,0,MS_14386,fosA4,False,0.07692307692307693,False,0.7948535422438676,0.8550645935707271,False
3483,WP_000358930.1,gadB,protein,1,1,proteome,2,annotation_mediated,0,0,1,0,0,MS_14386,fosA4,False,0.07692307692307693,False,0.7948535422438676,0.8550645935707271,False
3484,WP_000359447.1,pepT,protein,1,1,proteome,2,annotation_mediated,0,0,1,0,0,MS_14386,fosA4,False,0.07692307692307693,False,0.7948535422438676,0.8550645935707271,False
3485,WP_000368492.1,astE,protein,1,1,proteome,2,annotation_mediated,0,0,1,0,0,MS_14386,fosA4,False,0.07692307692307693,False,0.7948535422438676,0.8550645935707271,False
3486,WP_000372364.1,eutC,protein,1,1,proteome,2,annotation_mediated,0,0,1,0,0,MS_14386,fosA4,False,0.07692307692307693,False,0.7948535422438676,0.8550645935707271,False
3487,WP_000373048.1,gdhA,protein,1,1,proteome,2,annotation_mediated,0,0,1,0,0,MS_14386,fosA4,False,0.07692307692307693,False,0.7948535422438676,0.8550645935707271,False
3488,WP_000386540.1,ybiB,protein,1,1,proteome,2,annotation_mediated,0,0,1,0,0,MS_14386,fosA4,False,0.07692307692307693,False,0.7948535422438676,0.8550645935707271,False
3489,WP_000394125.1,ansB,protein,1,1,proteome,2,annotation_mediated,0,0,1,0,0,MS_14386,fosA4,False,0.07692307692307693,False,0.7948535422438676,0.8550645935707271,False
3490,WP_000397144.1,pepA,protein,1,1,proteome,2,annotation_mediated,0,0,1,0,0,MS_14386,fosA4,False,0.07692307692307693,False,0.7948535422438676,0.8550645935707271,False
3491,WP_000421763.1,pepE,protein,1,1,proteome,2,annotation_mediated,0,0,1,0,0,MS_14386,fosA4,False,0.07692307692307693,False,0.7948535422438676,0.8550645935707271,False
3492,WP_000426426.1,dsdA,protein,1,1,proteome,2,annotation_mediated,0,0,1,0,0,MS_14386,fosA4,False,0.07692307692307693,False,0.7948535422438676,0.8550645935707271,False
3493,WP_000439846.1,aroB,protein,1,1,proteome,2,annotation_mediated,0,0,1,0,0,MS_14386,fosA4,False,0.07692307692307693,False,0.7948535422438676,0.8550645935707271,False
3494,WP_000443056.1,trpA,protein,1,1,proteome,2,annotation_mediated,0,0,1,0,0,MS_14386,fosA4,False,0.07692307692307693,False,0.7948535422438676,0.8550645935707271,False
3495,WP_000444561.1,pepQ,protein,1,1,proteome,2,annotation_mediated,0,0,1,0,0,MS_14386,fosA4,False,0.07692307692307693,False,0.7948535422438676,0.8550645935707271,False
3496,WP_000445237.1,aroA,protein,1,1,proteome,2,annotation_mediated,0,0,1,0,0,MS_14386,fosA4,False,0.07692307692307693,False,0.7948535422438676,0.8550645935707271,False
3497,WP_000450476.1,sdaC,protein,1,1,proteome,2,annotation_mediated,0,0,1,0,0,MS_14386,fosA4,False,0.07692307692307693,False,0.7948535422438676,0.8550645935707271,False
3498,WP_000451238.1,aroE,protein,1,1,proteome,2,annotation_mediated,0,0,1,0,0,MS_14386,fosA4,False,0.07692307692307693,False,0.7948535422438676,0.8550645935707271,False
3499,WP_000459406.1,malY,protein,1,1,proteome,2,annotation_mediated,0,0,1,0,0,MS_14386,fosA4,False,0.07692307692307693,False,0.7948535422438676,0.8550645935707271,False
3500,WP_000462687.1,aspC,protein,1,1,proteome,2,annotation_mediated,0,0,1,0,0,MS_14386,fosA4,False,0.07692307692307693,False,0.7948535422438676,0.8550645935707271,False
3501,WP_000486994.1,tyrB,protein,1,1,proteome,2,annotation_mediated,0,0,1,0,0,MS_14386,fosA4,False,0.07692307692307693,False,0.7948535422438676,0.8550645935707271,False
3502,WP_000513775.1,iaaA,protein,1,1,proteome,2,annotation_mediated,0,0,1,0,0,MS_14386,fosA4,False,0.07692307692307693,False,0.7948535422438676,0.8550645935707271,False
3503,WP_000524972.1,spt,protein,1,1,proteome,2,annotation_mediated,0,0,1,0,0,MS_14386,fosA4,False,0.07692307692307693,False,0.7948535422438676,0.8550645935707271,False
3504,WP_000543608.1,dapB,protein,1,1,proteome,2,annotation_mediated,0,0,1,0,0,MS_14386,fosA4,False,0.07692307692307693,False,0.7948535422438676,0.8550645935707271,False
3505,WP_000548347.1,tdcB,protein,1,1,proteome,2,annotation_mediated,0,0,1,0,0,MS_14386,fosA4,False,0.07692307692307693,False,0.7948535422438676,0.8550645935707271,False
3506,WP_000566372.1,ltaE,protein,1,1,proteome,2,annotation_mediated,0,0,1,0,0,MS_14386,fosA4,False,0.07692307692307693,False,0.7948535422438676,0.8550645935707271,False
3507,WP_000568417.1,iadA,protein,1,1,proteome,2,annotation_mediated,0,0,1,0,0,MS_14386,fosA4,False,0.07692307692307693,False,0.7948535422438676,0.8550645935707271,False
3508,WP_000586462.1,hisA,protein,1,1,proteome,2,annotation_mediated,0,0,1,0,0,MS_14386,fosA4,False,0.07692307692307693,False,0.7948535422438676,0.8550645935707271,False
3509,WP_000601850.1,pabA,protein,1,1,proteome,2,annotation_mediated,0,0,1,0,0,MS_14386,fosA4,False,0.07692307692307693,False,0.7948535422438676,0.8550645935707271,False
3510,WP_000612044.1,rffA,protein,1,1,proteome,2,annotation_mediated,0,0,1,0,0,MS_14386,fosA4,False,0.07692307692307693,False,0.7948535422438676,0.8550645935707271,False
3511,WP_000624298.1,sdaA,protein,1,1,proteome,2,annotation_mediated,0,0,1,0,0,MS_14386,fosA4,False,0.07692307692307693,False,0.7948535422438676,0.8550645935707271,False
3512,WP_000626410.1,sdaB,protein,1,1,proteome,2,annotation_mediated,0,0,1,0,0,MS_14386,fosA4,False,0.07692307692307693,False,0.7948535422438676,0.8550645935707271,False
3513,WP_000646150.1,ybdR,protein,1,1,proteome,2,annotation_mediated,0,0,1,0,0,MS_14386,fosA4,False,0.07692307692307693,False,0.7948535422438676,0.8550645935707271,False
3514,WP_000683020.1,mppA,protein,1,1,proteome,2,annotation_mediated,0,0,1,0,0,MS_14386,fosA4,False,0.07692307692307693,False,0.7948535422438676,0.8550645935707271,False
3515,WP_000719990.1,tdcF,protein,1,1,proteome,2,annotation_mediated,0,0,1,0,0,MS_14386,fosA4,False,0.07692307692307693,False,0.7948535422438676,0.8550645935707271,False
3516,WP_000737621.1,hisJ,protein,1,1,proteome,2,annotation_mediated,0,0,1,0,0,MS_14386,fosA4,False,0.07692307692307693,False,0.7948535422438676,0.8550645935707271,False
3517,WP_000756569.1,artI,protein,1,1,proteome,2,annotation_mediated,0,0,1,0,0,MS_14386,fosA4,False,0.07692307692307693,False,0.7948535422438676,0.8550645935707271,False
3518,WP_000769961.1,eutB,protein,1,1,proteome,2,annotation_mediated,0,0,1,0,0,MS_14386,fosA4,False,0.07692307692307693,False,0.7948535422438676,0.8550645935707271,False
3519,WP_000781063.1,thrC,protein,1,1,proteome,2,annotation_mediated,0,0,1,0,0,MS_14386,fosA4,False,0.07692307692307693,False,0.7948535422438676,0.8550645935707271,False
3520,WP_000785599.1,ilvA,protein,1,1,proteome,2,annotation_mediated,0,0,1,0,0,MS_14386,fosA4,False,0.07692307692307693,False,0.7948535422438676,0.8550645935707271,False
3521,WP_000785931.1,alaC,protein,1,1,proteome,2,annotation_mediated,0,0,1,0,0,MS_14386,fosA4,False,0.07692307692307693,False,0.7948535422438676,0.8550645935707271,False
3522,WP_000799956.1,asd,protein,1,1,proteome,2,annotation_mediated,0,0,1,0,0,MS_14386,fosA4,False,0.07692307692307693,False,0.7948535422438676,0.8550645935707271,False
3523,WP_000818228.1,leuD,protein,1,1,proteome,2,annotation_mediated,0,0,1,0,0,MS_14386,fosA4,False,0.07692307692307693,False,0.7948535422438676,0.8550645935707271,False
3524,WP_000818411.1,speE,protein,1,1,proteome,2,annotation_mediated,0,0,1,0,0,MS_14386,fosA4,False,0.07692307692307693,False,0.7948535422438676,0.8550645935707271,False
3525,WP_000830540.1,ddpA,protein,1,1,proteome,2,annotation_mediated,0,0,1,0,0,MS_14386,fosA4,False,0.07692307692307693,False,0.7948535422438676,0.8550645935707271,False
3526,WP_000839766.1,speC,protein,1,1,proteome,2,annotation_mediated,0,0,1,0,0,MS_14386,fosA4,False,0.07692307692307693,False,0.7948535422438676,0.8550645935707271,False
3527,WP_000854972.1,pabB,protein,1,1,proteome,2,annotation_mediated,0,0,1,0,0,MS_14386,fosA4,False,0.07692307692307693,False,0.7948535422438676,0.8550645935707271,False
3528,WP_000860182.1,aroD,protein,1,1,proteome,2,annotation_mediated,0,0,1,0,0,MS_14386,fosA4,False,0.07692307692307693,False,0.7948535422438676,0.8550645935707271,False
3529,WP_000872815.1,solA,protein,1,1,proteome,2,annotation_mediated,0,0,1,0,0,MS_14386,fosA4,False,0.07692307692307693,False,0.7948535422438676,0.8550645935707271,False
3530,WP_000880161.1,hisF,protein,1,1,proteome,2,annotation_mediated,0,0,1,0,0,MS_14386,fosA4,False,0.07692307692307693,False,0.7948535422438676,0.8550645935707271,False
3531,WP_000893255.1,proA,protein,1,1,proteome,2,annotation_mediated,0,0,1,0,0,MS_14386,fosA4,False,0.07692307692307693,False,0.7948535422438676,0.8550645935707271,False
3532,WP_000904442.1,tusE,protein,1,1,proteome,2,annotation_mediated,0,0,1,0,0,MS_14386,fosA4,False,0.07692307692307693,False,0.7948535422438676,0.8550645935707271,False
3533,WP_000911112.1,oppB,protein,1,1,proteome,2,annotation_mediated,0,0,1,0,0,MS_14386,fosA4,False,0.07692307692307693,False,0.7948535422438676,0.8550645935707271,False
3534,WP_000912736.1,pxpC,protein,1,1,proteome,2,annotation_mediated,0,0,1,0,0,MS_14386,fosA4,False,0.07692307692307693,False,0.7948535422438676,0.8550645935707271,False
3535,WP_000918470.1,aroC,protein,1,1,proteome,2,annotation_mediated,0,0,1,0,0,MS_14386,fosA4,False,0.07692307692307693,False,0.7948535422438676,0.8550645935707271,False
3536,WP_000919159.1,glyA,protein,1,1,proteome,2,annotation_mediated,0,0,1,0,0,MS_14386,fosA4,False,0.07692307692307693,False,0.7948535422438676,0.8550645935707271,False
3537,WP_000963797.1,argD,protein,1,1,proteome,2,annotation_mediated,0,0,1,0,0,MS_14386,fosA4,False,0.07692307692307693,False,0.7948535422438676,0.8550645935707271,False
3538,WP_000963837.1,ndk,protein,1,1,proteome,2,annotation_mediated,0,0,1,0,0,MS_14386,fosA4,False,0.07692307692307693,False,0.7948535422438676,0.8550645935707271,False
3539,WP_000981977.1,tsaE,protein,1,1,proteome,2,annotation_mediated,0,0,1,0,0,MS_14386,fosA4,False,0.07692307692307693,False,0.7948535422438676,0.8550645935707271,False
3540,WP_000982172.1,ybaT,protein,1,1,proteome,2,annotation_mediated,0,0,1,0,0,MS_14386,fosA4,False,0.07692307692307693,False,0.7948535422438676,0.8550645935707271,False
3541,WP_000989416.1,astA,protein,1,1,proteome,2,annotation_mediated,0,0,1,0,0,MS_14386,fosA4,False,0.07692307692307693,False,0.7948535422438676,0.8550645935707271,False
3542,WP_000995007.1,astB,protein,1,1,proteome,2,annotation_mediated,0,0,1,0,0,MS_14386,fosA4,False,0.07692307692307693,False,0.7948535422438676,0.8550645935707271,False
3543,WP_001005448.1,apbC,protein,1,1,proteome,2,annotation_mediated,0,0,1,0,0,MS_14386,fosA4,False,0.07692307692307693,False,0.7948535422438676,0.8550645935707271,False
3544,WP_001018194.1,map,protein,1,1,proteome,2,annotation_mediated,0,0,1,0,0,MS_14386,fosA4,False,0.07692307692307693,False,0.7948535422438676,0.8550645935707271,False
3545,WP_001020973.1,ldcC,protein,1,1,proteome,2,annotation_mediated,0,0,1,0,0,MS_14386,fosA4,False,0.07692307692307693,False,0.7948535422438676,0.8550645935707271,False
3546,WP_001021996.1,livJ,protein,1,1,proteome,2,annotation_mediated,0,0,1,0,0,MS_14386,fosA4,False,0.07692307692307693,False,0.7948535422438676,0.8550645935707271,False
3547,WP_001026276.1,groS,protein,1,1,proteome,2,annotation_mediated,0,0,1,0,0,MS_14386,fosA4,False,0.07692307692307693,False,0.7948535422438676,0.8550645935707271,False
3548,WP_001026418.1,ccmE,protein,1,1,proteome,2,annotation_mediated,0,0,1,0,0,MS_14386,fosA4,False,0.07692307692307693,False,0.7948535422438676,0.8550645935707271,False
3549,WP_001047336.1,ispB,protein,1,1,proteome,2,annotation_mediated,0,0,1,0,0,MS_14386,fosA4,False,0.07692307692307693,False,0.7948535422438676,0.8550645935707271,False
3550,WP_001058323.1,hyaA,protein,1,1,proteome,2,annotation_mediated,0,0,1,0,0,MS_14386,fosA4,False,0.07692307692307693,False,0.7948535422438676,0.8550645935707271,False
3551,WP_001059169.1,nadK,protein,1,1,proteome,2,annotation_mediated,0,0,1,0,0,MS_14386,fosA4,False,0.07692307692307693,False,0.7948535422438676,0.8550645935707271,False
3552,WP_001069467.1,edd,protein,1,1,proteome,2,annotation_mediated,0,0,1,0,0,MS_14386,fosA4,False,0.07692307692307693,False,0.7948535422438676,0.8550645935707271,False
3553,WP_001081870.1,hybA,protein,1,1,proteome,2,annotation_mediated,0,0,1,0,0,MS_14386,fosA4,False,0.07692307692307693,False,0.7948535422438676,0.8550645935707271,False
3554,WP_001082204.1,aroH,protein,1,1,proteome,2,annotation_mediated,0,0,1,0,0,MS_14386,fosA4,False,0.07692307692307693,False,0.7948535422438676,0.8550645935707271,False
3555,WP_001100642.1,cadA,protein,1,1,proteome,2,annotation_mediated,0,0,1,0,0,MS_14386,fosA4,False,0.07692307692307693,False,0.7948535422438676,0.8550645935707271,False
3556,WP_001103560.1,hisH,protein,1,1,proteome,2,annotation_mediated,0,0,1,0,0,MS_14386,fosA4,False,0.07692307692307693,False,0.7948535422438676,0.8550645935707271,False
3557,WP_001107117.1,ygeY,protein,1,1,proteome,2,annotation_mediated,0,0,1,0,0,MS_14386,fosA4,False,0.07692307692307693,False,0.7948535422438676,0.8550645935707271,False
3558,WP_001109196.1,aroG,protein,1,1,proteome,2,annotation_mediated,0,0,1,0,0,MS_14386,fosA4,False,0.07692307692307693,False,0.7948535422438676,0.8550645935707271,False
3559,WP_001111038.1,eutL,protein,1,1,proteome,2,annotation_mediated,0,0,1,0,0,MS_14386,fosA4,False,0.07692307692307693,False,0.7948535422438676,0.8550645935707271,False
3560,WP_001112585.1,yaaJ,protein,1,1,proteome,2,annotation_mediated,0,0,1,0,0,MS_14386,fosA4,False,0.07692307692307693,False,0.7948535422438676,0.8550645935707271,False
3561,WP_001120711.1,lysA,protein,1,1,proteome,2,annotation_mediated,0,0,1,0,0,MS_14386,fosA4,False,0.07692307692307693,False,0.7948535422438676,0.8550645935707271,False
3562,WP_001122789.1,metA,protein,1,1,proteome,2,annotation_mediated,0,0,1,0,0,MS_14386,fosA4,False,0.07692307692307693,False,0.7948535422438676,0.8550645935707271,False
3563,WP_001127394.1,ilvD,protein,1,1,proteome,2,annotation_mediated,0,0,1,0,0,MS_14386,fosA4,False,0.07692307692307693,False,0.7948535422438676,0.8550645935707271,False
3564,WP_001128215.1,dcyD,protein,1,1,proteome,2,annotation_mediated,0,0,1,0,0,MS_14386,fosA4,False,0.07692307692307693,False,0.7948535422438676,0.8550645935707271,False
3565,WP_001132955.1,serB,protein,1,1,proteome,2,annotation_mediated,0,0,1,0,0,MS_14386,fosA4,False,0.07692307692307693,False,0.7948535422438676,0.8550645935707271,False
3566,WP_001140652.1,leuC,protein,1,1,proteome,2,annotation_mediated,0,0,1,0,0,MS_14386,fosA4,False,0.07692307692307693,False,0.7948535422438676,0.8550645935707271,False
3567,WP_001141271.1,frmR,protein,1,1,proteome,2,annotation_mediated,0,0,1,0,0,MS_14386,fosA4,False,0.07692307692307693,False,0.7948535422438676,0.8550645935707271,False
3568,WP_001147328.1,alr,protein,1,1,proteome,2,annotation_mediated,0,0,1,0,0,MS_14386,fosA4,False,0.07692307692307693,False,0.7948535422438676,0.8550645935707271,False
3569,WP_001151604.1,serA,protein,1,1,proteome,2,annotation_mediated,0,0,1,0,0,MS_14386,fosA4,False,0.07692307692307693,False,0.7948535422438676,0.8550645935707271,False
3570,WP_001159105.1,betA,protein,1,1,proteome,2,annotation_mediated,0,0,1,0,0,MS_14386,fosA4,False,0.07692307692307693,False,0.7948535422438676,0.8550645935707271,False
3571,WP_001160110.1,narI,protein,1,1,proteome,2,annotation_mediated,0,0,1,0,0,MS_14386,fosA4,False,0.07692307692307693,False,0.7948535422438676,0.8550645935707271,False
3572,WP_001160654.1,dapF,protein,1,1,proteome,2,annotation_mediated,0,0,1,0,0,MS_14386,fosA4,False,0.07692307692307693,False,0.7948535422438676,0.8550645935707271,False
3573,WP_001166395.1,ispH,protein,1,1,proteome,2,annotation_mediated,0,0,1,0,0,MS_14386,fosA4,False,0.07692307692307693,False,0.7948535422438676,0.8550645935707271,False
3574,WP_001170162.1,ansA,protein,1,1,proteome,2,annotation_mediated,0,0,1,0,0,MS_14386,fosA4,False,0.07692307692307693,False,0.7948535422438676,0.8550645935707271,False
3575,WP_001177084.1,gltI,protein,1,1,proteome,2,annotation_mediated,0,0,1,0,0,MS_14386,fosA4,False,0.07692307692307693,False,0.7948535422438676,0.8550645935707271,False
3576,WP_001181706.1,ilvN,protein,1,1,proteome,2,annotation_mediated,0,0,1,0,0,MS_14386,fosA4,False,0.07692307692307693,False,0.7948535422438676,0.8550645935707271,False
3577,WP_001186650.1,dapD,protein,1,1,proteome,2,annotation_mediated,0,0,1,0,0,MS_14386,fosA4,False,0.07692307692307693,False,0.7948535422438676,0.8550645935707271,False
3578,WP_001188343.1,pxpB,protein,1,1,proteome,2,annotation_mediated,0,0,1,0,0,MS_14386,fosA4,False,0.07692307692307693,False,0.7948535422438676,0.8550645935707271,False
3579,WP_001194591.1,trpE,protein,1,1,proteome,2,annotation_mediated,0,0,1,0,0,MS_14386,fosA4,False,0.07692307692307693,False,0.7948535422438676,0.8550645935707271,False
3580,WP_001213834.1,kbl,protein,1,1,proteome,2,annotation_mediated,0,0,1,0,0,MS_14386,fosA4,False,0.07692307692307693,False,0.7948535422438676,0.8550645935707271,False
3581,WP_001216527.1,proX,protein,1,1,proteome,2,annotation_mediated,0,0,1,0,0,MS_14386,fosA4,False,0.07692307692307693,False,0.7948535422438676,0.8550645935707271,False
3582,WP_001219242.1,ispF,protein,1,1,proteome,2,annotation_mediated,0,0,1,0,0,MS_14386,fosA4,False,0.07692307692307693,False,0.7948535422438676,0.8550645935707271,False
3583,WP_001235263.1,sdhB,protein,1,1,proteome,2,annotation_mediated,0,0,1,0,0,MS_14386,fosA4,False,0.07692307692307693,False,0.7948535422438676,0.8550645935707271,False
3584,WP_001236044.1,gsiD,protein,1,1,proteome,2,annotation_mediated,0,0,1,0,0,MS_14386,fosA4,False,0.07692307692307693,False,0.7948535422438676,0.8550645935707271,False
3585,WP_001237796.1,gloA,protein,1,1,proteome,2,annotation_mediated,0,0,1,0,0,MS_14386,fosA4,False,0.07692307692307693,False,0.7948535422438676,0.8550645935707271,False
3586,WP_001250213.1,sapA,protein,1,1,proteome,2,annotation_mediated,0,0,1,0,0,MS_14386,fosA4,False,0.07692307692307693,False,0.7948535422438676,0.8550645935707271,False
3587,WP_001260828.1,ydgD,protein,1,1,proteome,2,annotation_mediated,0,0,1,0,0,MS_14386,fosA4,False,0.07692307692307693,False,0.7948535422438676,0.8550645935707271,False
3588,WP_001264697.1,thrA,protein,1,1,proteome,2,annotation_mediated,0,0,1,0,0,MS_14386,fosA4,False,0.07692307692307693,False,0.7948535422438676,0.8550645935707271,False
3589,WP_001266908.1,dadA,protein,1,1,proteome,2,annotation_mediated,0,0,1,0,0,MS_14386,fosA4,False,0.07692307692307693,False,0.7948535422438676,0.8550645935707271,False
3590,WP_001273741.1,garD,protein,1,1,proteome,2,annotation_mediated,0,0,1,0,0,MS_14386,fosA4,False,0.07692307692307693,False,0.7948535422438676,0.8550645935707271,False
3591,WP_001276420.1,aroM,protein,1,1,proteome,2,annotation_mediated,0,0,1,0,0,MS_14386,fosA4,False,0.07692307692307693,False,0.7948535422438676,0.8550645935707271,False
3592,WP_001277561.1,cysE,protein,1,1,proteome,2,annotation_mediated,0,0,1,0,0,MS_14386,fosA4,False,0.07692307692307693,False,0.7948535422438676,0.8550645935707271,False
3593,WP_001277801.1,dapE,protein,1,1,proteome,2,annotation_mediated,0,0,1,0,0,MS_14386,fosA4,False,0.07692307692307693,False,0.7948535422438676,0.8550645935707271,False
3594,WP_001278994.1,ygbL,protein,1,1,proteome,2,annotation_mediated,0,0,1,0,0,MS_14386,fosA4,False,0.07692307692307693,False,0.7948535422438676,0.8550645935707271,False
3595,WP_001289176.1,usg,protein,1,1,proteome,2,annotation_mediated,0,0,1,0,0,MS_14386,fosA4,False,0.07692307692307693,False,0.7948535422438676,0.8550645935707271,False
3596,WP_001290118.1,pepP,protein,1,1,proteome,2,annotation_mediated,0,0,1,0,0,MS_14386,fosA4,False,0.07692307692307693,False,0.7948535422438676,0.8550645935707271,False
3597,WP_001290317.1,lysC,protein,1,1,proteome,2,annotation_mediated,0,0,1,0,0,MS_14386,fosA4,False,0.07692307692307693,False,0.7948535422438676,0.8550645935707271,False
3598,WP_001290706.1,cysI,protein,1,1,proteome,2,annotation_mediated,0,0,1,0,0,MS_14386,fosA4,False,0.07692307692307693,False,0.7948535422438676,0.8550645935707271,False
3599,WP_001293016.1,pepD,protein,1,1,proteome,2,annotation_mediated,0,0,1,0,0,MS_14386,fosA4,False,0.07692307692307693,False,0.7948535422438676,0.8550645935707271,False
3600,WP_001293623.1,hisP,protein,1,1,proteome,2,annotation_mediated,0,0,1,0,0,MS_14386,fosA4,False,0.07692307692307693,False,0.7948535422438676,0.8550645935707271,False
3601,WP_001295188.1,orn,protein,1,1,proteome,2,annotation_mediated,0,0,1,0,0,MS_14386,fosA4,False,0.07692307692307693,False,0.7948535422438676,0.8550645935707271,False
3602,WP_001295214.1,prlC,protein,1,1,proteome,2,annotation_mediated,0,0,1,0,0,MS_14386,fosA4,False,0.07692307692307693,False,0.7948535422438676,0.8550645935707271,False
3603,WP_001295247.1,tnaA,protein,1,1,proteome,2,annotation_mediated,0,0,1,0,0,MS_14386,fosA4,False,0.07692307692307693,False,0.7948535422438676,0.8550645935707271,False
3604,WP_001295331.1,proC,protein,1,1,proteome,2,annotation_mediated,0,0,1,0,0,MS_14386,fosA4,False,0.07692307692307693,False,0.7948535422438676,0.8550645935707271,False
3605,WP_001295373.1,iscS,protein,1,1,proteome,2,annotation_mediated,0,0,1,0,0,MS_14386,fosA4,False,0.07692307692307693,False,0.7948535422438676,0.8550645935707271,False
3606,WP_001295377.1,gcvH,protein,1,1,proteome,2,annotation_mediated,0,0,1,0,0,MS_14386,fosA4,False,0.07692307692307693,False,0.7948535422438676,0.8550645935707271,False
3607,WP_001295469.1,dapA,protein,1,1,proteome,2,annotation_mediated,0,0,1,0,0,MS_14386,fosA4,False,0.07692307692307693,False,0.7948535422438676,0.8550645935707271,False
3608,WP_001295506.1,argE,protein,1,1,proteome,2,annotation_mediated,0,0,1,0,0,MS_14386,fosA4,False,0.07692307692307693,False,0.7948535422438676,0.8550645935707271,False
3609,WP_001295905.1,artJ,protein,1,1,proteome,2,annotation_mediated,0,0,1,0,0,MS_14386,fosA4,False,0.07692307692307693,False,0.7948535422438676,0.8550645935707271,False
3610,WP_001296882.1,proP,protein,1,1,proteome,2,annotation_mediated,0,0,1,0,0,MS_14386,fosA4,False,0.07692307692307693,False,0.7948535422438676,0.8550645935707271,False
3611,WP_001296985.1,ilvC,protein,1,1,proteome,2,annotation_mediated,0,0,1,0,0,MS_14386,fosA4,False,0.07692307692307693,False,0.7948535422438676,0.8550645935707271,False
3612,WP_001297114.1,oppA,protein,1,1,proteome,2,annotation_mediated,0,0,1,0,0,MS_14386,fosA4,False,0.07692307692307693,False,0.7948535422438676,0.8550645935707271,False
3613,WP_001297242.1,speF,protein,1,1,proteome,2,annotation_mediated,0,0,1,0,0,MS_14386,fosA4,False,0.07692307692307693,False,0.7948535422438676,0.8550645935707271,False
3614,WP_001297309.1,gss,protein,1,1,proteome,2,annotation_mediated,0,0,1,0,0,MS_14386,fosA4,False,0.07692307692307693,False,0.7948535422438676,0.8550645935707271,False
3615,EW035_RS17190,yajL,gene,1,1,genome,2,annotation_mediated,0,0,1,0,1,MS_14386,mph(A),False,0.07692307692307693,False,0.8548868624143,0.8550645935707271,False
3616,EW035_RS17355,ppnP,gene,1,1,genome,2,annotation_mediated,0,0,1,0,1,MS_14386,mph(A),False,0.07692307692307693,False,0.8548868624143,0.8550645935707271,False
3617,EW035_RS17365,yaiA,gene,1,1,genome,2,annotation_mediated,0,0,1,0,1,MS_14386,mph(A),False,0.07692307692307693,False,0.8548868624143,0.8550645935707271,False
3618,EW035_RS17375,yaiI,gene,1,1,genome,2,annotation_mediated,0,0,1,0,1,MS_14386,mph(A),False,0.07692307692307693,False,0.8548868624143,0.8550645935707271,False
3619,EW035_RS17390,psiF,gene,1,1,genome,2,annotation_mediated,0,0,1,0,1,MS_14386,mph(A),False,0.07692307692307693,False,0.8548868624143,0.8550645935707271,False
3620,EW035_RS17420,yaiW,gene,1,1,genome,2,annotation_mediated,0,0,1,0,1,MS_14386,mph(A),False,0.07692307692307693,False,0.8548868624143,0.8550645935707271,False
3621,EW035_RS17500,fghA,gene,1,1,genome,2,annotation_mediated,0,0,1,0,1,MS_14386,mph(A),False,0.07692307692307693,False,0.8548868624143,0.8550645935707271,False
3622,EW035_RS17505,yaiL,gene,1,1,genome,2,annotation_mediated,0,0,1,0,1,MS_14386,mph(A),False,0.07692307692307693,False,0.8548868624143,0.8550645935707271,False
3623,EW035_RS17545,mhpC,gene,1,1,genome,2,annotation_mediated,0,0,1,0,1,MS_14386,mph(A),False,0.07692307692307693,False,0.8548868624143,0.8550645935707271,False
3624,EW035_RS17625,prpD,gene,1,1,genome,2,annotation_mediated,0,0,1,0,1,MS_14386,mph(A),False,0.07692307692307693,False,0.8548868624143,0.8550645935707271,False
3625,EW035_RS17645,yahO,gene,1,1,genome,2,annotation_mediated,0,0,1,0,1,MS_14386,mph(A),False,0.07692307692307693,False,0.8548868624143,0.8550645935707271,False
3626,EW035_RS17665,yahK,gene,1,1,genome,2,annotation_mediated,0,0,1,0,1,MS_14386,mph(A),False,0.07692307692307693,False,0.8548868624143,0.8550645935707271,False
3627,EW035_RS17750,ykgG,gene,1,1,genome,2,annotation_mediated,0,0,1,0,1,MS_14386,mph(A),False,0.07692307692307693,False,0.8548868624143,0.8550645935707271,False
3628,EW035_RS17860,yagU,gene,1,1,genome,2,annotation_mediated,0,0,1,0,1,MS_14386,mph(A),False,0.07692307692307693,False,0.8548868624143,0.8550645935707271,False
3629,EW035_RS17990,frsA,gene,1,1,genome,2,annotation_mediated,0,0,1,0,1,MS_14386,mph(A),False,0.07692307692307693,False,0.8548868624143,0.8550645935707271,False
3630,EW035_RS18245,nan,gene,1,1,genome,2,annotation_mediated,0,0,1,0,1,MS_14386,mph(A),False,0.07692307692307693,False,0.8548868624143,0.8550645935707271,False
3631,EW035_RS18270,yafJ,gene,1,1,genome,2,annotation_mediated,0,0,1,0,1,MS_14386,mph(A),False,0.07692307692307693,False,0.8548868624143,0.8550645935707271,False
3632,EW035_RS18290,yafV,gene,1,1,genome,2,annotation_mediated,0,0,1,0,1,MS_14386,mph(A),False,0.07692307692307693,False,0.8548868624143,0.8550645935707271,False
3633,EW035_RS18315,gloB,gene,1,1,genome,2,annotation_mediated,0,0,1,0,1,MS_14386,mph(A),False,0.07692307692307693,False,0.8548868624143,0.8550645935707271,False
3634,EW035_RS18330,yafD,gene,1,1,genome,2,annotation_mediated,0,0,1,0,1,MS_14386,mph(A),False,0.07692307692307693,False,0.8548868624143,0.8550645935707271,False
3635,EW035_RS18415,nan,gene,1,1,genome,2,annotation_mediated,0,0,1,0,1,MS_14386,mph(A),False,0.07692307692307693,False,0.8548868624143,0.8550645935707271,False
3636,EW035_RS18570,tsaA,gene,1,1,genome,2,annotation_mediated,0,0,1,0,1,MS_14386,mph(A),False,0.07692307692307693,False,0.8548868624143,0.8550645935707271,False
3637,EW035_RS18600,yaeP,gene,1,1,genome,2,annotation_mediated,0,0,1,0,1,MS_14386,mph(A),False,0.07692307692307693,False,0.8548868624143,0.8550645935707271,False
3638,EW035_RS18725,yaeH,gene,1,1,genome,2,annotation_mediated,0,0,1,0,1,MS_14386,mph(A),False,0.07692307692307693,False,0.8548868624143,0.8550645935707271,False
3639,EW035_RS18935,yacC,gene,1,1,genome,2,annotation_mediated,0,0,1,0,1,MS_14386,mph(A),False,0.07692307692307693,False,0.8548868624143,0.8550645935707271,False
3640,EW035_RS18950,yacL,gene,1,1,genome,2,annotation_mediated,0,0,1,0,1,MS_14386,mph(A),False,0.07692307692307693,False,0.8548868624143,0.8550645935707271,False
3641,EW035_RS19035,yacG,gene,1,1,genome,2,annotation_mediated,0,0,1,0,1,MS_14386,mph(A),False,0.07692307692307693,False,0.8548868624143,0.8550645935707271,False
3642,EW035_RS19490,yaaA,gene,1,1,genome,2,annotation_mediated,0,0,1,0,1,MS_14386,mph(A),False,0.07692307692307693,False,0.8548868624143,0.8550645935707271,False
3643,EW035_RS19550,creA,gene,1,1,genome,2,annotation_mediated,0,0,1,0,1,MS_14386,mph(A),False,0.07692307692307693,False,0.8548868624143,0.8550645935707271,False
3644,EW035_RS19580,ettA,gene,1,1,genome,2,annotation_mediated,0,0,1,0,1,MS_14386,mph(A),False,0.07692307692307693,False,0.8548868624143,0.8550645935707271,False
3645,EW035_RS19645,yjjU,gene,1,1,genome,2,annotation_mediated,0,0,1,0,1,MS_14386,mph(A),False,0.07692307692307693,False,0.8548868624143,0.8550645935707271,False
3646,EW035_RS19655,osmY,gene,1,1,genome,2,annotation_mediated,0,0,1,0,1,MS_14386,mph(A),False,0.07692307692307693,False,0.8548868624143,0.8550645935707271,False
3647,EW035_RS19665,yjjG,gene,1,1,genome,2,annotation_mediated,0,0,1,0,1,MS_14386,mph(A),False,0.07692307692307693,False,0.8548868624143,0.8550645935707271,False
3648,EW035_RS19740,yjjA,gene,1,1,genome,2,annotation_mediated,0,0,1,0,1,MS_14386,mph(A),False,0.07692307692307693,False,0.8548868624143,0.8550645935707271,False
3649,EW035_RS19785,hpaD,gene,1,1,genome,2,annotation_mediated,0,0,1,0,1,MS_14386,mph(A),False,0.07692307692307693,False,0.8548868624143,0.8550645935707271,False
3650,EW035_RS19835,yjiA,gene,1,1,genome,2,annotation_mediated,0,0,1,0,1,MS_14386,mph(A),False,0.07692307692307693,False,0.8548868624143,0.8550645935707271,False
3651,EW035_RS19900,yjiN,gene,1,1,genome,2,annotation_mediated,0,0,1,0,1,MS_14386,mph(A),False,0.07692307692307693,False,0.8548868624143,0.8550645935707271,False
3652,EW035_RS20350,yjgR,gene,1,1,genome,2,annotation_mediated,0,0,1,0,1,MS_14386,mph(A),False,0.07692307692307693,False,0.8548868624143,0.8550645935707271,False
3653,EW035_RS20355,lptG,gene,1,1,genome,2,annotation_mediated,0,0,1,0,1,MS_14386,mph(A),False,0.07692307692307693,False,0.8548868624143,0.8550645935707271,False
3654,EW035_RS20360,lptF,gene,1,1,genome,2,annotation_mediated,0,0,1,0,1,MS_14386,mph(A),False,0.07692307692307693,False,0.8548868624143,0.8550645935707271,False
3655,EW035_RS20390,rraB,gene,1,1,genome,2,annotation_mediated,0,0,1,0,1,MS_14386,mph(A),False,0.07692307692307693,False,0.8548868624143,0.8550645935707271,False
3656,EW035_RS20485,pmbA,gene,1,1,genome,2,annotation_mediated,0,0,1,0,1,MS_14386,mph(A),False,0.07692307692307693,False,0.8548868624143,0.8550645935707271,False
3657,EW035_RS20490,yjgA,gene,1,1,genome,2,annotation_mediated,0,0,1,0,1,MS_14386,mph(A),False,0.07692307692307693,False,0.8548868624143,0.8550645935707271,False
3658,EW035_RS20540,ytfP,gene,1,1,genome,2,annotation_mediated,0,0,1,0,1,MS_14386,mph(A),False,0.07692307692307693,False,0.8548868624143,0.8550645935707271,False
3659,EW035_RS20545,tamB,gene,1,1,genome,2,annotation_mediated,0,0,1,0,1,MS_14386,mph(A),False,0.07692307692307693,False,0.8548868624143,0.8550645935707271,False
3660,EW035_RS20570,ytfJ,gene,1,1,genome,2,annotation_mediated,0,0,1,0,1,MS_14386,mph(A),False,0.07692307692307693,False,0.8548868624143,0.8550645935707271,False
3661,EW035_RS20715,ulaG,gene,1,1,genome,2,annotation_mediated,0,0,1,0,1,MS_14386,mph(A),False,0.07692307692307693,False,0.8548868624143,0.8550645935707271,False
3662,EW035_RS20725,yjfP,gene,1,1,genome,2,annotation_mediated,0,0,1,0,1,MS_14386,mph(A),False,0.07692307692307693,False,0.8548868624143,0.8550645935707271,False
3663,EW035_RS20730,bsmA,gene,1,1,genome,2,annotation_mediated,0,0,1,0,1,MS_14386,mph(A),False,0.07692307692307693,False,0.8548868624143,0.8550645935707271,False
3664,EW035_RS20835,tsaE,gene,1,1,genome,2,annotation_mediated,0,0,1,0,1,MS_14386,mph(A),False,0.07692307692307693,False,0.8548868624143,0.8550645935707271,False
3665,EW035_RS20935,ecnB,gene,1,1,genome,2,annotation_mediated,0,0,1,0,1,MS_14386,mph(A),False,0.07692307692307693,False,0.8548868624143,0.8550645935707271,False
3666,EW035_RS20970,yjeI,gene,1,1,genome,2,annotation_mediated,0,0,1,0,1,MS_14386,mph(A),False,0.07692307692307693,False,0.8548868624143,0.8550645935707271,False
3667,EW035_RS21000,dcuA,gene,1,1,genome,2,annotation_mediated,0,0,1,0,1,MS_14386,mph(A),False,0.07692307692307693,False,0.8548868624143,0.8550645935707271,False
3668,EW035_RS21060,yjdJ,gene,1,1,genome,2,annotation_mediated,0,0,1,0,1,MS_14386,mph(A),False,0.07692307692307693,False,0.8548868624143,0.8550645935707271,False
3669,EW035_RS21065,yjdI,gene,1,1,genome,2,annotation_mediated,0,0,1,0,1,MS_14386,mph(A),False,0.07692307692307693,False,0.8548868624143,0.8550645935707271,False
3670,EW035_RS21080,dcuB,gene,1,1,genome,2,annotation_mediated,0,0,1,0,1,MS_14386,mph(A),False,0.07692307692307693,False,0.8548868624143,0.8550645935707271,False
3671,EW035_RS21125,eptA,gene,1,1,genome,2,annotation_mediated,0,0,1,0,1,MS_14386,mph(A),False,0.07692307692307693,False,0.8548868624143,0.8550645935707271,False
3672,EW035_RS21150,rdcB,gene,1,1,genome,2,annotation_mediated,0,0,1,0,1,MS_14386,mph(A),False,0.07692307692307693,False,0.8548868624143,0.8550645935707271,False
3673,EW035_RS21165,yjdN,gene,1,1,genome,2,annotation_mediated,0,0,1,0,1,MS_14386,mph(A),False,0.07692307692307693,False,0.8548868624143,0.8550645935707271,False
3674,EW035_RS21235,phnP,gene,1,1,genome,2,annotation_mediated,0,0,1,0,1,MS_14386,mph(A),False,0.07692307692307693,False,0.8548868624143,0.8550645935707271,False
3675,EW035_RS21330,yjcH,gene,1,1,genome,2,annotation_mediated,0,0,1,0,1,MS_14386,mph(A),False,0.07692307692307693,False,0.8548868624143,0.8550645935707271,False
3676,EW035_RS21350,ghxP,gene,1,1,genome,2,annotation_mediated,0,0,1,0,1,MS_14386,mph(A),False,0.07692307692307693,False,0.8548868624143,0.8550645935707271,False
3677,EW035_RS21385,yjbR,gene,1,1,genome,2,annotation_mediated,0,0,1,0,1,MS_14386,mph(A),False,0.07692307692307693,False,0.8548868624143,0.8550645935707271,False
3678,EW035_RS21390,yjbQ,gene,1,1,genome,2,annotation_mediated,0,0,1,0,1,MS_14386,mph(A),False,0.07692307692307693,False,0.8548868624143,0.8550645935707271,False
3679,EW035_RS21395,aphA,gene,1,1,genome,2,annotation_mediated,0,0,1,0,1,MS_14386,mph(A),False,0.07692307692307693,False,0.8548868624143,0.8550645935707271,False
3680,EW035_RS21450,yjbJ,gene,1,1,genome,2,annotation_mediated,0,0,1,0,1,MS_14386,mph(A),False,0.07692307692307693,False,0.8548868624143,0.8550645935707271,False
3681,EW035_RS21490,malM,gene,1,1,genome,2,annotation_mediated,0,0,1,0,1,MS_14386,mph(A),False,0.07692307692307693,False,0.8548868624143,0.8550645935707271,False
3682,EW035_RS21705,yjbD,gene,1,1,genome,2,annotation_mediated,0,0,1,0,1,MS_14386,mph(A),False,0.07692307692307693,False,0.8548868624143,0.8550645935707271,False
3683,EW035_RS21855,yjaG,gene,1,1,genome,2,annotation_mediated,0,0,1,0,1,MS_14386,mph(A),False,0.07692307692307693,False,0.8548868624143,0.8550645935707271,False
3684,EW035_RS22080,eptC,gene,1,1,genome,2,annotation_mediated,0,0,1,0,1,MS_14386,mph(A),False,0.07692307692307693,False,0.8548868624143,0.8550645935707271,False
3685,EW035_RS22255,yiiS,gene,1,1,genome,2,annotation_mediated,0,0,1,0,1,MS_14386,mph(A),False,0.07692307692307693,False,0.8548868624143,0.8550645935707271,False
3686,EW035_RS22265,yiiQ,gene,1,1,genome,2,annotation_mediated,0,0,1,0,1,MS_14386,mph(A),False,0.07692307692307693,False,0.8548868624143,0.8550645935707271,False
3687,EW035_RS22310,yiiM,gene,1,1,genome,2,annotation_mediated,0,0,1,0,1,MS_14386,mph(A),False,0.07692307692307693,False,0.8548868624143,0.8550645935707271,False
3688,EW035_RS22455,yihX,gene,1,1,genome,2,annotation_mediated,0,0,1,0,1,MS_14386,mph(A),False,0.07692307692307693,False,0.8548868624143,0.8550645935707271,False
3689,EW035_RS22560,yihI,gene,1,1,genome,2,annotation_mediated,0,0,1,0,1,MS_14386,mph(A),False,0.07692307692307693,False,0.8548868624143,0.8550645935707271,False
3690,EW035_RS22600,yihD,gene,1,1,genome,2,annotation_mediated,0,0,1,0,1,MS_14386,mph(A),False,0.07692307692307693,False,0.8548868624143,0.8550645935707271,False
3691,EW035_RS22710,ubiJ,gene,1,1,genome,2,annotation_mediated,0,0,1,0,1,MS_14386,mph(A),False,0.07692307692307693,False,0.8548868624143,0.8550645935707271,False
3692,EW035_RS22750,yigL,gene,1,1,genome,2,annotation_mediated,0,0,1,0,1,MS_14386,mph(A),False,0.07692307692307693,False,0.8548868624143,0.8550645935707271,False
3693,EW035_RS22805,nan,gene,1,1,genome,2,annotation_mediated,0,0,1,0,1,MS_14386,mph(A),False,0.07692307692307693,False,0.8548868624143,0.8550645935707271,False
3694,EW035_RS22815,yigB,gene,1,1,genome,2,annotation_mediated,0,0,1,0,1,MS_14386,mph(A),False,0.07692307692307693,False,0.8548868624143,0.8550645935707271,False
3695,EW035_RS22825,yigA,gene,1,1,genome,2,annotation_mediated,0,0,1,0,1,MS_14386,mph(A),False,0.07692307692307693,False,0.8548868624143,0.8550645935707271,False
3696,EW035_RS23055,maoP,gene,1,1,genome,2,annotation_mediated,0,0,1,0,1,MS_14386,mph(A),False,0.07692307692307693,False,0.8548868624143,0.8550645935707271,False
3697,EW035_RS23140,ravA,gene,1,1,genome,2,annotation_mediated,0,0,1,0,1,MS_14386,mph(A),False,0.07692307692307693,False,0.8548868624143,0.8550645935707271,False
3698,EW035_RS23325,adeP,gene,1,1,genome,2,annotation_mediated,0,0,1,0,1,MS_14386,mph(A),False,0.07692307692307693,False,0.8548868624143,0.8550645935707271,False
3699,EW035_RS23330,yieF,gene,1,1,genome,2,annotation_mediated,0,0,1,0,1,MS_14386,mph(A),False,0.07692307692307693,False,0.8548868624143,0.8550645935707271,False
3700,EW035_RS23395,nan,gene,1,1,genome,2,annotation_mediated,0,0,1,0,1,MS_14386,mph(A),False,0.07692307692307693,False,0.8548868624143,0.8550645935707271,False
3701,EW035_RS23520,nan,gene,1,1,genome,2,annotation_mediated,0,0,1,0,1,MS_14386,mph(A),False,0.07692307692307693,False,0.8548868624143,0.8550645935707271,False
3702,EW035_RS23910,nan,gene,1,1,genome,2,annotation_mediated,0,0,1,0,1,MS_14386,mph(A),False,0.07692307692307693,False,0.8548868624143,0.8550645935707271,False
3703,EW035_RS23945,nan,gene,1,1,genome,2,annotation_mediated,0,0,1,0,1,MS_14386,mph(A),False,0.07692307692307693,False,0.8548868624143,0.8550645935707271,False
3704,EW035_RS23970,nan,gene,1,1,genome,2,annotation_mediated,0,0,1,0,1,MS_14386,mph(A),False,0.07692307692307693,False,0.8548868624143,0.8550645935707271,False
3705,EW035_RS24300,nan,gene,1,1,genome,2,annotation_mediated,0,0,1,0,1,MS_14386,mph(A),False,0.07692307692307693,False,0.8548868624143,0.8550645935707271,False
3706,EW035_RS24380,nan,gene,1,1,genome,2,annotation_mediated,0,0,1,0,1,MS_14386,mph(A),False,0.07692307692307693,False,0.8548868624143,0.8550645935707271,False
3707,EW035_RS24400,nan,gene,1,1,genome,2,annotation_mediated,0,0,1,0,1,MS_14386,mph(A),False,0.07692307692307693,False,0.8548868624143,0.8550645935707271,False
3708,EW035_RS24410,nan,gene,1,1,genome,2,annotation_mediated,0,0,1,0,1,MS_14386,mph(A),False,0.07692307692307693,False,0.8548868624143,0.8550645935707271,False
3709,EW035_RS24625,traV,gene,1,1,genome,2,annotation_mediated,0,0,1,0,1,MS_14386,mph(A),False,0.07692307692307693,False,0.8548868624143,0.8550645935707271,False
3710,EW035_RS24670,traN,gene,1,1,genome,2,annotation_mediated,0,0,1,0,1,MS_14386,mph(A),False,0.07692307692307693,False,0.8548868624143,0.8550645935707271,False
3711,EW035_RS24710,traG,gene,1,1,genome,2,annotation_mediated,0,0,1,0,1,MS_14386,mph(A),False,0.07692307692307693,False,0.8548868624143,0.8550645935707271,False
3712,EW035_RS24720,traT,gene,1,1,genome,2,annotation_mediated,0,0,1,0,1,MS_14386,mph(A),False,0.07692307692307693,False,0.8548868624143,0.8550645935707271,False
3713,EW035_RS24800,nan,gene,1,1,genome,2,annotation_mediated,0,0,1,0,1,MS_14386,mph(A),False,0.07692307692307693,False,0.8548868624143,0.8550645935707271,False
3714,WP_000005042.1,yacG,protein,1,1,proteome,2,annotation_mediated,0,0,1,0,0,MS_14386,mph(A),False,0.07692307692307693,False,0.7948535422438676,0.8550645935707271,False
3715,WP_000009306.1,yodC,protein,1,1,proteome,2,annotation_mediated,0,0,1,0,0,MS_14386,mph(A),False,0.07692307692307693,False,0.7948535422438676,0.8550645935707271,False
3716,WP_000011658.1,yobB,protein,1,1,proteome,2,annotation_mediated,0,0,1,0,0,MS_14386,mph(A),False,0.07692307692307693,False,0.7948535422438676,0.8550645935707271,False
3717,WP_000013149.1,dkgA,protein,1,1,proteome,2,annotation_mediated,0,0,1,0,0,MS_14386,mph(A),False,0.07692307692307693,False,0.7948535422438676,0.8550645935707271,False
3718,WP_000013783.1,hglS,protein,1,1,proteome,2,annotation_mediated,0,0,1,0,0,MS_14386,mph(A),False,0.07692307692307693,False,0.7948535422438676,0.8550645935707271,False
3719,WP_000018633.1,ydcY,protein,1,1,proteome,2,annotation_mediated,0,0,1,0,0,MS_14386,mph(A),False,0.07692307692307693,False,0.7948535422438676,0.8550645935707271,False
3720,WP_000024745.1,yebE,protein,1,1,proteome,2,annotation_mediated,0,0,1,0,0,MS_14386,mph(A),False,0.07692307692307693,False,0.7948535422438676,0.8550645935707271,False
3721,WP_000030901.1,yfcZ,protein,1,1,proteome,2,annotation_mediated,0,0,1,0,0,MS_14386,mph(A),False,0.07692307692307693,False,0.7948535422438676,0.8550645935707271,False
3722,WP_000037608.1,yhbO,protein,1,1,proteome,2,annotation_mediated,0,0,1,0,0,MS_14386,mph(A),False,0.07692307692307693,False,0.7948535422438676,0.8550645935707271,False
3723,WP_000042901.1,yhhM,protein,1,1,proteome,2,annotation_mediated,0,0,1,0,0,MS_14386,mph(A),False,0.07692307692307693,False,0.7948535422438676,0.8550645935707271,False
3724,WP_000050789.1,yejK,protein,1,1,proteome,2,annotation_mediated,0,0,1,0,0,MS_14386,mph(A),False,0.07692307692307693,False,0.7948535422438676,0.8550645935707271,False
3725,WP_000053089.1,uup,protein,1,1,proteome,2,annotation_mediated,0,0,1,0,0,MS_14386,mph(A),False,0.07692307692307693,False,0.7948535422438676,0.8550645935707271,False
3726,WP_000055909.1,tldD,protein,1,1,proteome,2,annotation_mediated,0,0,1,0,0,MS_14386,mph(A),False,0.07692307692307693,False,0.7948535422438676,0.8550645935707271,False
3727,WP_000059926.1,phnP,protein,1,1,proteome,2,annotation_mediated,0,0,1,0,0,MS_14386,mph(A),False,0.07692307692307693,False,0.7948535422438676,0.8550645935707271,False
3728,WP_000060921.1,tamB,protein,1,1,proteome,2,annotation_mediated,0,0,1,0,0,MS_14386,mph(A),False,0.07692307692307693,False,0.7948535422438676,0.8550645935707271,False
3729,WP_000063978.1,hyaE,protein,1,1,proteome,2,annotation_mediated,0,0,1,0,0,MS_14386,mph(A),False,0.07692307692307693,False,0.7948535422438676,0.8550645935707271,False
3730,FVE81_RS00895,dppD,gene,1,1,genome,2,annotation_mediated,0,0,1,0,1,MS_14387,blaTEM-1b,False,0.07692307692307693,False,0.8548868624143,0.8550645935707271,False
3731,FVE81_RS00900,dppF,gene,1,1,genome,2,annotation_mediated,0,0,1,0,1,MS_14387,blaTEM-1b,False,0.07692307692307693,False,0.8548868624143,0.8550645935707271,False
3732,FVE81_RS01075,mdtF,gene,1,1,genome,2,annotation_mediated,0,0,1,0,1,MS_14387,blaTEM-1b,False,0.07692307692307693,False,0.8548868624143,0.8550645935707271,False
3733,FVE81_RS01290,rbbA,gene,1,1,genome,2,annotation_mediated,0,0,1,0,1,MS_14387,blaTEM-1b,False,0.07692307692307693,False,0.8548868624143,0.8550645935707271,False
3734,FVE81_RS03565,tolC,gene,1,1,genome,2,annotation_mediated,0,0,1,0,1,MS_14387,blaTEM-1b,False,0.07692307692307693,False,0.8548868624143,0.8550645935707271,False
3735,FVE81_RS05385,yqcC,gene,1,1,genome,2,annotation_mediated,0,0,1,0,1,MS_14387,blaTEM-1b,False,0.07692307692307693,False,0.8548868624143,0.8550645935707271,False
3736,FVE81_RS05930,emrA,gene,1,1,genome,2,annotation_mediated,0,0,1,0,1,MS_14387,blaTEM-1b,False,0.07692307692307693,False,0.8548868624143,0.8550645935707271,False
3737,FVE81_RS07210,pbp4b,gene,1,1,genome,2,annotation_mediated,0,0,1,0,1,MS_14387,blaTEM-1b,False,0.07692307692307693,False,0.8548868624143,0.8550645935707271,False
3738,FVE81_RS08205,ompC,gene,1,1,genome,2,annotation_mediated,0,0,1,0,1,MS_14387,blaTEM-1b,False,0.07692307692307693,False,0.8548868624143,0.8550645935707271,False
3739,FVE81_RS08805,fbaB,gene,1,1,genome,2,annotation_mediated,0,0,1,0,1,MS_14387,blaTEM-1b,False,0.07692307692307693,False,0.8548868624143,0.8550645935707271,False
3740,FVE81_RS08865,baeR,gene,1,1,genome,2,annotation_mediated,0,0,1,0,1,MS_14387,blaTEM-1b,False,0.07692307692307693,False,0.8548868624143,0.8550645935707271,False
3741,FVE81_RS08885,mdtB,gene,1,1,genome,2,annotation_mediated,0,0,1,0,1,MS_14387,blaTEM-1b,False,0.07692307692307693,False,0.8548868624143,0.8550645935707271,False
3742,FVE81_RS09080,galF,gene,1,1,genome,2,annotation_mediated,0,0,1,0,1,MS_14387,blaTEM-1b,False,0.07692307692307693,False,0.8548868624143,0.8550645935707271,False
3743,FVE81_RS09095,nan,gene,1,1,genome,2,annotation_mediated,0,0,1,0,1,MS_14387,blaTEM-1b,False,0.07692307692307693,False,0.8548868624143,0.8550645935707271,False
3744,FVE81_RS09100,nan,gene,1,1,genome,2,annotation_mediated,0,0,1,0,1,MS_14387,blaTEM-1b,False,0.07692307692307693,False,0.8548868624143,0.8550645935707271,False
3745,FVE81_RS09115,gndA,gene,1,1,genome,2,annotation_mediated,0,0,1,0,1,MS_14387,blaTEM-1b,False,0.07692307692307693,False,0.8548868624143,0.8550645935707271,False
3746,FVE81_RS09160,hisC,gene,1,1,genome,2,annotation_mediated,0,0,1,0,1,MS_14387,blaTEM-1b,False,0.07692307692307693,False,0.8548868624143,0.8550645935707271,False
3747,FVE81_RS09355,nan,gene,1,1,genome,2,annotation_mediated,0,0,1,0,1,MS_14387,blaTEM-1b,False,0.07692307692307693,False,0.8548868624143,0.8550645935707271,False
3748,FVE81_RS09580,ybtS,gene,1,1,genome,2,annotation_mediated,0,0,1,0,1,MS_14387,blaTEM-1b,False,0.07692307692307693,False,0.8548868624143,0.8550645935707271,False
3749,FVE81_RS09755,yedP,gene,1,1,genome,2,annotation_mediated,0,0,1,0,1,MS_14387,blaTEM-1b,False,0.07692307692307693,False,0.8548868624143,0.8550645935707271,False
3750,FVE81_RS10250,pyk,gene,1,1,genome,2,annotation_mediated,0,0,1,0,1,MS_14387,blaTEM-1b,False,0.07692307692307693,False,0.8548868624143,0.8550645935707271,False
3751,FVE81_RS10260,zwf,gene,1,1,genome,2,annotation_mediated,0,0,1,0,1,MS_14387,blaTEM-1b,False,0.07692307692307693,False,0.8548868624143,0.8550645935707271,False
3752,FVE81_RS10275,purT,gene,1,1,genome,2,annotation_mediated,0,0,1,0,1,MS_14387,blaTEM-1b,False,0.07692307692307693,False,0.8548868624143,0.8550645935707271,False
3753,FVE81_RS10470,sdaA,gene,1,1,genome,2,annotation_mediated,0,0,1,0,1,MS_14387,blaTEM-1b,False,0.07692307692307693,False,0.8548868624143,0.8550645935707271,False
3754,FVE81_RS10650,yeaD,gene,1,1,genome,2,annotation_mediated,0,0,1,0,1,MS_14387,blaTEM-1b,False,0.07692307692307693,False,0.8548868624143,0.8550645935707271,False
3755,FVE81_RS10655,gapA,gene,1,1,genome,2,annotation_mediated,0,0,1,0,1,MS_14387,blaTEM-1b,False,0.07692307692307693,False,0.8548868624143,0.8550645935707271,False
3756,FVE81_RS10805,astC,gene,1,1,genome,2,annotation_mediated,0,0,1,0,1,MS_14387,blaTEM-1b,False,0.07692307692307693,False,0.8548868624143,0.8550645935707271,False
3757,FVE81_RS10885,katE,gene,1,1,genome,2,annotation_mediated,0,0,1,0,1,MS_14387,blaTEM-1b,False,0.07692307692307693,False,0.8548868624143,0.8550645935707271,False
3758,FVE81_RS10930,pfkB,gene,1,1,genome,2,annotation_mediated,0,0,1,0,1,MS_14387,blaTEM-1b,False,0.07692307692307693,False,0.8548868624143,0.8550645935707271,False
3759,FVE81_RS11025,aroH,gene,1,1,genome,2,annotation_mediated,0,0,1,0,1,MS_14387,blaTEM-1b,False,0.07692307692307693,False,0.8548868624143,0.8550645935707271,False
3760,FVE81_RS11080,aroD,gene,1,1,genome,2,annotation_mediated,0,0,1,0,1,MS_14387,blaTEM-1b,False,0.07692307692307693,False,0.8548868624143,0.8550645935707271,False
3761,FVE81_RS11170,pykF,gene,1,1,genome,2,annotation_mediated,0,0,1,0,1,MS_14387,blaTEM-1b,False,0.07692307692307693,False,0.8548868624143,0.8550645935707271,False
3762,FVE81_RS11335,ydhJ,gene,1,1,genome,2,annotation_mediated,0,0,1,0,1,MS_14387,blaTEM-1b,False,0.07692307692307693,False,0.8548868624143,0.8550645935707271,False
3763,FVE81_RS11495,manA,gene,1,1,genome,2,annotation_mediated,0,0,1,0,1,MS_14387,blaTEM-1b,False,0.07692307692307693,False,0.8548868624143,0.8550645935707271,False
3764,FVE81_RS11500,fumB,gene,1,1,genome,2,annotation_mediated,0,0,1,0,1,MS_14387,blaTEM-1b,False,0.07692307692307693,False,0.8548868624143,0.8550645935707271,False
3765,FVE81_RS11505,fumC,gene,1,1,genome,2,annotation_mediated,0,0,1,0,1,MS_14387,blaTEM-1b,False,0.07692307692307693,False,0.8548868624143,0.8550645935707271,False
3766,FVE81_RS12100,lsrF,gene,1,1,genome,2,annotation_mediated,0,0,1,0,1,MS_14387,blaTEM-1b,False,0.07692307692307693,False,0.8548868624143,0.8550645935707271,False
3767,FVE81_RS12370,adhP,gene,1,1,genome,2,annotation_mediated,0,0,1,0,1,MS_14387,blaTEM-1b,False,0.07692307692307693,False,0.8548868624143,0.8550645935707271,False
3768,FVE81_RS12685,gap,gene,1,1,genome,2,annotation_mediated,0,0,1,0,1,MS_14387,blaTEM-1b,False,0.07692307692307693,False,0.8548868624143,0.8550645935707271,False
3769,FVE81_RS12785,nifJ,gene,1,1,genome,2,annotation_mediated,0,0,1,0,1,MS_14387,blaTEM-1b,False,0.07692307692307693,False,0.8548868624143,0.8550645935707271,False
3770,FVE81_RS12875,mppA,gene,1,1,genome,2,annotation_mediated,0,0,1,0,1,MS_14387,blaTEM-1b,False,0.07692307692307693,False,0.8548868624143,0.8550645935707271,False
3771,FVE81_RS13035,fabI,gene,1,1,genome,2,annotation_mediated,0,0,1,0,1,MS_14387,blaTEM-1b,False,0.07692307692307693,False,0.8548868624143,0.8550645935707271,False
3772,FVE81_RS13105,acnA,gene,1,1,genome,2,annotation_mediated,0,0,1,0,1,MS_14387,blaTEM-1b,False,0.07692307692307693,False,0.8548868624143,0.8550645935707271,False
3773,FVE81_RS13180,trpE,gene,1,1,genome,2,annotation_mediated,0,0,1,0,1,MS_14387,blaTEM-1b,False,0.07692307692307693,False,0.8548868624143,0.8550645935707271,False
3774,FVE81_RS13185,trpD,gene,1,1,genome,2,annotation_mediated,0,0,1,0,1,MS_14387,blaTEM-1b,False,0.07692307692307693,False,0.8548868624143,0.8550645935707271,False
3775,FVE81_RS13195,trpB,gene,1,1,genome,2,annotation_mediated,0,0,1,0,1,MS_14387,blaTEM-1b,False,0.07692307692307693,False,0.8548868624143,0.8550645935707271,False
3776,FVE81_RS13200,trpA,gene,1,1,genome,2,annotation_mediated,0,0,1,0,1,MS_14387,blaTEM-1b,False,0.07692307692307693,False,0.8548868624143,0.8550645935707271,False
3777,FVE81_RS13275,oppF,gene,1,1,genome,2,annotation_mediated,0,0,1,0,1,MS_14387,blaTEM-1b,False,0.07692307692307693,False,0.8548868624143,0.8550645935707271,False
3778,FVE81_RS13280,oppD,gene,1,1,genome,2,annotation_mediated,0,0,1,0,1,MS_14387,blaTEM-1b,False,0.07692307692307693,False,0.8548868624143,0.8550645935707271,False
3779,FVE81_RS13290,oppB,gene,1,1,genome,2,annotation_mediated,0,0,1,0,1,MS_14387,blaTEM-1b,False,0.07692307692307693,False,0.8548868624143,0.8550645935707271,False
3780,FVE81_RS13295,oppA,gene,1,1,genome,2,annotation_mediated,0,0,1,0,1,MS_14387,blaTEM-1b,False,0.07692307692307693,False,0.8548868624143,0.8550645935707271,False
3781,FVE81_RS13305,adhE,gene,1,1,genome,2,annotation_mediated,0,0,1,0,1,MS_14387,blaTEM-1b,False,0.07692307692307693,False,0.8548868624143,0.8550645935707271,False
3782,FVE81_RS13335,galU,gene,1,1,genome,2,annotation_mediated,0,0,1,0,1,MS_14387,blaTEM-1b,False,0.07692307692307693,False,0.8548868624143,0.8550645935707271,False
3783,FVE81_RS13495,ispE,gene,1,1,genome,2,annotation_mediated,0,0,1,0,1,MS_14387,blaTEM-1b,False,0.07692307692307693,False,0.8548868624143,0.8550645935707271,False
3784,FVE81_RS13500,prs,gene,1,1,genome,2,annotation_mediated,0,0,1,0,1,MS_14387,blaTEM-1b,False,0.07692307692307693,False,0.8548868624143,0.8550645935707271,False
3785,FVE81_RS13605,ldcA,gene,1,1,genome,2,annotation_mediated,0,0,1,0,1,MS_14387,blaTEM-1b,False,0.07692307692307693,False,0.8548868624143,0.8550645935707271,False
3786,FVE81_RS14155,icd,gene,1,1,genome,2,annotation_mediated,0,0,1,0,1,MS_14387,blaTEM-1b,False,0.07692307692307693,False,0.8548868624143,0.8550645935707271,False
3787,FVE81_RS14180,purB,gene,1,1,genome,2,annotation_mediated,0,0,1,0,1,MS_14387,blaTEM-1b,False,0.07692307692307693,False,0.8548868624143,0.8550645935707271,False
3788,FVE81_RS14590,nagK,gene,1,1,genome,2,annotation_mediated,0,0,1,0,1,MS_14387,blaTEM-1b,False,0.07692307692307693,False,0.8548868624143,0.8550645935707271,False
3789,FVE81_RS14600,lolD,gene,1,1,genome,2,annotation_mediated,0,0,1,0,1,MS_14387,blaTEM-1b,False,0.07692307692307693,False,0.8548868624143,0.8550645935707271,False
3790,FVE81_RS14650,nagZ,gene,1,1,genome,2,annotation_mediated,0,0,1,0,1,MS_14387,blaTEM-1b,False,0.07692307692307693,False,0.8548868624143,0.8550645935707271,False
3791,FVE81_RS14725,fabG,gene,1,1,genome,2,annotation_mediated,0,0,1,0,1,MS_14387,blaTEM-1b,False,0.07692307692307693,False,0.8548868624143,0.8550645935707271,False
3792,FVE81_RS14730,fabD,gene,1,1,genome,2,annotation_mediated,0,0,1,0,1,MS_14387,blaTEM-1b,False,0.07692307692307693,False,0.8548868624143,0.8550645935707271,False
3793,FVE81_RS15080,putA,gene,1,1,genome,2,annotation_mediated,0,0,1,0,1,MS_14387,blaTEM-1b,False,0.07692307692307693,False,0.8548868624143,0.8550645935707271,False
3794,FVE81_RS15475,ompF,gene,1,1,genome,2,annotation_mediated,0,0,1,0,1,MS_14387,blaTEM-1b,False,0.07692307692307693,False,0.8548868624143,0.8550645935707271,False
3795,FVE81_RS15480,aspC,gene,1,1,genome,2,annotation_mediated,0,0,1,0,1,MS_14387,blaTEM-1b,False,0.07692307692307693,False,0.8548868624143,0.8550645935707271,False
3796,FVE81_RS15550,msbA,gene,1,1,genome,2,annotation_mediated,0,0,1,0,1,MS_14387,blaTEM-1b,False,0.07692307692307693,False,0.8548868624143,0.8550645935707271,False
3797,FVE81_RS15580,aroA,gene,1,1,genome,2,annotation_mediated,0,0,1,0,1,MS_14387,blaTEM-1b,False,0.07692307692307693,False,0.8548868624143,0.8550645935707271,False
3798,FVE81_RS15585,serC,gene,1,1,genome,2,annotation_mediated,0,0,1,0,1,MS_14387,blaTEM-1b,False,0.07692307692307693,False,0.8548868624143,0.8550645935707271,False
3799,FVE81_RS15765,ltaE,gene,1,1,genome,2,annotation_mediated,0,0,1,0,1,MS_14387,blaTEM-1b,False,0.07692307692307693,False,0.8548868624143,0.8550645935707271,False
3800,FVE81_RS15780,amiD,gene,1,1,genome,2,annotation_mediated,0,0,1,0,1,MS_14387,blaTEM-1b,False,0.07692307692307693,False,0.8548868624143,0.8550645935707271,False
3801,FVE81_RS16205,ybhF,gene,1,1,genome,2,annotation_mediated,0,0,1,0,1,MS_14387,blaTEM-1b,False,0.07692307692307693,False,0.8548868624143,0.8550645935707271,False
3802,FVE81_RS16210,ybhS,gene,1,1,genome,2,annotation_mediated,0,0,1,0,1,MS_14387,blaTEM-1b,False,0.07692307692307693,False,0.8548868624143,0.8550645935707271,False
3803,FVE81_RS16215,ybhR,gene,1,1,genome,2,annotation_mediated,0,0,1,0,1,MS_14387,blaTEM-1b,False,0.07692307692307693,False,0.8548868624143,0.8550645935707271,False
3804,FVE81_RS16640,pgl,gene,1,1,genome,2,annotation_mediated,0,0,1,0,1,MS_14387,blaTEM-1b,False,0.07692307692307693,False,0.8548868624143,0.8550645935707271,False
3805,FVE81_RS16695,galM,gene,1,1,genome,2,annotation_mediated,0,0,1,0,1,MS_14387,blaTEM-1b,False,0.07692307692307693,False,0.8548868624143,0.8550645935707271,False
3806,FVE81_RS16700,gpmA,gene,1,1,genome,2,annotation_mediated,0,0,1,0,1,MS_14387,blaTEM-1b,False,0.07692307692307693,False,0.8548868624143,0.8550645935707271,False
3807,FVE81_RS16705,aroG,gene,1,1,genome,2,annotation_mediated,0,0,1,0,1,MS_14387,blaTEM-1b,False,0.07692307692307693,False,0.8548868624143,0.8550645935707271,False
3808,FVE81_RS16900,sucD,gene,1,1,genome,2,annotation_mediated,0,0,1,0,1,MS_14387,blaTEM-1b,False,0.07692307692307693,False,0.8548868624143,0.8550645935707271,False
3809,FVE81_RS16905,sucC,gene,1,1,genome,2,annotation_mediated,0,0,1,0,1,MS_14387,blaTEM-1b,False,0.07692307692307693,False,0.8548868624143,0.8550645935707271,False
3810,FVE81_RS16910,odhB,gene,1,1,genome,2,annotation_mediated,0,0,1,0,1,MS_14387,blaTEM-1b,False,0.07692307692307693,False,0.8548868624143,0.8550645935707271,False
3811,FVE81_RS16915,sucA,gene,1,1,genome,2,annotation_mediated,0,0,1,0,1,MS_14387,blaTEM-1b,False,0.07692307692307693,False,0.8548868624143,0.8550645935707271,False
3812,FVE81_RS16920,sdhB,gene,1,1,genome,2,annotation_mediated,0,0,1,0,1,MS_14387,blaTEM-1b,False,0.07692307692307693,False,0.8548868624143,0.8550645935707271,False
3813,FVE81_RS16925,sdhA,gene,1,1,genome,2,annotation_mediated,0,0,1,0,1,MS_14387,blaTEM-1b,False,0.07692307692307693,False,0.8548868624143,0.8550645935707271,False
3814,FVE81_RS16930,sdhD,gene,1,1,genome,2,annotation_mediated,0,0,1,0,1,MS_14387,blaTEM-1b,False,0.07692307692307693,False,0.8548868624143,0.8550645935707271,False
3815,FVE81_RS16945,gltA,gene,1,1,genome,2,annotation_mediated,0,0,1,0,1,MS_14387,blaTEM-1b,False,0.07692307692307693,False,0.8548868624143,0.8550645935707271,False
3816,FVE81_RS17070,pgm,gene,1,1,genome,2,annotation_mediated,0,0,1,0,1,MS_14387,blaTEM-1b,False,0.07692307692307693,False,0.8548868624143,0.8550645935707271,False
3817,FVE81_RS17130,nagA,gene,1,1,genome,2,annotation_mediated,0,0,1,0,1,MS_14387,blaTEM-1b,False,0.07692307692307693,False,0.8548868624143,0.8550645935707271,False
3818,FVE81_RS17135,nagC,gene,1,1,genome,2,annotation_mediated,0,0,1,0,1,MS_14387,blaTEM-1b,False,0.07692307692307693,False,0.8548868624143,0.8550645935707271,False
3819,FVE81_RS17320,mrdA,gene,1,1,genome,2,annotation_mediated,0,0,1,0,1,MS_14387,blaTEM-1b,False,0.07692307692307693,False,0.8548868624143,0.8550645935707271,False
3820,FVE81_RS17510,entB,gene,1,1,genome,2,annotation_mediated,0,0,1,0,1,MS_14387,blaTEM-1b,False,0.07692307692307693,False,0.8548868624143,0.8550645935707271,False
3821,FVE81_RS17515,entE,gene,1,1,genome,2,annotation_mediated,0,0,1,0,1,MS_14387,blaTEM-1b,False,0.07692307692307693,False,0.8548868624143,0.8550645935707271,False
3822,FVE81_RS17555,entF,gene,1,1,genome,2,annotation_mediated,0,0,1,0,1,MS_14387,blaTEM-1b,False,0.07692307692307693,False,0.8548868624143,0.8550645935707271,False
3823,FVE81_RS17640,cusC,gene,1,1,genome,2,annotation_mediated,0,0,1,0,1,MS_14387,blaTEM-1b,False,0.07692307692307693,False,0.8548868624143,0.8550645935707271,False
3824,FVE81_RS17920,ompC,gene,1,1,genome,2,annotation_mediated,0,0,1,0,1,MS_14387,blaTEM-1b,False,0.07692307692307693,False,0.8548868624143,0.8550645935707271,False
3825,FVE81_RS18140,purE,gene,1,1,genome,2,annotation_mediated,0,0,1,0,1,MS_14387,blaTEM-1b,False,0.07692307692307693,False,0.8548868624143,0.8550645935707271,False
3826,FVE81_RS18145,purK,gene,1,1,genome,2,annotation_mediated,0,0,1,0,1,MS_14387,blaTEM-1b,False,0.07692307692307693,False,0.8548868624143,0.8550645935707271,False
3827,FVE81_RS18185,glxK,gene,1,1,genome,2,annotation_mediated,0,0,1,0,1,MS_14387,blaTEM-1b,False,0.07692307692307693,False,0.8548868624143,0.8550645935707271,False
3828,FVE81_RS18385,adk,gene,1,1,genome,2,annotation_mediated,0,0,1,0,1,MS_14387,blaTEM-1b,False,0.07692307692307693,False,0.8548868624143,0.8550645935707271,False
3829,FVE81_RS18440,acrA,gene,1,1,genome,2,annotation_mediated,0,0,1,0,1,MS_14387,blaTEM-1b,False,0.07692307692307693,False,0.8548868624143,0.8550645935707271,False
3830,FVE81_RS18445,acrB,gene,1,1,genome,2,annotation_mediated,0,0,1,0,1,MS_14387,blaTEM-1b,False,0.07692307692307693,False,0.8548868624143,0.8550645935707271,False
3831,FVE81_RS18650,ispA,gene,1,1,genome,2,annotation_mediated,0,0,1,0,1,MS_14387,blaTEM-1b,False,0.07692307692307693,False,0.8548868624143,0.8550645935707271,False
3832,FVE81_RS18655,dxs,gene,1,1,genome,2,annotation_mediated,0,0,1,0,1,MS_14387,blaTEM-1b,False,0.07692307692307693,False,0.8548868624143,0.8550645935707271,False
3833,FVE81_RS18795,mak,gene,1,1,genome,2,annotation_mediated,0,0,1,0,1,MS_14387,blaTEM-1b,False,0.07692307692307693,False,0.8548868624143,0.8550645935707271,False
3834,FVE81_RS18830,aroL,gene,1,1,genome,2,annotation_mediated,0,0,1,0,1,MS_14387,blaTEM-1b,False,0.07692307692307693,False,0.8548868624143,0.8550645935707271,False
3835,FVE81_RS18840,proC,gene,1,1,genome,2,annotation_mediated,0,0,1,0,1,MS_14387,blaTEM-1b,False,0.07692307692307693,False,0.8548868624143,0.8550645935707271,False
3836,FVE81_RS18960,frmA,gene,1,1,genome,2,annotation_mediated,0,0,1,0,1,MS_14387,blaTEM-1b,False,0.07692307692307693,False,0.8548868624143,0.8550645935707271,False
3837,FVE81_RS19415,proA,gene,1,1,genome,2,annotation_mediated,0,0,1,0,1,MS_14387,blaTEM-1b,False,0.07692307692307693,False,0.8548868624143,0.8550645935707271,False
3838,FVE81_RS19420,proB,gene,1,1,genome,2,annotation_mediated,0,0,1,0,1,MS_14387,blaTEM-1b,False,0.07692307692307693,False,0.8548868624143,0.8550645935707271,False
3839,FVE81_RS20065,accA,gene,1,1,genome,2,annotation_mediated,0,0,1,0,1,MS_14387,blaTEM-1b,False,0.07692307692307693,False,0.8548868624143,0.8550645935707271,False
3840,FVE81_RS20125,ispC,gene,1,1,genome,2,annotation_mediated,0,0,1,0,1,MS_14387,blaTEM-1b,False,0.07692307692307693,False,0.8548868624143,0.8550645935707271,False
3841,FVE81_RS20350,yadG,gene,1,1,genome,2,annotation_mediated,0,0,1,0,1,MS_14387,blaTEM-1b,False,0.07692307692307693,False,0.8548868624143,0.8550645935707271,False
3842,FVE81_RS20365,gcd,gene,1,1,genome,2,annotation_mediated,0,0,1,0,1,MS_14387,blaTEM-1b,False,0.07692307692307693,False,0.8548868624143,0.8550645935707271,False
3843,FVE81_RS20400,acnB,gene,1,1,genome,2,annotation_mediated,0,0,1,0,1,MS_14387,blaTEM-1b,False,0.07692307692307693,False,0.8548868624143,0.8550645935707271,False
3844,FVE81_RS20410,lpdA,gene,1,1,genome,2,annotation_mediated,0,0,1,0,1,MS_14387,blaTEM-1b,False,0.07692307692307693,False,0.8548868624143,0.8550645935707271,False
3845,FVE81_RS20415,aceF,gene,1,1,genome,2,annotation_mediated,0,0,1,0,1,MS_14387,blaTEM-1b,False,0.07692307692307693,False,0.8548868624143,0.8550645935707271,False
3846,FVE81_RS20420,aceE,gene,1,1,genome,2,annotation_mediated,0,0,1,0,1,MS_14387,blaTEM-1b,False,0.07692307692307693,False,0.8548868624143,0.8550645935707271,False
3847,FVE81_RS20435,ampE,gene,1,1,genome,2,annotation_mediated,0,0,1,0,1,MS_14387,blaTEM-1b,False,0.07692307692307693,False,0.8548868624143,0.8550645935707271,False
3848,FVE81_RS20440,ampD,gene,1,1,genome,2,annotation_mediated,0,0,1,0,1,MS_14387,blaTEM-1b,False,0.07692307692307693,False,0.8548868624143,0.8550645935707271,False
3849,FVE81_RS20840,dapB,gene,1,1,genome,2,annotation_mediated,0,0,1,0,1,MS_14387,blaTEM-1b,False,0.07692307692307693,False,0.8548868624143,0.8550645935707271,False
3850,FVE81_RS20850,ispH,gene,1,1,genome,2,annotation_mediated,0,0,1,0,1,MS_14387,blaTEM-1b,False,0.07692307692307693,False,0.8548868624143,0.8550645935707271,False
3851,FVE81_RS20955,tal,gene,1,1,genome,2,annotation_mediated,0,0,1,0,1,MS_14387,blaTEM-1b,False,0.07692307692307693,False,0.8548868624143,0.8550645935707271,False
3852,FVE81_RS20985,thrA,gene,1,1,genome,2,annotation_mediated,0,0,1,0,1,MS_14387,blaTEM-1b,False,0.07692307692307693,False,0.8548868624143,0.8550645935707271,False
3853,FVE81_RS21035,gpmB,gene,1,1,genome,2,annotation_mediated,0,0,1,0,1,MS_14387,blaTEM-1b,False,0.07692307692307693,False,0.8548868624143,0.8550645935707271,False
3854,FVE81_RS21100,serB,gene,1,1,genome,2,annotation_mediated,0,0,1,0,1,MS_14387,blaTEM-1b,False,0.07692307692307693,False,0.8548868624143,0.8550645935707271,False
3855,FVE81_RS21365,hsdS,gene,1,1,genome,2,annotation_mediated,0,0,1,0,1,MS_14387,blaTEM-1b,False,0.07692307692307693,False,0.8548868624143,0.8550645935707271,False
3856,FVE81_RS22005,argF,gene,1,1,genome,2,annotation_mediated,0,0,1,0,1,MS_14387,blaTEM-1b,False,0.07692307692307693,False,0.8548868624143,0.8550645935707271,False
3857,FVE81_RS22120,fbp,gene,1,1,genome,2,annotation_mediated,0,0,1,0,1,MS_14387,blaTEM-1b,False,0.07692307692307693,False,0.8548868624143,0.8550645935707271,False
3858,FVE81_RS22185,cysQ,gene,1,1,genome,2,annotation_mediated,0,0,1,0,1,MS_14387,blaTEM-1b,False,0.07692307692307693,False,0.8548868624143,0.8550645935707271,False
3859,FVE81_RS22500,frdA,gene,1,1,genome,2,annotation_mediated,0,0,1,0,1,MS_14387,blaTEM-1b,False,0.07692307692307693,False,0.8548868624143,0.8550645935707271,False
3860,FVE81_RS22505,frdB,gene,1,1,genome,2,annotation_mediated,0,0,1,0,1,MS_14387,blaTEM-1b,False,0.07692307692307693,False,0.8548868624143,0.8550645935707271,False
3861,FVE81_RS22510,frdC,gene,1,1,genome,2,annotation_mediated,0,0,1,0,1,MS_14387,blaTEM-1b,False,0.07692307692307693,False,0.8548868624143,0.8550645935707271,False
3862,FVE81_RS22520,ampC,gene,1,1,genome,2,annotation_mediated,0,0,1,0,1,MS_14387,blaTEM-1b,False,0.07692307692307693,False,0.8548868624143,0.8550645935707271,False
3863,FVE81_RS22680,fumB,gene,1,1,genome,2,annotation_mediated,0,0,1,0,1,MS_14387,blaTEM-1b,False,0.07692307692307693,False,0.8548868624143,0.8550645935707271,False
3864,FVE81_RS22930,acs,gene,1,1,genome,2,annotation_mediated,0,0,1,0,1,MS_14387,blaTEM-1b,False,0.07692307692307693,False,0.8548868624143,0.8550645935707271,False
3865,FVE81_RS23010,tyrB,gene,1,1,genome,2,annotation_mediated,0,0,1,0,1,MS_14387,blaTEM-1b,False,0.07692307692307693,False,0.8548868624143,0.8550645935707271,False
3866,FVE81_RS23155,pgi,gene,1,1,genome,2,annotation_mediated,0,0,1,0,1,MS_14387,blaTEM-1b,False,0.07692307692307693,False,0.8548868624143,0.8550645935707271,False
3867,FVE81_RS23160,lysC,gene,1,1,genome,2,annotation_mediated,0,0,1,0,1,MS_14387,blaTEM-1b,False,0.07692307692307693,False,0.8548868624143,0.8550645935707271,False
3868,FVE81_RS23295,purH,gene,1,1,genome,2,annotation_mediated,0,0,1,0,1,MS_14387,blaTEM-1b,False,0.07692307692307693,False,0.8548868624143,0.8550645935707271,False
3869,FVE81_RS23300,purD,gene,1,1,genome,2,annotation_mediated,0,0,1,0,1,MS_14387,blaTEM-1b,False,0.07692307692307693,False,0.8548868624143,0.8550645935707271,False
3870,FVE81_RS23525,argH,gene,1,1,genome,2,annotation_mediated,0,0,1,0,1,MS_14387,blaTEM-1b,False,0.07692307692307693,False,0.8548868624143,0.8550645935707271,False
3871,FVE81_RS23530,argB,gene,1,1,genome,2,annotation_mediated,0,0,1,0,1,MS_14387,blaTEM-1b,False,0.07692307692307693,False,0.8548868624143,0.8550645935707271,False
3872,FVE81_RS23540,argE,gene,1,1,genome,2,annotation_mediated,0,0,1,0,1,MS_14387,blaTEM-1b,False,0.07692307692307693,False,0.8548868624143,0.8550645935707271,False
3873,FVE81_RS23630,metL,gene,1,1,genome,2,annotation_mediated,0,0,1,0,1,MS_14387,blaTEM-1b,False,0.07692307692307693,False,0.8548868624143,0.8550645935707271,False
3874,FVE81_RS23635,metB,gene,1,1,genome,2,annotation_mediated,0,0,1,0,1,MS_14387,blaTEM-1b,False,0.07692307692307693,False,0.8548868624143,0.8550645935707271,False
3875,FVE81_RS23715,glpX,gene,1,1,genome,2,annotation_mediated,0,0,1,0,1,MS_14387,blaTEM-1b,False,0.07692307692307693,False,0.8548868624143,0.8550645935707271,False
3876,FVE81_RS23745,tpiA,gene,1,1,genome,2,annotation_mediated,0,0,1,0,1,MS_14387,blaTEM-1b,False,0.07692307692307693,False,0.8548868624143,0.8550645935707271,False
3877,FVE81_RS23760,pfkA,gene,1,1,genome,2,annotation_mediated,0,0,1,0,1,MS_14387,blaTEM-1b,False,0.07692307692307693,False,0.8548868624143,0.8550645935707271,False
3878,FVE81_RS24125,fadB,gene,1,1,genome,2,annotation_mediated,0,0,1,0,1,MS_14387,blaTEM-1b,False,0.07692307692307693,False,0.8548868624143,0.8550645935707271,False
3879,FVE81_RS24130,fadA,gene,1,1,genome,2,annotation_mediated,0,0,1,0,1,MS_14387,blaTEM-1b,False,0.07692307692307693,False,0.8548868624143,0.8550645935707271,False
3880,FVE81_RS24195,ysgA,gene,1,1,genome,2,annotation_mediated,0,0,1,0,1,MS_14387,blaTEM-1b,False,0.07692307692307693,False,0.8548868624143,0.8550645935707271,False
3881,FVE81_RS24300,dapF,gene,1,1,genome,2,annotation_mediated,0,0,1,0,1,MS_14387,blaTEM-1b,False,0.07692307692307693,False,0.8548868624143,0.8550645935707271,False
3882,FVE81_RS24410,rfbA,gene,1,1,genome,2,annotation_mediated,0,0,1,0,1,MS_14387,blaTEM-1b,False,0.07692307692307693,False,0.8548868624143,0.8550645935707271,False
3883,FVE81_RS24415,rffG,gene,1,1,genome,2,annotation_mediated,0,0,1,0,1,MS_14387,blaTEM-1b,False,0.07692307692307693,False,0.8548868624143,0.8550645935707271,False
3884,FVE81_RS24475,ilvC,gene,1,1,genome,2,annotation_mediated,0,0,1,0,1,MS_14387,blaTEM-1b,False,0.07692307692307693,False,0.8548868624143,0.8550645935707271,False
3885,FVE81_RS24485,ilvA,gene,1,1,genome,2,annotation_mediated,0,0,1,0,1,MS_14387,blaTEM-1b,False,0.07692307692307693,False,0.8548868624143,0.8550645935707271,False
3886,FVE81_RS24490,ilvD,gene,1,1,genome,2,annotation_mediated,0,0,1,0,1,MS_14387,blaTEM-1b,False,0.07692307692307693,False,0.8548868624143,0.8550645935707271,False
3887,FVE81_RS24495,ilvE,gene,1,1,genome,2,annotation_mediated,0,0,1,0,1,MS_14387,blaTEM-1b,False,0.07692307692307693,False,0.8548868624143,0.8550645935707271,False
3888,FVE81_RS24505,ilvG,gene,1,1,genome,2,annotation_mediated,0,0,1,0,1,MS_14387,blaTEM-1b,False,0.07692307692307693,False,0.8548868624143,0.8550645935707271,False
3889,FVE81_RS24690,glmU,gene,1,1,genome,2,annotation_mediated,0,0,1,0,1,MS_14387,blaTEM-1b,False,0.07692307692307693,False,0.8548868624143,0.8550645935707271,False
3890,FVE81_RS24695,glmS,gene,1,1,genome,2,annotation_mediated,0,0,1,0,1,MS_14387,blaTEM-1b,False,0.07692307692307693,False,0.8548868624143,0.8550645935707271,False
3891,FVE81_RS25045,nan,gene,1,1,genome,2,annotation_mediated,0,0,1,0,1,MS_14387,blaTEM-1b,False,0.07692307692307693,False,0.8548868624143,0.8550645935707271,False
3892,FVE81_RS25125,nan,gene,1,1,genome,2,graph_derived,0,1,0,0,0,MS_14387,blaTEM-1b,False,0.07692307692307693,False,0.8548868624143,0.8550645935707271,False
3893,FVE81_RS25150,nan,gene,1,1,genome,2,graph_derived,0,1,0,0,0,MS_14387,blaTEM-1b,False,0.07692307692307693,False,0.8548868624143,0.8550645935707271,False
3894,WP_000024845.1,mdtF,protein,1,1,proteome,2,annotation_mediated,0,0,1,0,0,MS_14387,blaTEM-1b,False,0.07692307692307693,False,0.7948535422438676,0.8550645935707271,False
3895,WP_000051555.1,ldcA,protein,1,1,proteome,2,annotation_mediated,0,0,1,0,0,MS_14387,blaTEM-1b,False,0.07692307692307693,False,0.7948535422438676,0.8550645935707271,False
3896,WP_000070131.1,ybhS,protein,1,1,proteome,2,annotation_mediated,0,0,1,0,0,MS_14387,blaTEM-1b,False,0.07692307692307693,False,0.7948535422438676,0.8550645935707271,False
3897,WP_000149141.1,rbbA,protein,1,1,proteome,2,annotation_mediated,0,0,1,0,0,MS_14387,blaTEM-1b,False,0.07692307692307693,False,0.7948535422438676,0.8550645935707271,False
3898,WP_000551266.1,msbA,protein,1,1,proteome,2,annotation_mediated,0,0,1,0,0,MS_14387,blaTEM-1b,False,0.07692307692307693,False,0.7948535422438676,0.8550645935707271,False
3899,WP_000923726.1,ampD,protein,1,1,proteome,2,annotation_mediated,0,0,1,0,0,MS_14387,blaTEM-1b,False,0.07692307692307693,False,0.7948535422438676,0.8550645935707271,False
3900,WP_000940059.1,nan,protein,1,1,proteome,2,annotation_mediated,0,0,1,0,0,MS_14387,blaTEM-1b,False,0.07692307692307693,False,0.7948535422438676,0.8550645935707271,False
3901,WP_001197910.1,mdtB,protein,1,1,proteome,2,annotation_mediated,0,0,1,0,0,MS_14387,blaTEM-1b,False,0.07692307692307693,False,0.7948535422438676,0.8550645935707271,False
3902,WP_001255163.1,amiD,protein,1,1,proteome,2,annotation_mediated,0,0,1,0,0,MS_14387,blaTEM-1b,False,0.07692307692307693,False,0.7948535422438676,0.8550645935707271,False
3903,WP_001272445.1,hsdS,protein,1,1,proteome,2,annotation_mediated,0,0,1,0,0,MS_14387,blaTEM-1b,False,0.07692307692307693,False,0.7948535422438676,0.8550645935707271,False
3904,WP_001300356.1,ydhJ,protein,1,1,proteome,2,annotation_mediated,0,0,1,0,0,MS_14387,blaTEM-1b,False,0.07692307692307693,False,0.7948535422438676,0.8550645935707271,False
3905,WP_001309369.1,ybhF,protein,1,1,proteome,2,annotation_mediated,0,0,1,0,0,MS_14387,blaTEM-1b,False,0.07692307692307693,False,0.7948535422438676,0.8550645935707271,False
3906,WP_001322655.1,pbp4b,protein,1,1,proteome,2,annotation_mediated,0,0,1,0,0,MS_14387,blaTEM-1b,False,0.07692307692307693,False,0.7948535422438676,0.8550645935707271,False
3907,WP_001376670.1,ampC,protein,1,1,proteome,2,annotation_mediated,0,0,1,0,0,MS_14387,blaTEM-1b,False,0.07692307692307693,False,0.7948535422438676,0.8550645935707271,False
3908,FVE81_RS00345,trmH,gene,1,1,genome,2,annotation_mediated,0,0,1,0,1,MS_14387,strAB,False,0.07692307692307693,False,0.8548868624143,0.8550645935707271,False
3909,FVE81_RS00385,rph,gene,1,1,genome,2,annotation_mediated,0,0,1,0,1,MS_14387,strAB,False,0.07692307692307693,False,0.8548868624143,0.8550645935707271,False
3910,FVE81_RS00415,rpmB,gene,1,1,genome,2,annotation_mediated,0,0,1,0,1,MS_14387,strAB,False,0.07692307692307693,False,0.8548868624143,0.8550645935707271,False
3911,FVE81_RS00560,trmL,gene,1,1,genome,2,annotation_mediated,0,0,1,0,1,MS_14387,strAB,False,0.07692307692307693,False,0.8548868624143,0.8550645935707271,False
3912,FVE81_RS00630,selA,gene,1,1,genome,2,annotation_mediated,0,0,1,0,1,MS_14387,strAB,False,0.07692307692307693,False,0.8548868624143,0.8550645935707271,False
3913,FVE81_RS00795,glyQ,gene,1,1,genome,2,annotation_mediated,0,0,1,0,1,MS_14387,strAB,False,0.07692307692307693,False,0.8548868624143,0.8550645935707271,False
3914,FVE81_RS00800,glyS,gene,1,1,genome,2,annotation_mediated,0,0,1,0,1,MS_14387,strAB,False,0.07692307692307693,False,0.8548868624143,0.8550645935707271,False
3915,FVE81_RS01230,rlmJ,gene,1,1,genome,2,annotation_mediated,0,0,1,0,1,MS_14387,strAB,False,0.07692307692307693,False,0.8548868624143,0.8550645935707271,False
3916,FVE81_RS01240,rsmJ,gene,1,1,genome,2,annotation_mediated,0,0,1,0,1,MS_14387,strAB,False,0.07692307692307693,False,0.8548868624143,0.8550645935707271,False
3917,FVE81_RS01480,tusA,gene,1,1,genome,2,annotation_mediated,0,0,1,0,1,MS_14387,strAB,False,0.07692307692307693,False,0.8548868624143,0.8550645935707271,False
3918,FVE81_RS01510,rsmD,gene,1,1,genome,2,annotation_mediated,0,0,1,0,1,MS_14387,strAB,False,0.07692307692307693,False,0.8548868624143,0.8550645935707271,False
3919,FVE81_RS01935,trpS,gene,1,1,genome,2,annotation_mediated,0,0,1,0,1,MS_14387,strAB,False,0.07692307692307693,False,0.8548868624143,0.8550645935707271,False
3920,FVE81_RS02115,tusC,gene,1,1,genome,2,annotation_mediated,0,0,1,0,1,MS_14387,strAB,False,0.07692307692307693,False,0.8548868624143,0.8550645935707271,False
3921,FVE81_RS02120,tusB,gene,1,1,genome,2,annotation_mediated,0,0,1,0,1,MS_14387,strAB,False,0.07692307692307693,False,0.8548868624143,0.8550645935707271,False
3922,FVE81_RS02130,rpsG,gene,1,1,genome,2,annotation_mediated,0,0,1,0,1,MS_14387,strAB,False,0.07692307692307693,False,0.8548868624143,0.8550645935707271,False
3923,FVE81_RS02135,fusA,gene,1,1,genome,2,annotation_mediated,0,0,1,0,1,MS_14387,strAB,False,0.07692307692307693,False,0.8548868624143,0.8550645935707271,False
3924,FVE81_RS02160,rpsJ,gene,1,1,genome,2,annotation_mediated,0,0,1,0,1,MS_14387,strAB,False,0.07692307692307693,False,0.8548868624143,0.8550645935707271,False
3925,FVE81_RS02165,rplC,gene,1,1,genome,2,annotation_mediated,0,0,1,0,1,MS_14387,strAB,False,0.07692307692307693,False,0.8548868624143,0.8550645935707271,False
3926,FVE81_RS02175,rplW,gene,1,1,genome,2,annotation_mediated,0,0,1,0,1,MS_14387,strAB,False,0.07692307692307693,False,0.8548868624143,0.8550645935707271,False
3927,FVE81_RS02180,rplB,gene,1,1,genome,2,annotation_mediated,0,0,1,0,1,MS_14387,strAB,False,0.07692307692307693,False,0.8548868624143,0.8550645935707271,False
3928,FVE81_RS02185,rpsS,gene,1,1,genome,2,annotation_mediated,0,0,1,0,1,MS_14387,strAB,False,0.07692307692307693,False,0.8548868624143,0.8550645935707271,False
3929,FVE81_RS02195,rpsC,gene,1,1,genome,2,annotation_mediated,0,0,1,0,1,MS_14387,strAB,False,0.07692307692307693,False,0.8548868624143,0.8550645935707271,False
3930,FVE81_RS02200,rplP,gene,1,1,genome,2,annotation_mediated,0,0,1,0,1,MS_14387,strAB,False,0.07692307692307693,False,0.8548868624143,0.8550645935707271,False
3931,FVE81_RS02205,rpmC,gene,1,1,genome,2,annotation_mediated,0,0,1,0,1,MS_14387,strAB,False,0.07692307692307693,False,0.8548868624143,0.8550645935707271,False
3932,FVE81_RS02215,rplN,gene,1,1,genome,2,annotation_mediated,0,0,1,0,1,MS_14387,strAB,False,0.07692307692307693,False,0.8548868624143,0.8550645935707271,False
3933,FVE81_RS02220,rplX,gene,1,1,genome,2,annotation_mediated,0,0,1,0,1,MS_14387,strAB,False,0.07692307692307693,False,0.8548868624143,0.8550645935707271,False
3934,FVE81_RS02225,rplE,gene,1,1,genome,2,annotation_mediated,0,0,1,0,1,MS_14387,strAB,False,0.07692307692307693,False,0.8548868624143,0.8550645935707271,False
3935,FVE81_RS02230,rpsN,gene,1,1,genome,2,annotation_mediated,0,0,1,0,1,MS_14387,strAB,False,0.07692307692307693,False,0.8548868624143,0.8550645935707271,False
3936,FVE81_RS02235,rpsH,gene,1,1,genome,2,annotation_mediated,0,0,1,0,1,MS_14387,strAB,False,0.07692307692307693,False,0.8548868624143,0.8550645935707271,False
3937,FVE81_RS02245,rplR,gene,1,1,genome,2,annotation_mediated,0,0,1,0,1,MS_14387,strAB,False,0.07692307692307693,False,0.8548868624143,0.8550645935707271,False
3938,FVE81_RS02255,rpmD,gene,1,1,genome,2,annotation_mediated,0,0,1,0,1,MS_14387,strAB,False,0.07692307692307693,False,0.8548868624143,0.8550645935707271,False
3939,FVE81_RS02260,rplO,gene,1,1,genome,2,annotation_mediated,0,0,1,0,1,MS_14387,strAB,False,0.07692307692307693,False,0.8548868624143,0.8550645935707271,False
3940,FVE81_RS02270,rpmJ,gene,1,1,genome,2,annotation_mediated,0,0,1,0,1,MS_14387,strAB,False,0.07692307692307693,False,0.8548868624143,0.8550645935707271,False
3941,FVE81_RS02275,rpsM,gene,1,1,genome,2,annotation_mediated,0,0,1,0,1,MS_14387,strAB,False,0.07692307692307693,False,0.8548868624143,0.8550645935707271,False
3942,FVE81_RS02280,rpsK,gene,1,1,genome,2,annotation_mediated,0,0,1,0,1,MS_14387,strAB,False,0.07692307692307693,False,0.8548868624143,0.8550645935707271,False
3943,FVE81_RS02295,rplQ,gene,1,1,genome,2,annotation_mediated,0,0,1,0,1,MS_14387,strAB,False,0.07692307692307693,False,0.8548868624143,0.8550645935707271,False
3944,FVE81_RS02325,rsmB,gene,1,1,genome,2,annotation_mediated,0,0,1,0,1,MS_14387,strAB,False,0.07692307692307693,False,0.8548868624143,0.8550645935707271,False
3945,FVE81_RS02330,fmt,gene,1,1,genome,2,annotation_mediated,0,0,1,0,1,MS_14387,strAB,False,0.07692307692307693,False,0.8548868624143,0.8550645935707271,False
3946,FVE81_RS02335,def,gene,1,1,genome,2,annotation_mediated,0,0,1,0,1,MS_14387,strAB,False,0.07692307692307693,False,0.8548868624143,0.8550645935707271,False
3947,FVE81_RS02465,dusB,gene,1,1,genome,2,annotation_mediated,0,0,1,0,1,MS_14387,strAB,False,0.07692307692307693,False,0.8548868624143,0.8550645935707271,False
3948,FVE81_RS02470,prmA,gene,1,1,genome,2,annotation_mediated,0,0,1,0,1,MS_14387,strAB,False,0.07692307692307693,False,0.8548868624143,0.8550645935707271,False
3949,FVE81_RS02530,rng,gene,1,1,genome,2,annotation_mediated,0,0,1,0,1,MS_14387,strAB,False,0.07692307692307693,False,0.8548868624143,0.8550645935707271,False
3950,FVE81_RS02605,rplM,gene,1,1,genome,2,annotation_mediated,0,0,1,0,1,MS_14387,strAB,False,0.07692307692307693,False,0.8548868624143,0.8550645935707271,False
3951,FVE81_RS02610,rpsI,gene,1,1,genome,2,annotation_mediated,0,0,1,0,1,MS_14387,strAB,False,0.07692307692307693,False,0.8548868624143,0.8550645935707271,False
3952,FVE81_RS02720,hpf,gene,1,1,genome,2,annotation_mediated,0,0,1,0,1,MS_14387,strAB,False,0.07692307692307693,False,0.8548868624143,0.8550645935707271,False
3953,FVE81_RS02805,rplU,gene,1,1,genome,2,annotation_mediated,0,0,1,0,1,MS_14387,strAB,False,0.07692307692307693,False,0.8548868624143,0.8550645935707271,False
3954,FVE81_RS02810,rpmA,gene,1,1,genome,2,annotation_mediated,0,0,1,0,1,MS_14387,strAB,False,0.07692307692307693,False,0.8548868624143,0.8550645935707271,False
3955,FVE81_RS02835,yhbY,gene,1,1,genome,2,annotation_mediated,0,0,1,0,1,MS_14387,strAB,False,0.07692307692307693,False,0.8548868624143,0.8550645935707271,False
3956,FVE81_RS02840,rlmE,gene,1,1,genome,2,annotation_mediated,0,0,1,0,1,MS_14387,strAB,False,0.07692307692307693,False,0.8548868624143,0.8550645935707271,False
3957,FVE81_RS02895,infB,gene,1,1,genome,2,annotation_mediated,0,0,1,0,1,MS_14387,strAB,False,0.07692307692307693,False,0.8548868624143,0.8550645935707271,False
3958,FVE81_RS02900,rbfA,gene,1,1,genome,2,annotation_mediated,0,0,1,0,1,MS_14387,strAB,False,0.07692307692307693,False,0.8548868624143,0.8550645935707271,False
3959,FVE81_RS02905,truB,gene,1,1,genome,2,annotation_mediated,0,0,1,0,1,MS_14387,strAB,False,0.07692307692307693,False,0.8548868624143,0.8550645935707271,False
3960,FVE81_RS02910,rpsO,gene,1,1,genome,2,annotation_mediated,0,0,1,0,1,MS_14387,strAB,False,0.07692307692307693,False,0.8548868624143,0.8550645935707271,False
3961,FVE81_RS02915,pnp,gene,1,1,genome,2,annotation_mediated,0,0,1,0,1,MS_14387,strAB,False,0.07692307692307693,False,0.8548868624143,0.8550645935707271,False
3962,FVE81_RS03020,rsmI,gene,1,1,genome,2,annotation_mediated,0,0,1,0,1,MS_14387,strAB,False,0.07692307692307693,False,0.8548868624143,0.8550645935707271,False
3963,FVE81_RS03325,rlmG,gene,1,1,genome,2,annotation_mediated,0,0,1,0,1,MS_14387,strAB,False,0.07692307692307693,False,0.8548868624143,0.8550645935707271,False
3964,FVE81_RS03420,rpsU,gene,1,1,genome,2,annotation_mediated,0,0,1,0,1,MS_14387,strAB,False,0.07692307692307693,False,0.8548868624143,0.8550645935707271,False
3965,FVE81_RS03425,tsaD,gene,1,1,genome,2,annotation_mediated,0,0,1,0,1,MS_14387,strAB,False,0.07692307692307693,False,0.8548868624143,0.8550645935707271,False
3966,FVE81_RS03465,cca,gene,1,1,genome,2,annotation_mediated,0,0,1,0,1,MS_14387,strAB,False,0.07692307692307693,False,0.8548868624143,0.8550645935707271,False
3967,FVE81_RS04375,trmB,gene,1,1,genome,2,annotation_mediated,0,0,1,0,1,MS_14387,strAB,False,0.07692307692307693,False,0.8548868624143,0.8550645935707271,False
3968,FVE81_RS04460,rsmE,gene,1,1,genome,2,annotation_mediated,0,0,1,0,1,MS_14387,strAB,False,0.07692307692307693,False,0.8548868624143,0.8550645935707271,False
3969,FVE81_RS04790,prfB,gene,1,1,genome,2,annotation_mediated,0,0,1,0,1,MS_14387,strAB,False,0.07692307692307693,False,0.8548868624143,0.8550645935707271,False
3970,FVE81_RS05315,rlmM,gene,1,1,genome,2,annotation_mediated,0,0,1,0,1,MS_14387,strAB,False,0.07692307692307693,False,0.8548868624143,0.8550645935707271,False
3971,FVE81_RS05630,truD,gene,1,1,genome,2,annotation_mediated,0,0,1,0,1,MS_14387,strAB,False,0.07692307692307693,False,0.8548868624143,0.8550645935707271,False
3972,FVE81_RS05640,pcm,gene,1,1,genome,2,annotation_mediated,0,0,1,0,1,MS_14387,strAB,False,0.07692307692307693,False,0.8548868624143,0.8550645935707271,False
3973,FVE81_RS05870,alaS,gene,1,1,genome,2,annotation_mediated,0,0,1,0,1,MS_14387,strAB,False,0.07692307692307693,False,0.8548868624143,0.8550645935707271,False
3974,FVE81_RS05875,csrA,gene,1,1,genome,2,annotation_mediated,0,0,1,0,1,MS_14387,strAB,False,0.07692307692307693,False,0.8548868624143,0.8550645935707271,False
3975,FVE81_RS06270,smpB,gene,1,1,genome,2,annotation_mediated,0,0,1,0,1,MS_14387,strAB,False,0.07692307692307693,False,0.8548868624143,0.8550645935707271,False
3976,FVE81_RS06320,rpsP,gene,1,1,genome,2,annotation_mediated,0,0,1,0,1,MS_14387,strAB,False,0.07692307692307693,False,0.8548868624143,0.8550645935707271,False
3977,FVE81_RS06325,rimM,gene,1,1,genome,2,annotation_mediated,0,0,1,0,1,MS_14387,strAB,False,0.07692307692307693,False,0.8548868624143,0.8550645935707271,False
3978,FVE81_RS06330,trmD,gene,1,1,genome,2,annotation_mediated,0,0,1,0,1,MS_14387,strAB,False,0.07692307692307693,False,0.8548868624143,0.8550645935707271,False
3979,FVE81_RS06335,rplS,gene,1,1,genome,2,annotation_mediated,0,0,1,0,1,MS_14387,strAB,False,0.07692307692307693,False,0.8548868624143,0.8550645935707271,False
3980,FVE81_RS06380,raiA,gene,1,1,genome,2,annotation_mediated,0,0,1,0,1,MS_14387,strAB,False,0.07692307692307693,False,0.8548868624143,0.8550645935707271,False
3981,FVE81_RS06390,rluD,gene,1,1,genome,2,annotation_mediated,0,0,1,0,1,MS_14387,strAB,False,0.07692307692307693,False,0.8548868624143,0.8550645935707271,False
3982,FVE81_RS06440,patZ,gene,1,1,genome,2,annotation_mediated,0,0,1,0,1,MS_14387,strAB,False,0.07692307692307693,False,0.8548868624143,0.8550645935707271,False
3983,FVE81_RS06455,yfiF,gene,1,1,genome,2,annotation_mediated,0,0,1,0,1,MS_14387,strAB,False,0.07692307692307693,False,0.8548868624143,0.8550645935707271,False
3984,FVE81_RS06490,trmN,gene,1,1,genome,2,annotation_mediated,0,0,1,0,1,MS_14387,strAB,False,0.07692307692307693,False,0.8548868624143,0.8550645935707271,False
3985,FVE81_RS06525,lepA,gene,1,1,genome,2,annotation_mediated,0,0,1,0,1,MS_14387,strAB,False,0.07692307692307693,False,0.8548868624143,0.8550645935707271,False
3986,FVE81_RS06535,rnc,gene,1,1,genome,2,annotation_mediated,0,0,1,0,1,MS_14387,strAB,False,0.07692307692307693,False,0.8548868624143,0.8550645935707271,False
3987,FVE81_RS06715,trmJ,gene,1,1,genome,2,annotation_mediated,0,0,1,0,1,MS_14387,strAB,False,0.07692307692307693,False,0.8548868624143,0.8550645935707271,False
3988,FVE81_RS06820,der,gene,1,1,genome,2,annotation_mediated,0,0,1,0,1,MS_14387,strAB,False,0.07692307692307693,False,0.8548868624143,0.8550645935707271,False
3989,FVE81_RS07635,prmB,gene,1,1,genome,2,annotation_mediated,0,0,1,0,1,MS_14387,strAB,False,0.07692307692307693,False,0.8548868624143,0.8550645935707271,False
3990,FVE81_RS07665,mnmC,gene,1,1,genome,2,annotation_mediated,0,0,1,0,1,MS_14387,strAB,False,0.07692307692307693,False,0.8548868624143,0.8550645935707271,False
3991,FVE81_RS07695,truA,gene,1,1,genome,2,annotation_mediated,0,0,1,0,1,MS_14387,strAB,False,0.07692307692307693,False,0.8548868624143,0.8550645935707271,False
3992,FVE81_RS08345,rplY,gene,1,1,genome,2,annotation_mediated,0,0,1,0,1,MS_14387,strAB,False,0.07692307692307693,False,0.8548868624143,0.8550645935707271,False
3993,FVE81_RS08355,rsuA,gene,1,1,genome,2,annotation_mediated,0,0,1,0,1,MS_14387,strAB,False,0.07692307692307693,False,0.8548868624143,0.8550645935707271,False
3994,FVE81_RS08415,yeiP,gene,1,1,genome,2,annotation_mediated,0,0,1,0,1,MS_14387,strAB,False,0.07692307692307693,False,0.8548868624143,0.8550645935707271,False
3995,FVE81_RS08575,dusC,gene,1,1,genome,2,annotation_mediated,0,0,1,0,1,MS_14387,strAB,False,0.07692307692307693,False,0.8548868624143,0.8550645935707271,False
3996,FVE81_RS08720,metG,gene,1,1,genome,2,annotation_mediated,0,0,1,0,1,MS_14387,strAB,False,0.07692307692307693,False,0.8548868624143,0.8550645935707271,False
3997,FVE81_RS09695,hchA,gene,1,1,genome,2,annotation_mediated,0,0,1,0,1,MS_14387,strAB,False,0.07692307692307693,False,0.8548868624143,0.8550645935707271,False
3998,FVE81_RS10115,cheZ,gene,1,1,genome,2,annotation_mediated,0,0,1,0,1,MS_14387,strAB,False,0.07692307692307693,False,0.8548868624143,0.8550645935707271,False
3999,FVE81_RS10135,argS,gene,1,1,genome,2,annotation_mediated,0,0,1,0,1,MS_14387,strAB,False,0.07692307692307693,False,0.8548868624143,0.8550645935707271,False
4000,FVE81_RS10160,cmoB,gene,1,1,genome,2,annotation_mediated,0,0,1,0,1,MS_14387,strAB,False,0.07692307692307693,False,0.8548868624143,0.8550645935707271,False
4001,FVE81_RS10165,cmoA,gene,1,1,genome,2,annotation_mediated,0,0,1,0,1,MS_14387,strAB,False,0.07692307692307693,False,0.8548868624143,0.8550645935707271,False
4002,FVE81_RS10185,aspS,gene,1,1,genome,2,annotation_mediated,0,0,1,0,1,MS_14387,strAB,False,0.07692307692307693,False,0.8548868624143,0.8550645935707271,False
4003,FVE81_RS10360,rsmF,gene,1,1,genome,2,annotation_mediated,0,0,1,0,1,MS_14387,strAB,False,0.07692307692307693,False,0.8548868624143,0.8550645935707271,False
4004,FVE81_RS10430,rlmA,gene,1,1,genome,2,annotation_mediated,0,0,1,0,1,MS_14387,strAB,False,0.07692307692307693,False,0.8548868624143,0.8550645935707271,False
4005,FVE81_RS10495,yoaB,gene,1,1,genome,2,annotation_mediated,0,0,1,0,1,MS_14387,strAB,False,0.07692307692307693,False,0.8548868624143,0.8550645935707271,False
4006,FVE81_RS10520,rnd,gene,1,1,genome,2,annotation_mediated,0,0,1,0,1,MS_14387,strAB,False,0.07692307692307693,False,0.8548868624143,0.8550645935707271,False
4007,FVE81_RS10715,ansA,gene,1,1,genome,2,annotation_mediated,0,0,1,0,1,MS_14387,strAB,False,0.07692307692307693,False,0.8548868624143,0.8550645935707271,False
4008,FVE81_RS10950,thrS,gene,1,1,genome,2,annotation_mediated,0,0,1,0,1,MS_14387,strAB,False,0.07692307692307693,False,0.8548868624143,0.8550645935707271,False
4009,FVE81_RS10955,infC,gene,1,1,genome,2,annotation_mediated,0,0,1,0,1,MS_14387,strAB,False,0.07692307692307693,False,0.8548868624143,0.8550645935707271,False
4010,FVE81_RS10965,rplT,gene,1,1,genome,2,annotation_mediated,0,0,1,0,1,MS_14387,strAB,False,0.07692307692307693,False,0.8548868624143,0.8550645935707271,False
4011,FVE81_RS10975,pheS,gene,1,1,genome,2,annotation_mediated,0,0,1,0,1,MS_14387,strAB,False,0.07692307692307693,False,0.8548868624143,0.8550645935707271,False
4012,FVE81_RS10980,pheT,gene,1,1,genome,2,annotation_mediated,0,0,1,0,1,MS_14387,strAB,False,0.07692307692307693,False,0.8548868624143,0.8550645935707271,False
4013,FVE81_RS11295,rnt,gene,1,1,genome,2,annotation_mediated,0,0,1,0,1,MS_14387,strAB,False,0.07692307692307693,False,0.8548868624143,0.8550645935707271,False
4014,FVE81_RS11370,tyrS,gene,1,1,genome,2,annotation_mediated,0,0,1,0,1,MS_14387,strAB,False,0.07692307692307693,False,0.8548868624143,0.8550645935707271,False
4015,FVE81_RS11510,tus,gene,1,1,genome,2,annotation_mediated,0,0,1,0,1,MS_14387,strAB,False,0.07692307692307693,False,0.8548868624143,0.8550645935707271,False
4016,FVE81_RS11650,speG,gene,1,1,genome,2,annotation_mediated,0,0,1,0,1,MS_14387,strAB,False,0.07692307692307693,False,0.8548868624143,0.8550645935707271,False
4017,FVE81_RS11740,nan,gene,1,1,genome,2,annotation_mediated,0,0,1,0,1,MS_14387,strAB,False,0.07692307692307693,False,0.8548868624143,0.8550645935707271,False
4018,FVE81_RS12090,tam,gene,1,1,genome,2,annotation_mediated,0,0,1,0,1,MS_14387,strAB,False,0.07692307692307693,False,0.8548868624143,0.8550645935707271,False
4019,FVE81_RS12360,sra,gene,1,1,genome,2,annotation_mediated,0,0,1,0,1,MS_14387,strAB,False,0.07692307692307693,False,0.8548868624143,0.8550645935707271,False
4020,FVE81_RS12800,ttcA,gene,1,1,genome,2,annotation_mediated,0,0,1,0,1,MS_14387,strAB,False,0.07692307692307693,False,0.8548868624143,0.8550645935707271,False
4021,FVE81_RS13045,rnb,gene,1,1,genome,2,annotation_mediated,0,0,1,0,1,MS_14387,strAB,False,0.07692307692307693,False,0.8548868624143,0.8550645935707271,False
4022,FVE81_RS13075,yciH,gene,1,1,genome,2,annotation_mediated,0,0,1,0,1,MS_14387,strAB,False,0.07692307692307693,False,0.8548868624143,0.8550645935707271,False
4023,FVE81_RS13155,rluB,gene,1,1,genome,2,annotation_mediated,0,0,1,0,1,MS_14387,strAB,False,0.07692307692307693,False,0.8548868624143,0.8550645935707271,False
4024,FVE81_RS13165,yciO,gene,1,1,genome,2,annotation_mediated,0,0,1,0,1,MS_14387,strAB,False,0.07692307692307693,False,0.8548868624143,0.8550645935707271,False
4025,FVE81_RS13480,prfA,gene,1,1,genome,2,annotation_mediated,0,0,1,0,1,MS_14387,strAB,False,0.07692307692307693,False,0.8548868624143,0.8550645935707271,False
4026,FVE81_RS13515,pth,gene,1,1,genome,2,annotation_mediated,0,0,1,0,1,MS_14387,strAB,False,0.07692307692307693,False,0.8548868624143,0.8550645935707271,False
4027,FVE81_RS13520,ychF,gene,1,1,genome,2,annotation_mediated,0,0,1,0,1,MS_14387,strAB,False,0.07692307692307693,False,0.8548868624143,0.8550645935707271,False
4028,FVE81_RS14160,rluE,gene,1,1,genome,2,annotation_mediated,0,0,1,0,1,MS_14387,strAB,False,0.07692307692307693,False,0.8548868624143,0.8550645935707271,False
4029,FVE81_RS14170,mnmA,gene,1,1,genome,2,annotation_mediated,0,0,1,0,1,MS_14387,strAB,False,0.07692307692307693,False,0.8548868624143,0.8550645935707271,False
4030,FVE81_RS14745,rpmF,gene,1,1,genome,2,annotation_mediated,0,0,1,0,1,MS_14387,strAB,False,0.07692307692307693,False,0.8548868624143,0.8550645935707271,False
4031,FVE81_RS14760,rluC,gene,1,1,genome,2,annotation_mediated,0,0,1,0,1,MS_14387,strAB,False,0.07692307692307693,False,0.8548868624143,0.8550645935707271,False
4032,FVE81_RS14765,rne,gene,1,1,genome,2,annotation_mediated,0,0,1,0,1,MS_14387,strAB,False,0.07692307692307693,False,0.8548868624143,0.8550645935707271,False
4033,FVE81_RS14865,rimJ,gene,1,1,genome,2,annotation_mediated,0,0,1,0,1,MS_14387,strAB,False,0.07692307692307693,False,0.8548868624143,0.8550645935707271,False
4034,FVE81_RS15300,tusE,gene,1,1,genome,2,annotation_mediated,0,0,1,0,1,MS_14387,strAB,False,0.07692307692307693,False,0.8548868624143,0.8550645935707271,False
4035,FVE81_RS15310,rlmI,gene,1,1,genome,2,annotation_mediated,0,0,1,0,1,MS_14387,strAB,False,0.07692307692307693,False,0.8548868624143,0.8550645935707271,False
4036,FVE81_RS15380,rmf,gene,1,1,genome,2,annotation_mediated,0,0,1,0,1,MS_14387,strAB,False,0.07692307692307693,False,0.8548868624143,0.8550645935707271,False
4037,FVE81_RS15405,rlmKL,gene,1,1,genome,2,annotation_mediated,0,0,1,0,1,MS_14387,strAB,False,0.07692307692307693,False,0.8548868624143,0.8550645935707271,False
4038,FVE81_RS15470,asnS,gene,1,1,genome,2,annotation_mediated,0,0,1,0,1,MS_14387,strAB,False,0.07692307692307693,False,0.8548868624143,0.8550645935707271,False
4039,FVE81_RS15515,cmoM,gene,1,1,genome,2,annotation_mediated,0,0,1,0,1,MS_14387,strAB,False,0.07692307692307693,False,0.8548868624143,0.8550645935707271,False
4040,FVE81_RS15565,rpsA,gene,1,1,genome,2,annotation_mediated,0,0,1,0,1,MS_14387,strAB,False,0.07692307692307693,False,0.8548868624143,0.8550645935707271,False
4041,FVE81_RS15650,serS,gene,1,1,genome,2,annotation_mediated,0,0,1,0,1,MS_14387,strAB,False,0.07692307692307693,False,0.8548868624143,0.8550645935707271,False
4042,FVE81_RS15695,infA,gene,1,1,genome,2,annotation_mediated,0,0,1,0,1,MS_14387,strAB,False,0.07692307692307693,False,0.8548868624143,0.8550645935707271,False
4043,FVE81_RS15850,rlmC,gene,1,1,genome,2,annotation_mediated,0,0,1,0,1,MS_14387,strAB,False,0.07692307692307693,False,0.8548868624143,0.8550645935707271,False
4044,FVE81_RS15970,rimO,gene,1,1,genome,2,annotation_mediated,0,0,1,0,1,MS_14387,strAB,False,0.07692307692307693,False,0.8548868624143,0.8550645935707271,False
4045,FVE81_RS17115,glnS,gene,1,1,genome,2,annotation_mediated,0,0,1,0,1,MS_14387,strAB,False,0.07692307692307693,False,0.8548868624143,0.8550645935707271,False
4046,FVE81_RS17195,miaB,gene,1,1,genome,2,annotation_mediated,0,0,1,0,1,MS_14387,strAB,False,0.07692307692307693,False,0.8548868624143,0.8550645935707271,False
4047,FVE81_RS17205,ybeY,gene,1,1,genome,2,annotation_mediated,0,0,1,0,1,MS_14387,strAB,False,0.07692307692307693,False,0.8548868624143,0.8550645935707271,False
4048,FVE81_RS17280,ybeL,gene,1,1,genome,2,annotation_mediated,0,0,1,0,1,MS_14387,strAB,False,0.07692307692307693,False,0.8548868624143,0.8550645935707271,False
4049,FVE81_RS17285,leuS,gene,1,1,genome,2,annotation_mediated,0,0,1,0,1,MS_14387,strAB,False,0.07692307692307693,False,0.8548868624143,0.8550645935707271,False
4050,FVE81_RS17310,rsfS,gene,1,1,genome,2,annotation_mediated,0,0,1,0,1,MS_14387,strAB,False,0.07692307692307693,False,0.8548868624143,0.8550645935707271,False
4051,FVE81_RS17315,rlmH,gene,1,1,genome,2,annotation_mediated,0,0,1,0,1,MS_14387,strAB,False,0.07692307692307693,False,0.8548868624143,0.8550645935707271,False
4052,FVE81_RS17435,rna,gene,1,1,genome,2,annotation_mediated,0,0,1,0,1,MS_14387,strAB,False,0.07692307692307693,False,0.8548868624143,0.8550645935707271,False
4053,FVE81_RS18125,cysS,gene,1,1,genome,2,annotation_mediated,0,0,1,0,1,MS_14387,strAB,False,0.07692307692307693,False,0.8548868624143,0.8550645935707271,False
4054,FVE81_RS18235,mnmH,gene,1,1,genome,2,annotation_mediated,0,0,1,0,1,MS_14387,strAB,False,0.07692307692307693,False,0.8548868624143,0.8550645935707271,False
4055,FVE81_RS18800,rdgC,gene,1,1,genome,2,annotation_mediated,0,0,1,0,1,MS_14387,strAB,False,0.07692307692307693,False,0.8548868624143,0.8550645935707271,False
4056,FVE81_RS18860,iraP,gene,1,1,genome,2,annotation_mediated,0,0,1,0,1,MS_14387,strAB,False,0.07692307692307693,False,0.8548868624143,0.8550645935707271,False
4057,FVE81_RS19300,ykgM,gene,1,1,genome,2,annotation_mediated,0,0,1,0,1,MS_14387,strAB,False,0.07692307692307693,False,0.8548868624143,0.8550645935707271,False
4058,FVE81_RS20015,proS,gene,1,1,genome,2,annotation_mediated,0,0,1,0,1,MS_14387,strAB,False,0.07692307692307693,False,0.8548868624143,0.8550645935707271,False
4059,FVE81_RS20130,frr,gene,1,1,genome,2,annotation_mediated,0,0,1,0,1,MS_14387,strAB,False,0.07692307692307693,False,0.8548868624143,0.8550645935707271,False
4060,FVE81_RS20140,tsf,gene,1,1,genome,2,annotation_mediated,0,0,1,0,1,MS_14387,strAB,False,0.07692307692307693,False,0.8548868624143,0.8550645935707271,False
4061,FVE81_RS20145,rpsB,gene,1,1,genome,2,annotation_mediated,0,0,1,0,1,MS_14387,strAB,False,0.07692307692307693,False,0.8548868624143,0.8550645935707271,False
4062,FVE81_RS20250,thpR,gene,1,1,genome,2,annotation_mediated,0,0,1,0,1,MS_14387,strAB,False,0.07692307692307693,False,0.8548868624143,0.8550645935707271,False
4063,FVE81_RS20570,rsmH,gene,1,1,genome,2,annotation_mediated,0,0,1,0,1,MS_14387,strAB,False,0.07692307692307693,False,0.8548868624143,0.8550645935707271,False
4064,FVE81_RS20700,rluA,gene,1,1,genome,2,annotation_mediated,0,0,1,0,1,MS_14387,strAB,False,0.07692307692307693,False,0.8548868624143,0.8550645935707271,False
4065,FVE81_RS20735,rsmA,gene,1,1,genome,2,annotation_mediated,0,0,1,0,1,MS_14387,strAB,False,0.07692307692307693,False,0.8548868624143,0.8550645935707271,False
4066,FVE81_RS20865,ileS,gene,1,1,genome,2,annotation_mediated,0,0,1,0,1,MS_14387,strAB,False,0.07692307692307693,False,0.8548868624143,0.8550645935707271,False
4067,FVE81_RS20880,rpsT,gene,1,1,genome,2,annotation_mediated,0,0,1,0,1,MS_14387,strAB,False,0.07692307692307693,False,0.8548868624143,0.8550645935707271,False
4068,FVE81_RS20995,yjtD,gene,1,1,genome,2,annotation_mediated,0,0,1,0,1,MS_14387,strAB,False,0.07692307692307693,False,0.8548868624143,0.8550645935707271,False
4069,FVE81_RS21110,lplA,gene,1,1,genome,2,annotation_mediated,0,0,1,0,1,MS_14387,strAB,False,0.07692307692307693,False,0.8548868624143,0.8550645935707271,False
4070,FVE81_RS21170,prfC,gene,1,1,genome,2,annotation_mediated,0,0,1,0,1,MS_14387,strAB,False,0.07692307692307693,False,0.8548868624143,0.8550645935707271,False
4071,FVE81_RS21190,rsmC,gene,1,1,genome,2,annotation_mediated,0,0,1,0,1,MS_14387,strAB,False,0.07692307692307693,False,0.8548868624143,0.8550645935707271,False
4072,FVE81_RS21350,mrr,gene,1,1,genome,2,annotation_mediated,0,0,1,0,1,MS_14387,strAB,False,0.07692307692307693,False,0.8548868624143,0.8550645935707271,False
4073,FVE81_RS21360,hsdM,gene,1,1,genome,2,annotation_mediated,0,0,1,0,1,MS_14387,strAB,False,0.07692307692307693,False,0.8548868624143,0.8550645935707271,False
4074,FVE81_RS21590,yjhP,gene,1,1,genome,2,annotation_mediated,0,0,1,0,1,MS_14387,strAB,False,0.07692307692307693,False,0.8548868624143,0.8550645935707271,False
4075,FVE81_RS21985,valS,gene,1,1,genome,2,annotation_mediated,0,0,1,0,1,MS_14387,strAB,False,0.07692307692307693,False,0.8548868624143,0.8550645935707271,False
4076,FVE81_RS22060,ridA,gene,1,1,genome,2,annotation_mediated,0,0,1,0,1,MS_14387,strAB,False,0.07692307692307693,False,0.8548868624143,0.8550645935707271,False
4077,FVE81_RS22260,rplI,gene,1,1,genome,2,annotation_mediated,0,0,1,0,1,MS_14387,strAB,False,0.07692307692307693,False,0.8548868624143,0.8550645935707271,False
4078,FVE81_RS22265,rpsR,gene,1,1,genome,2,annotation_mediated,0,0,1,0,1,MS_14387,strAB,False,0.07692307692307693,False,0.8548868624143,0.8550645935707271,False
4079,FVE81_RS22275,rpsF,gene,1,1,genome,2,annotation_mediated,0,0,1,0,1,MS_14387,strAB,False,0.07692307692307693,False,0.8548868624143,0.8550645935707271,False
4080,FVE81_RS22375,rlmB,gene,1,1,genome,2,annotation_mediated,0,0,1,0,1,MS_14387,strAB,False,0.07692307692307693,False,0.8548868624143,0.8550645935707271,False
4081,FVE81_RS22380,rnr,gene,1,1,genome,2,annotation_mediated,0,0,1,0,1,MS_14387,strAB,False,0.07692307692307693,False,0.8548868624143,0.8550645935707271,False
4082,FVE81_RS22410,hflX,gene,1,1,genome,2,annotation_mediated,0,0,1,0,1,MS_14387,strAB,False,0.07692307692307693,False,0.8548868624143,0.8550645935707271,False
4083,FVE81_RS22415,hfq,gene,1,1,genome,2,annotation_mediated,0,0,1,0,1,MS_14387,strAB,False,0.07692307692307693,False,0.8548868624143,0.8550645935707271,False
4084,FVE81_RS22420,miaA,gene,1,1,genome,2,annotation_mediated,0,0,1,0,1,MS_14387,strAB,False,0.07692307692307693,False,0.8548868624143,0.8550645935707271,False
4085,FVE81_RS22475,rsgA,gene,1,1,genome,2,annotation_mediated,0,0,1,0,1,MS_14387,strAB,False,0.07692307692307693,False,0.8548868624143,0.8550645935707271,False
4086,FVE81_RS22495,epmA,gene,1,1,genome,2,annotation_mediated,0,0,1,0,1,MS_14387,strAB,False,0.07692307692307693,False,0.8548868624143,0.8550645935707271,False
4087,FVE81_RS22545,efp,gene,1,1,genome,2,annotation_mediated,0,0,1,0,1,MS_14387,strAB,False,0.07692307692307693,False,0.8548868624143,0.8550645935707271,False
4088,FVE81_RS22640,lysS,gene,1,1,genome,2,annotation_mediated,0,0,1,0,1,MS_14387,strAB,False,0.07692307692307693,False,0.8548868624143,0.8550645935707271,False
4089,FVE81_RS23035,dusA,gene,1,1,genome,2,annotation_mediated,0,0,1,0,1,MS_14387,strAB,False,0.07692307692307693,False,0.8548868624143,0.8550645935707271,False
4090,FVE81_RS23170,rluF,gene,1,1,genome,2,annotation_mediated,0,0,1,0,1,MS_14387,strAB,False,0.07692307692307693,False,0.8548868624143,0.8550645935707271,False
4091,FVE81_RS23400,rplL,gene,1,1,genome,2,annotation_mediated,0,0,1,0,1,MS_14387,strAB,False,0.07692307692307693,False,0.8548868624143,0.8550645935707271,False
4092,FVE81_RS23405,rplJ,gene,1,1,genome,2,annotation_mediated,0,0,1,0,1,MS_14387,strAB,False,0.07692307692307693,False,0.8548868624143,0.8550645935707271,False
4093,FVE81_RS23410,rplA,gene,1,1,genome,2,annotation_mediated,0,0,1,0,1,MS_14387,strAB,False,0.07692307692307693,False,0.8548868624143,0.8550645935707271,False
4094,FVE81_RS23415,rplK,gene,1,1,genome,2,annotation_mediated,0,0,1,0,1,MS_14387,strAB,False,0.07692307692307693,False,0.8548868624143,0.8550645935707271,False
4095,FVE81_RS23430,tuf,gene,1,1,genome,2,annotation_mediated,0,0,1,0,1,MS_14387,strAB,False,0.07692307692307693,False,0.8548868624143,0.8550645935707271,False
4096,FVE81_RS23500,trmA,gene,1,1,genome,2,annotation_mediated,0,0,1,0,1,MS_14387,strAB,False,0.07692307692307693,False,0.8548868624143,0.8550645935707271,False
4097,FVE81_RS23650,rpmE,gene,1,1,genome,2,annotation_mediated,0,0,1,0,1,MS_14387,strAB,False,0.07692307692307693,False,0.8548868624143,0.8550645935707271,False
4098,FVE81_RS23855,fdhD,gene,1,1,genome,2,annotation_mediated,0,0,1,0,1,MS_14387,strAB,False,0.07692307692307693,False,0.8548868624143,0.8550645935707271,False
4099,FVE81_RS23905,dtd,gene,1,1,genome,2,annotation_mediated,0,0,1,0,1,MS_14387,strAB,False,0.07692307692307693,False,0.8548868624143,0.8550645935707271,False
4100,FVE81_RS24455,rhlB,gene,1,1,genome,2,annotation_mediated,0,0,1,0,1,MS_14387,strAB,False,0.07692307692307693,False,0.8548868624143,0.8550645935707271,False
4101,FVE81_RS24640,rsmG,gene,1,1,genome,2,annotation_mediated,0,0,1,0,1,MS_14387,strAB,False,0.07692307692307693,False,0.8548868624143,0.8550645935707271,False
4102,FVE81_RS24815,mnmE,gene,1,1,genome,2,annotation_mediated,0,0,1,0,1,MS_14387,strAB,False,0.07692307692307693,False,0.8548868624143,0.8550645935707271,False
4103,FVE81_RS24830,rnpA,gene,1,1,genome,2,annotation_mediated,0,0,1,0,1,MS_14387,strAB,False,0.07692307692307693,False,0.8548868624143,0.8550645935707271,False
4104,FVE81_RS24835,rpmH,gene,1,1,genome,2,annotation_mediated,0,0,1,0,1,MS_14387,strAB,False,0.07692307692307693,False,0.8548868624143,0.8550645935707271,False
4105,WP_000003312.1,rlmN,protein,1,1,proteome,2,annotation_mediated,0,0,1,0,0,MS_14387,strAB,False,0.07692307692307693,False,0.7948535422438676,0.8550645935707271,False
4106,WP_000004443.1,fmt,protein,1,1,proteome,2,annotation_mediated,0,0,1,0,0,MS_14387,strAB,False,0.07692307692307693,False,0.7948535422438676,0.8550645935707271,False
4107,WP_000010122.1,rlmA,protein,1,1,proteome,2,annotation_mediated,0,0,1,0,0,MS_14387,strAB,False,0.07692307692307693,False,0.7948535422438676,0.8550645935707271,False
4108,WP_000018695.1,rlmG,protein,1,1,proteome,2,annotation_mediated,0,0,1,0,0,MS_14387,strAB,False,0.07692307692307693,False,0.7948535422438676,0.8550645935707271,False
4109,WP_000019598.1,cmoA,protein,1,1,proteome,2,annotation_mediated,0,0,1,0,0,MS_14387,strAB,False,0.07692307692307693,False,0.7948535422438676,0.8550645935707271,False
4110,WP_000023085.1,coaA,protein,1,1,proteome,2,annotation_mediated,0,0,1,0,0,MS_14387,strAB,False,0.07692307692307693,False,0.7948535422438676,0.8550645935707271,False
4111,WP_000047199.1,alaS,protein,1,1,proteome,2,annotation_mediated,0,0,1,0,0,MS_14387,strAB,False,0.07692307692307693,False,0.7948535422438676,0.8550645935707271,False
4112,WP_000047500.1,rhlB,protein,1,1,proteome,2,annotation_mediated,0,0,1,0,0,MS_14387,strAB,False,0.07692307692307693,False,0.7948535422438676,0.8550645935707271,False
4113,WP_000066639.1,fumB,protein,1,1,proteome,2,annotation_mediated,0,0,1,0,0,MS_14387,strAB,False,0.07692307692307693,False,0.7948535422438676,0.8550645935707271,False
4114,WP_000067399.1,hycG,protein,1,1,proteome,2,annotation_mediated,0,0,1,0,0,MS_14387,strAB,False,0.07692307692307693,False,0.7948535422438676,0.8550645935707271,False
4115,WP_000076319.1,rnr,protein,1,1,proteome,2,annotation_mediated,0,0,1,0,0,MS_14387,strAB,False,0.07692307692307693,False,0.7948535422438676,0.8550645935707271,False
4116,WP_000079106.1,rluD,protein,1,1,proteome,2,annotation_mediated,0,0,1,0,0,MS_14387,strAB,False,0.07692307692307693,False,0.7948535422438676,0.8550645935707271,False
4117,WP_000080093.1,hisB,protein,1,1,proteome,2,annotation_mediated,0,0,1,0,0,MS_14387,strAB,False,0.07692307692307693,False,0.7948535422438676,0.8550645935707271,False
4118,WP_000081418.1,ttcA,protein,1,1,proteome,2,annotation_mediated,0,0,1,0,0,MS_14387,strAB,False,0.07692307692307693,False,0.7948535422438676,0.8550645935707271,False
4119,WP_000082943.1,patZ,protein,1,1,proteome,2,annotation_mediated,0,0,1,0,0,MS_14387,strAB,False,0.07692307692307693,False,0.7948535422438676,0.8550645935707271,False
4120,WP_000084463.1,ybeY,protein,1,1,proteome,2,annotation_mediated,0,0,1,0,0,MS_14387,strAB,False,0.07692307692307693,False,0.7948535422438676,0.8550645935707271,False
4121,WP_000089106.1,betB,protein,1,1,proteome,2,annotation_mediated,0,0,1,0,0,MS_14387,strAB,False,0.07692307692307693,False,0.7948535422438676,0.8550645935707271,False
4122,WP_000093813.1,nadR,protein,1,1,proteome,2,annotation_mediated,0,0,1,0,0,MS_14387,strAB,False,0.07692307692307693,False,0.7948535422438676,0.8550645935707271,False
4123,WP_000105844.1,lplA,protein,1,1,proteome,2,annotation_mediated,0,0,1,0,0,MS_14387,strAB,False,0.07692307692307693,False,0.7948535422438676,0.8550645935707271,False
4124,WP_000116265.1,rlmI,protein,1,1,proteome,2,annotation_mediated,0,0,1,0,0,MS_14387,strAB,False,0.07692307692307693,False,0.7948535422438676,0.8550645935707271,False
4125,WP_000124703.1,fusA,protein,1,1,proteome,2,annotation_mediated,0,0,1,0,0,MS_14387,strAB,False,0.07692307692307693,False,0.7948535422438676,0.8550645935707271,False
4126,WP_000130056.1,ddlB,protein,1,1,proteome,2,annotation_mediated,0,0,1,0,0,MS_14387,strAB,False,0.07692307692307693,False,0.7948535422438676,0.8550645935707271,False
4127,WP_000130620.1,tusA,protein,1,1,proteome,2,annotation_mediated,0,0,1,0,0,MS_14387,strAB,False,0.07692307692307693,False,0.7948535422438676,0.8550645935707271,False
4128,WP_000132961.1,hycI,protein,1,1,proteome,2,annotation_mediated,0,0,1,0,0,MS_14387,strAB,False,0.07692307692307693,False,0.7948535422438676,0.8550645935707271,False
4129,WP_000133044.1,infB,protein,1,1,proteome,2,annotation_mediated,0,0,1,0,0,MS_14387,strAB,False,0.07692307692307693,False,0.7948535422438676,0.8550645935707271,False
4130,WP_000152928.1,pth,protein,1,1,proteome,2,annotation_mediated,0,0,1,0,0,MS_14387,strAB,False,0.07692307692307693,False,0.7948535422438676,0.8550645935707271,False
4131,WP_000165552.1,trpS,protein,1,1,proteome,2,annotation_mediated,0,0,1,0,0,MS_14387,strAB,False,0.07692307692307693,False,0.7948535422438676,0.8550645935707271,False
4132,WP_000175940.1,prfC,protein,1,1,proteome,2,annotation_mediated,0,0,1,0,0,MS_14387,strAB,False,0.07692307692307693,False,0.7948535422438676,0.8550645935707271,False
4133,WP_000178463.1,raiA,protein,1,1,proteome,2,annotation_mediated,0,0,1,0,0,MS_14387,strAB,False,0.07692307692307693,False,0.7948535422438676,0.8550645935707271,False
4134,WP_000187018.1,trmA,protein,1,1,proteome,2,annotation_mediated,0,0,1,0,0,MS_14387,strAB,False,0.07692307692307693,False,0.7948535422438676,0.8550645935707271,False
4135,WP_000206242.1,selA,protein,1,1,proteome,2,annotation_mediated,0,0,1,0,0,MS_14387,strAB,False,0.07692307692307693,False,0.7948535422438676,0.8550645935707271,False
4136,WP_000207680.1,argG,protein,1,1,proteome,2,annotation_mediated,0,0,1,0,0,MS_14387,strAB,False,0.07692307692307693,False,0.7948535422438676,0.8550645935707271,False
4137,WP_000217934.1,mrr,protein,1,1,proteome,2,annotation_mediated,0,0,1,0,0,MS_14387,strAB,False,0.07692307692307693,False,0.7948535422438676,0.8550645935707271,False
4138,WP_000218214.1,hchA,protein,1,1,proteome,2,annotation_mediated,0,0,1,0,0,MS_14387,strAB,False,0.07692307692307693,False,0.7948535422438676,0.8550645935707271,False
4139,WP_000255032.1,mglA,protein,1,1,proteome,2,annotation_mediated,0,0,1,0,0,MS_14387,strAB,False,0.07692307692307693,False,0.7948535422438676,0.8550645935707271,False
4140,WP_000264777.1,trmD,protein,1,1,proteome,2,annotation_mediated,0,0,1,0,0,MS_14387,strAB,False,0.07692307692307693,False,0.7948535422438676,0.8550645935707271,False
4141,WP_000340970.1,nan,protein,1,1,proteome,2,annotation_mediated,0,0,1,0,0,MS_14387,strAB,False,0.07692307692307693,False,0.7948535422438676,0.8550645935707271,False
4142,WP_000347217.1,ispA,protein,1,1,proteome,2,annotation_mediated,0,0,1,0,0,MS_14387,strAB,False,0.07692307692307693,False,0.7948535422438676,0.8550645935707271,False
4143,WP_000354251.1,yjhP,protein,1,1,proteome,2,annotation_mediated,0,0,1,0,0,MS_14387,strAB,False,0.07692307692307693,False,0.7948535422438676,0.8550645935707271,False
4144,WP_000394103.1,ansB,protein,1,1,proteome,2,annotation_mediated,0,0,1,0,0,MS_14387,strAB,False,0.07692307692307693,False,0.7948535422438676,0.8550645935707271,False
4145,WP_000416382.1,valS,protein,1,1,proteome,2,annotation_mediated,0,0,1,0,0,MS_14387,strAB,False,0.07692307692307693,False,0.7948535422438676,0.8550645935707271,False
4146,WP_000439850.1,aroB,protein,1,1,proteome,2,annotation_mediated,0,0,1,0,0,MS_14387,strAB,False,0.07692307692307693,False,0.7948535422438676,0.8550645935707271,False
4147,WP_000440439.1,chbG,protein,1,1,proteome,2,annotation_mediated,0,0,1,0,0,MS_14387,strAB,False,0.07692307692307693,False,0.7948535422438676,0.8550645935707271,False
4148,WP_000485008.1,rnb,protein,1,1,proteome,2,annotation_mediated,0,0,1,0,0,MS_14387,strAB,False,0.07692307692307693,False,0.7948535422438676,0.8550645935707271,False
4149,WP_000505866.1,ychF,protein,1,1,proteome,2,annotation_mediated,0,0,1,0,0,MS_14387,strAB,False,0.07692307692307693,False,0.7948535422438676,0.8550645935707271,False
4150,WP_000525176.1,rluA,protein,1,1,proteome,2,annotation_mediated,0,0,1,0,0,MS_14387,strAB,False,0.07692307692307693,False,0.7948535422438676,0.8550645935707271,False
4151,WP_000528376.1,napC,protein,1,1,proteome,2,annotation_mediated,0,0,1,0,0,MS_14387,strAB,False,0.07692307692307693,False,0.7948535422438676,0.8550645935707271,False
4152,WP_000531594.1,potA,protein,1,1,proteome,2,annotation_mediated,0,0,1,0,0,MS_14387,strAB,False,0.07692307692307693,False,0.7948535422438676,0.8550645935707271,False
4153,WP_000560983.1,dtd,protein,1,1,proteome,2,annotation_mediated,0,0,1,0,0,MS_14387,strAB,False,0.07692307692307693,False,0.7948535422438676,0.8550645935707271,False
4154,WP_000564725.1,cmoB,protein,1,1,proteome,2,annotation_mediated,0,0,1,0,0,MS_14387,strAB,False,0.07692307692307693,False,0.7948535422438676,0.8550645935707271,False
4155,WP_000568522.1,ruvB,protein,1,1,proteome,2,annotation_mediated,0,0,1,0,0,MS_14387,strAB,False,0.07692307692307693,False,0.7948535422438676,0.8550645935707271,False
4156,WP_000582424.1,selB,protein,1,1,proteome,2,annotation_mediated,0,0,1,0,0,MS_14387,strAB,False,0.07692307692307693,False,0.7948535422438676,0.8550645935707271,False
4157,WP_000668662.1,thiI,protein,1,1,proteome,2,annotation_mediated,0,0,1,0,0,MS_14387,strAB,False,0.07692307692307693,False,0.7948535422438676,0.8550645935707271,False
4158,WP_000672332.1,pheT,protein,1,1,proteome,2,annotation_mediated,0,0,1,0,0,MS_14387,strAB,False,0.07692307692307693,False,0.7948535422438676,0.8550645935707271,False
4159,WP_000678201.1,htpG,protein,1,1,proteome,2,annotation_mediated,0,0,1,0,0,MS_14387,strAB,False,0.07692307692307693,False,0.7948535422438676,0.8550645935707271,False
4160,WP_000682152.1,mnmC,protein,1,1,proteome,2,annotation_mediated,0,0,1,0,0,MS_14387,strAB,False,0.07692307692307693,False,0.7948535422438676,0.8550645935707271,False
4161,WP_000686620.1,rsmJ,protein,1,1,proteome,2,annotation_mediated,0,0,1,0,0,MS_14387,strAB,False,0.07692307692307693,False,0.7948535422438676,0.8550645935707271,False
4162,WP_000695634.1,gltX,protein,1,1,proteome,2,annotation_mediated,0,0,1,0,0,MS_14387,strAB,False,0.07692307692307693,False,0.7948535422438676,0.8550645935707271,False
4163,WP_000708487.1,cca,protein,1,1,proteome,2,annotation_mediated,0,0,1,0,0,MS_14387,strAB,False,0.07692307692307693,False,0.7948535422438676,0.8550645935707271,False
4164,FVE81_RS00010,dnaN,gene,1,1,genome,2,annotation_mediated,0,0,1,0,1,MS_14387,sul2,False,0.07692307692307693,False,0.8548868624143,0.8550645935707271,False
4165,FVE81_RS00205,adeD,gene,1,1,genome,2,annotation_mediated,0,0,1,0,1,MS_14387,sul2,False,0.07692307692307693,False,0.8548868624143,0.8550645935707271,False
4166,FVE81_RS00350,spoT,gene,1,1,genome,2,annotation_mediated,0,0,1,0,1,MS_14387,sul2,False,0.07692307692307693,False,0.8548868624143,0.8550645935707271,False
4167,FVE81_RS00355,rpoZ,gene,1,1,genome,2,annotation_mediated,0,0,1,0,1,MS_14387,sul2,False,0.07692307692307693,False,0.8548868624143,0.8550645935707271,False
4168,FVE81_RS00360,gmk,gene,1,1,genome,2,annotation_mediated,0,0,1,0,1,MS_14387,sul2,False,0.07692307692307693,False,0.8548868624143,0.8550645935707271,False
4169,FVE81_RS00390,pyrE,gene,1,1,genome,2,annotation_mediated,0,0,1,0,1,MS_14387,sul2,False,0.07692307692307693,False,0.8548868624143,0.8550645935707271,False
4170,FVE81_RS00405,coaBC,gene,1,1,genome,2,annotation_mediated,0,0,1,0,1,MS_14387,sul2,False,0.07692307692307693,False,0.8548868624143,0.8550645935707271,False
4171,FVE81_RS00430,coaD,gene,1,1,genome,2,annotation_mediated,0,0,1,0,1,MS_14387,sul2,False,0.07692307692307693,False,0.8548868624143,0.8550645935707271,False
4172,FVE81_RS00435,waaA,gene,1,1,genome,2,annotation_mediated,0,0,1,0,1,MS_14387,sul2,False,0.07692307692307693,False,0.8548868624143,0.8550645935707271,False
4173,FVE81_RS00440,rfaQ,gene,1,1,genome,2,annotation_mediated,0,0,1,0,1,MS_14387,sul2,False,0.07692307692307693,False,0.8548868624143,0.8550645935707271,False
4174,FVE81_RS00445,waaG,gene,1,1,genome,2,annotation_mediated,0,0,1,0,1,MS_14387,sul2,False,0.07692307692307693,False,0.8548868624143,0.8550645935707271,False
4175,FVE81_RS00450,rfaP,gene,1,1,genome,2,annotation_mediated,0,0,1,0,1,MS_14387,sul2,False,0.07692307692307693,False,0.8548868624143,0.8550645935707271,False
4176,FVE81_RS00455,waaO,gene,1,1,genome,2,annotation_mediated,0,0,1,0,1,MS_14387,sul2,False,0.07692307692307693,False,0.8548868624143,0.8550645935707271,False
4177,FVE81_RS00460,rfaY,gene,1,1,genome,2,annotation_mediated,0,0,1,0,1,MS_14387,sul2,False,0.07692307692307693,False,0.8548868624143,0.8550645935707271,False
4178,FVE81_RS00470,nan,gene,1,1,genome,2,annotation_mediated,0,0,1,0,1,MS_14387,sul2,False,0.07692307692307693,False,0.8548868624143,0.8550645935707271,False
4179,FVE81_RS00475,rfaL,gene,1,1,genome,2,annotation_mediated,0,0,1,0,1,MS_14387,sul2,False,0.07692307692307693,False,0.8548868624143,0.8550645935707271,False
4180,FVE81_RS00480,rfaC,gene,1,1,genome,2,annotation_mediated,0,0,1,0,1,MS_14387,sul2,False,0.07692307692307693,False,0.8548868624143,0.8550645935707271,False
4181,FVE81_RS00485,rfaF,gene,1,1,genome,2,annotation_mediated,0,0,1,0,1,MS_14387,sul2,False,0.07692307692307693,False,0.8548868624143,0.8550645935707271,False
4182,FVE81_RS00490,rfaD,gene,1,1,genome,2,annotation_mediated,0,0,1,0,1,MS_14387,sul2,False,0.07692307692307693,False,0.8548868624143,0.8550645935707271,False
4183,FVE81_RS00500,kbl,gene,1,1,genome,2,annotation_mediated,0,0,1,0,1,MS_14387,sul2,False,0.07692307692307693,False,0.8548868624143,0.8550645935707271,False
4184,FVE81_RS00550,cysE,gene,1,1,genome,2,annotation_mediated,0,0,1,0,1,MS_14387,sul2,False,0.07692307692307693,False,0.8548868624143,0.8550645935707271,False
4185,FVE81_RS00565,lldD,gene,1,1,genome,2,annotation_mediated,0,0,1,0,1,MS_14387,sul2,False,0.07692307692307693,False,0.8548868624143,0.8550645935707271,False
4186,FVE81_RS00765,xylA,gene,1,1,genome,2,annotation_mediated,0,0,1,0,1,MS_14387,sul2,False,0.07692307692307693,False,0.8548868624143,0.8550645935707271,False
4187,FVE81_RS00770,xylB,gene,1,1,genome,2,annotation_mediated,0,0,1,0,1,MS_14387,sul2,False,0.07692307692307693,False,0.8548868624143,0.8550645935707271,False
4188,FVE81_RS00825,ghrB,gene,1,1,genome,2,annotation_mediated,0,0,1,0,1,MS_14387,sul2,False,0.07692307692307693,False,0.8548868624143,0.8550645935707271,False
4189,FVE81_RS00835,bisC,gene,1,1,genome,2,annotation_mediated,0,0,1,0,1,MS_14387,sul2,False,0.07692307692307693,False,0.8548868624143,0.8550645935707271,False
4190,FVE81_RS01015,kdgK,gene,1,1,genome,2,annotation_mediated,0,0,1,0,1,MS_14387,sul2,False,0.07692307692307693,False,0.8548868624143,0.8550645935707271,False
4191,FVE81_RS01050,treF,gene,1,1,genome,2,annotation_mediated,0,0,1,0,1,MS_14387,sul2,False,0.07692307692307693,False,0.8548868624143,0.8550645935707271,False
4192,FVE81_RS01060,gadA,gene,1,1,genome,2,annotation_mediated,0,0,1,0,1,MS_14387,sul2,False,0.07692307692307693,False,0.8548868624143,0.8550645935707271,False
4193,FVE81_RS01320,nan,gene,1,1,genome,2,annotation_mediated,0,0,1,0,1,MS_14387,sul2,False,0.07692307692307693,False,0.8548868624143,0.8550645935707271,False
4194,FVE81_RS01325,nan,gene,1,1,genome,2,annotation_mediated,0,0,1,0,1,MS_14387,sul2,False,0.07692307692307693,False,0.8548868624143,0.8550645935707271,False
4195,FVE81_RS01370,nan,gene,1,1,genome,2,annotation_mediated,0,0,1,0,1,MS_14387,sul2,False,0.07692307692307693,False,0.8548868624143,0.8550645935707271,False
4196,FVE81_RS01385,nan,gene,1,1,genome,2,annotation_mediated,0,0,1,0,1,MS_14387,sul2,False,0.07692307692307693,False,0.8548868624143,0.8550645935707271,False
4197,FVE81_RS01600,ggt,gene,1,1,genome,2,annotation_mediated,0,0,1,0,1,MS_14387,sul2,False,0.07692307692307693,False,0.8548868624143,0.8550645935707271,False
4198,FVE81_RS01670,glgX,gene,1,1,genome,2,annotation_mediated,0,0,1,0,1,MS_14387,sul2,False,0.07692307692307693,False,0.8548868624143,0.8550645935707271,False
4199,FVE81_RS01675,glgC,gene,1,1,genome,2,annotation_mediated,0,0,1,0,1,MS_14387,sul2,False,0.07692307692307693,False,0.8548868624143,0.8550645935707271,False
4200,FVE81_RS01680,glgA,gene,1,1,genome,2,annotation_mediated,0,0,1,0,1,MS_14387,sul2,False,0.07692307692307693,False,0.8548868624143,0.8550645935707271,False
4201,FVE81_RS01685,glgP,gene,1,1,genome,2,annotation_mediated,0,0,1,0,1,MS_14387,sul2,False,0.07692307692307693,False,0.8548868624143,0.8550645935707271,False
4202,FVE81_RS01770,malP,gene,1,1,genome,2,annotation_mediated,0,0,1,0,1,MS_14387,sul2,False,0.07692307692307693,False,0.8548868624143,0.8550645935707271,False
4203,FVE81_RS01775,malQ,gene,1,1,genome,2,annotation_mediated,0,0,1,0,1,MS_14387,sul2,False,0.07692307692307693,False,0.8548868624143,0.8550645935707271,False
4204,FVE81_RS01795,bioH,gene,1,1,genome,2,annotation_mediated,0,0,1,0,1,MS_14387,sul2,False,0.07692307692307693,False,0.8548868624143,0.8550645935707271,False
4205,FVE81_RS01985,cysG,gene,1,1,genome,2,annotation_mediated,0,0,1,0,1,MS_14387,sul2,False,0.07692307692307693,False,0.8548868624143,0.8550645935707271,False
4206,FVE81_RS02055,prkB,gene,1,1,genome,2,annotation_mediated,0,0,1,0,1,MS_14387,sul2,False,0.07692307692307693,False,0.8548868624143,0.8550645935707271,False
4207,FVE81_RS02290,rpoA,gene,1,1,genome,2,annotation_mediated,0,0,1,0,1,MS_14387,sul2,False,0.07692307692307693,False,0.8548868624143,0.8550645935707271,False
4208,FVE81_RS02500,acuI,gene,1,1,genome,2,annotation_mediated,0,0,1,0,1,MS_14387,sul2,False,0.07692307692307693,False,0.8548868624143,0.8550645935707271,False
4209,FVE81_RS02650,nanE,gene,1,1,genome,2,annotation_mediated,0,0,1,0,1,MS_14387,sul2,False,0.07692307692307693,False,0.8548868624143,0.8550645935707271,False
4210,FVE81_RS02745,kdsC,gene,1,1,genome,2,annotation_mediated,0,0,1,0,1,MS_14387,sul2,False,0.07692307692307693,False,0.8548868624143,0.8550645935707271,False
4211,FVE81_RS02750,kdsD,gene,1,1,genome,2,annotation_mediated,0,0,1,0,1,MS_14387,sul2,False,0.07692307692307693,False,0.8548868624143,0.8550645935707271,False
4212,FVE81_RS02790,murA,gene,1,1,genome,2,annotation_mediated,0,0,1,0,1,MS_14387,sul2,False,0.07692307692307693,False,0.8548868624143,0.8550645935707271,False
4213,FVE81_RS02800,ispB,gene,1,1,genome,2,annotation_mediated,0,0,1,0,1,MS_14387,sul2,False,0.07692307692307693,False,0.8548868624143,0.8550645935707271,False
4214,FVE81_RS02850,folP,gene,1,1,genome,2,annotation_mediated,0,0,1,0,1,MS_14387,sul2,False,0.07692307692307693,False,0.8548868624143,0.8550645935707271,False
4215,FVE81_RS03065,kbaY,gene,1,1,genome,2,annotation_mediated,0,0,1,0,1,MS_14387,sul2,False,0.07692307692307693,False,0.8548868624143,0.8550645935707271,False
4216,FVE81_RS03095,agaV,gene,1,1,genome,2,annotation_mediated,0,0,1,0,1,MS_14387,sul2,False,0.07692307692307693,False,0.8548868624143,0.8550645935707271,False
4217,FVE81_RS03135,garR,gene,1,1,genome,2,annotation_mediated,0,0,1,0,1,MS_14387,sul2,False,0.07692307692307693,False,0.8548868624143,0.8550645935707271,False
4218,FVE81_RS03180,tdcD,gene,1,1,genome,2,annotation_mediated,0,0,1,0,1,MS_14387,sul2,False,0.07692307692307693,False,0.8548868624143,0.8550645935707271,False
4219,FVE81_RS03185,tdcE,gene,1,1,genome,2,annotation_mediated,0,0,1,0,1,MS_14387,sul2,False,0.07692307692307693,False,0.8548868624143,0.8550645935707271,False
4220,FVE81_RS03285,uxaC,gene,1,1,genome,2,annotation_mediated,0,0,1,0,1,MS_14387,sul2,False,0.07692307692307693,False,0.8548868624143,0.8550645935707271,False
4221,FVE81_RS03290,uxaA,gene,1,1,genome,2,annotation_mediated,0,0,1,0,1,MS_14387,sul2,False,0.07692307692307693,False,0.8548868624143,0.8550645935707271,False
4222,FVE81_RS03450,plsY,gene,1,1,genome,2,annotation_mediated,0,0,1,0,1,MS_14387,sul2,False,0.07692307692307693,False,0.8548868624143,0.8550645935707271,False
4223,FVE81_RS03480,glnE,gene,1,1,genome,2,annotation_mediated,0,0,1,0,1,MS_14387,sul2,False,0.07692307692307693,False,0.8548868624143,0.8550645935707271,False
4224,FVE81_RS03485,hldE,gene,1,1,genome,2,annotation_mediated,0,0,1,0,1,MS_14387,sul2,False,0.07692307692307693,False,0.8548868624143,0.8550645935707271,False
4225,FVE81_RS03540,ribB,gene,1,1,genome,2,annotation_mediated,0,0,1,0,1,MS_14387,sul2,False,0.07692307692307693,False,0.8548868624143,0.8550645935707271,False
4226,FVE81_RS03580,cpdA,gene,1,1,genome,2,annotation_mediated,0,0,1,0,1,MS_14387,sul2,False,0.07692307692307693,False,0.8548868624143,0.8550645935707271,False
4227,FVE81_RS03655,plsC,gene,1,1,genome,2,annotation_mediated,0,0,1,0,1,MS_14387,sul2,False,0.07692307692307693,False,0.8548868624143,0.8550645935707271,False
4228,FVE81_RS03685,yqhD,gene,1,1,genome,2,annotation_mediated,0,0,1,0,1,MS_14387,sul2,False,0.07692307692307693,False,0.8548868624143,0.8550645935707271,False
4229,FVE81_RS03700,metC,gene,1,1,genome,2,annotation_mediated,0,0,1,0,1,MS_14387,sul2,False,0.07692307692307693,False,0.8548868624143,0.8550645935707271,False
4230,FVE81_RS03785,gss,gene,1,1,genome,2,annotation_mediated,0,0,1,0,1,MS_14387,sul2,False,0.07692307692307693,False,0.8548868624143,0.8550645935707271,False
4231,FVE81_RS03830,kdsB,gene,1,1,genome,2,annotation_mediated,0,0,1,0,1,MS_14387,sul2,False,0.07692307692307693,False,0.8548868624143,0.8550645935707271,False
4232,FVE81_RS03845,nan,gene,1,1,genome,2,annotation_mediated,0,0,1,0,1,MS_14387,sul2,False,0.07692307692307693,False,0.8548868624143,0.8550645935707271,False
4233,FVE81_RS04415,hemW,gene,1,1,genome,2,annotation_mediated,0,0,1,0,1,MS_14387,sul2,False,0.07692307692307693,False,0.8548868624143,0.8550645935707271,False
4234,FVE81_RS04455,gshB,gene,1,1,genome,2,annotation_mediated,0,0,1,0,1,MS_14387,sul2,False,0.07692307692307693,False,0.8548868624143,0.8550645935707271,False
4235,FVE81_RS04480,metK,gene,1,1,genome,2,annotation_mediated,0,0,1,0,1,MS_14387,sul2,False,0.07692307692307693,False,0.8548868624143,0.8550645935707271,False
4236,FVE81_RS04490,speA,gene,1,1,genome,2,annotation_mediated,0,0,1,0,1,MS_14387,sul2,False,0.07692307692307693,False,0.8548868624143,0.8550645935707271,False
4237,FVE81_RS04500,speB,gene,1,1,genome,2,annotation_mediated,0,0,1,0,1,MS_14387,sul2,False,0.07692307692307693,False,0.8548868624143,0.8550645935707271,False
4238,FVE81_RS04685,fau,gene,1,1,genome,2,annotation_mediated,0,0,1,0,1,MS_14387,sul2,False,0.07692307692307693,False,0.8548868624143,0.8550645935707271,False
4239,FVE81_RS04710,ubiH,gene,1,1,genome,2,annotation_mediated,0,0,1,0,1,MS_14387,sul2,False,0.07692307692307693,False,0.8548868624143,0.8550645935707271,False
4240,FVE81_RS04715,ubiI,gene,1,1,genome,2,annotation_mediated,0,0,1,0,1,MS_14387,sul2,False,0.07692307692307693,False,0.8548868624143,0.8550645935707271,False
4241,FVE81_RS04835,guaD,gene,1,1,genome,2,annotation_mediated,0,0,1,0,1,MS_14387,sul2,False,0.07692307692307693,False,0.8548868624143,0.8550645935707271,False
4242,FVE81_RS04880,arcC,gene,1,1,genome,2,annotation_mediated,0,0,1,0,1,MS_14387,sul2,False,0.07692307692307693,False,0.8548868624143,0.8550645935707271,False
4243,FVE81_RS04885,hyuA,gene,1,1,genome,2,annotation_mediated,0,0,1,0,1,MS_14387,sul2,False,0.07692307692307693,False,0.8548868624143,0.8550645935707271,False
4244,FVE81_RS04890,ygeY,gene,1,1,genome,2,annotation_mediated,0,0,1,0,1,MS_14387,sul2,False,0.07692307692307693,False,0.8548868624143,0.8550645935707271,False
4245,FVE81_RS04915,xdhB,gene,1,1,genome,2,annotation_mediated,0,0,1,0,1,MS_14387,sul2,False,0.07692307692307693,False,0.8548868624143,0.8550645935707271,False
4246,FVE81_RS04920,xdhA,gene,1,1,genome,2,annotation_mediated,0,0,1,0,1,MS_14387,sul2,False,0.07692307692307693,False,0.8548868624143,0.8550645935707271,False
4247,FVE81_RS05210,thyA,gene,1,1,genome,2,annotation_mediated,0,0,1,0,1,MS_14387,sul2,False,0.07692307692307693,False,0.8548868624143,0.8550645935707271,False
4248,FVE81_RS05295,csdA,gene,1,1,genome,2,annotation_mediated,0,0,1,0,1,MS_14387,sul2,False,0.07692307692307693,False,0.8548868624143,0.8550645935707271,False
4249,FVE81_RS05325,fucU,gene,1,1,genome,2,annotation_mediated,0,0,1,0,1,MS_14387,sul2,False,0.07692307692307693,False,0.8548868624143,0.8550645935707271,False
4250,FVE81_RS05350,fucO,gene,1,1,genome,2,annotation_mediated,0,0,1,0,1,MS_14387,sul2,False,0.07692307692307693,False,0.8548868624143,0.8550645935707271,False
4251,FVE81_RS05370,ppnN,gene,1,1,genome,2,annotation_mediated,0,0,1,0,1,MS_14387,sul2,False,0.07692307692307693,False,0.8548868624143,0.8550645935707271,False
4252,FVE81_RS05375,queF,gene,1,1,genome,2,annotation_mediated,0,0,1,0,1,MS_14387,sul2,False,0.07692307692307693,False,0.8548868624143,0.8550645935707271,False
4253,FVE81_RS05405,gudX,gene,1,1,genome,2,annotation_mediated,0,0,1,0,1,MS_14387,sul2,False,0.07692307692307693,False,0.8548868624143,0.8550645935707271,False
4254,FVE81_RS05410,gudD,gene,1,1,genome,2,annotation_mediated,0,0,1,0,1,MS_14387,sul2,False,0.07692307692307693,False,0.8548868624143,0.8550645935707271,False
4255,FVE81_RS05465,queE,gene,1,1,genome,2,annotation_mediated,0,0,1,0,1,MS_14387,sul2,False,0.07692307692307693,False,0.8548868624143,0.8550645935707271,False
4256,FVE81_RS05525,cysJ,gene,1,1,genome,2,annotation_mediated,0,0,1,0,1,MS_14387,sul2,False,0.07692307692307693,False,0.8548868624143,0.8550645935707271,False
4257,FVE81_RS05530,cysI,gene,1,1,genome,2,annotation_mediated,0,0,1,0,1,MS_14387,sul2,False,0.07692307692307693,False,0.8548868624143,0.8550645935707271,False
4258,FVE81_RS05535,cysH,gene,1,1,genome,2,annotation_mediated,0,0,1,0,1,MS_14387,sul2,False,0.07692307692307693,False,0.8548868624143,0.8550645935707271,False
4259,FVE81_RS05635,surE,gene,1,1,genome,2,annotation_mediated,0,0,1,0,1,MS_14387,sul2,False,0.07692307692307693,False,0.8548868624143,0.8550645935707271,False
4260,FVE81_RS05855,pncC,gene,1,1,genome,2,annotation_mediated,0,0,1,0,1,MS_14387,sul2,False,0.07692307692307693,False,0.8548868624143,0.8550645935707271,False
4261,FVE81_RS05915,gshA,gene,1,1,genome,2,annotation_mediated,0,0,1,0,1,MS_14387,sul2,False,0.07692307692307693,False,0.8548868624143,0.8550645935707271,False
4262,FVE81_RS05920,luxS,gene,1,1,genome,2,annotation_mediated,0,0,1,0,1,MS_14387,sul2,False,0.07692307692307693,False,0.8548868624143,0.8550645935707271,False
4263,FVE81_RS06055,gabT,gene,1,1,genome,2,annotation_mediated,0,0,1,0,1,MS_14387,sul2,False,0.07692307692307693,False,0.8548868624143,0.8550645935707271,False
4264,FVE81_RS06060,gabD,gene,1,1,genome,2,annotation_mediated,0,0,1,0,1,MS_14387,sul2,False,0.07692307692307693,False,0.8548868624143,0.8550645935707271,False
4265,FVE81_RS06140,nan,gene,1,1,genome,2,annotation_mediated,0,0,1,0,1,MS_14387,sul2,False,0.07692307692307693,False,0.8548868624143,0.8550645935707271,False
4266,FVE81_RS06295,nadK,gene,1,1,genome,2,annotation_mediated,0,0,1,0,1,MS_14387,sul2,False,0.07692307692307693,False,0.8548868624143,0.8550645935707271,False
4267,FVE81_RS06435,pssA,gene,1,1,genome,2,annotation_mediated,0,0,1,0,1,MS_14387,sul2,False,0.07692307692307693,False,0.8548868624143,0.8550645935707271,False
4268,FVE81_RS06495,nadB,gene,1,1,genome,2,annotation_mediated,0,0,1,0,1,MS_14387,sul2,False,0.07692307692307693,False,0.8548868624143,0.8550645935707271,False
4269,FVE81_RS06550,pdxJ,gene,1,1,genome,2,annotation_mediated,0,0,1,0,1,MS_14387,sul2,False,0.07692307692307693,False,0.8548868624143,0.8550645935707271,False
4270,FVE81_RS06710,suhB,gene,1,1,genome,2,annotation_mediated,0,0,1,0,1,MS_14387,sul2,False,0.07692307692307693,False,0.8548868624143,0.8550645935707271,False
4271,FVE81_RS06725,iscS,gene,1,1,genome,2,annotation_mediated,0,0,1,0,1,MS_14387,sul2,False,0.07692307692307693,False,0.8548868624143,0.8550645935707271,False
4272,FVE81_RS06760,pepB,gene,1,1,genome,2,annotation_mediated,0,0,1,0,1,MS_14387,sul2,False,0.07692307692307693,False,0.8548868624143,0.8550645935707271,False
4273,FVE81_RS06770,sseA,gene,1,1,genome,2,annotation_mediated,0,0,1,0,1,MS_14387,sul2,False,0.07692307692307693,False,0.8548868624143,0.8550645935707271,False
4274,FVE81_RS06850,guaB,gene,1,1,genome,2,annotation_mediated,0,0,1,0,1,MS_14387,sul2,False,0.07692307692307693,False,0.8548868624143,0.8550645935707271,False
4275,FVE81_RS06855,guaA,gene,1,1,genome,2,annotation_mediated,0,0,1,0,1,MS_14387,sul2,False,0.07692307692307693,False,0.8548868624143,0.8550645935707271,False
4276,FVE81_RS06885,ppx,gene,1,1,genome,2,annotation_mediated,0,0,1,0,1,MS_14387,sul2,False,0.07692307692307693,False,0.8548868624143,0.8550645935707271,False
4277,FVE81_RS07040,dapE,gene,1,1,genome,2,annotation_mediated,0,0,1,0,1,MS_14387,sul2,False,0.07692307692307693,False,0.8548868624143,0.8550645935707271,False
4278,FVE81_RS07155,eutB,gene,1,1,genome,2,annotation_mediated,0,0,1,0,1,MS_14387,sul2,False,0.07692307692307693,False,0.8548868624143,0.8550645935707271,False
4279,FVE81_RS07160,eutC,gene,1,1,genome,2,annotation_mediated,0,0,1,0,1,MS_14387,sul2,False,0.07692307692307693,False,0.8548868624143,0.8550645935707271,False
4280,FVE81_RS07180,hemF,gene,1,1,genome,2,annotation_mediated,0,0,1,0,1,MS_14387,sul2,False,0.07692307692307693,False,0.8548868624143,0.8550645935707271,False
4281,FVE81_RS07220,murQ,gene,1,1,genome,2,annotation_mediated,0,0,1,0,1,MS_14387,sul2,False,0.07692307692307693,False,0.8548868624143,0.8550645935707271,False
4282,FVE81_RS07265,pdxK,gene,1,1,genome,2,annotation_mediated,0,0,1,0,1,MS_14387,sul2,False,0.07692307692307693,False,0.8548868624143,0.8550645935707271,False
4283,FVE81_RS07270,crr,gene,1,1,genome,2,annotation_mediated,0,0,1,0,1,MS_14387,sul2,False,0.07692307692307693,False,0.8548868624143,0.8550645935707271,False
4284,FVE81_RS07670,fabB,gene,1,1,genome,2,annotation_mediated,0,0,1,0,1,MS_14387,sul2,False,0.07692307692307693,False,0.8548868624143,0.8550645935707271,False
4285,FVE81_RS07685,pdxB,gene,1,1,genome,2,annotation_mediated,0,0,1,0,1,MS_14387,sul2,False,0.07692307692307693,False,0.8548868624143,0.8550645935707271,False
4286,FVE81_RS07710,folC,gene,1,1,genome,2,annotation_mediated,0,0,1,0,1,MS_14387,sul2,False,0.07692307692307693,False,0.8548868624143,0.8550645935707271,False
4287,FVE81_RS07730,ubiX,gene,1,1,genome,2,annotation_mediated,0,0,1,0,1,MS_14387,sul2,False,0.07692307692307693,False,0.8548868624143,0.8550645935707271,False
4288,FVE81_RS07770,folX,gene,1,1,genome,2,annotation_mediated,0,0,1,0,1,MS_14387,sul2,False,0.07692307692307693,False,0.8548868624143,0.8550645935707271,False
4289,FVE81_RS07800,pta,gene,1,1,genome,2,annotation_mediated,0,0,1,0,1,MS_14387,sul2,False,0.07692307692307693,False,0.8548868624143,0.8550645935707271,False
4290,FVE81_RS07805,ackA,gene,1,1,genome,2,annotation_mediated,0,0,1,0,1,MS_14387,sul2,False,0.07692307692307693,False,0.8548868624143,0.8550645935707271,False
4291,FVE81_RS07830,yfbR,gene,1,1,genome,2,annotation_mediated,0,0,1,0,1,MS_14387,sul2,False,0.07692307692307693,False,0.8548868624143,0.8550645935707271,False
4292,FVE81_RS07845,nuoA,gene,1,1,genome,2,annotation_mediated,0,0,1,0,1,MS_14387,sul2,False,0.07692307692307693,False,0.8548868624143,0.8550645935707271,False
4293,FVE81_RS07850,nuoB,gene,1,1,genome,2,annotation_mediated,0,0,1,0,1,MS_14387,sul2,False,0.07692307692307693,False,0.8548868624143,0.8550645935707271,False
4294,FVE81_RS07855,nuoC,gene,1,1,genome,2,annotation_mediated,0,0,1,0,1,MS_14387,sul2,False,0.07692307692307693,False,0.8548868624143,0.8550645935707271,False
4295,FVE81_RS07860,nuoE,gene,1,1,genome,2,annotation_mediated,0,0,1,0,1,MS_14387,sul2,False,0.07692307692307693,False,0.8548868624143,0.8550645935707271,False
4296,FVE81_RS07865,nuoF,gene,1,1,genome,2,annotation_mediated,0,0,1,0,1,MS_14387,sul2,False,0.07692307692307693,False,0.8548868624143,0.8550645935707271,False
4297,FVE81_RS07870,nuoG,gene,1,1,genome,2,annotation_mediated,0,0,1,0,1,MS_14387,sul2,False,0.07692307692307693,False,0.8548868624143,0.8550645935707271,False
4298,FVE81_RS07875,nuoH,gene,1,1,genome,2,annotation_mediated,0,0,1,0,1,MS_14387,sul2,False,0.07692307692307693,False,0.8548868624143,0.8550645935707271,False
4299,FVE81_RS07880,nuoI,gene,1,1,genome,2,annotation_mediated,0,0,1,0,1,MS_14387,sul2,False,0.07692307692307693,False,0.8548868624143,0.8550645935707271,False
4300,FVE81_RS07885,nuoJ,gene,1,1,genome,2,annotation_mediated,0,0,1,0,1,MS_14387,sul2,False,0.07692307692307693,False,0.8548868624143,0.8550645935707271,False
4301,FVE81_RS07890,nuoK,gene,1,1,genome,2,annotation_mediated,0,0,1,0,1,MS_14387,sul2,False,0.07692307692307693,False,0.8548868624143,0.8550645935707271,False
4302,FVE81_RS07895,nuoL,gene,1,1,genome,2,annotation_mediated,0,0,1,0,1,MS_14387,sul2,False,0.07692307692307693,False,0.8548868624143,0.8550645935707271,False
4303,FVE81_RS07905,nuoN,gene,1,1,genome,2,annotation_mediated,0,0,1,0,1,MS_14387,sul2,False,0.07692307692307693,False,0.8548868624143,0.8550645935707271,False
4304,FVE81_RS07945,menD,gene,1,1,genome,2,annotation_mediated,0,0,1,0,1,MS_14387,sul2,False,0.07692307692307693,False,0.8548868624143,0.8550645935707271,False
4305,FVE81_RS07955,menB,gene,1,1,genome,2,annotation_mediated,0,0,1,0,1,MS_14387,sul2,False,0.07692307692307693,False,0.8548868624143,0.8550645935707271,False
4306,FVE81_RS07960,menC,gene,1,1,genome,2,annotation_mediated,0,0,1,0,1,MS_14387,sul2,False,0.07692307692307693,False,0.8548868624143,0.8550645935707271,False
4307,FVE81_RS07995,arnA,gene,1,1,genome,2,annotation_mediated,0,0,1,0,1,MS_14387,sul2,False,0.07692307692307693,False,0.8548868624143,0.8550645935707271,False
4308,FVE81_RS08110,nrdB,gene,1,1,genome,2,annotation_mediated,0,0,1,0,1,MS_14387,sul2,False,0.07692307692307693,False,0.8548868624143,0.8550645935707271,False
4309,FVE81_RS08115,nrdA,gene,1,1,genome,2,annotation_mediated,0,0,1,0,1,MS_14387,sul2,False,0.07692307692307693,False,0.8548868624143,0.8550645935707271,False
4310,FVE81_RS08125,ubiG,gene,1,1,genome,2,annotation_mediated,0,0,1,0,1,MS_14387,sul2,False,0.07692307692307693,False,0.8548868624143,0.8550645935707271,False
4311,FVE81_RS08265,napB,gene,1,1,genome,2,annotation_mediated,0,0,1,0,1,MS_14387,sul2,False,0.07692307692307693,False,0.8548868624143,0.8550645935707271,False
4312,FVE81_RS08410,yeiQ,gene,1,1,genome,2,annotation_mediated,0,0,1,0,1,MS_14387,sul2,False,0.07692307692307693,False,0.8548868624143,0.8550645935707271,False
4313,FVE81_RS08430,fruB,gene,1,1,genome,2,annotation_mediated,0,0,1,0,1,MS_14387,sul2,False,0.07692307692307693,False,0.8548868624143,0.8550645935707271,False
4314,FVE81_RS08440,fruA,gene,1,1,genome,2,annotation_mediated,0,0,1,0,1,MS_14387,sul2,False,0.07692307692307693,False,0.8548868624143,0.8550645935707271,False
4315,EW036_RS00130,ivbL,gene,1,1,genome,3,annotation_mediated,0,0,1,0,0,B36,blaCTX-M-15,False,0.07692307692307693,False,0.8548868624143,0.8550645935707271,False
4316,EW036_RS00140,ilvN,gene,1,1,genome,3,annotation_mediated,0,0,1,0,0,B36,blaCTX-M-15,False,0.07692307692307693,False,0.8548868624143,0.8550645935707271,False
4317,EW036_RS00875,envC,gene,1,1,genome,3,annotation_mediated,0,0,1,0,0,B36,blaCTX-M-15,False,0.07692307692307693,False,0.8548868624143,0.8550645935707271,False
4318,EW036_RS01075,ysaA,gene,1,1,genome,3,annotation_mediated,0,0,1,0,0,B36,blaCTX-M-15,False,0.07692307692307693,False,0.8548868624143,0.8550645935707271,False
4319,EW036_RS01820,gntR,gene,1,1,genome,3,annotation_mediated,0,0,1,0,1,B36,blaCTX-M-15,False,0.07692307692307693,False,0.8548868624143,0.8550645935707271,False
4320,EW036_RS01830,gntU,gene,1,1,genome,3,annotation_mediated,0,0,1,0,0,B36,blaCTX-M-15,False,0.07692307692307693,False,0.8548868624143,0.8550645935707271,False
4321,EW036_RS01845,yhgN,gene,1,1,genome,3,annotation_mediated,0,0,1,0,0,B36,blaCTX-M-15,False,0.07692307692307693,False,0.8548868624143,0.8550645935707271,False
4322,EW036_RS01995,envZ,gene,1,1,genome,3,annotation_mediated,0,0,1,0,1,B36,blaCTX-M-15,False,0.07692307692307693,False,0.8548868624143,0.8550645935707271,False
4323,EW036_RS02005,yhgE,gene,1,1,genome,3,annotation_mediated,0,0,1,0,1,B36,blaCTX-M-15,False,0.07692307692307693,False,0.8548868624143,0.8550645935707271,False
4324,EW036_RS02070,hofQ,gene,1,1,genome,3,annotation_mediated,0,0,1,0,0,B36,blaCTX-M-15,False,0.07692307692307693,False,0.8548868624143,0.8550645935707271,False
4325,EW036_RS02085,damX,gene,1,1,genome,3,annotation_mediated,0,0,1,0,1,B36,blaCTX-M-15,False,0.07692307692307693,False,0.8548868624143,0.8550645935707271,False
4326,EW036_RS02090,dam,gene,1,1,genome,3,annotation_mediated,0,0,1,0,0,B36,blaCTX-M-15,False,0.07692307692307693,False,0.8548868624143,0.8550645935707271,False
4327,EW036_RS02195,fic,gene,1,1,genome,3,annotation_mediated,0,0,1,0,1,B36,blaCTX-M-15,False,0.07692307692307693,False,0.8548868624143,0.8550645935707271,False
4328,EW036_RS02210,yhfK,gene,1,1,genome,3,annotation_mediated,0,0,1,0,0,B36,blaCTX-M-15,False,0.07692307692307693,False,0.8548868624143,0.8550645935707271,False
4329,EW036_RS02760,nan,gene,1,1,genome,3,annotation_mediated,0,0,1,0,0,B36,blaCTX-M-15,False,0.07692307692307693,False,0.8548868624143,0.8550645935707271,False
4330,EW036_RS02855,argR,gene,1,1,genome,3,annotation_mediated,0,0,1,0,1,B36,blaCTX-M-15,False,0.07692307692307693,False,0.8548868624143,0.8550645935707271,False
4331,EW036_RS02865,degS,gene,1,1,genome,3,annotation_mediated,0,0,1,0,1,B36,blaCTX-M-15,False,0.07692307692307693,False,0.8548868624143,0.8550645935707271,False
4332,EW036_RS02905,nanR,gene,1,1,genome,3,annotation_mediated,0,0,1,0,1,B36,blaCTX-M-15,False,0.07692307692307693,False,0.8548868624143,0.8550645935707271,False
4333,EW036_RS02915,nanT,gene,1,1,genome,3,annotation_mediated,0,0,1,0,0,B36,blaCTX-M-15,False,0.07692307692307693,False,0.8548868624143,0.8550645935707271,False
4334,EW036_RS02945,yhcC,gene,1,1,genome,3,annotation_mediated,0,0,1,0,0,B36,blaCTX-M-15,False,0.07692307692307693,False,0.8548868624143,0.8550645935707271,False
4335,EW036_RS03125,secG,gene,1,1,genome,3,annotation_mediated,0,0,1,0,1,B36,blaCTX-M-15,False,0.07692307692307693,False,0.8548868624143,0.8550645935707271,False
4336,EW036_RS03135,yhbX,gene,1,1,genome,3,annotation_mediated,0,0,1,0,0,B36,blaCTX-M-15,False,0.07692307692307693,False,0.8548868624143,0.8550645935707271,False
4337,EW036_RS03390,tdcA,gene,1,1,genome,3,annotation_mediated,0,0,1,0,1,B36,blaCTX-M-15,False,0.07692307692307693,False,0.8548868624143,0.8550645935707271,False
4338,EW036_RS03425,nan,gene,1,1,genome,3,annotation_mediated,0,0,1,0,0,B36,blaCTX-M-15,False,0.07692307692307693,False,0.8548868624143,0.8550645935707271,False
4339,EW036_RS04025,gpr,gene,1,1,genome,3,annotation_mediated,0,0,1,0,1,B36,blaCTX-M-15,False,0.07692307692307693,False,0.8548868624143,0.8550645935707271,False
4340,EW036_RS04035,yghW,gene,1,1,genome,3,annotation_mediated,0,0,1,0,0,B36,blaCTX-M-15,False,0.07692307692307693,False,0.8548868624143,0.8550645935707271,False
4341,EW036_RS04280,nan,gene,1,1,genome,3,annotation_mediated,0,0,1,0,1,B36,blaCTX-M-15,False,0.07692307692307693,False,0.8548868624143,0.8550645935707271,False
4342,EW036_RS04290,nan,gene,1,1,genome,3,annotation_mediated,0,0,1,0,0,B36,blaCTX-M-15,False,0.07692307692307693,False,0.8548868624143,0.8550645935707271,False
4343,EW036_RS04825,nupG,gene,1,1,genome,3,annotation_mediated,0,0,1,0,0,B36,blaCTX-M-15,False,0.07692307692307693,False,0.8548868624143,0.8550645935707271,False
4344,EW036_RS04985,loiP,gene,1,1,genome,3,annotation_mediated,0,0,1,0,1,B36,blaCTX-M-15,False,0.07692307692307693,False,0.8548868624143,0.8550645935707271,False
4345,EW036_RS04995,nan,gene,1,1,genome,3,annotation_mediated,0,0,1,0,0,B36,blaCTX-M-15,False,0.07692307692307693,False,0.8548868624143,0.8550645935707271,False
4346,EW036_RS05075,mscS,gene,1,1,genome,3,annotation_mediated,0,0,1,0,1,B36,blaCTX-M-15,False,0.07692307692307693,False,0.8548868624143,0.8550645935707271,False
4347,EW036_RS05110,nan,gene,1,1,genome,3,annotation_mediated,0,0,1,0,0,B36,blaCTX-M-15,False,0.07692307692307693,False,0.8548868624143,0.8550645935707271,False
4348,EW036_RS05125,ibsC,gene,1,1,genome,3,annotation_mediated,0,0,1,0,0,B36,blaCTX-M-15,False,0.07692307692307693,False,0.8548868624143,0.8550645935707271,False
4349,EW036_RS05165,nan,gene,1,1,genome,3,annotation_mediated,0,0,1,0,0,B36,blaCTX-M-15,False,0.07692307692307693,False,0.8548868624143,0.8550645935707271,False
4350,EW036_RS05185,bglA,gene,1,1,genome,3,annotation_mediated,0,0,1,0,0,B36,blaCTX-M-15,False,0.07692307692307693,False,0.8548868624143,0.8550645935707271,False
4351,EW036_RS05250,nan,gene,1,1,genome,3,annotation_mediated,0,0,1,0,0,B36,blaCTX-M-15,False,0.07692307692307693,False,0.8548868624143,0.8550645935707271,False
4352,EW036_RS05410,lysR,gene,1,1,genome,3,annotation_mediated,0,0,1,0,0,B36,blaCTX-M-15,False,0.07692307692307693,False,0.8548868624143,0.8550645935707271,False
4353,EW036_RS05420,galR,gene,1,1,genome,3,annotation_mediated,0,0,1,0,1,B36,blaCTX-M-15,False,0.07692307692307693,False,0.8548868624143,0.8550645935707271,False
4354,EW036_RS05800,xni,gene,1,1,genome,3,annotation_mediated,0,0,1,0,1,B36,blaCTX-M-15,False,0.07692307692307693,False,0.8548868624143,0.8550645935707271,False
4355,EW036_RS05825,syd,gene,1,1,genome,3,annotation_mediated,0,0,1,0,0,B36,blaCTX-M-15,False,0.07692307692307693,False,0.8548868624143,0.8550645935707271,False
4356,EW036_RS05890,ygcG,gene,1,1,genome,3,annotation_mediated,0,0,1,0,0,B36,blaCTX-M-15,False,0.07692307692307693,False,0.8548868624143,0.8550645935707271,False
4357,EW036_RS06035,ftsB,gene,1,1,genome,3,annotation_mediated,0,0,1,0,1,B36,blaCTX-M-15,False,0.07692307692307693,False,0.8548868624143,0.8550645935707271,False
4358,EW036_RS06630,aroF,gene,1,1,genome,3,annotation_mediated,0,0,1,0,0,B36,blaCTX-M-15,False,0.07692307692307693,False,0.8548868624143,0.8550645935707271,False
4359,EW036_RS06645,pheL,gene,1,1,genome,3,annotation_mediated,0,0,1,0,0,B36,blaCTX-M-15,False,0.07692307692307693,False,0.8548868624143,0.8550645935707271,False
4360,EW036_RS06850,mltF,gene,1,1,genome,3,annotation_mediated,0,0,1,0,0,B36,blaCTX-M-15,False,0.07692307692307693,False,0.8548868624143,0.8550645935707271,False
4361,EW036_RS06860,qseE,gene,1,1,genome,3,annotation_mediated,0,0,1,0,1,B36,blaCTX-M-15,False,0.07692307692307693,False,0.8548868624143,0.8550645935707271,False
4362,EW036_RS06880,hmpA,gene,1,1,genome,3,annotation_mediated,0,0,1,0,1,B36,blaCTX-M-15,False,0.07692307692307693,False,0.8548868624143,0.8550645935707271,False
4363,EW036_RS06890,yphH,gene,1,1,genome,3,annotation_mediated,0,0,1,0,0,B36,blaCTX-M-15,False,0.07692307692307693,False,0.8548868624143,0.8550645935707271,False
4364,EW036_RS06915,yphC,gene,1,1,genome,3,annotation_mediated,0,0,1,0,0,B36,blaCTX-M-15,False,0.07692307692307693,False,0.8548868624143,0.8550645935707271,False
4365,EW036_RS06925,yphA,gene,1,1,genome,3,annotation_mediated,0,0,1,0,0,B36,blaCTX-M-15,False,0.07692307692307693,False,0.8548868624143,0.8550645935707271,False
4366,EW036_RS07015,pbpC,gene,1,1,genome,3,annotation_mediated,0,0,1,0,0,B36,blaCTX-M-15,False,0.07692307692307693,False,0.8548868624143,0.8550645935707271,False
4367,EW036_RS07120,ppk1,gene,1,1,genome,3,annotation_mediated,0,0,1,0,1,B36,blaCTX-M-15,False,0.07692307692307693,False,0.8548868624143,0.8550645935707271,False
4368,EW036_RS07170,gcvR,gene,1,1,genome,3,annotation_mediated,0,0,1,0,1,B36,blaCTX-M-15,False,0.07692307692307693,False,0.8548868624143,0.8550645935707271,False
4369,EW036_RS07180,bamC,gene,1,1,genome,3,annotation_mediated,0,0,1,0,1,B36,blaCTX-M-15,False,0.07692307692307693,False,0.8548868624143,0.8550645935707271,False
4370,EW036_RS07230,narQ,gene,1,1,genome,3,annotation_mediated,0,0,1,0,1,B36,blaCTX-M-15,False,0.07692307692307693,False,0.8548868624143,0.8550645935707271,False
4371,EW036_RS07240,nudK,gene,1,1,genome,3,annotation_mediated,0,0,1,0,1,B36,blaCTX-M-15,False,0.07692307692307693,False,0.8548868624143,0.8550645935707271,False
4372,EW036_RS07425,yfeK,gene,1,1,genome,3,annotation_mediated,0,0,1,0,0,B36,blaCTX-M-15,False,0.07692307692307693,False,0.8548868624143,0.8550645935707271,False
4373,EW036_RS07575,yfeO,gene,1,1,genome,3,annotation_mediated,0,0,1,0,0,B36,blaCTX-M-15,False,0.07692307692307693,False,0.8548868624143,0.8550645935707271,False
4374,EW036_RS07585,fryB,gene,1,1,genome,3,annotation_mediated,0,0,1,0,0,B36,blaCTX-M-15,False,0.07692307692307693,False,0.8548868624143,0.8550645935707271,False
4375,EW036_RS07805,sixA,gene,1,1,genome,3,annotation_mediated,0,0,1,0,1,B36,blaCTX-M-15,False,0.07692307692307693,False,0.8548868624143,0.8550645935707271,False
4376,EW036_RS07860,mepA,gene,1,1,genome,3,annotation_mediated,0,0,1,0,1,B36,blaCTX-M-15,False,0.07692307692307693,False,0.8548868624143,0.8550645935707271,False
4377,EW036_RS07915,dedA,gene,1,1,genome,3,annotation_mediated,0,0,1,0,0,B36,blaCTX-M-15,False,0.07692307692307693,False,0.8548868624143,0.8550645935707271,False
4378,EW036_RS07935,cvpA,gene,1,1,genome,3,annotation_mediated,0,0,1,0,0,B36,blaCTX-M-15,False,0.07692307692307693,False,0.8548868624143,0.8550645935707271,False
4379,EW036_RS08005,yfcC,gene,1,1,genome,3,annotation_mediated,0,0,1,0,0,B36,blaCTX-M-15,False,0.07692307692307693,False,0.8548868624143,0.8550645935707271,False
4380,EW036_RS08050,lrhA,gene,1,1,genome,3,annotation_mediated,0,0,1,0,1,B36,blaCTX-M-15,False,0.07692307692307693,False,0.8548868624143,0.8550645935707271,False
4381,EW036_RS08265,nan,gene,1,1,genome,3,annotation_mediated,0,0,1,0,0,B36,blaCTX-M-15,False,0.07692307692307693,False,0.8548868624143,0.8550645935707271,False
4382,EW036_RS09060,rutR,gene,1,1,genome,3,annotation_mediated,0,0,1,0,0,B36,blaCTX-M-15,False,0.07692307692307693,False,0.8548868624143,0.8550645935707271,False
4383,EW036_RS09070,nan,gene,1,1,genome,3,annotation_mediated,0,0,1,0,0,B36,blaCTX-M-15,False,0.07692307692307693,False,0.8548868624143,0.8550645935707271,False
4384,EW036_RS09415,fabH,gene,1,1,genome,3,annotation_mediated,0,0,1,0,1,B36,blaCTX-M-15,False,0.07692307692307693,False,0.8548868624143,0.8550645935707271,False
4385,EW036_RS09430,acpP,gene,1,1,genome,3,annotation_mediated,0,0,1,0,1,B36,blaCTX-M-15,False,0.07692307692307693,False,0.8548868624143,0.8550645935707271,False
4386,EW036_RS01710,ftsE,gene,1,1,genome,3,annotation_mediated,0,0,1,0,1,B36,blaOXA-1,False,0.07692307692307693,False,0.8548868624143,0.8550645935707271,False
4387,EW036_RS02185,ppiA,gene,1,1,genome,3,annotation_mediated,0,0,1,0,1,B36,blaOXA-1,False,0.07692307692307693,False,0.8548868624143,0.8550645935707271,False
4388,EW036_RS02270,fkpA,gene,1,1,genome,3,annotation_mediated,0,0,1,0,1,B36,blaOXA-1,False,0.07692307692307693,False,0.8548868624143,0.8550645935707271,False
4389,EW036_RS03040,mlaC,gene,1,1,genome,3,annotation_mediated,0,0,1,0,1,B36,blaOXA-1,False,0.07692307692307693,False,0.8548868624143,0.8550645935707271,False
4390,EW036_RS05225,dsbC,gene,1,1,genome,3,annotation_mediated,0,0,1,0,1,B36,blaOXA-1,False,0.07692307692307693,False,0.8548868624143,0.8550645935707271,False
4391,EW036_RS05525,amiC,gene,1,1,genome,3,annotation_mediated,0,0,1,0,1,B36,blaOXA-1,False,0.07692307692307693,False,0.8548868624143,0.8550645935707271,False
4392,EW036_RS06550,bamE,gene,1,1,genome,3,annotation_mediated,0,0,1,0,1,B36,blaOXA-1,False,0.07692307692307693,False,0.8548868624143,0.8550645935707271,False
4393,EW036_RS09490,thiK,gene,1,1,genome,3,annotation_mediated,0,0,1,0,0,B36,blaOXA-1,False,0.07692307692307693,False,0.8548868624143,0.8550645935707271,False
4394,EW036_RS10160,cvrA,gene,1,1,genome,3,annotation_mediated,0,0,1,0,0,B36,blaOXA-1,False,0.07692307692307693,False,0.8548868624143,0.8550645935707271,False
4395,EW036_RS10170,emtA,gene,1,1,genome,3,annotation_mediated,0,0,1,0,1,B36,blaOXA-1,False,0.07692307692307693,False,0.8548868624143,0.8550645935707271,False
4396,EW036_RS10620,oppC,gene,1,1,genome,3,annotation_mediated,0,0,1,0,0,B36,blaOXA-1,False,0.07692307692307693,False,0.8548868624143,0.8550645935707271,False
4397,EW036_RS11410,tpx,gene,1,1,genome,3,annotation_mediated,0,0,1,0,1,B36,blaOXA-1,False,0.07692307692307693,False,0.8548868624143,0.8550645935707271,False
4398,EW036_RS11440,pgrR,gene,1,1,genome,3,annotation_mediated,0,0,1,0,0,B36,blaOXA-1,False,0.07692307692307693,False,0.8548868624143,0.8550645935707271,False
4399,EW036_RS11450,ynaI,gene,1,1,genome,3,annotation_mediated,0,0,1,0,0,B36,blaOXA-1,False,0.07692307692307693,False,0.8548868624143,0.8550645935707271,False
4400,EW036_RS15890,pbpG,gene,1,1,genome,3,annotation_mediated,0,0,1,0,1,B36,blaOXA-1,False,0.07692307692307693,False,0.8548868624143,0.8550645935707271,False
4401,EW036_RS16230,napB,gene,1,1,genome,3,annotation_mediated,0,0,1,0,1,B36,blaOXA-1,False,0.07692307692307693,False,0.8548868624143,0.8550645935707271,False
4402,EW036_RS16240,napG,gene,1,1,genome,3,annotation_mediated,0,0,1,0,1,B36,blaOXA-1,False,0.07692307692307693,False,0.8548868624143,0.8550645935707271,False
4403,EW036_RS16245,napA,gene,1,1,genome,3,annotation_mediated,0,0,1,0,1,B36,blaOXA-1,False,0.07692307692307693,False,0.8548868624143,0.8550645935707271,False
4404,EW036_RS16285,apbE,gene,1,1,genome,3,annotation_mediated,0,0,1,0,0,B36,blaOXA-1,False,0.07692307692307693,False,0.8548868624143,0.8550645935707271,False
4405,EW036_RS16295,rcsD,gene,1,1,genome,3,annotation_mediated,0,0,1,0,1,B36,blaOXA-1,False,0.07692307692307693,False,0.8548868624143,0.8550645935707271,False
4406,EW036_RS16300,rcsB,gene,1,1,genome,3,annotation_mediated,0,0,1,0,1,B36,blaOXA-1,False,0.07692307692307693,False,0.8548868624143,0.8550645935707271,False
4407,EW036_RS17045,cspD,gene,1,1,genome,3,annotation_mediated,0,0,1,0,1,B36,blaOXA-1,False,0.07692307692307693,False,0.8548868624143,0.8550645935707271,False
4408,EW036_RS17250,dacC,gene,1,1,genome,3,annotation_mediated,0,0,1,0,1,B36,blaOXA-1,False,0.07692307692307693,False,0.8548868624143,0.8550645935707271,False
4409,EW036_RS17470,hlyD,gene,1,1,genome,3,annotation_mediated,0,0,1,0,1,B36,blaOXA-1,False,0.07692307692307693,False,0.8548868624143,0.8550645935707271,False
4410,EW036_RS17480,ybhS,gene,1,1,genome,3,annotation_mediated,0,0,1,0,0,B36,blaOXA-1,False,0.07692307692307693,False,0.8548868624143,0.8550645935707271,False
4411,EW036_RS17745,tolB,gene,1,1,genome,3,annotation_mediated,0,0,1,0,1,B36,blaOXA-1,False,0.07692307692307693,False,0.8548868624143,0.8550645935707271,False
4412,EW036_RS18310,mrdB,gene,1,1,genome,3,annotation_mediated,0,0,1,0,0,B36,blaOXA-1,False,0.07692307692307693,False,0.8548868624143,0.8550645935707271,False
4413,EW036_RS18320,dacA,gene,1,1,genome,3,annotation_mediated,0,0,1,0,1,B36,blaOXA-1,False,0.07692307692307693,False,0.8548868624143,0.8550645935707271,False
4414,EW036_RS18685,cusR,gene,1,1,genome,3,annotation_mediated,0,0,1,0,0,B36,blaOXA-1,False,0.07692307692307693,False,0.8548868624143,0.8550645935707271,False
4415,EW036_RS19075,acrR,gene,1,1,genome,3,annotation_mediated,0,0,1,0,0,B36,blaOXA-1,False,0.07692307692307693,False,0.8548868624143,0.8550645935707271,False
4416,EW036_RS19090,tomB,gene,1,1,genome,3,annotation_mediated,0,0,1,0,0,B36,blaOXA-1,False,0.07692307692307693,False,0.8548868624143,0.8550645935707271,False
4417,EW036_RS20920,aroP,gene,1,1,genome,3,annotation_mediated,0,0,1,0,0,B36,blaOXA-1,False,0.07692307692307693,False,0.8548868624143,0.8550645935707271,False
4418,EW036_RS20935,nadC,gene,1,1,genome,3,annotation_mediated,0,0,1,0,1,B36,blaOXA-1,False,0.07692307692307693,False,0.8548868624143,0.8550645935707271,False
4419,EW036_RS21255,folA,gene,1,1,genome,3,annotation_mediated,0,0,1,0,1,B36,blaOXA-1,False,0.07692307692307693,False,0.8548868624143,0.8550645935707271,False
4420,EW036_RS21780,nan,gene,1,1,genome,3,annotation_mediated,0,0,1,0,0,B36,blaOXA-1,False,0.07692307692307693,False,0.8548868624143,0.8550645935707271,False
4421,EW036_RS21790,nan,gene,1,1,genome,3,annotation_mediated,0,0,1,0,0,B36,blaOXA-1,False,0.07692307692307693,False,0.8548868624143,0.8550645935707271,False
4422,EW036_RS21800,symE,gene,1,1,genome,3,annotation_mediated,0,0,1,0,0,B36,blaOXA-1,False,0.07692307692307693,False,0.8548868624143,0.8550645935707271,False
4423,EW036_RS22135,nan,gene,1,1,genome,3,annotation_mediated,0,0,1,0,1,B36,blaOXA-1,False,0.07692307692307693,False,0.8548868624143,0.8550645935707271,False
4424,EW036_RS22830,fklB,gene,1,1,genome,3,annotation_mediated,0,0,1,0,1,B36,blaOXA-1,False,0.07692307692307693,False,0.8548868624143,0.8550645935707271,False
4425,EW036_RS23160,frdD,gene,1,1,genome,3,annotation_mediated,0,0,1,0,0,B36,blaOXA-1,False,0.07692307692307693,False,0.8548868624143,0.8550645935707271,False
4426,EW036_RS23170,blc,gene,1,1,genome,3,annotation_mediated,0,0,1,0,1,B36,blaOXA-1,False,0.07692307692307693,False,0.8548868624143,0.8550645935707271,False
4427,EW036_RS23645,nrfB,gene,1,1,genome,3,annotation_mediated,0,0,1,0,1,B36,blaOXA-1,False,0.07692307692307693,False,0.8548868624143,0.8550645935707271,False
4428,EW036_RS24190,rpoB,gene,1,1,genome,3,annotation_mediated,0,0,1,0,1,B36,blaOXA-1,False,0.07692307692307693,False,0.8548868624143,0.8550645935707271,False
4429,EW036_RS25470,rbsB,gene,1,1,genome,3,annotation_mediated,0,0,1,0,1,B36,blaOXA-1,False,0.07692307692307693,False,0.8548868624143,0.8550645935707271,False
4430,EW037_RS00175,nan,gene,1,1,genome,3,annotation_mediated,0,0,1,0,0,MS_14384,blaCMY-2,False,0.07692307692307693,False,0.8548868624143,0.8550645935707271,False
4431,EW037_RS00285,nlpA,gene,1,1,genome,3,annotation_mediated,0,0,1,0,1,MS_14384,blaCMY-2,False,0.07692307692307693,False,0.8548868624143,0.8550645935707271,False
4432,EW037_RS00365,yicH,gene,1,1,genome,3,annotation_mediated,0,0,1,0,1,MS_14384,blaCMY-2,False,0.07692307692307693,False,0.8548868624143,0.8550645935707271,False
4433,EW037_RS00460,rpmG,gene,1,1,genome,3,annotation_mediated,0,0,1,0,1,MS_14384,blaCMY-2,False,0.07692307692307693,False,0.8548868624143,0.8550645935707271,False
4434,EW037_RS00475,waaA,gene,1,1,genome,3,annotation_mediated,0,0,1,0,1,MS_14384,blaCMY-2,False,0.07692307692307693,False,0.8548868624143,0.8550645935707271,False
4435,EW037_RS00480,rfaQ,gene,1,1,genome,3,annotation_mediated,0,0,1,0,1,MS_14384,blaCMY-2,False,0.07692307692307693,False,0.8548868624143,0.8550645935707271,False
4436,EW037_RS00485,waaG,gene,1,1,genome,3,annotation_mediated,0,0,1,0,1,MS_14384,blaCMY-2,False,0.07692307692307693,False,0.8548868624143,0.8550645935707271,False
4437,EW037_RS00510,nan,gene,1,1,genome,3,annotation_mediated,0,0,1,0,1,MS_14384,blaCMY-2,False,0.07692307692307693,False,0.8548868624143,0.8550645935707271,False
4438,EW037_RS00515,nan,gene,1,1,genome,3,annotation_mediated,0,0,1,0,1,MS_14384,blaCMY-2,False,0.07692307692307693,False,0.8548868624143,0.8550645935707271,False
4439,EW037_RS00525,rfaC,gene,1,1,genome,3,annotation_mediated,0,0,1,0,1,MS_14384,blaCMY-2,False,0.07692307692307693,False,0.8548868624143,0.8550645935707271,False
4440,EW037_RS00530,rfaF,gene,1,1,genome,3,annotation_mediated,0,0,1,0,1,MS_14384,blaCMY-2,False,0.07692307692307693,False,0.8548868624143,0.8550645935707271,False
4441,EW037_RS00535,rfaD,gene,1,1,genome,3,annotation_mediated,0,0,1,0,1,MS_14384,blaCMY-2,False,0.07692307692307693,False,0.8548868624143,0.8550645935707271,False
4442,EW037_RS00915,yiaD,gene,1,1,genome,3,annotation_mediated,0,0,1,0,1,MS_14384,blaCMY-2,False,0.07692307692307693,False,0.8548868624143,0.8550645935707271,False
4443,EW037_RS00965,dppA,gene,1,1,genome,3,annotation_mediated,0,0,1,0,1,MS_14384,blaCMY-2,False,0.07692307692307693,False,0.8548868624143,0.8550645935707271,False
4444,EW037_RS00980,dppC,gene,1,1,genome,3,annotation_mediated,0,0,1,0,0,MS_14384,blaCMY-2,False,0.07692307692307693,False,0.8548868624143,0.8550645935707271,False
4445,EW037_RS00995,yhjV,gene,1,1,genome,3,annotation_mediated,0,0,1,0,0,MS_14384,blaCMY-2,False,0.07692307692307693,False,0.8548868624143,0.8550645935707271,False
4446,EW037_RS01055,bcsB,gene,1,1,genome,3,annotation_mediated,0,0,1,0,1,MS_14384,blaCMY-2,False,0.07692307692307693,False,0.8548868624143,0.8550645935707271,False
4447,EW037_RS01070,hmsP,gene,1,1,genome,3,annotation_mediated,0,0,1,0,1,MS_14384,blaCMY-2,False,0.07692307692307693,False,0.8548868624143,0.8550645935707271,False
4448,EW037_RS01080,yhjJ,gene,1,1,genome,3,annotation_mediated,0,0,1,0,1,MS_14384,blaCMY-2,False,0.07692307692307693,False,0.8548868624143,0.8550645935707271,False
4449,EW037_RS01095,yhjG,gene,1,1,genome,3,annotation_mediated,0,0,1,0,1,MS_14384,blaCMY-2,False,0.07692307692307693,False,0.8548868624143,0.8550645935707271,False
4450,EW037_RS01140,gadW,gene,1,1,genome,3,annotation_mediated,0,0,1,0,0,MS_14384,blaCMY-2,False,0.07692307692307693,False,0.8548868624143,0.8550645935707271,False
4451,EW037_RS01150,mdtE,gene,1,1,genome,3,annotation_mediated,0,0,1,0,0,MS_14384,blaCMY-2,False,0.07692307692307693,False,0.8548868624143,0.8550645935707271,False
4452,EW037_RS01170,hdeA,gene,1,1,genome,3,annotation_mediated,0,0,1,0,1,MS_14384,blaCMY-2,False,0.07692307692307693,False,0.8548868624143,0.8550645935707271,False
4453,EW037_RS01175,hdeB,gene,1,1,genome,3,annotation_mediated,0,0,1,0,1,MS_14384,blaCMY-2,False,0.07692307692307693,False,0.8548868624143,0.8550645935707271,False
4454,EW037_RS01195,chuY,gene,1,1,genome,3,annotation_mediated,0,0,1,0,1,MS_14384,blaCMY-2,False,0.07692307692307693,False,0.8548868624143,0.8550645935707271,False
4455,EW037_RS01220,chuA,gene,1,1,genome,3,annotation_mediated,0,0,1,0,1,MS_14384,blaCMY-2,False,0.07692307692307693,False,0.8548868624143,0.8550645935707271,False
4456,EW037_RS01235,slp,gene,1,1,genome,3,annotation_mediated,0,0,1,0,1,MS_14384,blaCMY-2,False,0.07692307692307693,False,0.8548868624143,0.8550645935707271,False
4457,EW037_RS01335,yhiI,gene,1,1,genome,3,annotation_mediated,0,0,1,0,1,MS_14384,blaCMY-2,False,0.07692307692307693,False,0.8548868624143,0.8550645935707271,False
4458,EW037_RS01500,ftsE,gene,1,1,genome,3,annotation_mediated,0,0,1,0,1,MS_14384,blaCMY-2,False,0.07692307692307693,False,0.8548868624143,0.8550645935707271,False
4459,EW037_RS01555,ugpB,gene,1,1,genome,3,annotation_mediated,0,0,1,0,1,MS_14384,blaCMY-2,False,0.07692307692307693,False,0.8548868624143,0.8550645935707271,False
4460,EW037_RS01585,ggt,gene,1,1,genome,3,annotation_mediated,0,0,1,0,1,MS_14384,blaCMY-2,False,0.07692307692307693,False,0.8548868624143,0.8550645935707271,False
4461,EW037_RS01610,yhhY,gene,1,1,genome,3,annotation_mediated,0,0,1,0,1,MS_14384,blaCMY-2,False,0.07692307692307693,False,0.8548868624143,0.8550645935707271,False
4462,EW037_RS01800,greB,gene,1,1,genome,3,annotation_mediated,0,0,1,0,0,MS_14384,blaCMY-2,False,0.07692307692307693,False,0.8548868624143,0.8550645935707271,False
4463,EW037_RS01815,nadS,gene,1,1,genome,3,annotation_mediated,0,0,1,0,1,MS_14384,blaCMY-2,False,0.07692307692307693,False,0.8548868624143,0.8550645935707271,False
4464,EW037_RS01855,nudE,gene,1,1,genome,3,annotation_mediated,0,0,1,0,1,MS_14384,blaCMY-2,False,0.07692307692307693,False,0.8548868624143,0.8550645935707271,False
4465,EW037_RS01865,hofM,gene,1,1,genome,3,annotation_mediated,0,0,1,0,1,MS_14384,blaCMY-2,False,0.07692307692307693,False,0.8548868624143,0.8550645935707271,False
4466,EW037_RS01890,aroK,gene,1,1,genome,3,annotation_mediated,0,0,1,0,1,MS_14384,blaCMY-2,False,0.07692307692307693,False,0.8548868624143,0.8550645935707271,False
4467,EW037_RS02000,ppiA,gene,1,1,genome,3,annotation_mediated,0,0,1,0,1,MS_14384,blaCMY-2,False,0.07692307692307693,False,0.8548868624143,0.8550645935707271,False
4468,EW037_RS02025,yhfK,gene,1,1,genome,3,annotation_mediated,0,0,1,0,1,MS_14384,blaCMY-2,False,0.07692307692307693,False,0.8548868624143,0.8550645935707271,False
4469,EW037_RS02035,yhfA,gene,1,1,genome,3,annotation_mediated,0,0,1,0,1,MS_14384,blaCMY-2,False,0.07692307692307693,False,0.8548868624143,0.8550645935707271,False
4470,EW037_RS02085,fkpA,gene,1,1,genome,3,annotation_mediated,0,0,1,0,1,MS_14384,blaCMY-2,False,0.07692307692307693,False,0.8548868624143,0.8550645935707271,False
4471,EW037_RS02110,rpsL,gene,1,1,genome,3,annotation_mediated,0,0,1,0,1,MS_14384,blaCMY-2,False,0.07692307692307693,False,0.8548868624143,0.8550645935707271,False
4472,EW037_RS02125,tuf,gene,1,1,genome,3,annotation_mediated,0,0,1,0,1,MS_14384,blaCMY-2,False,0.07692307692307693,False,0.8548868624143,0.8550645935707271,False
4473,EW037_RS02155,rplD,gene,1,1,genome,3,annotation_mediated,0,0,1,0,1,MS_14384,blaCMY-2,False,0.07692307692307693,False,0.8548868624143,0.8550645935707271,False
4474,EW037_RS02175,rplV,gene,1,1,genome,3,annotation_mediated,0,0,1,0,1,MS_14384,blaCMY-2,False,0.07692307692307693,False,0.8548868624143,0.8550645935707271,False
4475,EW037_RS02195,rpsQ,gene,1,1,genome,3,annotation_mediated,0,0,1,0,1,MS_14384,blaCMY-2,False,0.07692307692307693,False,0.8548868624143,0.8550645935707271,False
4476,EW037_RS02225,rplF,gene,1,1,genome,3,annotation_mediated,0,0,1,0,1,MS_14384,blaCMY-2,False,0.07692307692307693,False,0.8548868624143,0.8550645935707271,False
4477,EW037_RS02235,rpsE,gene,1,1,genome,3,annotation_mediated,0,0,1,0,1,MS_14384,blaCMY-2,False,0.07692307692307693,False,0.8548868624143,0.8550645935707271,False
4478,EW037_RS02270,rpsD,gene,1,1,genome,3,annotation_mediated,0,0,1,0,1,MS_14384,blaCMY-2,False,0.07692307692307693,False,0.8548868624143,0.8550645935707271,False
4479,EW037_RS02300,mscL,gene,1,1,genome,3,annotation_mediated,0,0,1,0,1,MS_14384,blaCMY-2,False,0.07692307692307693,False,0.8548868624143,0.8550645935707271,False
4480,EW037_RS02500,mreC,gene,1,1,genome,3,annotation_mediated,0,0,1,0,1,MS_14384,blaCMY-2,False,0.07692307692307693,False,0.8548868624143,0.8550645935707271,False
4481,EW037_RS02570,degS,gene,1,1,genome,3,annotation_mediated,0,0,1,0,1,MS_14384,blaCMY-2,False,0.07692307692307693,False,0.8548868624143,0.8550645935707271,False
4482,EW037_RS02580,zapG,gene,1,1,genome,3,annotation_mediated,0,0,1,0,1,MS_14384,blaCMY-2,False,0.07692307692307693,False,0.8548868624143,0.8550645935707271,False
4483,EW037_RS02665,yhcC,gene,1,1,genome,3,annotation_mediated,0,0,1,0,0,MS_14384,blaCMY-2,False,0.07692307692307693,False,0.8548868624143,0.8550645935707271,False
4484,EW037_RS02675,elbB,gene,1,1,genome,3,annotation_mediated,0,0,1,0,1,MS_14384,blaCMY-2,False,0.07692307692307693,False,0.8548868624143,0.8550645935707271,False
4485,EW037_RS02680,mtgA,gene,1,1,genome,3,annotation_mediated,0,0,1,0,1,MS_14384,blaCMY-2,False,0.07692307692307693,False,0.8548868624143,0.8550645935707271,False
4486,EW037_RS02705,hpf,gene,1,1,genome,3,annotation_mediated,0,0,1,0,1,MS_14384,blaCMY-2,False,0.07692307692307693,False,0.8548868624143,0.8550645935707271,False
4487,EW037_RS02715,lptB,gene,1,1,genome,3,annotation_mediated,0,0,1,0,1,MS_14384,blaCMY-2,False,0.07692307692307693,False,0.8548868624143,0.8550645935707271,False
4488,EW037_RS02720,lptA,gene,1,1,genome,3,annotation_mediated,0,0,1,0,1,MS_14384,blaCMY-2,False,0.07692307692307693,False,0.8548868624143,0.8550645935707271,False
4489,EW037_RS02725,lptC,gene,1,1,genome,3,annotation_mediated,0,0,1,0,1,MS_14384,blaCMY-2,False,0.07692307692307693,False,0.8548868624143,0.8550645935707271,False
4490,EW037_RS02735,kdsD,gene,1,1,genome,3,annotation_mediated,0,0,1,0,1,MS_14384,blaCMY-2,False,0.07692307692307693,False,0.8548868624143,0.8550645935707271,False
4491,EW037_RS02765,mlaB,gene,1,1,genome,3,annotation_mediated,0,0,1,0,1,MS_14384,blaCMY-2,False,0.07692307692307693,False,0.8548868624143,0.8550645935707271,False
4492,EW037_RS02775,murA,gene,1,1,genome,3,annotation_mediated,0,0,1,0,1,MS_14384,blaCMY-2,False,0.07692307692307693,False,0.8548868624143,0.8550645935707271,False
4493,EW037_RS02820,dacB,gene,1,1,genome,3,annotation_mediated,0,0,1,0,1,MS_14384,blaCMY-2,False,0.07692307692307693,False,0.8548868624143,0.8550645935707271,False
4494,EW037_RS02975,yraR,gene,1,1,genome,3,annotation_mediated,0,0,1,0,1,MS_14384,blaCMY-2,False,0.07692307692307693,False,0.8548868624143,0.8550645935707271,False
4495,EW037_RS03000,lpoA,gene,1,1,genome,3,annotation_mediated,0,0,1,0,1,MS_14384,blaCMY-2,False,0.07692307692307693,False,0.8548868624143,0.8550645935707271,False
4496,EW037_RS03530,ygiB,gene,1,1,genome,3,annotation_mediated,0,0,1,0,1,MS_14384,blaCMY-2,False,0.07692307692307693,False,0.8548868624143,0.8550645935707271,False
4497,EW037_RS03540,nudF,gene,1,1,genome,3,annotation_mediated,0,0,1,0,1,MS_14384,blaCMY-2,False,0.07692307692307693,False,0.8548868624143,0.8550645935707271,False
4498,EW037_RS03560,parE,gene,1,1,genome,3,annotation_mediated,0,0,1,0,1,MS_14384,blaCMY-2,False,0.07692307692307693,False,0.8548868624143,0.8550645935707271,False
4499,EW037_RS03605,ygiZ,gene,1,1,genome,3,annotation_mediated,0,0,1,0,0,MS_14384,blaCMY-2,False,0.07692307692307693,False,0.8548868624143,0.8550645935707271,False
4500,EW037_RS03620,ygiW,gene,1,1,genome,3,annotation_mediated,0,0,1,0,1,MS_14384,blaCMY-2,False,0.07692307692307693,False,0.8548868624143,0.8550645935707271,False
4501,EW037_RS03645,ftsP,gene,1,1,genome,3,annotation_mediated,0,0,1,0,1,MS_14384,blaCMY-2,False,0.07692307692307693,False,0.8548868624143,0.8550645935707271,False
4502,EW037_RS03880,sslE,gene,1,1,genome,3,annotation_mediated,0,0,1,0,1,MS_14384,blaCMY-2,False,0.07692307692307693,False,0.8548868624143,0.8550645935707271,False
4503,EW037_RS03990,nan,gene,1,1,genome,3,annotation_mediated,0,0,1,0,1,MS_14384,blaCMY-2,False,0.07692307692307693,False,0.8548868624143,0.8550645935707271,False
4504,EW037_RS03995,kdsB,gene,1,1,genome,3,annotation_mediated,0,0,1,0,1,MS_14384,blaCMY-2,False,0.07692307692307693,False,0.8548868624143,0.8550645935707271,False
4505,EW037_RS04000,nan,gene,1,1,genome,3,annotation_mediated,0,0,1,0,1,MS_14384,blaCMY-2,False,0.07692307692307693,False,0.8548868624143,0.8550645935707271,False
4506,EW037_RS04005,nan,gene,1,1,genome,3,annotation_mediated,0,0,1,0,1,MS_14384,blaCMY-2,False,0.07692307692307693,False,0.8548868624143,0.8550645935707271,False
4507,EW037_RS04010,nan,gene,1,1,genome,3,annotation_mediated,0,0,1,0,1,MS_14384,blaCMY-2,False,0.07692307692307693,False,0.8548868624143,0.8550645935707271,False
4508,EW037_RS04075,nan,gene,1,1,genome,3,annotation_mediated,0,0,1,0,1,MS_14384,blaCMY-2,False,0.07692307692307693,False,0.8548868624143,0.8550645935707271,False
4509,EW037_RS04385,mltC,gene,1,1,genome,3,annotation_mediated,0,0,1,0,1,MS_14384,blaCMY-2,False,0.07692307692307693,False,0.8548868624143,0.8550645935707271,False
4510,EW037_RS04410,yggN,gene,1,1,genome,3,annotation_mediated,0,0,1,0,1,MS_14384,blaCMY-2,False,0.07692307692307693,False,0.8548868624143,0.8550645935707271,False
4511,EW037_RS04420,yggM,gene,1,1,genome,3,annotation_mediated,0,0,1,0,0,MS_14384,blaCMY-2,False,0.07692307692307693,False,0.8548868624143,0.8550645935707271,False
4512,EW037_RS04630,mscS,gene,1,1,genome,3,annotation_mediated,0,0,1,0,1,MS_14384,blaCMY-2,False,0.07692307692307693,False,0.8548868624143,0.8550645935707271,False
4513,EW037_RS04925,actS,gene,1,1,genome,3,annotation_mediated,0,0,1,0,1,MS_14384,blaCMY-2,False,0.07692307692307693,False,0.8548868624143,0.8550645935707271,False
4514,EW037_RS04935,yqeG,gene,1,1,genome,3,annotation_mediated,0,0,1,0,0,MS_14384,blaCMY-2,False,0.07692307692307693,False,0.8548868624143,0.8550645935707271,False
4515,EW037_RS04945,kduI,gene,1,1,genome,3,annotation_mediated,0,0,1,0,0,MS_14384,blaCMY-2,False,0.07692307692307693,False,0.8548868624143,0.8550645935707271,False
4516,EW037_RS05025,lgt,gene,1,1,genome,3,annotation_mediated,0,0,1,0,1,MS_14384,blaCMY-2,False,0.07692307692307693,False,0.8548868624143,0.8550645935707271,False
4517,EW037_RS05080,amiC,gene,1,1,genome,3,annotation_mediated,0,0,1,0,1,MS_14384,blaCMY-2,False,0.07692307692307693,False,0.8548868624143,0.8550645935707271,False
4518,EW037_RS05100,mltA,gene,1,1,genome,3,annotation_mediated,0,0,1,0,1,MS_14384,blaCMY-2,False,0.07692307692307693,False,0.8548868624143,0.8550645935707271,False
4519,EW037_RS05120,ygdI,gene,1,1,genome,3,annotation_mediated,0,0,1,0,1,MS_14384,blaCMY-2,False,0.07692307692307693,False,0.8548868624143,0.8550645935707271,False
4520,EW037_RS05225,gudX,gene,1,1,genome,3,annotation_mediated,0,0,1,0,1,MS_14384,blaCMY-2,False,0.07692307692307693,False,0.8548868624143,0.8550645935707271,False
4521,EW037_RS05230,gudD,gene,1,1,genome,3,annotation_mediated,0,0,1,0,1,MS_14384,blaCMY-2,False,0.07692307692307693,False,0.8548868624143,0.8550645935707271,False
4522,EW037_RS05240,rlmD,gene,1,1,genome,3,annotation_mediated,0,0,1,0,0,MS_14384,blaCMY-2,False,0.07692307692307693,False,0.8548868624143,0.8550645935707271,False
4523,EW037_RS05710,mltB,gene,1,1,genome,3,annotation_mediated,0,0,1,0,1,MS_14384,blaCMY-2,False,0.07692307692307693,False,0.8548868624143,0.8550645935707271,False
4524,EW037_RS05730,alaS,gene,1,1,genome,3,annotation_mediated,0,0,1,0,1,MS_14384,blaCMY-2,False,0.07692307692307693,False,0.8548868624143,0.8550645935707271,False
4525,EW037_RS05765,yqaB,gene,1,1,genome,3,annotation_mediated,0,0,1,0,1,MS_14384,blaCMY-2,False,0.07692307692307693,False,0.8548868624143,0.8550645935707271,False
4526,EW037_RS05785,emrB,gene,1,1,genome,3,annotation_mediated,0,0,1,0,0,MS_14384,blaCMY-2,False,0.07692307692307693,False,0.8548868624143,0.8550645935707271,False
4527,EW037_RS05795,emrR,gene,1,1,genome,3,annotation_mediated,0,0,1,0,1,MS_14384,blaCMY-2,False,0.07692307692307693,False,0.8548868624143,0.8550645935707271,False
4528,EW037_RS05990,bamE,gene,1,1,genome,3,annotation_mediated,0,0,1,0,1,MS_14384,blaCMY-2,False,0.07692307692307693,False,0.8548868624143,0.8550645935707271,False
4529,EW037_RS06095,bamD,gene,1,1,genome,3,annotation_mediated,0,0,1,0,1,MS_14384,blaCMY-2,False,0.07692307692307693,False,0.8548868624143,0.8550645935707271,False
4530,EW037_RS06225,rseB,gene,1,1,genome,3,annotation_mediated,0,0,1,0,1,MS_14384,blaCMY-2,False,0.07692307692307693,False,0.8548868624143,0.8550645935707271,False
4531,EW037_RS06325,hmpA,gene,1,1,genome,3,annotation_mediated,0,0,1,0,1,MS_14384,blaCMY-2,False,0.07692307692307693,False,0.8548868624143,0.8550645935707271,False
4532,EW037_RS06500,rlmN,gene,1,1,genome,3,annotation_mediated,0,0,1,0,1,MS_14384,blaCMY-2,False,0.07692307692307693,False,0.8548868624143,0.8550645935707271,False
4533,EW037_RS06525,bamB,gene,1,1,genome,3,annotation_mediated,0,0,1,0,1,MS_14384,blaCMY-2,False,0.07692307692307693,False,0.8548868624143,0.8550645935707271,False
4534,EW037_RS06700,bamC,gene,1,1,genome,3,annotation_mediated,0,0,1,0,1,MS_14384,blaCMY-2,False,0.07692307692307693,False,0.8548868624143,0.8550645935707271,False
4535,EW037_RS06740,ypfM,gene,1,1,genome,3,annotation_mediated,0,0,1,0,0,MS_14384,blaCMY-2,False,0.07692307692307693,False,0.8548868624143,0.8550645935707271,False
4536,EW037_RS06750,narQ,gene,1,1,genome,3,annotation_mediated,0,0,1,0,0,MS_14384,blaCMY-2,False,0.07692307692307693,False,0.8548868624143,0.8550645935707271,False
4537,EW037_RS06775,tal,gene,1,1,genome,3,annotation_mediated,0,0,1,0,1,MS_14384,blaCMY-2,False,0.07692307692307693,False,0.8548868624143,0.8550645935707271,False
4538,EW037_RS06785,eutS,gene,1,1,genome,3,annotation_mediated,0,0,1,0,0,MS_14384,blaCMY-2,False,0.07692307692307693,False,0.8548868624143,0.8550645935707271,False
4539,EW037_RS06895,yfeX,gene,1,1,genome,3,annotation_mediated,0,0,1,0,1,MS_14384,blaCMY-2,False,0.07692307692307693,False,0.8548868624143,0.8550645935707271,False
4540,EW037_RS06905,murP,gene,1,1,genome,3,annotation_mediated,0,0,1,0,1,MS_14384,blaCMY-2,False,0.07692307692307693,False,0.8548868624143,0.8550645935707271,False
4541,EW037_RS07135,ypdC,gene,1,1,genome,3,annotation_mediated,0,0,1,0,0,MS_14384,blaCMY-2,False,0.07692307692307693,False,0.8548868624143,0.8550645935707271,False
4542,EW037_RS07145,ypdA,gene,1,1,genome,3,annotation_mediated,0,0,1,0,0,MS_14384,blaCMY-2,False,0.07692307692307693,False,0.8548868624143,0.8550645935707271,False
4543,EW037_RS07200,evgS,gene,1,1,genome,3,annotation_mediated,0,0,1,0,0,MS_14384,blaCMY-2,False,0.07692307692307693,False,0.8548868624143,0.8550645935707271,False
4544,EW037_RS07210,emrK,gene,1,1,genome,3,annotation_mediated,0,0,1,0,0,MS_14384,blaCMY-2,False,0.07692307692307693,False,0.8548868624143,0.8550645935707271,False
4545,EW037_RS07600,mlaA,gene,1,1,genome,3,annotation_mediated,0,0,1,0,1,MS_14384,blaCMY-2,False,0.07692307692307693,False,0.8548868624143,0.8550645935707271,False
4546,EW037_RS07610,fadL,gene,1,1,genome,3,annotation_mediated,0,0,1,0,1,MS_14384,blaCMY-2,False,0.07692307692307693,False,0.8548868624143,0.8550645935707271,False
4547,EW037_RS07685,mepA,gene,1,1,genome,3,annotation_mediated,0,0,1,0,1,MS_14384,blaCMY-2,False,0.07692307692307693,False,0.8548868624143,0.8550645935707271,False
4548,EW037_RS07775,argT,gene,1,1,genome,3,annotation_mediated,0,0,1,0,1,MS_14384,blaCMY-2,False,0.07692307692307693,False,0.8548868624143,0.8550645935707271,False
4549,EW037_RS07875,alaA,gene,1,1,genome,3,annotation_mediated,0,0,1,0,1,MS_14384,blaCMY-2,False,0.07692307692307693,False,0.8548868624143,0.8550645935707271,False
4550,EW037_RS08040,arnC,gene,1,1,genome,3,annotation_mediated,0,0,1,0,1,MS_14384,blaCMY-2,False,0.07692307692307693,False,0.8548868624143,0.8550645935707271,False
4551,EW037_RS08050,ais,gene,1,1,genome,3,annotation_mediated,0,0,1,0,0,MS_14384,blaCMY-2,False,0.07692307692307693,False,0.8548868624143,0.8550645935707271,False
4552,EW037_RS08190,yfaP,gene,1,1,genome,3,annotation_mediated,0,0,1,0,0,MS_14384,blaCMY-2,False,0.07692307692307693,False,0.8548868624143,0.8550645935707271,False
4553,EW037_RS08200,atoE,gene,1,1,genome,3,annotation_mediated,0,0,1,0,0,MS_14384,blaCMY-2,False,0.07692307692307693,False,0.8548868624143,0.8550645935707271,False
4554,EW037_RS08210,atoD,gene,1,1,genome,3,annotation_mediated,0,0,1,0,0,MS_14384,blaCMY-2,False,0.07692307692307693,False,0.8548868624143,0.8550645935707271,False
4555,EW037_RS08220,atoS,gene,1,1,genome,3,annotation_mediated,0,0,1,0,0,MS_14384,blaCMY-2,False,0.07692307692307693,False,0.8548868624143,0.8550645935707271,False
4556,EW037_RS08245,apbE,gene,1,1,genome,3,annotation_mediated,0,0,1,0,0,MS_14384,blaCMY-2,False,0.07692307692307693,False,0.8548868624143,0.8550645935707271,False
4557,EW037_RS08340,dsbE,gene,1,1,genome,3,annotation_mediated,0,0,1,0,1,MS_14384,blaCMY-2,False,0.07692307692307693,False,0.8548868624143,0.8550645935707271,False
4558,EW037_RS08345,ccmH,gene,1,1,genome,3,annotation_mediated,0,0,1,0,1,MS_14384,blaCMY-2,False,0.07692307692307693,False,0.8548868624143,0.8550645935707271,False
4559,EW037_RS08355,yejO,gene,1,1,genome,3,annotation_mediated,0,0,1,0,0,MS_14384,blaCMY-2,False,0.07692307692307693,False,0.8548868624143,0.8550645935707271,False
4560,EW037_RS08530,lysP,gene,1,1,genome,3,annotation_mediated,0,0,1,0,0,MS_14384,blaCMY-2,False,0.07692307692307693,False,0.8548868624143,0.8550645935707271,False
4561,EW037_RS08545,yeiG,gene,1,1,genome,3,annotation_mediated,0,0,1,0,1,MS_14384,blaCMY-2,False,0.07692307692307693,False,0.8548868624143,0.8550645935707271,False
4562,EW035_RS06170,yphH,gene,1,1,genome,3,annotation_mediated,0,0,1,0,0,MS_14386,blaTEM-215,False,0.07692307692307693,False,0.8548868624143,0.8550645935707271,False
4563,EW035_RS06325,pbpC,gene,1,1,genome,3,annotation_mediated,0,0,1,0,0,MS_14386,blaTEM-215,False,0.07692307692307693,False,0.8548868624143,0.8550645935707271,False
4564,EW035_RS06530,gcvR,gene,1,1,genome,3,annotation_mediated,0,0,1,0,1,MS_14386,blaTEM-215,False,0.07692307692307693,False,0.8548868624143,0.8550645935707271,False
4565,EW035_RS06540,bamC,gene,1,1,genome,3,annotation_mediated,0,0,1,0,1,MS_14386,blaTEM-215,False,0.07692307692307693,False,0.8548868624143,0.8550645935707271,False
4566,EW035_RS06600,narQ,gene,1,1,genome,3,annotation_mediated,0,0,1,0,0,MS_14386,blaTEM-215,False,0.07692307692307693,False,0.8548868624143,0.8550645935707271,False
4567,EW035_RS06610,nudK,gene,1,1,genome,3,annotation_mediated,0,0,1,0,1,MS_14386,blaTEM-215,False,0.07692307692307693,False,0.8548868624143,0.8550645935707271,False
4568,EW035_RS06615,ypfG,gene,1,1,genome,3,annotation_mediated,0,0,1,0,0,MS_14386,blaTEM-215,False,0.07692307692307693,False,0.8548868624143,0.8550645935707271,False
4569,EW035_RS06765,murR,gene,1,1,genome,3,annotation_mediated,0,0,1,0,0,MS_14386,blaTEM-215,False,0.07692307692307693,False,0.8548868624143,0.8550645935707271,False
4570,EW035_RS06790,cysA,gene,1,1,genome,3,annotation_mediated,0,0,1,0,0,MS_14386,blaTEM-215,False,0.07692307692307693,False,0.8548868624143,0.8550645935707271,False
4571,EW035_RS06800,yfeK,gene,1,1,genome,3,annotation_mediated,0,0,1,0,0,MS_14386,blaTEM-215,False,0.07692307692307693,False,0.8548868624143,0.8550645935707271,False
4572,EW035_RS06955,yfeO,gene,1,1,genome,3,annotation_mediated,0,0,1,0,0,MS_14386,blaTEM-215,False,0.07692307692307693,False,0.8548868624143,0.8550645935707271,False
4573,EW035_RS06965,fryB,gene,1,1,genome,3,annotation_mediated,0,0,1,0,0,MS_14386,blaTEM-215,False,0.07692307692307693,False,0.8548868624143,0.8550645935707271,False
4574,EW035_RS07205,sixA,gene,1,1,genome,3,annotation_mediated,0,0,1,0,1,MS_14386,blaTEM-215,False,0.07692307692307693,False,0.8548868624143,0.8550645935707271,False
4575,EW035_RS07260,mepA,gene,1,1,genome,3,annotation_mediated,0,0,1,0,1,MS_14386,blaTEM-215,False,0.07692307692307693,False,0.8548868624143,0.8550645935707271,False
4576,EW035_RS07315,dedA,gene,1,1,genome,3,annotation_mediated,0,0,1,0,0,MS_14386,blaTEM-215,False,0.07692307692307693,False,0.8548868624143,0.8550645935707271,False
4577,EW035_RS07335,cvpA,gene,1,1,genome,3,annotation_mediated,0,0,1,0,0,MS_14386,blaTEM-215,False,0.07692307692307693,False,0.8548868624143,0.8550645935707271,False
4578,EW035_RS07410,yfcC,gene,1,1,genome,3,annotation_mediated,0,0,1,0,0,MS_14386,blaTEM-215,False,0.07692307692307693,False,0.8548868624143,0.8550645935707271,False
4579,EW035_RS07455,lrhA,gene,1,1,genome,3,annotation_mediated,0,0,1,0,1,MS_14386,blaTEM-215,False,0.07692307692307693,False,0.8548868624143,0.8550645935707271,False
4580,EW035_RS07650,rpnE,gene,1,1,genome,3,annotation_mediated,0,0,1,0,0,MS_14386,blaTEM-215,False,0.07692307692307693,False,0.8548868624143,0.8550645935707271,False
4581,EW035_RS07790,rcsD,gene,1,1,genome,3,annotation_mediated,0,0,1,0,1,MS_14386,blaTEM-215,False,0.07692307692307693,False,0.8548868624143,0.8550645935707271,False
4582,EW035_RS07800,apbE,gene,1,1,genome,3,annotation_mediated,0,0,1,0,0,MS_14386,blaTEM-215,False,0.07692307692307693,False,0.8548868624143,0.8550645935707271,False
4583,EW035_RS08400,yegT,gene,1,1,genome,3,annotation_mediated,0,0,1,0,0,MS_14386,blaTEM-215,False,0.07692307692307693,False,0.8548868624143,0.8550645935707271,False
4584,EW035_RS08415,gatY,gene,1,1,genome,3,annotation_mediated,0,0,1,0,0,MS_14386,blaTEM-215,False,0.07692307692307693,False,0.8548868624143,0.8550645935707271,False
4585,EW035_RS07785,rcsB,gene,1,1,genome,3,annotation_mediated,0,0,1,0,1,MS_14386,aac(3)-IId,False,0.07692307692307693,False,0.8548868624143,0.8550645935707271,False
4586,EW035_RS18985,aroP,gene,1,1,genome,3,annotation_mediated,0,0,1,0,0,MS_14386,strAB,False,0.07692307692307693,False,0.8548868624143,0.8550645935707271,False
4587,EW035_RS19845,nan,gene,1,1,genome,3,annotation_mediated,0,0,1,0,0,MS_14386,strAB,False,0.07692307692307693,False,0.8548868624143,0.8550645935707271,False
4588,EW035_RS19870,symE,gene,1,1,genome,3,annotation_mediated,0,0,1,0,0,MS_14386,strAB,False,0.07692307692307693,False,0.8548868624143,0.8550645935707271,False
4589,EW035_RS20915,frdD,gene,1,1,genome,3,annotation_mediated,0,0,1,0,0,MS_14386,strAB,False,0.07692307692307693,False,0.8548868624143,0.8550645935707271,False
4590,EW035_RS20925,blc,gene,1,1,genome,3,annotation_mediated,0,0,1,0,1,MS_14386,strAB,False,0.07692307692307693,False,0.8548868624143,0.8550645935707271,False
4591,EW035_RS23975,nan,gene,1,1,genome,3,annotation_mediated,0,0,1,0,1,MS_14386,strAB,False,0.07692307692307693,False,0.8548868624143,0.8550645935707271,False
4592,EW035_RS23990,nan,gene,1,1,genome,3,annotation_mediated,0,0,1,0,1,MS_14386,strAB,False,0.07692307692307693,False,0.8548868624143,0.8550645935707271,False
4593,EW035_RS24325,nan,gene,1,1,genome,3,annotation_mediated,0,0,1,0,1,MS_14386,strAB,False,0.07692307692307693,False,0.8548868624143,0.8550645935707271,False
4594,WP_000103754.1,acpP,protein,1,1,proteome,3,annotation_mediated,0,0,1,0,0,MS_14386,strAB,False,0.07692307692307693,False,0.7948535422438676,0.8550645935707271,False
4595,WP_000167336.1,ihfB,protein,1,1,proteome,3,annotation_mediated,0,0,1,0,0,MS_14386,strAB,False,0.07692307692307693,False,0.7948535422438676,0.8550645935707271,False
4596,WP_001107467.1,ftsH,protein,1,1,proteome,3,annotation_mediated,0,0,1,0,0,MS_14386,strAB,False,0.07692307692307693,False,0.7948535422438676,0.8550645935707271,False
4597,WP_001176745.1,atpA,protein,1,1,proteome,3,annotation_mediated,0,0,1,0,0,MS_14386,strAB,False,0.07692307692307693,False,0.7948535422438676,0.8550645935707271,False
4598,FVE81_RS00155,ivbL,gene,1,1,genome,3,annotation_mediated,0,0,1,0,0,MS_14387,blaTEM-1b,False,0.07692307692307693,False,0.8548868624143,0.8550645935707271,False
4599,FVE81_RS00170,nan,gene,1,1,genome,3,annotation_mediated,0,0,1,0,0,MS_14387,blaTEM-1b,False,0.07692307692307693,False,0.8548868624143,0.8550645935707271,False
4600,FVE81_RS00520,envC,gene,1,1,genome,3,annotation_mediated,0,0,1,0,0,MS_14387,blaTEM-1b,False,0.07692307692307693,False,0.8548868624143,0.8550645935707271,False
4601,FVE81_RS00725,ysaA,gene,1,1,genome,3,annotation_mediated,0,0,1,0,0,MS_14387,blaTEM-1b,False,0.07692307692307693,False,0.8548868624143,0.8550645935707271,False
4602,FVE81_RS00890,dppC,gene,1,1,genome,3,annotation_mediated,0,0,1,0,0,MS_14387,blaTEM-1b,False,0.07692307692307693,False,0.8548868624143,0.8550645935707271,False
4603,FVE81_RS00905,yhjV,gene,1,1,genome,3,annotation_mediated,0,0,1,0,0,MS_14387,blaTEM-1b,False,0.07692307692307693,False,0.8548868624143,0.8550645935707271,False
4604,FVE81_RS01070,gadW,gene,1,1,genome,3,annotation_mediated,0,0,1,0,0,MS_14387,blaTEM-1b,False,0.07692307692307693,False,0.8548868624143,0.8550645935707271,False
4605,FVE81_RS01080,mdtE,gene,1,1,genome,3,annotation_mediated,0,0,1,0,0,MS_14387,blaTEM-1b,False,0.07692307692307693,False,0.8548868624143,0.8550645935707271,False
4606,FVE81_RS01520,ftsE,gene,1,1,genome,3,annotation_mediated,0,0,1,0,1,MS_14387,blaTEM-1b,False,0.07692307692307693,False,0.8548868624143,0.8550645935707271,False
4607,FVE81_RS01640,gntR,gene,1,1,genome,3,annotation_mediated,0,0,1,0,1,MS_14387,blaTEM-1b,False,0.07692307692307693,False,0.8548868624143,0.8550645935707271,False
4608,FVE81_RS01650,gntU,gene,1,1,genome,3,annotation_mediated,0,0,1,0,0,MS_14387,blaTEM-1b,False,0.07692307692307693,False,0.8548868624143,0.8550645935707271,False
4609,FVE81_RS01655,yhgN,gene,1,1,genome,3,annotation_mediated,0,0,1,0,0,MS_14387,blaTEM-1b,False,0.07692307692307693,False,0.8548868624143,0.8550645935707271,False
4610,FVE81_RS01835,envZ,gene,1,1,genome,3,annotation_mediated,0,0,1,0,1,MS_14387,blaTEM-1b,False,0.07692307692307693,False,0.8548868624143,0.8550645935707271,False
4611,FVE81_RS01845,yhgE,gene,1,1,genome,3,annotation_mediated,0,0,1,0,0,MS_14387,blaTEM-1b,False,0.07692307692307693,False,0.8548868624143,0.8550645935707271,False
4612,FVE81_RS01870,nudE,gene,1,1,genome,3,annotation_mediated,0,0,1,0,1,MS_14387,blaTEM-1b,False,0.07692307692307693,False,0.8548868624143,0.8550645935707271,False
4613,FVE81_RS01880,hofM,gene,1,1,genome,3,annotation_mediated,0,0,1,0,0,MS_14387,blaTEM-1b,False,0.07692307692307693,False,0.8548868624143,0.8550645935707271,False
4614,FVE81_RS01900,hofQ,gene,1,1,genome,3,annotation_mediated,0,0,1,0,0,MS_14387,blaTEM-1b,False,0.07692307692307693,False,0.8548868624143,0.8550645935707271,False
4615,FVE81_RS01915,damX,gene,1,1,genome,3,annotation_mediated,0,0,1,0,1,MS_14387,blaTEM-1b,False,0.07692307692307693,False,0.8548868624143,0.8550645935707271,False
4616,FVE81_RS01920,dam,gene,1,1,genome,3,annotation_mediated,0,0,1,0,0,MS_14387,blaTEM-1b,False,0.07692307692307693,False,0.8548868624143,0.8550645935707271,False
4617,FVE81_RS02025,fic,gene,1,1,genome,3,annotation_mediated,0,0,1,0,1,MS_14387,blaTEM-1b,False,0.07692307692307693,False,0.8548868624143,0.8550645935707271,False
4618,FVE81_RS02035,argD,gene,1,1,genome,3,annotation_mediated,0,0,1,0,0,MS_14387,blaTEM-1b,False,0.07692307692307693,False,0.8548868624143,0.8550645935707271,False
4619,FVE81_RS02480,yhdT,gene,1,1,genome,3,annotation_mediated,0,0,1,0,0,MS_14387,blaTEM-1b,False,0.07692307692307693,False,0.8548868624143,0.8550645935707271,False
4620,FVE81_RS02575,argR,gene,1,1,genome,3,annotation_mediated,0,0,1,0,0,MS_14387,blaTEM-1b,False,0.07692307692307693,False,0.8548868624143,0.8550645935707271,False
4621,FVE81_RS02585,degS,gene,1,1,genome,3,annotation_mediated,0,0,1,0,1,MS_14387,blaTEM-1b,False,0.07692307692307693,False,0.8548868624143,0.8550645935707271,False
4622,FVE81_RS02635,nanR,gene,1,1,genome,3,annotation_mediated,0,0,1,0,1,MS_14387,blaTEM-1b,False,0.07692307692307693,False,0.8548868624143,0.8550645935707271,False
4623,FVE81_RS02645,nanT,gene,1,1,genome,3,annotation_mediated,0,0,1,0,0,MS_14387,blaTEM-1b,False,0.07692307692307693,False,0.8548868624143,0.8550645935707271,False
4624,FVE81_RS02665,yhcG,gene,1,1,genome,3,annotation_mediated,0,0,1,0,0,MS_14387,blaTEM-1b,False,0.07692307692307693,False,0.8548868624143,0.8550645935707271,False
4625,FVE81_RS02680,yhcC,gene,1,1,genome,3,annotation_mediated,0,0,1,0,0,MS_14387,blaTEM-1b,False,0.07692307692307693,False,0.8548868624143,0.8550645935707271,False
4626,FVE81_RS02780,mlaB,gene,1,1,genome,3,annotation_mediated,0,0,1,0,1,MS_14387,blaTEM-1b,False,0.07692307692307693,False,0.8548868624143,0.8550645935707271,False
4627,FVE81_RS02860,secG,gene,1,1,genome,3,annotation_mediated,0,0,1,0,1,MS_14387,blaTEM-1b,False,0.07692307692307693,False,0.8548868624143,0.8550645935707271,False
4628,FVE81_RS02870,yhbX,gene,1,1,genome,3,annotation_mediated,0,0,1,0,0,MS_14387,blaTEM-1b,False,0.07692307692307693,False,0.8548868624143,0.8550645935707271,False
4629,FVE81_RS03165,tdcA,gene,1,1,genome,3,annotation_mediated,0,0,1,0,0,MS_14387,blaTEM-1b,False,0.07692307692307693,False,0.8548868624143,0.8550645935707271,False
4630,FVE81_RS03175,tdcC,gene,1,1,genome,3,annotation_mediated,0,0,1,0,1,MS_14387,blaTEM-1b,False,0.07692307692307693,False,0.8548868624143,0.8550645935707271,False
4631,FVE81_RS03190,tdcF,gene,1,1,genome,3,annotation_mediated,0,0,1,0,1,MS_14387,blaTEM-1b,False,0.07692307692307693,False,0.8548868624143,0.8550645935707271,False
4632,FVE81_RS03200,cyuP,gene,1,1,genome,3,annotation_mediated,0,0,1,0,0,MS_14387,blaTEM-1b,False,0.07692307692307693,False,0.8548868624143,0.8550645935707271,False
4633,FVE81_RS03560,ygiB,gene,1,1,genome,3,annotation_mediated,0,0,1,0,1,MS_14387,blaTEM-1b,False,0.07692307692307693,False,0.8548868624143,0.8550645935707271,False
4634,FVE81_RS03725,gpr,gene,1,1,genome,3,annotation_mediated,0,0,1,0,1,MS_14387,blaTEM-1b,False,0.07692307692307693,False,0.8548868624143,0.8550645935707271,False
4635,FVE81_RS03735,yghW,gene,1,1,genome,3,annotation_mediated,0,0,1,0,0,MS_14387,blaTEM-1b,False,0.07692307692307693,False,0.8548868624143,0.8550645935707271,False
4636,FVE81_RS04355,nupG,gene,1,1,genome,3,annotation_mediated,0,0,1,0,0,MS_14387,blaTEM-1b,False,0.07692307692307693,False,0.8548868624143,0.8550645935707271,False
4637,FVE81_RS04510,loiP,gene,1,1,genome,3,annotation_mediated,0,0,1,0,1,MS_14387,blaTEM-1b,False,0.07692307692307693,False,0.8548868624143,0.8550645935707271,False
4638,FVE81_RS04520,nan,gene,1,1,genome,3,annotation_mediated,0,0,1,0,0,MS_14387,blaTEM-1b,False,0.07692307692307693,False,0.8548868624143,0.8550645935707271,False
4639,FVE81_RS04580,nan,gene,1,1,genome,3,annotation_mediated,0,0,1,0,1,MS_14387,blaTEM-1b,False,0.07692307692307693,False,0.8548868624143,0.8550645935707271,False
4640,FVE81_RS04600,mscS,gene,1,1,genome,3,annotation_mediated,0,0,1,0,1,MS_14387,blaTEM-1b,False,0.07692307692307693,False,0.8548868624143,0.8550645935707271,False
4641,FVE81_RS04665,nan,gene,1,1,genome,3,annotation_mediated,0,0,1,0,0,MS_14387,blaTEM-1b,False,0.07692307692307693,False,0.8548868624143,0.8550645935707271,False
4642,FVE81_RS04680,ibsC,gene,1,1,genome,3,annotation_mediated,0,0,1,0,0,MS_14387,blaTEM-1b,False,0.07692307692307693,False,0.8548868624143,0.8550645935707271,False
4643,FVE81_RS04720,nan,gene,1,1,genome,3,annotation_mediated,0,0,1,0,0,MS_14387,blaTEM-1b,False,0.07692307692307693,False,0.8548868624143,0.8550645935707271,False
4644,FVE81_RS04805,nan,gene,1,1,genome,3,annotation_mediated,0,0,1,0,0,MS_14387,blaTEM-1b,False,0.07692307692307693,False,0.8548868624143,0.8550645935707271,False
4645,FVE81_RS04815,uacT,gene,1,1,genome,3,annotation_mediated,0,0,1,0,0,MS_14387,blaTEM-1b,False,0.07692307692307693,False,0.8548868624143,0.8550645935707271,False
4646,FVE81_RS05140,lysR,gene,1,1,genome,3,annotation_mediated,0,0,1,0,0,MS_14387,blaTEM-1b,False,0.07692307692307693,False,0.8548868624143,0.8550645935707271,False
4647,FVE81_RS05150,galR,gene,1,1,genome,3,annotation_mediated,0,0,1,0,1,MS_14387,blaTEM-1b,False,0.07692307692307693,False,0.8548868624143,0.8550645935707271,False
4648,FVE81_RS05355,xni,gene,1,1,genome,3,annotation_mediated,0,0,1,0,1,MS_14387,blaTEM-1b,False,0.07692307692307693,False,0.8548868624143,0.8550645935707271,False
4649,FVE81_RS05365,sdaC,gene,1,1,genome,3,annotation_mediated,0,0,1,0,1,MS_14387,blaTEM-1b,False,0.07692307692307693,False,0.8548868624143,0.8550645935707271,False
4650,FVE81_RS05380,syd,gene,1,1,genome,3,annotation_mediated,0,0,1,0,1,MS_14387,blaTEM-1b,False,0.07692307692307693,False,0.8548868624143,0.8550645935707271,False
4651,FVE81_RS05445,nan,gene,1,1,genome,3,annotation_mediated,0,0,1,0,0,MS_14387,blaTEM-1b,False,0.07692307692307693,False,0.8548868624143,0.8550645935707271,False
4652,FVE81_RS05615,ftsB,gene,1,1,genome,3,annotation_mediated,0,0,1,0,1,MS_14387,blaTEM-1b,False,0.07692307692307693,False,0.8548868624143,0.8550645935707271,False
4653,FVE81_RS05925,emrB,gene,1,1,genome,3,annotation_mediated,0,0,1,0,0,MS_14387,blaTEM-1b,False,0.07692307692307693,False,0.8548868624143,0.8550645935707271,False
4654,FVE81_RS05935,emrR,gene,1,1,genome,3,annotation_mediated,0,0,1,0,1,MS_14387,blaTEM-1b,False,0.07692307692307693,False,0.8548868624143,0.8550645935707271,False
4655,FVE81_RS06285,bamE,gene,1,1,genome,3,annotation_mediated,0,0,1,0,1,MS_14387,blaTEM-1b,False,0.07692307692307693,False,0.8548868624143,0.8550645935707271,False
4656,FVE81_RS06360,aroF,gene,1,1,genome,3,annotation_mediated,0,0,1,0,0,MS_14387,blaTEM-1b,False,0.07692307692307693,False,0.8548868624143,0.8550645935707271,False
4657,FVE81_RS06375,pheL,gene,1,1,genome,3,annotation_mediated,0,0,1,0,0,MS_14387,blaTEM-1b,False,0.07692307692307693,False,0.8548868624143,0.8550645935707271,False
4658,FVE81_RS06585,mltF,gene,1,1,genome,3,annotation_mediated,0,0,1,0,0,MS_14387,blaTEM-1b,False,0.07692307692307693,False,0.8548868624143,0.8550645935707271,False
4659,FVE81_RS06595,qseE,gene,1,1,genome,3,annotation_mediated,0,0,1,0,1,MS_14387,blaTEM-1b,False,0.07692307692307693,False,0.8548868624143,0.8550645935707271,False
4660,FVE81_RS06615,hmpA,gene,1,1,genome,3,annotation_mediated,0,0,1,0,1,MS_14387,blaTEM-1b,False,0.07692307692307693,False,0.8548868624143,0.8550645935707271,False
4661,FVE81_RS06625,yphH,gene,1,1,genome,3,annotation_mediated,0,0,1,0,0,MS_14387,blaTEM-1b,False,0.07692307692307693,False,0.8548868624143,0.8550645935707271,False
4662,FVE81_RS06650,yphC,gene,1,1,genome,3,annotation_mediated,0,0,1,0,0,MS_14387,blaTEM-1b,False,0.07692307692307693,False,0.8548868624143,0.8550645935707271,False
4663,FVE81_RS06660,yphA,gene,1,1,genome,3,annotation_mediated,0,0,1,0,0,MS_14387,blaTEM-1b,False,0.07692307692307693,False,0.8548868624143,0.8550645935707271,False
4664,FVE81_RS06780,pbpC,gene,1,1,genome,3,annotation_mediated,0,0,1,0,0,MS_14387,blaTEM-1b,False,0.07692307692307693,False,0.8548868624143,0.8550645935707271,False
4665,FVE81_RS06795,rodZ,gene,1,1,genome,3,annotation_mediated,0,0,1,0,1,MS_14387,blaTEM-1b,False,0.07692307692307693,False,0.8548868624143,0.8550645935707271,False
4666,FVE81_RS06890,ppk1,gene,1,1,genome,3,annotation_mediated,0,0,1,0,1,MS_14387,blaTEM-1b,False,0.07692307692307693,False,0.8548868624143,0.8550645935707271,False
4667,FVE81_RS07000,gcvR,gene,1,1,genome,3,annotation_mediated,0,0,1,0,1,MS_14387,blaTEM-1b,False,0.07692307692307693,False,0.8548868624143,0.8550645935707271,False
4668,FVE81_RS07010,bamC,gene,1,1,genome,3,annotation_mediated,0,0,1,0,1,MS_14387,blaTEM-1b,False,0.07692307692307693,False,0.8548868624143,0.8550645935707271,False
4669,FVE81_RS07020,ypfJ,gene,1,1,genome,3,annotation_mediated,0,0,1,0,1,MS_14387,blaTEM-1b,False,0.07692307692307693,False,0.8548868624143,0.8550645935707271,False
4670,FVE81_RS07060,narQ,gene,1,1,genome,3,annotation_mediated,0,0,1,0,1,MS_14387,blaTEM-1b,False,0.07692307692307693,False,0.8548868624143,0.8550645935707271,False
4671,FVE81_RS07070,nudK,gene,1,1,genome,3,annotation_mediated,0,0,1,0,1,MS_14387,blaTEM-1b,False,0.07692307692307693,False,0.8548868624143,0.8550645935707271,False
4672,FVE81_RS07075,ypfG,gene,1,1,genome,3,annotation_mediated,0,0,1,0,1,MS_14387,blaTEM-1b,False,0.07692307692307693,False,0.8548868624143,0.8550645935707271,False
4673,FVE81_RS07205,yfeX,gene,1,1,genome,3,annotation_mediated,0,0,1,0,1,MS_14387,blaTEM-1b,False,0.07692307692307693,False,0.8548868624143,0.8550645935707271,False
4674,FVE81_RS07215,murP,gene,1,1,genome,3,annotation_mediated,0,0,1,0,0,MS_14387,blaTEM-1b,False,0.07692307692307693,False,0.8548868624143,0.8550645935707271,False
4675,EW035_RS06565,tmcA,gene,1,1,genome,4,annotation_mediated,0,0,1,0,1,MS_14386,aadA1,False,0.07692307692307693,False,0.8548868624143,0.8550645935707271,False
4676,EW035_RS07280,mnmC,gene,1,1,genome,4,annotation_mediated,0,0,1,0,1,MS_14386,aadA1,False,0.07692307692307693,False,0.8548868624143,0.8550645935707271,False
4677,EW035_RS07310,truA,gene,1,1,genome,4,annotation_mediated,0,0,1,0,1,MS_14386,aadA1,False,0.07692307692307693,False,0.8548868624143,0.8550645935707271,False
4678,EW035_RS07950,rplY,gene,1,1,genome,4,annotation_mediated,0,0,1,0,1,MS_14386,aadA1,False,0.07692307692307693,False,0.8548868624143,0.8550645935707271,False
4679,EW035_RS07960,rsuA,gene,1,1,genome,4,annotation_mediated,0,0,1,0,1,MS_14386,aadA1,False,0.07692307692307693,False,0.8548868624143,0.8550645935707271,False
4680,EW035_RS08020,yeiP,gene,1,1,genome,4,annotation_mediated,0,0,1,0,1,MS_14386,aadA1,False,0.07692307692307693,False,0.8548868624143,0.8550645935707271,False
4681,EW035_RS08185,dusC,gene,1,1,genome,4,annotation_mediated,0,0,1,0,1,MS_14386,aadA1,False,0.07692307692307693,False,0.8548868624143,0.8550645935707271,False
4682,EW035_RS08320,metG,gene,1,1,genome,4,annotation_mediated,0,0,1,0,1,MS_14386,aadA1,False,0.07692307692307693,False,0.8548868624143,0.8550645935707271,False
4683,EW035_RS09310,hchA,gene,1,1,genome,4,annotation_mediated,0,0,1,0,1,MS_14386,aadA1,False,0.07692307692307693,False,0.8548868624143,0.8550645935707271,False
4684,EW035_RS09715,cheZ,gene,1,1,genome,4,annotation_mediated,0,0,1,0,1,MS_14386,aadA1,False,0.07692307692307693,False,0.8548868624143,0.8550645935707271,False
4685,EW035_RS09740,argS,gene,1,1,genome,4,annotation_mediated,0,0,1,0,1,MS_14386,aadA1,False,0.07692307692307693,False,0.8548868624143,0.8550645935707271,False
4686,EW035_RS09775,cmoB,gene,1,1,genome,4,annotation_mediated,0,0,1,0,1,MS_14386,aadA1,False,0.07692307692307693,False,0.8548868624143,0.8550645935707271,False
4687,EW035_RS09780,cmoA,gene,1,1,genome,4,annotation_mediated,0,0,1,0,1,MS_14386,aadA1,False,0.07692307692307693,False,0.8548868624143,0.8550645935707271,False
4688,EW035_RS09800,aspS,gene,1,1,genome,4,annotation_mediated,0,0,1,0,1,MS_14386,aadA1,False,0.07692307692307693,False,0.8548868624143,0.8550645935707271,False
4689,EW035_RS09960,rsmF,gene,1,1,genome,4,annotation_mediated,0,0,1,0,1,MS_14386,aadA1,False,0.07692307692307693,False,0.8548868624143,0.8550645935707271,False
4690,EW035_RS10095,yoaB,gene,1,1,genome,4,annotation_mediated,0,0,1,0,1,MS_14386,aadA1,False,0.07692307692307693,False,0.8548868624143,0.8550645935707271,False
4691,EW035_RS10120,rnd,gene,1,1,genome,4,annotation_mediated,0,0,1,0,1,MS_14386,aadA1,False,0.07692307692307693,False,0.8548868624143,0.8550645935707271,False
4692,EW035_RS10560,thrS,gene,1,1,genome,4,annotation_mediated,0,0,1,0,1,MS_14386,aadA1,False,0.07692307692307693,False,0.8548868624143,0.8550645935707271,False
4693,EW035_RS10565,infC,gene,1,1,genome,4,annotation_mediated,0,0,1,0,1,MS_14386,aadA1,False,0.07692307692307693,False,0.8548868624143,0.8550645935707271,False
4694,EW035_RS10575,rplT,gene,1,1,genome,4,annotation_mediated,0,0,1,0,1,MS_14386,aadA1,False,0.07692307692307693,False,0.8548868624143,0.8550645935707271,False
4695,EW035_RS10585,pheS,gene,1,1,genome,4,annotation_mediated,0,0,1,0,1,MS_14386,aadA1,False,0.07692307692307693,False,0.8548868624143,0.8550645935707271,False
4696,EW035_RS10590,pheT,gene,1,1,genome,4,annotation_mediated,0,0,1,0,1,MS_14386,aadA1,False,0.07692307692307693,False,0.8548868624143,0.8550645935707271,False
4697,EW035_RS10905,rnt,gene,1,1,genome,4,annotation_mediated,0,0,1,0,1,MS_14386,aadA1,False,0.07692307692307693,False,0.8548868624143,0.8550645935707271,False
4698,EW035_RS10980,tyrS,gene,1,1,genome,4,annotation_mediated,0,0,1,0,1,MS_14386,aadA1,False,0.07692307692307693,False,0.8548868624143,0.8550645935707271,False
4699,EW035_RS11125,tus,gene,1,1,genome,4,annotation_mediated,0,0,1,0,1,MS_14386,aadA1,False,0.07692307692307693,False,0.8548868624143,0.8550645935707271,False
4700,EW035_RS11265,speG,gene,1,1,genome,4,annotation_mediated,0,0,1,0,1,MS_14386,aadA1,False,0.07692307692307693,False,0.8548868624143,0.8550645935707271,False
4701,EW035_RS11445,tam,gene,1,1,genome,4,annotation_mediated,0,0,1,0,1,MS_14386,aadA1,False,0.07692307692307693,False,0.8548868624143,0.8550645935707271,False
4702,EW035_RS11655,sra,gene,1,1,genome,4,annotation_mediated,0,0,1,0,1,MS_14386,aadA1,False,0.07692307692307693,False,0.8548868624143,0.8550645935707271,False
4703,EW035_RS12050,rimL,gene,1,1,genome,4,annotation_mediated,0,0,1,0,1,MS_14386,aadA1,False,0.07692307692307693,False,0.8548868624143,0.8550645935707271,False
4704,EW035_RS12285,ttcA,gene,1,1,genome,4,annotation_mediated,0,0,1,0,1,MS_14386,aadA1,False,0.07692307692307693,False,0.8548868624143,0.8550645935707271,False
4705,EW035_RS12330,ogt,gene,1,1,genome,4,annotation_mediated,0,0,1,0,1,MS_14386,aadA1,False,0.07692307692307693,False,0.8548868624143,0.8550645935707271,False
4706,EW035_RS12585,rnb,gene,1,1,genome,4,annotation_mediated,0,0,1,0,1,MS_14386,aadA1,False,0.07692307692307693,False,0.8548868624143,0.8550645935707271,False
4707,EW035_RS12615,yciH,gene,1,1,genome,4,annotation_mediated,0,0,1,0,1,MS_14386,aadA1,False,0.07692307692307693,False,0.8548868624143,0.8550645935707271,False
4708,EW035_RS12705,rluB,gene,1,1,genome,4,annotation_mediated,0,0,1,0,1,MS_14386,aadA1,False,0.07692307692307693,False,0.8548868624143,0.8550645935707271,False
4709,EW035_RS12715,yciO,gene,1,1,genome,4,annotation_mediated,0,0,1,0,1,MS_14386,aadA1,False,0.07692307692307693,False,0.8548868624143,0.8550645935707271,False
4710,EW035_RS13005,prmC,gene,1,1,genome,4,annotation_mediated,0,0,1,0,1,MS_14386,aadA1,False,0.07692307692307693,False,0.8548868624143,0.8550645935707271,False
4711,EW035_RS13010,prfA,gene,1,1,genome,4,annotation_mediated,0,0,1,0,1,MS_14386,aadA1,False,0.07692307692307693,False,0.8548868624143,0.8550645935707271,False
4712,EW035_RS13045,pth,gene,1,1,genome,4,annotation_mediated,0,0,1,0,1,MS_14386,aadA1,False,0.07692307692307693,False,0.8548868624143,0.8550645935707271,False
4713,EW035_RS13050,ychF,gene,1,1,genome,4,annotation_mediated,0,0,1,0,1,MS_14386,aadA1,False,0.07692307692307693,False,0.8548868624143,0.8550645935707271,False
4714,EW035_RS13305,mnmA,gene,1,1,genome,4,annotation_mediated,0,0,1,0,1,MS_14386,aadA1,False,0.07692307692307693,False,0.8548868624143,0.8550645935707271,False
4715,EW035_RS13515,rpmF,gene,1,1,genome,4,annotation_mediated,0,0,1,0,1,MS_14386,aadA1,False,0.07692307692307693,False,0.8548868624143,0.8550645935707271,False
4716,EW035_RS13530,rluC,gene,1,1,genome,4,annotation_mediated,0,0,1,0,1,MS_14386,aadA1,False,0.07692307692307693,False,0.8548868624143,0.8550645935707271,False
4717,EW035_RS13540,rne,gene,1,1,genome,4,annotation_mediated,0,0,1,0,1,MS_14386,aadA1,False,0.07692307692307693,False,0.8548868624143,0.8550645935707271,False
4718,EW035_RS13630,rimJ,gene,1,1,genome,4,annotation_mediated,0,0,1,0,1,MS_14386,aadA1,False,0.07692307692307693,False,0.8548868624143,0.8550645935707271,False
4719,EW035_RS14080,tusE,gene,1,1,genome,4,annotation_mediated,0,0,1,0,1,MS_14386,aadA1,False,0.07692307692307693,False,0.8548868624143,0.8550645935707271,False
4720,EW035_RS14090,rlmI,gene,1,1,genome,4,annotation_mediated,0,0,1,0,1,MS_14386,aadA1,False,0.07692307692307693,False,0.8548868624143,0.8550645935707271,False
4721,EW035_RS14160,rmf,gene,1,1,genome,4,annotation_mediated,0,0,1,0,1,MS_14386,aadA1,False,0.07692307692307693,False,0.8548868624143,0.8550645935707271,False
4722,EW035_RS14185,rlmKL,gene,1,1,genome,4,annotation_mediated,0,0,1,0,1,MS_14386,aadA1,False,0.07692307692307693,False,0.8548868624143,0.8550645935707271,False
4723,EW035_RS14275,asnS,gene,1,1,genome,4,annotation_mediated,0,0,1,0,1,MS_14386,aadA1,False,0.07692307692307693,False,0.8548868624143,0.8550645935707271,False
4724,EW035_RS14320,cmoM,gene,1,1,genome,4,annotation_mediated,0,0,1,0,1,MS_14386,aadA1,False,0.07692307692307693,False,0.8548868624143,0.8550645935707271,False
4725,EW035_RS14370,rpsA,gene,1,1,genome,4,annotation_mediated,0,0,1,0,1,MS_14386,aadA1,False,0.07692307692307693,False,0.8548868624143,0.8550645935707271,False
4726,EW035_RS14670,serS,gene,1,1,genome,4,annotation_mediated,0,0,1,0,1,MS_14386,aadA1,False,0.07692307692307693,False,0.8548868624143,0.8550645935707271,False
4727,EW035_RS14715,infA,gene,1,1,genome,4,annotation_mediated,0,0,1,0,1,MS_14386,aadA1,False,0.07692307692307693,False,0.8548868624143,0.8550645935707271,False
4728,EW035_RS15190,rimO,gene,1,1,genome,4,annotation_mediated,0,0,1,0,1,MS_14386,aadA1,False,0.07692307692307693,False,0.8548868624143,0.8550645935707271,False
4729,EW035_RS16095,glnS,gene,1,1,genome,4,annotation_mediated,0,0,1,0,1,MS_14386,aadA1,False,0.07692307692307693,False,0.8548868624143,0.8550645935707271,False
4730,EW035_RS16170,miaB,gene,1,1,genome,4,annotation_mediated,0,0,1,0,1,MS_14386,aadA1,False,0.07692307692307693,False,0.8548868624143,0.8550645935707271,False
4731,EW035_RS16180,ybeY,gene,1,1,genome,4,annotation_mediated,0,0,1,0,1,MS_14386,aadA1,False,0.07692307692307693,False,0.8548868624143,0.8550645935707271,False
4732,EW035_RS16265,ybeL,gene,1,1,genome,4,annotation_mediated,0,0,1,0,1,MS_14386,aadA1,False,0.07692307692307693,False,0.8548868624143,0.8550645935707271,False
4733,EW035_RS16270,leuS,gene,1,1,genome,4,annotation_mediated,0,0,1,0,1,MS_14386,aadA1,False,0.07692307692307693,False,0.8548868624143,0.8550645935707271,False
4734,EW035_RS16295,rsfS,gene,1,1,genome,4,annotation_mediated,0,0,1,0,1,MS_14386,aadA1,False,0.07692307692307693,False,0.8548868624143,0.8550645935707271,False
4735,EW035_RS16300,rlmH,gene,1,1,genome,4,annotation_mediated,0,0,1,0,1,MS_14386,aadA1,False,0.07692307692307693,False,0.8548868624143,0.8550645935707271,False
4736,EW035_RS16420,rna,gene,1,1,genome,4,annotation_mediated,0,0,1,0,1,MS_14386,aadA1,False,0.07692307692307693,False,0.8548868624143,0.8550645935707271,False
4737,EW035_RS16710,cysS,gene,1,1,genome,4,annotation_mediated,0,0,1,0,1,MS_14386,aadA1,False,0.07692307692307693,False,0.8548868624143,0.8550645935707271,False
4738,EW035_RS16820,mnmH,gene,1,1,genome,4,annotation_mediated,0,0,1,0,1,MS_14386,aadA1,False,0.07692307692307693,False,0.8548868624143,0.8550645935707271,False
4739,EW035_RS17340,rdgC,gene,1,1,genome,4,annotation_mediated,0,0,1,0,1,MS_14386,aadA1,False,0.07692307692307693,False,0.8548868624143,0.8550645935707271,False
4740,EW035_RS17400,iraP,gene,1,1,genome,4,annotation_mediated,0,0,1,0,1,MS_14386,aadA1,False,0.07692307692307693,False,0.8548868624143,0.8550645935707271,False
4741,EW035_RS17810,ykgM,gene,1,1,genome,4,annotation_mediated,0,0,1,0,1,MS_14386,aadA1,False,0.07692307692307693,False,0.8548868624143,0.8550645935707271,False
4742,EW035_RS18575,proS,gene,1,1,genome,4,annotation_mediated,0,0,1,0,1,MS_14386,aadA1,False,0.07692307692307693,False,0.8548868624143,0.8550645935707271,False
4743,EW035_RS18610,tilS,gene,1,1,genome,4,annotation_mediated,0,0,1,0,1,MS_14386,aadA1,False,0.07692307692307693,False,0.8548868624143,0.8550645935707271,False
4744,EW035_RS18690,frr,gene,1,1,genome,4,annotation_mediated,0,0,1,0,1,MS_14386,aadA1,False,0.07692307692307693,False,0.8548868624143,0.8550645935707271,False
4745,EW035_RS18700,tsf,gene,1,1,genome,4,annotation_mediated,0,0,1,0,1,MS_14386,aadA1,False,0.07692307692307693,False,0.8548868624143,0.8550645935707271,False
4746,EW035_RS18705,rpsB,gene,1,1,genome,4,annotation_mediated,0,0,1,0,1,MS_14386,aadA1,False,0.07692307692307693,False,0.8548868624143,0.8550645935707271,False
4747,EW035_RS18810,thpR,gene,1,1,genome,4,annotation_mediated,0,0,1,0,1,MS_14386,aadA1,False,0.07692307692307693,False,0.8548868624143,0.8550645935707271,False
4748,EW035_RS19125,rsmH,gene,1,1,genome,4,annotation_mediated,0,0,1,0,1,MS_14386,aadA1,False,0.07692307692307693,False,0.8548868624143,0.8550645935707271,False
4749,EW035_RS19250,rluA,gene,1,1,genome,4,annotation_mediated,0,0,1,0,1,MS_14386,aadA1,False,0.07692307692307693,False,0.8548868624143,0.8550645935707271,False
4750,EW035_RS19275,rsmA,gene,1,1,genome,4,annotation_mediated,0,0,1,0,1,MS_14386,aadA1,False,0.07692307692307693,False,0.8548868624143,0.8550645935707271,False
4751,EW035_RS19400,ileS,gene,1,1,genome,4,annotation_mediated,0,0,1,0,1,MS_14386,aadA1,False,0.07692307692307693,False,0.8548868624143,0.8550645935707271,False
4752,EW035_RS19415,rpsT,gene,1,1,genome,4,annotation_mediated,0,0,1,0,1,MS_14386,aadA1,False,0.07692307692307693,False,0.8548868624143,0.8550645935707271,False
4753,EW035_RS19520,yjtD,gene,1,1,genome,4,annotation_mediated,0,0,1,0,1,MS_14386,aadA1,False,0.07692307692307693,False,0.8548868624143,0.8550645935707271,False
4754,EW035_RS19605,lplA,gene,1,1,genome,4,annotation_mediated,0,0,1,0,1,MS_14386,aadA1,False,0.07692307692307693,False,0.8548868624143,0.8550645935707271,False
4755,EW035_RS19660,prfC,gene,1,1,genome,4,annotation_mediated,0,0,1,0,1,MS_14386,aadA1,False,0.07692307692307693,False,0.8548868624143,0.8550645935707271,False
4756,EW035_RS19680,rsmC,gene,1,1,genome,4,annotation_mediated,0,0,1,0,1,MS_14386,aadA1,False,0.07692307692307693,False,0.8548868624143,0.8550645935707271,False
4757,EW035_RS20375,valS,gene,1,1,genome,4,annotation_mediated,0,0,1,0,1,MS_14386,aadA1,False,0.07692307692307693,False,0.8548868624143,0.8550645935707271,False
4758,EW035_RS20420,yjgH,gene,1,1,genome,4,annotation_mediated,0,0,1,0,1,MS_14386,aadA1,False,0.07692307692307693,False,0.8548868624143,0.8550645935707271,False
4759,EW035_RS20440,ridA,gene,1,1,genome,4,annotation_mediated,0,0,1,0,1,MS_14386,aadA1,False,0.07692307692307693,False,0.8548868624143,0.8550645935707271,False
4760,EW035_RS20655,rplI,gene,1,1,genome,4,annotation_mediated,0,0,1,0,1,MS_14386,aadA1,False,0.07692307692307693,False,0.8548868624143,0.8550645935707271,False
4761,EW035_RS20660,rpsR,gene,1,1,genome,4,annotation_mediated,0,0,1,0,1,MS_14386,aadA1,False,0.07692307692307693,False,0.8548868624143,0.8550645935707271,False
4762,EW035_RS20670,rpsF,gene,1,1,genome,4,annotation_mediated,0,0,1,0,1,MS_14386,aadA1,False,0.07692307692307693,False,0.8548868624143,0.8550645935707271,False
4763,EW035_RS20775,rlmB,gene,1,1,genome,4,annotation_mediated,0,0,1,0,1,MS_14386,aadA1,False,0.07692307692307693,False,0.8548868624143,0.8550645935707271,False
4764,EW035_RS20780,rnr,gene,1,1,genome,4,annotation_mediated,0,0,1,0,1,MS_14386,aadA1,False,0.07692307692307693,False,0.8548868624143,0.8550645935707271,False
4765,EW035_RS20810,hflX,gene,1,1,genome,4,annotation_mediated,0,0,1,0,1,MS_14386,aadA1,False,0.07692307692307693,False,0.8548868624143,0.8550645935707271,False
4766,EW035_RS20815,hfq,gene,1,1,genome,4,annotation_mediated,0,0,1,0,1,MS_14386,aadA1,False,0.07692307692307693,False,0.8548868624143,0.8550645935707271,False
4767,EW035_RS20820,miaA,gene,1,1,genome,4,annotation_mediated,0,0,1,0,1,MS_14386,aadA1,False,0.07692307692307693,False,0.8548868624143,0.8550645935707271,False
4768,EW035_RS20875,rsgA,gene,1,1,genome,4,annotation_mediated,0,0,1,0,1,MS_14386,aadA1,False,0.07692307692307693,False,0.8548868624143,0.8550645935707271,False
4769,EW035_RS20895,epmA,gene,1,1,genome,4,annotation_mediated,0,0,1,0,1,MS_14386,aadA1,False,0.07692307692307693,False,0.8548868624143,0.8550645935707271,False
4770,EW035_RS20945,efp,gene,1,1,genome,4,annotation_mediated,0,0,1,0,1,MS_14386,aadA1,False,0.07692307692307693,False,0.8548868624143,0.8550645935707271,False
4771,EW035_RS00220,nlpA,gene,1,1,genome,4,annotation_mediated,0,0,1,0,1,MS_14386,strAB,False,0.07692307692307693,False,0.8548868624143,0.8550645935707271,False
4772,EW035_RS00940,dctA,gene,1,1,genome,4,annotation_mediated,0,0,1,0,1,MS_14386,strAB,False,0.07692307692307693,False,0.8548868624143,0.8550645935707271,False
4773,EW035_RS01000,gadX,gene,1,1,genome,4,annotation_mediated,0,0,1,0,0,MS_14386,strAB,False,0.07692307692307693,False,0.8548868624143,0.8550645935707271,False
4774,EW035_RS01020,nan,gene,1,1,genome,4,annotation_mediated,0,0,1,0,0,MS_14386,strAB,False,0.07692307692307693,False,0.8548868624143,0.8550645935707271,False
4775,EW035_RS01190,silS,gene,1,1,genome,4,annotation_mediated,0,0,1,0,1,MS_14386,strAB,False,0.07692307692307693,False,0.8548868624143,0.8550645935707271,False
4776,EW035_RS01210,silB,gene,1,1,genome,4,annotation_mediated,0,0,1,0,1,MS_14386,strAB,False,0.07692307692307693,False,0.8548868624143,0.8550645935707271,False
4777,EW035_RS01415,ftsX,gene,1,1,genome,4,annotation_mediated,0,0,1,0,1,MS_14386,strAB,False,0.07692307692307693,False,0.8548868624143,0.8550645935707271,False
4778,EW035_RS01680,ompR,gene,1,1,genome,4,annotation_mediated,0,0,1,0,1,MS_14386,strAB,False,0.07692307692307693,False,0.8548868624143,0.8550645935707271,False
4779,EW035_RS01685,envZ,gene,1,1,genome,4,annotation_mediated,0,0,1,0,1,MS_14386,strAB,False,0.07692307692307693,False,0.8548868624143,0.8550645935707271,False
4780,EW035_RS01870,ppiA,gene,1,1,genome,4,annotation_mediated,0,0,1,0,1,MS_14386,strAB,False,0.07692307692307693,False,0.8548868624143,0.8550645935707271,False
4781,EW035_RS01900,crp,gene,1,1,genome,4,annotation_mediated,0,0,1,0,1,MS_14386,strAB,False,0.07692307692307693,False,0.8548868624143,0.8550645935707271,False
4782,EW035_RS02520,degQ,gene,1,1,genome,4,annotation_mediated,0,0,1,0,1,MS_14386,strAB,False,0.07692307692307693,False,0.8548868624143,0.8550645935707271,False
4783,EW035_RS02620,arcB,gene,1,1,genome,4,annotation_mediated,0,0,1,0,1,MS_14386,strAB,False,0.07692307692307693,False,0.8548868624143,0.8550645935707271,False
4784,EW035_RS02630,mtgA,gene,1,1,genome,4,annotation_mediated,0,0,1,0,1,MS_14386,strAB,False,0.07692307692307693,False,0.8548868624143,0.8550645935707271,False
4785,EW035_RS02660,rpoN,gene,1,1,genome,4,annotation_mediated,0,0,1,0,1,MS_14386,strAB,False,0.07692307692307693,False,0.8548868624143,0.8550645935707271,False
4786,EW035_RS02700,mlaE,gene,1,1,genome,4,annotation_mediated,0,0,1,0,1,MS_14386,strAB,False,0.07692307692307693,False,0.8548868624143,0.8550645935707271,False
4787,EW035_RS02705,mlaD,gene,1,1,genome,4,annotation_mediated,0,0,1,0,1,MS_14386,strAB,False,0.07692307692307693,False,0.8548868624143,0.8550645935707271,False
4788,EW035_RS02710,mlaC,gene,1,1,genome,4,annotation_mediated,0,0,1,0,1,MS_14386,strAB,False,0.07692307692307693,False,0.8548868624143,0.8550645935707271,False
4789,EW035_RS02760,dacB,gene,1,1,genome,4,annotation_mediated,0,0,1,0,1,MS_14386,strAB,False,0.07692307692307693,False,0.8548868624143,0.8550645935707271,False
4790,EW035_RS02780,ftsH,gene,1,1,genome,4,annotation_mediated,0,0,1,0,1,MS_14386,strAB,False,0.07692307692307693,False,0.8548868624143,0.8550645935707271,False
4791,EW035_RS03560,qseC,gene,1,1,genome,4,annotation_mediated,0,0,1,0,1,MS_14386,strAB,False,0.07692307692307693,False,0.8548868624143,0.8550645935707271,False
4792,EW035_RS03565,qseB,gene,1,1,genome,4,annotation_mediated,0,0,1,0,1,MS_14386,strAB,False,0.07692307692307693,False,0.8548868624143,0.8550645935707271,False
4793,EW035_RS03685,hybC,gene,1,1,genome,4,annotation_mediated,0,0,1,0,1,MS_14386,strAB,False,0.07692307692307693,False,0.8548868624143,0.8550645935707271,False
4794,EW035_RS04780,amiC,gene,1,1,genome,4,annotation_mediated,0,0,1,0,1,MS_14386,strAB,False,0.07692307692307693,False,0.8548868624143,0.8550645935707271,False
4795,EW035_RS05105,barA,gene,1,1,genome,4,annotation_mediated,0,0,1,0,1,MS_14386,strAB,False,0.07692307692307693,False,0.8548868624143,0.8550645935707271,False
4796,EW035_RS05655,ygaH,gene,1,1,genome,4,annotation_mediated,0,0,1,0,0,MS_14386,strAB,False,0.07692307692307693,False,0.8548868624143,0.8550645935707271,False
4797,EW035_RS06150,glrR,gene,1,1,genome,4,annotation_mediated,0,0,1,0,1,MS_14386,strAB,False,0.07692307692307693,False,0.8548868624143,0.8550645935707271,False
4798,EW035_RS06155,glnB,gene,1,1,genome,4,annotation_mediated,0,0,1,0,1,MS_14386,strAB,False,0.07692307692307693,False,0.8548868624143,0.8550645935707271,False
4799,CHEBI:16015,L-Glutamic acid,metabolite,13,4,metabolome,2,directly_observed; inferred,8,0,0,13,4,B36; MS_14384; MS_14386; MS_14387,aac(3)-IId; blaCMY-2; blaOXA-1; blaTEM-1b; dfrA12; dfrA14; dfrA17; strAB; sul1; sul2; sul3,True,1.0,True,0.050110328883959394,0.8550645935707271,False
4800,CHEBI:32816,Pyruvic acid,metabolite,13,4,metabolome,2,directly_observed; inferred,8,0,0,13,4,B36; MS_14384; MS_14386; MS_14387,aac(3)-IId; blaCMY-2; blaOXA-1; blaTEM-1b; dfrA12; dfrA14; dfrA17; strAB; sul1; sul2; sul3,True,1.0,True,0.050110328883959394,0.8550645935707271,False
4801,CHEBI:16977,L-Alanine,metabolite,13,4,metabolome,2,directly_observed; inferred,7,0,0,13,4,B36; MS_14384; MS_14386; MS_14387,aac(3)-IId; blaCMY-2; blaOXA-1; blaTEM-1b; dfrA12; dfrA14; dfrA17; strAB; sul1; sul2; sul3,True,1.0,True,0.050110328883959394,0.8550645935707271,False
4802,CHEBI:16761,ADP,metabolite,13,4,metabolome,2,directly_observed; inferred,7,0,0,13,4,B36; MS_14384; MS_14386; MS_14387,aac(3)-IId; blaCMY-2; blaOXA-1; blaTEM-1b; dfrA12; dfrA14; dfrA17; strAB; sul1; sul2; sul3,True,1.0,True,0.050110328883959394,0.8550645935707271,False
4803,CHEBI:15422,Adenosine triphosphate,metabolite,13,4,metabolome,2,directly_observed; inferred,7,0,0,13,4,B36; MS_14384; MS_14386; MS_14387,aac(3)-IId; blaCMY-2; blaOXA-1; blaTEM-1b; dfrA12; dfrA14; dfrA17; strAB; sul1; sul2; sul3,True,1.0,True,0.050110328883959394,0.8550645935707271,False
4804,CHEBI:16908,NADH,metabolite,12,4,metabolome,2,directly_observed; inferred,7,0,0,12,4,B36; MS_14384; MS_14386; MS_14387,aac(3)-IId; blaCMY-2; blaOXA-1; blaTEM-1b; dfrA12; dfrA14; dfrA17; sul1; sul2; sul3,True,0.9230769230769231,True,0.09119638839007602,0.8550645935707271,False
4805,CHEBI:30915,Oxoglutaric acid,metabolite,12,4,metabolome,2,directly_observed; inferred,7,0,0,12,4,B36; MS_14384; MS_14386; MS_14387,aac(3)-IId; blaCMY-2; blaOXA-1; blaTEM-1b; dfrA12; dfrA14; dfrA17; sul1; sul2; sul3,True,0.9230769230769231,True,0.09119638839007602,0.8550645935707271,False
4806,CHEBI:16474,NADPH,metabolite,12,4,metabolome,2,directly_observed; inferred,7,0,0,12,4,B36; MS_14384; MS_14386; MS_14387,aac(3)-IId; blaCMY-2; blaOXA-1; blaTEM-1b; dfrA12; dfrA14; dfrA17; sul1; sul2; sul3,True,0.9230769230769231,True,0.09119638839007602,0.8550645935707271,False
4807,CHEBI:16414,L-Valine,metabolite,12,3,metabolome,2,directly_observed; inferred,11,0,0,12,3,B36; MS_14386; MS_14387,blaCTX-M-15; blaTEM-1b; blaTEM-215; dfrA12; dfrA14; dfrA17; strAB; sul1; sul2; sul3,True,0.9230769230769231,True,0.09119638839007602,0.8550645935707271,False
4808,CHEBI:17561,L-Cysteine,metabolite,12,3,metabolome,2,directly_observed; inferred,11,0,0,12,3,B36; MS_14386; MS_14387,blaCTX-M-15; blaTEM-1b; blaTEM-215; dfrA12; dfrA14; dfrA17; strAB; sul1; sul2; sul3,True,0.9230769230769231,True,0.09119638839007602,0.8550645935707271,False
4809,CHEBI:37024,Aminoadipic acid,metabolite,12,3,metabolome,2,directly_observed; inferred,11,0,0,12,3,B36; MS_14386; MS_14387,blaCTX-M-15; blaTEM-1b; blaTEM-215; dfrA12; dfrA14; dfrA17; strAB; sul1; sul2; sul3,True,0.9230769230769231,True,0.09119638839007602,0.8550645935707271,False
4810,CHEBI:16857,L-Threonine,metabolite,10,4,metabolome,2,directly_observed; inferred,7,0,0,10,4,B36; MS_14384; MS_14386; MS_14387,blaCMY-2; blaTEM-1b; dfrA12; dfrA14; dfrA17; strAB; sul1; sul2; sul3,True,0.7692307692307693,True,0.2471010957786733,0.8550645935707271,False
4811,EW035_RS01765,aroK,gene,10,1,genome,2,annotation_mediated,0,0,10,0,1,MS_14386,aac(3)-IId; aadA1; aph(3')-Ia; blaTEM-1b; blaTEM-215; dfrA12; dfrA14; strAB; sul2; sul3,False,0.7692307692307693,True,3.452721218336566e-05,0.023971403346553868,True
