strain,amr_determinant,amr_class,source_entity,source_layer,target_entity,target_layer,relationship,path_length,node_sequence,edge_sequence,evidence_type,evidence_source,observed_status
MS_14384,blaCMY-2,beta_lactam,EW037_RS20170,genome,EW037_RS20170_RNA,transcriptome,rna_quantified,0,,,directly_observed,aligned_multiomics.csv (RNA_RPMI/RNA_Sera),observed
MS_14384,blaCMY-2,beta_lactam,EW037_RS20170,genome,WP_000976514.1,proteome,protein_quantified,0,,,directly_observed,aligned_multiomics.csv (Protein_RPMI/Protein_Sera),observed
MS_14384,blaCMY-2,beta_lactam,EW037_RS20170,genome,EW037_RS20165,genome,genomic_proximity,1,EW037_RS20170;EW037_RS20165,genomic_proximity,graph_derived,edges_gene_genomic_proximity_gene.csv,graph_derived
MS_14384,blaCMY-2,beta_lactam,EW037_RS20170,genome,EW037_RS20175,genome,genomic_proximity,1,EW037_RS20170;EW037_RS20175,genomic_proximity,graph_derived,edges_gene_genomic_proximity_gene.csv,graph_derived
MS_14384,blaCMY-2,beta_lactam,WP_000976514.1,hypergraph,Triple_EW037_RS20170,hypergraph,hyperedge_membership,1,WP_000976514.1;Triple_EW037_RS20170,member_of:multi_omics_triple,graph_derived,hyperedges.csv,graph_derived
MS_14384,blaCMY-2,beta_lactam,WP_000976514.1,hypergraph,map02020,hypergraph,hyperedge_membership,1,WP_000976514.1;map02020,member_of:kegg_pathway,graph_derived,hyperedges.csv,graph_derived
MS_14384,blaCMY-2,beta_lactam,WP_000976514.1,hypergraph,ko02020,hypergraph,hyperedge_membership,1,WP_000976514.1;ko02020,member_of:kegg_pathway,graph_derived,hyperedges.csv,graph_derived
MS_14384,blaCMY-2,beta_lactam,WP_000976514.1,hypergraph,map01501,hypergraph,hyperedge_membership,1,WP_000976514.1;map01501,member_of:kegg_pathway,graph_derived,hyperedges.csv,graph_derived
MS_14384,blaCMY-2,beta_lactam,WP_000976514.1,hypergraph,ko01501,hypergraph,hyperedge_membership,1,WP_000976514.1;ko01501,member_of:kegg_pathway,graph_derived,hyperedges.csv,graph_derived
MS_14384,blaCMY-2,beta_lactam,WP_000976514.1,hypergraph,COG_V: Defense mechanisms,hypergraph,hyperedge_membership,1,WP_000976514.1;COG_V: Defense mechanisms,member_of:cog_category,graph_derived,hyperedges.csv,graph_derived
MS_14384,blaCMY-2,beta_lactam,WP_000976514.1,hypergraph,beta_lactam_resistance,hypergraph,hyperedge_membership,1,WP_000976514.1;beta_lactam_resistance,member_of:amr_mechanism,graph_derived,hyperedges.csv,graph_derived
MS_14384,blaCMY-2,beta_lactam,WP_000976514.1,hypergraph,GO:0046677: P:response to antibiotic,hypergraph,hyperedge_membership,1,WP_000976514.1;GO:0046677: P:response to antibiotic,member_of:go_term,graph_derived,hyperedges.csv,graph_derived
MS_14384,blaCMY-2,beta_lactam,WP_000976514.1,hypergraph,GO:0030288: C:outer membrane-bounded periplasmic space,hypergraph,hyperedge_membership,1,WP_000976514.1;GO:0030288: C:outer membrane-bounded periplasmic space,member_of:go_term,graph_derived,hyperedges.csv,graph_derived
MS_14384,blaCMY-2,beta_lactam,WP_000976514.1,hypergraph,GO:0008800: F:beta-lactamase activity,hypergraph,hyperedge_membership,1,WP_000976514.1;GO:0008800: F:beta-lactamase activity,member_of:go_term,graph_derived,hyperedges.csv,graph_derived
MS_14384,blaCMY-2,beta_lactam,WP_000976514.1,hypergraph,Metabolic_map02020,hypergraph,hyperedge_membership,1,WP_000976514.1;Metabolic_map02020,member_of:metabolic_pathway,graph_derived,hyperedges.csv,graph_derived
MS_14384,blaCMY-2,beta_lactam,WP_000976514.1,hypergraph,GO:0017001: GO:0017001,hypergraph,hyperedge_membership,1,WP_000976514.1;GO:0017001: GO:0017001,member_of:go_term,graph_derived,hyperedges.csv,graph_derived
MS_14384,blaCMY-2,beta_lactam,EW037_RS20170,genome,ko01501,kegg,in_pathway,1,EW037_RS20170;ko01501,in_pathway,annotation_mediated,edges_gene_in_pathway_annotation.csv (KEGG),annotation_mediated
MS_14384,blaCMY-2,beta_lactam,EW037_RS20170,genome,ko02020,kegg,in_pathway,1,EW037_RS20170;ko02020,in_pathway,annotation_mediated,edges_gene_in_pathway_annotation.csv (KEGG),annotation_mediated
MS_14384,blaCMY-2,beta_lactam,EW037_RS20170,genome,map01501,kegg,in_pathway,1,EW037_RS20170;map01501,in_pathway,annotation_mediated,edges_gene_in_pathway_annotation.csv (KEGG),annotation_mediated
MS_14384,blaCMY-2,beta_lactam,EW037_RS20170,genome,map02020,kegg,in_pathway,1,EW037_RS20170;map02020,in_pathway,annotation_mediated,edges_gene_in_pathway_annotation.csv (KEGG),annotation_mediated
MS_14384,blaCMY-2,beta_lactam,EW037_RS20170,genome,V,cog,cog_category,1,EW037_RS20170;V,cog_category,annotation_mediated,edges_gene_cog_category_annotation.csv (eggNOG/COG),annotation_mediated
MS_14384,blaCMY-2,beta_lactam,WP_000976514.1,proteome,GO:0008800,go,go_annotation,1,WP_000976514.1;GO:0008800,annotated_by,annotation_mediated,edges_protein_annotated_by_annotation.csv (GO),annotation_mediated
MS_14384,blaCMY-2,beta_lactam,WP_000976514.1,proteome,GO:0017001,go,go_annotation,1,WP_000976514.1;GO:0017001,annotated_by,annotation_mediated,edges_protein_annotated_by_annotation.csv (GO),annotation_mediated
MS_14384,blaCMY-2,beta_lactam,WP_000976514.1,proteome,GO:0030288,go,go_annotation,1,WP_000976514.1;GO:0030288,annotated_by,annotation_mediated,edges_protein_annotated_by_annotation.csv (GO),annotation_mediated
MS_14384,blaCMY-2,beta_lactam,WP_000976514.1,proteome,GO:0046677,go,go_annotation,1,WP_000976514.1;GO:0046677,annotated_by,annotation_mediated,edges_protein_annotated_by_annotation.csv (GO),annotation_mediated
MS_14384,blaCMY-2,beta_lactam,WP_000976514.1,proteome,GO:0008800,go,go_annotation,1,WP_000976514.1;GO:0008800,annotated_by,annotation_mediated,amr_uniprot_recovery.csv (per-ID UniProt lookup; bypasses upstream batch-search truncation),annotation_mediated
MS_14384,blaCMY-2,beta_lactam,WP_000976514.1,proteome,GO:0017001,go,go_annotation,1,WP_000976514.1;GO:0017001,annotated_by,annotation_mediated,amr_uniprot_recovery.csv (per-ID UniProt lookup; bypasses upstream batch-search truncation),annotation_mediated
MS_14384,blaCMY-2,beta_lactam,WP_000976514.1,proteome,GO:0030288,go,go_annotation,1,WP_000976514.1;GO:0030288,annotated_by,annotation_mediated,amr_uniprot_recovery.csv (per-ID UniProt lookup; bypasses upstream batch-search truncation),annotation_mediated
MS_14384,blaCMY-2,beta_lactam,WP_000976514.1,proteome,GO:0046677,go,go_annotation,1,WP_000976514.1;GO:0046677,annotated_by,annotation_mediated,amr_uniprot_recovery.csv (per-ID UniProt lookup; bypasses upstream batch-search truncation),annotation_mediated
MS_14384,blaCMY-2,beta_lactam,EW037_RS20170,genome,beta_lactam,ppi_amr,amr_mechanism,1,EW037_RS20170;beta_lactam,associated_with,annotation_mediated,amr_manifest / edges_gene_associated_with_annotation.csv,annotation_mediated
MS_14384,blaCMY-2,beta_lactam,EW037_RS20170,genome,CHEBI:15741,metabolome,shares_pathway,2,EW037_RS20170;map02020;CHEBI:15741,in_pathway;in_pathway,inferred,pathway-mediated (gene->pathway->metabolite),inferred
MS_14384,blaCMY-2,beta_lactam,EW037_RS20170,genome,CHEBI:15741,metabolome,metabolite_quantified,2,,,directly_observed,metabolomics_abundance.csv,observed
MS_14384,blaCMY-2,beta_lactam,EW037_RS20170,genome,CHEBI:30797,metabolome,shares_pathway,2,EW037_RS20170;map02020;CHEBI:30797,in_pathway;in_pathway,inferred,pathway-mediated (gene->pathway->metabolite),inferred
MS_14384,blaCMY-2,beta_lactam,EW037_RS20170,genome,CHEBI:30797,metabolome,metabolite_quantified,2,,,directly_observed,metabolomics_abundance.csv,observed
MS_14384,blaCMY-2,beta_lactam,EW037_RS20170,genome,CHEBI:16015,metabolome,shares_pathway,2,EW037_RS20170;map02020;CHEBI:16015,in_pathway;in_pathway,inferred,pathway-mediated (gene->pathway->metabolite),inferred
MS_14384,blaCMY-2,beta_lactam,EW037_RS20170,genome,CHEBI:16015,metabolome,metabolite_quantified,2,,,directly_observed,metabolomics_abundance.csv,observed
MS_14384,blaCMY-2,beta_lactam,EW037_RS20170,genome,CHEBI:26078,metabolome,shares_pathway,2,EW037_RS20170;map02020;CHEBI:26078,in_pathway;in_pathway,inferred,pathway-mediated (gene->pathway->metabolite),inferred
MS_14384,blaCMY-2,beta_lactam,EW037_RS20170,genome,CHEBI:26078,metabolome,metabolite_quantified,2,,,directly_observed,metabolomics_abundance.csv,observed
MS_14384,blaCMY-2,beta_lactam,EW037_RS20170,genome,CHEBI:4170,metabolome,shares_pathway,2,EW037_RS20170;map02020;CHEBI:4170,in_pathway;in_pathway,inferred,pathway-mediated (gene->pathway->metabolite),inferred
MS_14384,blaCMY-2,beta_lactam,EW037_RS20170,genome,CHEBI:4170,metabolome,metabolite_quantified,2,,,directly_observed,metabolomics_abundance.csv,observed
MS_14384,blaCMY-2,beta_lactam,EW037_RS20170,genome,CHEBI:17053,metabolome,shares_pathway,2,EW037_RS20170;map02020;CHEBI:17053,in_pathway;in_pathway,inferred,pathway-mediated (gene->pathway->metabolite),inferred
MS_14384,blaCMY-2,beta_lactam,EW037_RS20170,genome,CHEBI:17053,metabolome,metabolite_quantified,2,,,directly_observed,metabolomics_abundance.csv,observed
MS_14384,blaCMY-2,beta_lactam,EW037_RS20170,genome,CHEBI:18012,metabolome,shares_pathway,2,EW037_RS20170;map02020;CHEBI:18012,in_pathway;in_pathway,inferred,pathway-mediated (gene->pathway->metabolite),inferred
MS_14384,blaCMY-2,beta_lactam,EW037_RS20170,genome,CHEBI:18012,metabolome,metabolite_quantified,2,,,directly_observed,metabolomics_abundance.csv,observed
MS_14384,blaCMY-2,beta_lactam,EW037_RS20170,genome,CHEBI:32816,metabolome,shares_pathway,2,EW037_RS20170;map02020;CHEBI:32816,in_pathway;in_pathway,inferred,pathway-mediated (gene->pathway->metabolite),inferred
MS_14384,blaCMY-2,beta_lactam,EW037_RS20170,genome,CHEBI:32816,metabolome,metabolite_quantified,2,,,directly_observed,metabolomics_abundance.csv,observed
MS_14384,blaCMY-2,beta_lactam,EW037_RS20170,genome,CHEBI:15344,metabolome,shares_pathway,2,EW037_RS20170;map02020;CHEBI:15344,in_pathway;in_pathway,inferred,pathway-mediated (gene->pathway->metabolite),inferred
MS_14384,blaCMY-2,beta_lactam,EW037_RS20170,genome,CHEBI:15344,metabolome,metabolite_quantified,2,,,directly_observed,metabolomics_abundance.csv,observed
MS_14384,blaCMY-2,beta_lactam,EW037_RS20170,genome,CHEBI:30769,metabolome,shares_pathway,2,EW037_RS20170;map02020;CHEBI:30769,in_pathway;in_pathway,inferred,pathway-mediated (gene->pathway->metabolite),inferred
MS_14384,blaCMY-2,beta_lactam,EW037_RS20170,genome,CHEBI:30769,metabolome,metabolite_quantified,2,,,directly_observed,metabolomics_abundance.csv,observed
MS_14384,blaCMY-2,beta_lactam,EW037_RS20170,genome,CHEBI:17634,metabolome,shares_pathway,2,EW037_RS20170;map02020;CHEBI:17634,in_pathway;in_pathway,inferred,pathway-mediated (gene->pathway->metabolite),inferred
MS_14384,blaCMY-2,beta_lactam,EW037_RS20170,genome,CHEBI:17634,metabolome,metabolite_quantified,2,,,directly_observed,metabolomics_abundance.csv,observed
MS_14384,blaCMY-2,beta_lactam,EW037_RS20170,genome,EW037_RS00180,genome,graph_context,2,EW037_RS20170;map02020;EW037_RS00180,in_pathway;in_pathway,annotation_mediated,bounded_BFS (<= 4 hops),annotation_mediated
MS_14384,blaCMY-2,beta_lactam,EW037_RS20170,genome,EW037_RS00920,genome,graph_context,2,EW037_RS20170;map02020;EW037_RS00920,in_pathway;in_pathway,annotation_mediated,bounded_BFS (<= 4 hops),annotation_mediated
MS_14384,blaCMY-2,beta_lactam,EW037_RS20170,genome,EW037_RS00985,genome,graph_context,2,EW037_RS20170;map01501;EW037_RS00985,in_pathway;in_pathway,annotation_mediated,bounded_BFS (<= 4 hops),annotation_mediated
MS_14384,blaCMY-2,beta_lactam,EW037_RS20170,genome,EW037_RS00990,genome,graph_context,2,EW037_RS20170;map01501;EW037_RS00990,in_pathway;in_pathway,annotation_mediated,bounded_BFS (<= 4 hops),annotation_mediated
MS_14384,blaCMY-2,beta_lactam,EW037_RS20170,genome,EW037_RS01075,genome,graph_context,2,EW037_RS20170;map02020;EW037_RS01075,in_pathway;in_pathway,annotation_mediated,bounded_BFS (<= 4 hops),annotation_mediated
MS_14384,blaCMY-2,beta_lactam,EW037_RS20170,genome,EW037_RS01145,genome,graph_context,2,EW037_RS20170;COG_V: Defense mechanisms;EW037_RS01145,member_of_cog_category;member_of_cog_category,annotation_mediated,bounded_BFS (<= 4 hops),annotation_mediated
MS_14384,blaCMY-2,beta_lactam,EW037_RS20170,genome,EW037_RS01340,genome,graph_context,2,EW037_RS20170;COG_V: Defense mechanisms;EW037_RS01340,member_of_cog_category;member_of_cog_category,annotation_mediated,bounded_BFS (<= 4 hops),annotation_mediated
MS_14384,blaCMY-2,beta_lactam,EW037_RS20170,genome,EW037_RS01805,genome,graph_context,2,EW037_RS20170;map02020;EW037_RS01805,in_pathway;in_pathway,annotation_mediated,bounded_BFS (<= 4 hops),annotation_mediated
MS_14384,blaCMY-2,beta_lactam,EW037_RS20170,genome,EW037_RS01810,genome,graph_context,2,EW037_RS20170;map02020;EW037_RS01810,in_pathway;in_pathway,annotation_mediated,bounded_BFS (<= 4 hops),annotation_mediated
MS_14384,blaCMY-2,beta_lactam,EW037_RS20170,genome,EW037_RS01860,genome,graph_context,2,EW037_RS20170;map01501;EW037_RS01860,in_pathway;in_pathway,annotation_mediated,bounded_BFS (<= 4 hops),annotation_mediated
MS_14384,blaCMY-2,beta_lactam,EW037_RS20170,genome,EW037_RS02030,genome,graph_context,2,EW037_RS20170;map02020;EW037_RS02030,in_pathway;in_pathway,annotation_mediated,bounded_BFS (<= 4 hops),annotation_mediated
MS_14384,blaCMY-2,beta_lactam,EW037_RS20170,genome,EW037_RS02575,genome,graph_context,2,EW037_RS20170;map02020;EW037_RS02575,in_pathway;in_pathway,annotation_mediated,bounded_BFS (<= 4 hops),annotation_mediated
MS_14384,blaCMY-2,beta_lactam,EW037_RS20170,genome,EW037_RS02670,genome,graph_context,2,EW037_RS20170;map02020;EW037_RS02670,in_pathway;in_pathway,annotation_mediated,bounded_BFS (<= 4 hops),annotation_mediated
MS_14384,blaCMY-2,beta_lactam,EW037_RS20170,genome,EW037_RS02710,genome,graph_context,2,EW037_RS20170;map02020;EW037_RS02710,in_pathway;in_pathway,annotation_mediated,bounded_BFS (<= 4 hops),annotation_mediated
MS_14384,blaCMY-2,beta_lactam,EW037_RS20170,genome,EW037_RS03535,genome,graph_context,2,EW037_RS20170;map02020;EW037_RS03535,in_pathway;in_pathway,annotation_mediated,bounded_BFS (<= 4 hops),annotation_mediated
MS_14384,blaCMY-2,beta_lactam,EW037_RS20170,genome,EW037_RS03610,genome,graph_context,2,EW037_RS20170;map02020;EW037_RS03610,in_pathway;in_pathway,annotation_mediated,bounded_BFS (<= 4 hops),annotation_mediated
MS_14384,blaCMY-2,beta_lactam,EW037_RS20170,genome,EW037_RS03615,genome,graph_context,2,EW037_RS20170;map02020;EW037_RS03615,in_pathway;in_pathway,annotation_mediated,bounded_BFS (<= 4 hops),annotation_mediated
MS_14384,blaCMY-2,beta_lactam,EW037_RS20170,genome,EW037_RS03740,genome,graph_context,2,EW037_RS20170;map02020;EW037_RS03740,in_pathway;in_pathway,annotation_mediated,bounded_BFS (<= 4 hops),annotation_mediated
MS_14384,blaCMY-2,beta_lactam,EW037_RS20170,genome,EW037_RS03975,genome,graph_context,2,EW037_RS20170;COG_V: Defense mechanisms;EW037_RS03975,member_of_cog_category;member_of_cog_category,annotation_mediated,bounded_BFS (<= 4 hops),annotation_mediated
MS_14384,blaCMY-2,beta_lactam,EW037_RS20170,genome,EW037_RS04415,genome,graph_context,2,EW037_RS20170;map02020;EW037_RS04415,in_pathway;in_pathway,annotation_mediated,bounded_BFS (<= 4 hops),annotation_mediated
MS_14384,blaCMY-2,beta_lactam,EW037_RS20170,genome,EW037_RS04940,genome,graph_context,2,EW037_RS20170;map02020;EW037_RS04940,in_pathway;in_pathway,annotation_mediated,bounded_BFS (<= 4 hops),annotation_mediated
MS_14384,blaCMY-2,beta_lactam,EW037_RS20170,genome,EW037_RS05235,genome,graph_context,2,EW037_RS20170;map02020;EW037_RS05235,in_pathway;in_pathway,annotation_mediated,bounded_BFS (<= 4 hops),annotation_mediated
MS_14384,blaCMY-2,beta_lactam,EW037_RS20170,genome,EW037_RS05735,genome,graph_context,2,EW037_RS20170;map02020;EW037_RS05735,in_pathway;in_pathway,annotation_mediated,bounded_BFS (<= 4 hops),annotation_mediated
MS_14384,blaCMY-2,beta_lactam,EW037_RS20170,genome,EW037_RS05790,genome,graph_context,2,EW037_RS20170;map02020;EW037_RS05790,in_pathway;in_pathway,annotation_mediated,bounded_BFS (<= 4 hops),annotation_mediated
MS_14384,blaCMY-2,beta_lactam,EW037_RS20170,genome,EW037_RS06315,genome,graph_context,2,EW037_RS20170;map02020;EW037_RS06315,in_pathway;in_pathway,annotation_mediated,bounded_BFS (<= 4 hops),annotation_mediated
MS_14384,blaCMY-2,beta_lactam,EW037_RS20170,genome,EW037_RS06320,genome,graph_context,2,EW037_RS20170;map02020;EW037_RS06320,in_pathway;in_pathway,annotation_mediated,bounded_BFS (<= 4 hops),annotation_mediated
MS_14384,blaCMY-2,beta_lactam,EW037_RS20170,genome,EW037_RS06745,genome,graph_context,2,EW037_RS20170;map02020;EW037_RS06745,in_pathway;in_pathway,annotation_mediated,bounded_BFS (<= 4 hops),annotation_mediated
MS_14384,blaCMY-2,beta_lactam,EW037_RS20170,genome,EW037_RS06780,genome,graph_context,2,EW037_RS20170;map02020;EW037_RS06780,in_pathway;in_pathway,annotation_mediated,bounded_BFS (<= 4 hops),annotation_mediated
MS_14384,blaCMY-2,beta_lactam,EW037_RS20170,genome,EW037_RS06900,genome,graph_context,2,EW037_RS20170;COG_V: Defense mechanisms;EW037_RS06900,member_of_cog_category;member_of_cog_category,annotation_mediated,bounded_BFS (<= 4 hops),annotation_mediated
MS_14384,blaCMY-2,beta_lactam,EW037_RS20170,genome,EW037_RS07140,genome,graph_context,2,EW037_RS20170;map02020;EW037_RS07140,in_pathway;in_pathway,annotation_mediated,bounded_BFS (<= 4 hops),annotation_mediated
MS_14384,blaCMY-2,beta_lactam,EW037_RS20170,genome,EW037_RS07205,genome,graph_context,2,EW037_RS20170;map02020;EW037_RS07205,in_pathway;in_pathway,annotation_mediated,bounded_BFS (<= 4 hops),annotation_mediated
MS_14384,blaCMY-2,beta_lactam,EW037_RS20170,genome,EW037_RS08045,genome,graph_context,2,EW037_RS20170;map02020;EW037_RS08045,in_pathway;in_pathway,annotation_mediated,bounded_BFS (<= 4 hops),annotation_mediated
MS_14384,blaCMY-2,beta_lactam,EW037_RS20170,genome,EW037_RS08195,genome,graph_context,2,EW037_RS20170;map02020;EW037_RS08195,in_pathway;in_pathway,annotation_mediated,bounded_BFS (<= 4 hops),annotation_mediated
MS_14384,blaCMY-2,beta_lactam,EW037_RS20170,genome,EW037_RS08215,genome,graph_context,2,EW037_RS20170;map02020;EW037_RS08215,in_pathway;in_pathway,annotation_mediated,bounded_BFS (<= 4 hops),annotation_mediated
MS_14384,blaCMY-2,beta_lactam,EW037_RS20170,genome,EW037_RS08225,genome,graph_context,2,EW037_RS20170;map02020;EW037_RS08225,in_pathway;in_pathway,annotation_mediated,bounded_BFS (<= 4 hops),annotation_mediated
MS_14384,blaCMY-2,beta_lactam,EW037_RS20170,genome,EW037_RS08230,genome,graph_context,2,EW037_RS20170;map02020;EW037_RS08230,in_pathway;in_pathway,annotation_mediated,bounded_BFS (<= 4 hops),annotation_mediated
MS_14384,blaCMY-2,beta_lactam,EW037_RS20170,genome,EW037_RS08235,genome,graph_context,2,EW037_RS20170;map02020;EW037_RS08235,in_pathway;in_pathway,annotation_mediated,bounded_BFS (<= 4 hops),annotation_mediated
MS_14384,blaCMY-2,beta_lactam,EW037_RS20170,genome,EW037_RS08240,genome,graph_context,2,EW037_RS20170;map02020;EW037_RS08240,in_pathway;in_pathway,annotation_mediated,bounded_BFS (<= 4 hops),annotation_mediated
MS_14384,blaCMY-2,beta_lactam,EW037_RS20170,genome,EW037_RS08350,genome,graph_context,2,EW037_RS20170;map02020;EW037_RS08350,in_pathway;in_pathway,annotation_mediated,bounded_BFS (<= 4 hops),annotation_mediated
MS_14384,blaCMY-2,beta_lactam,EW037_RS20170,genome,EW037_RS08540,genome,graph_context,2,EW037_RS20170;map02020;EW037_RS08540,in_pathway;in_pathway,annotation_mediated,bounded_BFS (<= 4 hops),annotation_mediated
MS_14384,blaCMY-2,beta_lactam,EW037_RS20170,genome,EW037_RS08695,genome,graph_context,2,EW037_RS20170;map02020;EW037_RS08695,in_pathway;in_pathway,annotation_mediated,bounded_BFS (<= 4 hops),annotation_mediated
MS_14384,blaCMY-2,beta_lactam,EW037_RS20170,genome,EW037_RS08910,genome,graph_context,2,EW037_RS20170;map02020;EW037_RS08910,in_pathway;in_pathway,annotation_mediated,bounded_BFS (<= 4 hops),annotation_mediated
MS_14384,blaCMY-2,beta_lactam,EW037_RS20170,genome,EW037_RS08915,genome,graph_context,2,EW037_RS20170;map02020;EW037_RS08915,in_pathway;in_pathway,annotation_mediated,bounded_BFS (<= 4 hops),annotation_mediated
MS_14384,blaCMY-2,beta_lactam,EW037_RS20170,genome,EW037_RS08930,genome,graph_context,2,EW037_RS20170;map02020;EW037_RS08930,in_pathway;in_pathway,annotation_mediated,bounded_BFS (<= 4 hops),annotation_mediated
MS_14384,blaCMY-2,beta_lactam,EW037_RS20170,genome,EW037_RS08935,genome,graph_context,2,EW037_RS20170;map02020;EW037_RS08935,in_pathway;in_pathway,annotation_mediated,bounded_BFS (<= 4 hops),annotation_mediated
MS_14384,blaCMY-2,beta_lactam,EW037_RS20170,genome,EW037_RS09165,genome,graph_context,2,EW037_RS20170;COG_V: Defense mechanisms;EW037_RS09165,member_of_cog_category;member_of_cog_category,annotation_mediated,bounded_BFS (<= 4 hops),annotation_mediated
MS_14384,blaCMY-2,beta_lactam,EW037_RS20170,genome,EW037_RS09680,genome,graph_context,2,EW037_RS20170;map02020;EW037_RS09680,in_pathway;in_pathway,annotation_mediated,bounded_BFS (<= 4 hops),annotation_mediated
MS_14384,blaCMY-2,beta_lactam,EW037_RS20170,genome,EW037_RS10150,genome,graph_context,2,EW037_RS20170;map02020;EW037_RS10150,in_pathway;in_pathway,annotation_mediated,bounded_BFS (<= 4 hops),annotation_mediated
MS_14384,blaCMY-2,beta_lactam,EW037_RS20170,genome,EW037_RS10180,genome,graph_context,2,EW037_RS20170;map02020;EW037_RS10180,in_pathway;in_pathway,annotation_mediated,bounded_BFS (<= 4 hops),annotation_mediated
MS_14384,blaCMY-2,beta_lactam,EW037_RS20170,genome,EW037_RS10185,genome,graph_context,2,EW037_RS20170;map02020;EW037_RS10185,in_pathway;in_pathway,annotation_mediated,bounded_BFS (<= 4 hops),annotation_mediated
MS_14384,blaCMY-2,beta_lactam,EW037_RS20170,genome,EW037_RS10200,genome,graph_context,2,EW037_RS20170;map02020;EW037_RS10200,in_pathway;in_pathway,annotation_mediated,bounded_BFS (<= 4 hops),annotation_mediated
MS_14384,blaCMY-2,beta_lactam,EW037_RS20170,genome,EW037_RS10345,genome,graph_context,2,EW037_RS20170;map02020;EW037_RS10345,in_pathway;in_pathway,annotation_mediated,bounded_BFS (<= 4 hops),annotation_mediated
MS_14384,blaCMY-2,beta_lactam,EW037_RS20170,genome,EW037_RS10350,genome,graph_context,2,EW037_RS20170;map02020;EW037_RS10350,in_pathway;in_pathway,annotation_mediated,bounded_BFS (<= 4 hops),annotation_mediated
MS_14384,blaCMY-2,beta_lactam,EW037_RS20170,genome,EW037_RS10355,genome,graph_context,2,EW037_RS20170;map02020;EW037_RS10355,in_pathway;in_pathway,annotation_mediated,bounded_BFS (<= 4 hops),annotation_mediated
MS_14384,blaCMY-2,beta_lactam,EW037_RS20170,genome,EW037_RS10360,genome,graph_context,2,EW037_RS20170;map02020;EW037_RS10360,in_pathway;in_pathway,annotation_mediated,bounded_BFS (<= 4 hops),annotation_mediated
MS_14384,blaCMY-2,beta_lactam,EW037_RS20170,genome,EW037_RS10365,genome,graph_context,2,EW037_RS20170;map02020;EW037_RS10365,in_pathway;in_pathway,annotation_mediated,bounded_BFS (<= 4 hops),annotation_mediated
MS_14384,blaCMY-2,beta_lactam,EW037_RS20170,genome,EW037_RS10370,genome,graph_context,2,EW037_RS20170;map02020;EW037_RS10370,in_pathway;in_pathway,annotation_mediated,bounded_BFS (<= 4 hops),annotation_mediated
MS_14384,blaCMY-2,beta_lactam,EW037_RS20170,genome,EW037_RS10375,genome,graph_context,2,EW037_RS20170;map02020;EW037_RS10375,in_pathway;in_pathway,annotation_mediated,bounded_BFS (<= 4 hops),annotation_mediated
MS_14384,blaCMY-2,beta_lactam,EW037_RS20170,genome,EW037_RS11805,genome,graph_context,2,EW037_RS20170;map02020;EW037_RS11805,in_pathway;in_pathway,annotation_mediated,bounded_BFS (<= 4 hops),annotation_mediated
MS_14384,blaCMY-2,beta_lactam,EW037_RS20170,genome,EW037_RS11915,genome,graph_context,2,EW037_RS20170;map02020;EW037_RS11915,in_pathway;in_pathway,annotation_mediated,bounded_BFS (<= 4 hops),annotation_mediated
MS_14384,blaCMY-2,beta_lactam,EW037_RS20170,genome,EW037_RS11920,genome,graph_context,2,EW037_RS20170;map02020;EW037_RS11920,in_pathway;in_pathway,annotation_mediated,bounded_BFS (<= 4 hops),annotation_mediated
MS_14384,blaCMY-2,beta_lactam,EW037_RS20170,genome,EW037_RS12395,genome,graph_context,2,EW037_RS20170;map02020;EW037_RS12395,in_pathway;in_pathway,annotation_mediated,bounded_BFS (<= 4 hops),annotation_mediated
MS_14384,blaCMY-2,beta_lactam,EW037_RS20170,genome,EW037_RS12690,genome,graph_context,2,EW037_RS20170;map02020;EW037_RS12690,in_pathway;in_pathway,annotation_mediated,bounded_BFS (<= 4 hops),annotation_mediated
MS_14384,blaCMY-2,beta_lactam,EW037_RS20170,genome,EW037_RS12760,genome,graph_context,2,EW037_RS20170;map02020;EW037_RS12760,in_pathway;in_pathway,annotation_mediated,bounded_BFS (<= 4 hops),annotation_mediated
MS_14384,blaCMY-2,beta_lactam,EW037_RS20170,genome,EW037_RS12765,genome,graph_context,2,EW037_RS20170;map02020;EW037_RS12765,in_pathway;in_pathway,annotation_mediated,bounded_BFS (<= 4 hops),annotation_mediated
MS_14384,blaCMY-2,beta_lactam,EW037_RS20170,genome,EW037_RS13025,genome,graph_context,2,EW037_RS20170;map02020;EW037_RS13025,in_pathway;in_pathway,annotation_mediated,bounded_BFS (<= 4 hops),annotation_mediated
MS_14384,blaCMY-2,beta_lactam,EW037_RS20170,genome,EW037_RS13120,genome,graph_context,2,EW037_RS20170;map02020;EW037_RS13120,in_pathway;in_pathway,annotation_mediated,bounded_BFS (<= 4 hops),annotation_mediated
MS_14384,blaCMY-2,beta_lactam,EW037_RS20170,genome,EW037_RS13635,genome,graph_context,2,EW037_RS20170;map01501;EW037_RS13635,in_pathway;in_pathway,annotation_mediated,bounded_BFS (<= 4 hops),annotation_mediated
MS_14384,blaCMY-2,beta_lactam,EW037_RS20170,genome,EW037_RS13745,genome,graph_context,2,EW037_RS20170;map02020;EW037_RS13745,in_pathway;in_pathway,annotation_mediated,bounded_BFS (<= 4 hops),annotation_mediated
MS_14384,blaCMY-2,beta_lactam,EW037_RS20170,genome,EW037_RS14075,genome,graph_context,2,EW037_RS20170;map01501;EW037_RS14075,in_pathway;in_pathway,annotation_mediated,bounded_BFS (<= 4 hops),annotation_mediated
MS_14384,blaCMY-2,beta_lactam,EW037_RS20170,genome,EW037_RS14080,genome,graph_context,2,EW037_RS20170;map01501;EW037_RS14080,in_pathway;in_pathway,annotation_mediated,bounded_BFS (<= 4 hops),annotation_mediated
MS_14384,blaCMY-2,beta_lactam,EW037_RS20170,genome,EW037_RS14090,genome,graph_context,2,EW037_RS20170;map01501;EW037_RS14090,in_pathway;in_pathway,annotation_mediated,bounded_BFS (<= 4 hops),annotation_mediated
MS_14384,blaCMY-2,beta_lactam,EW037_RS20170,genome,EW037_RS14095,genome,graph_context,2,EW037_RS20170;map01501;EW037_RS14095,in_pathway;in_pathway,annotation_mediated,bounded_BFS (<= 4 hops),annotation_mediated
MS_14384,blaCMY-2,beta_lactam,EW037_RS20170,genome,EW037_RS14170,genome,graph_context,2,EW037_RS20170;map02020;EW037_RS14170,in_pathway;in_pathway,annotation_mediated,bounded_BFS (<= 4 hops),annotation_mediated
MS_14384,blaCMY-2,beta_lactam,EW037_RS20170,genome,EW037_RS14175,genome,graph_context,2,EW037_RS20170;map02020;EW037_RS14175,in_pathway;in_pathway,annotation_mediated,bounded_BFS (<= 4 hops),annotation_mediated
MS_14384,blaCMY-2,beta_lactam,EW037_RS20170,genome,EW037_RS14180,genome,graph_context,2,EW037_RS20170;map02020;EW037_RS14180,in_pathway;in_pathway,annotation_mediated,bounded_BFS (<= 4 hops),annotation_mediated
MS_14384,blaCMY-2,beta_lactam,EW037_RS20170,genome,EW037_RS14185,genome,graph_context,2,EW037_RS20170;map02020;EW037_RS14185,in_pathway;in_pathway,annotation_mediated,bounded_BFS (<= 4 hops),annotation_mediated
MS_14384,blaCMY-2,beta_lactam,EW037_RS20170,genome,EW037_RS14195,genome,graph_context,2,EW037_RS20170;map02020;EW037_RS14195,in_pathway;in_pathway,annotation_mediated,bounded_BFS (<= 4 hops),annotation_mediated
MS_14384,blaCMY-2,beta_lactam,EW037_RS20170,genome,EW037_RS14200,genome,graph_context,2,EW037_RS20170;map02020;EW037_RS14200,in_pathway;in_pathway,annotation_mediated,bounded_BFS (<= 4 hops),annotation_mediated
MS_14384,blaCMY-2,beta_lactam,EW037_RS20170,genome,EW037_RS14395,genome,graph_context,2,EW037_RS20170;COG_V: Defense mechanisms;EW037_RS14395,member_of_cog_category;member_of_cog_category,annotation_mediated,bounded_BFS (<= 4 hops),annotation_mediated
MS_14384,blaCMY-2,beta_lactam,EW037_RS20170,genome,EW037_RS14650,genome,graph_context,2,EW037_RS20170;map02020;EW037_RS14650,in_pathway;in_pathway,annotation_mediated,bounded_BFS (<= 4 hops),annotation_mediated
MS_14384,blaCMY-2,beta_lactam,EW037_RS20170,genome,EW037_RS14655,genome,graph_context,2,EW037_RS20170;map02020;EW037_RS14655,in_pathway;in_pathway,annotation_mediated,bounded_BFS (<= 4 hops),annotation_mediated
MS_14384,blaCMY-2,beta_lactam,EW037_RS20170,genome,EW037_RS14715,genome,graph_context,2,EW037_RS20170;COG_V: Defense mechanisms;EW037_RS14715,member_of_cog_category;member_of_cog_category,annotation_mediated,bounded_BFS (<= 4 hops),annotation_mediated
MS_14384,blaCMY-2,beta_lactam,EW037_RS20170,genome,EW037_RS14765,genome,graph_context,2,EW037_RS20170;map01501;EW037_RS14765,in_pathway;in_pathway,annotation_mediated,bounded_BFS (<= 4 hops),annotation_mediated
MS_14384,blaCMY-2,beta_lactam,EW037_RS20170,genome,EW037_RS14955,genome,graph_context,2,EW037_RS20170;map02020;EW037_RS14955,in_pathway;in_pathway,annotation_mediated,bounded_BFS (<= 4 hops),annotation_mediated
MS_14384,blaCMY-2,beta_lactam,EW037_RS20170,genome,EW037_RS15305,genome,graph_context,2,EW037_RS20170;map02020;EW037_RS15305,in_pathway;in_pathway,annotation_mediated,bounded_BFS (<= 4 hops),annotation_mediated
MS_14384,blaCMY-2,beta_lactam,EW037_RS20170,genome,EW037_RS15310,genome,graph_context,2,EW037_RS20170;map02020;EW037_RS15310,in_pathway;in_pathway,annotation_mediated,bounded_BFS (<= 4 hops),annotation_mediated
MS_14384,blaCMY-2,beta_lactam,EW037_RS20170,genome,EW037_RS15315,genome,graph_context,2,EW037_RS20170;map02020;EW037_RS15315,in_pathway;in_pathway,annotation_mediated,bounded_BFS (<= 4 hops),annotation_mediated
MS_14384,blaCMY-2,beta_lactam,EW037_RS20170,genome,EW037_RS15375,genome,graph_context,2,EW037_RS20170;map02020;EW037_RS15375,in_pathway;in_pathway,annotation_mediated,bounded_BFS (<= 4 hops),annotation_mediated
MS_14384,blaCMY-2,beta_lactam,EW037_RS20170,genome,EW037_RS15395,genome,graph_context,2,EW037_RS20170;map02020;EW037_RS15395,in_pathway;in_pathway,annotation_mediated,bounded_BFS (<= 4 hops),annotation_mediated
MS_14384,blaCMY-2,beta_lactam,EW037_RS20170,genome,EW037_RS15620,genome,graph_context,2,EW037_RS20170;map02020;EW037_RS15620,in_pathway;in_pathway,annotation_mediated,bounded_BFS (<= 4 hops),annotation_mediated
MS_14384,blaCMY-2,beta_lactam,EW037_RS20170,genome,EW037_RS15695,genome,graph_context,2,EW037_RS20170;COG_V: Defense mechanisms;EW037_RS15695,member_of_cog_category;member_of_cog_category,annotation_mediated,bounded_BFS (<= 4 hops),annotation_mediated
MS_14384,blaCMY-2,beta_lactam,EW037_RS20170,genome,EW037_RS15790,genome,graph_context,2,EW037_RS20170;map02020;EW037_RS15790,in_pathway;in_pathway,annotation_mediated,bounded_BFS (<= 4 hops),annotation_mediated
MS_14384,blaCMY-2,beta_lactam,EW037_RS20170,genome,EW037_RS15870,genome,graph_context,2,EW037_RS20170;COG_V: Defense mechanisms;EW037_RS15870,member_of_cog_category;member_of_cog_category,annotation_mediated,bounded_BFS (<= 4 hops),annotation_mediated
MS_14384,blaCMY-2,beta_lactam,EW037_RS20170,genome,EW037_RS15930,genome,graph_context,2,EW037_RS20170;COG_V: Defense mechanisms;EW037_RS15930,member_of_cog_category;member_of_cog_category,annotation_mediated,bounded_BFS (<= 4 hops),annotation_mediated
MS_14384,blaCMY-2,beta_lactam,EW037_RS20170,genome,EW037_RS16265,genome,graph_context,2,EW037_RS20170;map02020;EW037_RS16265,in_pathway;in_pathway,annotation_mediated,bounded_BFS (<= 4 hops),annotation_mediated
MS_14384,blaCMY-2,beta_lactam,EW037_RS20170,genome,EW037_RS16345,genome,graph_context,2,EW037_RS20170;COG_V: Defense mechanisms;EW037_RS16345,member_of_cog_category;member_of_cog_category,annotation_mediated,bounded_BFS (<= 4 hops),annotation_mediated
MS_14384,blaCMY-2,beta_lactam,EW037_RS20170,genome,EW037_RS16355,genome,graph_context,2,EW037_RS20170;COG_V: Defense mechanisms;EW037_RS16355,member_of_cog_category;member_of_cog_category,annotation_mediated,bounded_BFS (<= 4 hops),annotation_mediated
MS_14384,blaCMY-2,beta_lactam,EW037_RS20170,genome,EW037_RS16650,genome,graph_context,2,EW037_RS20170;map02020;EW037_RS16650,in_pathway;in_pathway,annotation_mediated,bounded_BFS (<= 4 hops),annotation_mediated
MS_14384,blaCMY-2,beta_lactam,EW037_RS20170,genome,EW037_RS16655,genome,graph_context,2,EW037_RS20170;map02020;EW037_RS16655,in_pathway;in_pathway,annotation_mediated,bounded_BFS (<= 4 hops),annotation_mediated
MS_14384,blaCMY-2,beta_lactam,EW037_RS20170,genome,EW037_RS16890,genome,graph_context,2,EW037_RS20170;map02020;EW037_RS16890,in_pathway;in_pathway,annotation_mediated,bounded_BFS (<= 4 hops),annotation_mediated
MS_14384,blaCMY-2,beta_lactam,EW037_RS20170,genome,EW037_RS16895,genome,graph_context,2,EW037_RS20170;map02020;EW037_RS16895,in_pathway;in_pathway,annotation_mediated,bounded_BFS (<= 4 hops),annotation_mediated
MS_14384,blaCMY-2,beta_lactam,EW037_RS20170,genome,EW037_RS17065,genome,graph_context,2,EW037_RS20170;map02020;EW037_RS17065,in_pathway;in_pathway,annotation_mediated,bounded_BFS (<= 4 hops),annotation_mediated
MS_14384,blaCMY-2,beta_lactam,EW037_RS20170,genome,EW037_RS17070,genome,graph_context,2,EW037_RS20170;map02020;EW037_RS17070,in_pathway;in_pathway,annotation_mediated,bounded_BFS (<= 4 hops),annotation_mediated
MS_14384,blaCMY-2,beta_lactam,EW037_RS20170,genome,EW037_RS17080,genome,graph_context,2,EW037_RS20170;map02020;EW037_RS17080,in_pathway;in_pathway,annotation_mediated,bounded_BFS (<= 4 hops),annotation_mediated
MS_14384,blaCMY-2,beta_lactam,EW037_RS20170,genome,EW037_RS17130,genome,graph_context,2,EW037_RS20170;map01501;EW037_RS17130,in_pathway;in_pathway,annotation_mediated,bounded_BFS (<= 4 hops),annotation_mediated
MS_14384,blaCMY-2,beta_lactam,EW037_RS20170,genome,EW037_RS17380,genome,graph_context,2,EW037_RS20170;map02020;EW037_RS17380,in_pathway;in_pathway,annotation_mediated,bounded_BFS (<= 4 hops),annotation_mediated
MS_14384,blaCMY-2,beta_lactam,EW037_RS20170,genome,EW037_RS17435,genome,graph_context,2,EW037_RS20170;map02020;EW037_RS17435,in_pathway;in_pathway,annotation_mediated,bounded_BFS (<= 4 hops),annotation_mediated
MS_14384,blaCMY-2,beta_lactam,EW037_RS20170,genome,EW037_RS17440,genome,graph_context,2,EW037_RS20170;map02020;EW037_RS17440,in_pathway;in_pathway,annotation_mediated,bounded_BFS (<= 4 hops),annotation_mediated
MS_14384,blaCMY-2,beta_lactam,EW037_RS20170,genome,EW037_RS17450,genome,graph_context,2,EW037_RS20170;map02020;EW037_RS17450,in_pathway;in_pathway,annotation_mediated,bounded_BFS (<= 4 hops),annotation_mediated
MS_14384,blaCMY-2,beta_lactam,EW037_RS20170,genome,EW037_RS17455,genome,graph_context,2,EW037_RS20170;map02020;EW037_RS17455,in_pathway;in_pathway,annotation_mediated,bounded_BFS (<= 4 hops),annotation_mediated
MS_14384,blaCMY-2,beta_lactam,EW037_RS20170,genome,EW037_RS17880,genome,graph_context,2,EW037_RS20170;map01501;EW037_RS17880,in_pathway;in_pathway,annotation_mediated,bounded_BFS (<= 4 hops),annotation_mediated
MS_14384,blaCMY-2,beta_lactam,EW037_RS20170,genome,EW037_RS17885,genome,graph_context,2,EW037_RS20170;map01501;EW037_RS17885,in_pathway;in_pathway,annotation_mediated,bounded_BFS (<= 4 hops),annotation_mediated
MS_14384,blaCMY-2,beta_lactam,EW037_RS20170,genome,EW037_RS18180,genome,graph_context,2,EW037_RS20170;COG_V: Defense mechanisms;EW037_RS18180,member_of_cog_category;member_of_cog_category,annotation_mediated,bounded_BFS (<= 4 hops),annotation_mediated
MS_14384,blaCMY-2,beta_lactam,EW037_RS20170,genome,EW037_RS18245,genome,graph_context,2,EW037_RS20170;map02020;EW037_RS18245,in_pathway;in_pathway,annotation_mediated,bounded_BFS (<= 4 hops),annotation_mediated
MS_14384,blaCMY-2,beta_lactam,EW037_RS20170,genome,EW037_RS18250,genome,graph_context,2,EW037_RS20170;map02020;EW037_RS18250,in_pathway;in_pathway,annotation_mediated,bounded_BFS (<= 4 hops),annotation_mediated
MS_14384,blaCMY-2,beta_lactam,EW037_RS20170,genome,EW037_RS19255,genome,graph_context,2,EW037_RS20170;map02020;EW037_RS19255,in_pathway;in_pathway,annotation_mediated,bounded_BFS (<= 4 hops),annotation_mediated
MS_14384,blaCMY-2,beta_lactam,EW037_RS20170,genome,EW037_RS19405,genome,graph_context,2,EW037_RS20170;map02020;EW037_RS19405,in_pathway;in_pathway,annotation_mediated,bounded_BFS (<= 4 hops),annotation_mediated
MS_14384,blaCMY-2,beta_lactam,EW037_RS20170,genome,EW037_RS19425,genome,graph_context,2,EW037_RS20170;map02020;EW037_RS19425,in_pathway;in_pathway,annotation_mediated,bounded_BFS (<= 4 hops),annotation_mediated
MS_14384,blaCMY-2,beta_lactam,EW037_RS20170,genome,EW037_RS19600,genome,graph_context,2,EW037_RS20170;COG_V: Defense mechanisms;EW037_RS19600,member_of_cog_category;member_of_cog_category,annotation_mediated,bounded_BFS (<= 4 hops),annotation_mediated
MS_14384,blaCMY-2,beta_lactam,EW037_RS20170,genome,EW037_RS19685,genome,graph_context,2,EW037_RS20170;COG_V: Defense mechanisms;EW037_RS19685,member_of_cog_category;member_of_cog_category,annotation_mediated,bounded_BFS (<= 4 hops),annotation_mediated
MS_14384,blaCMY-2,beta_lactam,EW037_RS20170,genome,EW037_RS19690,genome,graph_context,2,EW037_RS20170;COG_V: Defense mechanisms;EW037_RS19690,member_of_cog_category;member_of_cog_category,annotation_mediated,bounded_BFS (<= 4 hops),annotation_mediated
MS_14384,blaCMY-2,beta_lactam,EW037_RS20170,genome,EW037_RS20160,genome,graph_context,2,EW037_RS20170;EW037_RS20165;EW037_RS20160,genomic_proximity;genomic_proximity,graph_derived,bounded_BFS (<= 4 hops),graph_derived
MS_14384,blaCMY-2,beta_lactam,EW037_RS20170,genome,EW037_RS20295,genome,graph_context,2,EW037_RS20170;map02020;EW037_RS20295,in_pathway;in_pathway,annotation_mediated,bounded_BFS (<= 4 hops),annotation_mediated
MS_14384,blaCMY-2,beta_lactam,EW037_RS20170,genome,EW037_RS20305,genome,graph_context,2,EW037_RS20170;map02020;EW037_RS20305,in_pathway;in_pathway,annotation_mediated,bounded_BFS (<= 4 hops),annotation_mediated
MS_14384,blaCMY-2,beta_lactam,EW037_RS20170,genome,EW037_RS20310,genome,graph_context,2,EW037_RS20170;map02020;EW037_RS20310,in_pathway;in_pathway,annotation_mediated,bounded_BFS (<= 4 hops),annotation_mediated
MS_14384,blaCMY-2,beta_lactam,EW037_RS20170,genome,EW037_RS20545,genome,graph_context,2,EW037_RS20170;map02020;EW037_RS20545,in_pathway;in_pathway,annotation_mediated,bounded_BFS (<= 4 hops),annotation_mediated
MS_14384,blaCMY-2,beta_lactam,EW037_RS20170,genome,EW037_RS20635,genome,graph_context,2,EW037_RS20170;COG_V: Defense mechanisms;EW037_RS20635,member_of_cog_category;member_of_cog_category,annotation_mediated,bounded_BFS (<= 4 hops),annotation_mediated
MS_14384,blaCMY-2,beta_lactam,EW037_RS20170,genome,EW037_RS20640,genome,graph_context,2,EW037_RS20170;COG_V: Defense mechanisms;EW037_RS20640,member_of_cog_category;member_of_cog_category,annotation_mediated,bounded_BFS (<= 4 hops),annotation_mediated
MS_14384,blaCMY-2,beta_lactam,EW037_RS20170,genome,EW037_RS20645,genome,graph_context,2,EW037_RS20170;COG_V: Defense mechanisms;EW037_RS20645,member_of_cog_category;member_of_cog_category,annotation_mediated,bounded_BFS (<= 4 hops),annotation_mediated
MS_14384,blaCMY-2,beta_lactam,EW037_RS20170,genome,EW037_RS21890,genome,graph_context,2,EW037_RS20170;map02020;EW037_RS21890,in_pathway;in_pathway,annotation_mediated,bounded_BFS (<= 4 hops),annotation_mediated
MS_14384,blaCMY-2,beta_lactam,EW037_RS20170,genome,EW037_RS21895,genome,graph_context,2,EW037_RS20170;map02020;EW037_RS21895,in_pathway;in_pathway,annotation_mediated,bounded_BFS (<= 4 hops),annotation_mediated
MS_14384,blaCMY-2,beta_lactam,EW037_RS20170,genome,EW037_RS21900,genome,graph_context,2,EW037_RS20170;map02020;EW037_RS21900,in_pathway;in_pathway,annotation_mediated,bounded_BFS (<= 4 hops),annotation_mediated
MS_14384,blaCMY-2,beta_lactam,EW037_RS20170,genome,EW037_RS21910,genome,graph_context,2,EW037_RS20170;map02020;EW037_RS21910,in_pathway;in_pathway,annotation_mediated,bounded_BFS (<= 4 hops),annotation_mediated
MS_14384,blaCMY-2,beta_lactam,EW037_RS20170,genome,EW037_RS22055,genome,graph_context,2,EW037_RS20170;map02020;EW037_RS22055,in_pathway;in_pathway,annotation_mediated,bounded_BFS (<= 4 hops),annotation_mediated
MS_14384,blaCMY-2,beta_lactam,EW037_RS20170,genome,EW037_RS22115,genome,graph_context,2,EW037_RS20170;map02020;EW037_RS22115,in_pathway;in_pathway,annotation_mediated,bounded_BFS (<= 4 hops),annotation_mediated
MS_14384,blaCMY-2,beta_lactam,EW037_RS20170,genome,EW037_RS22680,genome,graph_context,2,EW037_RS20170;map02020;EW037_RS22680,in_pathway;in_pathway,annotation_mediated,bounded_BFS (<= 4 hops),annotation_mediated
MS_14384,blaCMY-2,beta_lactam,EW037_RS20170,genome,EW037_RS22685,genome,graph_context,2,EW037_RS20170;map02020;EW037_RS22685,in_pathway;in_pathway,annotation_mediated,bounded_BFS (<= 4 hops),annotation_mediated
MS_14384,blaCMY-2,beta_lactam,EW037_RS20170,genome,EW037_RS23440,genome,graph_context,2,EW037_RS20170;map02020;EW037_RS23440,in_pathway;in_pathway,annotation_mediated,bounded_BFS (<= 4 hops),annotation_mediated
MS_14384,blaCMY-2,beta_lactam,EW037_RS20170,genome,EW037_RS23445,genome,graph_context,2,EW037_RS20170;map02020;EW037_RS23445,in_pathway;in_pathway,annotation_mediated,bounded_BFS (<= 4 hops),annotation_mediated
MS_14384,blaCMY-2,beta_lactam,EW037_RS20170,genome,EW037_RS23705,genome,graph_context,2,EW037_RS20170;map02020;EW037_RS23705,in_pathway;in_pathway,annotation_mediated,bounded_BFS (<= 4 hops),annotation_mediated
MS_14384,blaCMY-2,beta_lactam,EW037_RS20170,genome,EW037_RS23710,genome,graph_context,2,EW037_RS20170;map02020;EW037_RS23710,in_pathway;in_pathway,annotation_mediated,bounded_BFS (<= 4 hops),annotation_mediated
MS_14384,blaCMY-2,beta_lactam,EW037_RS20170,genome,EW037_RS24425,genome,graph_context,2,EW037_RS20170;map02020;EW037_RS24425,in_pathway;in_pathway,annotation_mediated,bounded_BFS (<= 4 hops),annotation_mediated
MS_14384,blaCMY-2,beta_lactam,EW037_RS20170,genome,EW037_RS24765,genome,graph_context,2,EW037_RS20170;COG_V: Defense mechanisms;EW037_RS24765,member_of_cog_category;member_of_cog_category,annotation_mediated,bounded_BFS (<= 4 hops),annotation_mediated
MS_14384,blaCMY-2,beta_lactam,EW037_RS20170,genome,EW037_RS24770,genome,graph_context,2,EW037_RS20170;COG_V: Defense mechanisms;EW037_RS24770,member_of_cog_category;member_of_cog_category,annotation_mediated,bounded_BFS (<= 4 hops),annotation_mediated
MS_14384,blaCMY-2,beta_lactam,EW037_RS20170,genome,EW037_RS24775,genome,graph_context,2,EW037_RS20170;COG_V: Defense mechanisms;EW037_RS24775,member_of_cog_category;member_of_cog_category,annotation_mediated,bounded_BFS (<= 4 hops),annotation_mediated
MS_14384,blaCMY-2,beta_lactam,EW037_RS20170,genome,WP_000003317.1,proteome,graph_context,2,WP_000976514.1;GO:0046677: P:response to antibiotic;WP_000003317.1,member_of_go_term;member_of_go_term,annotation_mediated,bounded_BFS (<= 4 hops),annotation_mediated
MS_14384,blaCMY-2,beta_lactam,EW037_RS20170,genome,WP_000004488.1,proteome,graph_context,2,WP_000976514.1;GO:0046677: P:response to antibiotic;WP_000004488.1,member_of_go_term;member_of_go_term,annotation_mediated,bounded_BFS (<= 4 hops),annotation_mediated
MS_14384,blaCMY-2,beta_lactam,EW037_RS20170,genome,WP_000016907.1,proteome,graph_context,2,WP_000976514.1;GO:0030288: C:outer membrane-bounded periplasmic space;WP_000016907.1,member_of_go_term;member_of_go_term,annotation_mediated,bounded_BFS (<= 4 hops),annotation_mediated
MS_14384,blaCMY-2,beta_lactam,EW037_RS20170,genome,WP_000024872.1,proteome,graph_context,2,EW037_RS20170;COG_V: Defense mechanisms;WP_000024872.1,member_of_cog_category;member_of_cog_category,annotation_mediated,bounded_BFS (<= 4 hops),annotation_mediated
MS_14384,blaCMY-2,beta_lactam,EW037_RS20170,genome,WP_000030537.1,proteome,graph_context,2,WP_000976514.1;GO:0030288: C:outer membrane-bounded periplasmic space;WP_000030537.1,member_of_go_term;member_of_go_term,annotation_mediated,bounded_BFS (<= 4 hops),annotation_mediated
MS_14384,blaCMY-2,beta_lactam,EW037_RS20170,genome,WP_000031783.1,proteome,graph_context,2,WP_000976514.1;GO:0046677: P:response to antibiotic;WP_000031783.1,member_of_go_term;member_of_go_term,annotation_mediated,bounded_BFS (<= 4 hops),annotation_mediated
MS_14384,blaCMY-2,beta_lactam,EW037_RS20170,genome,WP_000051549.1,proteome,graph_context,2,EW037_RS20170;COG_V: Defense mechanisms;WP_000051549.1,member_of_cog_category;member_of_cog_category,annotation_mediated,bounded_BFS (<= 4 hops),annotation_mediated
MS_14384,blaCMY-2,beta_lactam,EW037_RS20170,genome,WP_000058885.1,proteome,graph_context,2,EW037_RS20170;COG_V: Defense mechanisms;WP_000058885.1,member_of_cog_category;member_of_cog_category,annotation_mediated,bounded_BFS (<= 4 hops),annotation_mediated
MS_14384,blaCMY-2,beta_lactam,EW037_RS20170,genome,WP_000059395.1,proteome,graph_context,2,WP_000976514.1;GO:0030288: C:outer membrane-bounded periplasmic space;WP_000059395.1,member_of_go_term;member_of_go_term,annotation_mediated,bounded_BFS (<= 4 hops),annotation_mediated
MS_14384,blaCMY-2,beta_lactam,EW037_RS20170,genome,WP_000074527.1,proteome,graph_context,2,WP_000976514.1;GO:0046677: P:response to antibiotic;WP_000074527.1,member_of_go_term;member_of_go_term,annotation_mediated,bounded_BFS (<= 4 hops),annotation_mediated
MS_14384,blaCMY-2,beta_lactam,EW037_RS20170,genome,WP_000091945.1,proteome,graph_context,2,WP_000976514.1;GO:0046677: P:response to antibiotic;WP_000091945.1,member_of_go_term;member_of_go_term,annotation_mediated,bounded_BFS (<= 4 hops),annotation_mediated
MS_14384,blaCMY-2,beta_lactam,EW037_RS20170,genome,WP_000117262.1,proteome,graph_context,2,EW037_RS20170;COG_V: Defense mechanisms;WP_000117262.1,member_of_cog_category;member_of_cog_category,annotation_mediated,bounded_BFS (<= 4 hops),annotation_mediated
MS_14384,blaCMY-2,beta_lactam,EW037_RS20170,genome,WP_000130100.1,proteome,graph_context,2,WP_000976514.1;GO:0046677: P:response to antibiotic;WP_000130100.1,member_of_go_term;member_of_go_term,annotation_mediated,bounded_BFS (<= 4 hops),annotation_mediated
MS_14384,blaCMY-2,beta_lactam,EW037_RS20170,genome,WP_000135224.1,proteome,graph_context,2,WP_000976514.1;GO:0046677: P:response to antibiotic;WP_000135224.1,member_of_go_term;member_of_go_term,annotation_mediated,bounded_BFS (<= 4 hops),annotation_mediated
MS_14384,blaCMY-2,beta_lactam,EW037_RS20170,genome,WP_000150637.1,proteome,graph_context,2,EW037_RS20170;COG_V: Defense mechanisms;WP_000150637.1,member_of_cog_category;member_of_cog_category,annotation_mediated,bounded_BFS (<= 4 hops),annotation_mediated
MS_14384,blaCMY-2,beta_lactam,EW037_RS20170,genome,WP_000153067.1,proteome,graph_context,2,WP_000976514.1;GO:0030288: C:outer membrane-bounded periplasmic space;WP_000153067.1,member_of_go_term;member_of_go_term,annotation_mediated,bounded_BFS (<= 4 hops),annotation_mediated
MS_14384,blaCMY-2,beta_lactam,EW037_RS20170,genome,WP_000168747.1,proteome,graph_context,2,WP_000976514.1;GO:0030288: C:outer membrane-bounded periplasmic space;WP_000168747.1,member_of_go_term;member_of_go_term,annotation_mediated,bounded_BFS (<= 4 hops),annotation_mediated
MS_14384,blaCMY-2,beta_lactam,EW037_RS20170,genome,WP_000171276.1,proteome,graph_context,2,WP_000976514.1;GO:0030288: C:outer membrane-bounded periplasmic space;WP_000171276.1,member_of_go_term;member_of_go_term,annotation_mediated,bounded_BFS (<= 4 hops),annotation_mediated
MS_14384,blaCMY-2,beta_lactam,EW037_RS20170,genome,WP_000188187.1,proteome,graph_context,2,EW037_RS20170;COG_V: Defense mechanisms;WP_000188187.1,member_of_cog_category;member_of_cog_category,annotation_mediated,bounded_BFS (<= 4 hops),annotation_mediated
MS_14384,blaCMY-2,beta_lactam,EW037_RS20170,genome,WP_000195296.1,proteome,graph_context,2,WP_000976514.1;GO:0046677: P:response to antibiotic;WP_000195296.1,member_of_go_term;member_of_go_term,annotation_mediated,bounded_BFS (<= 4 hops),annotation_mediated
MS_14384,blaCMY-2,beta_lactam,EW037_RS20170,genome,WP_000195961.1,proteome,graph_context,2,WP_000976514.1;GO:0030288: C:outer membrane-bounded periplasmic space;WP_000195961.1,member_of_go_term;member_of_go_term,annotation_mediated,bounded_BFS (<= 4 hops),annotation_mediated
MS_14384,blaCMY-2,beta_lactam,EW037_RS20170,genome,WP_000246815.1,proteome,graph_context,2,WP_000976514.1;GO:0046677: P:response to antibiotic;WP_000246815.1,member_of_go_term;member_of_go_term,annotation_mediated,bounded_BFS (<= 4 hops),annotation_mediated
MS_14384,blaCMY-2,beta_lactam,EW037_RS20170,genome,WP_000263098.1,proteome,graph_context,2,WP_000976514.1;GO:0046677: P:response to antibiotic;WP_000263098.1,member_of_go_term;member_of_go_term,annotation_mediated,bounded_BFS (<= 4 hops),annotation_mediated
MS_14384,blaCMY-2,beta_lactam,EW037_RS20170,genome,WP_000284714.1,proteome,graph_context,2,WP_000976514.1;GO:0030288: C:outer membrane-bounded periplasmic space;WP_000284714.1,member_of_go_term;member_of_go_term,annotation_mediated,bounded_BFS (<= 4 hops),annotation_mediated
MS_14384,blaCMY-2,beta_lactam,EW037_RS20170,genome,WP_000375956.1,proteome,graph_context,2,WP_000976514.1;GO:0030288: C:outer membrane-bounded periplasmic space;WP_000375956.1,member_of_go_term;member_of_go_term,annotation_mediated,bounded_BFS (<= 4 hops),annotation_mediated
MS_14384,blaCMY-2,beta_lactam,EW037_RS20170,genome,WP_000378442.1,proteome,graph_context,2,WP_000976514.1;GO:0046677: P:response to antibiotic;WP_000378442.1,member_of_go_term;member_of_go_term,annotation_mediated,bounded_BFS (<= 4 hops),annotation_mediated
MS_14384,blaCMY-2,beta_lactam,EW037_RS20170,genome,WP_000424395.1,proteome,graph_context,2,WP_000976514.1;GO:0046677: P:response to antibiotic;WP_000424395.1,member_of_go_term;member_of_go_term,annotation_mediated,bounded_BFS (<= 4 hops),annotation_mediated
MS_14384,blaCMY-2,beta_lactam,EW037_RS20170,genome,WP_000447529.1,proteome,graph_context,2,WP_000976514.1;GO:0046677: P:response to antibiotic;WP_000447529.1,member_of_go_term;member_of_go_term,annotation_mediated,bounded_BFS (<= 4 hops),annotation_mediated
MS_14384,blaCMY-2,beta_lactam,EW037_RS20170,genome,WP_000461642.1,proteome,graph_context,2,WP_000976514.1;GO:0046677: P:response to antibiotic;WP_000461642.1,member_of_go_term;member_of_go_term,annotation_mediated,bounded_BFS (<= 4 hops),annotation_mediated
MS_14384,blaCMY-2,beta_lactam,EW037_RS20170,genome,WP_000469031.1,proteome,graph_context,2,EW037_RS20170;COG_V: Defense mechanisms;WP_000469031.1,member_of_cog_category;member_of_cog_category,annotation_mediated,bounded_BFS (<= 4 hops),annotation_mediated
MS_14384,blaCMY-2,beta_lactam,EW037_RS20170,genome,WP_000477225.1,proteome,graph_context,2,WP_000976514.1;GO:0030288: C:outer membrane-bounded periplasmic space;WP_000477225.1,member_of_go_term;member_of_go_term,annotation_mediated,bounded_BFS (<= 4 hops),annotation_mediated
MS_14384,blaCMY-2,beta_lactam,EW037_RS20170,genome,WP_000497723.1,proteome,graph_context,2,WP_000976514.1;GO:0030288: C:outer membrane-bounded periplasmic space;WP_000497723.1,member_of_go_term;member_of_go_term,annotation_mediated,bounded_BFS (<= 4 hops),annotation_mediated
MS_14384,blaCMY-2,beta_lactam,EW037_RS20170,genome,WP_000535015.1,proteome,graph_context,2,EW037_RS20170;COG_V: Defense mechanisms;WP_000535015.1,member_of_cog_category;member_of_cog_category,annotation_mediated,bounded_BFS (<= 4 hops),annotation_mediated
MS_14384,blaCMY-2,beta_lactam,EW037_RS20170,genome,WP_000548675.1,proteome,graph_context,2,WP_000976514.1;GO:0030288: C:outer membrane-bounded periplasmic space;WP_000548675.1,member_of_go_term;member_of_go_term,annotation_mediated,bounded_BFS (<= 4 hops),annotation_mediated
MS_14384,blaCMY-2,beta_lactam,EW037_RS20170,genome,WP_000551270.1,proteome,graph_context,2,EW037_RS20170;COG_V: Defense mechanisms;WP_000551270.1,member_of_cog_category;member_of_cog_category,annotation_mediated,bounded_BFS (<= 4 hops),annotation_mediated
MS_14384,blaCMY-2,beta_lactam,EW037_RS20170,genome,WP_000590810.1,proteome,graph_context,2,EW037_RS20170;COG_V: Defense mechanisms;WP_000590810.1,member_of_cog_category;member_of_cog_category,annotation_mediated,bounded_BFS (<= 4 hops),annotation_mediated
MS_14384,blaCMY-2,beta_lactam,EW037_RS20170,genome,WP_000617723.1,proteome,graph_context,2,WP_000976514.1;GO:0046677: P:response to antibiotic;WP_000617723.1,member_of_go_term;member_of_go_term,annotation_mediated,bounded_BFS (<= 4 hops),annotation_mediated
MS_14384,blaCMY-2,beta_lactam,EW037_RS20170,genome,WP_000624375.1,proteome,graph_context,2,WP_000976514.1;GO:0046677: P:response to antibiotic;WP_000624375.1,member_of_go_term;member_of_go_term,annotation_mediated,bounded_BFS (<= 4 hops),annotation_mediated
MS_14384,blaCMY-2,beta_lactam,EW037_RS20170,genome,WP_000648420.1,proteome,graph_context,2,WP_000976514.1;GO:0030288: C:outer membrane-bounded periplasmic space;WP_000648420.1,member_of_go_term;member_of_go_term,annotation_mediated,bounded_BFS (<= 4 hops),annotation_mediated
MS_14384,blaCMY-2,beta_lactam,EW037_RS20170,genome,WP_000653944.1,proteome,graph_context,2,WP_000976514.1;GO:0046677: P:response to antibiotic;WP_000653944.1,member_of_go_term;member_of_go_term,annotation_mediated,bounded_BFS (<= 4 hops),annotation_mediated
MS_14384,blaCMY-2,beta_lactam,EW037_RS20170,genome,WP_000669785.1,proteome,graph_context,2,WP_000976514.1;GO:0030288: C:outer membrane-bounded periplasmic space;WP_000669785.1,member_of_go_term;member_of_go_term,annotation_mediated,bounded_BFS (<= 4 hops),annotation_mediated
MS_14384,blaCMY-2,beta_lactam,EW037_RS20170,genome,WP_000678646.1,proteome,graph_context,2,WP_000976514.1;GO:0030288: C:outer membrane-bounded periplasmic space;WP_000678646.1,member_of_go_term;member_of_go_term,annotation_mediated,bounded_BFS (<= 4 hops),annotation_mediated
MS_14384,blaCMY-2,beta_lactam,EW037_RS20170,genome,WP_000712658.1,proteome,graph_context,2,WP_000976514.1;GO:0030288: C:outer membrane-bounded periplasmic space;WP_000712658.1,member_of_go_term;member_of_go_term,annotation_mediated,bounded_BFS (<= 4 hops),annotation_mediated
MS_14384,blaCMY-2,beta_lactam,EW037_RS20170,genome,WP_000725337.1,proteome,graph_context,2,WP_000976514.1;GO:0030288: C:outer membrane-bounded periplasmic space;WP_000725337.1,member_of_go_term;member_of_go_term,annotation_mediated,bounded_BFS (<= 4 hops),annotation_mediated
MS_14384,blaCMY-2,beta_lactam,EW037_RS20170,genome,WP_000729218.1,proteome,graph_context,2,EW037_RS20170;COG_V: Defense mechanisms;WP_000729218.1,member_of_cog_category;member_of_cog_category,annotation_mediated,bounded_BFS (<= 4 hops),annotation_mediated
MS_14384,blaCMY-2,beta_lactam,EW037_RS20170,genome,WP_000735278.1,proteome,graph_context,2,WP_000976514.1;GO:0046677: P:response to antibiotic;WP_000735278.1,member_of_go_term;member_of_go_term,annotation_mediated,bounded_BFS (<= 4 hops),annotation_mediated
MS_14384,blaCMY-2,beta_lactam,EW037_RS20170,genome,WP_000748261.1,proteome,graph_context,2,WP_000976514.1;GO:0030288: C:outer membrane-bounded periplasmic space;WP_000748261.1,member_of_go_term;member_of_go_term,annotation_mediated,bounded_BFS (<= 4 hops),annotation_mediated
MS_14384,blaCMY-2,beta_lactam,EW037_RS20170,genome,WP_000753946.1,proteome,graph_context,2,WP_000976514.1;GO:0030288: C:outer membrane-bounded periplasmic space;WP_000753946.1,member_of_go_term;member_of_go_term,annotation_mediated,bounded_BFS (<= 4 hops),annotation_mediated
MS_14384,blaCMY-2,beta_lactam,EW037_RS20170,genome,WP_000756550.1,proteome,graph_context,2,WP_000976514.1;GO:0030288: C:outer membrane-bounded periplasmic space;WP_000756550.1,member_of_go_term;member_of_go_term,annotation_mediated,bounded_BFS (<= 4 hops),annotation_mediated
MS_14384,blaCMY-2,beta_lactam,EW037_RS20170,genome,WP_000756575.1,proteome,graph_context,2,WP_000976514.1;GO:0030288: C:outer membrane-bounded periplasmic space;WP_000756575.1,member_of_go_term;member_of_go_term,annotation_mediated,bounded_BFS (<= 4 hops),annotation_mediated
MS_14384,blaCMY-2,beta_lactam,EW037_RS20170,genome,WP_000758956.1,proteome,graph_context,2,WP_000976514.1;GO:0030288: C:outer membrane-bounded periplasmic space;WP_000758956.1,member_of_go_term;member_of_go_term,annotation_mediated,bounded_BFS (<= 4 hops),annotation_mediated
MS_14384,blaCMY-2,beta_lactam,EW037_RS20170,genome,WP_000759309.1,proteome,graph_context,2,WP_000976514.1;GO:0030288: C:outer membrane-bounded periplasmic space;WP_000759309.1,member_of_go_term;member_of_go_term,annotation_mediated,bounded_BFS (<= 4 hops),annotation_mediated
MS_14384,blaCMY-2,beta_lactam,EW037_RS20170,genome,WP_000776191.1,proteome,graph_context,2,WP_000976514.1;GO:0046677: P:response to antibiotic;WP_000776191.1,member_of_go_term;member_of_go_term,annotation_mediated,bounded_BFS (<= 4 hops),annotation_mediated
MS_14384,blaCMY-2,beta_lactam,EW037_RS20170,genome,WP_000800457.1,proteome,graph_context,2,WP_000976514.1;GO:0030288: C:outer membrane-bounded periplasmic space;WP_000800457.1,member_of_go_term;member_of_go_term,annotation_mediated,bounded_BFS (<= 4 hops),annotation_mediated
MS_14384,blaCMY-2,beta_lactam,EW037_RS20170,genome,WP_000803191.1,proteome,graph_context,2,WP_000976514.1;GO:0030288: C:outer membrane-bounded periplasmic space;WP_000803191.1,member_of_go_term;member_of_go_term,annotation_mediated,bounded_BFS (<= 4 hops),annotation_mediated
MS_14384,blaCMY-2,beta_lactam,EW037_RS20170,genome,WP_000812053.1,proteome,graph_context,2,WP_000976514.1;GO:0030288: C:outer membrane-bounded periplasmic space;WP_000812053.1,member_of_go_term;member_of_go_term,annotation_mediated,bounded_BFS (<= 4 hops),annotation_mediated
MS_14384,blaCMY-2,beta_lactam,EW037_RS20170,genome,WP_000818618.1,proteome,graph_context,2,WP_000976514.1;GO:0046677: P:response to antibiotic;WP_000818618.1,member_of_go_term;member_of_go_term,annotation_mediated,bounded_BFS (<= 4 hops),annotation_mediated
MS_14384,blaCMY-2,beta_lactam,EW037_RS20170,genome,WP_000824439.1,proteome,graph_context,2,WP_000976514.1;GO:0030288: C:outer membrane-bounded periplasmic space;WP_000824439.1,member_of_go_term;member_of_go_term,annotation_mediated,bounded_BFS (<= 4 hops),annotation_mediated
MS_14384,blaCMY-2,beta_lactam,EW037_RS20170,genome,WP_000828222.1,proteome,graph_context,2,WP_000976514.1;GO:0030288: C:outer membrane-bounded periplasmic space;WP_000828222.1,member_of_go_term;member_of_go_term,annotation_mediated,bounded_BFS (<= 4 hops),annotation_mediated
MS_14384,blaCMY-2,beta_lactam,EW037_RS20170,genome,WP_000843866.1,proteome,graph_context,2,WP_000976514.1;GO:0030288: C:outer membrane-bounded periplasmic space;WP_000843866.1,member_of_go_term;member_of_go_term,annotation_mediated,bounded_BFS (<= 4 hops),annotation_mediated
MS_14384,blaCMY-2,beta_lactam,EW037_RS20170,genome,WP_000918166.1,proteome,graph_context,2,WP_000976514.1;GO:0046677: P:response to antibiotic;WP_000918166.1,member_of_go_term;member_of_go_term,annotation_mediated,bounded_BFS (<= 4 hops),annotation_mediated
MS_14384,blaCMY-2,beta_lactam,EW037_RS20170,genome,WP_000940121.1,proteome,graph_context,2,WP_000976514.1;GO:0046677: P:response to antibiotic;WP_000940121.1,member_of_go_term;member_of_go_term,annotation_mediated,bounded_BFS (<= 4 hops),annotation_mediated
MS_14384,blaCMY-2,beta_lactam,EW037_RS20170,genome,WP_000964653.1,proteome,graph_context,2,EW037_RS20170;COG_V: Defense mechanisms;WP_000964653.1,member_of_cog_category;member_of_cog_category,annotation_mediated,bounded_BFS (<= 4 hops),annotation_mediated
MS_14384,blaCMY-2,beta_lactam,EW037_RS20170,genome,WP_000974813.1,proteome,graph_context,2,EW037_RS20170;COG_V: Defense mechanisms;WP_000974813.1,member_of_cog_category;member_of_cog_category,annotation_mediated,bounded_BFS (<= 4 hops),annotation_mediated
MS_14384,blaCMY-2,beta_lactam,EW037_RS20170,genome,WP_001029743.1,proteome,graph_context,2,EW037_RS20170;COG_V: Defense mechanisms;WP_001029743.1,member_of_cog_category;member_of_cog_category,annotation_mediated,bounded_BFS (<= 4 hops),annotation_mediated
MS_14384,blaCMY-2,beta_lactam,EW037_RS20170,genome,WP_001033695.1,proteome,graph_context,2,EW037_RS20170;COG_V: Defense mechanisms;WP_001033695.1,member_of_cog_category;member_of_cog_category,annotation_mediated,bounded_BFS (<= 4 hops),annotation_mediated
MS_14384,blaCMY-2,beta_lactam,EW037_RS20170,genome,WP_001036964.1,proteome,graph_context,2,WP_000976514.1;GO:0030288: C:outer membrane-bounded periplasmic space;WP_001036964.1,member_of_go_term;member_of_go_term,annotation_mediated,bounded_BFS (<= 4 hops),annotation_mediated
MS_14384,blaCMY-2,beta_lactam,EW037_RS20170,genome,WP_001044307.1,proteome,graph_context,2,WP_000976514.1;GO:0030288: C:outer membrane-bounded periplasmic space;WP_001044307.1,member_of_go_term;member_of_go_term,annotation_mediated,bounded_BFS (<= 4 hops),annotation_mediated
MS_14384,blaCMY-2,beta_lactam,EW037_RS20170,genome,WP_001051798.1,proteome,graph_context,2,WP_000976514.1;GO:0046677: P:response to antibiotic;WP_001051798.1,member_of_go_term;member_of_go_term,annotation_mediated,bounded_BFS (<= 4 hops),annotation_mediated
MS_14384,blaCMY-2,beta_lactam,EW037_RS20170,genome,WP_001056384.1,proteome,graph_context,2,WP_000976514.1;GO:0030288: C:outer membrane-bounded periplasmic space;WP_001056384.1,member_of_go_term;member_of_go_term,annotation_mediated,bounded_BFS (<= 4 hops),annotation_mediated
MS_14384,blaCMY-2,beta_lactam,EW037_RS20170,genome,WP_001061917.1,proteome,graph_context,2,WP_000976514.1;GO:0046677: P:response to antibiotic;WP_001061917.1,member_of_go_term;member_of_go_term,annotation_mediated,bounded_BFS (<= 4 hops),annotation_mediated
MS_14384,blaCMY-2,beta_lactam,EW037_RS20170,genome,WP_001092082.1,proteome,graph_context,2,WP_000976514.1;GO:0030288: C:outer membrane-bounded periplasmic space;WP_001092082.1,member_of_go_term;member_of_go_term,annotation_mediated,bounded_BFS (<= 4 hops),annotation_mediated
MS_14384,blaCMY-2,beta_lactam,EW037_RS20170,genome,WP_001130692.1,proteome,graph_context,2,WP_000976514.1;GO:0030288: C:outer membrane-bounded periplasmic space;WP_001130692.1,member_of_go_term;member_of_go_term,annotation_mediated,bounded_BFS (<= 4 hops),annotation_mediated
MS_14384,blaCMY-2,beta_lactam,EW037_RS20170,genome,WP_001132480.1,proteome,graph_context,2,EW037_RS20170;COG_V: Defense mechanisms;WP_001132480.1,member_of_cog_category;member_of_cog_category,annotation_mediated,bounded_BFS (<= 4 hops),annotation_mediated
MS_14384,blaCMY-2,beta_lactam,EW037_RS20170,genome,WP_001144202.1,proteome,graph_context,2,WP_000976514.1;GO:0046677: P:response to antibiotic;WP_001144202.1,member_of_go_term;member_of_go_term,annotation_mediated,bounded_BFS (<= 4 hops),annotation_mediated
MS_14384,blaCMY-2,beta_lactam,EW037_RS20170,genome,WP_001202329.1,proteome,graph_context,2,WP_000976514.1;GO:0030288: C:outer membrane-bounded periplasmic space;WP_001202329.1,member_of_go_term;member_of_go_term,annotation_mediated,bounded_BFS (<= 4 hops),annotation_mediated
MS_14384,blaCMY-2,beta_lactam,EW037_RS20170,genome,WP_001203437.1,proteome,graph_context,2,WP_000976514.1;GO:0046677: P:response to antibiotic;WP_001203437.1,member_of_go_term;member_of_go_term,annotation_mediated,bounded_BFS (<= 4 hops),annotation_mediated
MS_14384,blaCMY-2,beta_lactam,EW037_RS20170,genome,WP_001221666.1,proteome,graph_context,2,EW037_RS20170;EW037_RS20175;WP_001221666.1,genomic_proximity;encodes,graph_derived,bounded_BFS (<= 4 hops),graph_derived
MS_14384,blaCMY-2,beta_lactam,EW037_RS20170,genome,WP_001222876.1,proteome,graph_context,2,WP_000976514.1;GO:0030288: C:outer membrane-bounded periplasmic space;WP_001222876.1,member_of_go_term;member_of_go_term,annotation_mediated,bounded_BFS (<= 4 hops),annotation_mediated
MS_14384,blaCMY-2,beta_lactam,EW037_RS20170,genome,WP_001223800.1,proteome,graph_context,2,WP_000976514.1;GO:0030288: C:outer membrane-bounded periplasmic space;WP_001223800.1,member_of_go_term;member_of_go_term,annotation_mediated,bounded_BFS (<= 4 hops),annotation_mediated
MS_14384,blaCMY-2,beta_lactam,EW037_RS20170,genome,WP_001226928.1,proteome,graph_context,2,WP_000976514.1;GO:0030288: C:outer membrane-bounded periplasmic space;WP_001226928.1,member_of_go_term;member_of_go_term,annotation_mediated,bounded_BFS (<= 4 hops),annotation_mediated
MS_14384,blaCMY-2,beta_lactam,EW037_RS20170,genome,WP_001228981.1,proteome,graph_context,2,WP_000976514.1;GO:0030288: C:outer membrane-bounded periplasmic space;WP_001228981.1,member_of_go_term;member_of_go_term,annotation_mediated,bounded_BFS (<= 4 hops),annotation_mediated
MS_14384,blaCMY-2,beta_lactam,EW037_RS20170,genome,WP_001230242.1,proteome,graph_context,2,WP_000976514.1;GO:0030288: C:outer membrane-bounded periplasmic space;WP_001230242.1,member_of_go_term;member_of_go_term,annotation_mediated,bounded_BFS (<= 4 hops),annotation_mediated
MS_14384,blaCMY-2,beta_lactam,EW037_RS20170,genome,WP_001295175.1,proteome,graph_context,2,EW037_RS20170;COG_V: Defense mechanisms;WP_001295175.1,member_of_cog_category;member_of_cog_category,annotation_mediated,bounded_BFS (<= 4 hops),annotation_mediated
MS_14384,blaCMY-2,beta_lactam,EW037_RS20170,genome,WP_001295307.1,proteome,graph_context,2,WP_000976514.1;GO:0030288: C:outer membrane-bounded periplasmic space;WP_001295307.1,member_of_go_term;member_of_go_term,annotation_mediated,bounded_BFS (<= 4 hops),annotation_mediated
MS_14384,blaCMY-2,beta_lactam,EW037_RS20170,genome,WP_001295343.1,proteome,graph_context,2,WP_000976514.1;GO:0030288: C:outer membrane-bounded periplasmic space;WP_001295343.1,member_of_go_term;member_of_go_term,annotation_mediated,bounded_BFS (<= 4 hops),annotation_mediated
MS_14384,blaCMY-2,beta_lactam,EW037_RS20170,genome,WP_001295643.1,proteome,graph_context,2,WP_000976514.1;GO:0030288: C:outer membrane-bounded periplasmic space;WP_001295643.1,member_of_go_term;member_of_go_term,annotation_mediated,bounded_BFS (<= 4 hops),annotation_mediated
MS_14384,blaCMY-2,beta_lactam,EW037_RS20170,genome,WP_001295833.1,proteome,graph_context,2,WP_000976514.1;GO:0046677: P:response to antibiotic;WP_001295833.1,member_of_go_term;member_of_go_term,annotation_mediated,bounded_BFS (<= 4 hops),annotation_mediated
MS_14384,blaCMY-2,beta_lactam,EW037_RS20170,genome,WP_001298717.1,proteome,graph_context,2,WP_000976514.1;GO:0030288: C:outer membrane-bounded periplasmic space;WP_001298717.1,member_of_go_term;member_of_go_term,annotation_mediated,bounded_BFS (<= 4 hops),annotation_mediated
MS_14384,blaCMY-2,beta_lactam,EW037_RS20170,genome,WP_001301905.1,proteome,graph_context,2,WP_000976514.1;GO:0046677: P:response to antibiotic;WP_001301905.1,member_of_go_term;member_of_go_term,annotation_mediated,bounded_BFS (<= 4 hops),annotation_mediated
MS_14384,blaCMY-2,beta_lactam,EW037_RS20170,genome,WP_001306211.1,proteome,graph_context,2,WP_000976514.1;GO:0030288: C:outer membrane-bounded periplasmic space;WP_001306211.1,member_of_go_term;member_of_go_term,annotation_mediated,bounded_BFS (<= 4 hops),annotation_mediated
MS_14384,blaCMY-2,beta_lactam,EW037_RS20170,genome,WP_001520983.1,proteome,graph_context,2,EW037_RS20170;COG_V: Defense mechanisms;WP_001520983.1,member_of_cog_category;member_of_cog_category,annotation_mediated,bounded_BFS (<= 4 hops),annotation_mediated
MS_14384,blaCMY-2,beta_lactam,EW037_RS20170,genome,WP_001550478.1,proteome,graph_context,2,EW037_RS20170;COG_V: Defense mechanisms;WP_001550478.1,member_of_cog_category;member_of_cog_category,annotation_mediated,bounded_BFS (<= 4 hops),annotation_mediated
MS_14384,blaCMY-2,beta_lactam,EW037_RS20170,genome,WP_001550610.1,proteome,graph_context,2,EW037_RS20170;COG_V: Defense mechanisms;WP_001550610.1,member_of_cog_category;member_of_cog_category,annotation_mediated,bounded_BFS (<= 4 hops),annotation_mediated
MS_14384,blaCMY-2,beta_lactam,EW037_RS20170,genome,WP_001550611.1,proteome,graph_context,2,EW037_RS20170;COG_V: Defense mechanisms;WP_001550611.1,member_of_cog_category;member_of_cog_category,annotation_mediated,bounded_BFS (<= 4 hops),annotation_mediated
MS_14384,blaCMY-2,beta_lactam,EW037_RS20170,genome,WP_001550869.1,proteome,graph_context,2,EW037_RS20170;COG_V: Defense mechanisms;WP_001550869.1,member_of_cog_category;member_of_cog_category,annotation_mediated,bounded_BFS (<= 4 hops),annotation_mediated
MS_14384,blaCMY-2,beta_lactam,EW037_RS20170,genome,WP_001550894.1,proteome,graph_context,2,EW037_RS20170;COG_V: Defense mechanisms;WP_001550894.1,member_of_cog_category;member_of_cog_category,annotation_mediated,bounded_BFS (<= 4 hops),annotation_mediated
MS_14384,blaCMY-2,beta_lactam,EW037_RS20170,genome,WP_001551789.1,proteome,graph_context,2,EW037_RS20170;COG_V: Defense mechanisms;WP_001551789.1,member_of_cog_category;member_of_cog_category,annotation_mediated,bounded_BFS (<= 4 hops),annotation_mediated
MS_14384,blaCMY-2,beta_lactam,EW037_RS20170,genome,WP_022645850.1,proteome,graph_context,2,EW037_RS20170;COG_V: Defense mechanisms;WP_022645850.1,member_of_cog_category;member_of_cog_category,annotation_mediated,bounded_BFS (<= 4 hops),annotation_mediated
MS_14384,blaCMY-2,beta_lactam,EW037_RS20170,genome,WP_053273171.1,proteome,graph_context,2,EW037_RS20170;COG_V: Defense mechanisms;WP_053273171.1,member_of_cog_category;member_of_cog_category,annotation_mediated,bounded_BFS (<= 4 hops),annotation_mediated
MS_14384,blaCMY-2,beta_lactam,EW037_RS20170,genome,CHEBI:15422,metabolome,graph_context,3,WP_000976514.1;GO:0046677: P:response to antibiotic;WP_000263098.1;CHEBI:15422,member_of_go_term;member_of_go_term;metabolised_by,inferred,bounded_BFS (<= 4 hops),inferred
MS_14384,blaCMY-2,beta_lactam,EW037_RS20170,genome,CHEBI:16016,metabolome,graph_context,3,WP_000976514.1;GO:0030288: C:outer membrane-bounded periplasmic space;WP_001226928.1;CHEBI:16016,member_of_go_term;member_of_go_term;metabolised_by,inferred,bounded_BFS (<= 4 hops),inferred
MS_14384,blaCMY-2,beta_lactam,EW037_RS20170,genome,CHEBI:16027,metabolome,graph_context,3,WP_000976514.1;GO:0046677: P:response to antibiotic;WP_001144202.1;CHEBI:16027,member_of_go_term;member_of_go_term;metabolised_by,inferred,bounded_BFS (<= 4 hops),inferred
MS_14384,blaCMY-2,beta_lactam,EW037_RS20170,genome,CHEBI:16108,metabolome,graph_context,3,WP_000976514.1;GO:0030288: C:outer membrane-bounded periplasmic space;WP_001226928.1;CHEBI:16108,member_of_go_term;member_of_go_term;metabolised_by,inferred,bounded_BFS (<= 4 hops),inferred
MS_14384,blaCMY-2,beta_lactam,EW037_RS20170,genome,CHEBI:16474,metabolome,graph_context,3,WP_000976514.1;GO:0046677: P:response to antibiotic;WP_000624375.1;CHEBI:16474,member_of_go_term;member_of_go_term;metabolised_by,inferred,bounded_BFS (<= 4 hops),inferred
MS_14384,blaCMY-2,beta_lactam,EW037_RS20170,genome,CHEBI:16761,metabolome,graph_context,3,WP_000976514.1;GO:0046677: P:response to antibiotic;WP_000818618.1;CHEBI:16761,member_of_go_term;member_of_go_term;metabolised_by,inferred,bounded_BFS (<= 4 hops),inferred
MS_14384,blaCMY-2,beta_lactam,EW037_RS20170,genome,CHEBI:16857,metabolome,graph_context,3,WP_000976514.1;GO:0046677: P:response to antibiotic;WP_001144202.1;CHEBI:16857,member_of_go_term;member_of_go_term;metabolised_by,inferred,bounded_BFS (<= 4 hops),inferred
MS_14384,blaCMY-2,beta_lactam,EW037_RS20170,genome,CHEBI:16908,metabolome,graph_context,3,WP_000976514.1;GO:0046677: P:response to antibiotic;WP_000624375.1;CHEBI:16908,member_of_go_term;member_of_go_term;metabolised_by,inferred,bounded_BFS (<= 4 hops),inferred
MS_14384,blaCMY-2,beta_lactam,EW037_RS20170,genome,CHEBI:16977,metabolome,graph_context,3,WP_000976514.1;GO:0046677: P:response to antibiotic;WP_000074527.1;CHEBI:16977,member_of_go_term;member_of_go_term;metabolised_by,inferred,bounded_BFS (<= 4 hops),inferred
MS_14384,blaCMY-2,beta_lactam,EW037_RS20170,genome,CHEBI:17659,metabolome,graph_context,3,WP_000976514.1;GO:0046677: P:response to antibiotic;WP_000461642.1;CHEBI:17659,member_of_go_term;member_of_go_term;metabolised_by,inferred,bounded_BFS (<= 4 hops),inferred
MS_14384,blaCMY-2,beta_lactam,EW037_RS20170,genome,CHEBI:30915,metabolome,graph_context,3,WP_000976514.1;GO:0046677: P:response to antibiotic;WP_000074527.1;CHEBI:30915,member_of_go_term;member_of_go_term;metabolised_by,inferred,bounded_BFS (<= 4 hops),inferred
MS_14384,blaCMY-2,beta_lactam,EW037_RS20170,genome,EW037_RS00175,genome,graph_context,3,EW037_RS20170;map02020;EW037_RS00180;EW037_RS00175,in_pathway;in_pathway;genomic_proximity,annotation_mediated,bounded_BFS (<= 4 hops),annotation_mediated
MS_14384,blaCMY-2,beta_lactam,EW037_RS20170,genome,EW037_RS00285,genome,graph_context,3,EW037_RS20170;EW037_RS20175;COG_M: Cell wall/membrane/envelope biogenesis;EW037_RS00285,genomic_proximity;member_of_cog_category;member_of_cog_category,annotation_mediated,bounded_BFS (<= 4 hops),annotation_mediated
MS_14384,blaCMY-2,beta_lactam,EW037_RS20170,genome,EW037_RS00365,genome,graph_context,3,EW037_RS20170;EW037_RS20175;COG_M: Cell wall/membrane/envelope biogenesis;EW037_RS00365,genomic_proximity;member_of_cog_category;member_of_cog_category,annotation_mediated,bounded_BFS (<= 4 hops),annotation_mediated
MS_14384,blaCMY-2,beta_lactam,EW037_RS20170,genome,EW037_RS00460,genome,graph_context,3,WP_000976514.1;GO:0046677: P:response to antibiotic;WP_001051798.1;EW037_RS00460,member_of_go_term;member_of_go_term;encodes,annotation_mediated,bounded_BFS (<= 4 hops),annotation_mediated
MS_14384,blaCMY-2,beta_lactam,EW037_RS20170,genome,EW037_RS00475,genome,graph_context,3,EW037_RS20170;EW037_RS20175;COG_M: Cell wall/membrane/envelope biogenesis;EW037_RS00475,genomic_proximity;member_of_cog_category;member_of_cog_category,annotation_mediated,bounded_BFS (<= 4 hops),annotation_mediated
MS_14384,blaCMY-2,beta_lactam,EW037_RS20170,genome,EW037_RS00480,genome,graph_context,3,EW037_RS20170;EW037_RS20175;COG_M: Cell wall/membrane/envelope biogenesis;EW037_RS00480,genomic_proximity;member_of_cog_category;member_of_cog_category,annotation_mediated,bounded_BFS (<= 4 hops),annotation_mediated
MS_14384,blaCMY-2,beta_lactam,EW037_RS20170,genome,EW037_RS00485,genome,graph_context,3,EW037_RS20170;EW037_RS20175;COG_M: Cell wall/membrane/envelope biogenesis;EW037_RS00485,genomic_proximity;member_of_cog_category;member_of_cog_category,annotation_mediated,bounded_BFS (<= 4 hops),annotation_mediated
MS_14384,blaCMY-2,beta_lactam,EW037_RS20170,genome,EW037_RS00510,genome,graph_context,3,EW037_RS20170;EW037_RS20175;COG_M: Cell wall/membrane/envelope biogenesis;EW037_RS00510,genomic_proximity;member_of_cog_category;member_of_cog_category,annotation_mediated,bounded_BFS (<= 4 hops),annotation_mediated
MS_14384,blaCMY-2,beta_lactam,EW037_RS20170,genome,EW037_RS00515,genome,graph_context,3,EW037_RS20170;EW037_RS20175;COG_M: Cell wall/membrane/envelope biogenesis;EW037_RS00515,genomic_proximity;member_of_cog_category;member_of_cog_category,annotation_mediated,bounded_BFS (<= 4 hops),annotation_mediated
MS_14384,blaCMY-2,beta_lactam,EW037_RS20170,genome,EW037_RS00525,genome,graph_context,3,EW037_RS20170;EW037_RS20175;COG_M: Cell wall/membrane/envelope biogenesis;EW037_RS00525,genomic_proximity;member_of_cog_category;member_of_cog_category,annotation_mediated,bounded_BFS (<= 4 hops),annotation_mediated
MS_14384,blaCMY-2,beta_lactam,EW037_RS20170,genome,EW037_RS00530,genome,graph_context,3,EW037_RS20170;EW037_RS20175;COG_M: Cell wall/membrane/envelope biogenesis;EW037_RS00530,genomic_proximity;member_of_cog_category;member_of_cog_category,annotation_mediated,bounded_BFS (<= 4 hops),annotation_mediated
MS_14384,blaCMY-2,beta_lactam,EW037_RS20170,genome,EW037_RS00535,genome,graph_context,3,EW037_RS20170;EW037_RS20175;COG_M: Cell wall/membrane/envelope biogenesis;EW037_RS00535,genomic_proximity;member_of_cog_category;member_of_cog_category,annotation_mediated,bounded_BFS (<= 4 hops),annotation_mediated
MS_14384,blaCMY-2,beta_lactam,EW037_RS20170,genome,EW037_RS00915,genome,graph_context,3,EW037_RS20170;EW037_RS20175;COG_M: Cell wall/membrane/envelope biogenesis;EW037_RS00915,genomic_proximity;member_of_cog_category;member_of_cog_category,annotation_mediated,bounded_BFS (<= 4 hops),annotation_mediated
MS_14384,blaCMY-2,beta_lactam,EW037_RS20170,genome,EW037_RS00965,genome,graph_context,3,WP_000976514.1;GO:0030288: C:outer membrane-bounded periplasmic space;WP_001222876.1;EW037_RS00965,member_of_go_term;member_of_go_term;encodes,annotation_mediated,bounded_BFS (<= 4 hops),annotation_mediated
MS_14384,blaCMY-2,beta_lactam,EW037_RS20170,genome,EW037_RS00980,genome,graph_context,3,EW037_RS20170;map01501;EW037_RS00985;EW037_RS00980,in_pathway;in_pathway;genomic_proximity,annotation_mediated,bounded_BFS (<= 4 hops),annotation_mediated
MS_14384,blaCMY-2,beta_lactam,EW037_RS20170,genome,EW037_RS00995,genome,graph_context,3,EW037_RS20170;map01501;EW037_RS00990;EW037_RS00995,in_pathway;in_pathway;genomic_proximity,annotation_mediated,bounded_BFS (<= 4 hops),annotation_mediated
MS_14384,blaCMY-2,beta_lactam,EW037_RS20170,genome,EW037_RS01055,genome,graph_context,3,EW037_RS20170;EW037_RS20175;COG_M: Cell wall/membrane/envelope biogenesis;EW037_RS01055,genomic_proximity;member_of_cog_category;member_of_cog_category,annotation_mediated,bounded_BFS (<= 4 hops),annotation_mediated
MS_14384,blaCMY-2,beta_lactam,EW037_RS20170,genome,EW037_RS01070,genome,graph_context,3,EW037_RS20170;map02020;EW037_RS01075;EW037_RS01070,in_pathway;in_pathway;genomic_proximity,annotation_mediated,bounded_BFS (<= 4 hops),annotation_mediated
MS_14384,blaCMY-2,beta_lactam,EW037_RS20170,genome,EW037_RS01080,genome,graph_context,3,EW037_RS20170;map02020;EW037_RS01075;EW037_RS01080,in_pathway;in_pathway;genomic_proximity,annotation_mediated,bounded_BFS (<= 4 hops),annotation_mediated
MS_14384,blaCMY-2,beta_lactam,EW037_RS20170,genome,EW037_RS01095,genome,graph_context,3,EW037_RS20170;EW037_RS20175;COG_M: Cell wall/membrane/envelope biogenesis;EW037_RS01095,genomic_proximity;member_of_cog_category;member_of_cog_category,annotation_mediated,bounded_BFS (<= 4 hops),annotation_mediated
MS_14384,blaCMY-2,beta_lactam,EW037_RS20170,genome,EW037_RS01140,genome,graph_context,3,EW037_RS20170;COG_V: Defense mechanisms;EW037_RS01145;EW037_RS01140,member_of_cog_category;member_of_cog_category;genomic_proximity,annotation_mediated,bounded_BFS (<= 4 hops),annotation_mediated
MS_14384,blaCMY-2,beta_lactam,EW037_RS20170,genome,EW037_RS01150,genome,graph_context,3,EW037_RS20170;COG_V: Defense mechanisms;EW037_RS01145;EW037_RS01150,member_of_cog_category;member_of_cog_category;genomic_proximity,annotation_mediated,bounded_BFS (<= 4 hops),annotation_mediated
MS_14384,blaCMY-2,beta_lactam,EW037_RS20170,genome,EW037_RS01170,genome,graph_context,3,EW037_RS20170;EW037_RS20175;COG_M: Cell wall/membrane/envelope biogenesis;EW037_RS01170,genomic_proximity;member_of_cog_category;member_of_cog_category,annotation_mediated,bounded_BFS (<= 4 hops),annotation_mediated
MS_14384,blaCMY-2,beta_lactam,EW037_RS20170,genome,EW037_RS01175,genome,graph_context,3,EW037_RS20170;EW037_RS20175;COG_M: Cell wall/membrane/envelope biogenesis;EW037_RS01175,genomic_proximity;member_of_cog_category;member_of_cog_category,annotation_mediated,bounded_BFS (<= 4 hops),annotation_mediated
MS_14384,blaCMY-2,beta_lactam,EW037_RS20170,genome,EW037_RS01195,genome,graph_context,3,EW037_RS20170;EW037_RS20175;COG_M: Cell wall/membrane/envelope biogenesis;EW037_RS01195,genomic_proximity;member_of_cog_category;member_of_cog_category,annotation_mediated,bounded_BFS (<= 4 hops),annotation_mediated
MS_14384,blaCMY-2,beta_lactam,EW037_RS20170,genome,EW037_RS01220,genome,graph_context,3,EW037_RS20170;EW037_RS20175;COG_M: Cell wall/membrane/envelope biogenesis;EW037_RS01220,genomic_proximity;member_of_cog_category;member_of_cog_category,annotation_mediated,bounded_BFS (<= 4 hops),annotation_mediated
MS_14384,blaCMY-2,beta_lactam,EW037_RS20170,genome,EW037_RS01235,genome,graph_context,3,EW037_RS20170;EW037_RS20175;COG_M: Cell wall/membrane/envelope biogenesis;EW037_RS01235,genomic_proximity;member_of_cog_category;member_of_cog_category,annotation_mediated,bounded_BFS (<= 4 hops),annotation_mediated
MS_14384,blaCMY-2,beta_lactam,EW037_RS20170,genome,EW037_RS01335,genome,graph_context,3,EW037_RS20170;EW037_RS20175;COG_M: Cell wall/membrane/envelope biogenesis;EW037_RS01335,genomic_proximity;member_of_cog_category;member_of_cog_category,annotation_mediated,bounded_BFS (<= 4 hops),annotation_mediated
MS_14384,blaCMY-2,beta_lactam,EW037_RS20170,genome,EW037_RS01500,genome,graph_context,3,WP_000976514.1;GO:0046677: P:response to antibiotic;WP_000617723.1;EW037_RS01500,member_of_go_term;member_of_go_term;encodes,annotation_mediated,bounded_BFS (<= 4 hops),annotation_mediated
MS_14384,blaCMY-2,beta_lactam,EW037_RS20170,genome,EW037_RS01555,genome,graph_context,3,WP_000976514.1;GO:0030288: C:outer membrane-bounded periplasmic space;WP_000803191.1;EW037_RS01555,member_of_go_term;member_of_go_term;encodes,annotation_mediated,bounded_BFS (<= 4 hops),annotation_mediated
MS_14384,blaCMY-2,beta_lactam,EW037_RS20170,genome,EW037_RS01585,genome,graph_context,3,EW037_RS20170;EW037_RS20175;COG_M: Cell wall/membrane/envelope biogenesis;EW037_RS01585,genomic_proximity;member_of_cog_category;member_of_cog_category,annotation_mediated,bounded_BFS (<= 4 hops),annotation_mediated
MS_14384,blaCMY-2,beta_lactam,EW037_RS20170,genome,EW037_RS01610,genome,graph_context,3,EW037_RS20170;EW037_RS20175;COG_M: Cell wall/membrane/envelope biogenesis;EW037_RS01610,genomic_proximity;member_of_cog_category;member_of_cog_category,annotation_mediated,bounded_BFS (<= 4 hops),annotation_mediated
MS_14384,blaCMY-2,beta_lactam,EW037_RS20170,genome,EW037_RS01800,genome,graph_context,3,EW037_RS20170;map02020;EW037_RS01805;EW037_RS01800,in_pathway;in_pathway;genomic_proximity,annotation_mediated,bounded_BFS (<= 4 hops),annotation_mediated
MS_14384,blaCMY-2,beta_lactam,EW037_RS20170,genome,EW037_RS01815,genome,graph_context,3,EW037_RS20170;map02020;EW037_RS01810;EW037_RS01815,in_pathway;in_pathway;genomic_proximity,annotation_mediated,bounded_BFS (<= 4 hops),annotation_mediated
MS_14384,blaCMY-2,beta_lactam,EW037_RS20170,genome,EW037_RS01855,genome,graph_context,3,EW037_RS20170;map01501;EW037_RS01860;EW037_RS01855,in_pathway;in_pathway;genomic_proximity,annotation_mediated,bounded_BFS (<= 4 hops),annotation_mediated
MS_14384,blaCMY-2,beta_lactam,EW037_RS20170,genome,EW037_RS01865,genome,graph_context,3,EW037_RS20170;map01501;EW037_RS01860;EW037_RS01865,in_pathway;in_pathway;genomic_proximity,annotation_mediated,bounded_BFS (<= 4 hops),annotation_mediated
MS_14384,blaCMY-2,beta_lactam,EW037_RS20170,genome,EW037_RS01890,genome,graph_context,3,WP_000976514.1;GO:0046677: P:response to antibiotic;WP_000818618.1;EW037_RS01890,member_of_go_term;member_of_go_term;encodes,annotation_mediated,bounded_BFS (<= 4 hops),annotation_mediated
MS_14384,blaCMY-2,beta_lactam,EW037_RS20170,genome,EW037_RS02000,genome,graph_context,3,WP_000976514.1;GO:0030288: C:outer membrane-bounded periplasmic space;WP_000477225.1;EW037_RS02000,member_of_go_term;member_of_go_term;encodes,annotation_mediated,bounded_BFS (<= 4 hops),annotation_mediated
MS_14384,blaCMY-2,beta_lactam,EW037_RS20170,genome,EW037_RS02025,genome,graph_context,3,EW037_RS20170;map02020;EW037_RS02030;EW037_RS02025,in_pathway;in_pathway;genomic_proximity,annotation_mediated,bounded_BFS (<= 4 hops),annotation_mediated
MS_14384,blaCMY-2,beta_lactam,EW037_RS20170,genome,EW037_RS02035,genome,graph_context,3,EW037_RS20170;map02020;EW037_RS02030;EW037_RS02035,in_pathway;in_pathway;genomic_proximity,annotation_mediated,bounded_BFS (<= 4 hops),annotation_mediated
MS_14384,blaCMY-2,beta_lactam,EW037_RS20170,genome,EW037_RS02085,genome,graph_context,3,EW037_RS20170;EW037_RS20175;COG_M: Cell wall/membrane/envelope biogenesis;EW037_RS02085,genomic_proximity;member_of_cog_category;member_of_cog_category,annotation_mediated,bounded_BFS (<= 4 hops),annotation_mediated
MS_14384,blaCMY-2,beta_lactam,EW037_RS20170,genome,EW037_RS02110,genome,graph_context,3,WP_000976514.1;GO:0046677: P:response to antibiotic;WP_000246815.1;EW037_RS02110,member_of_go_term;member_of_go_term;encodes,annotation_mediated,bounded_BFS (<= 4 hops),annotation_mediated
MS_14384,blaCMY-2,beta_lactam,EW037_RS20170,genome,EW037_RS02125,genome,graph_context,3,WP_000976514.1;GO:0046677: P:response to antibiotic;WP_000031783.1;EW037_RS02125,member_of_go_term;member_of_go_term;encodes,annotation_mediated,bounded_BFS (<= 4 hops),annotation_mediated
MS_14384,blaCMY-2,beta_lactam,EW037_RS20170,genome,EW037_RS02155,genome,graph_context,3,WP_000976514.1;GO:0046677: P:response to antibiotic;WP_000424395.1;EW037_RS02155,member_of_go_term;member_of_go_term;encodes,annotation_mediated,bounded_BFS (<= 4 hops),annotation_mediated
MS_14384,blaCMY-2,beta_lactam,EW037_RS20170,genome,EW037_RS02175,genome,graph_context,3,WP_000976514.1;GO:0046677: P:response to antibiotic;WP_000447529.1;EW037_RS02175,member_of_go_term;member_of_go_term;encodes,annotation_mediated,bounded_BFS (<= 4 hops),annotation_mediated
MS_14384,blaCMY-2,beta_lactam,EW037_RS20170,genome,EW037_RS02195,genome,graph_context,3,WP_000976514.1;GO:0046677: P:response to antibiotic;WP_000130100.1;EW037_RS02195,member_of_go_term;member_of_go_term;encodes,annotation_mediated,bounded_BFS (<= 4 hops),annotation_mediated
MS_14384,blaCMY-2,beta_lactam,EW037_RS20170,genome,EW037_RS02225,genome,graph_context,3,WP_000976514.1;GO:0046677: P:response to antibiotic;WP_000091945.1;EW037_RS02225,member_of_go_term;member_of_go_term;encodes,annotation_mediated,bounded_BFS (<= 4 hops),annotation_mediated
MS_14384,blaCMY-2,beta_lactam,EW037_RS20170,genome,EW037_RS02235,genome,graph_context,3,WP_000976514.1;GO:0046677: P:response to antibiotic;WP_000940121.1;EW037_RS02235,member_of_go_term;member_of_go_term;encodes,annotation_mediated,bounded_BFS (<= 4 hops),annotation_mediated
MS_14384,blaCMY-2,beta_lactam,EW037_RS20170,genome,EW037_RS02270,genome,graph_context,3,WP_000976514.1;GO:0046677: P:response to antibiotic;WP_000135224.1;EW037_RS02270,member_of_go_term;member_of_go_term;encodes,annotation_mediated,bounded_BFS (<= 4 hops),annotation_mediated
MS_14384,blaCMY-2,beta_lactam,EW037_RS20170,genome,EW037_RS02300,genome,graph_context,3,EW037_RS20170;EW037_RS20175;COG_M: Cell wall/membrane/envelope biogenesis;EW037_RS02300,genomic_proximity;member_of_cog_category;member_of_cog_category,annotation_mediated,bounded_BFS (<= 4 hops),annotation_mediated
MS_14384,blaCMY-2,beta_lactam,EW037_RS20170,genome,EW037_RS02500,genome,graph_context,3,EW037_RS20170;EW037_RS20175;COG_M: Cell wall/membrane/envelope biogenesis;EW037_RS02500,genomic_proximity;member_of_cog_category;member_of_cog_category,annotation_mediated,bounded_BFS (<= 4 hops),annotation_mediated
MS_14384,blaCMY-2,beta_lactam,EW037_RS20170,genome,EW037_RS02570,genome,graph_context,3,EW037_RS20170;map02020;EW037_RS02575;EW037_RS02570,in_pathway;in_pathway;genomic_proximity,annotation_mediated,bounded_BFS (<= 4 hops),annotation_mediated
MS_14384,blaCMY-2,beta_lactam,EW037_RS20170,genome,EW037_RS02580,genome,graph_context,3,EW037_RS20170;map02020;EW037_RS02575;EW037_RS02580,in_pathway;in_pathway;genomic_proximity,annotation_mediated,bounded_BFS (<= 4 hops),annotation_mediated
MS_14384,blaCMY-2,beta_lactam,EW037_RS20170,genome,EW037_RS02665,genome,graph_context,3,EW037_RS20170;map02020;EW037_RS02670;EW037_RS02665,in_pathway;in_pathway;genomic_proximity,annotation_mediated,bounded_BFS (<= 4 hops),annotation_mediated
MS_14384,blaCMY-2,beta_lactam,EW037_RS20170,genome,EW037_RS02675,genome,graph_context,3,EW037_RS20170;map02020;EW037_RS02670;EW037_RS02675,in_pathway;in_pathway;genomic_proximity,annotation_mediated,bounded_BFS (<= 4 hops),annotation_mediated
MS_14384,blaCMY-2,beta_lactam,EW037_RS20170,genome,EW037_RS02680,genome,graph_context,3,EW037_RS20170;EW037_RS20175;COG_M: Cell wall/membrane/envelope biogenesis;EW037_RS02680,genomic_proximity;member_of_cog_category;member_of_cog_category,annotation_mediated,bounded_BFS (<= 4 hops),annotation_mediated
MS_14384,blaCMY-2,beta_lactam,EW037_RS20170,genome,EW037_RS02705,genome,graph_context,3,EW037_RS20170;map02020;EW037_RS02710;EW037_RS02705,in_pathway;in_pathway;genomic_proximity,annotation_mediated,bounded_BFS (<= 4 hops),annotation_mediated
MS_14384,blaCMY-2,beta_lactam,EW037_RS20170,genome,EW037_RS02715,genome,graph_context,3,EW037_RS20170;map02020;EW037_RS02710;EW037_RS02715,in_pathway;in_pathway;genomic_proximity,annotation_mediated,bounded_BFS (<= 4 hops),annotation_mediated
MS_14384,blaCMY-2,beta_lactam,EW037_RS20170,genome,EW037_RS02720,genome,graph_context,3,WP_000976514.1;GO:0030288: C:outer membrane-bounded periplasmic space;WP_000669785.1;EW037_RS02720,member_of_go_term;member_of_go_term;encodes,annotation_mediated,bounded_BFS (<= 4 hops),annotation_mediated
MS_14384,blaCMY-2,beta_lactam,EW037_RS20170,genome,EW037_RS02725,genome,graph_context,3,WP_000976514.1;GO:0030288: C:outer membrane-bounded periplasmic space;WP_000030537.1;EW037_RS02725,member_of_go_term;member_of_go_term;encodes,annotation_mediated,bounded_BFS (<= 4 hops),annotation_mediated
MS_14384,blaCMY-2,beta_lactam,EW037_RS20170,genome,EW037_RS02735,genome,graph_context,3,EW037_RS20170;EW037_RS20175;COG_M: Cell wall/membrane/envelope biogenesis;EW037_RS02735,genomic_proximity;member_of_cog_category;member_of_cog_category,annotation_mediated,bounded_BFS (<= 4 hops),annotation_mediated
MS_14384,blaCMY-2,beta_lactam,EW037_RS20170,genome,EW037_RS02765,genome,graph_context,3,WP_000976514.1;GO:0046677: P:response to antibiotic;WP_000004488.1;EW037_RS02765,member_of_go_term;member_of_go_term;encodes,annotation_mediated,bounded_BFS (<= 4 hops),annotation_mediated
MS_14384,blaCMY-2,beta_lactam,EW037_RS20170,genome,EW037_RS02775,genome,graph_context,3,EW037_RS20170;EW037_RS20175;COG_M: Cell wall/membrane/envelope biogenesis;EW037_RS02775,genomic_proximity;member_of_cog_category;member_of_cog_category,annotation_mediated,bounded_BFS (<= 4 hops),annotation_mediated
MS_14384,blaCMY-2,beta_lactam,EW037_RS20170,genome,EW037_RS02820,genome,graph_context,3,EW037_RS20170;EW037_RS20175;COG_M: Cell wall/membrane/envelope biogenesis;EW037_RS02820,genomic_proximity;member_of_cog_category;member_of_cog_category,annotation_mediated,bounded_BFS (<= 4 hops),annotation_mediated
MS_14384,blaCMY-2,beta_lactam,EW037_RS20170,genome,EW037_RS02975,genome,graph_context,3,EW037_RS20170;EW037_RS20175;COG_M: Cell wall/membrane/envelope biogenesis;EW037_RS02975,genomic_proximity;member_of_cog_category;member_of_cog_category,annotation_mediated,bounded_BFS (<= 4 hops),annotation_mediated
MS_14384,blaCMY-2,beta_lactam,EW037_RS20170,genome,EW037_RS03000,genome,graph_context,3,EW037_RS20170;EW037_RS20175;COG_M: Cell wall/membrane/envelope biogenesis;EW037_RS03000,genomic_proximity;member_of_cog_category;member_of_cog_category,annotation_mediated,bounded_BFS (<= 4 hops),annotation_mediated
MS_14384,blaCMY-2,beta_lactam,EW037_RS20170,genome,EW037_RS03530,genome,graph_context,3,EW037_RS20170;map02020;EW037_RS03535;EW037_RS03530,in_pathway;in_pathway;genomic_proximity,annotation_mediated,bounded_BFS (<= 4 hops),annotation_mediated
MS_14384,blaCMY-2,beta_lactam,EW037_RS20170,genome,EW037_RS03540,genome,graph_context,3,EW037_RS20170;map02020;EW037_RS03535;EW037_RS03540,in_pathway;in_pathway;genomic_proximity,annotation_mediated,bounded_BFS (<= 4 hops),annotation_mediated
MS_14384,blaCMY-2,beta_lactam,EW037_RS20170,genome,EW037_RS03560,genome,graph_context,3,WP_000976514.1;GO:0046677: P:response to antibiotic;WP_000195296.1;EW037_RS03560,member_of_go_term;member_of_go_term;encodes,annotation_mediated,bounded_BFS (<= 4 hops),annotation_mediated
MS_14384,blaCMY-2,beta_lactam,EW037_RS20170,genome,EW037_RS03605,genome,graph_context,3,EW037_RS20170;map02020;EW037_RS03610;EW037_RS03605,in_pathway;in_pathway;genomic_proximity,annotation_mediated,bounded_BFS (<= 4 hops),annotation_mediated
MS_14384,blaCMY-2,beta_lactam,EW037_RS20170,genome,EW037_RS03620,genome,graph_context,3,EW037_RS20170;map02020;EW037_RS03615;EW037_RS03620,in_pathway;in_pathway;genomic_proximity,annotation_mediated,bounded_BFS (<= 4 hops),annotation_mediated
MS_14384,blaCMY-2,beta_lactam,EW037_RS20170,genome,EW037_RS03645,genome,graph_context,3,WP_000976514.1;GO:0030288: C:outer membrane-bounded periplasmic space;WP_000059395.1;EW037_RS03645,member_of_go_term;member_of_go_term;encodes,annotation_mediated,bounded_BFS (<= 4 hops),annotation_mediated
MS_14384,blaCMY-2,beta_lactam,EW037_RS20170,genome,EW037_RS03880,genome,graph_context,3,EW037_RS20170;EW037_RS20175;COG_M: Cell wall/membrane/envelope biogenesis;EW037_RS03880,genomic_proximity;member_of_cog_category;member_of_cog_category,annotation_mediated,bounded_BFS (<= 4 hops),annotation_mediated
MS_14384,blaCMY-2,beta_lactam,EW037_RS20170,genome,EW037_RS03990,genome,graph_context,3,EW037_RS20170;EW037_RS20175;COG_M: Cell wall/membrane/envelope biogenesis;EW037_RS03990,genomic_proximity;member_of_cog_category;member_of_cog_category,annotation_mediated,bounded_BFS (<= 4 hops),annotation_mediated
MS_14384,blaCMY-2,beta_lactam,EW037_RS20170,genome,EW037_RS03995,genome,graph_context,3,EW037_RS20170;EW037_RS20175;COG_M: Cell wall/membrane/envelope biogenesis;EW037_RS03995,genomic_proximity;member_of_cog_category;member_of_cog_category,annotation_mediated,bounded_BFS (<= 4 hops),annotation_mediated
MS_14384,blaCMY-2,beta_lactam,EW037_RS20170,genome,EW037_RS04000,genome,graph_context,3,EW037_RS20170;EW037_RS20175;COG_M: Cell wall/membrane/envelope biogenesis;EW037_RS04000,genomic_proximity;member_of_cog_category;member_of_cog_category,annotation_mediated,bounded_BFS (<= 4 hops),annotation_mediated
MS_14384,blaCMY-2,beta_lactam,EW037_RS20170,genome,EW037_RS04005,genome,graph_context,3,EW037_RS20170;EW037_RS20175;COG_M: Cell wall/membrane/envelope biogenesis;EW037_RS04005,genomic_proximity;member_of_cog_category;member_of_cog_category,annotation_mediated,bounded_BFS (<= 4 hops),annotation_mediated
MS_14384,blaCMY-2,beta_lactam,EW037_RS20170,genome,EW037_RS04010,genome,graph_context,3,EW037_RS20170;EW037_RS20175;COG_M: Cell wall/membrane/envelope biogenesis;EW037_RS04010,genomic_proximity;member_of_cog_category;member_of_cog_category,annotation_mediated,bounded_BFS (<= 4 hops),annotation_mediated
MS_14384,blaCMY-2,beta_lactam,EW037_RS20170,genome,EW037_RS04075,genome,graph_context,3,EW037_RS20170;EW037_RS20175;COG_M: Cell wall/membrane/envelope biogenesis;EW037_RS04075,genomic_proximity;member_of_cog_category;member_of_cog_category,annotation_mediated,bounded_BFS (<= 4 hops),annotation_mediated
MS_14384,blaCMY-2,beta_lactam,EW037_RS20170,genome,EW037_RS04385,genome,graph_context,3,EW037_RS20170;EW037_RS20175;COG_M: Cell wall/membrane/envelope biogenesis;EW037_RS04385,genomic_proximity;member_of_cog_category;member_of_cog_category,annotation_mediated,bounded_BFS (<= 4 hops),annotation_mediated
MS_14384,blaCMY-2,beta_lactam,EW037_RS20170,genome,EW037_RS04410,genome,graph_context,3,EW037_RS20170;map02020;EW037_RS04415;EW037_RS04410,in_pathway;in_pathway;genomic_proximity,annotation_mediated,bounded_BFS (<= 4 hops),annotation_mediated
MS_14384,blaCMY-2,beta_lactam,EW037_RS20170,genome,EW037_RS04420,genome,graph_context,3,EW037_RS20170;map02020;EW037_RS04415;EW037_RS04420,in_pathway;in_pathway;genomic_proximity,annotation_mediated,bounded_BFS (<= 4 hops),annotation_mediated
MS_14384,blaCMY-2,beta_lactam,EW037_RS20170,genome,EW037_RS04630,genome,graph_context,3,EW037_RS20170;EW037_RS20175;COG_M: Cell wall/membrane/envelope biogenesis;EW037_RS04630,genomic_proximity;member_of_cog_category;member_of_cog_category,annotation_mediated,bounded_BFS (<= 4 hops),annotation_mediated
MS_14384,blaCMY-2,beta_lactam,EW037_RS20170,genome,EW037_RS04925,genome,graph_context,3,EW037_RS20170;EW037_RS20175;COG_M: Cell wall/membrane/envelope biogenesis;EW037_RS04925,genomic_proximity;member_of_cog_category;member_of_cog_category,annotation_mediated,bounded_BFS (<= 4 hops),annotation_mediated
MS_14384,blaCMY-2,beta_lactam,EW037_RS20170,genome,EW037_RS04935,genome,graph_context,3,EW037_RS20170;map02020;EW037_RS04940;EW037_RS04935,in_pathway;in_pathway;genomic_proximity,annotation_mediated,bounded_BFS (<= 4 hops),annotation_mediated
MS_14384,blaCMY-2,beta_lactam,EW037_RS20170,genome,EW037_RS04945,genome,graph_context,3,EW037_RS20170;map02020;EW037_RS04940;EW037_RS04945,in_pathway;in_pathway;genomic_proximity,annotation_mediated,bounded_BFS (<= 4 hops),annotation_mediated
MS_14384,blaCMY-2,beta_lactam,EW037_RS20170,genome,EW037_RS05025,genome,graph_context,3,EW037_RS20170;EW037_RS20175;COG_M: Cell wall/membrane/envelope biogenesis;EW037_RS05025,genomic_proximity;member_of_cog_category;member_of_cog_category,annotation_mediated,bounded_BFS (<= 4 hops),annotation_mediated
MS_14384,blaCMY-2,beta_lactam,EW037_RS20170,genome,EW037_RS05080,genome,graph_context,3,EW037_RS20170;EW037_RS20175;COG_M: Cell wall/membrane/envelope biogenesis;EW037_RS05080,genomic_proximity;member_of_cog_category;member_of_cog_category,annotation_mediated,bounded_BFS (<= 4 hops),annotation_mediated
MS_14384,blaCMY-2,beta_lactam,EW037_RS20170,genome,EW037_RS05100,genome,graph_context,3,EW037_RS20170;EW037_RS20175;COG_M: Cell wall/membrane/envelope biogenesis;EW037_RS05100,genomic_proximity;member_of_cog_category;member_of_cog_category,annotation_mediated,bounded_BFS (<= 4 hops),annotation_mediated
MS_14384,blaCMY-2,beta_lactam,EW037_RS20170,genome,EW037_RS05120,genome,graph_context,3,EW037_RS20170;EW037_RS20175;COG_M: Cell wall/membrane/envelope biogenesis;EW037_RS05120,genomic_proximity;member_of_cog_category;member_of_cog_category,annotation_mediated,bounded_BFS (<= 4 hops),annotation_mediated
MS_14384,blaCMY-2,beta_lactam,EW037_RS20170,genome,EW037_RS05225,genome,graph_context,3,EW037_RS20170;EW037_RS20175;COG_M: Cell wall/membrane/envelope biogenesis;EW037_RS05225,genomic_proximity;member_of_cog_category;member_of_cog_category,annotation_mediated,bounded_BFS (<= 4 hops),annotation_mediated
MS_14384,blaCMY-2,beta_lactam,EW037_RS20170,genome,EW037_RS05230,genome,graph_context,3,EW037_RS20170;EW037_RS20175;COG_M: Cell wall/membrane/envelope biogenesis;EW037_RS05230,genomic_proximity;member_of_cog_category;member_of_cog_category,annotation_mediated,bounded_BFS (<= 4 hops),annotation_mediated
MS_14384,blaCMY-2,beta_lactam,EW037_RS20170,genome,EW037_RS05240,genome,graph_context,3,EW037_RS20170;map02020;EW037_RS05235;EW037_RS05240,in_pathway;in_pathway;genomic_proximity,annotation_mediated,bounded_BFS (<= 4 hops),annotation_mediated
MS_14384,blaCMY-2,beta_lactam,EW037_RS20170,genome,EW037_RS05710,genome,graph_context,3,EW037_RS20170;EW037_RS20175;COG_M: Cell wall/membrane/envelope biogenesis;EW037_RS05710,genomic_proximity;member_of_cog_category;member_of_cog_category,annotation_mediated,bounded_BFS (<= 4 hops),annotation_mediated
MS_14384,blaCMY-2,beta_lactam,EW037_RS20170,genome,EW037_RS05730,genome,graph_context,3,EW037_RS20170;map02020;EW037_RS05735;EW037_RS05730,in_pathway;in_pathway;genomic_proximity,annotation_mediated,bounded_BFS (<= 4 hops),annotation_mediated
MS_14384,blaCMY-2,beta_lactam,EW037_RS20170,genome,EW037_RS05765,genome,graph_context,3,EW037_RS20170;map02020;EW037_RS05735;EW037_RS05765,in_pathway;in_pathway;genomic_proximity,annotation_mediated,bounded_BFS (<= 4 hops),annotation_mediated
MS_14384,blaCMY-2,beta_lactam,EW037_RS20170,genome,EW037_RS05785,genome,graph_context,3,EW037_RS20170;map02020;EW037_RS05790;EW037_RS05785,in_pathway;in_pathway;genomic_proximity,annotation_mediated,bounded_BFS (<= 4 hops),annotation_mediated
MS_14384,blaCMY-2,beta_lactam,EW037_RS20170,genome,EW037_RS05795,genome,graph_context,3,EW037_RS20170;map02020;EW037_RS05790;EW037_RS05795,in_pathway;in_pathway;genomic_proximity,annotation_mediated,bounded_BFS (<= 4 hops),annotation_mediated
MS_14384,blaCMY-2,beta_lactam,EW037_RS20170,genome,EW037_RS05990,genome,graph_context,3,EW037_RS20170;EW037_RS20175;COG_M: Cell wall/membrane/envelope biogenesis;EW037_RS05990,genomic_proximity;member_of_cog_category;member_of_cog_category,annotation_mediated,bounded_BFS (<= 4 hops),annotation_mediated
MS_14384,blaCMY-2,beta_lactam,EW037_RS20170,genome,EW037_RS06095,genome,graph_context,3,EW037_RS20170;EW037_RS20175;COG_M: Cell wall/membrane/envelope biogenesis;EW037_RS06095,genomic_proximity;member_of_cog_category;member_of_cog_category,annotation_mediated,bounded_BFS (<= 4 hops),annotation_mediated
MS_14384,blaCMY-2,beta_lactam,EW037_RS20170,genome,EW037_RS06225,genome,graph_context,3,WP_000976514.1;GO:0030288: C:outer membrane-bounded periplasmic space;WP_000812053.1;EW037_RS06225,member_of_go_term;member_of_go_term;encodes,annotation_mediated,bounded_BFS (<= 4 hops),annotation_mediated
MS_14384,blaCMY-2,beta_lactam,EW037_RS20170,genome,EW037_RS06325,genome,graph_context,3,EW037_RS20170;map02020;EW037_RS06320;EW037_RS06325,in_pathway;in_pathway;genomic_proximity,annotation_mediated,bounded_BFS (<= 4 hops),annotation_mediated
MS_14384,blaCMY-2,beta_lactam,EW037_RS20170,genome,EW037_RS06500,genome,graph_context,3,WP_000976514.1;GO:0046677: P:response to antibiotic;WP_000003317.1;EW037_RS06500,member_of_go_term;member_of_go_term;encodes,annotation_mediated,bounded_BFS (<= 4 hops),annotation_mediated
MS_14384,blaCMY-2,beta_lactam,EW037_RS20170,genome,EW037_RS06525,genome,graph_context,3,EW037_RS20170;EW037_RS20175;COG_M: Cell wall/membrane/envelope biogenesis;EW037_RS06525,genomic_proximity;member_of_cog_category;member_of_cog_category,annotation_mediated,bounded_BFS (<= 4 hops),annotation_mediated
MS_14384,blaCMY-2,beta_lactam,EW037_RS20170,genome,EW037_RS06700,genome,graph_context,3,EW037_RS20170;EW037_RS20175;COG_M: Cell wall/membrane/envelope biogenesis;EW037_RS06700,genomic_proximity;member_of_cog_category;member_of_cog_category,annotation_mediated,bounded_BFS (<= 4 hops),annotation_mediated
MS_14384,blaCMY-2,beta_lactam,EW037_RS20170,genome,EW037_RS06740,genome,graph_context,3,EW037_RS20170;map02020;EW037_RS06745;EW037_RS06740,in_pathway;in_pathway;genomic_proximity,annotation_mediated,bounded_BFS (<= 4 hops),annotation_mediated
MS_14384,blaCMY-2,beta_lactam,EW037_RS20170,genome,EW037_RS06750,genome,graph_context,3,EW037_RS20170;map02020;EW037_RS06745;EW037_RS06750,in_pathway;in_pathway;genomic_proximity,annotation_mediated,bounded_BFS (<= 4 hops),annotation_mediated
MS_14384,blaCMY-2,beta_lactam,EW037_RS20170,genome,EW037_RS06775,genome,graph_context,3,EW037_RS20170;map02020;EW037_RS06780;EW037_RS06775,in_pathway;in_pathway;genomic_proximity,annotation_mediated,bounded_BFS (<= 4 hops),annotation_mediated
MS_14384,blaCMY-2,beta_lactam,EW037_RS20170,genome,EW037_RS06785,genome,graph_context,3,EW037_RS20170;map02020;EW037_RS06780;EW037_RS06785,in_pathway;in_pathway;genomic_proximity,annotation_mediated,bounded_BFS (<= 4 hops),annotation_mediated
MS_14384,blaCMY-2,beta_lactam,EW037_RS20170,genome,EW037_RS06895,genome,graph_context,3,EW037_RS20170;COG_V: Defense mechanisms;EW037_RS06900;EW037_RS06895,member_of_cog_category;member_of_cog_category;genomic_proximity,annotation_mediated,bounded_BFS (<= 4 hops),annotation_mediated
MS_14384,blaCMY-2,beta_lactam,EW037_RS20170,genome,EW037_RS06905,genome,graph_context,3,EW037_RS20170;COG_V: Defense mechanisms;EW037_RS06900;EW037_RS06905,member_of_cog_category;member_of_cog_category;genomic_proximity,annotation_mediated,bounded_BFS (<= 4 hops),annotation_mediated
MS_14384,blaCMY-2,beta_lactam,EW037_RS20170,genome,EW037_RS07135,genome,graph_context,3,EW037_RS20170;map02020;EW037_RS07140;EW037_RS07135,in_pathway;in_pathway;genomic_proximity,annotation_mediated,bounded_BFS (<= 4 hops),annotation_mediated
MS_14384,blaCMY-2,beta_lactam,EW037_RS20170,genome,EW037_RS07145,genome,graph_context,3,EW037_RS20170;map02020;EW037_RS07140;EW037_RS07145,in_pathway;in_pathway;genomic_proximity,annotation_mediated,bounded_BFS (<= 4 hops),annotation_mediated
MS_14384,blaCMY-2,beta_lactam,EW037_RS20170,genome,EW037_RS07200,genome,graph_context,3,EW037_RS20170;map02020;EW037_RS07205;EW037_RS07200,in_pathway;in_pathway;genomic_proximity,annotation_mediated,bounded_BFS (<= 4 hops),annotation_mediated
MS_14384,blaCMY-2,beta_lactam,EW037_RS20170,genome,EW037_RS07210,genome,graph_context,3,EW037_RS20170;map02020;EW037_RS07205;EW037_RS07210,in_pathway;in_pathway;genomic_proximity,annotation_mediated,bounded_BFS (<= 4 hops),annotation_mediated
MS_14384,blaCMY-2,beta_lactam,EW037_RS20170,genome,EW037_RS07600,genome,graph_context,3,EW037_RS20170;EW037_RS20175;COG_M: Cell wall/membrane/envelope biogenesis;EW037_RS07600,genomic_proximity;member_of_cog_category;member_of_cog_category,annotation_mediated,bounded_BFS (<= 4 hops),annotation_mediated
MS_14384,blaCMY-2,beta_lactam,EW037_RS20170,genome,EW037_RS07610,genome,graph_context,3,EW037_RS20170;EW037_RS20175;COG_M: Cell wall/membrane/envelope biogenesis;EW037_RS07610,genomic_proximity;member_of_cog_category;member_of_cog_category,annotation_mediated,bounded_BFS (<= 4 hops),annotation_mediated
MS_14384,blaCMY-2,beta_lactam,EW037_RS20170,genome,EW037_RS07685,genome,graph_context,3,EW037_RS20170;EW037_RS20175;COG_M: Cell wall/membrane/envelope biogenesis;EW037_RS07685,genomic_proximity;member_of_cog_category;member_of_cog_category,annotation_mediated,bounded_BFS (<= 4 hops),annotation_mediated
MS_14384,blaCMY-2,beta_lactam,EW037_RS20170,genome,EW037_RS07775,genome,graph_context,3,WP_000976514.1;GO:0030288: C:outer membrane-bounded periplasmic space;WP_000748261.1;EW037_RS07775,member_of_go_term;member_of_go_term;encodes,annotation_mediated,bounded_BFS (<= 4 hops),annotation_mediated
MS_14384,blaCMY-2,beta_lactam,EW037_RS20170,genome,EW037_RS07875,genome,graph_context,3,WP_000976514.1;GO:0046677: P:response to antibiotic;WP_000074527.1;EW037_RS07875,member_of_go_term;member_of_go_term;encodes,annotation_mediated,bounded_BFS (<= 4 hops),annotation_mediated
MS_14384,blaCMY-2,beta_lactam,EW037_RS20170,genome,EW037_RS08040,genome,graph_context,3,EW037_RS20170;map02020;EW037_RS08045;EW037_RS08040,in_pathway;in_pathway;genomic_proximity,annotation_mediated,bounded_BFS (<= 4 hops),annotation_mediated
MS_14384,blaCMY-2,beta_lactam,EW037_RS20170,genome,EW037_RS08050,genome,graph_context,3,EW037_RS20170;map02020;EW037_RS08045;EW037_RS08050,in_pathway;in_pathway;genomic_proximity,annotation_mediated,bounded_BFS (<= 4 hops),annotation_mediated
MS_14384,blaCMY-2,beta_lactam,EW037_RS20170,genome,EW037_RS08190,genome,graph_context,3,EW037_RS20170;map02020;EW037_RS08195;EW037_RS08190,in_pathway;in_pathway;genomic_proximity,annotation_mediated,bounded_BFS (<= 4 hops),annotation_mediated
MS_14384,blaCMY-2,beta_lactam,EW037_RS20170,genome,EW037_RS08200,genome,graph_context,3,EW037_RS20170;map02020;EW037_RS08195;EW037_RS08200,in_pathway;in_pathway;genomic_proximity,annotation_mediated,bounded_BFS (<= 4 hops),annotation_mediated
MS_14384,blaCMY-2,beta_lactam,EW037_RS20170,genome,EW037_RS08210,genome,graph_context,3,EW037_RS20170;map02020;EW037_RS08215;EW037_RS08210,in_pathway;in_pathway;genomic_proximity,annotation_mediated,bounded_BFS (<= 4 hops),annotation_mediated
MS_14384,blaCMY-2,beta_lactam,EW037_RS20170,genome,EW037_RS08220,genome,graph_context,3,EW037_RS20170;map02020;EW037_RS08225;EW037_RS08220,in_pathway;in_pathway;genomic_proximity,annotation_mediated,bounded_BFS (<= 4 hops),annotation_mediated
MS_14384,blaCMY-2,beta_lactam,EW037_RS20170,genome,EW037_RS08245,genome,graph_context,3,EW037_RS20170;map02020;EW037_RS08240;EW037_RS08245,in_pathway;in_pathway;genomic_proximity,annotation_mediated,bounded_BFS (<= 4 hops),annotation_mediated
MS_14384,blaCMY-2,beta_lactam,EW037_RS20170,genome,EW037_RS08340,genome,graph_context,3,WP_000976514.1;GO:0030288: C:outer membrane-bounded periplasmic space;WP_000824439.1;EW037_RS08340,member_of_go_term;member_of_go_term;encodes,annotation_mediated,bounded_BFS (<= 4 hops),annotation_mediated
MS_14384,blaCMY-2,beta_lactam,EW037_RS20170,genome,EW037_RS08345,genome,graph_context,3,EW037_RS20170;map02020;EW037_RS08350;EW037_RS08345,in_pathway;in_pathway;genomic_proximity,annotation_mediated,bounded_BFS (<= 4 hops),annotation_mediated
MS_14384,blaCMY-2,beta_lactam,EW037_RS20170,genome,EW037_RS08355,genome,graph_context,3,EW037_RS20170;map02020;EW037_RS08350;EW037_RS08355,in_pathway;in_pathway;genomic_proximity,annotation_mediated,bounded_BFS (<= 4 hops),annotation_mediated
MS_14384,blaCMY-2,beta_lactam,EW037_RS20170,genome,EW037_RS08530,genome,graph_context,3,EW037_RS20170;map02020;EW037_RS08540;EW037_RS08530,in_pathway;in_pathway;genomic_proximity,annotation_mediated,bounded_BFS (<= 4 hops),annotation_mediated
MS_14384,blaCMY-2,beta_lactam,EW037_RS20170,genome,EW037_RS08545,genome,graph_context,3,EW037_RS20170;map02020;EW037_RS08540;EW037_RS08545,in_pathway;in_pathway;genomic_proximity,annotation_mediated,bounded_BFS (<= 4 hops),annotation_mediated
