strain,amr_determinant,amr_class,source_entity,source_layer,target_entity,target_layer,relationship,path_length,node_sequence,edge_sequence,evidence_type,evidence_source,observed_status
B36,tet(A),tetracycline,EW036_RS26095,genome,EW036_RS26095_RNA,transcriptome,rna_quantified,0,,,directly_observed,aligned_multiomics.csv (RNA_RPMI/RNA_Sera),observed
B36,tet(A),tetracycline,EW036_RS26095,genome,EW036_RS26090,genome,genomic_proximity,1,EW036_RS26095;EW036_RS26090,genomic_proximity,graph_derived,edges_gene_genomic_proximity_gene.csv,graph_derived
B36,tet(A),tetracycline,EW036_RS26095,genome,EW036_RS26100,genome,genomic_proximity,1,EW036_RS26095;EW036_RS26100,genomic_proximity,graph_derived,edges_gene_genomic_proximity_gene.csv,graph_derived
B36,tet(A),tetracycline,EW036_RS26095,hypergraph,COG_G: Carbohydrate transport and metabolism,hypergraph,hyperedge_membership,1,EW036_RS26095;COG_G: Carbohydrate transport and metabolism,member_of:cog_category,graph_derived,hyperedges.csv,graph_derived
B36,tet(A),tetracycline,EW036_RS26095,hypergraph,COG_P: Inorganic ion transport and metabolism,hypergraph,hyperedge_membership,1,EW036_RS26095;COG_P: Inorganic ion transport and metabolism,member_of:cog_category,graph_derived,hyperedges.csv,graph_derived
B36,tet(A),tetracycline,EW036_RS26095,hypergraph,COG_E: Amino acid transport and metabolism,hypergraph,hyperedge_membership,1,EW036_RS26095;COG_E: Amino acid transport and metabolism,member_of:cog_category,graph_derived,hyperedges.csv,graph_derived
B36,tet(A),tetracycline,EW036_RS26095,hypergraph,tetracycline_resistance,hypergraph,hyperedge_membership,1,EW036_RS26095;tetracycline_resistance,member_of:amr_mechanism,graph_derived,hyperedges.csv,graph_derived
B36,tet(A),tetracycline,EW036_RS26095,genome,E,cog,cog_category,1,EW036_RS26095;E,cog_category,annotation_mediated,edges_gene_cog_category_annotation.csv (eggNOG/COG),annotation_mediated
B36,tet(A),tetracycline,EW036_RS26095,genome,G,cog,cog_category,1,EW036_RS26095;G,cog_category,annotation_mediated,edges_gene_cog_category_annotation.csv (eggNOG/COG),annotation_mediated
B36,tet(A),tetracycline,EW036_RS26095,genome,P,cog,cog_category,1,EW036_RS26095;P,cog_category,annotation_mediated,edges_gene_cog_category_annotation.csv (eggNOG/COG),annotation_mediated
B36,tet(A),tetracycline,EW036_RS26095,genome,tetracycline,ppi_amr,amr_mechanism,1,EW036_RS26095;tetracycline,associated_with,annotation_mediated,amr_manifest / edges_gene_associated_with_annotation.csv,annotation_mediated
B36,tet(A),tetracycline,EW036_RS26095,genome,EW036_RS00590,genome,graph_context,2,EW036_RS26095;COG_G: Carbohydrate transport and metabolism;EW036_RS00590,member_of_cog_category;member_of_cog_category,annotation_mediated,bounded_BFS (<= 4 hops),annotation_mediated
B36,tet(A),tetracycline,EW036_RS26095,genome,EW036_RS00630,genome,graph_context,2,EW036_RS26095;COG_G: Carbohydrate transport and metabolism;EW036_RS00630,member_of_cog_category;member_of_cog_category,annotation_mediated,bounded_BFS (<= 4 hops),annotation_mediated
B36,tet(A),tetracycline,EW036_RS26095,genome,EW036_RS00850,genome,graph_context,2,EW036_RS26095;COG_G: Carbohydrate transport and metabolism;EW036_RS00850,member_of_cog_category;member_of_cog_category,annotation_mediated,bounded_BFS (<= 4 hops),annotation_mediated
B36,tet(A),tetracycline,EW036_RS26095,genome,EW036_RS00885,genome,graph_context,2,EW036_RS26095;COG_P: Inorganic ion transport and metabolism;EW036_RS00885,member_of_cog_category;member_of_cog_category,annotation_mediated,bounded_BFS (<= 4 hops),annotation_mediated
B36,tet(A),tetracycline,EW036_RS26095,genome,EW036_RS00905,genome,graph_context,2,EW036_RS26095;COG_E: Amino acid transport and metabolism;EW036_RS00905,member_of_cog_category;member_of_cog_category,annotation_mediated,bounded_BFS (<= 4 hops),annotation_mediated
B36,tet(A),tetracycline,EW036_RS26095,genome,EW036_RS00955,genome,graph_context,2,EW036_RS26095;COG_G: Carbohydrate transport and metabolism;EW036_RS00955,member_of_cog_category;member_of_cog_category,annotation_mediated,bounded_BFS (<= 4 hops),annotation_mediated
B36,tet(A),tetracycline,EW036_RS26095,genome,EW036_RS00960,genome,graph_context,2,EW036_RS26095;COG_G: Carbohydrate transport and metabolism;EW036_RS00960,member_of_cog_category;member_of_cog_category,annotation_mediated,bounded_BFS (<= 4 hops),annotation_mediated
B36,tet(A),tetracycline,EW036_RS26095,genome,EW036_RS01080,genome,graph_context,2,EW036_RS26095;COG_E: Amino acid transport and metabolism;EW036_RS01080,member_of_cog_category;member_of_cog_category,annotation_mediated,bounded_BFS (<= 4 hops),annotation_mediated
B36,tet(A),tetracycline,EW036_RS26095,genome,EW036_RS01085,genome,graph_context,2,EW036_RS26095;COG_G: Carbohydrate transport and metabolism;EW036_RS01085,member_of_cog_category;member_of_cog_category,annotation_mediated,bounded_BFS (<= 4 hops),annotation_mediated
B36,tet(A),tetracycline,EW036_RS26095,genome,EW036_RS01110,genome,graph_context,2,EW036_RS26095;COG_G: Carbohydrate transport and metabolism;EW036_RS01110,member_of_cog_category;member_of_cog_category,annotation_mediated,bounded_BFS (<= 4 hops),annotation_mediated
B36,tet(A),tetracycline,EW036_RS26095,genome,EW036_RS01220,genome,graph_context,2,EW036_RS26095;COG_E: Amino acid transport and metabolism;EW036_RS01220,member_of_cog_category;member_of_cog_category,annotation_mediated,bounded_BFS (<= 4 hops),annotation_mediated
B36,tet(A),tetracycline,EW036_RS26095,genome,EW036_RS01240,genome,graph_context,2,EW036_RS26095;COG_P: Inorganic ion transport and metabolism;EW036_RS01240,member_of_cog_category;member_of_cog_category,annotation_mediated,bounded_BFS (<= 4 hops),annotation_mediated
B36,tet(A),tetracycline,EW036_RS26095,genome,EW036_RS01245,genome,graph_context,2,EW036_RS26095;COG_P: Inorganic ion transport and metabolism;EW036_RS01245,member_of_cog_category;member_of_cog_category,annotation_mediated,bounded_BFS (<= 4 hops),annotation_mediated
B36,tet(A),tetracycline,EW036_RS26095,genome,EW036_RS01315,genome,graph_context,2,EW036_RS26095;COG_G: Carbohydrate transport and metabolism;EW036_RS01315,member_of_cog_category;member_of_cog_category,annotation_mediated,bounded_BFS (<= 4 hops),annotation_mediated
B36,tet(A),tetracycline,EW036_RS26095,genome,EW036_RS01340,genome,graph_context,2,EW036_RS26095;COG_G: Carbohydrate transport and metabolism;EW036_RS01340,member_of_cog_category;member_of_cog_category,annotation_mediated,bounded_BFS (<= 4 hops),annotation_mediated
B36,tet(A),tetracycline,EW036_RS26095,genome,EW036_RS01375,genome,graph_context,2,EW036_RS26095;COG_G: Carbohydrate transport and metabolism;EW036_RS01375,member_of_cog_category;member_of_cog_category,annotation_mediated,bounded_BFS (<= 4 hops),annotation_mediated
B36,tet(A),tetracycline,EW036_RS26095,genome,EW036_RS01385,genome,graph_context,2,EW036_RS26095;COG_E: Amino acid transport and metabolism;EW036_RS01385,member_of_cog_category;member_of_cog_category,annotation_mediated,bounded_BFS (<= 4 hops),annotation_mediated
B36,tet(A),tetracycline,EW036_RS26095,genome,EW036_RS01450,genome,graph_context,2,EW036_RS26095;COG_G: Carbohydrate transport and metabolism;EW036_RS01450,member_of_cog_category;member_of_cog_category,annotation_mediated,bounded_BFS (<= 4 hops),annotation_mediated
B36,tet(A),tetracycline,EW036_RS26095,genome,EW036_RS01465,genome,graph_context,2,EW036_RS26095;COG_P: Inorganic ion transport and metabolism;EW036_RS01465,member_of_cog_category;member_of_cog_category,annotation_mediated,bounded_BFS (<= 4 hops),annotation_mediated
B36,tet(A),tetracycline,EW036_RS26095,genome,EW036_RS01480,genome,graph_context,2,EW036_RS26095;COG_P: Inorganic ion transport and metabolism;EW036_RS01480,member_of_cog_category;member_of_cog_category,annotation_mediated,bounded_BFS (<= 4 hops),annotation_mediated
B36,tet(A),tetracycline,EW036_RS26095,genome,EW036_RS01500,genome,graph_context,2,EW036_RS26095;COG_P: Inorganic ion transport and metabolism;EW036_RS01500,member_of_cog_category;member_of_cog_category,annotation_mediated,bounded_BFS (<= 4 hops),annotation_mediated
B36,tet(A),tetracycline,EW036_RS26095,genome,EW036_RS01520,genome,graph_context,2,EW036_RS26095;COG_E: Amino acid transport and metabolism;EW036_RS01520,member_of_cog_category;member_of_cog_category,annotation_mediated,bounded_BFS (<= 4 hops),annotation_mediated
B36,tet(A),tetracycline,EW036_RS26095,genome,EW036_RS01550,genome,graph_context,2,EW036_RS26095;COG_P: Inorganic ion transport and metabolism;EW036_RS01550,member_of_cog_category;member_of_cog_category,annotation_mediated,bounded_BFS (<= 4 hops),annotation_mediated
B36,tet(A),tetracycline,EW036_RS26095,genome,EW036_RS01605,genome,graph_context,2,EW036_RS26095;COG_G: Carbohydrate transport and metabolism;EW036_RS01605,member_of_cog_category;member_of_cog_category,annotation_mediated,bounded_BFS (<= 4 hops),annotation_mediated
B36,tet(A),tetracycline,EW036_RS26095,genome,EW036_RS01610,genome,graph_context,2,EW036_RS26095;COG_G: Carbohydrate transport and metabolism;EW036_RS01610,member_of_cog_category;member_of_cog_category,annotation_mediated,bounded_BFS (<= 4 hops),annotation_mediated
B36,tet(A),tetracycline,EW036_RS26095,genome,EW036_RS01645,genome,graph_context,2,EW036_RS26095;COG_E: Amino acid transport and metabolism;EW036_RS01645,member_of_cog_category;member_of_cog_category,annotation_mediated,bounded_BFS (<= 4 hops),annotation_mediated
B36,tet(A),tetracycline,EW036_RS26095,genome,EW036_RS01680,genome,graph_context,2,EW036_RS26095;COG_P: Inorganic ion transport and metabolism;EW036_RS01680,member_of_cog_category;member_of_cog_category,annotation_mediated,bounded_BFS (<= 4 hops),annotation_mediated
B36,tet(A),tetracycline,EW036_RS26095,genome,EW036_RS01725,genome,graph_context,2,EW036_RS26095;COG_E: Amino acid transport and metabolism;EW036_RS01725,member_of_cog_category;member_of_cog_category,annotation_mediated,bounded_BFS (<= 4 hops),annotation_mediated
B36,tet(A),tetracycline,EW036_RS26095,genome,EW036_RS01745,genome,graph_context,2,EW036_RS26095;COG_E: Amino acid transport and metabolism;EW036_RS01745,member_of_cog_category;member_of_cog_category,annotation_mediated,bounded_BFS (<= 4 hops),annotation_mediated
B36,tet(A),tetracycline,EW036_RS26095,genome,EW036_RS01760,genome,graph_context,2,EW036_RS26095;COG_P: Inorganic ion transport and metabolism;EW036_RS01760,member_of_cog_category;member_of_cog_category,annotation_mediated,bounded_BFS (<= 4 hops),annotation_mediated
B36,tet(A),tetracycline,EW036_RS26095,genome,EW036_RS01770,genome,graph_context,2,EW036_RS26095;COG_P: Inorganic ion transport and metabolism;EW036_RS01770,member_of_cog_category;member_of_cog_category,annotation_mediated,bounded_BFS (<= 4 hops),annotation_mediated
B36,tet(A),tetracycline,EW036_RS26095,genome,EW036_RS01785,genome,graph_context,2,EW036_RS26095;COG_P: Inorganic ion transport and metabolism;EW036_RS01785,member_of_cog_category;member_of_cog_category,annotation_mediated,bounded_BFS (<= 4 hops),annotation_mediated
B36,tet(A),tetracycline,EW036_RS26095,genome,EW036_RS01850,genome,graph_context,2,EW036_RS26095;COG_E: Amino acid transport and metabolism;EW036_RS01850,member_of_cog_category;member_of_cog_category,annotation_mediated,bounded_BFS (<= 4 hops),annotation_mediated
B36,tet(A),tetracycline,EW036_RS26095,genome,EW036_RS01855,genome,graph_context,2,EW036_RS26095;COG_G: Carbohydrate transport and metabolism;EW036_RS01855,member_of_cog_category;member_of_cog_category,annotation_mediated,bounded_BFS (<= 4 hops),annotation_mediated
B36,tet(A),tetracycline,EW036_RS26095,genome,EW036_RS01860,genome,graph_context,2,EW036_RS26095;COG_G: Carbohydrate transport and metabolism;EW036_RS01860,member_of_cog_category;member_of_cog_category,annotation_mediated,bounded_BFS (<= 4 hops),annotation_mediated
B36,tet(A),tetracycline,EW036_RS26095,genome,EW036_RS01875,genome,graph_context,2,EW036_RS26095;COG_G: Carbohydrate transport and metabolism;EW036_RS01875,member_of_cog_category;member_of_cog_category,annotation_mediated,bounded_BFS (<= 4 hops),annotation_mediated
B36,tet(A),tetracycline,EW036_RS26095,genome,EW036_RS01900,genome,graph_context,2,EW036_RS26095;COG_P: Inorganic ion transport and metabolism;EW036_RS01900,member_of_cog_category;member_of_cog_category,annotation_mediated,bounded_BFS (<= 4 hops),annotation_mediated
B36,tet(A),tetracycline,EW036_RS26095,genome,EW036_RS01930,genome,graph_context,2,EW036_RS26095;COG_G: Carbohydrate transport and metabolism;EW036_RS01930,member_of_cog_category;member_of_cog_category,annotation_mediated,bounded_BFS (<= 4 hops),annotation_mediated
B36,tet(A),tetracycline,EW036_RS26095,genome,EW036_RS01935,genome,graph_context,2,EW036_RS26095;COG_G: Carbohydrate transport and metabolism;EW036_RS01935,member_of_cog_category;member_of_cog_category,annotation_mediated,bounded_BFS (<= 4 hops),annotation_mediated
B36,tet(A),tetracycline,EW036_RS26095,genome,EW036_RS01970,genome,graph_context,2,EW036_RS26095;COG_P: Inorganic ion transport and metabolism;EW036_RS01970,member_of_cog_category;member_of_cog_category,annotation_mediated,bounded_BFS (<= 4 hops),annotation_mediated
B36,tet(A),tetracycline,EW036_RS26095,genome,EW036_RS01975,genome,graph_context,2,EW036_RS26095;COG_P: Inorganic ion transport and metabolism;EW036_RS01975,member_of_cog_category;member_of_cog_category,annotation_mediated,bounded_BFS (<= 4 hops),annotation_mediated
B36,tet(A),tetracycline,EW036_RS26095,genome,EW036_RS02080,genome,graph_context,2,EW036_RS26095;COG_E: Amino acid transport and metabolism;EW036_RS02080,member_of_cog_category;member_of_cog_category,annotation_mediated,bounded_BFS (<= 4 hops),annotation_mediated
B36,tet(A),tetracycline,EW036_RS26095,genome,EW036_RS02170,genome,graph_context,2,EW036_RS26095;COG_P: Inorganic ion transport and metabolism;EW036_RS02170,member_of_cog_category;member_of_cog_category,annotation_mediated,bounded_BFS (<= 4 hops),annotation_mediated
B36,tet(A),tetracycline,EW036_RS26095,genome,EW036_RS02200,genome,graph_context,2,EW036_RS26095;COG_E: Amino acid transport and metabolism;EW036_RS02200,member_of_cog_category;member_of_cog_category,annotation_mediated,bounded_BFS (<= 4 hops),annotation_mediated
B36,tet(A),tetracycline,EW036_RS26095,genome,EW036_RS02205,genome,graph_context,2,EW036_RS26095;COG_E: Amino acid transport and metabolism;EW036_RS02205,member_of_cog_category;member_of_cog_category,annotation_mediated,bounded_BFS (<= 4 hops),annotation_mediated
B36,tet(A),tetracycline,EW036_RS26095,genome,EW036_RS02225,genome,graph_context,2,EW036_RS26095;COG_G: Carbohydrate transport and metabolism;EW036_RS02225,member_of_cog_category;member_of_cog_category,annotation_mediated,bounded_BFS (<= 4 hops),annotation_mediated
B36,tet(A),tetracycline,EW036_RS26095,genome,EW036_RS02250,genome,graph_context,2,EW036_RS26095;COG_P: Inorganic ion transport and metabolism;EW036_RS02250,member_of_cog_category;member_of_cog_category,annotation_mediated,bounded_BFS (<= 4 hops),annotation_mediated
B36,tet(A),tetracycline,EW036_RS26095,genome,EW036_RS02280,genome,graph_context,2,EW036_RS26095;COG_P: Inorganic ion transport and metabolism;EW036_RS02280,member_of_cog_category;member_of_cog_category,annotation_mediated,bounded_BFS (<= 4 hops),annotation_mediated
B36,tet(A),tetracycline,EW036_RS26095,genome,EW036_RS02315,genome,graph_context,2,EW036_RS26095;COG_G: Carbohydrate transport and metabolism;EW036_RS02315,member_of_cog_category;member_of_cog_category,annotation_mediated,bounded_BFS (<= 4 hops),annotation_mediated
B36,tet(A),tetracycline,EW036_RS26095,genome,EW036_RS02320,genome,graph_context,2,EW036_RS26095;COG_P: Inorganic ion transport and metabolism;EW036_RS02320,member_of_cog_category;member_of_cog_category,annotation_mediated,bounded_BFS (<= 4 hops),annotation_mediated
B36,tet(A),tetracycline,EW036_RS26095,genome,EW036_RS02325,genome,graph_context,2,EW036_RS26095;COG_P: Inorganic ion transport and metabolism;EW036_RS02325,member_of_cog_category;member_of_cog_category,annotation_mediated,bounded_BFS (<= 4 hops),annotation_mediated
B36,tet(A),tetracycline,EW036_RS26095,genome,EW036_RS02560,genome,graph_context,2,EW036_RS26095;COG_P: Inorganic ion transport and metabolism;EW036_RS02560,member_of_cog_category;member_of_cog_category,annotation_mediated,bounded_BFS (<= 4 hops),annotation_mediated
B36,tet(A),tetracycline,EW036_RS26095,genome,EW036_RS02600,genome,graph_context,2,EW036_RS26095;COG_E: Amino acid transport and metabolism;EW036_RS02600,member_of_cog_category;member_of_cog_category,annotation_mediated,bounded_BFS (<= 4 hops),annotation_mediated
B36,tet(A),tetracycline,EW036_RS26095,genome,EW036_RS02740,genome,graph_context,2,EW036_RS26095;COG_G: Carbohydrate transport and metabolism;EW036_RS02740,member_of_cog_category;member_of_cog_category,annotation_mediated,bounded_BFS (<= 4 hops),annotation_mediated
B36,tet(A),tetracycline,EW036_RS26095,genome,EW036_RS02920,genome,graph_context,2,EW036_RS26095;COG_G: Carbohydrate transport and metabolism;EW036_RS02920,member_of_cog_category;member_of_cog_category,annotation_mediated,bounded_BFS (<= 4 hops),annotation_mediated
B36,tet(A),tetracycline,EW036_RS26095,genome,EW036_RS02930,genome,graph_context,2,EW036_RS26095;COG_G: Carbohydrate transport and metabolism;EW036_RS02930,member_of_cog_category;member_of_cog_category,annotation_mediated,bounded_BFS (<= 4 hops),annotation_mediated
B36,tet(A),tetracycline,EW036_RS26095,genome,EW036_RS02940,genome,graph_context,2,EW036_RS26095;COG_E: Amino acid transport and metabolism;EW036_RS02940,member_of_cog_category;member_of_cog_category,annotation_mediated,bounded_BFS (<= 4 hops),annotation_mediated
B36,tet(A),tetracycline,EW036_RS26095,genome,EW036_RS02980,genome,graph_context,2,EW036_RS26095;COG_G: Carbohydrate transport and metabolism;EW036_RS02980,member_of_cog_category;member_of_cog_category,annotation_mediated,bounded_BFS (<= 4 hops),annotation_mediated
B36,tet(A),tetracycline,EW036_RS26095,genome,EW036_RS02995,genome,graph_context,2,EW036_RS26095;COG_P: Inorganic ion transport and metabolism;EW036_RS02995,member_of_cog_category;member_of_cog_category,annotation_mediated,bounded_BFS (<= 4 hops),annotation_mediated
B36,tet(A),tetracycline,EW036_RS26095,genome,EW036_RS03025,genome,graph_context,2,EW036_RS26095;COG_P: Inorganic ion transport and metabolism;EW036_RS03025,member_of_cog_category;member_of_cog_category,annotation_mediated,bounded_BFS (<= 4 hops),annotation_mediated
B36,tet(A),tetracycline,EW036_RS26095,genome,EW036_RS03120,genome,graph_context,2,EW036_RS26095;COG_G: Carbohydrate transport and metabolism;EW036_RS03120,member_of_cog_category;member_of_cog_category,annotation_mediated,bounded_BFS (<= 4 hops),annotation_mediated
B36,tet(A),tetracycline,EW036_RS26095,genome,EW036_RS03245,genome,graph_context,2,EW036_RS26095;COG_G: Carbohydrate transport and metabolism;EW036_RS03245,member_of_cog_category;member_of_cog_category,annotation_mediated,bounded_BFS (<= 4 hops),annotation_mediated
B36,tet(A),tetracycline,EW036_RS26095,genome,EW036_RS03330,genome,graph_context,2,EW036_RS26095;COG_G: Carbohydrate transport and metabolism;EW036_RS03330,member_of_cog_category;member_of_cog_category,annotation_mediated,bounded_BFS (<= 4 hops),annotation_mediated
B36,tet(A),tetracycline,EW036_RS26095,genome,EW036_RS03355,genome,graph_context,2,EW036_RS26095;COG_E: Amino acid transport and metabolism;EW036_RS03355,member_of_cog_category;member_of_cog_category,annotation_mediated,bounded_BFS (<= 4 hops),annotation_mediated
B36,tet(A),tetracycline,EW036_RS26095,genome,EW036_RS03365,genome,graph_context,2,EW036_RS26095;COG_G: Carbohydrate transport and metabolism;EW036_RS03365,member_of_cog_category;member_of_cog_category,annotation_mediated,bounded_BFS (<= 4 hops),annotation_mediated
B36,tet(A),tetracycline,EW036_RS26095,genome,EW036_RS03395,genome,graph_context,2,EW036_RS26095;COG_E: Amino acid transport and metabolism;EW036_RS03395,member_of_cog_category;member_of_cog_category,annotation_mediated,bounded_BFS (<= 4 hops),annotation_mediated
B36,tet(A),tetracycline,EW036_RS26095,genome,EW036_RS03400,genome,graph_context,2,EW036_RS26095;COG_E: Amino acid transport and metabolism;EW036_RS03400,member_of_cog_category;member_of_cog_category,annotation_mediated,bounded_BFS (<= 4 hops),annotation_mediated
B36,tet(A),tetracycline,EW036_RS26095,genome,EW036_RS03415,genome,graph_context,2,EW036_RS26095;COG_E: Amino acid transport and metabolism;EW036_RS03415,member_of_cog_category;member_of_cog_category,annotation_mediated,bounded_BFS (<= 4 hops),annotation_mediated
B36,tet(A),tetracycline,EW036_RS26095,genome,EW036_RS03420,genome,graph_context,2,EW036_RS26095;COG_E: Amino acid transport and metabolism;EW036_RS03420,member_of_cog_category;member_of_cog_category,annotation_mediated,bounded_BFS (<= 4 hops),annotation_mediated
B36,tet(A),tetracycline,EW036_RS26095,genome,EW036_RS03515,genome,graph_context,2,EW036_RS26095;COG_G: Carbohydrate transport and metabolism;EW036_RS03515,member_of_cog_category;member_of_cog_category,annotation_mediated,bounded_BFS (<= 4 hops),annotation_mediated
B36,tet(A),tetracycline,EW036_RS26095,genome,EW036_RS03520,genome,graph_context,2,EW036_RS26095;COG_G: Carbohydrate transport and metabolism;EW036_RS03520,member_of_cog_category;member_of_cog_category,annotation_mediated,bounded_BFS (<= 4 hops),annotation_mediated
B36,tet(A),tetracycline,EW036_RS26095,genome,EW036_RS03630,genome,graph_context,2,EW036_RS26095;COG_P: Inorganic ion transport and metabolism;EW036_RS03630,member_of_cog_category;member_of_cog_category,annotation_mediated,bounded_BFS (<= 4 hops),annotation_mediated
B36,tet(A),tetracycline,EW036_RS26095,genome,EW036_RS03800,genome,graph_context,2,EW036_RS26095;COG_E: Amino acid transport and metabolism;EW036_RS03800,member_of_cog_category;member_of_cog_category,annotation_mediated,bounded_BFS (<= 4 hops),annotation_mediated
B36,tet(A),tetracycline,EW036_RS26095,genome,EW036_RS03860,genome,graph_context,2,EW036_RS26095;COG_P: Inorganic ion transport and metabolism;EW036_RS03860,member_of_cog_category;member_of_cog_category,annotation_mediated,bounded_BFS (<= 4 hops),annotation_mediated
B36,tet(A),tetracycline,EW036_RS26095,genome,EW036_RS04000,genome,graph_context,2,EW036_RS26095;COG_E: Amino acid transport and metabolism;EW036_RS04000,member_of_cog_category;member_of_cog_category,annotation_mediated,bounded_BFS (<= 4 hops),annotation_mediated
B36,tet(A),tetracycline,EW036_RS26095,genome,EW036_RS04085,genome,graph_context,2,EW036_RS26095;COG_E: Amino acid transport and metabolism;EW036_RS04085,member_of_cog_category;member_of_cog_category,annotation_mediated,bounded_BFS (<= 4 hops),annotation_mediated
B36,tet(A),tetracycline,EW036_RS26095,genome,EW036_RS04525,genome,graph_context,2,EW036_RS26095;COG_E: Amino acid transport and metabolism;EW036_RS04525,member_of_cog_category;member_of_cog_category,annotation_mediated,bounded_BFS (<= 4 hops),annotation_mediated
B36,tet(A),tetracycline,EW036_RS26095,genome,EW036_RS04595,genome,graph_context,2,EW036_RS26095;COG_P: Inorganic ion transport and metabolism;EW036_RS04595,member_of_cog_category;member_of_cog_category,annotation_mediated,bounded_BFS (<= 4 hops),annotation_mediated
B36,tet(A),tetracycline,EW036_RS26095,genome,EW036_RS04820,genome,graph_context,2,EW036_RS26095;COG_E: Amino acid transport and metabolism;EW036_RS04820,member_of_cog_category;member_of_cog_category,annotation_mediated,bounded_BFS (<= 4 hops),annotation_mediated
B36,tet(A),tetracycline,EW036_RS26095,genome,EW036_RS04860,genome,graph_context,2,EW036_RS26095;COG_E: Amino acid transport and metabolism;EW036_RS04860,member_of_cog_category;member_of_cog_category,annotation_mediated,bounded_BFS (<= 4 hops),annotation_mediated
B36,tet(A),tetracycline,EW036_RS26095,genome,EW036_RS04980,genome,graph_context,2,EW036_RS26095;COG_E: Amino acid transport and metabolism;EW036_RS04980,member_of_cog_category;member_of_cog_category,annotation_mediated,bounded_BFS (<= 4 hops),annotation_mediated
B36,tet(A),tetracycline,EW036_RS26095,genome,EW036_RS04990,genome,graph_context,2,EW036_RS26095;COG_G: Carbohydrate transport and metabolism;EW036_RS04990,member_of_cog_category;member_of_cog_category,annotation_mediated,bounded_BFS (<= 4 hops),annotation_mediated
B36,tet(A),tetracycline,EW036_RS26095,genome,EW036_RS05115,genome,graph_context,2,EW036_RS26095;COG_G: Carbohydrate transport and metabolism;EW036_RS05115,member_of_cog_category;member_of_cog_category,annotation_mediated,bounded_BFS (<= 4 hops),annotation_mediated
B36,tet(A),tetracycline,EW036_RS26095,genome,EW036_RS05120,genome,graph_context,2,EW036_RS26095;COG_E: Amino acid transport and metabolism;EW036_RS05120,member_of_cog_category;member_of_cog_category,annotation_mediated,bounded_BFS (<= 4 hops),annotation_mediated
B36,tet(A),tetracycline,EW036_RS26095,genome,EW036_RS05150,genome,graph_context,2,EW036_RS26095;COG_E: Amino acid transport and metabolism;EW036_RS05150,member_of_cog_category;member_of_cog_category,annotation_mediated,bounded_BFS (<= 4 hops),annotation_mediated
B36,tet(A),tetracycline,EW036_RS26095,genome,EW036_RS05170,genome,graph_context,2,EW036_RS26095;COG_E: Amino acid transport and metabolism;EW036_RS05170,member_of_cog_category;member_of_cog_category,annotation_mediated,bounded_BFS (<= 4 hops),annotation_mediated
B36,tet(A),tetracycline,EW036_RS26095,genome,EW036_RS05175,genome,graph_context,2,EW036_RS26095;COG_E: Amino acid transport and metabolism;EW036_RS05175,member_of_cog_category;member_of_cog_category,annotation_mediated,bounded_BFS (<= 4 hops),annotation_mediated
B36,tet(A),tetracycline,EW036_RS26095,genome,EW036_RS05180,genome,graph_context,2,EW036_RS26095;COG_E: Amino acid transport and metabolism;EW036_RS05180,member_of_cog_category;member_of_cog_category,annotation_mediated,bounded_BFS (<= 4 hops),annotation_mediated
B36,tet(A),tetracycline,EW036_RS26095,genome,EW036_RS05325,genome,graph_context,2,EW036_RS26095;COG_E: Amino acid transport and metabolism;EW036_RS05325,member_of_cog_category;member_of_cog_category,annotation_mediated,bounded_BFS (<= 4 hops),annotation_mediated
B36,tet(A),tetracycline,EW036_RS26095,genome,EW036_RS05335,genome,graph_context,2,EW036_RS26095;COG_E: Amino acid transport and metabolism;EW036_RS05335,member_of_cog_category;member_of_cog_category,annotation_mediated,bounded_BFS (<= 4 hops),annotation_mediated
B36,tet(A),tetracycline,EW036_RS26095,genome,EW036_RS05415,genome,graph_context,2,EW036_RS26095;COG_E: Amino acid transport and metabolism;EW036_RS05415,member_of_cog_category;member_of_cog_category,annotation_mediated,bounded_BFS (<= 4 hops),annotation_mediated
B36,tet(A),tetracycline,EW036_RS26095,genome,EW036_RS05740,genome,graph_context,2,EW036_RS26095;COG_E: Amino acid transport and metabolism;EW036_RS05740,member_of_cog_category;member_of_cog_category,annotation_mediated,bounded_BFS (<= 4 hops),annotation_mediated
B36,tet(A),tetracycline,EW036_RS26095,genome,EW036_RS05770,genome,graph_context,2,EW036_RS26095;COG_G: Carbohydrate transport and metabolism;EW036_RS05770,member_of_cog_category;member_of_cog_category,annotation_mediated,bounded_BFS (<= 4 hops),annotation_mediated
B36,tet(A),tetracycline,EW036_RS26095,genome,EW036_RS05780,genome,graph_context,2,EW036_RS26095;COG_G: Carbohydrate transport and metabolism;EW036_RS05780,member_of_cog_category;member_of_cog_category,annotation_mediated,bounded_BFS (<= 4 hops),annotation_mediated
B36,tet(A),tetracycline,EW036_RS26095,genome,EW036_RS05805,genome,graph_context,2,EW036_RS26095;COG_E: Amino acid transport and metabolism;EW036_RS05805,member_of_cog_category;member_of_cog_category,annotation_mediated,bounded_BFS (<= 4 hops),annotation_mediated
B36,tet(A),tetracycline,EW036_RS26095,genome,EW036_RS05810,genome,graph_context,2,EW036_RS26095;COG_E: Amino acid transport and metabolism;EW036_RS05810,member_of_cog_category;member_of_cog_category,annotation_mediated,bounded_BFS (<= 4 hops),annotation_mediated
B36,tet(A),tetracycline,EW036_RS26095,genome,EW036_RS05985,genome,graph_context,2,EW036_RS26095;COG_E: Amino acid transport and metabolism;EW036_RS05985,member_of_cog_category;member_of_cog_category,annotation_mediated,bounded_BFS (<= 4 hops),annotation_mediated
B36,tet(A),tetracycline,EW036_RS26095,genome,EW036_RS05995,genome,graph_context,2,EW036_RS26095;COG_E: Amino acid transport and metabolism;EW036_RS05995,member_of_cog_category;member_of_cog_category,annotation_mediated,bounded_BFS (<= 4 hops),annotation_mediated
B36,tet(A),tetracycline,EW036_RS26095,genome,EW036_RS06090,genome,graph_context,2,EW036_RS26095;COG_G: Carbohydrate transport and metabolism;EW036_RS06090,member_of_cog_category;member_of_cog_category,annotation_mediated,bounded_BFS (<= 4 hops),annotation_mediated
B36,tet(A),tetracycline,EW036_RS26095,genome,EW036_RS06415,genome,graph_context,2,EW036_RS26095;COG_E: Amino acid transport and metabolism;EW036_RS06415,member_of_cog_category;member_of_cog_category,annotation_mediated,bounded_BFS (<= 4 hops),annotation_mediated
B36,tet(A),tetracycline,EW036_RS26095,genome,EW036_RS06425,genome,graph_context,2,EW036_RS26095;COG_P: Inorganic ion transport and metabolism;EW036_RS06425,member_of_cog_category;member_of_cog_category,annotation_mediated,bounded_BFS (<= 4 hops),annotation_mediated
B36,tet(A),tetracycline,EW036_RS26095,genome,EW036_RS06505,genome,graph_context,2,EW036_RS26095;COG_E: Amino acid transport and metabolism;EW036_RS06505,member_of_cog_category;member_of_cog_category,annotation_mediated,bounded_BFS (<= 4 hops),annotation_mediated
B36,tet(A),tetracycline,EW036_RS26095,genome,EW036_RS06575,genome,graph_context,2,EW036_RS26095;COG_P: Inorganic ion transport and metabolism;EW036_RS06575,member_of_cog_category;member_of_cog_category,annotation_mediated,bounded_BFS (<= 4 hops),annotation_mediated
B36,tet(A),tetracycline,EW036_RS26095,genome,EW036_RS06635,genome,graph_context,2,EW036_RS26095;COG_E: Amino acid transport and metabolism;EW036_RS06635,member_of_cog_category;member_of_cog_category,annotation_mediated,bounded_BFS (<= 4 hops),annotation_mediated
B36,tet(A),tetracycline,EW036_RS26095,genome,EW036_RS06640,genome,graph_context,2,EW036_RS26095;COG_E: Amino acid transport and metabolism;EW036_RS06640,member_of_cog_category;member_of_cog_category,annotation_mediated,bounded_BFS (<= 4 hops),annotation_mediated
B36,tet(A),tetracycline,EW036_RS26095,genome,EW036_RS06885,genome,graph_context,2,EW036_RS26095;COG_E: Amino acid transport and metabolism;EW036_RS06885,member_of_cog_category;member_of_cog_category,annotation_mediated,bounded_BFS (<= 4 hops),annotation_mediated
B36,tet(A),tetracycline,EW036_RS26095,genome,EW036_RS06920,genome,graph_context,2,EW036_RS26095;COG_G: Carbohydrate transport and metabolism;EW036_RS06920,member_of_cog_category;member_of_cog_category,annotation_mediated,bounded_BFS (<= 4 hops),annotation_mediated
B36,tet(A),tetracycline,EW036_RS26095,genome,EW036_RS06945,genome,graph_context,2,EW036_RS26095;COG_G: Carbohydrate transport and metabolism;EW036_RS06945,member_of_cog_category;member_of_cog_category,annotation_mediated,bounded_BFS (<= 4 hops),annotation_mediated
B36,tet(A),tetracycline,EW036_RS26095,genome,EW036_RS06960,genome,graph_context,2,EW036_RS26095;COG_E: Amino acid transport and metabolism;EW036_RS06960,member_of_cog_category;member_of_cog_category,annotation_mediated,bounded_BFS (<= 4 hops),annotation_mediated
B36,tet(A),tetracycline,EW036_RS26095,genome,EW036_RS06995,genome,graph_context,2,EW036_RS26095;COG_E: Amino acid transport and metabolism;EW036_RS06995,member_of_cog_category;member_of_cog_category,annotation_mediated,bounded_BFS (<= 4 hops),annotation_mediated
B36,tet(A),tetracycline,EW036_RS26095,genome,EW036_RS07005,genome,graph_context,2,EW036_RS26095;COG_P: Inorganic ion transport and metabolism;EW036_RS07005,member_of_cog_category;member_of_cog_category,annotation_mediated,bounded_BFS (<= 4 hops),annotation_mediated
B36,tet(A),tetracycline,EW036_RS26095,genome,EW036_RS07115,genome,graph_context,2,EW036_RS26095;COG_P: Inorganic ion transport and metabolism;EW036_RS07115,member_of_cog_category;member_of_cog_category,annotation_mediated,bounded_BFS (<= 4 hops),annotation_mediated
B36,tet(A),tetracycline,EW036_RS26095,genome,EW036_RS07150,genome,graph_context,2,EW036_RS26095;COG_P: Inorganic ion transport and metabolism;EW036_RS07150,member_of_cog_category;member_of_cog_category,annotation_mediated,bounded_BFS (<= 4 hops),annotation_mediated
B36,tet(A),tetracycline,EW036_RS26095,genome,EW036_RS07175,genome,graph_context,2,EW036_RS26095;COG_E: Amino acid transport and metabolism;EW036_RS07175,member_of_cog_category;member_of_cog_category,annotation_mediated,bounded_BFS (<= 4 hops),annotation_mediated
B36,tet(A),tetracycline,EW036_RS26095,genome,EW036_RS07210,genome,graph_context,2,EW036_RS26095;COG_E: Amino acid transport and metabolism;EW036_RS07210,member_of_cog_category;member_of_cog_category,annotation_mediated,bounded_BFS (<= 4 hops),annotation_mediated
B36,tet(A),tetracycline,EW036_RS26095,genome,EW036_RS07215,genome,graph_context,2,EW036_RS26095;COG_P: Inorganic ion transport and metabolism;EW036_RS07215,member_of_cog_category;member_of_cog_category,annotation_mediated,bounded_BFS (<= 4 hops),annotation_mediated
B36,tet(A),tetracycline,EW036_RS26095,genome,EW036_RS07250,genome,graph_context,2,EW036_RS26095;COG_G: Carbohydrate transport and metabolism;EW036_RS07250,member_of_cog_category;member_of_cog_category,annotation_mediated,bounded_BFS (<= 4 hops),annotation_mediated
B36,tet(A),tetracycline,EW036_RS26095,genome,EW036_RS07325,genome,graph_context,2,EW036_RS26095;COG_E: Amino acid transport and metabolism;EW036_RS07325,member_of_cog_category;member_of_cog_category,annotation_mediated,bounded_BFS (<= 4 hops),annotation_mediated
B36,tet(A),tetracycline,EW036_RS26095,genome,EW036_RS07335,genome,graph_context,2,EW036_RS26095;COG_E: Amino acid transport and metabolism;EW036_RS07335,member_of_cog_category;member_of_cog_category,annotation_mediated,bounded_BFS (<= 4 hops),annotation_mediated
B36,tet(A),tetracycline,EW036_RS26095,genome,EW036_RS07375,genome,graph_context,2,EW036_RS26095;COG_P: Inorganic ion transport and metabolism;EW036_RS07375,member_of_cog_category;member_of_cog_category,annotation_mediated,bounded_BFS (<= 4 hops),annotation_mediated
B36,tet(A),tetracycline,EW036_RS26095,genome,EW036_RS07400,genome,graph_context,2,EW036_RS26095;COG_P: Inorganic ion transport and metabolism;EW036_RS07400,member_of_cog_category;member_of_cog_category,annotation_mediated,bounded_BFS (<= 4 hops),annotation_mediated
B36,tet(A),tetracycline,EW036_RS26095,genome,EW036_RS07415,genome,graph_context,2,EW036_RS26095;COG_P: Inorganic ion transport and metabolism;EW036_RS07415,member_of_cog_category;member_of_cog_category,annotation_mediated,bounded_BFS (<= 4 hops),annotation_mediated
B36,tet(A),tetracycline,EW036_RS26095,genome,EW036_RS07420,genome,graph_context,2,EW036_RS26095;COG_E: Amino acid transport and metabolism;EW036_RS07420,member_of_cog_category;member_of_cog_category,annotation_mediated,bounded_BFS (<= 4 hops),annotation_mediated
B36,tet(A),tetracycline,EW036_RS26095,genome,EW036_RS07435,genome,graph_context,2,EW036_RS26095;COG_G: Carbohydrate transport and metabolism;EW036_RS07435,member_of_cog_category;member_of_cog_category,annotation_mediated,bounded_BFS (<= 4 hops),annotation_mediated
B36,tet(A),tetracycline,EW036_RS26095,genome,EW036_RS07440,genome,graph_context,2,EW036_RS26095;COG_G: Carbohydrate transport and metabolism;EW036_RS07440,member_of_cog_category;member_of_cog_category,annotation_mediated,bounded_BFS (<= 4 hops),annotation_mediated
B36,tet(A),tetracycline,EW036_RS26095,genome,EW036_RS07445,genome,graph_context,2,EW036_RS26095;COG_G: Carbohydrate transport and metabolism;EW036_RS07445,member_of_cog_category;member_of_cog_category,annotation_mediated,bounded_BFS (<= 4 hops),annotation_mediated
B36,tet(A),tetracycline,EW036_RS26095,genome,EW036_RS07450,genome,graph_context,2,EW036_RS26095;COG_E: Amino acid transport and metabolism;EW036_RS07450,member_of_cog_category;member_of_cog_category,annotation_mediated,bounded_BFS (<= 4 hops),annotation_mediated
B36,tet(A),tetracycline,EW036_RS26095,genome,EW036_RS07455,genome,graph_context,2,EW036_RS26095;COG_E: Amino acid transport and metabolism;EW036_RS07455,member_of_cog_category;member_of_cog_category,annotation_mediated,bounded_BFS (<= 4 hops),annotation_mediated
B36,tet(A),tetracycline,EW036_RS26095,genome,EW036_RS07625,genome,graph_context,2,EW036_RS26095;COG_E: Amino acid transport and metabolism;EW036_RS07625,member_of_cog_category;member_of_cog_category,annotation_mediated,bounded_BFS (<= 4 hops),annotation_mediated
B36,tet(A),tetracycline,EW036_RS26095,genome,EW036_RS07695,genome,graph_context,2,EW036_RS26095;COG_E: Amino acid transport and metabolism;EW036_RS07695,member_of_cog_category;member_of_cog_category,annotation_mediated,bounded_BFS (<= 4 hops),annotation_mediated
B36,tet(A),tetracycline,EW036_RS26095,genome,EW036_RS07855,genome,graph_context,2,EW036_RS26095;COG_E: Amino acid transport and metabolism;EW036_RS07855,member_of_cog_category;member_of_cog_category,annotation_mediated,bounded_BFS (<= 4 hops),annotation_mediated
B36,tet(A),tetracycline,EW036_RS26095,genome,EW036_RS07905,genome,graph_context,2,EW036_RS26095;COG_E: Amino acid transport and metabolism;EW036_RS07905,member_of_cog_category;member_of_cog_category,annotation_mediated,bounded_BFS (<= 4 hops),annotation_mediated
B36,tet(A),tetracycline,EW036_RS26095,genome,EW036_RS07950,genome,graph_context,2,EW036_RS26095;COG_E: Amino acid transport and metabolism;EW036_RS07950,member_of_cog_category;member_of_cog_category,annotation_mediated,bounded_BFS (<= 4 hops),annotation_mediated
B36,tet(A),tetracycline,EW036_RS26095,genome,EW036_RS07955,genome,graph_context,2,EW036_RS26095;COG_E: Amino acid transport and metabolism;EW036_RS07955,member_of_cog_category;member_of_cog_category,annotation_mediated,bounded_BFS (<= 4 hops),annotation_mediated
B36,tet(A),tetracycline,EW036_RS26095,genome,EW036_RS08045,genome,graph_context,2,EW036_RS26095;COG_E: Amino acid transport and metabolism;EW036_RS08045,member_of_cog_category;member_of_cog_category,annotation_mediated,bounded_BFS (<= 4 hops),annotation_mediated
B36,tet(A),tetracycline,EW036_RS26095,genome,EW036_RS08105,genome,graph_context,2,EW036_RS26095;COG_P: Inorganic ion transport and metabolism;EW036_RS08105,member_of_cog_category;member_of_cog_category,annotation_mediated,bounded_BFS (<= 4 hops),annotation_mediated
B36,tet(A),tetracycline,EW036_RS26095,genome,EW036_RS08285,genome,graph_context,2,EW036_RS26095;COG_P: Inorganic ion transport and metabolism;EW036_RS08285,member_of_cog_category;member_of_cog_category,annotation_mediated,bounded_BFS (<= 4 hops),annotation_mediated
B36,tet(A),tetracycline,EW036_RS26095,genome,EW036_RS08695,genome,graph_context,2,EW036_RS26095;COG_E: Amino acid transport and metabolism;EW036_RS08695,member_of_cog_category;member_of_cog_category,annotation_mediated,bounded_BFS (<= 4 hops),annotation_mediated
B36,tet(A),tetracycline,EW036_RS26095,genome,EW036_RS08715,genome,graph_context,2,EW036_RS26095;COG_E: Amino acid transport and metabolism;EW036_RS08715,member_of_cog_category;member_of_cog_category,annotation_mediated,bounded_BFS (<= 4 hops),annotation_mediated
B36,tet(A),tetracycline,EW036_RS26095,genome,EW036_RS08840,genome,graph_context,2,EW036_RS26095;COG_G: Carbohydrate transport and metabolism;EW036_RS08840,member_of_cog_category;member_of_cog_category,annotation_mediated,bounded_BFS (<= 4 hops),annotation_mediated
B36,tet(A),tetracycline,EW036_RS26095,genome,EW036_RS09075,genome,graph_context,2,EW036_RS26095;COG_P: Inorganic ion transport and metabolism;EW036_RS09075,member_of_cog_category;member_of_cog_category,annotation_mediated,bounded_BFS (<= 4 hops),annotation_mediated
B36,tet(A),tetracycline,EW036_RS26095,genome,EW036_RS09085,genome,graph_context,2,EW036_RS26095;COG_P: Inorganic ion transport and metabolism;EW036_RS09085,member_of_cog_category;member_of_cog_category,annotation_mediated,bounded_BFS (<= 4 hops),annotation_mediated
B36,tet(A),tetracycline,EW036_RS26095,genome,EW036_RS09090,genome,graph_context,2,EW036_RS26095;COG_P: Inorganic ion transport and metabolism;EW036_RS09090,member_of_cog_category;member_of_cog_category,annotation_mediated,bounded_BFS (<= 4 hops),annotation_mediated
B36,tet(A),tetracycline,EW036_RS26095,genome,EW036_RS09130,genome,graph_context,2,EW036_RS26095;COG_E: Amino acid transport and metabolism;EW036_RS09130,member_of_cog_category;member_of_cog_category,annotation_mediated,bounded_BFS (<= 4 hops),annotation_mediated
B36,tet(A),tetracycline,EW036_RS26095,genome,EW036_RS09135,genome,graph_context,2,EW036_RS26095;COG_E: Amino acid transport and metabolism;EW036_RS09135,member_of_cog_category;member_of_cog_category,annotation_mediated,bounded_BFS (<= 4 hops),annotation_mediated
B36,tet(A),tetracycline,EW036_RS26095,genome,EW036_RS09205,genome,graph_context,2,EW036_RS26095;COG_P: Inorganic ion transport and metabolism;EW036_RS09205,member_of_cog_category;member_of_cog_category,annotation_mediated,bounded_BFS (<= 4 hops),annotation_mediated
B36,tet(A),tetracycline,EW036_RS26095,genome,EW036_RS09255,genome,graph_context,2,EW036_RS26095;COG_E: Amino acid transport and metabolism;EW036_RS09255,member_of_cog_category;member_of_cog_category,annotation_mediated,bounded_BFS (<= 4 hops),annotation_mediated
B36,tet(A),tetracycline,EW036_RS26095,genome,EW036_RS09465,genome,graph_context,2,EW036_RS26095;COG_G: Carbohydrate transport and metabolism;EW036_RS09465,member_of_cog_category;member_of_cog_category,annotation_mediated,bounded_BFS (<= 4 hops),annotation_mediated
B36,tet(A),tetracycline,EW036_RS26095,genome,EW036_RS09475,genome,graph_context,2,EW036_RS26095;COG_G: Carbohydrate transport and metabolism;EW036_RS09475,member_of_cog_category;member_of_cog_category,annotation_mediated,bounded_BFS (<= 4 hops),annotation_mediated
B36,tet(A),tetracycline,EW036_RS26095,genome,EW036_RS09495,genome,graph_context,2,EW036_RS26095;COG_G: Carbohydrate transport and metabolism;EW036_RS09495,member_of_cog_category;member_of_cog_category,annotation_mediated,bounded_BFS (<= 4 hops),annotation_mediated
B36,tet(A),tetracycline,EW036_RS26095,genome,EW036_RS09575,genome,graph_context,2,EW036_RS26095;COG_P: Inorganic ion transport and metabolism;EW036_RS09575,member_of_cog_category;member_of_cog_category,annotation_mediated,bounded_BFS (<= 4 hops),annotation_mediated
B36,tet(A),tetracycline,EW036_RS26095,genome,EW036_RS09590,genome,graph_context,2,EW036_RS26095;COG_P: Inorganic ion transport and metabolism;EW036_RS09590,member_of_cog_category;member_of_cog_category,annotation_mediated,bounded_BFS (<= 4 hops),annotation_mediated
B36,tet(A),tetracycline,EW036_RS26095,genome,EW036_RS09595,genome,graph_context,2,EW036_RS26095;COG_E: Amino acid transport and metabolism;EW036_RS09595,member_of_cog_category;member_of_cog_category,annotation_mediated,bounded_BFS (<= 4 hops),annotation_mediated
B36,tet(A),tetracycline,EW036_RS26095,genome,EW036_RS09965,genome,graph_context,2,EW036_RS26095;COG_P: Inorganic ion transport and metabolism;EW036_RS09965,member_of_cog_category;member_of_cog_category,annotation_mediated,bounded_BFS (<= 4 hops),annotation_mediated
B36,tet(A),tetracycline,EW036_RS26095,genome,EW036_RS10150,genome,graph_context,2,EW036_RS26095;COG_E: Amino acid transport and metabolism;EW036_RS10150,member_of_cog_category;member_of_cog_category,annotation_mediated,bounded_BFS (<= 4 hops),annotation_mediated
B36,tet(A),tetracycline,EW036_RS26095,genome,EW036_RS10155,genome,graph_context,2,EW036_RS26095;COG_E: Amino acid transport and metabolism;EW036_RS10155,member_of_cog_category;member_of_cog_category,annotation_mediated,bounded_BFS (<= 4 hops),annotation_mediated
B36,tet(A),tetracycline,EW036_RS26095,genome,EW036_RS10210,genome,graph_context,2,EW036_RS26095;COG_P: Inorganic ion transport and metabolism;EW036_RS10210,member_of_cog_category;member_of_cog_category,annotation_mediated,bounded_BFS (<= 4 hops),annotation_mediated
B36,tet(A),tetracycline,EW036_RS26095,genome,EW036_RS10220,genome,graph_context,2,EW036_RS26095;COG_G: Carbohydrate transport and metabolism;EW036_RS10220,member_of_cog_category;member_of_cog_category,annotation_mediated,bounded_BFS (<= 4 hops),annotation_mediated
B36,tet(A),tetracycline,EW036_RS26095,genome,EW036_RS10225,genome,graph_context,2,EW036_RS26095;COG_G: Carbohydrate transport and metabolism;EW036_RS10225,member_of_cog_category;member_of_cog_category,annotation_mediated,bounded_BFS (<= 4 hops),annotation_mediated
B36,tet(A),tetracycline,EW036_RS26095,genome,EW036_RS10235,genome,graph_context,2,EW036_RS26095;COG_G: Carbohydrate transport and metabolism;EW036_RS10235,member_of_cog_category;member_of_cog_category,annotation_mediated,bounded_BFS (<= 4 hops),annotation_mediated
B36,tet(A),tetracycline,EW036_RS26095,genome,EW036_RS10470,genome,graph_context,2,EW036_RS26095;COG_P: Inorganic ion transport and metabolism;EW036_RS10470,member_of_cog_category;member_of_cog_category,annotation_mediated,bounded_BFS (<= 4 hops),annotation_mediated
B36,tet(A),tetracycline,EW036_RS26095,genome,EW036_RS10475,genome,graph_context,2,EW036_RS26095;COG_P: Inorganic ion transport and metabolism;EW036_RS10475,member_of_cog_category;member_of_cog_category,annotation_mediated,bounded_BFS (<= 4 hops),annotation_mediated
B36,tet(A),tetracycline,EW036_RS26095,genome,EW036_RS10495,genome,graph_context,2,EW036_RS26095;COG_P: Inorganic ion transport and metabolism;EW036_RS10495,member_of_cog_category;member_of_cog_category,annotation_mediated,bounded_BFS (<= 4 hops),annotation_mediated
B36,tet(A),tetracycline,EW036_RS26095,genome,EW036_RS10610,genome,graph_context,2,EW036_RS26095;COG_E: Amino acid transport and metabolism;EW036_RS10610,member_of_cog_category;member_of_cog_category,annotation_mediated,bounded_BFS (<= 4 hops),annotation_mediated
B36,tet(A),tetracycline,EW036_RS26095,genome,EW036_RS10615,genome,graph_context,2,EW036_RS26095;COG_P: Inorganic ion transport and metabolism;EW036_RS10615,member_of_cog_category;member_of_cog_category,annotation_mediated,bounded_BFS (<= 4 hops),annotation_mediated
B36,tet(A),tetracycline,EW036_RS26095,genome,EW036_RS10625,genome,graph_context,2,EW036_RS26095;COG_P: Inorganic ion transport and metabolism;EW036_RS10625,member_of_cog_category;member_of_cog_category,annotation_mediated,bounded_BFS (<= 4 hops),annotation_mediated
B36,tet(A),tetracycline,EW036_RS26095,genome,EW036_RS10630,genome,graph_context,2,EW036_RS26095;COG_P: Inorganic ion transport and metabolism;EW036_RS10630,member_of_cog_category;member_of_cog_category,annotation_mediated,bounded_BFS (<= 4 hops),annotation_mediated
B36,tet(A),tetracycline,EW036_RS26095,genome,EW036_RS10650,genome,graph_context,2,EW036_RS26095;COG_P: Inorganic ion transport and metabolism;EW036_RS10650,member_of_cog_category;member_of_cog_category,annotation_mediated,bounded_BFS (<= 4 hops),annotation_mediated
B36,tet(A),tetracycline,EW036_RS26095,genome,EW036_RS11065,genome,graph_context,2,EW036_RS26095;COG_E: Amino acid transport and metabolism;EW036_RS11065,member_of_cog_category;member_of_cog_category,annotation_mediated,bounded_BFS (<= 4 hops),annotation_mediated
B36,tet(A),tetracycline,EW036_RS26095,genome,EW036_RS11070,genome,graph_context,2,EW036_RS26095;COG_E: Amino acid transport and metabolism;EW036_RS11070,member_of_cog_category;member_of_cog_category,annotation_mediated,bounded_BFS (<= 4 hops),annotation_mediated
B36,tet(A),tetracycline,EW036_RS26095,genome,EW036_RS11075,genome,graph_context,2,EW036_RS26095;COG_E: Amino acid transport and metabolism;EW036_RS11075,member_of_cog_category;member_of_cog_category,annotation_mediated,bounded_BFS (<= 4 hops),annotation_mediated
B36,tet(A),tetracycline,EW036_RS26095,genome,EW036_RS11085,genome,graph_context,2,EW036_RS26095;COG_E: Amino acid transport and metabolism;EW036_RS11085,member_of_cog_category;member_of_cog_category,annotation_mediated,bounded_BFS (<= 4 hops),annotation_mediated
B36,tet(A),tetracycline,EW036_RS26095,genome,EW036_RS11190,genome,graph_context,2,EW036_RS26095;COG_G: Carbohydrate transport and metabolism;EW036_RS11190,member_of_cog_category;member_of_cog_category,annotation_mediated,bounded_BFS (<= 4 hops),annotation_mediated
B36,tet(A),tetracycline,EW036_RS26095,genome,EW036_RS11270,genome,graph_context,2,EW036_RS26095;COG_P: Inorganic ion transport and metabolism;EW036_RS11270,member_of_cog_category;member_of_cog_category,annotation_mediated,bounded_BFS (<= 4 hops),annotation_mediated
B36,tet(A),tetracycline,EW036_RS26095,genome,EW036_RS11275,genome,graph_context,2,EW036_RS26095;COG_P: Inorganic ion transport and metabolism;EW036_RS11275,member_of_cog_category;member_of_cog_category,annotation_mediated,bounded_BFS (<= 4 hops),annotation_mediated
B36,tet(A),tetracycline,EW036_RS26095,genome,EW036_RS11290,genome,graph_context,2,EW036_RS26095;COG_E: Amino acid transport and metabolism;EW036_RS11290,member_of_cog_category;member_of_cog_category,annotation_mediated,bounded_BFS (<= 4 hops),annotation_mediated
B36,tet(A),tetracycline,EW036_RS26095,genome,EW036_RS11330,genome,graph_context,2,EW036_RS26095;COG_P: Inorganic ion transport and metabolism;EW036_RS11330,member_of_cog_category;member_of_cog_category,annotation_mediated,bounded_BFS (<= 4 hops),annotation_mediated
B36,tet(A),tetracycline,EW036_RS26095,genome,EW036_RS11420,genome,graph_context,2,EW036_RS26095;COG_E: Amino acid transport and metabolism;EW036_RS11420,member_of_cog_category;member_of_cog_category,annotation_mediated,bounded_BFS (<= 4 hops),annotation_mediated
B36,tet(A),tetracycline,EW036_RS26095,genome,EW036_RS11425,genome,graph_context,2,EW036_RS26095;COG_G: Carbohydrate transport and metabolism;EW036_RS11425,member_of_cog_category;member_of_cog_category,annotation_mediated,bounded_BFS (<= 4 hops),annotation_mediated
B36,tet(A),tetracycline,EW036_RS26095,genome,EW036_RS11445,genome,graph_context,2,EW036_RS26095;COG_E: Amino acid transport and metabolism;EW036_RS11445,member_of_cog_category;member_of_cog_category,annotation_mediated,bounded_BFS (<= 4 hops),annotation_mediated
B36,tet(A),tetracycline,EW036_RS26095,genome,EW036_RS11505,genome,graph_context,2,EW036_RS26095;COG_P: Inorganic ion transport and metabolism;EW036_RS11505,member_of_cog_category;member_of_cog_category,annotation_mediated,bounded_BFS (<= 4 hops),annotation_mediated
B36,tet(A),tetracycline,EW036_RS26095,genome,EW036_RS11630,genome,graph_context,2,EW036_RS26095;COG_G: Carbohydrate transport and metabolism;EW036_RS11630,member_of_cog_category;member_of_cog_category,annotation_mediated,bounded_BFS (<= 4 hops),annotation_mediated
B36,tet(A),tetracycline,EW036_RS26095,genome,EW036_RS11665,genome,graph_context,2,EW036_RS26095;COG_P: Inorganic ion transport and metabolism;EW036_RS11665,member_of_cog_category;member_of_cog_category,annotation_mediated,bounded_BFS (<= 4 hops),annotation_mediated
B36,tet(A),tetracycline,EW036_RS26095,genome,EW036_RS11730,genome,graph_context,2,EW036_RS26095;COG_P: Inorganic ion transport and metabolism;EW036_RS11730,member_of_cog_category;member_of_cog_category,annotation_mediated,bounded_BFS (<= 4 hops),annotation_mediated
B36,tet(A),tetracycline,EW036_RS26095,genome,EW036_RS11850,genome,graph_context,2,EW036_RS26095;COG_P: Inorganic ion transport and metabolism;EW036_RS11850,member_of_cog_category;member_of_cog_category,annotation_mediated,bounded_BFS (<= 4 hops),annotation_mediated
B36,tet(A),tetracycline,EW036_RS26095,genome,EW036_RS11930,genome,graph_context,2,EW036_RS26095;COG_E: Amino acid transport and metabolism;EW036_RS11930,member_of_cog_category;member_of_cog_category,annotation_mediated,bounded_BFS (<= 4 hops),annotation_mediated
B36,tet(A),tetracycline,EW036_RS26095,genome,EW036_RS11935,genome,graph_context,2,EW036_RS26095;COG_E: Amino acid transport and metabolism;EW036_RS11935,member_of_cog_category;member_of_cog_category,annotation_mediated,bounded_BFS (<= 4 hops),annotation_mediated
B36,tet(A),tetracycline,EW036_RS26095,genome,EW036_RS11955,genome,graph_context,2,EW036_RS26095;COG_P: Inorganic ion transport and metabolism;EW036_RS11955,member_of_cog_category;member_of_cog_category,annotation_mediated,bounded_BFS (<= 4 hops),annotation_mediated
B36,tet(A),tetracycline,EW036_RS26095,genome,EW036_RS12035,genome,graph_context,2,EW036_RS26095;COG_G: Carbohydrate transport and metabolism;EW036_RS12035,member_of_cog_category;member_of_cog_category,annotation_mediated,bounded_BFS (<= 4 hops),annotation_mediated
B36,tet(A),tetracycline,EW036_RS26095,genome,EW036_RS12050,genome,graph_context,2,EW036_RS26095;COG_E: Amino acid transport and metabolism;EW036_RS12050,member_of_cog_category;member_of_cog_category,annotation_mediated,bounded_BFS (<= 4 hops),annotation_mediated
B36,tet(A),tetracycline,EW036_RS26095,genome,EW036_RS12120,genome,graph_context,2,EW036_RS26095;COG_E: Amino acid transport and metabolism;EW036_RS12120,member_of_cog_category;member_of_cog_category,annotation_mediated,bounded_BFS (<= 4 hops),annotation_mediated
B36,tet(A),tetracycline,EW036_RS26095,genome,EW036_RS12250,genome,graph_context,2,EW036_RS26095;COG_E: Amino acid transport and metabolism;EW036_RS12250,member_of_cog_category;member_of_cog_category,annotation_mediated,bounded_BFS (<= 4 hops),annotation_mediated
B36,tet(A),tetracycline,EW036_RS26095,genome,EW036_RS12330,genome,graph_context,2,EW036_RS26095;COG_G: Carbohydrate transport and metabolism;EW036_RS12330,member_of_cog_category;member_of_cog_category,annotation_mediated,bounded_BFS (<= 4 hops),annotation_mediated
B36,tet(A),tetracycline,EW036_RS26095,genome,EW036_RS12350,genome,graph_context,2,EW036_RS26095;COG_G: Carbohydrate transport and metabolism;EW036_RS12350,member_of_cog_category;member_of_cog_category,annotation_mediated,bounded_BFS (<= 4 hops),annotation_mediated
B36,tet(A),tetracycline,EW036_RS26095,genome,EW036_RS12375,genome,graph_context,2,EW036_RS26095;COG_E: Amino acid transport and metabolism;EW036_RS12375,member_of_cog_category;member_of_cog_category,annotation_mediated,bounded_BFS (<= 4 hops),annotation_mediated
B36,tet(A),tetracycline,EW036_RS26095,genome,EW036_RS12500,genome,graph_context,2,EW036_RS26095;COG_P: Inorganic ion transport and metabolism;EW036_RS12500,member_of_cog_category;member_of_cog_category,annotation_mediated,bounded_BFS (<= 4 hops),annotation_mediated
B36,tet(A),tetracycline,EW036_RS26095,genome,EW036_RS12525,genome,graph_context,2,EW036_RS26095;COG_E: Amino acid transport and metabolism;EW036_RS12525,member_of_cog_category;member_of_cog_category,annotation_mediated,bounded_BFS (<= 4 hops),annotation_mediated
B36,tet(A),tetracycline,EW036_RS26095,genome,EW036_RS12720,genome,graph_context,2,EW036_RS26095;COG_E: Amino acid transport and metabolism;EW036_RS12720,member_of_cog_category;member_of_cog_category,annotation_mediated,bounded_BFS (<= 4 hops),annotation_mediated
B36,tet(A),tetracycline,EW036_RS26095,genome,EW036_RS12765,genome,graph_context,2,EW036_RS26095;COG_G: Carbohydrate transport and metabolism;EW036_RS12765,member_of_cog_category;member_of_cog_category,annotation_mediated,bounded_BFS (<= 4 hops),annotation_mediated
B36,tet(A),tetracycline,EW036_RS26095,genome,EW036_RS12775,genome,graph_context,2,EW036_RS26095;COG_E: Amino acid transport and metabolism;EW036_RS12775,member_of_cog_category;member_of_cog_category,annotation_mediated,bounded_BFS (<= 4 hops),annotation_mediated
B36,tet(A),tetracycline,EW036_RS26095,genome,EW036_RS12800,genome,graph_context,2,EW036_RS26095;COG_P: Inorganic ion transport and metabolism;EW036_RS12800,member_of_cog_category;member_of_cog_category,annotation_mediated,bounded_BFS (<= 4 hops),annotation_mediated
B36,tet(A),tetracycline,EW036_RS26095,genome,EW036_RS12880,genome,graph_context,2,EW036_RS26095;COG_G: Carbohydrate transport and metabolism;EW036_RS12880,member_of_cog_category;member_of_cog_category,annotation_mediated,bounded_BFS (<= 4 hops),annotation_mediated
B36,tet(A),tetracycline,EW036_RS26095,genome,EW036_RS12910,genome,graph_context,2,EW036_RS26095;COG_P: Inorganic ion transport and metabolism;EW036_RS12910,member_of_cog_category;member_of_cog_category,annotation_mediated,bounded_BFS (<= 4 hops),annotation_mediated
B36,tet(A),tetracycline,EW036_RS26095,genome,EW036_RS12920,genome,graph_context,2,EW036_RS26095;COG_G: Carbohydrate transport and metabolism;EW036_RS12920,member_of_cog_category;member_of_cog_category,annotation_mediated,bounded_BFS (<= 4 hops),annotation_mediated
B36,tet(A),tetracycline,EW036_RS26095,genome,EW036_RS12940,genome,graph_context,2,EW036_RS26095;COG_G: Carbohydrate transport and metabolism;EW036_RS12940,member_of_cog_category;member_of_cog_category,annotation_mediated,bounded_BFS (<= 4 hops),annotation_mediated
B36,tet(A),tetracycline,EW036_RS26095,genome,EW036_RS12970,genome,graph_context,2,EW036_RS26095;COG_P: Inorganic ion transport and metabolism;EW036_RS12970,member_of_cog_category;member_of_cog_category,annotation_mediated,bounded_BFS (<= 4 hops),annotation_mediated
B36,tet(A),tetracycline,EW036_RS26095,genome,EW036_RS12975,genome,graph_context,2,EW036_RS26095;COG_E: Amino acid transport and metabolism;EW036_RS12975,member_of_cog_category;member_of_cog_category,annotation_mediated,bounded_BFS (<= 4 hops),annotation_mediated
B36,tet(A),tetracycline,EW036_RS26095,genome,EW036_RS12980,genome,graph_context,2,EW036_RS26095;COG_E: Amino acid transport and metabolism;EW036_RS12980,member_of_cog_category;member_of_cog_category,annotation_mediated,bounded_BFS (<= 4 hops),annotation_mediated
B36,tet(A),tetracycline,EW036_RS26095,genome,EW036_RS12990,genome,graph_context,2,EW036_RS26095;COG_E: Amino acid transport and metabolism;EW036_RS12990,member_of_cog_category;member_of_cog_category,annotation_mediated,bounded_BFS (<= 4 hops),annotation_mediated
B36,tet(A),tetracycline,EW036_RS26095,genome,EW036_RS12995,genome,graph_context,2,EW036_RS26095;COG_E: Amino acid transport and metabolism;EW036_RS12995,member_of_cog_category;member_of_cog_category,annotation_mediated,bounded_BFS (<= 4 hops),annotation_mediated
B36,tet(A),tetracycline,EW036_RS26095,genome,EW036_RS13060,genome,graph_context,2,EW036_RS26095;COG_E: Amino acid transport and metabolism;EW036_RS13060,member_of_cog_category;member_of_cog_category,annotation_mediated,bounded_BFS (<= 4 hops),annotation_mediated
B36,tet(A),tetracycline,EW036_RS26095,genome,EW036_RS13090,genome,graph_context,2,EW036_RS26095;COG_E: Amino acid transport and metabolism;EW036_RS13090,member_of_cog_category;member_of_cog_category,annotation_mediated,bounded_BFS (<= 4 hops),annotation_mediated
B36,tet(A),tetracycline,EW036_RS26095,genome,EW036_RS13155,genome,graph_context,2,EW036_RS26095;COG_G: Carbohydrate transport and metabolism;EW036_RS13155,member_of_cog_category;member_of_cog_category,annotation_mediated,bounded_BFS (<= 4 hops),annotation_mediated
B36,tet(A),tetracycline,EW036_RS26095,genome,EW036_RS13250,genome,graph_context,2,EW036_RS26095;COG_P: Inorganic ion transport and metabolism;EW036_RS13250,member_of_cog_category;member_of_cog_category,annotation_mediated,bounded_BFS (<= 4 hops),annotation_mediated
B36,tet(A),tetracycline,EW036_RS26095,genome,EW036_RS13310,genome,graph_context,2,EW036_RS26095;COG_E: Amino acid transport and metabolism;EW036_RS13310,member_of_cog_category;member_of_cog_category,annotation_mediated,bounded_BFS (<= 4 hops),annotation_mediated
B36,tet(A),tetracycline,EW036_RS26095,genome,EW036_RS13320,genome,graph_context,2,EW036_RS26095;COG_E: Amino acid transport and metabolism;EW036_RS13320,member_of_cog_category;member_of_cog_category,annotation_mediated,bounded_BFS (<= 4 hops),annotation_mediated
B36,tet(A),tetracycline,EW036_RS26095,genome,EW036_RS13330,genome,graph_context,2,EW036_RS26095;COG_P: Inorganic ion transport and metabolism;EW036_RS13330,member_of_cog_category;member_of_cog_category,annotation_mediated,bounded_BFS (<= 4 hops),annotation_mediated
B36,tet(A),tetracycline,EW036_RS26095,genome,EW036_RS13335,genome,graph_context,2,EW036_RS26095;COG_G: Carbohydrate transport and metabolism;EW036_RS13335,member_of_cog_category;member_of_cog_category,annotation_mediated,bounded_BFS (<= 4 hops),annotation_mediated
B36,tet(A),tetracycline,EW036_RS26095,genome,EW036_RS13340,genome,graph_context,2,EW036_RS26095;COG_G: Carbohydrate transport and metabolism;EW036_RS13340,member_of_cog_category;member_of_cog_category,annotation_mediated,bounded_BFS (<= 4 hops),annotation_mediated
B36,tet(A),tetracycline,EW036_RS26095,genome,EW036_RS13345,genome,graph_context,2,EW036_RS26095;COG_G: Carbohydrate transport and metabolism;EW036_RS13345,member_of_cog_category;member_of_cog_category,annotation_mediated,bounded_BFS (<= 4 hops),annotation_mediated
B36,tet(A),tetracycline,EW036_RS26095,genome,EW036_RS13480,genome,graph_context,2,EW036_RS26095;COG_E: Amino acid transport and metabolism;EW036_RS13480,member_of_cog_category;member_of_cog_category,annotation_mediated,bounded_BFS (<= 4 hops),annotation_mediated
B36,tet(A),tetracycline,EW036_RS26095,genome,EW036_RS13505,genome,graph_context,2,EW036_RS26095;COG_G: Carbohydrate transport and metabolism;EW036_RS13505,member_of_cog_category;member_of_cog_category,annotation_mediated,bounded_BFS (<= 4 hops),annotation_mediated
B36,tet(A),tetracycline,EW036_RS26095,genome,EW036_RS13510,genome,graph_context,2,EW036_RS26095;COG_G: Carbohydrate transport and metabolism;EW036_RS13510,member_of_cog_category;member_of_cog_category,annotation_mediated,bounded_BFS (<= 4 hops),annotation_mediated
B36,tet(A),tetracycline,EW036_RS26095,genome,EW036_RS13540,genome,graph_context,2,EW036_RS26095;COG_P: Inorganic ion transport and metabolism;EW036_RS13540,member_of_cog_category;member_of_cog_category,annotation_mediated,bounded_BFS (<= 4 hops),annotation_mediated
B36,tet(A),tetracycline,EW036_RS26095,genome,EW036_RS13545,genome,graph_context,2,EW036_RS26095;COG_P: Inorganic ion transport and metabolism;EW036_RS13545,member_of_cog_category;member_of_cog_category,annotation_mediated,bounded_BFS (<= 4 hops),annotation_mediated
B36,tet(A),tetracycline,EW036_RS26095,genome,EW036_RS13635,genome,graph_context,2,EW036_RS26095;COG_P: Inorganic ion transport and metabolism;EW036_RS13635,member_of_cog_category;member_of_cog_category,annotation_mediated,bounded_BFS (<= 4 hops),annotation_mediated
B36,tet(A),tetracycline,EW036_RS26095,genome,EW036_RS13730,genome,graph_context,2,EW036_RS26095;COG_G: Carbohydrate transport and metabolism;EW036_RS13730,member_of_cog_category;member_of_cog_category,annotation_mediated,bounded_BFS (<= 4 hops),annotation_mediated
B36,tet(A),tetracycline,EW036_RS26095,genome,EW036_RS13735,genome,graph_context,2,EW036_RS26095;COG_G: Carbohydrate transport and metabolism;EW036_RS13735,member_of_cog_category;member_of_cog_category,annotation_mediated,bounded_BFS (<= 4 hops),annotation_mediated
B36,tet(A),tetracycline,EW036_RS26095,genome,EW036_RS13745,genome,graph_context,2,EW036_RS26095;COG_P: Inorganic ion transport and metabolism;EW036_RS13745,member_of_cog_category;member_of_cog_category,annotation_mediated,bounded_BFS (<= 4 hops),annotation_mediated
B36,tet(A),tetracycline,EW036_RS26095,genome,EW036_RS13750,genome,graph_context,2,EW036_RS26095;COG_G: Carbohydrate transport and metabolism;EW036_RS13750,member_of_cog_category;member_of_cog_category,annotation_mediated,bounded_BFS (<= 4 hops),annotation_mediated
B36,tet(A),tetracycline,EW036_RS26095,genome,EW036_RS13775,genome,graph_context,2,EW036_RS26095;COG_P: Inorganic ion transport and metabolism;EW036_RS13775,member_of_cog_category;member_of_cog_category,annotation_mediated,bounded_BFS (<= 4 hops),annotation_mediated
B36,tet(A),tetracycline,EW036_RS26095,genome,EW036_RS13975,genome,graph_context,2,EW036_RS26095;COG_E: Amino acid transport and metabolism;EW036_RS13975,member_of_cog_category;member_of_cog_category,annotation_mediated,bounded_BFS (<= 4 hops),annotation_mediated
B36,tet(A),tetracycline,EW036_RS26095,genome,EW036_RS14135,genome,graph_context,2,EW036_RS26095;COG_P: Inorganic ion transport and metabolism;EW036_RS14135,member_of_cog_category;member_of_cog_category,annotation_mediated,bounded_BFS (<= 4 hops),annotation_mediated
B36,tet(A),tetracycline,EW036_RS26095,genome,EW036_RS14140,genome,graph_context,2,EW036_RS26095;COG_P: Inorganic ion transport and metabolism;EW036_RS14140,member_of_cog_category;member_of_cog_category,annotation_mediated,bounded_BFS (<= 4 hops),annotation_mediated
B36,tet(A),tetracycline,EW036_RS26095,genome,EW036_RS14145,genome,graph_context,2,EW036_RS26095;COG_E: Amino acid transport and metabolism;EW036_RS14145,member_of_cog_category;member_of_cog_category,annotation_mediated,bounded_BFS (<= 4 hops),annotation_mediated
B36,tet(A),tetracycline,EW036_RS26095,genome,EW036_RS14150,genome,graph_context,2,EW036_RS26095;COG_E: Amino acid transport and metabolism;EW036_RS14150,member_of_cog_category;member_of_cog_category,annotation_mediated,bounded_BFS (<= 4 hops),annotation_mediated
B36,tet(A),tetracycline,EW036_RS26095,genome,EW036_RS14185,genome,graph_context,2,EW036_RS26095;COG_G: Carbohydrate transport and metabolism;EW036_RS14185,member_of_cog_category;member_of_cog_category,annotation_mediated,bounded_BFS (<= 4 hops),annotation_mediated
B36,tet(A),tetracycline,EW036_RS26095,genome,EW036_RS15105,genome,graph_context,2,EW036_RS26095;COG_P: Inorganic ion transport and metabolism;EW036_RS15105,member_of_cog_category;member_of_cog_category,annotation_mediated,bounded_BFS (<= 4 hops),annotation_mediated
B36,tet(A),tetracycline,EW036_RS26095,genome,EW036_RS15305,genome,graph_context,2,EW036_RS26095;COG_G: Carbohydrate transport and metabolism;EW036_RS15305,member_of_cog_category;member_of_cog_category,annotation_mediated,bounded_BFS (<= 4 hops),annotation_mediated
B36,tet(A),tetracycline,EW036_RS26095,genome,EW036_RS15335,genome,graph_context,2,EW036_RS26095;COG_E: Amino acid transport and metabolism;EW036_RS15335,member_of_cog_category;member_of_cog_category,annotation_mediated,bounded_BFS (<= 4 hops),annotation_mediated
B36,tet(A),tetracycline,EW036_RS26095,genome,EW036_RS15340,genome,graph_context,2,EW036_RS26095;COG_E: Amino acid transport and metabolism;EW036_RS15340,member_of_cog_category;member_of_cog_category,annotation_mediated,bounded_BFS (<= 4 hops),annotation_mediated
B36,tet(A),tetracycline,EW036_RS26095,genome,EW036_RS15345,genome,graph_context,2,EW036_RS26095;COG_E: Amino acid transport and metabolism;EW036_RS15345,member_of_cog_category;member_of_cog_category,annotation_mediated,bounded_BFS (<= 4 hops),annotation_mediated
B36,tet(A),tetracycline,EW036_RS26095,genome,EW036_RS15350,genome,graph_context,2,EW036_RS26095;COG_E: Amino acid transport and metabolism;EW036_RS15350,member_of_cog_category;member_of_cog_category,annotation_mediated,bounded_BFS (<= 4 hops),annotation_mediated
B36,tet(A),tetracycline,EW036_RS26095,genome,EW036_RS15355,genome,graph_context,2,EW036_RS26095;COG_E: Amino acid transport and metabolism;EW036_RS15355,member_of_cog_category;member_of_cog_category,annotation_mediated,bounded_BFS (<= 4 hops),annotation_mediated
B36,tet(A),tetracycline,EW036_RS26095,genome,EW036_RS15360,genome,graph_context,2,EW036_RS26095;COG_E: Amino acid transport and metabolism;EW036_RS15360,member_of_cog_category;member_of_cog_category,annotation_mediated,bounded_BFS (<= 4 hops),annotation_mediated
B36,tet(A),tetracycline,EW036_RS26095,genome,EW036_RS15865,genome,graph_context,2,EW036_RS26095;COG_P: Inorganic ion transport and metabolism;EW036_RS15865,member_of_cog_category;member_of_cog_category,annotation_mediated,bounded_BFS (<= 4 hops),annotation_mediated
B36,tet(A),tetracycline,EW036_RS26095,genome,EW036_RS15880,genome,graph_context,2,EW036_RS26095;COG_G: Carbohydrate transport and metabolism;EW036_RS15880,member_of_cog_category;member_of_cog_category,annotation_mediated,bounded_BFS (<= 4 hops),annotation_mediated
B36,tet(A),tetracycline,EW036_RS26095,genome,EW036_RS15965,genome,graph_context,2,EW036_RS26095;COG_P: Inorganic ion transport and metabolism;EW036_RS15965,member_of_cog_category;member_of_cog_category,annotation_mediated,bounded_BFS (<= 4 hops),annotation_mediated
B36,tet(A),tetracycline,EW036_RS26095,genome,EW036_RS15970,genome,graph_context,2,EW036_RS26095;COG_G: Carbohydrate transport and metabolism;EW036_RS15970,member_of_cog_category;member_of_cog_category,annotation_mediated,bounded_BFS (<= 4 hops),annotation_mediated
B36,tet(A),tetracycline,EW036_RS26095,genome,EW036_RS15995,genome,graph_context,2,EW036_RS26095;COG_P: Inorganic ion transport and metabolism;EW036_RS15995,member_of_cog_category;member_of_cog_category,annotation_mediated,bounded_BFS (<= 4 hops),annotation_mediated
B36,tet(A),tetracycline,EW036_RS26095,genome,EW036_RS16025,genome,graph_context,2,EW036_RS26095;COG_G: Carbohydrate transport and metabolism;EW036_RS16025,member_of_cog_category;member_of_cog_category,annotation_mediated,bounded_BFS (<= 4 hops),annotation_mediated
B36,tet(A),tetracycline,EW036_RS26095,genome,EW036_RS16055,genome,graph_context,2,EW036_RS26095;COG_G: Carbohydrate transport and metabolism;EW036_RS16055,member_of_cog_category;member_of_cog_category,annotation_mediated,bounded_BFS (<= 4 hops),annotation_mediated
B36,tet(A),tetracycline,EW036_RS26095,genome,EW036_RS16065,genome,graph_context,2,EW036_RS26095;COG_G: Carbohydrate transport and metabolism;EW036_RS16065,member_of_cog_category;member_of_cog_category,annotation_mediated,bounded_BFS (<= 4 hops),annotation_mediated
B36,tet(A),tetracycline,EW036_RS26095,genome,EW036_RS16085,genome,graph_context,2,EW036_RS26095;COG_G: Carbohydrate transport and metabolism;EW036_RS16085,member_of_cog_category;member_of_cog_category,annotation_mediated,bounded_BFS (<= 4 hops),annotation_mediated
B36,tet(A),tetracycline,EW036_RS26095,genome,EW036_RS16110,genome,graph_context,2,EW036_RS26095;COG_E: Amino acid transport and metabolism;EW036_RS16110,member_of_cog_category;member_of_cog_category,annotation_mediated,bounded_BFS (<= 4 hops),annotation_mediated
B36,tet(A),tetracycline,EW036_RS26095,genome,EW036_RS16125,genome,graph_context,2,EW036_RS26095;COG_P: Inorganic ion transport and metabolism;EW036_RS16125,member_of_cog_category;member_of_cog_category,annotation_mediated,bounded_BFS (<= 4 hops),annotation_mediated
B36,tet(A),tetracycline,EW036_RS26095,genome,EW036_RS16185,genome,graph_context,2,EW036_RS26095;COG_P: Inorganic ion transport and metabolism;EW036_RS16185,member_of_cog_category;member_of_cog_category,annotation_mediated,bounded_BFS (<= 4 hops),annotation_mediated
B36,tet(A),tetracycline,EW036_RS26095,genome,EW036_RS16650,genome,graph_context,2,EW036_RS26095;COG_E: Amino acid transport and metabolism;EW036_RS16650,member_of_cog_category;member_of_cog_category,annotation_mediated,bounded_BFS (<= 4 hops),annotation_mediated
B36,tet(A),tetracycline,EW036_RS26095,genome,EW036_RS16670,genome,graph_context,2,EW036_RS26095;COG_P: Inorganic ion transport and metabolism;EW036_RS16670,member_of_cog_category;member_of_cog_category,annotation_mediated,bounded_BFS (<= 4 hops),annotation_mediated
B36,tet(A),tetracycline,EW036_RS26095,genome,EW036_RS17010,genome,graph_context,2,EW036_RS26095;COG_P: Inorganic ion transport and metabolism;EW036_RS17010,member_of_cog_category;member_of_cog_category,annotation_mediated,bounded_BFS (<= 4 hops),annotation_mediated
B36,tet(A),tetracycline,EW036_RS26095,genome,EW036_RS17015,genome,graph_context,2,EW036_RS26095;COG_P: Inorganic ion transport and metabolism;EW036_RS17015,member_of_cog_category;member_of_cog_category,annotation_mediated,bounded_BFS (<= 4 hops),annotation_mediated
B36,tet(A),tetracycline,EW036_RS26095,genome,EW036_RS17095,genome,graph_context,2,EW036_RS26095;COG_E: Amino acid transport and metabolism;EW036_RS17095,member_of_cog_category;member_of_cog_category,annotation_mediated,bounded_BFS (<= 4 hops),annotation_mediated
B36,tet(A),tetracycline,EW036_RS26095,genome,EW036_RS17100,genome,graph_context,2,EW036_RS26095;COG_G: Carbohydrate transport and metabolism;EW036_RS17100,member_of_cog_category;member_of_cog_category,annotation_mediated,bounded_BFS (<= 4 hops),annotation_mediated
B36,tet(A),tetracycline,EW036_RS26095,genome,EW036_RS17125,genome,graph_context,2,EW036_RS26095;COG_P: Inorganic ion transport and metabolism;EW036_RS17125,member_of_cog_category;member_of_cog_category,annotation_mediated,bounded_BFS (<= 4 hops),annotation_mediated
B36,tet(A),tetracycline,EW036_RS26095,genome,EW036_RS17130,genome,graph_context,2,EW036_RS26095;COG_E: Amino acid transport and metabolism;EW036_RS17130,member_of_cog_category;member_of_cog_category,annotation_mediated,bounded_BFS (<= 4 hops),annotation_mediated
B36,tet(A),tetracycline,EW036_RS26095,genome,EW036_RS17135,genome,graph_context,2,EW036_RS26095;COG_P: Inorganic ion transport and metabolism;EW036_RS17135,member_of_cog_category;member_of_cog_category,annotation_mediated,bounded_BFS (<= 4 hops),annotation_mediated
B36,tet(A),tetracycline,EW036_RS26095,genome,EW036_RS17145,genome,graph_context,2,EW036_RS26095;COG_E: Amino acid transport and metabolism;EW036_RS17145,member_of_cog_category;member_of_cog_category,annotation_mediated,bounded_BFS (<= 4 hops),annotation_mediated
B36,tet(A),tetracycline,EW036_RS26095,genome,EW036_RS17175,genome,graph_context,2,EW036_RS26095;COG_P: Inorganic ion transport and metabolism;EW036_RS17175,member_of_cog_category;member_of_cog_category,annotation_mediated,bounded_BFS (<= 4 hops),annotation_mediated
B36,tet(A),tetracycline,EW036_RS26095,genome,EW036_RS17285,genome,graph_context,2,EW036_RS26095;COG_P: Inorganic ion transport and metabolism;EW036_RS17285,member_of_cog_category;member_of_cog_category,annotation_mediated,bounded_BFS (<= 4 hops),annotation_mediated
B36,tet(A),tetracycline,EW036_RS26095,genome,EW036_RS17295,genome,graph_context,2,EW036_RS26095;COG_E: Amino acid transport and metabolism;EW036_RS17295,member_of_cog_category;member_of_cog_category,annotation_mediated,bounded_BFS (<= 4 hops),annotation_mediated
B36,tet(A),tetracycline,EW036_RS26095,genome,EW036_RS17300,genome,graph_context,2,EW036_RS26095;COG_P: Inorganic ion transport and metabolism;EW036_RS17300,member_of_cog_category;member_of_cog_category,annotation_mediated,bounded_BFS (<= 4 hops),annotation_mediated
B36,tet(A),tetracycline,EW036_RS26095,genome,EW036_RS17305,genome,graph_context,2,EW036_RS26095;COG_E: Amino acid transport and metabolism;EW036_RS17305,member_of_cog_category;member_of_cog_category,annotation_mediated,bounded_BFS (<= 4 hops),annotation_mediated
B36,tet(A),tetracycline,EW036_RS26095,genome,EW036_RS17320,genome,graph_context,2,EW036_RS26095;COG_G: Carbohydrate transport and metabolism;EW036_RS17320,member_of_cog_category;member_of_cog_category,annotation_mediated,bounded_BFS (<= 4 hops),annotation_mediated
B36,tet(A),tetracycline,EW036_RS26095,genome,EW036_RS17385,genome,graph_context,2,EW036_RS26095;COG_P: Inorganic ion transport and metabolism;EW036_RS17385,member_of_cog_category;member_of_cog_category,annotation_mediated,bounded_BFS (<= 4 hops),annotation_mediated
B36,tet(A),tetracycline,EW036_RS26095,genome,EW036_RS17390,genome,graph_context,2,EW036_RS26095;COG_E: Amino acid transport and metabolism;EW036_RS17390,member_of_cog_category;member_of_cog_category,annotation_mediated,bounded_BFS (<= 4 hops),annotation_mediated
B36,tet(A),tetracycline,EW036_RS26095,genome,EW036_RS17400,genome,graph_context,2,EW036_RS26095;COG_E: Amino acid transport and metabolism;EW036_RS17400,member_of_cog_category;member_of_cog_category,annotation_mediated,bounded_BFS (<= 4 hops),annotation_mediated
B36,tet(A),tetracycline,EW036_RS26095,genome,EW036_RS17445,genome,graph_context,2,EW036_RS26095;COG_E: Amino acid transport and metabolism;EW036_RS17445,member_of_cog_category;member_of_cog_category,annotation_mediated,bounded_BFS (<= 4 hops),annotation_mediated
B36,tet(A),tetracycline,EW036_RS26095,genome,EW036_RS17620,genome,graph_context,2,EW036_RS26095;COG_P: Inorganic ion transport and metabolism;EW036_RS17620,member_of_cog_category;member_of_cog_category,annotation_mediated,bounded_BFS (<= 4 hops),annotation_mediated
B36,tet(A),tetracycline,EW036_RS26095,genome,EW036_RS17630,genome,graph_context,2,EW036_RS26095;COG_P: Inorganic ion transport and metabolism;EW036_RS17630,member_of_cog_category;member_of_cog_category,annotation_mediated,bounded_BFS (<= 4 hops),annotation_mediated
B36,tet(A),tetracycline,EW036_RS26095,genome,EW036_RS17645,genome,graph_context,2,EW036_RS26095;COG_P: Inorganic ion transport and metabolism;EW036_RS17645,member_of_cog_category;member_of_cog_category,annotation_mediated,bounded_BFS (<= 4 hops),annotation_mediated
B36,tet(A),tetracycline,EW036_RS26095,genome,EW036_RS17665,genome,graph_context,2,EW036_RS26095;COG_G: Carbohydrate transport and metabolism;EW036_RS17665,member_of_cog_category;member_of_cog_category,annotation_mediated,bounded_BFS (<= 4 hops),annotation_mediated
B36,tet(A),tetracycline,EW036_RS26095,genome,EW036_RS17675,genome,graph_context,2,EW036_RS26095;COG_E: Amino acid transport and metabolism;EW036_RS17675,member_of_cog_category;member_of_cog_category,annotation_mediated,bounded_BFS (<= 4 hops),annotation_mediated
B36,tet(A),tetracycline,EW036_RS26095,genome,EW036_RS17925,genome,graph_context,2,EW036_RS26095;COG_E: Amino acid transport and metabolism;EW036_RS17925,member_of_cog_category;member_of_cog_category,annotation_mediated,bounded_BFS (<= 4 hops),annotation_mediated
B36,tet(A),tetracycline,EW036_RS26095,genome,EW036_RS17930,genome,graph_context,2,EW036_RS26095;COG_E: Amino acid transport and metabolism;EW036_RS17930,member_of_cog_category;member_of_cog_category,annotation_mediated,bounded_BFS (<= 4 hops),annotation_mediated
B36,tet(A),tetracycline,EW036_RS26095,genome,EW036_RS18000,genome,graph_context,2,EW036_RS26095;COG_E: Amino acid transport and metabolism;EW036_RS18000,member_of_cog_category;member_of_cog_category,annotation_mediated,bounded_BFS (<= 4 hops),annotation_mediated
B36,tet(A),tetracycline,EW036_RS26095,genome,EW036_RS18010,genome,graph_context,2,EW036_RS26095;COG_G: Carbohydrate transport and metabolism;EW036_RS18010,member_of_cog_category;member_of_cog_category,annotation_mediated,bounded_BFS (<= 4 hops),annotation_mediated
B36,tet(A),tetracycline,EW036_RS26095,genome,EW036_RS18105,genome,graph_context,2,EW036_RS26095;COG_G: Carbohydrate transport and metabolism;EW036_RS18105,member_of_cog_category;member_of_cog_category,annotation_mediated,bounded_BFS (<= 4 hops),annotation_mediated
B36,tet(A),tetracycline,EW036_RS26095,genome,EW036_RS18115,genome,graph_context,2,EW036_RS26095;COG_G: Carbohydrate transport and metabolism;EW036_RS18115,member_of_cog_category;member_of_cog_category,annotation_mediated,bounded_BFS (<= 4 hops),annotation_mediated
B36,tet(A),tetracycline,EW036_RS26095,genome,EW036_RS18125,genome,graph_context,2,EW036_RS26095;COG_G: Carbohydrate transport and metabolism;EW036_RS18125,member_of_cog_category;member_of_cog_category,annotation_mediated,bounded_BFS (<= 4 hops),annotation_mediated
B36,tet(A),tetracycline,EW036_RS26095,genome,EW036_RS18130,genome,graph_context,2,EW036_RS26095;COG_E: Amino acid transport and metabolism;EW036_RS18130,member_of_cog_category;member_of_cog_category,annotation_mediated,bounded_BFS (<= 4 hops),annotation_mediated
B36,tet(A),tetracycline,EW036_RS26095,genome,EW036_RS18195,genome,graph_context,2,EW036_RS26095;COG_P: Inorganic ion transport and metabolism;EW036_RS18195,member_of_cog_category;member_of_cog_category,annotation_mediated,bounded_BFS (<= 4 hops),annotation_mediated
B36,tet(A),tetracycline,EW036_RS26095,genome,EW036_RS18215,genome,graph_context,2,EW036_RS26095;COG_E: Amino acid transport and metabolism;EW036_RS18215,member_of_cog_category;member_of_cog_category,annotation_mediated,bounded_BFS (<= 4 hops),annotation_mediated
B36,tet(A),tetracycline,EW036_RS26095,genome,EW036_RS18230,genome,graph_context,2,EW036_RS26095;COG_P: Inorganic ion transport and metabolism;EW036_RS18230,member_of_cog_category;member_of_cog_category,annotation_mediated,bounded_BFS (<= 4 hops),annotation_mediated
B36,tet(A),tetracycline,EW036_RS26095,genome,EW036_RS18465,genome,graph_context,2,EW036_RS26095;COG_E: Amino acid transport and metabolism;EW036_RS18465,member_of_cog_category;member_of_cog_category,annotation_mediated,bounded_BFS (<= 4 hops),annotation_mediated
B36,tet(A),tetracycline,EW036_RS26095,genome,EW036_RS18510,genome,graph_context,2,EW036_RS26095;COG_P: Inorganic ion transport and metabolism;EW036_RS18510,member_of_cog_category;member_of_cog_category,annotation_mediated,bounded_BFS (<= 4 hops),annotation_mediated
B36,tet(A),tetracycline,EW036_RS26095,genome,EW036_RS18560,genome,graph_context,2,EW036_RS26095;COG_P: Inorganic ion transport and metabolism;EW036_RS18560,member_of_cog_category;member_of_cog_category,annotation_mediated,bounded_BFS (<= 4 hops),annotation_mediated
B36,tet(A),tetracycline,EW036_RS26095,genome,EW036_RS18590,genome,graph_context,2,EW036_RS26095;COG_G: Carbohydrate transport and metabolism;EW036_RS18590,member_of_cog_category;member_of_cog_category,annotation_mediated,bounded_BFS (<= 4 hops),annotation_mediated
B36,tet(A),tetracycline,EW036_RS26095,genome,EW036_RS18665,genome,graph_context,2,EW036_RS26095;COG_P: Inorganic ion transport and metabolism;EW036_RS18665,member_of_cog_category;member_of_cog_category,annotation_mediated,bounded_BFS (<= 4 hops),annotation_mediated
B36,tet(A),tetracycline,EW036_RS26095,genome,EW036_RS18900,genome,graph_context,2,EW036_RS26095;COG_P: Inorganic ion transport and metabolism;EW036_RS18900,member_of_cog_category;member_of_cog_category,annotation_mediated,bounded_BFS (<= 4 hops),annotation_mediated
B36,tet(A),tetracycline,EW036_RS26095,genome,EW036_RS18925,genome,graph_context,2,EW036_RS26095;COG_P: Inorganic ion transport and metabolism;EW036_RS18925,member_of_cog_category;member_of_cog_category,annotation_mediated,bounded_BFS (<= 4 hops),annotation_mediated
B36,tet(A),tetracycline,EW036_RS26095,genome,EW036_RS18955,genome,graph_context,2,EW036_RS26095;COG_E: Amino acid transport and metabolism;EW036_RS18955,member_of_cog_category;member_of_cog_category,annotation_mediated,bounded_BFS (<= 4 hops),annotation_mediated
B36,tet(A),tetracycline,EW036_RS26095,genome,EW036_RS18960,genome,graph_context,2,EW036_RS26095;COG_P: Inorganic ion transport and metabolism;EW036_RS18960,member_of_cog_category;member_of_cog_category,annotation_mediated,bounded_BFS (<= 4 hops),annotation_mediated
B36,tet(A),tetracycline,EW036_RS26095,genome,EW036_RS19005,genome,graph_context,2,EW036_RS26095;COG_P: Inorganic ion transport and metabolism;EW036_RS19005,member_of_cog_category;member_of_cog_category,annotation_mediated,bounded_BFS (<= 4 hops),annotation_mediated
B36,tet(A),tetracycline,EW036_RS26095,genome,EW036_RS19380,genome,graph_context,2,EW036_RS26095;COG_G: Carbohydrate transport and metabolism;EW036_RS19380,member_of_cog_category;member_of_cog_category,annotation_mediated,bounded_BFS (<= 4 hops),annotation_mediated
B36,tet(A),tetracycline,EW036_RS26095,genome,EW036_RS19420,genome,graph_context,2,EW036_RS26095;COG_G: Carbohydrate transport and metabolism;EW036_RS19420,member_of_cog_category;member_of_cog_category,annotation_mediated,bounded_BFS (<= 4 hops),annotation_mediated
B36,tet(A),tetracycline,EW036_RS26095,genome,EW036_RS19465,genome,graph_context,2,EW036_RS26095;COG_E: Amino acid transport and metabolism;EW036_RS19465,member_of_cog_category;member_of_cog_category,annotation_mediated,bounded_BFS (<= 4 hops),annotation_mediated
B36,tet(A),tetracycline,EW036_RS26095,genome,EW036_RS19620,genome,graph_context,2,EW036_RS26095;COG_G: Carbohydrate transport and metabolism;EW036_RS19620,member_of_cog_category;member_of_cog_category,annotation_mediated,bounded_BFS (<= 4 hops),annotation_mediated
B36,tet(A),tetracycline,EW036_RS26095,genome,EW036_RS19660,genome,graph_context,2,EW036_RS26095;COG_G: Carbohydrate transport and metabolism;EW036_RS19660,member_of_cog_category;member_of_cog_category,annotation_mediated,bounded_BFS (<= 4 hops),annotation_mediated
B36,tet(A),tetracycline,EW036_RS26095,genome,EW036_RS19750,genome,graph_context,2,EW036_RS26095;COG_E: Amino acid transport and metabolism;EW036_RS19750,member_of_cog_category;member_of_cog_category,annotation_mediated,bounded_BFS (<= 4 hops),annotation_mediated
B36,tet(A),tetracycline,EW036_RS26095,genome,EW036_RS20010,genome,graph_context,2,EW036_RS26095;COG_E: Amino acid transport and metabolism;EW036_RS20010,member_of_cog_category;member_of_cog_category,annotation_mediated,bounded_BFS (<= 4 hops),annotation_mediated
B36,tet(A),tetracycline,EW036_RS26095,genome,EW036_RS20040,genome,graph_context,2,EW036_RS26095;COG_E: Amino acid transport and metabolism;EW036_RS20040,member_of_cog_category;member_of_cog_category,annotation_mediated,bounded_BFS (<= 4 hops),annotation_mediated
B36,tet(A),tetracycline,EW036_RS26095,genome,EW036_RS20315,genome,graph_context,2,EW036_RS26095;COG_G: Carbohydrate transport and metabolism;EW036_RS20315,member_of_cog_category;member_of_cog_category,annotation_mediated,bounded_BFS (<= 4 hops),annotation_mediated
B36,tet(A),tetracycline,EW036_RS26095,genome,EW036_RS20420,genome,graph_context,2,EW036_RS26095;COG_P: Inorganic ion transport and metabolism;EW036_RS20420,member_of_cog_category;member_of_cog_category,annotation_mediated,bounded_BFS (<= 4 hops),annotation_mediated
B36,tet(A),tetracycline,EW036_RS26095,genome,EW036_RS20425,genome,graph_context,2,EW036_RS26095;COG_P: Inorganic ion transport and metabolism;EW036_RS20425,member_of_cog_category;member_of_cog_category,annotation_mediated,bounded_BFS (<= 4 hops),annotation_mediated
B36,tet(A),tetracycline,EW036_RS26095,genome,EW036_RS20430,genome,graph_context,2,EW036_RS26095;COG_P: Inorganic ion transport and metabolism;EW036_RS20430,member_of_cog_category;member_of_cog_category,annotation_mediated,bounded_BFS (<= 4 hops),annotation_mediated
B36,tet(A),tetracycline,EW036_RS26095,genome,EW036_RS20485,genome,graph_context,2,EW036_RS26095;COG_E: Amino acid transport and metabolism;EW036_RS20485,member_of_cog_category;member_of_cog_category,annotation_mediated,bounded_BFS (<= 4 hops),annotation_mediated
B36,tet(A),tetracycline,EW036_RS26095,genome,EW036_RS20490,genome,graph_context,2,EW036_RS26095;COG_E: Amino acid transport and metabolism;EW036_RS20490,member_of_cog_category;member_of_cog_category,annotation_mediated,bounded_BFS (<= 4 hops),annotation_mediated
B36,tet(A),tetracycline,EW036_RS26095,genome,EW036_RS20580,genome,graph_context,2,EW036_RS26095;COG_E: Amino acid transport and metabolism;EW036_RS20580,member_of_cog_category;member_of_cog_category,annotation_mediated,bounded_BFS (<= 4 hops),annotation_mediated
B36,tet(A),tetracycline,EW036_RS26095,genome,EW036_RS20590,genome,graph_context,2,EW036_RS26095;COG_E: Amino acid transport and metabolism;EW036_RS20590,member_of_cog_category;member_of_cog_category,annotation_mediated,bounded_BFS (<= 4 hops),annotation_mediated
B36,tet(A),tetracycline,EW036_RS26095,genome,EW036_RS20620,genome,graph_context,2,EW036_RS26095;COG_P: Inorganic ion transport and metabolism;EW036_RS20620,member_of_cog_category;member_of_cog_category,annotation_mediated,bounded_BFS (<= 4 hops),annotation_mediated
B36,tet(A),tetracycline,EW036_RS26095,genome,EW036_RS20660,genome,graph_context,2,EW036_RS26095;COG_P: Inorganic ion transport and metabolism;EW036_RS20660,member_of_cog_category;member_of_cog_category,annotation_mediated,bounded_BFS (<= 4 hops),annotation_mediated
B36,tet(A),tetracycline,EW036_RS26095,genome,EW036_RS20665,genome,graph_context,2,EW036_RS26095;COG_P: Inorganic ion transport and metabolism;EW036_RS20665,member_of_cog_category;member_of_cog_category,annotation_mediated,bounded_BFS (<= 4 hops),annotation_mediated
B36,tet(A),tetracycline,EW036_RS26095,genome,EW036_RS20810,genome,graph_context,2,EW036_RS26095;COG_P: Inorganic ion transport and metabolism;EW036_RS20810,member_of_cog_category;member_of_cog_category,annotation_mediated,bounded_BFS (<= 4 hops),annotation_mediated
B36,tet(A),tetracycline,EW036_RS26095,genome,EW036_RS20820,genome,graph_context,2,EW036_RS26095;COG_G: Carbohydrate transport and metabolism;EW036_RS20820,member_of_cog_category;member_of_cog_category,annotation_mediated,bounded_BFS (<= 4 hops),annotation_mediated
B36,tet(A),tetracycline,EW036_RS26095,genome,EW036_RS20835,genome,graph_context,2,EW036_RS26095;COG_E: Amino acid transport and metabolism;EW036_RS20835,member_of_cog_category;member_of_cog_category,annotation_mediated,bounded_BFS (<= 4 hops),annotation_mediated
B36,tet(A),tetracycline,EW036_RS26095,genome,EW036_RS21080,genome,graph_context,2,EW036_RS26095;COG_E: Amino acid transport and metabolism;EW036_RS21080,member_of_cog_category;member_of_cog_category,annotation_mediated,bounded_BFS (<= 4 hops),annotation_mediated
B36,tet(A),tetracycline,EW036_RS26095,genome,EW036_RS21100,genome,graph_context,2,EW036_RS26095;COG_E: Amino acid transport and metabolism;EW036_RS21100,member_of_cog_category;member_of_cog_category,annotation_mediated,bounded_BFS (<= 4 hops),annotation_mediated
B36,tet(A),tetracycline,EW036_RS26095,genome,EW036_RS21105,genome,graph_context,2,EW036_RS26095;COG_E: Amino acid transport and metabolism;EW036_RS21105,member_of_cog_category;member_of_cog_category,annotation_mediated,bounded_BFS (<= 4 hops),annotation_mediated
B36,tet(A),tetracycline,EW036_RS26095,genome,EW036_RS21110,genome,graph_context,2,EW036_RS26095;COG_E: Amino acid transport and metabolism;EW036_RS21110,member_of_cog_category;member_of_cog_category,annotation_mediated,bounded_BFS (<= 4 hops),annotation_mediated
B36,tet(A),tetracycline,EW036_RS26095,genome,EW036_RS21115,genome,graph_context,2,EW036_RS26095;COG_E: Amino acid transport and metabolism;EW036_RS21115,member_of_cog_category;member_of_cog_category,annotation_mediated,bounded_BFS (<= 4 hops),annotation_mediated
B36,tet(A),tetracycline,EW036_RS26095,genome,EW036_RS21130,genome,graph_context,2,EW036_RS26095;COG_P: Inorganic ion transport and metabolism;EW036_RS21130,member_of_cog_category;member_of_cog_category,annotation_mediated,bounded_BFS (<= 4 hops),annotation_mediated
B36,tet(A),tetracycline,EW036_RS26095,genome,EW036_RS21140,genome,graph_context,2,EW036_RS26095;COG_P: Inorganic ion transport and metabolism;EW036_RS21140,member_of_cog_category;member_of_cog_category,annotation_mediated,bounded_BFS (<= 4 hops),annotation_mediated
B36,tet(A),tetracycline,EW036_RS26095,genome,EW036_RS21185,genome,graph_context,2,EW036_RS26095;COG_G: Carbohydrate transport and metabolism;EW036_RS21185,member_of_cog_category;member_of_cog_category,annotation_mediated,bounded_BFS (<= 4 hops),annotation_mediated
B36,tet(A),tetracycline,EW036_RS26095,genome,EW036_RS21235,genome,graph_context,2,EW036_RS26095;COG_P: Inorganic ion transport and metabolism;EW036_RS21235,member_of_cog_category;member_of_cog_category,annotation_mediated,bounded_BFS (<= 4 hops),annotation_mediated
B36,tet(A),tetracycline,EW036_RS26095,genome,EW036_RS21260,genome,graph_context,2,EW036_RS26095;COG_P: Inorganic ion transport and metabolism;EW036_RS21260,member_of_cog_category;member_of_cog_category,annotation_mediated,bounded_BFS (<= 4 hops),annotation_mediated
B36,tet(A),tetracycline,EW036_RS26095,genome,EW036_RS21340,genome,graph_context,2,EW036_RS26095;COG_E: Amino acid transport and metabolism;EW036_RS21340,member_of_cog_category;member_of_cog_category,annotation_mediated,bounded_BFS (<= 4 hops),annotation_mediated
B36,tet(A),tetracycline,EW036_RS26095,genome,EW036_RS21480,genome,graph_context,2,EW036_RS26095;COG_E: Amino acid transport and metabolism;EW036_RS21480,member_of_cog_category;member_of_cog_category,annotation_mediated,bounded_BFS (<= 4 hops),annotation_mediated
B36,tet(A),tetracycline,EW036_RS26095,genome,EW036_RS21490,genome,graph_context,2,EW036_RS26095;COG_E: Amino acid transport and metabolism;EW036_RS21490,member_of_cog_category;member_of_cog_category,annotation_mediated,bounded_BFS (<= 4 hops),annotation_mediated
B36,tet(A),tetracycline,EW036_RS26095,genome,EW036_RS21575,genome,graph_context,2,EW036_RS26095;COG_E: Amino acid transport and metabolism;EW036_RS21575,member_of_cog_category;member_of_cog_category,annotation_mediated,bounded_BFS (<= 4 hops),annotation_mediated
B36,tet(A),tetracycline,EW036_RS26095,genome,EW036_RS21600,genome,graph_context,2,EW036_RS26095;COG_G: Carbohydrate transport and metabolism;EW036_RS21600,member_of_cog_category;member_of_cog_category,annotation_mediated,bounded_BFS (<= 4 hops),annotation_mediated
B36,tet(A),tetracycline,EW036_RS26095,genome,EW036_RS21840,genome,graph_context,2,EW036_RS26095;COG_E: Amino acid transport and metabolism;EW036_RS21840,member_of_cog_category;member_of_cog_category,annotation_mediated,bounded_BFS (<= 4 hops),annotation_mediated
B36,tet(A),tetracycline,EW036_RS26095,genome,EW036_RS21880,genome,graph_context,2,EW036_RS26095;COG_E: Amino acid transport and metabolism;EW036_RS21880,member_of_cog_category;member_of_cog_category,annotation_mediated,bounded_BFS (<= 4 hops),annotation_mediated
B36,tet(A),tetracycline,EW036_RS26095,genome,EW036_RS21910,genome,graph_context,2,EW036_RS26095;COG_G: Carbohydrate transport and metabolism;EW036_RS21910,member_of_cog_category;member_of_cog_category,annotation_mediated,bounded_BFS (<= 4 hops),annotation_mediated
B36,tet(A),tetracycline,EW036_RS26095,genome,EW036_RS21915,genome,graph_context,2,EW036_RS26095;COG_G: Carbohydrate transport and metabolism;EW036_RS21915,member_of_cog_category;member_of_cog_category,annotation_mediated,bounded_BFS (<= 4 hops),annotation_mediated
B36,tet(A),tetracycline,EW036_RS26095,genome,EW036_RS22035,genome,graph_context,2,EW036_RS26095;COG_G: Carbohydrate transport and metabolism;EW036_RS22035,member_of_cog_category;member_of_cog_category,annotation_mediated,bounded_BFS (<= 4 hops),annotation_mediated
B36,tet(A),tetracycline,EW036_RS26095,genome,EW036_RS22055,genome,graph_context,2,EW036_RS26095;COG_G: Carbohydrate transport and metabolism;EW036_RS22055,member_of_cog_category;member_of_cog_category,annotation_mediated,bounded_BFS (<= 4 hops),annotation_mediated
B36,tet(A),tetracycline,EW036_RS26095,genome,EW036_RS22080,genome,graph_context,2,EW036_RS26095;COG_E: Amino acid transport and metabolism;EW036_RS22080,member_of_cog_category;member_of_cog_category,annotation_mediated,bounded_BFS (<= 4 hops),annotation_mediated
B36,tet(A),tetracycline,EW036_RS26095,genome,EW036_RS22105,genome,graph_context,2,EW036_RS26095;COG_E: Amino acid transport and metabolism;EW036_RS22105,member_of_cog_category;member_of_cog_category,annotation_mediated,bounded_BFS (<= 4 hops),annotation_mediated
B36,tet(A),tetracycline,EW036_RS26095,genome,EW036_RS22365,genome,graph_context,2,EW036_RS26095;COG_P: Inorganic ion transport and metabolism;EW036_RS22365,member_of_cog_category;member_of_cog_category,annotation_mediated,bounded_BFS (<= 4 hops),annotation_mediated
B36,tet(A),tetracycline,EW036_RS26095,genome,EW036_RS22370,genome,graph_context,2,EW036_RS26095;COG_P: Inorganic ion transport and metabolism;EW036_RS22370,member_of_cog_category;member_of_cog_category,annotation_mediated,bounded_BFS (<= 4 hops),annotation_mediated
B36,tet(A),tetracycline,EW036_RS26095,genome,EW036_RS22385,genome,graph_context,2,EW036_RS26095;COG_P: Inorganic ion transport and metabolism;EW036_RS22385,member_of_cog_category;member_of_cog_category,annotation_mediated,bounded_BFS (<= 4 hops),annotation_mediated
B36,tet(A),tetracycline,EW036_RS26095,genome,EW036_RS22520,genome,graph_context,2,EW036_RS26095;COG_E: Amino acid transport and metabolism;EW036_RS22520,member_of_cog_category;member_of_cog_category,annotation_mediated,bounded_BFS (<= 4 hops),annotation_mediated
B36,tet(A),tetracycline,EW036_RS26095,genome,EW036_RS22585,genome,graph_context,2,EW036_RS26095;COG_E: Amino acid transport and metabolism;EW036_RS22585,member_of_cog_category;member_of_cog_category,annotation_mediated,bounded_BFS (<= 4 hops),annotation_mediated
B36,tet(A),tetracycline,EW036_RS26095,genome,EW036_RS22615,genome,graph_context,2,EW036_RS26095;COG_E: Amino acid transport and metabolism;EW036_RS22615,member_of_cog_category;member_of_cog_category,annotation_mediated,bounded_BFS (<= 4 hops),annotation_mediated
B36,tet(A),tetracycline,EW036_RS26095,genome,EW036_RS22625,genome,graph_context,2,EW036_RS26095;COG_G: Carbohydrate transport and metabolism;EW036_RS22625,member_of_cog_category;member_of_cog_category,annotation_mediated,bounded_BFS (<= 4 hops),annotation_mediated
B36,tet(A),tetracycline,EW036_RS26095,genome,EW036_RS22665,genome,graph_context,2,EW036_RS26095;COG_P: Inorganic ion transport and metabolism;EW036_RS22665,member_of_cog_category;member_of_cog_category,annotation_mediated,bounded_BFS (<= 4 hops),annotation_mediated
B36,tet(A),tetracycline,EW036_RS26095,genome,EW036_RS22720,genome,graph_context,2,EW036_RS26095;COG_G: Carbohydrate transport and metabolism;EW036_RS22720,member_of_cog_category;member_of_cog_category,annotation_mediated,bounded_BFS (<= 4 hops),annotation_mediated
B36,tet(A),tetracycline,EW036_RS26095,genome,EW036_RS22740,genome,graph_context,2,EW036_RS26095;COG_G: Carbohydrate transport and metabolism;EW036_RS22740,member_of_cog_category;member_of_cog_category,annotation_mediated,bounded_BFS (<= 4 hops),annotation_mediated
B36,tet(A),tetracycline,EW036_RS26095,genome,EW036_RS22780,genome,graph_context,2,EW036_RS26095;COG_P: Inorganic ion transport and metabolism;EW036_RS22780,member_of_cog_category;member_of_cog_category,annotation_mediated,bounded_BFS (<= 4 hops),annotation_mediated
B36,tet(A),tetracycline,EW036_RS26095,genome,EW036_RS22795,genome,graph_context,2,EW036_RS26095;COG_P: Inorganic ion transport and metabolism;EW036_RS22795,member_of_cog_category;member_of_cog_category,annotation_mediated,bounded_BFS (<= 4 hops),annotation_mediated
B36,tet(A),tetracycline,EW036_RS26095,genome,EW036_RS22825,genome,graph_context,2,EW036_RS26095;COG_E: Amino acid transport and metabolism;EW036_RS22825,member_of_cog_category;member_of_cog_category,annotation_mediated,bounded_BFS (<= 4 hops),annotation_mediated
B36,tet(A),tetracycline,EW036_RS26095,genome,EW036_RS22940,genome,graph_context,2,EW036_RS26095;COG_G: Carbohydrate transport and metabolism;EW036_RS22940,member_of_cog_category;member_of_cog_category,annotation_mediated,bounded_BFS (<= 4 hops),annotation_mediated
B36,tet(A),tetracycline,EW036_RS26095,genome,EW036_RS23230,genome,graph_context,2,EW036_RS26095;COG_E: Amino acid transport and metabolism;EW036_RS23230,member_of_cog_category;member_of_cog_category,annotation_mediated,bounded_BFS (<= 4 hops),annotation_mediated
B36,tet(A),tetracycline,EW036_RS26095,genome,EW036_RS23275,genome,graph_context,2,EW036_RS26095;COG_E: Amino acid transport and metabolism;EW036_RS23275,member_of_cog_category;member_of_cog_category,annotation_mediated,bounded_BFS (<= 4 hops),annotation_mediated
B36,tet(A),tetracycline,EW036_RS26095,genome,EW036_RS23375,genome,graph_context,2,EW036_RS26095;COG_G: Carbohydrate transport and metabolism;EW036_RS23375,member_of_cog_category;member_of_cog_category,annotation_mediated,bounded_BFS (<= 4 hops),annotation_mediated
B36,tet(A),tetracycline,EW036_RS26095,genome,EW036_RS23420,genome,graph_context,2,EW036_RS26095;COG_G: Carbohydrate transport and metabolism;EW036_RS23420,member_of_cog_category;member_of_cog_category,annotation_mediated,bounded_BFS (<= 4 hops),annotation_mediated
B36,tet(A),tetracycline,EW036_RS26095,genome,EW036_RS23435,genome,graph_context,2,EW036_RS26095;COG_P: Inorganic ion transport and metabolism;EW036_RS23435,member_of_cog_category;member_of_cog_category,annotation_mediated,bounded_BFS (<= 4 hops),annotation_mediated
B36,tet(A),tetracycline,EW036_RS26095,genome,EW036_RS23520,genome,graph_context,2,EW036_RS26095;COG_G: Carbohydrate transport and metabolism;EW036_RS23520,member_of_cog_category;member_of_cog_category,annotation_mediated,bounded_BFS (<= 4 hops),annotation_mediated
B36,tet(A),tetracycline,EW036_RS26095,genome,EW036_RS23530,genome,graph_context,2,EW036_RS26095;COG_G: Carbohydrate transport and metabolism;EW036_RS23530,member_of_cog_category;member_of_cog_category,annotation_mediated,bounded_BFS (<= 4 hops),annotation_mediated
B36,tet(A),tetracycline,EW036_RS26095,genome,EW036_RS23585,genome,graph_context,2,EW036_RS26095;COG_E: Amino acid transport and metabolism;EW036_RS23585,member_of_cog_category;member_of_cog_category,annotation_mediated,bounded_BFS (<= 4 hops),annotation_mediated
B36,tet(A),tetracycline,EW036_RS26095,genome,EW036_RS23600,genome,graph_context,2,EW036_RS26095;COG_P: Inorganic ion transport and metabolism;EW036_RS23600,member_of_cog_category;member_of_cog_category,annotation_mediated,bounded_BFS (<= 4 hops),annotation_mediated
B36,tet(A),tetracycline,EW036_RS26095,genome,EW036_RS23605,genome,graph_context,2,EW036_RS26095;COG_P: Inorganic ion transport and metabolism;EW036_RS23605,member_of_cog_category;member_of_cog_category,annotation_mediated,bounded_BFS (<= 4 hops),annotation_mediated
B36,tet(A),tetracycline,EW036_RS26095,genome,EW036_RS23690,genome,graph_context,2,EW036_RS26095;COG_P: Inorganic ion transport and metabolism;EW036_RS23690,member_of_cog_category;member_of_cog_category,annotation_mediated,bounded_BFS (<= 4 hops),annotation_mediated
B36,tet(A),tetracycline,EW036_RS26095,genome,EW036_RS23790,genome,graph_context,2,EW036_RS26095;COG_E: Amino acid transport and metabolism;EW036_RS23790,member_of_cog_category;member_of_cog_category,annotation_mediated,bounded_BFS (<= 4 hops),annotation_mediated
B36,tet(A),tetracycline,EW036_RS26095,genome,EW036_RS23805,genome,graph_context,2,EW036_RS26095;COG_E: Amino acid transport and metabolism;EW036_RS23805,member_of_cog_category;member_of_cog_category,annotation_mediated,bounded_BFS (<= 4 hops),annotation_mediated
B36,tet(A),tetracycline,EW036_RS26095,genome,EW036_RS23905,genome,graph_context,2,EW036_RS26095;COG_P: Inorganic ion transport and metabolism;EW036_RS23905,member_of_cog_category;member_of_cog_category,annotation_mediated,bounded_BFS (<= 4 hops),annotation_mediated
B36,tet(A),tetracycline,EW036_RS26095,genome,EW036_RS23910,genome,graph_context,2,EW036_RS26095;COG_P: Inorganic ion transport and metabolism;EW036_RS23910,member_of_cog_category;member_of_cog_category,annotation_mediated,bounded_BFS (<= 4 hops),annotation_mediated
B36,tet(A),tetracycline,EW036_RS26095,genome,EW036_RS23915,genome,graph_context,2,EW036_RS26095;COG_G: Carbohydrate transport and metabolism;EW036_RS23915,member_of_cog_category;member_of_cog_category,annotation_mediated,bounded_BFS (<= 4 hops),annotation_mediated
B36,tet(A),tetracycline,EW036_RS26095,genome,EW036_RS23965,genome,graph_context,2,EW036_RS26095;COG_E: Amino acid transport and metabolism;EW036_RS23965,member_of_cog_category;member_of_cog_category,annotation_mediated,bounded_BFS (<= 4 hops),annotation_mediated
B36,tet(A),tetracycline,EW036_RS26095,genome,EW036_RS24015,genome,graph_context,2,EW036_RS26095;COG_E: Amino acid transport and metabolism;EW036_RS24015,member_of_cog_category;member_of_cog_category,annotation_mediated,bounded_BFS (<= 4 hops),annotation_mediated
B36,tet(A),tetracycline,EW036_RS26095,genome,EW036_RS24020,genome,graph_context,2,EW036_RS26095;COG_P: Inorganic ion transport and metabolism;EW036_RS24020,member_of_cog_category;member_of_cog_category,annotation_mediated,bounded_BFS (<= 4 hops),annotation_mediated
B36,tet(A),tetracycline,EW036_RS26095,genome,EW036_RS24060,genome,graph_context,2,EW036_RS26095;COG_E: Amino acid transport and metabolism;EW036_RS24060,member_of_cog_category;member_of_cog_category,annotation_mediated,bounded_BFS (<= 4 hops),annotation_mediated
B36,tet(A),tetracycline,EW036_RS26095,genome,EW036_RS24115,genome,graph_context,2,EW036_RS26095;COG_P: Inorganic ion transport and metabolism;EW036_RS24115,member_of_cog_category;member_of_cog_category,annotation_mediated,bounded_BFS (<= 4 hops),annotation_mediated
B36,tet(A),tetracycline,EW036_RS26095,genome,EW036_RS24295,genome,graph_context,2,EW036_RS26095;COG_P: Inorganic ion transport and metabolism;EW036_RS24295,member_of_cog_category;member_of_cog_category,annotation_mediated,bounded_BFS (<= 4 hops),annotation_mediated
B36,tet(A),tetracycline,EW036_RS26095,genome,EW036_RS24335,genome,graph_context,2,EW036_RS26095;COG_E: Amino acid transport and metabolism;EW036_RS24335,member_of_cog_category;member_of_cog_category,annotation_mediated,bounded_BFS (<= 4 hops),annotation_mediated
B36,tet(A),tetracycline,EW036_RS26095,genome,EW036_RS24345,genome,graph_context,2,EW036_RS26095;COG_E: Amino acid transport and metabolism;EW036_RS24345,member_of_cog_category;member_of_cog_category,annotation_mediated,bounded_BFS (<= 4 hops),annotation_mediated
B36,tet(A),tetracycline,EW036_RS26095,genome,EW036_RS24350,genome,graph_context,2,EW036_RS26095;COG_E: Amino acid transport and metabolism;EW036_RS24350,member_of_cog_category;member_of_cog_category,annotation_mediated,bounded_BFS (<= 4 hops),annotation_mediated
B36,tet(A),tetracycline,EW036_RS26095,genome,EW036_RS24370,genome,graph_context,2,EW036_RS26095;COG_G: Carbohydrate transport and metabolism;EW036_RS24370,member_of_cog_category;member_of_cog_category,annotation_mediated,bounded_BFS (<= 4 hops),annotation_mediated
B36,tet(A),tetracycline,EW036_RS26095,genome,EW036_RS24395,genome,graph_context,2,EW036_RS26095;COG_G: Carbohydrate transport and metabolism;EW036_RS24395,member_of_cog_category;member_of_cog_category,annotation_mediated,bounded_BFS (<= 4 hops),annotation_mediated
B36,tet(A),tetracycline,EW036_RS26095,genome,EW036_RS24400,genome,graph_context,2,EW036_RS26095;COG_G: Carbohydrate transport and metabolism;EW036_RS24400,member_of_cog_category;member_of_cog_category,annotation_mediated,bounded_BFS (<= 4 hops),annotation_mediated
B36,tet(A),tetracycline,EW036_RS26095,genome,EW036_RS24420,genome,graph_context,2,EW036_RS26095;COG_P: Inorganic ion transport and metabolism;EW036_RS24420,member_of_cog_category;member_of_cog_category,annotation_mediated,bounded_BFS (<= 4 hops),annotation_mediated
B36,tet(A),tetracycline,EW036_RS26095,genome,EW036_RS24425,genome,graph_context,2,EW036_RS26095;COG_E: Amino acid transport and metabolism;EW036_RS24425,member_of_cog_category;member_of_cog_category,annotation_mediated,bounded_BFS (<= 4 hops),annotation_mediated
B36,tet(A),tetracycline,EW036_RS26095,genome,EW036_RS24440,genome,graph_context,2,EW036_RS26095;COG_E: Amino acid transport and metabolism;EW036_RS24440,member_of_cog_category;member_of_cog_category,annotation_mediated,bounded_BFS (<= 4 hops),annotation_mediated
B36,tet(A),tetracycline,EW036_RS26095,genome,EW036_RS24445,genome,graph_context,2,EW036_RS26095;COG_E: Amino acid transport and metabolism;EW036_RS24445,member_of_cog_category;member_of_cog_category,annotation_mediated,bounded_BFS (<= 4 hops),annotation_mediated
B36,tet(A),tetracycline,EW036_RS26095,genome,EW036_RS24515,genome,graph_context,2,EW036_RS26095;COG_G: Carbohydrate transport and metabolism;EW036_RS24515,member_of_cog_category;member_of_cog_category,annotation_mediated,bounded_BFS (<= 4 hops),annotation_mediated
B36,tet(A),tetracycline,EW036_RS26095,genome,EW036_RS24555,genome,graph_context,2,EW036_RS26095;COG_P: Inorganic ion transport and metabolism;EW036_RS24555,member_of_cog_category;member_of_cog_category,annotation_mediated,bounded_BFS (<= 4 hops),annotation_mediated
B36,tet(A),tetracycline,EW036_RS26095,genome,EW036_RS24570,genome,graph_context,2,EW036_RS26095;COG_P: Inorganic ion transport and metabolism;EW036_RS24570,member_of_cog_category;member_of_cog_category,annotation_mediated,bounded_BFS (<= 4 hops),annotation_mediated
B36,tet(A),tetracycline,EW036_RS26095,genome,EW036_RS24595,genome,graph_context,2,EW036_RS26095;COG_P: Inorganic ion transport and metabolism;EW036_RS24595,member_of_cog_category;member_of_cog_category,annotation_mediated,bounded_BFS (<= 4 hops),annotation_mediated
B36,tet(A),tetracycline,EW036_RS26095,genome,EW036_RS24760,genome,graph_context,2,EW036_RS26095;COG_E: Amino acid transport and metabolism;EW036_RS24760,member_of_cog_category;member_of_cog_category,annotation_mediated,bounded_BFS (<= 4 hops),annotation_mediated
B36,tet(A),tetracycline,EW036_RS26095,genome,EW036_RS24905,genome,graph_context,2,EW036_RS26095;COG_E: Amino acid transport and metabolism;EW036_RS24905,member_of_cog_category;member_of_cog_category,annotation_mediated,bounded_BFS (<= 4 hops),annotation_mediated
B36,dfrA17,trimethoprim,EW036_RS26140,genome,EW036_RS26140_RNA,transcriptome,rna_quantified,0,,,directly_observed,aligned_multiomics.csv (RNA_RPMI/RNA_Sera),observed
B36,dfrA17,trimethoprim,EW036_RS26140,genome,WP_001389366.1,proteome,protein_quantified,0,,,directly_observed,aligned_multiomics.csv (Protein_RPMI/Protein_Sera),observed
B36,dfrA17,trimethoprim,EW036_RS26140,genome,EW036_RS26135,genome,genomic_proximity,1,EW036_RS26140;EW036_RS26135,genomic_proximity,graph_derived,edges_gene_genomic_proximity_gene.csv,graph_derived
B36,dfrA17,trimethoprim,EW036_RS26140,genome,EW036_RS26145,genome,genomic_proximity,1,EW036_RS26140;EW036_RS26145,genomic_proximity,graph_derived,edges_gene_genomic_proximity_gene.csv,graph_derived
B36,dfrA17,trimethoprim,WP_001389366.1,hypergraph,Triple_EW036_RS26140,hypergraph,hyperedge_membership,1,WP_001389366.1;Triple_EW036_RS26140,member_of:multi_omics_triple,graph_derived,hyperedges.csv,graph_derived
B36,dfrA17,trimethoprim,WP_001389366.1,hypergraph,map01100,hypergraph,hyperedge_membership,1,WP_001389366.1;map01100,member_of:kegg_pathway,graph_derived,hyperedges.csv,graph_derived
B36,dfrA17,trimethoprim,WP_001389366.1,hypergraph,ko01100,hypergraph,hyperedge_membership,1,WP_001389366.1;ko01100,member_of:kegg_pathway,graph_derived,hyperedges.csv,graph_derived
B36,dfrA17,trimethoprim,WP_001389366.1,hypergraph,map00670,hypergraph,hyperedge_membership,1,WP_001389366.1;map00670,member_of:kegg_pathway,graph_derived,hyperedges.csv,graph_derived
B36,dfrA17,trimethoprim,WP_001389366.1,hypergraph,ko00670,hypergraph,hyperedge_membership,1,WP_001389366.1;ko00670,member_of:kegg_pathway,graph_derived,hyperedges.csv,graph_derived
B36,dfrA17,trimethoprim,WP_001389366.1,hypergraph,map01523,hypergraph,hyperedge_membership,1,WP_001389366.1;map01523,member_of:kegg_pathway,graph_derived,hyperedges.csv,graph_derived
B36,dfrA17,trimethoprim,WP_001389366.1,hypergraph,ko01523,hypergraph,hyperedge_membership,1,WP_001389366.1;ko01523,member_of:kegg_pathway,graph_derived,hyperedges.csv,graph_derived
B36,dfrA17,trimethoprim,WP_001389366.1,hypergraph,map00790,hypergraph,hyperedge_membership,1,WP_001389366.1;map00790,member_of:kegg_pathway,graph_derived,hyperedges.csv,graph_derived
B36,dfrA17,trimethoprim,WP_001389366.1,hypergraph,ko00790,hypergraph,hyperedge_membership,1,WP_001389366.1;ko00790,member_of:kegg_pathway,graph_derived,hyperedges.csv,graph_derived
B36,dfrA17,trimethoprim,WP_001389366.1,hypergraph,COG_H: Coenzyme transport and metabolism,hypergraph,hyperedge_membership,1,WP_001389366.1;COG_H: Coenzyme transport and metabolism,member_of:cog_category,graph_derived,hyperedges.csv,graph_derived
B36,dfrA17,trimethoprim,WP_001389366.1,hypergraph,trimethoprim_resistance,hypergraph,hyperedge_membership,1,WP_001389366.1;trimethoprim_resistance,member_of:amr_mechanism,graph_derived,hyperedges.csv,graph_derived
B36,dfrA17,trimethoprim,WP_001389366.1,hypergraph,GO:0005829: C:cytosol,hypergraph,hyperedge_membership,1,WP_001389366.1;GO:0005829: C:cytosol,member_of:go_term,graph_derived,hyperedges.csv,graph_derived
B36,dfrA17,trimethoprim,WP_001389366.1,hypergraph,GO:0006730: P:one-carbon metabolic process,hypergraph,hyperedge_membership,1,WP_001389366.1;GO:0006730: P:one-carbon metabolic process,member_of:go_term,graph_derived,hyperedges.csv,graph_derived
B36,dfrA17,trimethoprim,WP_001389366.1,hypergraph,GO:0046654: P:tetrahydrofolate biosynthetic process,hypergraph,hyperedge_membership,1,WP_001389366.1;GO:0046654: P:tetrahydrofolate biosynthetic process,member_of:go_term,graph_derived,hyperedges.csv,graph_derived
B36,dfrA17,trimethoprim,WP_001389366.1,hypergraph,GO:0050661: F:NADP binding,hypergraph,hyperedge_membership,1,WP_001389366.1;GO:0050661: F:NADP binding,member_of:go_term,graph_derived,hyperedges.csv,graph_derived
B36,dfrA17,trimethoprim,WP_001389366.1,hypergraph,Metabolic_map01100,hypergraph,hyperedge_membership,1,WP_001389366.1;Metabolic_map01100,member_of:metabolic_pathway,graph_derived,hyperedges.csv,graph_derived
B36,dfrA17,trimethoprim,WP_001389366.1,hypergraph,Metabolic_map00670,hypergraph,hyperedge_membership,1,WP_001389366.1;Metabolic_map00670,member_of:metabolic_pathway,graph_derived,hyperedges.csv,graph_derived
B36,dfrA17,trimethoprim,WP_001389366.1,hypergraph,Metabolic_map01523,hypergraph,hyperedge_membership,1,WP_001389366.1;Metabolic_map01523,member_of:metabolic_pathway,graph_derived,hyperedges.csv,graph_derived
B36,dfrA17,trimethoprim,WP_001389366.1,hypergraph,Metabolic_map00790,hypergraph,hyperedge_membership,1,WP_001389366.1;Metabolic_map00790,member_of:metabolic_pathway,graph_derived,hyperedges.csv,graph_derived
B36,dfrA17,trimethoprim,WP_001389366.1,hypergraph,GO:0004146: GO:0004146,hypergraph,hyperedge_membership,1,WP_001389366.1;GO:0004146: GO:0004146,member_of:go_term,graph_derived,hyperedges.csv,graph_derived
B36,dfrA17,trimethoprim,WP_001389366.1,hypergraph,GO:0046452: GO:0046452,hypergraph,hyperedge_membership,1,WP_001389366.1;GO:0046452: GO:0046452,member_of:go_term,graph_derived,hyperedges.csv,graph_derived
B36,dfrA17,trimethoprim,WP_001389366.1,hypergraph,GO:0046655: GO:0046655,hypergraph,hyperedge_membership,1,WP_001389366.1;GO:0046655: GO:0046655,member_of:go_term,graph_derived,hyperedges.csv,graph_derived
B36,dfrA17,trimethoprim,EW036_RS26140,genome,ko00670,kegg,in_pathway,1,EW036_RS26140;ko00670,in_pathway,annotation_mediated,edges_gene_in_pathway_annotation.csv (KEGG),annotation_mediated
B36,dfrA17,trimethoprim,EW036_RS26140,genome,ko00790,kegg,in_pathway,1,EW036_RS26140;ko00790,in_pathway,annotation_mediated,edges_gene_in_pathway_annotation.csv (KEGG),annotation_mediated
B36,dfrA17,trimethoprim,EW036_RS26140,genome,ko01100,kegg,in_pathway,1,EW036_RS26140;ko01100,in_pathway,annotation_mediated,edges_gene_in_pathway_annotation.csv (KEGG),annotation_mediated
B36,dfrA17,trimethoprim,EW036_RS26140,genome,ko01523,kegg,in_pathway,1,EW036_RS26140;ko01523,in_pathway,annotation_mediated,edges_gene_in_pathway_annotation.csv (KEGG),annotation_mediated
B36,dfrA17,trimethoprim,EW036_RS26140,genome,map00670,kegg,in_pathway,1,EW036_RS26140;map00670,in_pathway,annotation_mediated,edges_gene_in_pathway_annotation.csv (KEGG),annotation_mediated
B36,dfrA17,trimethoprim,EW036_RS26140,genome,map00790,kegg,in_pathway,1,EW036_RS26140;map00790,in_pathway,annotation_mediated,edges_gene_in_pathway_annotation.csv (KEGG),annotation_mediated
B36,dfrA17,trimethoprim,EW036_RS26140,genome,map01100,kegg,in_pathway,1,EW036_RS26140;map01100,in_pathway,annotation_mediated,edges_gene_in_pathway_annotation.csv (KEGG),annotation_mediated
B36,dfrA17,trimethoprim,EW036_RS26140,genome,map01523,kegg,in_pathway,1,EW036_RS26140;map01523,in_pathway,annotation_mediated,edges_gene_in_pathway_annotation.csv (KEGG),annotation_mediated
B36,dfrA17,trimethoprim,EW036_RS26140,genome,H,cog,cog_category,1,EW036_RS26140;H,cog_category,annotation_mediated,edges_gene_cog_category_annotation.csv (eggNOG/COG),annotation_mediated
B36,dfrA17,trimethoprim,WP_001389366.1,proteome,GO:0004146,go,go_annotation,1,WP_001389366.1;GO:0004146,annotated_by,annotation_mediated,edges_protein_annotated_by_annotation.csv (GO),annotation_mediated
B36,dfrA17,trimethoprim,WP_001389366.1,proteome,GO:0005829,go,go_annotation,1,WP_001389366.1;GO:0005829,annotated_by,annotation_mediated,edges_protein_annotated_by_annotation.csv (GO),annotation_mediated
B36,dfrA17,trimethoprim,WP_001389366.1,proteome,GO:0006730,go,go_annotation,1,WP_001389366.1;GO:0006730,annotated_by,annotation_mediated,edges_protein_annotated_by_annotation.csv (GO),annotation_mediated
B36,dfrA17,trimethoprim,WP_001389366.1,proteome,GO:0046452,go,go_annotation,1,WP_001389366.1;GO:0046452,annotated_by,annotation_mediated,edges_protein_annotated_by_annotation.csv (GO),annotation_mediated
B36,dfrA17,trimethoprim,WP_001389366.1,proteome,GO:0046654,go,go_annotation,1,WP_001389366.1;GO:0046654,annotated_by,annotation_mediated,edges_protein_annotated_by_annotation.csv (GO),annotation_mediated
B36,dfrA17,trimethoprim,WP_001389366.1,proteome,GO:0046655,go,go_annotation,1,WP_001389366.1;GO:0046655,annotated_by,annotation_mediated,edges_protein_annotated_by_annotation.csv (GO),annotation_mediated
B36,dfrA17,trimethoprim,WP_001389366.1,proteome,GO:0050661,go,go_annotation,1,WP_001389366.1;GO:0050661,annotated_by,annotation_mediated,edges_protein_annotated_by_annotation.csv (GO),annotation_mediated
B36,dfrA17,trimethoprim,WP_001389366.1,proteome,GO:0004146,go,go_annotation,1,WP_001389366.1;GO:0004146,annotated_by,annotation_mediated,amr_uniprot_recovery.csv (per-ID UniProt lookup; bypasses upstream batch-search truncation),annotation_mediated
B36,dfrA17,trimethoprim,WP_001389366.1,proteome,GO:0005829,go,go_annotation,1,WP_001389366.1;GO:0005829,annotated_by,annotation_mediated,amr_uniprot_recovery.csv (per-ID UniProt lookup; bypasses upstream batch-search truncation),annotation_mediated
B36,dfrA17,trimethoprim,WP_001389366.1,proteome,GO:0006730,go,go_annotation,1,WP_001389366.1;GO:0006730,annotated_by,annotation_mediated,amr_uniprot_recovery.csv (per-ID UniProt lookup; bypasses upstream batch-search truncation),annotation_mediated
B36,dfrA17,trimethoprim,WP_001389366.1,proteome,GO:0046452,go,go_annotation,1,WP_001389366.1;GO:0046452,annotated_by,annotation_mediated,amr_uniprot_recovery.csv (per-ID UniProt lookup; bypasses upstream batch-search truncation),annotation_mediated
B36,dfrA17,trimethoprim,WP_001389366.1,proteome,GO:0046654,go,go_annotation,1,WP_001389366.1;GO:0046654,annotated_by,annotation_mediated,amr_uniprot_recovery.csv (per-ID UniProt lookup; bypasses upstream batch-search truncation),annotation_mediated
B36,dfrA17,trimethoprim,WP_001389366.1,proteome,GO:0046655,go,go_annotation,1,WP_001389366.1;GO:0046655,annotated_by,annotation_mediated,amr_uniprot_recovery.csv (per-ID UniProt lookup; bypasses upstream batch-search truncation),annotation_mediated
B36,dfrA17,trimethoprim,WP_001389366.1,proteome,GO:0050661,go,go_annotation,1,WP_001389366.1;GO:0050661,annotated_by,annotation_mediated,amr_uniprot_recovery.csv (per-ID UniProt lookup; bypasses upstream batch-search truncation),annotation_mediated
B36,dfrA17,trimethoprim,EW036_RS26140,genome,trimethoprim,ppi_amr,amr_mechanism,1,EW036_RS26140;trimethoprim,associated_with,annotation_mediated,amr_manifest / edges_gene_associated_with_annotation.csv,annotation_mediated
B36,dfrA17,trimethoprim,EW036_RS26140,genome,CHEBI:32796,metabolome,shares_pathway,2,EW036_RS26140;map01100;CHEBI:32796,in_pathway;in_pathway,inferred,pathway-mediated (gene->pathway->metabolite),inferred
B36,dfrA17,trimethoprim,EW036_RS26140,genome,CHEBI:32796,metabolome,metabolite_quantified,2,,,directly_observed,metabolomics_abundance.csv,observed
B36,dfrA17,trimethoprim,EW036_RS26140,genome,CHEBI:30797,metabolome,shares_pathway,2,EW036_RS26140;map01100;CHEBI:30797,in_pathway;in_pathway,inferred,pathway-mediated (gene->pathway->metabolite),inferred
B36,dfrA17,trimethoprim,EW036_RS26140,genome,CHEBI:30797,metabolome,metabolite_quantified,2,,,directly_observed,metabolomics_abundance.csv,observed
B36,dfrA17,trimethoprim,EW036_RS26140,genome,CHEBI:15741,metabolome,shares_pathway,2,EW036_RS26140;map01100;CHEBI:15741,in_pathway;in_pathway,inferred,pathway-mediated (gene->pathway->metabolite),inferred
B36,dfrA17,trimethoprim,EW036_RS26140,genome,CHEBI:15741,metabolome,metabolite_quantified,2,,,directly_observed,metabolomics_abundance.csv,observed
B36,dfrA17,trimethoprim,EW036_RS26140,genome,CHEBI:15966,metabolome,shares_pathway,2,EW036_RS26140;map01100;CHEBI:15966,in_pathway;in_pathway,inferred,pathway-mediated (gene->pathway->metabolite),inferred
B36,dfrA17,trimethoprim,EW036_RS26140,genome,CHEBI:15966,metabolome,metabolite_quantified,2,,,directly_observed,metabolomics_abundance.csv,observed
B36,dfrA17,trimethoprim,EW036_RS26140,genome,CHEBI:16015,metabolome,shares_pathway,2,EW036_RS26140;map01100;CHEBI:16015,in_pathway;in_pathway,inferred,pathway-mediated (gene->pathway->metabolite),inferred
B36,dfrA17,trimethoprim,EW036_RS26140,genome,CHEBI:16015,metabolome,metabolite_quantified,2,,,directly_observed,metabolomics_abundance.csv,observed
B36,dfrA17,trimethoprim,EW036_RS26140,genome,CHEBI:17724,metabolome,shares_pathway,2,EW036_RS26140;map00670;CHEBI:17724,in_pathway;in_pathway,inferred,pathway-mediated (gene->pathway->metabolite),inferred
B36,dfrA17,trimethoprim,EW036_RS26140,genome,CHEBI:17724,metabolome,metabolite_quantified,2,,,directly_observed,metabolomics_abundance.csv,observed
B36,dfrA17,trimethoprim,EW036_RS26140,genome,CHEBI:16414,metabolome,shares_pathway,2,EW036_RS26140;map01100;CHEBI:16414,in_pathway;in_pathway,inferred,pathway-mediated (gene->pathway->metabolite),inferred
B36,dfrA17,trimethoprim,EW036_RS26140,genome,CHEBI:16414,metabolome,metabolite_quantified,2,,,directly_observed,metabolomics_abundance.csv,observed
B36,dfrA17,trimethoprim,EW036_RS26140,genome,CHEBI:17858,metabolome,shares_pathway,2,EW036_RS26140;map01100;CHEBI:17858,in_pathway;in_pathway,inferred,pathway-mediated (gene->pathway->metabolite),inferred
B36,dfrA17,trimethoprim,EW036_RS26140,genome,CHEBI:17858,metabolome,metabolite_quantified,2,,,directly_observed,metabolomics_abundance.csv,observed
B36,dfrA17,trimethoprim,EW036_RS26140,genome,CHEBI:32797,metabolome,shares_pathway,2,EW036_RS26140;map01100;CHEBI:32797,in_pathway;in_pathway,inferred,pathway-mediated (gene->pathway->metabolite),inferred
B36,dfrA17,trimethoprim,EW036_RS26140,genome,CHEBI:32797,metabolome,metabolite_quantified,2,,,directly_observed,metabolomics_abundance.csv,observed
B36,dfrA17,trimethoprim,EW036_RS26140,genome,CHEBI:16027,metabolome,shares_pathway,2,EW036_RS26140;map01100;CHEBI:16027,in_pathway;in_pathway,inferred,pathway-mediated (gene->pathway->metabolite),inferred
B36,dfrA17,trimethoprim,EW036_RS26140,genome,CHEBI:16027,metabolome,metabolite_quantified,2,,,directly_observed,metabolomics_abundance.csv,observed
B36,dfrA17,trimethoprim,EW036_RS26140,genome,CHEBI:17750,metabolome,shares_pathway,2,EW036_RS26140;map00670;CHEBI:17750,in_pathway;in_pathway,inferred,pathway-mediated (gene->pathway->metabolite),inferred
B36,dfrA17,trimethoprim,EW036_RS26140,genome,CHEBI:17750,metabolome,metabolite_quantified,2,,,directly_observed,metabolomics_abundance.csv,observed
B36,dfrA17,trimethoprim,EW036_RS26140,genome,CHEBI:17191,metabolome,shares_pathway,2,EW036_RS26140;map01100;CHEBI:17191,in_pathway;in_pathway,inferred,pathway-mediated (gene->pathway->metabolite),inferred
B36,dfrA17,trimethoprim,EW036_RS26140,genome,CHEBI:17191,metabolome,metabolite_quantified,2,,,directly_observed,metabolomics_abundance.csv,observed
B36,dfrA17,trimethoprim,EW036_RS26140,genome,CHEBI:17154,metabolome,shares_pathway,2,EW036_RS26140;map01100;CHEBI:17154,in_pathway;in_pathway,inferred,pathway-mediated (gene->pathway->metabolite),inferred
B36,dfrA17,trimethoprim,EW036_RS26140,genome,CHEBI:17154,metabolome,metabolite_quantified,2,,,directly_observed,metabolomics_abundance.csv,observed
B36,dfrA17,trimethoprim,EW036_RS26140,genome,CHEBI:17306,metabolome,shares_pathway,2,EW036_RS26140;map01100;CHEBI:17306,in_pathway;in_pathway,inferred,pathway-mediated (gene->pathway->metabolite),inferred
B36,dfrA17,trimethoprim,EW036_RS26140,genome,CHEBI:17306,metabolome,metabolite_quantified,2,,,directly_observed,metabolomics_abundance.csv,observed
B36,dfrA17,trimethoprim,EW036_RS26140,genome,CHEBI:7916,metabolome,shares_pathway,2,EW036_RS26140;map01100;CHEBI:7916,in_pathway;in_pathway,inferred,pathway-mediated (gene->pathway->metabolite),inferred
B36,dfrA17,trimethoprim,EW036_RS26140,genome,CHEBI:7916,metabolome,metabolite_quantified,2,,,directly_observed,metabolomics_abundance.csv,observed
B36,dfrA17,trimethoprim,EW036_RS26140,genome,CHEBI:17368,metabolome,shares_pathway,2,EW036_RS26140;map01100;CHEBI:17368,in_pathway;in_pathway,inferred,pathway-mediated (gene->pathway->metabolite),inferred
B36,dfrA17,trimethoprim,EW036_RS26140,genome,CHEBI:17368,metabolome,metabolite_quantified,2,,,directly_observed,metabolomics_abundance.csv,observed
B36,dfrA17,trimethoprim,EW036_RS26140,genome,CHEBI:15428,metabolome,shares_pathway,2,EW036_RS26140;map00670;CHEBI:15428,in_pathway;in_pathway,inferred,pathway-mediated (gene->pathway->metabolite),inferred
B36,dfrA17,trimethoprim,EW036_RS26140,genome,CHEBI:15428,metabolome,metabolite_quantified,2,,,directly_observed,metabolomics_abundance.csv,observed
B36,dfrA17,trimethoprim,EW036_RS26140,genome,CHEBI:16977,metabolome,shares_pathway,2,EW036_RS26140;map01100;CHEBI:16977,in_pathway;in_pathway,inferred,pathway-mediated (gene->pathway->metabolite),inferred
B36,dfrA17,trimethoprim,EW036_RS26140,genome,CHEBI:16977,metabolome,metabolite_quantified,2,,,directly_observed,metabolomics_abundance.csv,observed
B36,dfrA17,trimethoprim,EW036_RS26140,genome,CHEBI:4170,metabolome,shares_pathway,2,EW036_RS26140;map01100;CHEBI:4170,in_pathway;in_pathway,inferred,pathway-mediated (gene->pathway->metabolite),inferred
B36,dfrA17,trimethoprim,EW036_RS26140,genome,CHEBI:4170,metabolome,metabolite_quantified,2,,,directly_observed,metabolomics_abundance.csv,observed
B36,dfrA17,trimethoprim,EW036_RS26140,genome,CHEBI:17895,metabolome,shares_pathway,2,EW036_RS26140;map01100;CHEBI:17895,in_pathway;in_pathway,inferred,pathway-mediated (gene->pathway->metabolite),inferred
B36,dfrA17,trimethoprim,EW036_RS26140,genome,CHEBI:17895,metabolome,metabolite_quantified,2,,,directly_observed,metabolomics_abundance.csv,observed
B36,dfrA17,trimethoprim,EW036_RS26140,genome,CHEBI:422,metabolome,shares_pathway,2,EW036_RS26140;map01100;CHEBI:422,in_pathway;in_pathway,inferred,pathway-mediated (gene->pathway->metabolite),inferred
B36,dfrA17,trimethoprim,EW036_RS26140,genome,CHEBI:422,metabolome,metabolite_quantified,2,,,directly_observed,metabolomics_abundance.csv,observed
B36,dfrA17,trimethoprim,EW036_RS26140,genome,CHEBI:16708,metabolome,shares_pathway,2,EW036_RS26140;map01100;CHEBI:16708,in_pathway;in_pathway,inferred,pathway-mediated (gene->pathway->metabolite),inferred
B36,dfrA17,trimethoprim,EW036_RS26140,genome,CHEBI:16708,metabolome,metabolite_quantified,2,,,directly_observed,metabolomics_abundance.csv,observed
B36,dfrA17,trimethoprim,EW036_RS26140,genome,CHEBI:17533,metabolome,shares_pathway,2,EW036_RS26140;map01100;CHEBI:17533,in_pathway;in_pathway,inferred,pathway-mediated (gene->pathway->metabolite),inferred
B36,dfrA17,trimethoprim,EW036_RS26140,genome,CHEBI:17533,metabolome,metabolite_quantified,2,,,directly_observed,metabolomics_abundance.csv,observed
B36,dfrA17,trimethoprim,EW036_RS26140,genome,CHEBI:30838,metabolome,shares_pathway,2,EW036_RS26140;map01100;CHEBI:30838,in_pathway;in_pathway,inferred,pathway-mediated (gene->pathway->metabolite),inferred
B36,dfrA17,trimethoprim,EW036_RS26140,genome,CHEBI:30838,metabolome,metabolite_quantified,2,,,directly_observed,metabolomics_abundance.csv,observed
B36,dfrA17,trimethoprim,EW036_RS26140,genome,CHEBI:15603,metabolome,shares_pathway,2,EW036_RS26140;map01100;CHEBI:15603,in_pathway;in_pathway,inferred,pathway-mediated (gene->pathway->metabolite),inferred
B36,dfrA17,trimethoprim,EW036_RS26140,genome,CHEBI:15603,metabolome,metabolite_quantified,2,,,directly_observed,metabolomics_abundance.csv,observed
B36,dfrA17,trimethoprim,EW036_RS26140,genome,CHEBI:16865,metabolome,shares_pathway,2,EW036_RS26140;map01100;CHEBI:16865,in_pathway;in_pathway,inferred,pathway-mediated (gene->pathway->metabolite),inferred
B36,dfrA17,trimethoprim,EW036_RS26140,genome,CHEBI:16865,metabolome,metabolite_quantified,2,,,directly_observed,metabolomics_abundance.csv,observed
B36,dfrA17,trimethoprim,EW036_RS26140,genome,CHEBI:17497,metabolome,shares_pathway,2,EW036_RS26140;map01100;CHEBI:17497,in_pathway;in_pathway,inferred,pathway-mediated (gene->pathway->metabolite),inferred
B36,dfrA17,trimethoprim,EW036_RS26140,genome,CHEBI:17497,metabolome,metabolite_quantified,2,,,directly_observed,metabolomics_abundance.csv,observed
B36,dfrA17,trimethoprim,EW036_RS26140,genome,CHEBI:28842,metabolome,shares_pathway,2,EW036_RS26140;map01100;CHEBI:28842,in_pathway;in_pathway,inferred,pathway-mediated (gene->pathway->metabolite),inferred
B36,dfrA17,trimethoprim,EW036_RS26140,genome,CHEBI:28842,metabolome,metabolite_quantified,2,,,directly_observed,metabolomics_abundance.csv,observed
B36,dfrA17,trimethoprim,EW036_RS26140,genome,CHEBI:17295,metabolome,shares_pathway,2,EW036_RS26140;map01100;CHEBI:17295,in_pathway;in_pathway,inferred,pathway-mediated (gene->pathway->metabolite),inferred
B36,dfrA17,trimethoprim,EW036_RS26140,genome,CHEBI:17295,metabolome,metabolite_quantified,2,,,directly_observed,metabolomics_abundance.csv,observed
B36,dfrA17,trimethoprim,EW036_RS26140,genome,CHEBI:17053,metabolome,shares_pathway,2,EW036_RS26140;map01100;CHEBI:17053,in_pathway;in_pathway,inferred,pathway-mediated (gene->pathway->metabolite),inferred
B36,dfrA17,trimethoprim,EW036_RS26140,genome,CHEBI:17053,metabolome,metabolite_quantified,2,,,directly_observed,metabolomics_abundance.csv,observed
B36,dfrA17,trimethoprim,EW036_RS26140,genome,CHEBI:18012,metabolome,shares_pathway,2,EW036_RS26140;map01100;CHEBI:18012,in_pathway;in_pathway,inferred,pathway-mediated (gene->pathway->metabolite),inferred
B36,dfrA17,trimethoprim,EW036_RS26140,genome,CHEBI:18012,metabolome,metabolite_quantified,2,,,directly_observed,metabolomics_abundance.csv,observed
B36,dfrA17,trimethoprim,EW036_RS26140,genome,CHEBI:18066,metabolome,shares_pathway,2,EW036_RS26140;map01100;CHEBI:18066,in_pathway;in_pathway,inferred,pathway-mediated (gene->pathway->metabolite),inferred
B36,dfrA17,trimethoprim,EW036_RS26140,genome,CHEBI:18066,metabolome,metabolite_quantified,2,,,directly_observed,metabolomics_abundance.csv,observed
B36,dfrA17,trimethoprim,EW036_RS26140,genome,CHEBI:17057,metabolome,shares_pathway,2,EW036_RS26140;map01100;CHEBI:17057,in_pathway;in_pathway,inferred,pathway-mediated (gene->pathway->metabolite),inferred
B36,dfrA17,trimethoprim,EW036_RS26140,genome,CHEBI:17057,metabolome,metabolite_quantified,2,,,directly_observed,metabolomics_abundance.csv,observed
B36,dfrA17,trimethoprim,EW036_RS26140,genome,CHEBI:16695,metabolome,shares_pathway,2,EW036_RS26140;map01100;CHEBI:16695,in_pathway;in_pathway,inferred,pathway-mediated (gene->pathway->metabolite),inferred
B36,dfrA17,trimethoprim,EW036_RS26140,genome,CHEBI:16695,metabolome,metabolite_quantified,2,,,directly_observed,metabolomics_abundance.csv,observed
B36,dfrA17,trimethoprim,EW036_RS26140,genome,CHEBI:15756,metabolome,shares_pathway,2,EW036_RS26140;map01100;CHEBI:15756,in_pathway;in_pathway,inferred,pathway-mediated (gene->pathway->metabolite),inferred
B36,dfrA17,trimethoprim,EW036_RS26140,genome,CHEBI:15756,metabolome,metabolite_quantified,2,,,directly_observed,metabolomics_abundance.csv,observed
B36,dfrA17,trimethoprim,EW036_RS26140,genome,CHEBI:16742,metabolome,shares_pathway,2,EW036_RS26140;map01100;CHEBI:16742,in_pathway;in_pathway,inferred,pathway-mediated (gene->pathway->metabolite),inferred
B36,dfrA17,trimethoprim,EW036_RS26140,genome,CHEBI:16742,metabolome,metabolite_quantified,2,,,directly_observed,metabolomics_abundance.csv,observed
B36,dfrA17,trimethoprim,EW036_RS26140,genome,CHEBI:17361,metabolome,shares_pathway,2,EW036_RS26140;map01100;CHEBI:17361,in_pathway;in_pathway,inferred,pathway-mediated (gene->pathway->metabolite),inferred
B36,dfrA17,trimethoprim,EW036_RS26140,genome,CHEBI:17361,metabolome,metabolite_quantified,2,,,directly_observed,metabolomics_abundance.csv,observed
B36,dfrA17,trimethoprim,EW036_RS26140,genome,CHEBI:17568,metabolome,shares_pathway,2,EW036_RS26140;map01100;CHEBI:17568,in_pathway;in_pathway,inferred,pathway-mediated (gene->pathway->metabolite),inferred
B36,dfrA17,trimethoprim,EW036_RS26140,genome,CHEBI:17568,metabolome,metabolite_quantified,2,,,directly_observed,metabolomics_abundance.csv,observed
B36,dfrA17,trimethoprim,EW036_RS26140,genome,CHEBI:16761,metabolome,shares_pathway,2,EW036_RS26140;map01100;CHEBI:16761,in_pathway;in_pathway,inferred,pathway-mediated (gene->pathway->metabolite),inferred
B36,dfrA17,trimethoprim,EW036_RS26140,genome,CHEBI:16761,metabolome,metabolite_quantified,2,,,directly_observed,metabolomics_abundance.csv,observed
B36,dfrA17,trimethoprim,EW036_RS26140,genome,CHEBI:17561,metabolome,shares_pathway,2,EW036_RS26140;map00670;CHEBI:17561,in_pathway;in_pathway,inferred,pathway-mediated (gene->pathway->metabolite),inferred
B36,dfrA17,trimethoprim,EW036_RS26140,genome,CHEBI:17561,metabolome,metabolite_quantified,2,,,directly_observed,metabolomics_abundance.csv,observed
B36,dfrA17,trimethoprim,EW036_RS26140,genome,CHEBI:17115,metabolome,shares_pathway,2,EW036_RS26140;map00670;CHEBI:17115,in_pathway;in_pathway,inferred,pathway-mediated (gene->pathway->metabolite),inferred
B36,dfrA17,trimethoprim,EW036_RS26140,genome,CHEBI:17115,metabolome,metabolite_quantified,2,,,directly_observed,metabolomics_abundance.csv,observed
B36,dfrA17,trimethoprim,EW036_RS26140,genome,CHEBI:16704,metabolome,shares_pathway,2,EW036_RS26140;map01100;CHEBI:16704,in_pathway;in_pathway,inferred,pathway-mediated (gene->pathway->metabolite),inferred
B36,dfrA17,trimethoprim,EW036_RS26140,genome,CHEBI:16704,metabolome,metabolite_quantified,2,,,directly_observed,metabolomics_abundance.csv,observed
B36,dfrA17,trimethoprim,EW036_RS26140,genome,CHEBI:17203,metabolome,shares_pathway,2,EW036_RS26140;map01100;CHEBI:17203,in_pathway;in_pathway,inferred,pathway-mediated (gene->pathway->metabolite),inferred
B36,dfrA17,trimethoprim,EW036_RS26140,genome,CHEBI:17203,metabolome,metabolite_quantified,2,,,directly_observed,metabolomics_abundance.csv,observed
B36,dfrA17,trimethoprim,EW036_RS26140,genome,CHEBI:18307,metabolome,shares_pathway,2,EW036_RS26140;map01100;CHEBI:18307,in_pathway;in_pathway,inferred,pathway-mediated (gene->pathway->metabolite),inferred
B36,dfrA17,trimethoprim,EW036_RS26140,genome,CHEBI:18307,metabolome,metabolite_quantified,2,,,directly_observed,metabolomics_abundance.csv,observed
B36,dfrA17,trimethoprim,EW036_RS26140,genome,CHEBI:17659,metabolome,shares_pathway,2,EW036_RS26140;map01100;CHEBI:17659,in_pathway;in_pathway,inferred,pathway-mediated (gene->pathway->metabolite),inferred
B36,dfrA17,trimethoprim,EW036_RS26140,genome,CHEBI:17659,metabolome,metabolite_quantified,2,,,directly_observed,metabolomics_abundance.csv,observed
B36,dfrA17,trimethoprim,EW036_RS26140,genome,CHEBI:16908,metabolome,shares_pathway,2,EW036_RS26140;map01100;CHEBI:16908,in_pathway;in_pathway,inferred,pathway-mediated (gene->pathway->metabolite),inferred
B36,dfrA17,trimethoprim,EW036_RS26140,genome,CHEBI:16908,metabolome,metabolite_quantified,2,,,directly_observed,metabolomics_abundance.csv,observed
B36,dfrA17,trimethoprim,EW036_RS26140,genome,CHEBI:17925,metabolome,shares_pathway,2,EW036_RS26140;map01100;CHEBI:17925,in_pathway;in_pathway,inferred,pathway-mediated (gene->pathway->metabolite),inferred
B36,dfrA17,trimethoprim,EW036_RS26140,genome,CHEBI:17925,metabolome,metabolite_quantified,2,,,directly_observed,metabolomics_abundance.csv,observed
B36,dfrA17,trimethoprim,EW036_RS26140,genome,CHEBI:44897,metabolome,shares_pathway,2,EW036_RS26140;map01100;CHEBI:44897,in_pathway;in_pathway,inferred,pathway-mediated (gene->pathway->metabolite),inferred
B36,dfrA17,trimethoprim,EW036_RS26140,genome,CHEBI:44897,metabolome,metabolite_quantified,2,,,directly_observed,metabolomics_abundance.csv,observed
B36,dfrA17,trimethoprim,EW036_RS26140,genome,CHEBI:15570,metabolome,shares_pathway,2,EW036_RS26140;map01100;CHEBI:15570,in_pathway;in_pathway,inferred,pathway-mediated (gene->pathway->metabolite),inferred
B36,dfrA17,trimethoprim,EW036_RS26140,genome,CHEBI:15570,metabolome,metabolite_quantified,2,,,directly_observed,metabolomics_abundance.csv,observed
B36,dfrA17,trimethoprim,EW036_RS26140,genome,CHEBI:15346,metabolome,shares_pathway,2,EW036_RS26140;map01100;CHEBI:15346,in_pathway;in_pathway,inferred,pathway-mediated (gene->pathway->metabolite),inferred
B36,dfrA17,trimethoprim,EW036_RS26140,genome,CHEBI:15346,metabolome,metabolite_quantified,2,,,directly_observed,metabolomics_abundance.csv,observed
B36,dfrA17,trimethoprim,EW036_RS26140,genome,CHEBI:17489,metabolome,shares_pathway,2,EW036_RS26140;map01100;CHEBI:17489,in_pathway;in_pathway,inferred,pathway-mediated (gene->pathway->metabolite),inferred
B36,dfrA17,trimethoprim,EW036_RS26140,genome,CHEBI:17489,metabolome,metabolite_quantified,2,,,directly_observed,metabolomics_abundance.csv,observed
B36,dfrA17,trimethoprim,EW036_RS26140,genome,CHEBI:17562,metabolome,shares_pathway,2,EW036_RS26140;map01100;CHEBI:17562,in_pathway;in_pathway,inferred,pathway-mediated (gene->pathway->metabolite),inferred
B36,dfrA17,trimethoprim,EW036_RS26140,genome,CHEBI:17562,metabolome,metabolite_quantified,2,,,directly_observed,metabolomics_abundance.csv,observed
B36,dfrA17,trimethoprim,EW036_RS26140,genome,CHEBI:17821,metabolome,shares_pathway,2,EW036_RS26140;map01100;CHEBI:17821,in_pathway;in_pathway,inferred,pathway-mediated (gene->pathway->metabolite),inferred
B36,dfrA17,trimethoprim,EW036_RS26140,genome,CHEBI:17821,metabolome,metabolite_quantified,2,,,directly_observed,metabolomics_abundance.csv,observed
B36,dfrA17,trimethoprim,EW036_RS26140,genome,CHEBI:16264,metabolome,shares_pathway,2,EW036_RS26140;map01100;CHEBI:16264,in_pathway;in_pathway,inferred,pathway-mediated (gene->pathway->metabolite),inferred
B36,dfrA17,trimethoprim,EW036_RS26140,genome,CHEBI:16264,metabolome,metabolite_quantified,2,,,directly_observed,metabolomics_abundance.csv,observed
B36,dfrA17,trimethoprim,EW036_RS26140,genome,CHEBI:15351,metabolome,shares_pathway,2,EW036_RS26140;map01100;CHEBI:15351,in_pathway;in_pathway,inferred,pathway-mediated (gene->pathway->metabolite),inferred
B36,dfrA17,trimethoprim,EW036_RS26140,genome,CHEBI:15351,metabolome,metabolite_quantified,2,,,directly_observed,metabolomics_abundance.csv,observed
B36,dfrA17,trimethoprim,EW036_RS26140,genome,CHEBI:28718,metabolome,shares_pathway,2,EW036_RS26140;map01100;CHEBI:28718,in_pathway;in_pathway,inferred,pathway-mediated (gene->pathway->metabolite),inferred
B36,dfrA17,trimethoprim,EW036_RS26140,genome,CHEBI:28718,metabolome,metabolite_quantified,2,,,directly_observed,metabolomics_abundance.csv,observed
B36,dfrA17,trimethoprim,EW036_RS26140,genome,CHEBI:16856,metabolome,shares_pathway,2,EW036_RS26140;map01100;CHEBI:16856,in_pathway;in_pathway,inferred,pathway-mediated (gene->pathway->metabolite),inferred
B36,dfrA17,trimethoprim,EW036_RS26140,genome,CHEBI:16856,metabolome,metabolite_quantified,2,,,directly_observed,metabolomics_abundance.csv,observed
B36,dfrA17,trimethoprim,EW036_RS26140,genome,CHEBI:15422,metabolome,shares_pathway,2,EW036_RS26140;map00670;CHEBI:15422,in_pathway;in_pathway,inferred,pathway-mediated (gene->pathway->metabolite),inferred
B36,dfrA17,trimethoprim,EW036_RS26140,genome,CHEBI:15422,metabolome,metabolite_quantified,2,,,directly_observed,metabolomics_abundance.csv,observed
B36,dfrA17,trimethoprim,EW036_RS26140,genome,CHEBI:17345,metabolome,shares_pathway,2,EW036_RS26140;map01100;CHEBI:17345,in_pathway;in_pathway,inferred,pathway-mediated (gene->pathway->metabolite),inferred
B36,dfrA17,trimethoprim,EW036_RS26140,genome,CHEBI:17345,metabolome,metabolite_quantified,2,,,directly_observed,metabolomics_abundance.csv,observed
B36,dfrA17,trimethoprim,EW036_RS26140,genome,CHEBI:15824,metabolome,shares_pathway,2,EW036_RS26140;map01100;CHEBI:15824,in_pathway;in_pathway,inferred,pathway-mediated (gene->pathway->metabolite),inferred
B36,dfrA17,trimethoprim,EW036_RS26140,genome,CHEBI:15824,metabolome,metabolite_quantified,2,,,directly_observed,metabolomics_abundance.csv,observed
B36,dfrA17,trimethoprim,EW036_RS26140,genome,CHEBI:30746,metabolome,shares_pathway,2,EW036_RS26140;map01100;CHEBI:30746,in_pathway;in_pathway,inferred,pathway-mediated (gene->pathway->metabolite),inferred
B36,dfrA17,trimethoprim,EW036_RS26140,genome,CHEBI:30746,metabolome,metabolite_quantified,2,,,directly_observed,metabolomics_abundance.csv,observed
B36,dfrA17,trimethoprim,EW036_RS26140,genome,CHEBI:16335,metabolome,shares_pathway,2,EW036_RS26140;map00670;CHEBI:16335,in_pathway;in_pathway,inferred,pathway-mediated (gene->pathway->metabolite),inferred
B36,dfrA17,trimethoprim,EW036_RS26140,genome,CHEBI:16335,metabolome,metabolite_quantified,2,,,directly_observed,metabolomics_abundance.csv,observed
B36,dfrA17,trimethoprim,EW036_RS26140,genome,CHEBI:16857,metabolome,shares_pathway,2,EW036_RS26140;map01100;CHEBI:16857,in_pathway;in_pathway,inferred,pathway-mediated (gene->pathway->metabolite),inferred
B36,dfrA17,trimethoprim,EW036_RS26140,genome,CHEBI:16857,metabolome,metabolite_quantified,2,,,directly_observed,metabolomics_abundance.csv,observed
B36,dfrA17,trimethoprim,EW036_RS26140,genome,CHEBI:15940,metabolome,shares_pathway,2,EW036_RS26140;map01100;CHEBI:15940,in_pathway;in_pathway,inferred,pathway-mediated (gene->pathway->metabolite),inferred
B36,dfrA17,trimethoprim,EW036_RS26140,genome,CHEBI:15940,metabolome,metabolite_quantified,2,,,directly_observed,metabolomics_abundance.csv,observed
B36,dfrA17,trimethoprim,EW036_RS26140,genome,CHEBI:17364,metabolome,shares_pathway,2,EW036_RS26140;map01100;CHEBI:17364,in_pathway;in_pathway,inferred,pathway-mediated (gene->pathway->metabolite),inferred
B36,dfrA17,trimethoprim,EW036_RS26140,genome,CHEBI:17364,metabolome,metabolite_quantified,2,,,directly_observed,metabolomics_abundance.csv,observed
B36,dfrA17,trimethoprim,EW036_RS26140,genome,CHEBI:15978,metabolome,shares_pathway,2,EW036_RS26140;map01100;CHEBI:15978,in_pathway;in_pathway,inferred,pathway-mediated (gene->pathway->metabolite),inferred
B36,dfrA17,trimethoprim,EW036_RS26140,genome,CHEBI:15978,metabolome,metabolite_quantified,2,,,directly_observed,metabolomics_abundance.csv,observed
B36,dfrA17,trimethoprim,EW036_RS26140,genome,CHEBI:42111,metabolome,shares_pathway,2,EW036_RS26140;map01100;CHEBI:42111,in_pathway;in_pathway,inferred,pathway-mediated (gene->pathway->metabolite),inferred
B36,dfrA17,trimethoprim,EW036_RS26140,genome,CHEBI:42111,metabolome,metabolite_quantified,2,,,directly_observed,metabolomics_abundance.csv,observed
B36,dfrA17,trimethoprim,EW036_RS26140,genome,CHEBI:16016,metabolome,shares_pathway,2,EW036_RS26140;map01100;CHEBI:16016,in_pathway;in_pathway,inferred,pathway-mediated (gene->pathway->metabolite),inferred
B36,dfrA17,trimethoprim,EW036_RS26140,genome,CHEBI:16016,metabolome,metabolite_quantified,2,,,directly_observed,metabolomics_abundance.csv,observed
B36,dfrA17,trimethoprim,EW036_RS26140,genome,CHEBI:16634,metabolome,shares_pathway,2,EW036_RS26140;map01100;CHEBI:16634,in_pathway;in_pathway,inferred,pathway-mediated (gene->pathway->metabolite),inferred
B36,dfrA17,trimethoprim,EW036_RS26140,genome,CHEBI:16634,metabolome,metabolite_quantified,2,,,directly_observed,metabolomics_abundance.csv,observed
B36,dfrA17,trimethoprim,EW036_RS26140,genome,CHEBI:32816,metabolome,shares_pathway,2,EW036_RS26140;map01100;CHEBI:32816,in_pathway;in_pathway,inferred,pathway-mediated (gene->pathway->metabolite),inferred
B36,dfrA17,trimethoprim,EW036_RS26140,genome,CHEBI:32816,metabolome,metabolite_quantified,2,,,directly_observed,metabolomics_abundance.csv,observed
B36,dfrA17,trimethoprim,EW036_RS26140,genome,CHEBI:29069,metabolome,shares_pathway,2,EW036_RS26140;map01100;CHEBI:29069,in_pathway;in_pathway,inferred,pathway-mediated (gene->pathway->metabolite),inferred
B36,dfrA17,trimethoprim,EW036_RS26140,genome,CHEBI:29069,metabolome,metabolite_quantified,2,,,directly_observed,metabolomics_abundance.csv,observed
B36,dfrA17,trimethoprim,EW036_RS26140,genome,CHEBI:17713,metabolome,shares_pathway,2,EW036_RS26140;map01100;CHEBI:17713,in_pathway;in_pathway,inferred,pathway-mediated (gene->pathway->metabolite),inferred
B36,dfrA17,trimethoprim,EW036_RS26140,genome,CHEBI:17713,metabolome,metabolite_quantified,2,,,directly_observed,metabolomics_abundance.csv,observed
B36,dfrA17,trimethoprim,EW036_RS26140,genome,CHEBI:17061,metabolome,shares_pathway,2,EW036_RS26140;map01100;CHEBI:17061,in_pathway;in_pathway,inferred,pathway-mediated (gene->pathway->metabolite),inferred
B36,dfrA17,trimethoprim,EW036_RS26140,genome,CHEBI:17061,metabolome,metabolite_quantified,2,,,directly_observed,metabolomics_abundance.csv,observed
B36,dfrA17,trimethoprim,EW036_RS26140,genome,CHEBI:30794,metabolome,shares_pathway,2,EW036_RS26140;map01100;CHEBI:30794,in_pathway;in_pathway,inferred,pathway-mediated (gene->pathway->metabolite),inferred
B36,dfrA17,trimethoprim,EW036_RS26140,genome,CHEBI:30794,metabolome,metabolite_quantified,2,,,directly_observed,metabolomics_abundance.csv,observed
B36,dfrA17,trimethoprim,EW036_RS26140,genome,CHEBI:17596,metabolome,shares_pathway,2,EW036_RS26140;map01100;CHEBI:17596,in_pathway;in_pathway,inferred,pathway-mediated (gene->pathway->metabolite),inferred
B36,dfrA17,trimethoprim,EW036_RS26140,genome,CHEBI:17596,metabolome,metabolite_quantified,2,,,directly_observed,metabolomics_abundance.csv,observed
B36,dfrA17,trimethoprim,EW036_RS26140,genome,CHEBI:30745,metabolome,shares_pathway,2,EW036_RS26140;map01100;CHEBI:30745,in_pathway;in_pathway,inferred,pathway-mediated (gene->pathway->metabolite),inferred
B36,dfrA17,trimethoprim,EW036_RS26140,genome,CHEBI:30745,metabolome,metabolite_quantified,2,,,directly_observed,metabolomics_abundance.csv,observed
B36,dfrA17,trimethoprim,EW036_RS26140,genome,CHEBI:15344,metabolome,shares_pathway,2,EW036_RS26140;map01100;CHEBI:15344,in_pathway;in_pathway,inferred,pathway-mediated (gene->pathway->metabolite),inferred
B36,dfrA17,trimethoprim,EW036_RS26140,genome,CHEBI:15344,metabolome,metabolite_quantified,2,,,directly_observed,metabolomics_abundance.csv,observed
B36,dfrA17,trimethoprim,EW036_RS26140,genome,CHEBI:16040,metabolome,shares_pathway,2,EW036_RS26140;map01100;CHEBI:16040,in_pathway;in_pathway,inferred,pathway-mediated (gene->pathway->metabolite),inferred
B36,dfrA17,trimethoprim,EW036_RS26140,genome,CHEBI:16040,metabolome,metabolite_quantified,2,,,directly_observed,metabolomics_abundance.csv,observed
B36,dfrA17,trimethoprim,EW036_RS26140,genome,CHEBI:28837,metabolome,shares_pathway,2,EW036_RS26140;map01100;CHEBI:28837,in_pathway;in_pathway,inferred,pathway-mediated (gene->pathway->metabolite),inferred
B36,dfrA17,trimethoprim,EW036_RS26140,genome,CHEBI:28837,metabolome,metabolite_quantified,2,,,directly_observed,metabolomics_abundance.csv,observed
B36,dfrA17,trimethoprim,EW036_RS26140,genome,CHEBI:30769,metabolome,shares_pathway,2,EW036_RS26140;map01100;CHEBI:30769,in_pathway;in_pathway,inferred,pathway-mediated (gene->pathway->metabolite),inferred
B36,dfrA17,trimethoprim,EW036_RS26140,genome,CHEBI:30769,metabolome,metabolite_quantified,2,,,directly_observed,metabolomics_abundance.csv,observed
B36,dfrA17,trimethoprim,EW036_RS26140,genome,CHEBI:16108,metabolome,shares_pathway,2,EW036_RS26140;map01100;CHEBI:16108,in_pathway;in_pathway,inferred,pathway-mediated (gene->pathway->metabolite),inferred
B36,dfrA17,trimethoprim,EW036_RS26140,genome,CHEBI:16108,metabolome,metabolite_quantified,2,,,directly_observed,metabolomics_abundance.csv,observed
B36,dfrA17,trimethoprim,EW036_RS26140,genome,CHEBI:28875,metabolome,shares_pathway,2,EW036_RS26140;map01100;CHEBI:28875,in_pathway;in_pathway,inferred,pathway-mediated (gene->pathway->metabolite),inferred
B36,dfrA17,trimethoprim,EW036_RS26140,genome,CHEBI:28875,metabolome,metabolite_quantified,2,,,directly_observed,metabolomics_abundance.csv,observed
B36,dfrA17,trimethoprim,EW036_RS26140,genome,CHEBI:15721,metabolome,shares_pathway,2,EW036_RS26140;map01100;CHEBI:15721,in_pathway;in_pathway,inferred,pathway-mediated (gene->pathway->metabolite),inferred
B36,dfrA17,trimethoprim,EW036_RS26140,genome,CHEBI:15721,metabolome,metabolite_quantified,2,,,directly_observed,metabolomics_abundance.csv,observed
B36,dfrA17,trimethoprim,EW036_RS26140,genome,CHEBI:17588,metabolome,shares_pathway,2,EW036_RS26140;map00670;CHEBI:17588,in_pathway;in_pathway,inferred,pathway-mediated (gene->pathway->metabolite),inferred
B36,dfrA17,trimethoprim,EW036_RS26140,genome,CHEBI:17588,metabolome,metabolite_quantified,2,,,directly_observed,metabolomics_abundance.csv,observed
B36,dfrA17,trimethoprim,EW036_RS26140,genome,CHEBI:16600,metabolome,shares_pathway,2,EW036_RS26140;map01100;CHEBI:16600,in_pathway;in_pathway,inferred,pathway-mediated (gene->pathway->metabolite),inferred
B36,dfrA17,trimethoprim,EW036_RS26140,genome,CHEBI:16600,metabolome,metabolite_quantified,2,,,directly_observed,metabolomics_abundance.csv,observed
B36,dfrA17,trimethoprim,EW036_RS26140,genome,CHEBI:30763,metabolome,shares_pathway,2,EW036_RS26140;map00790;CHEBI:30763,in_pathway;in_pathway,inferred,pathway-mediated (gene->pathway->metabolite),inferred
B36,dfrA17,trimethoprim,EW036_RS26140,genome,CHEBI:30763,metabolome,metabolite_quantified,2,,,directly_observed,metabolomics_abundance.csv,observed
B36,dfrA17,trimethoprim,EW036_RS26140,genome,CHEBI:30915,metabolome,shares_pathway,2,EW036_RS26140;map01100;CHEBI:30915,in_pathway;in_pathway,inferred,pathway-mediated (gene->pathway->metabolite),inferred
B36,dfrA17,trimethoprim,EW036_RS26140,genome,CHEBI:30915,metabolome,metabolite_quantified,2,,,directly_observed,metabolomics_abundance.csv,observed
B36,dfrA17,trimethoprim,EW036_RS26140,genome,CHEBI:16474,metabolome,shares_pathway,2,EW036_RS26140;map01100;CHEBI:16474,in_pathway;in_pathway,inferred,pathway-mediated (gene->pathway->metabolite),inferred
B36,dfrA17,trimethoprim,EW036_RS26140,genome,CHEBI:16474,metabolome,metabolite_quantified,2,,,directly_observed,metabolomics_abundance.csv,observed
B36,dfrA17,trimethoprim,EW036_RS26140,genome,CHEBI:30805,metabolome,shares_pathway,2,EW036_RS26140;map01100;CHEBI:30805,in_pathway;in_pathway,inferred,pathway-mediated (gene->pathway->metabolite),inferred
B36,dfrA17,trimethoprim,EW036_RS26140,genome,CHEBI:30805,metabolome,metabolite_quantified,2,,,directly_observed,metabolomics_abundance.csv,observed
B36,dfrA17,trimethoprim,EW036_RS26140,genome,CHEBI:30813,metabolome,shares_pathway,2,EW036_RS26140;map01100;CHEBI:30813,in_pathway;in_pathway,inferred,pathway-mediated (gene->pathway->metabolite),inferred
B36,dfrA17,trimethoprim,EW036_RS26140,genome,CHEBI:30813,metabolome,metabolite_quantified,2,,,directly_observed,metabolomics_abundance.csv,observed
B36,dfrA17,trimethoprim,EW036_RS26140,genome,CHEBI:16643,metabolome,shares_pathway,2,EW036_RS26140;map00670;CHEBI:16643,in_pathway;in_pathway,inferred,pathway-mediated (gene->pathway->metabolite),inferred
B36,dfrA17,trimethoprim,EW036_RS26140,genome,CHEBI:16643,metabolome,metabolite_quantified,2,,,directly_observed,metabolomics_abundance.csv,observed
B36,dfrA17,trimethoprim,EW036_RS26140,genome,CHEBI:30772,metabolome,shares_pathway,2,EW036_RS26140;map01100;CHEBI:30772,in_pathway;in_pathway,inferred,pathway-mediated (gene->pathway->metabolite),inferred
B36,dfrA17,trimethoprim,EW036_RS26140,genome,CHEBI:30772,metabolome,metabolite_quantified,2,,,directly_observed,metabolomics_abundance.csv,observed
B36,dfrA17,trimethoprim,EW036_RS26140,genome,CHEBI:15918,metabolome,shares_pathway,2,EW036_RS26140;map01100;CHEBI:15918,in_pathway;in_pathway,inferred,pathway-mediated (gene->pathway->metabolite),inferred
B36,dfrA17,trimethoprim,EW036_RS26140,genome,CHEBI:15918,metabolome,metabolite_quantified,2,,,directly_observed,metabolomics_abundance.csv,observed
B36,dfrA17,trimethoprim,EW036_RS26140,genome,CHEBI:16000,metabolome,shares_pathway,2,EW036_RS26140;map01100;CHEBI:16000,in_pathway;in_pathway,inferred,pathway-mediated (gene->pathway->metabolite),inferred
B36,dfrA17,trimethoprim,EW036_RS26140,genome,CHEBI:16000,metabolome,metabolite_quantified,2,,,directly_observed,metabolomics_abundance.csv,observed
B36,dfrA17,trimethoprim,EW036_RS26140,genome,CHEBI:16238,metabolome,shares_pathway,2,EW036_RS26140;map01100;CHEBI:16238,in_pathway;in_pathway,inferred,pathway-mediated (gene->pathway->metabolite),inferred
B36,dfrA17,trimethoprim,EW036_RS26140,genome,CHEBI:16238,metabolome,metabolite_quantified,2,,,directly_observed,metabolomics_abundance.csv,observed
B36,dfrA17,trimethoprim,EW036_RS26140,genome,CHEBI:17859,metabolome,shares_pathway,2,EW036_RS26140;map01100;CHEBI:17859,in_pathway;in_pathway,inferred,pathway-mediated (gene->pathway->metabolite),inferred
B36,dfrA17,trimethoprim,EW036_RS26140,genome,CHEBI:17859,metabolome,metabolite_quantified,2,,,directly_observed,metabolomics_abundance.csv,observed
B36,dfrA17,trimethoprim,EW036_RS26140,genome,CHEBI:16750,metabolome,shares_pathway,2,EW036_RS26140;map01100;CHEBI:16750,in_pathway;in_pathway,inferred,pathway-mediated (gene->pathway->metabolite),inferred
B36,dfrA17,trimethoprim,EW036_RS26140,genome,CHEBI:16750,metabolome,metabolite_quantified,2,,,directly_observed,metabolomics_abundance.csv,observed
B36,dfrA17,trimethoprim,EW036_RS26140,genome,CHEBI:16995,metabolome,shares_pathway,2,EW036_RS26140;map01100;CHEBI:16995,in_pathway;in_pathway,inferred,pathway-mediated (gene->pathway->metabolite),inferred
B36,dfrA17,trimethoprim,EW036_RS26140,genome,CHEBI:16995,metabolome,metabolite_quantified,2,,,directly_observed,metabolomics_abundance.csv,observed
B36,dfrA17,trimethoprim,EW036_RS26140,genome,CHEBI:15971,metabolome,shares_pathway,2,EW036_RS26140;map01100;CHEBI:15971,in_pathway;in_pathway,inferred,pathway-mediated (gene->pathway->metabolite),inferred
B36,dfrA17,trimethoprim,EW036_RS26140,genome,CHEBI:15971,metabolome,metabolite_quantified,2,,,directly_observed,metabolomics_abundance.csv,observed
B36,dfrA17,trimethoprim,EW036_RS26140,genome,CHEBI:16855,metabolome,shares_pathway,2,EW036_RS26140;map01100;CHEBI:16855,in_pathway;in_pathway,inferred,pathway-mediated (gene->pathway->metabolite),inferred
B36,dfrA17,trimethoprim,EW036_RS26140,genome,CHEBI:16855,metabolome,metabolite_quantified,2,,,directly_observed,metabolomics_abundance.csv,observed
B36,dfrA17,trimethoprim,EW036_RS26140,genome,CHEBI:15999,metabolome,shares_pathway,2,EW036_RS26140;map01100;CHEBI:15999,in_pathway;in_pathway,inferred,pathway-mediated (gene->pathway->metabolite),inferred
B36,dfrA17,trimethoprim,EW036_RS26140,genome,CHEBI:15999,metabolome,metabolite_quantified,2,,,directly_observed,metabolomics_abundance.csv,observed
B36,dfrA17,trimethoprim,EW036_RS26140,genome,CHEBI:16259,metabolome,shares_pathway,2,EW036_RS26140;map01100;CHEBI:16259,in_pathway;in_pathway,inferred,pathway-mediated (gene->pathway->metabolite),inferred
B36,dfrA17,trimethoprim,EW036_RS26140,genome,CHEBI:16259,metabolome,metabolite_quantified,2,,,directly_observed,metabolomics_abundance.csv,observed
B36,dfrA17,trimethoprim,EW036_RS26140,genome,CHEBI:16813,metabolome,shares_pathway,2,EW036_RS26140;map01100;CHEBI:16813,in_pathway;in_pathway,inferred,pathway-mediated (gene->pathway->metabolite),inferred
B36,dfrA17,trimethoprim,EW036_RS26140,genome,CHEBI:16813,metabolome,metabolite_quantified,2,,,directly_observed,metabolomics_abundance.csv,observed
B36,dfrA17,trimethoprim,EW036_RS26140,genome,CHEBI:16828,metabolome,shares_pathway,2,EW036_RS26140;map01100;CHEBI:16828,in_pathway;in_pathway,inferred,pathway-mediated (gene->pathway->metabolite),inferred
B36,dfrA17,trimethoprim,EW036_RS26140,genome,CHEBI:16828,metabolome,metabolite_quantified,2,,,directly_observed,metabolomics_abundance.csv,observed
B36,dfrA17,trimethoprim,EW036_RS26140,genome,CHEBI:15887,metabolome,shares_pathway,2,EW036_RS26140;map01100;CHEBI:15887,in_pathway;in_pathway,inferred,pathway-mediated (gene->pathway->metabolite),inferred
B36,dfrA17,trimethoprim,EW036_RS26140,genome,CHEBI:15887,metabolome,metabolite_quantified,2,,,directly_observed,metabolomics_abundance.csv,observed
B36,dfrA17,trimethoprim,EW036_RS26140,genome,CHEBI:16680,metabolome,shares_pathway,2,EW036_RS26140;map00670;CHEBI:16680,in_pathway;in_pathway,inferred,pathway-mediated (gene->pathway->metabolite),inferred
B36,dfrA17,trimethoprim,EW036_RS26140,genome,CHEBI:16680,metabolome,metabolite_quantified,2,,,directly_observed,metabolomics_abundance.csv,observed
B36,dfrA17,trimethoprim,EW036_RS26140,genome,CHEBI:18127,metabolome,shares_pathway,2,EW036_RS26140;map01100;CHEBI:18127,in_pathway;in_pathway,inferred,pathway-mediated (gene->pathway->metabolite),inferred
B36,dfrA17,trimethoprim,EW036_RS26140,genome,CHEBI:18127,metabolome,metabolite_quantified,2,,,directly_observed,metabolomics_abundance.csv,observed
B36,dfrA17,trimethoprim,EW036_RS26140,genome,CHEBI:16467,metabolome,shares_pathway,2,EW036_RS26140;map01100;CHEBI:16467,in_pathway;in_pathway,inferred,pathway-mediated (gene->pathway->metabolite),inferred
B36,dfrA17,trimethoprim,EW036_RS26140,genome,CHEBI:16467,metabolome,metabolite_quantified,2,,,directly_observed,metabolomics_abundance.csv,observed
B36,dfrA17,trimethoprim,EW036_RS26140,genome,CHEBI:18333,metabolome,shares_pathway,2,EW036_RS26140;map01100;CHEBI:18333,in_pathway;in_pathway,inferred,pathway-mediated (gene->pathway->metabolite),inferred
B36,dfrA17,trimethoprim,EW036_RS26140,genome,CHEBI:18333,metabolome,metabolite_quantified,2,,,directly_observed,metabolomics_abundance.csv,observed
B36,dfrA17,trimethoprim,EW036_RS26140,genome,CHEBI:15732,metabolome,shares_pathway,2,EW036_RS26140;map01100;CHEBI:15732,in_pathway;in_pathway,inferred,pathway-mediated (gene->pathway->metabolite),inferred
B36,dfrA17,trimethoprim,EW036_RS26140,genome,CHEBI:15732,metabolome,metabolite_quantified,2,,,directly_observed,metabolomics_abundance.csv,observed
B36,dfrA17,trimethoprim,EW036_RS26140,genome,CHEBI:15901,metabolome,shares_pathway,2,EW036_RS26140;map01100;CHEBI:15901,in_pathway;in_pathway,inferred,pathway-mediated (gene->pathway->metabolite),inferred
B36,dfrA17,trimethoprim,EW036_RS26140,genome,CHEBI:15901,metabolome,metabolite_quantified,2,,,directly_observed,metabolomics_abundance.csv,observed
B36,dfrA17,trimethoprim,EW036_RS26140,genome,CHEBI:15699,metabolome,shares_pathway,2,EW036_RS26140;map01100;CHEBI:15699,in_pathway;in_pathway,inferred,pathway-mediated (gene->pathway->metabolite),inferred
B36,dfrA17,trimethoprim,EW036_RS26140,genome,CHEBI:15699,metabolome,metabolite_quantified,2,,,directly_observed,metabolomics_abundance.csv,observed
B36,dfrA17,trimethoprim,EW036_RS26140,genome,CHEBI:28716,metabolome,shares_pathway,2,EW036_RS26140;map01100;CHEBI:28716,in_pathway;in_pathway,inferred,pathway-mediated (gene->pathway->metabolite),inferred
B36,dfrA17,trimethoprim,EW036_RS26140,genome,CHEBI:28716,metabolome,metabolite_quantified,2,,,directly_observed,metabolomics_abundance.csv,observed
B36,dfrA17,trimethoprim,EW036_RS26140,genome,CHEBI:21547,metabolome,shares_pathway,2,EW036_RS26140;map01100;CHEBI:21547,in_pathway;in_pathway,inferred,pathway-mediated (gene->pathway->metabolite),inferred
B36,dfrA17,trimethoprim,EW036_RS26140,genome,CHEBI:21547,metabolome,metabolite_quantified,2,,,directly_observed,metabolomics_abundance.csv,observed
B36,dfrA17,trimethoprim,EW036_RS26140,genome,CHEBI:17992,metabolome,shares_pathway,2,EW036_RS26140;map01100;CHEBI:17992,in_pathway;in_pathway,inferred,pathway-mediated (gene->pathway->metabolite),inferred
B36,dfrA17,trimethoprim,EW036_RS26140,genome,CHEBI:17992,metabolome,metabolite_quantified,2,,,directly_observed,metabolomics_abundance.csv,observed
B36,dfrA17,trimethoprim,EW036_RS26140,genome,CHEBI:17509,metabolome,shares_pathway,2,EW036_RS26140;map01100;CHEBI:17509,in_pathway;in_pathway,inferred,pathway-mediated (gene->pathway->metabolite),inferred
B36,dfrA17,trimethoprim,EW036_RS26140,genome,CHEBI:17509,metabolome,metabolite_quantified,2,,,directly_observed,metabolomics_abundance.csv,observed
B36,dfrA17,trimethoprim,EW036_RS26140,genome,CHEBI:16235,metabolome,shares_pathway,2,EW036_RS26140;map01100;CHEBI:16235,in_pathway;in_pathway,inferred,pathway-mediated (gene->pathway->metabolite),inferred
B36,dfrA17,trimethoprim,EW036_RS26140,genome,CHEBI:16235,metabolome,metabolite_quantified,2,,,directly_observed,metabolomics_abundance.csv,observed
B36,dfrA17,trimethoprim,EW036_RS26140,genome,CHEBI:28189,metabolome,shares_pathway,2,EW036_RS26140;map01100;CHEBI:28189,in_pathway;in_pathway,inferred,pathway-mediated (gene->pathway->metabolite),inferred
B36,dfrA17,trimethoprim,EW036_RS26140,genome,CHEBI:28189,metabolome,metabolite_quantified,2,,,directly_observed,metabolomics_abundance.csv,observed
B36,dfrA17,trimethoprim,EW036_RS26140,genome,CHEBI:17268,metabolome,shares_pathway,2,EW036_RS26140;map01100;CHEBI:17268,in_pathway;in_pathway,inferred,pathway-mediated (gene->pathway->metabolite),inferred
B36,dfrA17,trimethoprim,EW036_RS26140,genome,CHEBI:17268,metabolome,metabolite_quantified,2,,,directly_observed,metabolomics_abundance.csv,observed
B36,dfrA17,trimethoprim,EW036_RS26140,genome,CHEBI:30887,metabolome,shares_pathway,2,EW036_RS26140;map01100;CHEBI:30887,in_pathway;in_pathway,inferred,pathway-mediated (gene->pathway->metabolite),inferred
B36,dfrA17,trimethoprim,EW036_RS26140,genome,CHEBI:30887,metabolome,metabolite_quantified,2,,,directly_observed,metabolomics_abundance.csv,observed
B36,dfrA17,trimethoprim,EW036_RS26140,genome,CHEBI:27956,metabolome,shares_pathway,2,EW036_RS26140;map01100;CHEBI:27956,in_pathway;in_pathway,inferred,pathway-mediated (gene->pathway->metabolite),inferred
B36,dfrA17,trimethoprim,EW036_RS26140,genome,CHEBI:27956,metabolome,metabolite_quantified,2,,,directly_observed,metabolomics_abundance.csv,observed
B36,dfrA17,trimethoprim,EW036_RS26140,genome,CHEBI:17108,metabolome,shares_pathway,2,EW036_RS26140;map01100;CHEBI:17108,in_pathway;in_pathway,inferred,pathway-mediated (gene->pathway->metabolite),inferred
B36,dfrA17,trimethoprim,EW036_RS26140,genome,CHEBI:17108,metabolome,metabolite_quantified,2,,,directly_observed,metabolomics_abundance.csv,observed
B36,dfrA17,trimethoprim,EW036_RS26140,genome,CHEBI:15698,metabolome,shares_pathway,2,EW036_RS26140;map01100;CHEBI:15698,in_pathway;in_pathway,inferred,pathway-mediated (gene->pathway->metabolite),inferred
B36,dfrA17,trimethoprim,EW036_RS26140,genome,CHEBI:15698,metabolome,metabolite_quantified,2,,,directly_observed,metabolomics_abundance.csv,observed
B36,dfrA17,trimethoprim,EW036_RS26140,genome,CHEBI:18300,metabolome,shares_pathway,2,EW036_RS26140;map01100;CHEBI:18300,in_pathway;in_pathway,inferred,pathway-mediated (gene->pathway->metabolite),inferred
B36,dfrA17,trimethoprim,EW036_RS26140,genome,CHEBI:18300,metabolome,metabolite_quantified,2,,,directly_observed,metabolomics_abundance.csv,observed
B36,dfrA17,trimethoprim,EW036_RS26140,genome,CHEBI:16958,metabolome,shares_pathway,2,EW036_RS26140;map01100;CHEBI:16958,in_pathway;in_pathway,inferred,pathway-mediated (gene->pathway->metabolite),inferred
B36,dfrA17,trimethoprim,EW036_RS26140,genome,CHEBI:16958,metabolome,metabolite_quantified,2,,,directly_observed,metabolomics_abundance.csv,observed
B36,dfrA17,trimethoprim,EW036_RS26140,genome,CHEBI:175195,metabolome,shares_pathway,2,EW036_RS26140;map01100;CHEBI:175195,in_pathway;in_pathway,inferred,pathway-mediated (gene->pathway->metabolite),inferred
B36,dfrA17,trimethoprim,EW036_RS26140,genome,CHEBI:175195,metabolome,metabolite_quantified,2,,,directly_observed,metabolomics_abundance.csv,observed
B36,dfrA17,trimethoprim,EW036_RS26140,genome,CHEBI:17351,metabolome,shares_pathway,2,EW036_RS26140;map01100;CHEBI:17351,in_pathway;in_pathway,inferred,pathway-mediated (gene->pathway->metabolite),inferred
B36,dfrA17,trimethoprim,EW036_RS26140,genome,CHEBI:17351,metabolome,metabolite_quantified,2,,,directly_observed,metabolomics_abundance.csv,observed
B36,dfrA17,trimethoprim,EW036_RS26140,genome,CHEBI:17754,metabolome,shares_pathway,2,EW036_RS26140;map01100;CHEBI:17754,in_pathway;in_pathway,inferred,pathway-mediated (gene->pathway->metabolite),inferred
B36,dfrA17,trimethoprim,EW036_RS26140,genome,CHEBI:17754,metabolome,metabolite_quantified,2,,,directly_observed,metabolomics_abundance.csv,observed
B36,dfrA17,trimethoprim,EW036_RS26140,genome,CHEBI:10642,metabolome,shares_pathway,2,EW036_RS26140;map01100;CHEBI:10642,in_pathway;in_pathway,inferred,pathway-mediated (gene->pathway->metabolite),inferred
B36,dfrA17,trimethoprim,EW036_RS26140,genome,CHEBI:10642,metabolome,metabolite_quantified,2,,,directly_observed,metabolomics_abundance.csv,observed
B36,dfrA17,trimethoprim,EW036_RS26140,genome,CHEBI:17748,metabolome,shares_pathway,2,EW036_RS26140;map01100;CHEBI:17748,in_pathway;in_pathway,inferred,pathway-mediated (gene->pathway->metabolite),inferred
B36,dfrA17,trimethoprim,EW036_RS26140,genome,CHEBI:17748,metabolome,metabolite_quantified,2,,,directly_observed,metabolomics_abundance.csv,observed
B36,dfrA17,trimethoprim,EW036_RS26140,genome,CHEBI:17626,metabolome,shares_pathway,2,EW036_RS26140;map01100;CHEBI:17626,in_pathway;in_pathway,inferred,pathway-mediated (gene->pathway->metabolite),inferred
B36,dfrA17,trimethoprim,EW036_RS26140,genome,CHEBI:17626,metabolome,metabolite_quantified,2,,,directly_observed,metabolomics_abundance.csv,observed
B36,dfrA17,trimethoprim,EW036_RS26140,genome,CHEBI:30753,metabolome,shares_pathway,2,EW036_RS26140;map00790;CHEBI:30753,in_pathway;in_pathway,inferred,pathway-mediated (gene->pathway->metabolite),inferred
B36,dfrA17,trimethoprim,EW036_RS26140,genome,CHEBI:30753,metabolome,metabolite_quantified,2,,,directly_observed,metabolomics_abundance.csv,observed
B36,dfrA17,trimethoprim,EW036_RS26140,genome,CHEBI:17012,metabolome,shares_pathway,2,EW036_RS26140;map01100;CHEBI:17012,in_pathway;in_pathway,inferred,pathway-mediated (gene->pathway->metabolite),inferred
B36,dfrA17,trimethoprim,EW036_RS26140,genome,CHEBI:17012,metabolome,metabolite_quantified,2,,,directly_observed,metabolomics_abundance.csv,observed
B36,dfrA17,trimethoprim,EW036_RS26140,genome,CHEBI:18019,metabolome,shares_pathway,2,EW036_RS26140;map01100;CHEBI:18019,in_pathway;in_pathway,inferred,pathway-mediated (gene->pathway->metabolite),inferred
B36,dfrA17,trimethoprim,EW036_RS26140,genome,CHEBI:18019,metabolome,metabolite_quantified,2,,,directly_observed,metabolomics_abundance.csv,observed
B36,dfrA17,trimethoprim,EW036_RS26140,genome,CHEBI:17752,metabolome,shares_pathway,2,EW036_RS26140;map01100;CHEBI:17752,in_pathway;in_pathway,inferred,pathway-mediated (gene->pathway->metabolite),inferred
B36,dfrA17,trimethoprim,EW036_RS26140,genome,CHEBI:17752,metabolome,metabolite_quantified,2,,,directly_observed,metabolomics_abundance.csv,observed
B36,dfrA17,trimethoprim,EW036_RS26140,genome,CHEBI:18261,metabolome,shares_pathway,2,EW036_RS26140;map01100;CHEBI:18261,in_pathway;in_pathway,inferred,pathway-mediated (gene->pathway->metabolite),inferred
B36,dfrA17,trimethoprim,EW036_RS26140,genome,CHEBI:18261,metabolome,metabolite_quantified,2,,,directly_observed,metabolomics_abundance.csv,observed
B36,dfrA17,trimethoprim,EW036_RS26140,genome,CHEBI:73722,metabolome,shares_pathway,2,EW036_RS26140;map01100;CHEBI:73722,in_pathway;in_pathway,inferred,pathway-mediated (gene->pathway->metabolite),inferred
B36,dfrA17,trimethoprim,EW036_RS26140,genome,CHEBI:73722,metabolome,metabolite_quantified,2,,,directly_observed,metabolomics_abundance.csv,observed
B36,dfrA17,trimethoprim,EW036_RS26140,genome,CHEBI:18135,metabolome,shares_pathway,2,EW036_RS26140;map01100;CHEBI:18135,in_pathway;in_pathway,inferred,pathway-mediated (gene->pathway->metabolite),inferred
B36,dfrA17,trimethoprim,EW036_RS26140,genome,CHEBI:18135,metabolome,metabolite_quantified,2,,,directly_observed,metabolomics_abundance.csv,observed
B36,dfrA17,trimethoprim,EW036_RS26140,genome,CHEBI:32805,metabolome,shares_pathway,2,EW036_RS26140;map01100;CHEBI:32805,in_pathway;in_pathway,inferred,pathway-mediated (gene->pathway->metabolite),inferred
B36,dfrA17,trimethoprim,EW036_RS26140,genome,CHEBI:32805,metabolome,metabolite_quantified,2,,,directly_observed,metabolomics_abundance.csv,observed
B36,dfrA17,trimethoprim,EW036_RS26140,genome,CHEBI:15318,metabolome,shares_pathway,2,EW036_RS26140;map01100;CHEBI:15318,in_pathway;in_pathway,inferred,pathway-mediated (gene->pathway->metabolite),inferred
B36,dfrA17,trimethoprim,EW036_RS26140,genome,CHEBI:15318,metabolome,metabolite_quantified,2,,,directly_observed,metabolomics_abundance.csv,observed
B36,dfrA17,trimethoprim,EW036_RS26140,genome,CHEBI:16024,metabolome,shares_pathway,2,EW036_RS26140;map01100;CHEBI:16024,in_pathway;in_pathway,inferred,pathway-mediated (gene->pathway->metabolite),inferred
B36,dfrA17,trimethoprim,EW036_RS26140,genome,CHEBI:16024,metabolome,metabolite_quantified,2,,,directly_observed,metabolomics_abundance.csv,observed
B36,dfrA17,trimethoprim,EW036_RS26140,genome,CHEBI:37024,metabolome,shares_pathway,2,EW036_RS26140;map01100;CHEBI:37024,in_pathway;in_pathway,inferred,pathway-mediated (gene->pathway->metabolite),inferred
B36,dfrA17,trimethoprim,EW036_RS26140,genome,CHEBI:37024,metabolome,metabolite_quantified,2,,,directly_observed,metabolomics_abundance.csv,observed
B36,dfrA17,trimethoprim,EW036_RS26140,genome,CHEBI:25722,metabolome,shares_pathway,2,EW036_RS26140;map01100;CHEBI:25722,in_pathway;in_pathway,inferred,pathway-mediated (gene->pathway->metabolite),inferred
B36,dfrA17,trimethoprim,EW036_RS26140,genome,CHEBI:25722,metabolome,metabolite_quantified,2,,,directly_observed,metabolomics_abundance.csv,observed
B36,dfrA17,trimethoprim,EW036_RS26140,genome,CHEBI:17634,metabolome,shares_pathway,2,EW036_RS26140;map01100;CHEBI:17634,in_pathway;in_pathway,inferred,pathway-mediated (gene->pathway->metabolite),inferred
B36,dfrA17,trimethoprim,EW036_RS26140,genome,CHEBI:17634,metabolome,metabolite_quantified,2,,,directly_observed,metabolomics_abundance.csv,observed
B36,dfrA17,trimethoprim,EW036_RS26140,genome,CHEBI:12936,metabolome,shares_pathway,2,EW036_RS26140;map01100;CHEBI:12936,in_pathway;in_pathway,inferred,pathway-mediated (gene->pathway->metabolite),inferred
B36,dfrA17,trimethoprim,EW036_RS26140,genome,CHEBI:12936,metabolome,metabolite_quantified,2,,,directly_observed,metabolomics_abundance.csv,observed
B36,dfrA17,trimethoprim,EW036_RS26140,genome,CHEBI:78679,metabolome,shares_pathway,2,EW036_RS26140;map01100;CHEBI:78679,in_pathway;in_pathway,inferred,pathway-mediated (gene->pathway->metabolite),inferred
B36,dfrA17,trimethoprim,EW036_RS26140,genome,CHEBI:78679,metabolome,metabolite_quantified,2,,,directly_observed,metabolomics_abundance.csv,observed
B36,dfrA17,trimethoprim,EW036_RS26140,genome,CHEBI:33508,metabolome,shares_pathway,2,EW036_RS26140;map01100;CHEBI:33508,in_pathway;in_pathway,inferred,pathway-mediated (gene->pathway->metabolite),inferred
B36,dfrA17,trimethoprim,EW036_RS26140,genome,CHEBI:33508,metabolome,metabolite_quantified,2,,,directly_observed,metabolomics_abundance.csv,observed
B36,dfrA17,trimethoprim,EW036_RS26140,genome,CHEBI:30835,metabolome,shares_pathway,2,EW036_RS26140;map01100;CHEBI:30835,in_pathway;in_pathway,inferred,pathway-mediated (gene->pathway->metabolite),inferred
B36,dfrA17,trimethoprim,EW036_RS26140,genome,CHEBI:30835,metabolome,metabolite_quantified,2,,,directly_observed,metabolomics_abundance.csv,observed
B36,dfrA17,trimethoprim,EW036_RS26140,genome,CHEBI:62164,metabolome,shares_pathway,2,EW036_RS26140;map01100;CHEBI:62164,in_pathway;in_pathway,inferred,pathway-mediated (gene->pathway->metabolite),inferred
B36,dfrA17,trimethoprim,EW036_RS26140,genome,CHEBI:62164,metabolome,metabolite_quantified,2,,,directly_observed,metabolomics_abundance.csv,observed
B36,dfrA17,trimethoprim,EW036_RS26140,genome,CHEBI:616988,metabolome,shares_pathway,2,EW036_RS26140;map01100;CHEBI:616988,in_pathway;in_pathway,inferred,pathway-mediated (gene->pathway->metabolite),inferred
B36,dfrA17,trimethoprim,EW036_RS26140,genome,CHEBI:616988,metabolome,metabolite_quantified,2,,,directly_observed,metabolomics_abundance.csv,observed
B36,dfrA17,trimethoprim,EW036_RS26140,genome,CHEBI:17266,metabolome,shares_pathway,2,EW036_RS26140;map01100;CHEBI:17266,in_pathway;in_pathway,inferred,pathway-mediated (gene->pathway->metabolite),inferred
B36,dfrA17,trimethoprim,EW036_RS26140,genome,CHEBI:17266,metabolome,metabolite_quantified,2,,,directly_observed,metabolomics_abundance.csv,observed
B36,dfrA17,trimethoprim,EW036_RS26140,genome,CHEBI:16077,metabolome,shares_pathway,2,EW036_RS26140;map01100;CHEBI:16077,in_pathway;in_pathway,inferred,pathway-mediated (gene->pathway->metabolite),inferred
B36,dfrA17,trimethoprim,EW036_RS26140,genome,CHEBI:16077,metabolome,metabolite_quantified,2,,,directly_observed,metabolomics_abundance.csv,observed
B36,dfrA17,trimethoprim,EW036_RS26140,genome,CHEBI:37690,metabolome,shares_pathway,2,EW036_RS26140;map01100;CHEBI:37690,in_pathway;in_pathway,inferred,pathway-mediated (gene->pathway->metabolite),inferred
B36,dfrA17,trimethoprim,EW036_RS26140,genome,CHEBI:37690,metabolome,metabolite_quantified,2,,,directly_observed,metabolomics_abundance.csv,observed
B36,dfrA17,trimethoprim,EW036_RS26140,genome,CHEBI:28635,metabolome,shares_pathway,2,EW036_RS26140;map01100;CHEBI:28635,in_pathway;in_pathway,inferred,pathway-mediated (gene->pathway->metabolite),inferred
B36,dfrA17,trimethoprim,EW036_RS26140,genome,CHEBI:28635,metabolome,metabolite_quantified,2,,,directly_observed,metabolomics_abundance.csv,observed
B36,dfrA17,trimethoprim,EW036_RS26140,genome,CHEBI:45931,metabolome,shares_pathway,2,EW036_RS26140;map01100;CHEBI:45931,in_pathway;in_pathway,inferred,pathway-mediated (gene->pathway->metabolite),inferred
B36,dfrA17,trimethoprim,EW036_RS26140,genome,CHEBI:45931,metabolome,metabolite_quantified,2,,,directly_observed,metabolomics_abundance.csv,observed
B36,dfrA17,trimethoprim,EW036_RS26140,genome,CHEBI:29864,metabolome,shares_pathway,2,EW036_RS26140;map01100;CHEBI:29864,in_pathway;in_pathway,inferred,pathway-mediated (gene->pathway->metabolite),inferred
B36,dfrA17,trimethoprim,EW036_RS26140,genome,CHEBI:29864,metabolome,metabolite_quantified,2,,,directly_observed,metabolomics_abundance.csv,observed
B36,dfrA17,trimethoprim,EW036_RS26140,genome,CHEBI:30911,metabolome,shares_pathway,2,EW036_RS26140;map01100;CHEBI:30911,in_pathway;in_pathway,inferred,pathway-mediated (gene->pathway->metabolite),inferred
B36,dfrA17,trimethoprim,EW036_RS26140,genome,CHEBI:30911,metabolome,metabolite_quantified,2,,,directly_observed,metabolomics_abundance.csv,observed
B36,dfrA17,trimethoprim,EW036_RS26140,genome,CHEBI:16988,metabolome,shares_pathway,2,EW036_RS26140;map01100;CHEBI:16988,in_pathway;in_pathway,inferred,pathway-mediated (gene->pathway->metabolite),inferred
B36,dfrA17,trimethoprim,EW036_RS26140,genome,CHEBI:16988,metabolome,metabolite_quantified,2,,,directly_observed,metabolomics_abundance.csv,observed
B36,dfrA17,trimethoprim,EW036_RS26140,genome,CHEBI:27248,metabolome,shares_pathway,2,EW036_RS26140;map01100;CHEBI:27248,in_pathway;in_pathway,inferred,pathway-mediated (gene->pathway->metabolite),inferred
B36,dfrA17,trimethoprim,EW036_RS26140,genome,CHEBI:27248,metabolome,metabolite_quantified,2,,,directly_observed,metabolomics_abundance.csv,observed
B36,dfrA17,trimethoprim,EW036_RS26140,genome,CHEBI:65327,metabolome,shares_pathway,2,EW036_RS26140;map01100;CHEBI:65327,in_pathway;in_pathway,inferred,pathway-mediated (gene->pathway->metabolite),inferred
B36,dfrA17,trimethoprim,EW036_RS26140,genome,CHEBI:65327,metabolome,metabolite_quantified,2,,,directly_observed,metabolomics_abundance.csv,observed
B36,dfrA17,trimethoprim,EW036_RS26140,genome,CHEBI:89843,metabolome,shares_pathway,2,EW036_RS26140;map01100;CHEBI:89843,in_pathway;in_pathway,inferred,pathway-mediated (gene->pathway->metabolite),inferred
B36,dfrA17,trimethoprim,EW036_RS26140,genome,CHEBI:89843,metabolome,metabolite_quantified,2,,,directly_observed,metabolomics_abundance.csv,observed
B36,dfrA17,trimethoprim,EW036_RS26140,genome,CHEBI:741548,metabolome,shares_pathway,2,EW036_RS26140;map01100;CHEBI:741548,in_pathway;in_pathway,inferred,pathway-mediated (gene->pathway->metabolite),inferred
B36,dfrA17,trimethoprim,EW036_RS26140,genome,CHEBI:741548,metabolome,metabolite_quantified,2,,,directly_observed,metabolomics_abundance.csv,observed
B36,dfrA17,trimethoprim,EW036_RS26140,genome,EW036_RS00010,genome,graph_context,2,EW036_RS26140;map01100;EW036_RS00010,in_pathway;in_pathway,annotation_mediated,bounded_BFS (<= 4 hops),annotation_mediated
B36,dfrA17,trimethoprim,EW036_RS26140,genome,EW036_RS00135,genome,graph_context,2,EW036_RS26140;map01100;EW036_RS00135,in_pathway;in_pathway,annotation_mediated,bounded_BFS (<= 4 hops),annotation_mediated
B36,dfrA17,trimethoprim,EW036_RS26140,genome,EW036_RS00590,genome,graph_context,2,EW036_RS26140;map01100;EW036_RS00590,in_pathway;in_pathway,annotation_mediated,bounded_BFS (<= 4 hops),annotation_mediated
B36,dfrA17,trimethoprim,EW036_RS26140,genome,EW036_RS00705,genome,graph_context,2,EW036_RS26140;map01100;EW036_RS00705,in_pathway;in_pathway,annotation_mediated,bounded_BFS (<= 4 hops),annotation_mediated
B36,dfrA17,trimethoprim,EW036_RS26140,genome,EW036_RS00710,genome,graph_context,2,EW036_RS26140;map01100;EW036_RS00710,in_pathway;in_pathway,annotation_mediated,bounded_BFS (<= 4 hops),annotation_mediated
B36,dfrA17,trimethoprim,EW036_RS26140,genome,EW036_RS00735,genome,graph_context,2,EW036_RS26140;map01100;EW036_RS00735,in_pathway;in_pathway,annotation_mediated,bounded_BFS (<= 4 hops),annotation_mediated
B36,dfrA17,trimethoprim,EW036_RS26140,genome,EW036_RS00750,genome,graph_context,2,EW036_RS26140;map01100;EW036_RS00750,in_pathway;in_pathway,annotation_mediated,bounded_BFS (<= 4 hops),annotation_mediated
B36,dfrA17,trimethoprim,EW036_RS26140,genome,EW036_RS00775,genome,graph_context,2,EW036_RS26140;map01100;EW036_RS00775,in_pathway;in_pathway,annotation_mediated,bounded_BFS (<= 4 hops),annotation_mediated
B36,dfrA17,trimethoprim,EW036_RS26140,genome,EW036_RS00780,genome,graph_context,2,EW036_RS26140;map01100;EW036_RS00780,in_pathway;in_pathway,annotation_mediated,bounded_BFS (<= 4 hops),annotation_mediated
B36,dfrA17,trimethoprim,EW036_RS26140,genome,EW036_RS00785,genome,graph_context,2,EW036_RS26140;map01100;EW036_RS00785,in_pathway;in_pathway,annotation_mediated,bounded_BFS (<= 4 hops),annotation_mediated
B36,dfrA17,trimethoprim,EW036_RS26140,genome,EW036_RS00790,genome,graph_context,2,EW036_RS26140;map01100;EW036_RS00790,in_pathway;in_pathway,annotation_mediated,bounded_BFS (<= 4 hops),annotation_mediated
B36,dfrA17,trimethoprim,EW036_RS26140,genome,EW036_RS00795,genome,graph_context,2,EW036_RS26140;map01100;EW036_RS00795,in_pathway;in_pathway,annotation_mediated,bounded_BFS (<= 4 hops),annotation_mediated
B36,dfrA17,trimethoprim,EW036_RS26140,genome,EW036_RS00805,genome,graph_context,2,EW036_RS26140;map01100;EW036_RS00805,in_pathway;in_pathway,annotation_mediated,bounded_BFS (<= 4 hops),annotation_mediated
B36,dfrA17,trimethoprim,EW036_RS26140,genome,EW036_RS00810,genome,graph_context,2,EW036_RS26140;map01100;EW036_RS00810,in_pathway;in_pathway,annotation_mediated,bounded_BFS (<= 4 hops),annotation_mediated
B36,dfrA17,trimethoprim,EW036_RS26140,genome,EW036_RS00820,genome,graph_context,2,EW036_RS26140;map01100;EW036_RS00820,in_pathway;in_pathway,annotation_mediated,bounded_BFS (<= 4 hops),annotation_mediated
B36,dfrA17,trimethoprim,EW036_RS26140,genome,EW036_RS00830,genome,graph_context,2,EW036_RS26140;map01100;EW036_RS00830,in_pathway;in_pathway,annotation_mediated,bounded_BFS (<= 4 hops),annotation_mediated
B36,dfrA17,trimethoprim,EW036_RS26140,genome,EW036_RS00840,genome,graph_context,2,EW036_RS26140;map01100;EW036_RS00840,in_pathway;in_pathway,annotation_mediated,bounded_BFS (<= 4 hops),annotation_mediated
B36,dfrA17,trimethoprim,EW036_RS26140,genome,EW036_RS00845,genome,graph_context,2,EW036_RS26140;map01100;EW036_RS00845,in_pathway;in_pathway,annotation_mediated,bounded_BFS (<= 4 hops),annotation_mediated
B36,dfrA17,trimethoprim,EW036_RS26140,genome,EW036_RS00850,genome,graph_context,2,EW036_RS26140;map01100;EW036_RS00850,in_pathway;in_pathway,annotation_mediated,bounded_BFS (<= 4 hops),annotation_mediated
B36,dfrA17,trimethoprim,EW036_RS26140,genome,EW036_RS00855,genome,graph_context,2,EW036_RS26140;COG_H: Coenzyme transport and metabolism;EW036_RS00855,member_of_cog_category;member_of_cog_category,annotation_mediated,bounded_BFS (<= 4 hops),annotation_mediated
B36,dfrA17,trimethoprim,EW036_RS26140,genome,EW036_RS00880,genome,graph_context,2,EW036_RS26140;map01100;EW036_RS00880,in_pathway;in_pathway,annotation_mediated,bounded_BFS (<= 4 hops),annotation_mediated
B36,dfrA17,trimethoprim,EW036_RS26140,genome,EW036_RS00885,genome,graph_context,2,EW036_RS26140;map01100;EW036_RS00885,in_pathway;in_pathway,annotation_mediated,bounded_BFS (<= 4 hops),annotation_mediated
B36,dfrA17,trimethoprim,EW036_RS26140,genome,EW036_RS00900,genome,graph_context,2,EW036_RS26140;map01100;EW036_RS00900,in_pathway;in_pathway,annotation_mediated,bounded_BFS (<= 4 hops),annotation_mediated
B36,dfrA17,trimethoprim,EW036_RS26140,genome,EW036_RS00905,genome,graph_context,2,EW036_RS26140;map01100;EW036_RS00905,in_pathway;in_pathway,annotation_mediated,bounded_BFS (<= 4 hops),annotation_mediated
B36,dfrA17,trimethoprim,EW036_RS26140,genome,EW036_RS00915,genome,graph_context,2,EW036_RS26140;map01100;EW036_RS00915,in_pathway;in_pathway,annotation_mediated,bounded_BFS (<= 4 hops),annotation_mediated
B36,dfrA17,trimethoprim,EW036_RS26140,genome,EW036_RS01000,genome,graph_context,2,EW036_RS26140;map01100;EW036_RS01000,in_pathway;in_pathway,annotation_mediated,bounded_BFS (<= 4 hops),annotation_mediated
B36,dfrA17,trimethoprim,EW036_RS26140,genome,EW036_RS01080,genome,graph_context,2,EW036_RS26140;map01100;EW036_RS01080,in_pathway;in_pathway,annotation_mediated,bounded_BFS (<= 4 hops),annotation_mediated
B36,dfrA17,trimethoprim,EW036_RS26140,genome,EW036_RS01085,genome,graph_context,2,EW036_RS26140;map01100;EW036_RS01085,in_pathway;in_pathway,annotation_mediated,bounded_BFS (<= 4 hops),annotation_mediated
B36,dfrA17,trimethoprim,EW036_RS26140,genome,EW036_RS01120,genome,graph_context,2,EW036_RS26140;map01100;EW036_RS01120,in_pathway;in_pathway,annotation_mediated,bounded_BFS (<= 4 hops),annotation_mediated
B36,dfrA17,trimethoprim,EW036_RS26140,genome,EW036_RS01175,genome,graph_context,2,EW036_RS26140;map01100;EW036_RS01175,in_pathway;in_pathway,annotation_mediated,bounded_BFS (<= 4 hops),annotation_mediated
B36,dfrA17,trimethoprim,EW036_RS26140,genome,EW036_RS01185,genome,graph_context,2,EW036_RS26140;map01100;EW036_RS01185,in_pathway;in_pathway,annotation_mediated,bounded_BFS (<= 4 hops),annotation_mediated
B36,dfrA17,trimethoprim,EW036_RS26140,genome,EW036_RS01310,genome,graph_context,2,EW036_RS26140;map01100;EW036_RS01310,in_pathway;in_pathway,annotation_mediated,bounded_BFS (<= 4 hops),annotation_mediated
B36,dfrA17,trimethoprim,EW036_RS26140,genome,EW036_RS01340,genome,graph_context,2,EW036_RS26140;map01100;EW036_RS01340,in_pathway;in_pathway,annotation_mediated,bounded_BFS (<= 4 hops),annotation_mediated
B36,dfrA17,trimethoprim,EW036_RS26140,genome,EW036_RS01375,genome,graph_context,2,EW036_RS26140;map01100;EW036_RS01375,in_pathway;in_pathway,annotation_mediated,bounded_BFS (<= 4 hops),annotation_mediated
B36,dfrA17,trimethoprim,EW036_RS26140,genome,EW036_RS01385,genome,graph_context,2,EW036_RS26140;map01100;EW036_RS01385,in_pathway;in_pathway,annotation_mediated,bounded_BFS (<= 4 hops),annotation_mediated
B36,dfrA17,trimethoprim,EW036_RS26140,genome,EW036_RS01605,genome,graph_context,2,EW036_RS26140;map01100;EW036_RS01605,in_pathway;in_pathway,annotation_mediated,bounded_BFS (<= 4 hops),annotation_mediated
B36,dfrA17,trimethoprim,EW036_RS26140,genome,EW036_RS01610,genome,graph_context,2,EW036_RS26140;map01100;EW036_RS01610,in_pathway;in_pathway,annotation_mediated,bounded_BFS (<= 4 hops),annotation_mediated
B36,dfrA17,trimethoprim,EW036_RS26140,genome,EW036_RS01650,genome,graph_context,2,EW036_RS26140;COG_H: Coenzyme transport and metabolism;EW036_RS01650,member_of_cog_category;member_of_cog_category,annotation_mediated,bounded_BFS (<= 4 hops),annotation_mediated
B36,dfrA17,trimethoprim,EW036_RS26140,genome,EW036_RS01800,genome,graph_context,2,EW036_RS26140;map01100;EW036_RS01800,in_pathway;in_pathway,annotation_mediated,bounded_BFS (<= 4 hops),annotation_mediated
B36,dfrA17,trimethoprim,EW036_RS26140,genome,EW036_RS01825,genome,graph_context,2,EW036_RS26140;map01100;EW036_RS01825,in_pathway;in_pathway,annotation_mediated,bounded_BFS (<= 4 hops),annotation_mediated
B36,dfrA17,trimethoprim,EW036_RS26140,genome,EW036_RS01850,genome,graph_context,2,EW036_RS26140;map01100;EW036_RS01850,in_pathway;in_pathway,annotation_mediated,bounded_BFS (<= 4 hops),annotation_mediated
B36,dfrA17,trimethoprim,EW036_RS26140,genome,EW036_RS01855,genome,graph_context,2,EW036_RS26140;map01100;EW036_RS01855,in_pathway;in_pathway,annotation_mediated,bounded_BFS (<= 4 hops),annotation_mediated
B36,dfrA17,trimethoprim,EW036_RS26140,genome,EW036_RS01860,genome,graph_context,2,EW036_RS26140;map01100;EW036_RS01860,in_pathway;in_pathway,annotation_mediated,bounded_BFS (<= 4 hops),annotation_mediated
B36,dfrA17,trimethoprim,EW036_RS26140,genome,EW036_RS01865,genome,graph_context,2,EW036_RS26140;map01100;EW036_RS01865,in_pathway;in_pathway,annotation_mediated,bounded_BFS (<= 4 hops),annotation_mediated
B36,dfrA17,trimethoprim,EW036_RS26140,genome,EW036_RS01870,genome,graph_context,2,EW036_RS26140;map01100;EW036_RS01870,in_pathway;in_pathway,annotation_mediated,bounded_BFS (<= 4 hops),annotation_mediated
B36,dfrA17,trimethoprim,EW036_RS26140,genome,EW036_RS01875,genome,graph_context,2,EW036_RS26140;map01100;EW036_RS01875,in_pathway;in_pathway,annotation_mediated,bounded_BFS (<= 4 hops),annotation_mediated
B36,dfrA17,trimethoprim,EW036_RS26140,genome,EW036_RS01930,genome,graph_context,2,EW036_RS26140;map01100;EW036_RS01930,in_pathway;in_pathway,annotation_mediated,bounded_BFS (<= 4 hops),annotation_mediated
B36,dfrA17,trimethoprim,EW036_RS26140,genome,EW036_RS01935,genome,graph_context,2,EW036_RS26140;map01100;EW036_RS01935,in_pathway;in_pathway,annotation_mediated,bounded_BFS (<= 4 hops),annotation_mediated
B36,dfrA17,trimethoprim,EW036_RS26140,genome,EW036_RS01955,genome,graph_context,2,EW036_RS26140;map01100;EW036_RS01955,in_pathway;in_pathway,annotation_mediated,bounded_BFS (<= 4 hops),annotation_mediated
B36,dfrA17,trimethoprim,EW036_RS26140,genome,EW036_RS02000,genome,graph_context,2,EW036_RS26140;map01100;EW036_RS02000,in_pathway;in_pathway,annotation_mediated,bounded_BFS (<= 4 hops),annotation_mediated
B36,dfrA17,trimethoprim,EW036_RS26140,genome,EW036_RS02045,genome,graph_context,2,EW036_RS26140;map01100;EW036_RS02045,in_pathway;in_pathway,annotation_mediated,bounded_BFS (<= 4 hops),annotation_mediated
B36,dfrA17,trimethoprim,EW036_RS26140,genome,EW036_RS02075,genome,graph_context,2,EW036_RS26140;map01100;EW036_RS02075,in_pathway;in_pathway,annotation_mediated,bounded_BFS (<= 4 hops),annotation_mediated
B36,dfrA17,trimethoprim,EW036_RS26140,genome,EW036_RS02080,genome,graph_context,2,EW036_RS26140;map01100;EW036_RS02080,in_pathway;in_pathway,annotation_mediated,bounded_BFS (<= 4 hops),annotation_mediated
B36,dfrA17,trimethoprim,EW036_RS26140,genome,EW036_RS02095,genome,graph_context,2,EW036_RS26140;map01100;EW036_RS02095,in_pathway;in_pathway,annotation_mediated,bounded_BFS (<= 4 hops),annotation_mediated
B36,dfrA17,trimethoprim,EW036_RS26140,genome,EW036_RS02100,genome,graph_context,2,EW036_RS26140;map01100;EW036_RS02100,in_pathway;in_pathway,annotation_mediated,bounded_BFS (<= 4 hops),annotation_mediated
B36,dfrA17,trimethoprim,EW036_RS26140,genome,EW036_RS02160,genome,graph_context,2,EW036_RS26140;map01100;EW036_RS02160,in_pathway;in_pathway,annotation_mediated,bounded_BFS (<= 4 hops),annotation_mediated
B36,dfrA17,trimethoprim,EW036_RS26140,genome,EW036_RS02200,genome,graph_context,2,EW036_RS26140;map01100;EW036_RS02200,in_pathway;in_pathway,annotation_mediated,bounded_BFS (<= 4 hops),annotation_mediated
B36,dfrA17,trimethoprim,EW036_RS26140,genome,EW036_RS02205,genome,graph_context,2,EW036_RS26140;map01100;EW036_RS02205,in_pathway;in_pathway,annotation_mediated,bounded_BFS (<= 4 hops),annotation_mediated
B36,dfrA17,trimethoprim,EW036_RS26140,genome,EW036_RS02225,genome,graph_context,2,EW036_RS26140;map01100;EW036_RS02225,in_pathway;in_pathway,annotation_mediated,bounded_BFS (<= 4 hops),annotation_mediated
B36,dfrA17,trimethoprim,EW036_RS26140,genome,EW036_RS02315,genome,graph_context,2,EW036_RS26140;map01100;EW036_RS02315,in_pathway;in_pathway,annotation_mediated,bounded_BFS (<= 4 hops),annotation_mediated
B36,dfrA17,trimethoprim,EW036_RS26140,genome,EW036_RS02530,genome,graph_context,2,EW036_RS26140;map01100;EW036_RS02530,in_pathway;in_pathway,annotation_mediated,bounded_BFS (<= 4 hops),annotation_mediated
B36,dfrA17,trimethoprim,EW036_RS26140,genome,EW036_RS02570,genome,graph_context,2,EW036_RS26140;map00670;EW036_RS02570,in_pathway;in_pathway,annotation_mediated,bounded_BFS (<= 4 hops),annotation_mediated
B36,dfrA17,trimethoprim,EW036_RS26140,genome,EW036_RS02600,genome,graph_context,2,EW036_RS26140;map01100;EW036_RS02600,in_pathway;in_pathway,annotation_mediated,bounded_BFS (<= 4 hops),annotation_mediated
B36,dfrA17,trimethoprim,EW036_RS26140,genome,EW036_RS02765,genome,graph_context,2,EW036_RS26140;map01100;EW036_RS02765,in_pathway;in_pathway,annotation_mediated,bounded_BFS (<= 4 hops),annotation_mediated
B36,dfrA17,trimethoprim,EW036_RS26140,genome,EW036_RS02770,genome,graph_context,2,EW036_RS26140;map01100;EW036_RS02770,in_pathway;in_pathway,annotation_mediated,bounded_BFS (<= 4 hops),annotation_mediated
B36,dfrA17,trimethoprim,EW036_RS26140,genome,EW036_RS02775,genome,graph_context,2,EW036_RS26140;map01100;EW036_RS02775,in_pathway;in_pathway,annotation_mediated,bounded_BFS (<= 4 hops),annotation_mediated
B36,dfrA17,trimethoprim,EW036_RS26140,genome,EW036_RS02860,genome,graph_context,2,EW036_RS26140;map01100;EW036_RS02860,in_pathway;in_pathway,annotation_mediated,bounded_BFS (<= 4 hops),annotation_mediated
B36,dfrA17,trimethoprim,EW036_RS26140,genome,EW036_RS02910,genome,graph_context,2,EW036_RS26140;map01100;EW036_RS02910,in_pathway;in_pathway,annotation_mediated,bounded_BFS (<= 4 hops),annotation_mediated
B36,dfrA17,trimethoprim,EW036_RS26140,genome,EW036_RS02920,genome,graph_context,2,EW036_RS26140;map01100;EW036_RS02920,in_pathway;in_pathway,annotation_mediated,bounded_BFS (<= 4 hops),annotation_mediated
B36,dfrA17,trimethoprim,EW036_RS26140,genome,EW036_RS02925,genome,graph_context,2,EW036_RS26140;map01100;EW036_RS02925,in_pathway;in_pathway,annotation_mediated,bounded_BFS (<= 4 hops),annotation_mediated
B36,dfrA17,trimethoprim,EW036_RS26140,genome,EW036_RS02935,genome,graph_context,2,EW036_RS26140;map01100;EW036_RS02935,in_pathway;in_pathway,annotation_mediated,bounded_BFS (<= 4 hops),annotation_mediated
B36,dfrA17,trimethoprim,EW036_RS26140,genome,EW036_RS02940,genome,graph_context,2,EW036_RS26140;map01100;EW036_RS02940,in_pathway;in_pathway,annotation_mediated,bounded_BFS (<= 4 hops),annotation_mediated
B36,dfrA17,trimethoprim,EW036_RS26140,genome,EW036_RS03010,genome,graph_context,2,EW036_RS26140;map01100;EW036_RS03010,in_pathway;in_pathway,annotation_mediated,bounded_BFS (<= 4 hops),annotation_mediated
B36,dfrA17,trimethoprim,EW036_RS26140,genome,EW036_RS03015,genome,graph_context,2,EW036_RS26140;map01100;EW036_RS03015,in_pathway;in_pathway,annotation_mediated,bounded_BFS (<= 4 hops),annotation_mediated
B36,dfrA17,trimethoprim,EW036_RS26140,genome,EW036_RS03055,genome,graph_context,2,EW036_RS26140;map01100;EW036_RS03055,in_pathway;in_pathway,annotation_mediated,bounded_BFS (<= 4 hops),annotation_mediated
B36,dfrA17,trimethoprim,EW036_RS26140,genome,EW036_RS03065,genome,graph_context,2,EW036_RS26140;COG_H: Coenzyme transport and metabolism;EW036_RS03065,member_of_cog_category;member_of_cog_category,annotation_mediated,bounded_BFS (<= 4 hops),annotation_mediated
B36,dfrA17,trimethoprim,EW036_RS26140,genome,EW036_RS03115,genome,graph_context,2,EW036_RS26140;map01100;EW036_RS03115,in_pathway;in_pathway,annotation_mediated,bounded_BFS (<= 4 hops),annotation_mediated
B36,dfrA17,trimethoprim,EW036_RS26140,genome,EW036_RS03120,genome,graph_context,2,EW036_RS26140;map01100;EW036_RS03120,in_pathway;in_pathway,annotation_mediated,bounded_BFS (<= 4 hops),annotation_mediated
B36,dfrA17,trimethoprim,EW036_RS26140,genome,EW036_RS03140,genome,graph_context,2,EW036_RS26140;map01100;EW036_RS03140,in_pathway;in_pathway,annotation_mediated,bounded_BFS (<= 4 hops),annotation_mediated
B36,dfrA17,trimethoprim,EW036_RS26140,genome,EW036_RS03260,genome,graph_context,2,EW036_RS26140;map01100;EW036_RS03260,in_pathway;in_pathway,annotation_mediated,bounded_BFS (<= 4 hops),annotation_mediated
B36,dfrA17,trimethoprim,EW036_RS26140,genome,EW036_RS03330,genome,graph_context,2,EW036_RS26140;map01100;EW036_RS03330,in_pathway;in_pathway,annotation_mediated,bounded_BFS (<= 4 hops),annotation_mediated
B36,dfrA17,trimethoprim,EW036_RS26140,genome,EW036_RS03370,genome,graph_context,2,EW036_RS26140;map01100;EW036_RS03370,in_pathway;in_pathway,annotation_mediated,bounded_BFS (<= 4 hops),annotation_mediated
B36,dfrA17,trimethoprim,EW036_RS26140,genome,EW036_RS03395,genome,graph_context,2,EW036_RS26140;map01100;EW036_RS03395,in_pathway;in_pathway,annotation_mediated,bounded_BFS (<= 4 hops),annotation_mediated
B36,dfrA17,trimethoprim,EW036_RS26140,genome,EW036_RS03405,genome,graph_context,2,EW036_RS26140;map01100;EW036_RS03405,in_pathway;in_pathway,annotation_mediated,bounded_BFS (<= 4 hops),annotation_mediated
B36,dfrA17,trimethoprim,EW036_RS26140,genome,EW036_RS03410,genome,graph_context,2,EW036_RS26140;map01100;EW036_RS03410,in_pathway;in_pathway,annotation_mediated,bounded_BFS (<= 4 hops),annotation_mediated
B36,dfrA17,trimethoprim,EW036_RS26140,genome,EW036_RS03420,genome,graph_context,2,EW036_RS26140;map01100;EW036_RS03420,in_pathway;in_pathway,annotation_mediated,bounded_BFS (<= 4 hops),annotation_mediated
B36,dfrA17,trimethoprim,EW036_RS26140,genome,EW036_RS03515,genome,graph_context,2,EW036_RS26140;map01100;EW036_RS03515,in_pathway;in_pathway,annotation_mediated,bounded_BFS (<= 4 hops),annotation_mediated
B36,dfrA17,trimethoprim,EW036_RS26140,genome,EW036_RS03520,genome,graph_context,2,EW036_RS26140;map01100;EW036_RS03520,in_pathway;in_pathway,annotation_mediated,bounded_BFS (<= 4 hops),annotation_mediated
B36,dfrA17,trimethoprim,EW036_RS26140,genome,EW036_RS03715,genome,graph_context,2,EW036_RS26140;COG_H: Coenzyme transport and metabolism;EW036_RS03715,member_of_cog_category;member_of_cog_category,annotation_mediated,bounded_BFS (<= 4 hops),annotation_mediated
B36,dfrA17,trimethoprim,EW036_RS26140,genome,EW036_RS03720,genome,graph_context,2,EW036_RS26140;map01100;EW036_RS03720,in_pathway;in_pathway,annotation_mediated,bounded_BFS (<= 4 hops),annotation_mediated
B36,dfrA17,trimethoprim,EW036_RS26140,genome,EW036_RS03750,genome,graph_context,2,EW036_RS26140;map01100;EW036_RS03750,in_pathway;in_pathway,annotation_mediated,bounded_BFS (<= 4 hops),annotation_mediated
B36,dfrA17,trimethoprim,EW036_RS26140,genome,EW036_RS03815,genome,graph_context,2,EW036_RS26140;map01100;EW036_RS03815,in_pathway;in_pathway,annotation_mediated,bounded_BFS (<= 4 hops),annotation_mediated
B36,dfrA17,trimethoprim,EW036_RS26140,genome,EW036_RS03920,genome,graph_context,2,EW036_RS26140;map01100;EW036_RS03920,in_pathway;in_pathway,annotation_mediated,bounded_BFS (<= 4 hops),annotation_mediated
B36,dfrA17,trimethoprim,EW036_RS26140,genome,EW036_RS04000,genome,graph_context,2,EW036_RS26140;map01100;EW036_RS04000,in_pathway;in_pathway,annotation_mediated,bounded_BFS (<= 4 hops),annotation_mediated
B36,dfrA17,trimethoprim,EW036_RS26140,genome,EW036_RS04030,genome,graph_context,2,EW036_RS26140;map01100;EW036_RS04030,in_pathway;in_pathway,annotation_mediated,bounded_BFS (<= 4 hops),annotation_mediated
B36,dfrA17,trimethoprim,EW036_RS26140,genome,EW036_RS04085,genome,graph_context,2,EW036_RS26140;map01100;EW036_RS04085,in_pathway;in_pathway,annotation_mediated,bounded_BFS (<= 4 hops),annotation_mediated
B36,dfrA17,trimethoprim,EW036_RS26140,genome,EW036_RS04170,genome,graph_context,2,EW036_RS26140;map01100;EW036_RS04170,in_pathway;in_pathway,annotation_mediated,bounded_BFS (<= 4 hops),annotation_mediated
B36,dfrA17,trimethoprim,EW036_RS26140,genome,EW036_RS04175,genome,graph_context,2,EW036_RS26140;map01100;EW036_RS04175,in_pathway;in_pathway,annotation_mediated,bounded_BFS (<= 4 hops),annotation_mediated
B36,dfrA17,trimethoprim,EW036_RS26140,genome,EW036_RS04185,genome,graph_context,2,EW036_RS26140;map01100;EW036_RS04185,in_pathway;in_pathway,annotation_mediated,bounded_BFS (<= 4 hops),annotation_mediated
B36,dfrA17,trimethoprim,EW036_RS26140,genome,EW036_RS04285,genome,graph_context,2,EW036_RS26140;map01100;EW036_RS04285,in_pathway;in_pathway,annotation_mediated,bounded_BFS (<= 4 hops),annotation_mediated
B36,dfrA17,trimethoprim,EW036_RS26140,genome,EW036_RS04305,genome,graph_context,2,EW036_RS26140;map01100;EW036_RS04305,in_pathway;in_pathway,annotation_mediated,bounded_BFS (<= 4 hops),annotation_mediated
B36,dfrA17,trimethoprim,EW036_RS26140,genome,EW036_RS04320,genome,graph_context,2,EW036_RS26140;map01100;EW036_RS04320,in_pathway;in_pathway,annotation_mediated,bounded_BFS (<= 4 hops),annotation_mediated
B36,dfrA17,trimethoprim,EW036_RS26140,genome,EW036_RS04820,genome,graph_context,2,EW036_RS26140;map01100;EW036_RS04820,in_pathway;in_pathway,annotation_mediated,bounded_BFS (<= 4 hops),annotation_mediated
B36,dfrA17,trimethoprim,EW036_RS26140,genome,EW036_RS04860,genome,graph_context,2,EW036_RS26140;map01100;EW036_RS04860,in_pathway;in_pathway,annotation_mediated,bounded_BFS (<= 4 hops),annotation_mediated
B36,dfrA17,trimethoprim,EW036_RS26140,genome,EW036_RS04885,genome,graph_context,2,EW036_RS26140;COG_H: Coenzyme transport and metabolism;EW036_RS04885,member_of_cog_category;member_of_cog_category,annotation_mediated,bounded_BFS (<= 4 hops),annotation_mediated
B36,dfrA17,trimethoprim,EW036_RS26140,genome,EW036_RS04925,genome,graph_context,2,EW036_RS26140;map01100;EW036_RS04925,in_pathway;in_pathway,annotation_mediated,bounded_BFS (<= 4 hops),annotation_mediated
B36,dfrA17,trimethoprim,EW036_RS26140,genome,EW036_RS04950,genome,graph_context,2,EW036_RS26140;map01100;EW036_RS04950,in_pathway;in_pathway,annotation_mediated,bounded_BFS (<= 4 hops),annotation_mediated
B36,dfrA17,trimethoprim,EW036_RS26140,genome,EW036_RS04970,genome,graph_context,2,EW036_RS26140;map01100;EW036_RS04970,in_pathway;in_pathway,annotation_mediated,bounded_BFS (<= 4 hops),annotation_mediated
B36,dfrA17,trimethoprim,EW036_RS26140,genome,EW036_RS04980,genome,graph_context,2,EW036_RS26140;map01100;EW036_RS04980,in_pathway;in_pathway,annotation_mediated,bounded_BFS (<= 4 hops),annotation_mediated
B36,dfrA17,trimethoprim,EW036_RS26140,genome,EW036_RS04990,genome,graph_context,2,EW036_RS26140;map01100;EW036_RS04990,in_pathway;in_pathway,annotation_mediated,bounded_BFS (<= 4 hops),annotation_mediated
B36,dfrA17,trimethoprim,EW036_RS26140,genome,EW036_RS05060,genome,graph_context,2,EW036_RS26140;map01100;EW036_RS05060,in_pathway;in_pathway,annotation_mediated,bounded_BFS (<= 4 hops),annotation_mediated
B36,dfrA17,trimethoprim,EW036_RS26140,genome,EW036_RS05065,genome,graph_context,2,EW036_RS26140;map01100;EW036_RS05065,in_pathway;in_pathway,annotation_mediated,bounded_BFS (<= 4 hops),annotation_mediated
B36,dfrA17,trimethoprim,EW036_RS26140,genome,EW036_RS05070,genome,graph_context,2,EW036_RS26140;map01100;EW036_RS05070,in_pathway;in_pathway,annotation_mediated,bounded_BFS (<= 4 hops),annotation_mediated
B36,dfrA17,trimethoprim,EW036_RS26140,genome,EW036_RS05115,genome,graph_context,2,EW036_RS26140;map01100;EW036_RS05115,in_pathway;in_pathway,annotation_mediated,bounded_BFS (<= 4 hops),annotation_mediated
B36,dfrA17,trimethoprim,EW036_RS26140,genome,EW036_RS05120,genome,graph_context,2,EW036_RS26140;map01100;EW036_RS05120,in_pathway;in_pathway,annotation_mediated,bounded_BFS (<= 4 hops),annotation_mediated
B36,dfrA17,trimethoprim,EW036_RS26140,genome,EW036_RS05130,genome,graph_context,2,EW036_RS26140;map01100;EW036_RS05130,in_pathway;in_pathway,annotation_mediated,bounded_BFS (<= 4 hops),annotation_mediated
B36,dfrA17,trimethoprim,EW036_RS26140,genome,EW036_RS05155,genome,graph_context,2,EW036_RS26140;map01100;EW036_RS05155,in_pathway;in_pathway,annotation_mediated,bounded_BFS (<= 4 hops),annotation_mediated
B36,dfrA17,trimethoprim,EW036_RS26140,genome,EW036_RS05160,genome,graph_context,2,EW036_RS26140;map01100;EW036_RS05160,in_pathway;in_pathway,annotation_mediated,bounded_BFS (<= 4 hops),annotation_mediated
B36,dfrA17,trimethoprim,EW036_RS26140,genome,EW036_RS05170,genome,graph_context,2,EW036_RS26140;map01100;EW036_RS05170,in_pathway;in_pathway,annotation_mediated,bounded_BFS (<= 4 hops),annotation_mediated
B36,dfrA17,trimethoprim,EW036_RS26140,genome,EW036_RS05175,genome,graph_context,2,EW036_RS26140;map01100;EW036_RS05175,in_pathway;in_pathway,annotation_mediated,bounded_BFS (<= 4 hops),annotation_mediated
B36,dfrA17,trimethoprim,EW036_RS26140,genome,EW036_RS05180,genome,graph_context,2,EW036_RS26140;map01100;EW036_RS05180,in_pathway;in_pathway,annotation_mediated,bounded_BFS (<= 4 hops),annotation_mediated
B36,dfrA17,trimethoprim,EW036_RS26140,genome,EW036_RS05245,genome,graph_context,2,EW036_RS26140;map01100;EW036_RS05245,in_pathway;in_pathway,annotation_mediated,bounded_BFS (<= 4 hops),annotation_mediated
B36,dfrA17,trimethoprim,EW036_RS26140,genome,EW036_RS05325,genome,graph_context,2,EW036_RS26140;map01100;EW036_RS05325,in_pathway;in_pathway,annotation_mediated,bounded_BFS (<= 4 hops),annotation_mediated
B36,dfrA17,trimethoprim,EW036_RS26140,genome,EW036_RS05335,genome,graph_context,2,EW036_RS26140;map01100;EW036_RS05335,in_pathway;in_pathway,annotation_mediated,bounded_BFS (<= 4 hops),annotation_mediated
B36,dfrA17,trimethoprim,EW036_RS26140,genome,EW036_RS05415,genome,graph_context,2,EW036_RS26140;map01100;EW036_RS05415,in_pathway;in_pathway,annotation_mediated,bounded_BFS (<= 4 hops),annotation_mediated
B36,dfrA17,trimethoprim,EW036_RS26140,genome,EW036_RS05475,genome,graph_context,2,EW036_RS26140;map01100;EW036_RS05475,in_pathway;in_pathway,annotation_mediated,bounded_BFS (<= 4 hops),annotation_mediated
B36,dfrA17,trimethoprim,EW036_RS26140,genome,EW036_RS05740,genome,graph_context,2,EW036_RS26140;map01100;EW036_RS05740,in_pathway;in_pathway,annotation_mediated,bounded_BFS (<= 4 hops),annotation_mediated
B36,dfrA17,trimethoprim,EW036_RS26140,genome,EW036_RS05770,genome,graph_context,2,EW036_RS26140;map01100;EW036_RS05770,in_pathway;in_pathway,annotation_mediated,bounded_BFS (<= 4 hops),annotation_mediated
B36,dfrA17,trimethoprim,EW036_RS26140,genome,EW036_RS05805,genome,graph_context,2,EW036_RS26140;map01100;EW036_RS05805,in_pathway;in_pathway,annotation_mediated,bounded_BFS (<= 4 hops),annotation_mediated
B36,dfrA17,trimethoprim,EW036_RS26140,genome,EW036_RS05815,genome,graph_context,2,EW036_RS26140;map01100;EW036_RS05815,in_pathway;in_pathway,annotation_mediated,bounded_BFS (<= 4 hops),annotation_mediated
B36,dfrA17,trimethoprim,EW036_RS26140,genome,EW036_RS05820,genome,graph_context,2,EW036_RS26140;map01100;EW036_RS05820,in_pathway;in_pathway,annotation_mediated,bounded_BFS (<= 4 hops),annotation_mediated
B36,dfrA17,trimethoprim,EW036_RS26140,genome,EW036_RS05850,genome,graph_context,2,EW036_RS26140;map01100;EW036_RS05850,in_pathway;in_pathway,annotation_mediated,bounded_BFS (<= 4 hops),annotation_mediated
B36,dfrA17,trimethoprim,EW036_RS26140,genome,EW036_RS05855,genome,graph_context,2,EW036_RS26140;map01100;EW036_RS05855,in_pathway;in_pathway,annotation_mediated,bounded_BFS (<= 4 hops),annotation_mediated
B36,dfrA17,trimethoprim,EW036_RS26140,genome,EW036_RS05875,genome,graph_context,2,EW036_RS26140;map01100;EW036_RS05875,in_pathway;in_pathway,annotation_mediated,bounded_BFS (<= 4 hops),annotation_mediated
B36,dfrA17,trimethoprim,EW036_RS26140,genome,EW036_RS05880,genome,graph_context,2,EW036_RS26140;map01100;EW036_RS05880,in_pathway;in_pathway,annotation_mediated,bounded_BFS (<= 4 hops),annotation_mediated
B36,dfrA17,trimethoprim,EW036_RS26140,genome,EW036_RS05885,genome,graph_context,2,EW036_RS26140;map01100;EW036_RS05885,in_pathway;in_pathway,annotation_mediated,bounded_BFS (<= 4 hops),annotation_mediated
B36,dfrA17,trimethoprim,EW036_RS26140,genome,EW036_RS05900,genome,graph_context,2,EW036_RS26140;map01100;EW036_RS05900,in_pathway;in_pathway,annotation_mediated,bounded_BFS (<= 4 hops),annotation_mediated
B36,dfrA17,trimethoprim,EW036_RS26140,genome,EW036_RS05985,genome,graph_context,2,EW036_RS26140;map01100;EW036_RS05985,in_pathway;in_pathway,annotation_mediated,bounded_BFS (<= 4 hops),annotation_mediated
B36,dfrA17,trimethoprim,EW036_RS26140,genome,EW036_RS05990,genome,graph_context,2,EW036_RS26140;map01100;EW036_RS05990,in_pathway;in_pathway,annotation_mediated,bounded_BFS (<= 4 hops),annotation_mediated
B36,dfrA17,trimethoprim,EW036_RS26140,genome,EW036_RS05995,genome,graph_context,2,EW036_RS26140;map01100;EW036_RS05995,in_pathway;in_pathway,annotation_mediated,bounded_BFS (<= 4 hops),annotation_mediated
B36,dfrA17,trimethoprim,EW036_RS26140,genome,EW036_RS06015,genome,graph_context,2,EW036_RS26140;map01100;EW036_RS06015,in_pathway;in_pathway,annotation_mediated,bounded_BFS (<= 4 hops),annotation_mediated
B36,dfrA17,trimethoprim,EW036_RS26140,genome,EW036_RS06020,genome,graph_context,2,EW036_RS26140;map01100;EW036_RS06020,in_pathway;in_pathway,annotation_mediated,bounded_BFS (<= 4 hops),annotation_mediated
B36,dfrA17,trimethoprim,EW036_RS26140,genome,EW036_RS06040,genome,graph_context,2,EW036_RS26140;map01100;EW036_RS06040,in_pathway;in_pathway,annotation_mediated,bounded_BFS (<= 4 hops),annotation_mediated
B36,dfrA17,trimethoprim,EW036_RS26140,genome,EW036_RS06045,genome,graph_context,2,EW036_RS26140;map01100;EW036_RS06045,in_pathway;in_pathway,annotation_mediated,bounded_BFS (<= 4 hops),annotation_mediated
B36,dfrA17,trimethoprim,EW036_RS26140,genome,EW036_RS06055,genome,graph_context,2,EW036_RS26140;map01100;EW036_RS06055,in_pathway;in_pathway,annotation_mediated,bounded_BFS (<= 4 hops),annotation_mediated
B36,dfrA17,trimethoprim,EW036_RS26140,genome,EW036_RS06090,genome,graph_context,2,EW036_RS26140;map01100;EW036_RS06090,in_pathway;in_pathway,annotation_mediated,bounded_BFS (<= 4 hops),annotation_mediated
B36,dfrA17,trimethoprim,EW036_RS26140,genome,EW036_RS06365,genome,graph_context,2,EW036_RS26140;map01100;EW036_RS06365,in_pathway;in_pathway,annotation_mediated,bounded_BFS (<= 4 hops),annotation_mediated
B36,dfrA17,trimethoprim,EW036_RS26140,genome,EW036_RS06370,genome,graph_context,2,EW036_RS26140;map01100;EW036_RS06370,in_pathway;in_pathway,annotation_mediated,bounded_BFS (<= 4 hops),annotation_mediated
B36,dfrA17,trimethoprim,EW036_RS26140,genome,EW036_RS06505,genome,graph_context,2,EW036_RS26140;map01100;EW036_RS06505,in_pathway;in_pathway,annotation_mediated,bounded_BFS (<= 4 hops),annotation_mediated
B36,dfrA17,trimethoprim,EW036_RS26140,genome,EW036_RS06510,genome,graph_context,2,EW036_RS26140;map01100;EW036_RS06510,in_pathway;in_pathway,annotation_mediated,bounded_BFS (<= 4 hops),annotation_mediated
B36,dfrA17,trimethoprim,EW036_RS26140,genome,EW036_RS06560,genome,graph_context,2,EW036_RS26140;map01100;EW036_RS06560,in_pathway;in_pathway,annotation_mediated,bounded_BFS (<= 4 hops),annotation_mediated
B36,dfrA17,trimethoprim,EW036_RS26140,genome,EW036_RS06635,genome,graph_context,2,EW036_RS26140;map01100;EW036_RS06635,in_pathway;in_pathway,annotation_mediated,bounded_BFS (<= 4 hops),annotation_mediated
B36,dfrA17,trimethoprim,EW036_RS26140,genome,EW036_RS06640,genome,graph_context,2,EW036_RS26140;map01100;EW036_RS06640,in_pathway;in_pathway,annotation_mediated,bounded_BFS (<= 4 hops),annotation_mediated
B36,dfrA17,trimethoprim,EW036_RS26140,genome,EW036_RS06705,genome,graph_context,2,EW036_RS26140;map01100;EW036_RS06705,in_pathway;in_pathway,annotation_mediated,bounded_BFS (<= 4 hops),annotation_mediated
B36,dfrA17,trimethoprim,EW036_RS26140,genome,EW036_RS06815,genome,graph_context,2,EW036_RS26140;map01100;EW036_RS06815,in_pathway;in_pathway,annotation_mediated,bounded_BFS (<= 4 hops),annotation_mediated
B36,dfrA17,trimethoprim,EW036_RS26140,genome,EW036_RS06855,genome,graph_context,2,EW036_RS26140;map01100;EW036_RS06855,in_pathway;in_pathway,annotation_mediated,bounded_BFS (<= 4 hops),annotation_mediated
B36,dfrA17,trimethoprim,EW036_RS26140,genome,EW036_RS06885,genome,graph_context,2,EW036_RS26140;map01100;EW036_RS06885,in_pathway;in_pathway,annotation_mediated,bounded_BFS (<= 4 hops),annotation_mediated
B36,dfrA17,trimethoprim,EW036_RS26140,genome,EW036_RS06920,genome,graph_context,2,EW036_RS26140;map01100;EW036_RS06920,in_pathway;in_pathway,annotation_mediated,bounded_BFS (<= 4 hops),annotation_mediated
B36,dfrA17,trimethoprim,EW036_RS26140,genome,EW036_RS06945,genome,graph_context,2,EW036_RS26140;map01100;EW036_RS06945,in_pathway;in_pathway,annotation_mediated,bounded_BFS (<= 4 hops),annotation_mediated
B36,dfrA17,trimethoprim,EW036_RS26140,genome,EW036_RS06960,genome,graph_context,2,EW036_RS26140;map01100;EW036_RS06960,in_pathway;in_pathway,annotation_mediated,bounded_BFS (<= 4 hops),annotation_mediated
B36,dfrA17,trimethoprim,EW036_RS26140,genome,EW036_RS06995,genome,graph_context,2,EW036_RS26140;map01100;EW036_RS06995,in_pathway;in_pathway,annotation_mediated,bounded_BFS (<= 4 hops),annotation_mediated
B36,dfrA17,trimethoprim,EW036_RS26140,genome,EW036_RS07005,genome,graph_context,2,EW036_RS26140;map01100;EW036_RS07005,in_pathway;in_pathway,annotation_mediated,bounded_BFS (<= 4 hops),annotation_mediated
B36,dfrA17,trimethoprim,EW036_RS26140,genome,EW036_RS07020,genome,graph_context,2,EW036_RS26140;map01100;EW036_RS07020,in_pathway;in_pathway,annotation_mediated,bounded_BFS (<= 4 hops),annotation_mediated
B36,dfrA17,trimethoprim,EW036_RS26140,genome,EW036_RS07035,genome,graph_context,2,EW036_RS26140;map01100;EW036_RS07035,in_pathway;in_pathway,annotation_mediated,bounded_BFS (<= 4 hops),annotation_mediated
B36,dfrA17,trimethoprim,EW036_RS26140,genome,EW036_RS07085,genome,graph_context,2,EW036_RS26140;map01100;EW036_RS07085,in_pathway;in_pathway,annotation_mediated,bounded_BFS (<= 4 hops),annotation_mediated
B36,dfrA17,trimethoprim,EW036_RS26140,genome,EW036_RS07090,genome,graph_context,2,EW036_RS26140;map01100;EW036_RS07090,in_pathway;in_pathway,annotation_mediated,bounded_BFS (<= 4 hops),annotation_mediated
B36,dfrA17,trimethoprim,EW036_RS26140,genome,EW036_RS07115,genome,graph_context,2,EW036_RS26140;map01100;EW036_RS07115,in_pathway;in_pathway,annotation_mediated,bounded_BFS (<= 4 hops),annotation_mediated
B36,dfrA17,trimethoprim,EW036_RS26140,genome,EW036_RS07125,genome,graph_context,2,EW036_RS26140;map01100;EW036_RS07125,in_pathway;in_pathway,annotation_mediated,bounded_BFS (<= 4 hops),annotation_mediated
B36,dfrA17,trimethoprim,EW036_RS26140,genome,EW036_RS07130,genome,graph_context,2,EW036_RS26140;map01100;EW036_RS07130,in_pathway;in_pathway,annotation_mediated,bounded_BFS (<= 4 hops),annotation_mediated
B36,dfrA17,trimethoprim,EW036_RS26140,genome,EW036_RS07135,genome,graph_context,2,EW036_RS26140;map01100;EW036_RS07135,in_pathway;in_pathway,annotation_mediated,bounded_BFS (<= 4 hops),annotation_mediated
B36,dfrA17,trimethoprim,EW036_RS26140,genome,EW036_RS07175,genome,graph_context,2,EW036_RS26140;map01100;EW036_RS07175,in_pathway;in_pathway,annotation_mediated,bounded_BFS (<= 4 hops),annotation_mediated
B36,dfrA17,trimethoprim,EW036_RS26140,genome,EW036_RS07185,genome,graph_context,2,EW036_RS26140;map01100;EW036_RS07185,in_pathway;in_pathway,annotation_mediated,bounded_BFS (<= 4 hops),annotation_mediated
B36,dfrA17,trimethoprim,EW036_RS26140,genome,EW036_RS07210,genome,graph_context,2,EW036_RS26140;map01100;EW036_RS07210,in_pathway;in_pathway,annotation_mediated,bounded_BFS (<= 4 hops),annotation_mediated
B36,dfrA17,trimethoprim,EW036_RS26140,genome,EW036_RS07235,genome,graph_context,2,EW036_RS26140;map01100;EW036_RS07235,in_pathway;in_pathway,annotation_mediated,bounded_BFS (<= 4 hops),annotation_mediated
B36,dfrA17,trimethoprim,EW036_RS26140,genome,EW036_RS07250,genome,graph_context,2,EW036_RS26140;map01100;EW036_RS07250,in_pathway;in_pathway,annotation_mediated,bounded_BFS (<= 4 hops),annotation_mediated
B36,dfrA17,trimethoprim,EW036_RS26140,genome,EW036_RS07255,genome,graph_context,2,EW036_RS26140;map01100;EW036_RS07255,in_pathway;in_pathway,annotation_mediated,bounded_BFS (<= 4 hops),annotation_mediated
B36,dfrA17,trimethoprim,EW036_RS26140,genome,EW036_RS07260,genome,graph_context,2,EW036_RS26140;map01100;EW036_RS07260,in_pathway;in_pathway,annotation_mediated,bounded_BFS (<= 4 hops),annotation_mediated
B36,dfrA17,trimethoprim,EW036_RS26140,genome,EW036_RS07325,genome,graph_context,2,EW036_RS26140;map01100;EW036_RS07325,in_pathway;in_pathway,annotation_mediated,bounded_BFS (<= 4 hops),annotation_mediated
B36,dfrA17,trimethoprim,EW036_RS26140,genome,EW036_RS07350,genome,graph_context,2,EW036_RS26140;map01100;EW036_RS07350,in_pathway;in_pathway,annotation_mediated,bounded_BFS (<= 4 hops),annotation_mediated
B36,dfrA17,trimethoprim,EW036_RS26140,genome,EW036_RS07385,genome,graph_context,2,EW036_RS26140;map01100;EW036_RS07385,in_pathway;in_pathway,annotation_mediated,bounded_BFS (<= 4 hops),annotation_mediated
B36,dfrA17,trimethoprim,EW036_RS26140,genome,EW036_RS07395,genome,graph_context,2,EW036_RS26140;map01100;EW036_RS07395,in_pathway;in_pathway,annotation_mediated,bounded_BFS (<= 4 hops),annotation_mediated
B36,dfrA17,trimethoprim,EW036_RS26140,genome,EW036_RS07420,genome,graph_context,2,EW036_RS26140;map01100;EW036_RS07420,in_pathway;in_pathway,annotation_mediated,bounded_BFS (<= 4 hops),annotation_mediated
B36,dfrA17,trimethoprim,EW036_RS26140,genome,EW036_RS07430,genome,graph_context,2,EW036_RS26140;map01100;EW036_RS07430,in_pathway;in_pathway,annotation_mediated,bounded_BFS (<= 4 hops),annotation_mediated
B36,dfrA17,trimethoprim,EW036_RS26140,genome,EW036_RS07435,genome,graph_context,2,EW036_RS26140;map01100;EW036_RS07435,in_pathway;in_pathway,annotation_mediated,bounded_BFS (<= 4 hops),annotation_mediated
B36,dfrA17,trimethoprim,EW036_RS26140,genome,EW036_RS07450,genome,graph_context,2,EW036_RS26140;map01100;EW036_RS07450,in_pathway;in_pathway,annotation_mediated,bounded_BFS (<= 4 hops),annotation_mediated
B36,dfrA17,trimethoprim,EW036_RS26140,genome,EW036_RS07530,genome,graph_context,2,EW036_RS26140;map01100;EW036_RS07530,in_pathway;in_pathway,annotation_mediated,bounded_BFS (<= 4 hops),annotation_mediated
B36,dfrA17,trimethoprim,EW036_RS26140,genome,EW036_RS07580,genome,graph_context,2,EW036_RS26140;map01100;EW036_RS07580,in_pathway;in_pathway,annotation_mediated,bounded_BFS (<= 4 hops),annotation_mediated
B36,dfrA17,trimethoprim,EW036_RS26140,genome,EW036_RS07795,genome,graph_context,2,EW036_RS26140;map01100;EW036_RS07795,in_pathway;in_pathway,annotation_mediated,bounded_BFS (<= 4 hops),annotation_mediated
B36,dfrA17,trimethoprim,EW036_RS26140,genome,EW036_RS07800,genome,graph_context,2,EW036_RS26140;map01100;EW036_RS07800,in_pathway;in_pathway,annotation_mediated,bounded_BFS (<= 4 hops),annotation_mediated
B36,dfrA17,trimethoprim,EW036_RS26140,genome,EW036_RS07855,genome,graph_context,2,EW036_RS26140;map01100;EW036_RS07855,in_pathway;in_pathway,annotation_mediated,bounded_BFS (<= 4 hops),annotation_mediated
B36,dfrA17,trimethoprim,EW036_RS26140,genome,EW036_RS07885,genome,graph_context,2,EW036_RS26140;map01100;EW036_RS07885,in_pathway;in_pathway,annotation_mediated,bounded_BFS (<= 4 hops),annotation_mediated
B36,dfrA17,trimethoprim,EW036_RS26140,genome,EW036_RS07900,genome,graph_context,2,EW036_RS26140;map01100;EW036_RS07900,in_pathway;in_pathway,annotation_mediated,bounded_BFS (<= 4 hops),annotation_mediated
B36,dfrA17,trimethoprim,EW036_RS26140,genome,EW036_RS07905,genome,graph_context,2,EW036_RS26140;map01100;EW036_RS07905,in_pathway;in_pathway,annotation_mediated,bounded_BFS (<= 4 hops),annotation_mediated
B36,dfrA17,trimethoprim,EW036_RS26140,genome,EW036_RS07920,genome,graph_context,2,EW036_RS26140;map01100;EW036_RS07920,in_pathway;in_pathway,annotation_mediated,bounded_BFS (<= 4 hops),annotation_mediated
B36,dfrA17,trimethoprim,EW036_RS26140,genome,EW036_RS07925,genome,graph_context,2,EW036_RS26140;map01100;EW036_RS07925,in_pathway;in_pathway,annotation_mediated,bounded_BFS (<= 4 hops),annotation_mediated
B36,dfrA17,trimethoprim,EW036_RS26140,genome,EW036_RS07940,genome,graph_context,2,EW036_RS26140;map01100;EW036_RS07940,in_pathway;in_pathway,annotation_mediated,bounded_BFS (<= 4 hops),annotation_mediated
B36,dfrA17,trimethoprim,EW036_RS26140,genome,EW036_RS07945,genome,graph_context,2,EW036_RS26140;map01100;EW036_RS07945,in_pathway;in_pathway,annotation_mediated,bounded_BFS (<= 4 hops),annotation_mediated
B36,dfrA17,trimethoprim,EW036_RS26140,genome,EW036_RS07980,genome,graph_context,2,EW036_RS26140;map00790;EW036_RS07980,in_pathway;in_pathway,annotation_mediated,bounded_BFS (<= 4 hops),annotation_mediated
B36,dfrA17,trimethoprim,EW036_RS26140,genome,EW036_RS08000,genome,graph_context,2,EW036_RS26140;map01100;EW036_RS08000,in_pathway;in_pathway,annotation_mediated,bounded_BFS (<= 4 hops),annotation_mediated
B36,dfrA17,trimethoprim,EW036_RS26140,genome,EW036_RS08010,genome,graph_context,2,EW036_RS26140;map01100;EW036_RS08010,in_pathway;in_pathway,annotation_mediated,bounded_BFS (<= 4 hops),annotation_mediated
B36,dfrA17,trimethoprim,EW036_RS26140,genome,EW036_RS08015,genome,graph_context,2,EW036_RS26140;map01100;EW036_RS08015,in_pathway;in_pathway,annotation_mediated,bounded_BFS (<= 4 hops),annotation_mediated
B36,dfrA17,trimethoprim,EW036_RS26140,genome,EW036_RS08040,genome,graph_context,2,EW036_RS26140;map01100;EW036_RS08040,in_pathway;in_pathway,annotation_mediated,bounded_BFS (<= 4 hops),annotation_mediated
B36,dfrA17,trimethoprim,EW036_RS26140,genome,EW036_RS08045,genome,graph_context,2,EW036_RS26140;map01100;EW036_RS08045,in_pathway;in_pathway,annotation_mediated,bounded_BFS (<= 4 hops),annotation_mediated
B36,dfrA17,trimethoprim,EW036_RS26140,genome,EW036_RS08055,genome,graph_context,2,EW036_RS26140;map01100;EW036_RS08055,in_pathway;in_pathway,annotation_mediated,bounded_BFS (<= 4 hops),annotation_mediated
B36,dfrA17,trimethoprim,EW036_RS26140,genome,EW036_RS08060,genome,graph_context,2,EW036_RS26140;map01100;EW036_RS08060,in_pathway;in_pathway,annotation_mediated,bounded_BFS (<= 4 hops),annotation_mediated
B36,dfrA17,trimethoprim,EW036_RS26140,genome,EW036_RS08065,genome,graph_context,2,EW036_RS26140;map01100;EW036_RS08065,in_pathway;in_pathway,annotation_mediated,bounded_BFS (<= 4 hops),annotation_mediated
B36,dfrA17,trimethoprim,EW036_RS26140,genome,EW036_RS08070,genome,graph_context,2,EW036_RS26140;map01100;EW036_RS08070,in_pathway;in_pathway,annotation_mediated,bounded_BFS (<= 4 hops),annotation_mediated
B36,dfrA17,trimethoprim,EW036_RS26140,genome,EW036_RS08075,genome,graph_context,2,EW036_RS26140;map01100;EW036_RS08075,in_pathway;in_pathway,annotation_mediated,bounded_BFS (<= 4 hops),annotation_mediated
B36,dfrA17,trimethoprim,EW036_RS26140,genome,EW036_RS08080,genome,graph_context,2,EW036_RS26140;map01100;EW036_RS08080,in_pathway;in_pathway,annotation_mediated,bounded_BFS (<= 4 hops),annotation_mediated
B36,dfrA17,trimethoprim,EW036_RS26140,genome,EW036_RS08090,genome,graph_context,2,EW036_RS26140;map01100;EW036_RS08090,in_pathway;in_pathway,annotation_mediated,bounded_BFS (<= 4 hops),annotation_mediated
B36,dfrA17,trimethoprim,EW036_RS26140,genome,EW036_RS08095,genome,graph_context,2,EW036_RS26140;map01100;EW036_RS08095,in_pathway;in_pathway,annotation_mediated,bounded_BFS (<= 4 hops),annotation_mediated
B36,dfrA17,trimethoprim,EW036_RS26140,genome,EW036_RS08100,genome,graph_context,2,EW036_RS26140;map01100;EW036_RS08100,in_pathway;in_pathway,annotation_mediated,bounded_BFS (<= 4 hops),annotation_mediated
B36,dfrA17,trimethoprim,EW036_RS26140,genome,EW036_RS08105,genome,graph_context,2,EW036_RS26140;map01100;EW036_RS08105,in_pathway;in_pathway,annotation_mediated,bounded_BFS (<= 4 hops),annotation_mediated
B36,dfrA17,trimethoprim,EW036_RS26140,genome,EW036_RS08150,genome,graph_context,2,EW036_RS26140;map01100;EW036_RS08150,in_pathway;in_pathway,annotation_mediated,bounded_BFS (<= 4 hops),annotation_mediated
B36,dfrA17,trimethoprim,EW036_RS26140,genome,EW036_RS08155,genome,graph_context,2,EW036_RS26140;map01100;EW036_RS08155,in_pathway;in_pathway,annotation_mediated,bounded_BFS (<= 4 hops),annotation_mediated
B36,dfrA17,trimethoprim,EW036_RS26140,genome,EW036_RS08165,genome,graph_context,2,EW036_RS26140;map01100;EW036_RS08165,in_pathway;in_pathway,annotation_mediated,bounded_BFS (<= 4 hops),annotation_mediated
B36,dfrA17,trimethoprim,EW036_RS26140,genome,EW036_RS08170,genome,graph_context,2,EW036_RS26140;map01100;EW036_RS08170,in_pathway;in_pathway,annotation_mediated,bounded_BFS (<= 4 hops),annotation_mediated
B36,dfrA17,trimethoprim,EW036_RS26140,genome,EW036_RS08175,genome,graph_context,2,EW036_RS26140;map01100;EW036_RS08175,in_pathway;in_pathway,annotation_mediated,bounded_BFS (<= 4 hops),annotation_mediated
B36,dfrA17,trimethoprim,EW036_RS26140,genome,EW036_RS08205,genome,graph_context,2,EW036_RS26140;map01100;EW036_RS08205,in_pathway;in_pathway,annotation_mediated,bounded_BFS (<= 4 hops),annotation_mediated
B36,dfrA17,trimethoprim,EW036_RS26140,genome,EW036_RS08270,genome,graph_context,2,EW036_RS26140;map01100;EW036_RS08270,in_pathway;in_pathway,annotation_mediated,bounded_BFS (<= 4 hops),annotation_mediated
B36,dfrA17,trimethoprim,EW036_RS26140,genome,EW036_RS08305,genome,graph_context,2,EW036_RS26140;map01100;EW036_RS08305,in_pathway;in_pathway,annotation_mediated,bounded_BFS (<= 4 hops),annotation_mediated
B36,dfrA17,trimethoprim,EW036_RS26140,genome,EW036_RS08310,genome,graph_context,2,EW036_RS26140;map01100;EW036_RS08310,in_pathway;in_pathway,annotation_mediated,bounded_BFS (<= 4 hops),annotation_mediated
B36,dfrA17,trimethoprim,EW036_RS26140,genome,EW036_RS08605,genome,graph_context,2,EW036_RS26140;map01100;EW036_RS08605,in_pathway;in_pathway,annotation_mediated,bounded_BFS (<= 4 hops),annotation_mediated
B36,dfrA17,trimethoprim,EW036_RS26140,genome,EW036_RS08630,genome,graph_context,2,EW036_RS26140;map01100;EW036_RS08630,in_pathway;in_pathway,annotation_mediated,bounded_BFS (<= 4 hops),annotation_mediated
B36,dfrA17,trimethoprim,EW036_RS26140,genome,EW036_RS08645,genome,graph_context,2,EW036_RS26140;map01100;EW036_RS08645,in_pathway;in_pathway,annotation_mediated,bounded_BFS (<= 4 hops),annotation_mediated
B36,dfrA17,trimethoprim,EW036_RS26140,genome,EW036_RS08695,genome,graph_context,2,EW036_RS26140;map01100;EW036_RS08695,in_pathway;in_pathway,annotation_mediated,bounded_BFS (<= 4 hops),annotation_mediated
B36,dfrA17,trimethoprim,EW036_RS26140,genome,EW036_RS08710,genome,graph_context,2,EW036_RS26140;map01100;EW036_RS08710,in_pathway;in_pathway,annotation_mediated,bounded_BFS (<= 4 hops),annotation_mediated
B36,dfrA17,trimethoprim,EW036_RS26140,genome,EW036_RS08715,genome,graph_context,2,EW036_RS26140;map01100;EW036_RS08715,in_pathway;in_pathway,annotation_mediated,bounded_BFS (<= 4 hops),annotation_mediated
B36,dfrA17,trimethoprim,EW036_RS26140,genome,EW036_RS08750,genome,graph_context,2,EW036_RS26140;map01100;EW036_RS08750,in_pathway;in_pathway,annotation_mediated,bounded_BFS (<= 4 hops),annotation_mediated
B36,dfrA17,trimethoprim,EW036_RS26140,genome,EW036_RS08795,genome,graph_context,2,EW036_RS26140;map01100;EW036_RS08795,in_pathway;in_pathway,annotation_mediated,bounded_BFS (<= 4 hops),annotation_mediated
B36,dfrA17,trimethoprim,EW036_RS26140,genome,EW036_RS08915,genome,graph_context,2,EW036_RS26140;map01100;EW036_RS08915,in_pathway;in_pathway,annotation_mediated,bounded_BFS (<= 4 hops),annotation_mediated
B36,dfrA17,trimethoprim,EW036_RS26140,genome,EW036_RS08930,genome,graph_context,2,EW036_RS26140;map01100;EW036_RS08930,in_pathway;in_pathway,annotation_mediated,bounded_BFS (<= 4 hops),annotation_mediated
B36,dfrA17,trimethoprim,EW036_RS26140,genome,EW036_RS08985,genome,graph_context,2,EW036_RS26140;map01100;EW036_RS08985,in_pathway;in_pathway,annotation_mediated,bounded_BFS (<= 4 hops),annotation_mediated
B36,dfrA17,trimethoprim,EW036_RS26140,genome,EW036_RS09015,genome,graph_context,2,EW036_RS26140;map01100;EW036_RS09015,in_pathway;in_pathway,annotation_mediated,bounded_BFS (<= 4 hops),annotation_mediated
B36,dfrA17,trimethoprim,EW036_RS26140,genome,EW036_RS09065,genome,graph_context,2,EW036_RS26140;map01100;EW036_RS09065,in_pathway;in_pathway,annotation_mediated,bounded_BFS (<= 4 hops),annotation_mediated
B36,dfrA17,trimethoprim,EW036_RS26140,genome,EW036_RS09130,genome,graph_context,2,EW036_RS26140;map01100;EW036_RS09130,in_pathway;in_pathway,annotation_mediated,bounded_BFS (<= 4 hops),annotation_mediated
B36,dfrA17,trimethoprim,EW036_RS26140,genome,EW036_RS09230,genome,graph_context,2,EW036_RS26140;map01100;EW036_RS09230,in_pathway;in_pathway,annotation_mediated,bounded_BFS (<= 4 hops),annotation_mediated
B36,dfrA17,trimethoprim,EW036_RS26140,genome,EW036_RS09270,genome,graph_context,2,EW036_RS26140;map01100;EW036_RS09270,in_pathway;in_pathway,annotation_mediated,bounded_BFS (<= 4 hops),annotation_mediated
B36,aadA5,aminoglycoside,EW036_RS26145,genome,EW036_RS26145_RNA,transcriptome,rna_quantified,0,,,directly_observed,aligned_multiomics.csv (RNA_RPMI/RNA_Sera),observed
B36,aadA5,aminoglycoside,EW036_RS26145,genome,EW036_RS26140,genome,genomic_proximity,1,EW036_RS26145;EW036_RS26140,genomic_proximity,graph_derived,edges_gene_genomic_proximity_gene.csv,graph_derived
B36,aadA5,aminoglycoside,EW036_RS26145,genome,EW036_RS26150,genome,genomic_proximity,1,EW036_RS26145;EW036_RS26150,genomic_proximity,graph_derived,edges_gene_genomic_proximity_gene.csv,graph_derived
B36,aadA5,aminoglycoside,EW036_RS26145,hypergraph,COG_S: Function unknown,hypergraph,hyperedge_membership,1,EW036_RS26145;COG_S: Function unknown,member_of:cog_category,graph_derived,hyperedges.csv,graph_derived
B36,aadA5,aminoglycoside,EW036_RS26145,hypergraph,aminoglycoside_resistance,hypergraph,hyperedge_membership,1,EW036_RS26145;aminoglycoside_resistance,member_of:amr_mechanism,graph_derived,hyperedges.csv,graph_derived
B36,aadA5,aminoglycoside,EW036_RS26145,genome,S,cog,cog_category,1,EW036_RS26145;S,cog_category,annotation_mediated,edges_gene_cog_category_annotation.csv (eggNOG/COG),annotation_mediated
B36,aadA5,aminoglycoside,EW036_RS26145,genome,aminoglycoside,ppi_amr,amr_mechanism,1,EW036_RS26145;aminoglycoside,associated_with,annotation_mediated,amr_manifest / edges_gene_associated_with_annotation.csv,annotation_mediated
B36,aadA5,aminoglycoside,EW036_RS26145,genome,EW036_RS00030,genome,graph_context,2,EW036_RS26145;COG_S: Function unknown;EW036_RS00030,member_of_cog_category;member_of_cog_category,annotation_mediated,bounded_BFS (<= 4 hops),annotation_mediated
B36,aadA5,aminoglycoside,EW036_RS26145,genome,EW036_RS00075,genome,graph_context,2,EW036_RS26145;COG_S: Function unknown;EW036_RS00075,member_of_cog_category;member_of_cog_category,annotation_mediated,bounded_BFS (<= 4 hops),annotation_mediated
B36,aadA5,aminoglycoside,EW036_RS26145,genome,EW036_RS00455,genome,graph_context,2,EW036_RS26145;COG_S: Function unknown;EW036_RS00455,member_of_cog_category;member_of_cog_category,annotation_mediated,bounded_BFS (<= 4 hops),annotation_mediated
B36,aadA5,aminoglycoside,EW036_RS26145,genome,EW036_RS00550,genome,graph_context,2,EW036_RS26145;COG_S: Function unknown;EW036_RS00550,member_of_cog_category;member_of_cog_category,annotation_mediated,bounded_BFS (<= 4 hops),annotation_mediated
B36,aadA5,aminoglycoside,EW036_RS26145,genome,EW036_RS00565,genome,graph_context,2,EW036_RS26145;COG_S: Function unknown;EW036_RS00565,member_of_cog_category;member_of_cog_category,annotation_mediated,bounded_BFS (<= 4 hops),annotation_mediated
B36,aadA5,aminoglycoside,EW036_RS26145,genome,EW036_RS00570,genome,graph_context,2,EW036_RS26145;COG_S: Function unknown;EW036_RS00570,member_of_cog_category;member_of_cog_category,annotation_mediated,bounded_BFS (<= 4 hops),annotation_mediated
B36,aadA5,aminoglycoside,EW036_RS26145,genome,EW036_RS00610,genome,graph_context,2,EW036_RS26145;COG_S: Function unknown;EW036_RS00610,member_of_cog_category;member_of_cog_category,annotation_mediated,bounded_BFS (<= 4 hops),annotation_mediated
B36,aadA5,aminoglycoside,EW036_RS26145,genome,EW036_RS00725,genome,graph_context,2,EW036_RS26145;COG_S: Function unknown;EW036_RS00725,member_of_cog_category;member_of_cog_category,annotation_mediated,bounded_BFS (<= 4 hops),annotation_mediated
B36,aadA5,aminoglycoside,EW036_RS26145,genome,EW036_RS00870,genome,graph_context,2,EW036_RS26145;COG_S: Function unknown;EW036_RS00870,member_of_cog_category;member_of_cog_category,annotation_mediated,bounded_BFS (<= 4 hops),annotation_mediated
B36,aadA5,aminoglycoside,EW036_RS26145,genome,EW036_RS00940,genome,graph_context,2,EW036_RS26145;COG_S: Function unknown;EW036_RS00940,member_of_cog_category;member_of_cog_category,annotation_mediated,bounded_BFS (<= 4 hops),annotation_mediated
B36,aadA5,aminoglycoside,EW036_RS26145,genome,EW036_RS00945,genome,graph_context,2,EW036_RS26145;COG_S: Function unknown;EW036_RS00945,member_of_cog_category;member_of_cog_category,annotation_mediated,bounded_BFS (<= 4 hops),annotation_mediated
B36,aadA5,aminoglycoside,EW036_RS26145,genome,EW036_RS01170,genome,graph_context,2,EW036_RS26145;COG_S: Function unknown;EW036_RS01170,member_of_cog_category;member_of_cog_category,annotation_mediated,bounded_BFS (<= 4 hops),annotation_mediated
B36,aadA5,aminoglycoside,EW036_RS26145,genome,EW036_RS01280,genome,graph_context,2,EW036_RS26145;COG_S: Function unknown;EW036_RS01280,member_of_cog_category;member_of_cog_category,annotation_mediated,bounded_BFS (<= 4 hops),annotation_mediated
B36,aadA5,aminoglycoside,EW036_RS26145,genome,EW036_RS01290,genome,graph_context,2,EW036_RS26145;COG_S: Function unknown;EW036_RS01290,member_of_cog_category;member_of_cog_category,annotation_mediated,bounded_BFS (<= 4 hops),annotation_mediated
B36,aadA5,aminoglycoside,EW036_RS26145,genome,EW036_RS01335,genome,graph_context,2,EW036_RS26145;COG_S: Function unknown;EW036_RS01335,member_of_cog_category;member_of_cog_category,annotation_mediated,bounded_BFS (<= 4 hops),annotation_mediated
B36,aadA5,aminoglycoside,EW036_RS26145,genome,EW036_RS01360,genome,graph_context,2,EW036_RS26145;COG_S: Function unknown;EW036_RS01360,member_of_cog_category;member_of_cog_category,annotation_mediated,bounded_BFS (<= 4 hops),annotation_mediated
B36,aadA5,aminoglycoside,EW036_RS26145,genome,EW036_RS01420,genome,graph_context,2,EW036_RS26145;COG_S: Function unknown;EW036_RS01420,member_of_cog_category;member_of_cog_category,annotation_mediated,bounded_BFS (<= 4 hops),annotation_mediated
B36,aadA5,aminoglycoside,EW036_RS26145,genome,EW036_RS01555,genome,graph_context,2,EW036_RS26145;COG_S: Function unknown;EW036_RS01555,member_of_cog_category;member_of_cog_category,annotation_mediated,bounded_BFS (<= 4 hops),annotation_mediated
B36,aadA5,aminoglycoside,EW036_RS26145,genome,EW036_RS01665,genome,graph_context,2,EW036_RS26145;COG_S: Function unknown;EW036_RS01665,member_of_cog_category;member_of_cog_category,annotation_mediated,bounded_BFS (<= 4 hops),annotation_mediated
B36,aadA5,aminoglycoside,EW036_RS26145,genome,EW036_RS01690,genome,graph_context,2,EW036_RS26145;COG_S: Function unknown;EW036_RS01690,member_of_cog_category;member_of_cog_category,annotation_mediated,bounded_BFS (<= 4 hops),annotation_mediated
B36,aadA5,aminoglycoside,EW036_RS26145,genome,EW036_RS01730,genome,graph_context,2,EW036_RS26145;COG_S: Function unknown;EW036_RS01730,member_of_cog_category;member_of_cog_category,annotation_mediated,bounded_BFS (<= 4 hops),annotation_mediated
B36,aadA5,aminoglycoside,EW036_RS26145,genome,EW036_RS01795,genome,graph_context,2,EW036_RS26145;COG_S: Function unknown;EW036_RS01795,member_of_cog_category;member_of_cog_category,annotation_mediated,bounded_BFS (<= 4 hops),annotation_mediated
B36,aadA5,aminoglycoside,EW036_RS26145,genome,EW036_RS01810,genome,graph_context,2,EW036_RS26145;COG_S: Function unknown;EW036_RS01810,member_of_cog_category;member_of_cog_category,annotation_mediated,bounded_BFS (<= 4 hops),annotation_mediated
B36,aadA5,aminoglycoside,EW036_RS26145,genome,EW036_RS01815,genome,graph_context,2,EW036_RS26145;COG_S: Function unknown;EW036_RS01815,member_of_cog_category;member_of_cog_category,annotation_mediated,bounded_BFS (<= 4 hops),annotation_mediated
B36,aadA5,aminoglycoside,EW036_RS26145,genome,EW036_RS01905,genome,graph_context,2,EW036_RS26145;COG_S: Function unknown;EW036_RS01905,member_of_cog_category;member_of_cog_category,annotation_mediated,bounded_BFS (<= 4 hops),annotation_mediated
B36,aadA5,aminoglycoside,EW036_RS26145,genome,EW036_RS01955,genome,graph_context,2,EW036_RS26145;COG_S: Function unknown;EW036_RS01955,member_of_cog_category;member_of_cog_category,annotation_mediated,bounded_BFS (<= 4 hops),annotation_mediated
B36,aadA5,aminoglycoside,EW036_RS26145,genome,EW036_RS02035,genome,graph_context,2,EW036_RS26145;COG_S: Function unknown;EW036_RS02035,member_of_cog_category;member_of_cog_category,annotation_mediated,bounded_BFS (<= 4 hops),annotation_mediated
B36,aadA5,aminoglycoside,EW036_RS26145,genome,EW036_RS02190,genome,graph_context,2,EW036_RS26145;COG_S: Function unknown;EW036_RS02190,member_of_cog_category;member_of_cog_category,annotation_mediated,bounded_BFS (<= 4 hops),annotation_mediated
B36,aadA5,aminoglycoside,EW036_RS26145,genome,EW036_RS02230,genome,graph_context,2,EW036_RS26145;COG_S: Function unknown;EW036_RS02230,member_of_cog_category;member_of_cog_category,annotation_mediated,bounded_BFS (<= 4 hops),annotation_mediated
B36,aadA5,aminoglycoside,EW036_RS26145,genome,EW036_RS02235,genome,graph_context,2,EW036_RS26145;COG_S: Function unknown;EW036_RS02235,member_of_cog_category;member_of_cog_category,annotation_mediated,bounded_BFS (<= 4 hops),annotation_mediated
B36,aadA5,aminoglycoside,EW036_RS26145,genome,EW036_RS02240,genome,graph_context,2,EW036_RS26145;COG_S: Function unknown;EW036_RS02240,member_of_cog_category;member_of_cog_category,annotation_mediated,bounded_BFS (<= 4 hops),annotation_mediated
B36,aadA5,aminoglycoside,EW036_RS26145,genome,EW036_RS02245,genome,graph_context,2,EW036_RS26145;COG_S: Function unknown;EW036_RS02245,member_of_cog_category;member_of_cog_category,annotation_mediated,bounded_BFS (<= 4 hops),annotation_mediated
B36,aadA5,aminoglycoside,EW036_RS26145,genome,EW036_RS02265,genome,graph_context,2,EW036_RS26145;COG_S: Function unknown;EW036_RS02265,member_of_cog_category;member_of_cog_category,annotation_mediated,bounded_BFS (<= 4 hops),annotation_mediated
B36,aadA5,aminoglycoside,EW036_RS26145,genome,EW036_RS02275,genome,graph_context,2,EW036_RS26145;COG_S: Function unknown;EW036_RS02275,member_of_cog_category;member_of_cog_category,annotation_mediated,bounded_BFS (<= 4 hops),annotation_mediated
B36,aadA5,aminoglycoside,EW036_RS26145,genome,EW036_RS02605,genome,graph_context,2,EW036_RS26145;COG_S: Function unknown;EW036_RS02605,member_of_cog_category;member_of_cog_category,annotation_mediated,bounded_BFS (<= 4 hops),annotation_mediated
B36,aadA5,aminoglycoside,EW036_RS26145,genome,EW036_RS02610,genome,graph_context,2,EW036_RS26145;COG_S: Function unknown;EW036_RS02610,member_of_cog_category;member_of_cog_category,annotation_mediated,bounded_BFS (<= 4 hops),annotation_mediated
B36,aadA5,aminoglycoside,EW036_RS26145,genome,EW036_RS02815,genome,graph_context,2,EW036_RS26145;COG_S: Function unknown;EW036_RS02815,member_of_cog_category;member_of_cog_category,annotation_mediated,bounded_BFS (<= 4 hops),annotation_mediated
B36,aadA5,aminoglycoside,EW036_RS26145,genome,EW036_RS02820,genome,graph_context,2,EW036_RS26145;COG_S: Function unknown;EW036_RS02820,member_of_cog_category;member_of_cog_category,annotation_mediated,bounded_BFS (<= 4 hops),annotation_mediated
B36,aadA5,aminoglycoside,EW036_RS26145,genome,EW036_RS02875,genome,graph_context,2,EW036_RS26145;COG_S: Function unknown;EW036_RS02875,member_of_cog_category;member_of_cog_category,annotation_mediated,bounded_BFS (<= 4 hops),annotation_mediated
B36,aadA5,aminoglycoside,EW036_RS26145,genome,EW036_RS02900,genome,graph_context,2,EW036_RS26145;COG_S: Function unknown;EW036_RS02900,member_of_cog_category;member_of_cog_category,annotation_mediated,bounded_BFS (<= 4 hops),annotation_mediated
B36,aadA5,aminoglycoside,EW036_RS26145,genome,EW036_RS02975,genome,graph_context,2,EW036_RS26145;COG_S: Function unknown;EW036_RS02975,member_of_cog_category;member_of_cog_category,annotation_mediated,bounded_BFS (<= 4 hops),annotation_mediated
B36,aadA5,aminoglycoside,EW036_RS26145,genome,EW036_RS03000,genome,graph_context,2,EW036_RS26145;COG_S: Function unknown;EW036_RS03000,member_of_cog_category;member_of_cog_category,annotation_mediated,bounded_BFS (<= 4 hops),annotation_mediated
B36,aadA5,aminoglycoside,EW036_RS26145,genome,EW036_RS03010,genome,graph_context,2,EW036_RS26145;COG_S: Function unknown;EW036_RS03010,member_of_cog_category;member_of_cog_category,annotation_mediated,bounded_BFS (<= 4 hops),annotation_mediated
B36,aadA5,aminoglycoside,EW036_RS26145,genome,EW036_RS03045,genome,graph_context,2,EW036_RS26145;COG_S: Function unknown;EW036_RS03045,member_of_cog_category;member_of_cog_category,annotation_mediated,bounded_BFS (<= 4 hops),annotation_mediated
B36,aadA5,aminoglycoside,EW036_RS26145,genome,EW036_RS03085,genome,graph_context,2,EW036_RS26145;COG_S: Function unknown;EW036_RS03085,member_of_cog_category;member_of_cog_category,annotation_mediated,bounded_BFS (<= 4 hops),annotation_mediated
B36,aadA5,aminoglycoside,EW036_RS26145,genome,EW036_RS03225,genome,graph_context,2,EW036_RS26145;COG_S: Function unknown;EW036_RS03225,member_of_cog_category;member_of_cog_category,annotation_mediated,bounded_BFS (<= 4 hops),annotation_mediated
B36,aadA5,aminoglycoside,EW036_RS26145,genome,EW036_RS03240,genome,graph_context,2,EW036_RS26145;COG_S: Function unknown;EW036_RS03240,member_of_cog_category;member_of_cog_category,annotation_mediated,bounded_BFS (<= 4 hops),annotation_mediated
B36,aadA5,aminoglycoside,EW036_RS26145,genome,EW036_RS03255,genome,graph_context,2,EW036_RS26145;COG_S: Function unknown;EW036_RS03255,member_of_cog_category;member_of_cog_category,annotation_mediated,bounded_BFS (<= 4 hops),annotation_mediated
B36,aadA5,aminoglycoside,EW036_RS26145,genome,EW036_RS03450,genome,graph_context,2,EW036_RS26145;COG_S: Function unknown;EW036_RS03450,member_of_cog_category;member_of_cog_category,annotation_mediated,bounded_BFS (<= 4 hops),annotation_mediated
B36,aadA5,aminoglycoside,EW036_RS26145,genome,EW036_RS03460,genome,graph_context,2,EW036_RS26145;COG_S: Function unknown;EW036_RS03460,member_of_cog_category;member_of_cog_category,annotation_mediated,bounded_BFS (<= 4 hops),annotation_mediated
B36,aadA5,aminoglycoside,EW036_RS26145,genome,EW036_RS03475,genome,graph_context,2,EW036_RS26145;COG_S: Function unknown;EW036_RS03475,member_of_cog_category;member_of_cog_category,annotation_mediated,bounded_BFS (<= 4 hops),annotation_mediated
B36,aadA5,aminoglycoside,EW036_RS26145,genome,EW036_RS03480,genome,graph_context,2,EW036_RS26145;COG_S: Function unknown;EW036_RS03480,member_of_cog_category;member_of_cog_category,annotation_mediated,bounded_BFS (<= 4 hops),annotation_mediated
B36,aadA5,aminoglycoside,EW036_RS26145,genome,EW036_RS03485,genome,graph_context,2,EW036_RS26145;COG_S: Function unknown;EW036_RS03485,member_of_cog_category;member_of_cog_category,annotation_mediated,bounded_BFS (<= 4 hops),annotation_mediated
B36,aadA5,aminoglycoside,EW036_RS26145,genome,EW036_RS03490,genome,graph_context,2,EW036_RS26145;COG_S: Function unknown;EW036_RS03490,member_of_cog_category;member_of_cog_category,annotation_mediated,bounded_BFS (<= 4 hops),annotation_mediated
B36,aadA5,aminoglycoside,EW036_RS26145,genome,EW036_RS03540,genome,graph_context,2,EW036_RS26145;COG_S: Function unknown;EW036_RS03540,member_of_cog_category;member_of_cog_category,annotation_mediated,bounded_BFS (<= 4 hops),annotation_mediated
B36,aadA5,aminoglycoside,EW036_RS26145,genome,EW036_RS03550,genome,graph_context,2,EW036_RS26145;COG_S: Function unknown;EW036_RS03550,member_of_cog_category;member_of_cog_category,annotation_mediated,bounded_BFS (<= 4 hops),annotation_mediated
B36,aadA5,aminoglycoside,EW036_RS26145,genome,EW036_RS03710,genome,graph_context,2,EW036_RS26145;COG_S: Function unknown;EW036_RS03710,member_of_cog_category;member_of_cog_category,annotation_mediated,bounded_BFS (<= 4 hops),annotation_mediated
B36,aadA5,aminoglycoside,EW036_RS26145,genome,EW036_RS03745,genome,graph_context,2,EW036_RS26145;COG_S: Function unknown;EW036_RS03745,member_of_cog_category;member_of_cog_category,annotation_mediated,bounded_BFS (<= 4 hops),annotation_mediated
B36,aadA5,aminoglycoside,EW036_RS26145,genome,EW036_RS03805,genome,graph_context,2,EW036_RS26145;COG_S: Function unknown;EW036_RS03805,member_of_cog_category;member_of_cog_category,annotation_mediated,bounded_BFS (<= 4 hops),annotation_mediated
B36,aadA5,aminoglycoside,EW036_RS26145,genome,EW036_RS03825,genome,graph_context,2,EW036_RS26145;COG_S: Function unknown;EW036_RS03825,member_of_cog_category;member_of_cog_category,annotation_mediated,bounded_BFS (<= 4 hops),annotation_mediated
B36,aadA5,aminoglycoside,EW036_RS26145,genome,EW036_RS03870,genome,graph_context,2,EW036_RS26145;COG_S: Function unknown;EW036_RS03870,member_of_cog_category;member_of_cog_category,annotation_mediated,bounded_BFS (<= 4 hops),annotation_mediated
B36,aadA5,aminoglycoside,EW036_RS26145,genome,EW036_RS03875,genome,graph_context,2,EW036_RS26145;COG_S: Function unknown;EW036_RS03875,member_of_cog_category;member_of_cog_category,annotation_mediated,bounded_BFS (<= 4 hops),annotation_mediated
B36,aadA5,aminoglycoside,EW036_RS26145,genome,EW036_RS03900,genome,graph_context,2,EW036_RS26145;COG_S: Function unknown;EW036_RS03900,member_of_cog_category;member_of_cog_category,annotation_mediated,bounded_BFS (<= 4 hops),annotation_mediated
B36,aadA5,aminoglycoside,EW036_RS26145,genome,EW036_RS03980,genome,graph_context,2,EW036_RS26145;COG_S: Function unknown;EW036_RS03980,member_of_cog_category;member_of_cog_category,annotation_mediated,bounded_BFS (<= 4 hops),annotation_mediated
B36,aadA5,aminoglycoside,EW036_RS26145,genome,EW036_RS04020,genome,graph_context,2,EW036_RS26145;COG_S: Function unknown;EW036_RS04020,member_of_cog_category;member_of_cog_category,annotation_mediated,bounded_BFS (<= 4 hops),annotation_mediated
B36,aadA5,aminoglycoside,EW036_RS26145,genome,EW036_RS04180,genome,graph_context,2,EW036_RS26145;COG_S: Function unknown;EW036_RS04180,member_of_cog_category;member_of_cog_category,annotation_mediated,bounded_BFS (<= 4 hops),annotation_mediated
B36,aadA5,aminoglycoside,EW036_RS26145,genome,EW036_RS04410,genome,graph_context,2,EW036_RS26145;COG_S: Function unknown;EW036_RS04410,member_of_cog_category;member_of_cog_category,annotation_mediated,bounded_BFS (<= 4 hops),annotation_mediated
B36,aadA5,aminoglycoside,EW036_RS26145,genome,EW036_RS04715,genome,graph_context,2,EW036_RS26145;COG_S: Function unknown;EW036_RS04715,member_of_cog_category;member_of_cog_category,annotation_mediated,bounded_BFS (<= 4 hops),annotation_mediated
B36,aadA5,aminoglycoside,EW036_RS26145,genome,EW036_RS04800,genome,graph_context,2,EW036_RS26145;COG_S: Function unknown;EW036_RS04800,member_of_cog_category;member_of_cog_category,annotation_mediated,bounded_BFS (<= 4 hops),annotation_mediated
B36,aadA5,aminoglycoside,EW036_RS26145,genome,EW036_RS04850,genome,graph_context,2,EW036_RS26145;COG_S: Function unknown;EW036_RS04850,member_of_cog_category;member_of_cog_category,annotation_mediated,bounded_BFS (<= 4 hops),annotation_mediated
B36,aadA5,aminoglycoside,EW036_RS26145,genome,EW036_RS04855,genome,graph_context,2,EW036_RS26145;COG_S: Function unknown;EW036_RS04855,member_of_cog_category;member_of_cog_category,annotation_mediated,bounded_BFS (<= 4 hops),annotation_mediated
B36,aadA5,aminoglycoside,EW036_RS26145,genome,EW036_RS04895,genome,graph_context,2,EW036_RS26145;COG_S: Function unknown;EW036_RS04895,member_of_cog_category;member_of_cog_category,annotation_mediated,bounded_BFS (<= 4 hops),annotation_mediated
B36,aadA5,aminoglycoside,EW036_RS26145,genome,EW036_RS04905,genome,graph_context,2,EW036_RS26145;COG_S: Function unknown;EW036_RS04905,member_of_cog_category;member_of_cog_category,annotation_mediated,bounded_BFS (<= 4 hops),annotation_mediated
B36,aadA5,aminoglycoside,EW036_RS26145,genome,EW036_RS05055,genome,graph_context,2,EW036_RS26145;COG_S: Function unknown;EW036_RS05055,member_of_cog_category;member_of_cog_category,annotation_mediated,bounded_BFS (<= 4 hops),annotation_mediated
B36,aadA5,aminoglycoside,EW036_RS26145,genome,EW036_RS05085,genome,graph_context,2,EW036_RS26145;COG_S: Function unknown;EW036_RS05085,member_of_cog_category;member_of_cog_category,annotation_mediated,bounded_BFS (<= 4 hops),annotation_mediated
B36,aadA5,aminoglycoside,EW036_RS26145,genome,EW036_RS05190,genome,graph_context,2,EW036_RS26145;COG_S: Function unknown;EW036_RS05190,member_of_cog_category;member_of_cog_category,annotation_mediated,bounded_BFS (<= 4 hops),annotation_mediated
B36,aadA5,aminoglycoside,EW036_RS26145,genome,EW036_RS05205,genome,graph_context,2,EW036_RS26145;COG_S: Function unknown;EW036_RS05205,member_of_cog_category;member_of_cog_category,annotation_mediated,bounded_BFS (<= 4 hops),annotation_mediated
B36,aadA5,aminoglycoside,EW036_RS26145,genome,EW036_RS05210,genome,graph_context,2,EW036_RS26145;COG_S: Function unknown;EW036_RS05210,member_of_cog_category;member_of_cog_category,annotation_mediated,bounded_BFS (<= 4 hops),annotation_mediated
B36,aadA5,aminoglycoside,EW036_RS26145,genome,EW036_RS05440,genome,graph_context,2,EW036_RS26145;COG_S: Function unknown;EW036_RS05440,member_of_cog_category;member_of_cog_category,annotation_mediated,bounded_BFS (<= 4 hops),annotation_mediated
B36,aadA5,aminoglycoside,EW036_RS26145,genome,EW036_RS05735,genome,graph_context,2,EW036_RS26145;COG_S: Function unknown;EW036_RS05735,member_of_cog_category;member_of_cog_category,annotation_mediated,bounded_BFS (<= 4 hops),annotation_mediated
B36,aadA5,aminoglycoside,EW036_RS26145,genome,EW036_RS05815,genome,graph_context,2,EW036_RS26145;COG_S: Function unknown;EW036_RS05815,member_of_cog_category;member_of_cog_category,annotation_mediated,bounded_BFS (<= 4 hops),annotation_mediated
B36,aadA5,aminoglycoside,EW036_RS26145,genome,EW036_RS05830,genome,graph_context,2,EW036_RS26145;COG_S: Function unknown;EW036_RS05830,member_of_cog_category;member_of_cog_category,annotation_mediated,bounded_BFS (<= 4 hops),annotation_mediated
B36,aadA5,aminoglycoside,EW036_RS26145,genome,EW036_RS06010,genome,graph_context,2,EW036_RS26145;COG_S: Function unknown;EW036_RS06010,member_of_cog_category;member_of_cog_category,annotation_mediated,bounded_BFS (<= 4 hops),annotation_mediated
B36,aadA5,aminoglycoside,EW036_RS26145,genome,EW036_RS06100,genome,graph_context,2,EW036_RS26145;COG_S: Function unknown;EW036_RS06100,member_of_cog_category;member_of_cog_category,annotation_mediated,bounded_BFS (<= 4 hops),annotation_mediated
B36,aadA5,aminoglycoside,EW036_RS26145,genome,EW036_RS06305,genome,graph_context,2,EW036_RS26145;COG_S: Function unknown;EW036_RS06305,member_of_cog_category;member_of_cog_category,annotation_mediated,bounded_BFS (<= 4 hops),annotation_mediated
B36,aadA5,aminoglycoside,EW036_RS26145,genome,EW036_RS06355,genome,graph_context,2,EW036_RS26145;COG_S: Function unknown;EW036_RS06355,member_of_cog_category;member_of_cog_category,annotation_mediated,bounded_BFS (<= 4 hops),annotation_mediated
B36,aadA5,aminoglycoside,EW036_RS26145,genome,EW036_RS06455,genome,graph_context,2,EW036_RS26145;COG_S: Function unknown;EW036_RS06455,member_of_cog_category;member_of_cog_category,annotation_mediated,bounded_BFS (<= 4 hops),annotation_mediated
B36,aadA5,aminoglycoside,EW036_RS26145,genome,EW036_RS06460,genome,graph_context,2,EW036_RS26145;COG_S: Function unknown;EW036_RS06460,member_of_cog_category;member_of_cog_category,annotation_mediated,bounded_BFS (<= 4 hops),annotation_mediated
B36,aadA5,aminoglycoside,EW036_RS26145,genome,EW036_RS06490,genome,graph_context,2,EW036_RS26145;COG_S: Function unknown;EW036_RS06490,member_of_cog_category;member_of_cog_category,annotation_mediated,bounded_BFS (<= 4 hops),annotation_mediated
B36,aadA5,aminoglycoside,EW036_RS26145,genome,EW036_RS06545,genome,graph_context,2,EW036_RS26145;COG_S: Function unknown;EW036_RS06545,member_of_cog_category;member_of_cog_category,annotation_mediated,bounded_BFS (<= 4 hops),annotation_mediated
B36,aadA5,aminoglycoside,EW036_RS26145,genome,EW036_RS06625,genome,graph_context,2,EW036_RS26145;COG_S: Function unknown;EW036_RS06625,member_of_cog_category;member_of_cog_category,annotation_mediated,bounded_BFS (<= 4 hops),annotation_mediated
B36,aadA5,aminoglycoside,EW036_RS26145,genome,EW036_RS06665,genome,graph_context,2,EW036_RS26145;COG_S: Function unknown;EW036_RS06665,member_of_cog_category;member_of_cog_category,annotation_mediated,bounded_BFS (<= 4 hops),annotation_mediated
B36,aadA5,aminoglycoside,EW036_RS26145,genome,EW036_RS06735,genome,graph_context,2,EW036_RS26145;COG_S: Function unknown;EW036_RS06735,member_of_cog_category;member_of_cog_category,annotation_mediated,bounded_BFS (<= 4 hops),annotation_mediated
B36,aadA5,aminoglycoside,EW036_RS26145,genome,EW036_RS06805,genome,graph_context,2,EW036_RS26145;COG_S: Function unknown;EW036_RS06805,member_of_cog_category;member_of_cog_category,annotation_mediated,bounded_BFS (<= 4 hops),annotation_mediated
B36,aadA5,aminoglycoside,EW036_RS26145,genome,EW036_RS06970,genome,graph_context,2,EW036_RS26145;COG_S: Function unknown;EW036_RS06970,member_of_cog_category;member_of_cog_category,annotation_mediated,bounded_BFS (<= 4 hops),annotation_mediated
B36,aadA5,aminoglycoside,EW036_RS26145,genome,EW036_RS06990,genome,graph_context,2,EW036_RS26145;COG_S: Function unknown;EW036_RS06990,member_of_cog_category;member_of_cog_category,annotation_mediated,bounded_BFS (<= 4 hops),annotation_mediated
B36,aadA5,aminoglycoside,EW036_RS26145,genome,EW036_RS07000,genome,graph_context,2,EW036_RS26145;COG_S: Function unknown;EW036_RS07000,member_of_cog_category;member_of_cog_category,annotation_mediated,bounded_BFS (<= 4 hops),annotation_mediated
B36,aadA5,aminoglycoside,EW036_RS26145,genome,EW036_RS07010,genome,graph_context,2,EW036_RS26145;COG_S: Function unknown;EW036_RS07010,member_of_cog_category;member_of_cog_category,annotation_mediated,bounded_BFS (<= 4 hops),annotation_mediated
B36,aadA5,aminoglycoside,EW036_RS26145,genome,EW036_RS07030,genome,graph_context,2,EW036_RS26145;COG_S: Function unknown;EW036_RS07030,member_of_cog_category;member_of_cog_category,annotation_mediated,bounded_BFS (<= 4 hops),annotation_mediated
B36,aadA5,aminoglycoside,EW036_RS26145,genome,EW036_RS07045,genome,graph_context,2,EW036_RS26145;COG_S: Function unknown;EW036_RS07045,member_of_cog_category;member_of_cog_category,annotation_mediated,bounded_BFS (<= 4 hops),annotation_mediated
B36,aadA5,aminoglycoside,EW036_RS26145,genome,EW036_RS07155,genome,graph_context,2,EW036_RS26145;COG_S: Function unknown;EW036_RS07155,member_of_cog_category;member_of_cog_category,annotation_mediated,bounded_BFS (<= 4 hops),annotation_mediated
B36,aadA5,aminoglycoside,EW036_RS26145,genome,EW036_RS07190,genome,graph_context,2,EW036_RS26145;COG_S: Function unknown;EW036_RS07190,member_of_cog_category;member_of_cog_category,annotation_mediated,bounded_BFS (<= 4 hops),annotation_mediated
B36,aadA5,aminoglycoside,EW036_RS26145,genome,EW036_RS07200,genome,graph_context,2,EW036_RS26145;COG_S: Function unknown;EW036_RS07200,member_of_cog_category;member_of_cog_category,annotation_mediated,bounded_BFS (<= 4 hops),annotation_mediated
B36,aadA5,aminoglycoside,EW036_RS26145,genome,EW036_RS07245,genome,graph_context,2,EW036_RS26145;COG_S: Function unknown;EW036_RS07245,member_of_cog_category;member_of_cog_category,annotation_mediated,bounded_BFS (<= 4 hops),annotation_mediated
B36,aadA5,aminoglycoside,EW036_RS26145,genome,EW036_RS07370,genome,graph_context,2,EW036_RS26145;COG_S: Function unknown;EW036_RS07370,member_of_cog_category;member_of_cog_category,annotation_mediated,bounded_BFS (<= 4 hops),annotation_mediated
B36,aadA5,aminoglycoside,EW036_RS26145,genome,EW036_RS07385,genome,graph_context,2,EW036_RS26145;COG_S: Function unknown;EW036_RS07385,member_of_cog_category;member_of_cog_category,annotation_mediated,bounded_BFS (<= 4 hops),annotation_mediated
B36,aadA5,aminoglycoside,EW036_RS26145,genome,EW036_RS07475,genome,graph_context,2,EW036_RS26145;COG_S: Function unknown;EW036_RS07475,member_of_cog_category;member_of_cog_category,annotation_mediated,bounded_BFS (<= 4 hops),annotation_mediated
B36,aadA5,aminoglycoside,EW036_RS26145,genome,EW036_RS07760,genome,graph_context,2,EW036_RS26145;COG_S: Function unknown;EW036_RS07760,member_of_cog_category;member_of_cog_category,annotation_mediated,bounded_BFS (<= 4 hops),annotation_mediated
B36,aadA5,aminoglycoside,EW036_RS26145,genome,EW036_RS07790,genome,graph_context,2,EW036_RS26145;COG_S: Function unknown;EW036_RS07790,member_of_cog_category;member_of_cog_category,annotation_mediated,bounded_BFS (<= 4 hops),annotation_mediated
B36,aadA5,aminoglycoside,EW036_RS26145,genome,EW036_RS07845,genome,graph_context,2,EW036_RS26145;COG_S: Function unknown;EW036_RS07845,member_of_cog_category;member_of_cog_category,annotation_mediated,bounded_BFS (<= 4 hops),annotation_mediated
B36,aadA5,aminoglycoside,EW036_RS26145,genome,EW036_RS07875,genome,graph_context,2,EW036_RS26145;COG_S: Function unknown;EW036_RS07875,member_of_cog_category;member_of_cog_category,annotation_mediated,bounded_BFS (<= 4 hops),annotation_mediated
B36,aadA5,aminoglycoside,EW036_RS26145,genome,EW036_RS07975,genome,graph_context,2,EW036_RS26145;COG_S: Function unknown;EW036_RS07975,member_of_cog_category;member_of_cog_category,annotation_mediated,bounded_BFS (<= 4 hops),annotation_mediated
B36,aadA5,aminoglycoside,EW036_RS26145,genome,EW036_RS07995,genome,graph_context,2,EW036_RS26145;COG_S: Function unknown;EW036_RS07995,member_of_cog_category;member_of_cog_category,annotation_mediated,bounded_BFS (<= 4 hops),annotation_mediated
B36,aadA5,aminoglycoside,EW036_RS26145,genome,EW036_RS08025,genome,graph_context,2,EW036_RS26145;COG_S: Function unknown;EW036_RS08025,member_of_cog_category;member_of_cog_category,annotation_mediated,bounded_BFS (<= 4 hops),annotation_mediated
B36,aadA5,aminoglycoside,EW036_RS26145,genome,EW036_RS08030,genome,graph_context,2,EW036_RS26145;COG_S: Function unknown;EW036_RS08030,member_of_cog_category;member_of_cog_category,annotation_mediated,bounded_BFS (<= 4 hops),annotation_mediated
B36,aadA5,aminoglycoside,EW036_RS26145,genome,EW036_RS08120,genome,graph_context,2,EW036_RS26145;COG_S: Function unknown;EW036_RS08120,member_of_cog_category;member_of_cog_category,annotation_mediated,bounded_BFS (<= 4 hops),annotation_mediated
B36,aadA5,aminoglycoside,EW036_RS26145,genome,EW036_RS08140,genome,graph_context,2,EW036_RS26145;COG_S: Function unknown;EW036_RS08140,member_of_cog_category;member_of_cog_category,annotation_mediated,bounded_BFS (<= 4 hops),annotation_mediated
B36,aadA5,aminoglycoside,EW036_RS26145,genome,EW036_RS08145,genome,graph_context,2,EW036_RS26145;COG_S: Function unknown;EW036_RS08145,member_of_cog_category;member_of_cog_category,annotation_mediated,bounded_BFS (<= 4 hops),annotation_mediated
B36,aadA5,aminoglycoside,EW036_RS26145,genome,EW036_RS08230,genome,graph_context,2,EW036_RS26145;COG_S: Function unknown;EW036_RS08230,member_of_cog_category;member_of_cog_category,annotation_mediated,bounded_BFS (<= 4 hops),annotation_mediated
B36,aadA5,aminoglycoside,EW036_RS26145,genome,EW036_RS08235,genome,graph_context,2,EW036_RS26145;COG_S: Function unknown;EW036_RS08235,member_of_cog_category;member_of_cog_category,annotation_mediated,bounded_BFS (<= 4 hops),annotation_mediated
B36,aadA5,aminoglycoside,EW036_RS26145,genome,EW036_RS08335,genome,graph_context,2,EW036_RS26145;COG_S: Function unknown;EW036_RS08335,member_of_cog_category;member_of_cog_category,annotation_mediated,bounded_BFS (<= 4 hops),annotation_mediated
B36,aadA5,aminoglycoside,EW036_RS26145,genome,EW036_RS08640,genome,graph_context,2,EW036_RS26145;COG_S: Function unknown;EW036_RS08640,member_of_cog_category;member_of_cog_category,annotation_mediated,bounded_BFS (<= 4 hops),annotation_mediated
B36,aadA5,aminoglycoside,EW036_RS26145,genome,EW036_RS08650,genome,graph_context,2,EW036_RS26145;COG_S: Function unknown;EW036_RS08650,member_of_cog_category;member_of_cog_category,annotation_mediated,bounded_BFS (<= 4 hops),annotation_mediated
B36,aadA5,aminoglycoside,EW036_RS26145,genome,EW036_RS08655,genome,graph_context,2,EW036_RS26145;COG_S: Function unknown;EW036_RS08655,member_of_cog_category;member_of_cog_category,annotation_mediated,bounded_BFS (<= 4 hops),annotation_mediated
B36,aadA5,aminoglycoside,EW036_RS26145,genome,EW036_RS08690,genome,graph_context,2,EW036_RS26145;COG_S: Function unknown;EW036_RS08690,member_of_cog_category;member_of_cog_category,annotation_mediated,bounded_BFS (<= 4 hops),annotation_mediated
B36,aadA5,aminoglycoside,EW036_RS26145,genome,EW036_RS08770,genome,graph_context,2,EW036_RS26145;COG_S: Function unknown;EW036_RS08770,member_of_cog_category;member_of_cog_category,annotation_mediated,bounded_BFS (<= 4 hops),annotation_mediated
B36,aadA5,aminoglycoside,EW036_RS26145,genome,EW036_RS08785,genome,graph_context,2,EW036_RS26145;COG_S: Function unknown;EW036_RS08785,member_of_cog_category;member_of_cog_category,annotation_mediated,bounded_BFS (<= 4 hops),annotation_mediated
B36,aadA5,aminoglycoside,EW036_RS26145,genome,EW036_RS08850,genome,graph_context,2,EW036_RS26145;COG_S: Function unknown;EW036_RS08850,member_of_cog_category;member_of_cog_category,annotation_mediated,bounded_BFS (<= 4 hops),annotation_mediated
B36,aadA5,aminoglycoside,EW036_RS26145,genome,EW036_RS08905,genome,graph_context,2,EW036_RS26145;COG_S: Function unknown;EW036_RS08905,member_of_cog_category;member_of_cog_category,annotation_mediated,bounded_BFS (<= 4 hops),annotation_mediated
B36,aadA5,aminoglycoside,EW036_RS26145,genome,EW036_RS08930,genome,graph_context,2,EW036_RS26145;COG_S: Function unknown;EW036_RS08930,member_of_cog_category;member_of_cog_category,annotation_mediated,bounded_BFS (<= 4 hops),annotation_mediated
B36,aadA5,aminoglycoside,EW036_RS26145,genome,EW036_RS08955,genome,graph_context,2,EW036_RS26145;COG_S: Function unknown;EW036_RS08955,member_of_cog_category;member_of_cog_category,annotation_mediated,bounded_BFS (<= 4 hops),annotation_mediated
B36,aadA5,aminoglycoside,EW036_RS26145,genome,EW036_RS09005,genome,graph_context,2,EW036_RS26145;COG_S: Function unknown;EW036_RS09005,member_of_cog_category;member_of_cog_category,annotation_mediated,bounded_BFS (<= 4 hops),annotation_mediated
B36,aadA5,aminoglycoside,EW036_RS26145,genome,EW036_RS09010,genome,graph_context,2,EW036_RS26145;COG_S: Function unknown;EW036_RS09010,member_of_cog_category;member_of_cog_category,annotation_mediated,bounded_BFS (<= 4 hops),annotation_mediated
B36,aadA5,aminoglycoside,EW036_RS26145,genome,EW036_RS09015,genome,graph_context,2,EW036_RS26145;COG_S: Function unknown;EW036_RS09015,member_of_cog_category;member_of_cog_category,annotation_mediated,bounded_BFS (<= 4 hops),annotation_mediated
B36,aadA5,aminoglycoside,EW036_RS26145,genome,EW036_RS09140,genome,graph_context,2,EW036_RS26145;COG_S: Function unknown;EW036_RS09140,member_of_cog_category;member_of_cog_category,annotation_mediated,bounded_BFS (<= 4 hops),annotation_mediated
B36,aadA5,aminoglycoside,EW036_RS26145,genome,EW036_RS09190,genome,graph_context,2,EW036_RS26145;COG_S: Function unknown;EW036_RS09190,member_of_cog_category;member_of_cog_category,annotation_mediated,bounded_BFS (<= 4 hops),annotation_mediated
B36,aadA5,aminoglycoside,EW036_RS26145,genome,EW036_RS09220,genome,graph_context,2,EW036_RS26145;COG_S: Function unknown;EW036_RS09220,member_of_cog_category;member_of_cog_category,annotation_mediated,bounded_BFS (<= 4 hops),annotation_mediated
B36,aadA5,aminoglycoside,EW036_RS26145,genome,EW036_RS09240,genome,graph_context,2,EW036_RS26145;COG_S: Function unknown;EW036_RS09240,member_of_cog_category;member_of_cog_category,annotation_mediated,bounded_BFS (<= 4 hops),annotation_mediated
B36,aadA5,aminoglycoside,EW036_RS26145,genome,EW036_RS09275,genome,graph_context,2,EW036_RS26145;COG_S: Function unknown;EW036_RS09275,member_of_cog_category;member_of_cog_category,annotation_mediated,bounded_BFS (<= 4 hops),annotation_mediated
B36,aadA5,aminoglycoside,EW036_RS26145,genome,EW036_RS09295,genome,graph_context,2,EW036_RS26145;COG_S: Function unknown;EW036_RS09295,member_of_cog_category;member_of_cog_category,annotation_mediated,bounded_BFS (<= 4 hops),annotation_mediated
B36,aadA5,aminoglycoside,EW036_RS26145,genome,EW036_RS09300,genome,graph_context,2,EW036_RS26145;COG_S: Function unknown;EW036_RS09300,member_of_cog_category;member_of_cog_category,annotation_mediated,bounded_BFS (<= 4 hops),annotation_mediated
B36,aadA5,aminoglycoside,EW036_RS26145,genome,EW036_RS09400,genome,graph_context,2,EW036_RS26145;COG_S: Function unknown;EW036_RS09400,member_of_cog_category;member_of_cog_category,annotation_mediated,bounded_BFS (<= 4 hops),annotation_mediated
B36,aadA5,aminoglycoside,EW036_RS26145,genome,EW036_RS09445,genome,graph_context,2,EW036_RS26145;COG_S: Function unknown;EW036_RS09445,member_of_cog_category;member_of_cog_category,annotation_mediated,bounded_BFS (<= 4 hops),annotation_mediated
B36,aadA5,aminoglycoside,EW036_RS26145,genome,EW036_RS09500,genome,graph_context,2,EW036_RS26145;COG_S: Function unknown;EW036_RS09500,member_of_cog_category;member_of_cog_category,annotation_mediated,bounded_BFS (<= 4 hops),annotation_mediated
B36,aadA5,aminoglycoside,EW036_RS26145,genome,EW036_RS09600,genome,graph_context,2,EW036_RS26145;COG_S: Function unknown;EW036_RS09600,member_of_cog_category;member_of_cog_category,annotation_mediated,bounded_BFS (<= 4 hops),annotation_mediated
B36,aadA5,aminoglycoside,EW036_RS26145,genome,EW036_RS09620,genome,graph_context,2,EW036_RS26145;COG_S: Function unknown;EW036_RS09620,member_of_cog_category;member_of_cog_category,annotation_mediated,bounded_BFS (<= 4 hops),annotation_mediated
B36,aadA5,aminoglycoside,EW036_RS26145,genome,EW036_RS09735,genome,graph_context,2,EW036_RS26145;COG_S: Function unknown;EW036_RS09735,member_of_cog_category;member_of_cog_category,annotation_mediated,bounded_BFS (<= 4 hops),annotation_mediated
B36,aadA5,aminoglycoside,EW036_RS26145,genome,EW036_RS09795,genome,graph_context,2,EW036_RS26145;COG_S: Function unknown;EW036_RS09795,member_of_cog_category;member_of_cog_category,annotation_mediated,bounded_BFS (<= 4 hops),annotation_mediated
B36,aadA5,aminoglycoside,EW036_RS26145,genome,EW036_RS10095,genome,graph_context,2,EW036_RS26145;COG_S: Function unknown;EW036_RS10095,member_of_cog_category;member_of_cog_category,annotation_mediated,bounded_BFS (<= 4 hops),annotation_mediated
B36,aadA5,aminoglycoside,EW036_RS26145,genome,EW036_RS10100,genome,graph_context,2,EW036_RS26145;COG_S: Function unknown;EW036_RS10100,member_of_cog_category;member_of_cog_category,annotation_mediated,bounded_BFS (<= 4 hops),annotation_mediated
B36,aadA5,aminoglycoside,EW036_RS26145,genome,EW036_RS10145,genome,graph_context,2,EW036_RS26145;COG_S: Function unknown;EW036_RS10145,member_of_cog_category;member_of_cog_category,annotation_mediated,bounded_BFS (<= 4 hops),annotation_mediated
B36,aadA5,aminoglycoside,EW036_RS26145,genome,EW036_RS10230,genome,graph_context,2,EW036_RS26145;COG_S: Function unknown;EW036_RS10230,member_of_cog_category;member_of_cog_category,annotation_mediated,bounded_BFS (<= 4 hops),annotation_mediated
B36,aadA5,aminoglycoside,EW036_RS26145,genome,EW036_RS10570,genome,graph_context,2,EW036_RS26145;COG_S: Function unknown;EW036_RS10570,member_of_cog_category;member_of_cog_category,annotation_mediated,bounded_BFS (<= 4 hops),annotation_mediated
B36,aadA5,aminoglycoside,EW036_RS26145,genome,EW036_RS10635,genome,graph_context,2,EW036_RS26145;COG_S: Function unknown;EW036_RS10635,member_of_cog_category;member_of_cog_category,annotation_mediated,bounded_BFS (<= 4 hops),annotation_mediated
B36,aadA5,aminoglycoside,EW036_RS26145,genome,EW036_RS10655,genome,graph_context,2,EW036_RS26145;COG_S: Function unknown;EW036_RS10655,member_of_cog_category;member_of_cog_category,annotation_mediated,bounded_BFS (<= 4 hops),annotation_mediated
B36,aadA5,aminoglycoside,EW036_RS26145,genome,EW036_RS10900,genome,graph_context,2,EW036_RS26145;COG_S: Function unknown;EW036_RS10900,member_of_cog_category;member_of_cog_category,annotation_mediated,bounded_BFS (<= 4 hops),annotation_mediated
B36,aadA5,aminoglycoside,EW036_RS26145,genome,EW036_RS10910,genome,graph_context,2,EW036_RS26145;COG_S: Function unknown;EW036_RS10910,member_of_cog_category;member_of_cog_category,annotation_mediated,bounded_BFS (<= 4 hops),annotation_mediated
B36,aadA5,aminoglycoside,EW036_RS26145,genome,EW036_RS11000,genome,graph_context,2,EW036_RS26145;COG_S: Function unknown;EW036_RS11000,member_of_cog_category;member_of_cog_category,annotation_mediated,bounded_BFS (<= 4 hops),annotation_mediated
B36,aadA5,aminoglycoside,EW036_RS26145,genome,EW036_RS11140,genome,graph_context,2,EW036_RS26145;COG_S: Function unknown;EW036_RS11140,member_of_cog_category;member_of_cog_category,annotation_mediated,bounded_BFS (<= 4 hops),annotation_mediated
B36,aadA5,aminoglycoside,EW036_RS26145,genome,EW036_RS11185,genome,graph_context,2,EW036_RS26145;COG_S: Function unknown;EW036_RS11185,member_of_cog_category;member_of_cog_category,annotation_mediated,bounded_BFS (<= 4 hops),annotation_mediated
B36,aadA5,aminoglycoside,EW036_RS26145,genome,EW036_RS11315,genome,graph_context,2,EW036_RS26145;COG_S: Function unknown;EW036_RS11315,member_of_cog_category;member_of_cog_category,annotation_mediated,bounded_BFS (<= 4 hops),annotation_mediated
B36,aadA5,aminoglycoside,EW036_RS26145,genome,EW036_RS11395,genome,graph_context,2,EW036_RS26145;COG_S: Function unknown;EW036_RS11395,member_of_cog_category;member_of_cog_category,annotation_mediated,bounded_BFS (<= 4 hops),annotation_mediated
B36,aadA5,aminoglycoside,EW036_RS26145,genome,EW036_RS11400,genome,graph_context,2,EW036_RS26145;COG_S: Function unknown;EW036_RS11400,member_of_cog_category;member_of_cog_category,annotation_mediated,bounded_BFS (<= 4 hops),annotation_mediated
B36,aadA5,aminoglycoside,EW036_RS26145,genome,EW036_RS11435,genome,graph_context,2,EW036_RS26145;COG_S: Function unknown;EW036_RS11435,member_of_cog_category;member_of_cog_category,annotation_mediated,bounded_BFS (<= 4 hops),annotation_mediated
B36,aadA5,aminoglycoside,EW036_RS26145,genome,EW036_RS11575,genome,graph_context,2,EW036_RS26145;COG_S: Function unknown;EW036_RS11575,member_of_cog_category;member_of_cog_category,annotation_mediated,bounded_BFS (<= 4 hops),annotation_mediated
B36,aadA5,aminoglycoside,EW036_RS26145,genome,EW036_RS11620,genome,graph_context,2,EW036_RS26145;COG_S: Function unknown;EW036_RS11620,member_of_cog_category;member_of_cog_category,annotation_mediated,bounded_BFS (<= 4 hops),annotation_mediated
B36,aadA5,aminoglycoside,EW036_RS26145,genome,EW036_RS11660,genome,graph_context,2,EW036_RS26145;COG_S: Function unknown;EW036_RS11660,member_of_cog_category;member_of_cog_category,annotation_mediated,bounded_BFS (<= 4 hops),annotation_mediated
B36,aadA5,aminoglycoside,EW036_RS26145,genome,EW036_RS11670,genome,graph_context,2,EW036_RS26145;COG_S: Function unknown;EW036_RS11670,member_of_cog_category;member_of_cog_category,annotation_mediated,bounded_BFS (<= 4 hops),annotation_mediated
B36,aadA5,aminoglycoside,EW036_RS26145,genome,EW036_RS11765,genome,graph_context,2,EW036_RS26145;COG_S: Function unknown;EW036_RS11765,member_of_cog_category;member_of_cog_category,annotation_mediated,bounded_BFS (<= 4 hops),annotation_mediated
B36,aadA5,aminoglycoside,EW036_RS26145,genome,EW036_RS11795,genome,graph_context,2,EW036_RS26145;COG_S: Function unknown;EW036_RS11795,member_of_cog_category;member_of_cog_category,annotation_mediated,bounded_BFS (<= 4 hops),annotation_mediated
B36,aadA5,aminoglycoside,EW036_RS26145,genome,EW036_RS11815,genome,graph_context,2,EW036_RS26145;COG_S: Function unknown;EW036_RS11815,member_of_cog_category;member_of_cog_category,annotation_mediated,bounded_BFS (<= 4 hops),annotation_mediated
B36,aadA5,aminoglycoside,EW036_RS26145,genome,EW036_RS11825,genome,graph_context,2,EW036_RS26145;COG_S: Function unknown;EW036_RS11825,member_of_cog_category;member_of_cog_category,annotation_mediated,bounded_BFS (<= 4 hops),annotation_mediated
B36,aadA5,aminoglycoside,EW036_RS26145,genome,EW036_RS12015,genome,graph_context,2,EW036_RS26145;COG_S: Function unknown;EW036_RS12015,member_of_cog_category;member_of_cog_category,annotation_mediated,bounded_BFS (<= 4 hops),annotation_mediated
B36,aadA5,aminoglycoside,EW036_RS26145,genome,EW036_RS12125,genome,graph_context,2,EW036_RS26145;COG_S: Function unknown;EW036_RS12125,member_of_cog_category;member_of_cog_category,annotation_mediated,bounded_BFS (<= 4 hops),annotation_mediated
B36,aadA5,aminoglycoside,EW036_RS26145,genome,EW036_RS12135,genome,graph_context,2,EW036_RS26145;COG_S: Function unknown;EW036_RS12135,member_of_cog_category;member_of_cog_category,annotation_mediated,bounded_BFS (<= 4 hops),annotation_mediated
B36,aadA5,aminoglycoside,EW036_RS26145,genome,EW036_RS12165,genome,graph_context,2,EW036_RS26145;COG_S: Function unknown;EW036_RS12165,member_of_cog_category;member_of_cog_category,annotation_mediated,bounded_BFS (<= 4 hops),annotation_mediated
B36,aadA5,aminoglycoside,EW036_RS26145,genome,EW036_RS12180,genome,graph_context,2,EW036_RS26145;COG_S: Function unknown;EW036_RS12180,member_of_cog_category;member_of_cog_category,annotation_mediated,bounded_BFS (<= 4 hops),annotation_mediated
B36,aadA5,aminoglycoside,EW036_RS26145,genome,EW036_RS12210,genome,graph_context,2,EW036_RS26145;COG_S: Function unknown;EW036_RS12210,member_of_cog_category;member_of_cog_category,annotation_mediated,bounded_BFS (<= 4 hops),annotation_mediated
B36,aadA5,aminoglycoside,EW036_RS26145,genome,EW036_RS12285,genome,graph_context,2,EW036_RS26145;COG_S: Function unknown;EW036_RS12285,member_of_cog_category;member_of_cog_category,annotation_mediated,bounded_BFS (<= 4 hops),annotation_mediated
B36,aadA5,aminoglycoside,EW036_RS26145,genome,EW036_RS12335,genome,graph_context,2,EW036_RS26145;COG_S: Function unknown;EW036_RS12335,member_of_cog_category;member_of_cog_category,annotation_mediated,bounded_BFS (<= 4 hops),annotation_mediated
B36,aadA5,aminoglycoside,EW036_RS26145,genome,EW036_RS12385,genome,graph_context,2,EW036_RS26145;COG_S: Function unknown;EW036_RS12385,member_of_cog_category;member_of_cog_category,annotation_mediated,bounded_BFS (<= 4 hops),annotation_mediated
B36,aadA5,aminoglycoside,EW036_RS26145,genome,EW036_RS12505,genome,graph_context,2,EW036_RS26145;COG_S: Function unknown;EW036_RS12505,member_of_cog_category;member_of_cog_category,annotation_mediated,bounded_BFS (<= 4 hops),annotation_mediated
B36,aadA5,aminoglycoside,EW036_RS26145,genome,EW036_RS12615,genome,graph_context,2,EW036_RS26145;COG_S: Function unknown;EW036_RS12615,member_of_cog_category;member_of_cog_category,annotation_mediated,bounded_BFS (<= 4 hops),annotation_mediated
B36,aadA5,aminoglycoside,EW036_RS26145,genome,EW036_RS12655,genome,graph_context,2,EW036_RS26145;COG_S: Function unknown;EW036_RS12655,member_of_cog_category;member_of_cog_category,annotation_mediated,bounded_BFS (<= 4 hops),annotation_mediated
B36,aadA5,aminoglycoside,EW036_RS26145,genome,EW036_RS12675,genome,graph_context,2,EW036_RS26145;COG_S: Function unknown;EW036_RS12675,member_of_cog_category;member_of_cog_category,annotation_mediated,bounded_BFS (<= 4 hops),annotation_mediated
B36,aadA5,aminoglycoside,EW036_RS26145,genome,EW036_RS12690,genome,graph_context,2,EW036_RS26145;COG_S: Function unknown;EW036_RS12690,member_of_cog_category;member_of_cog_category,annotation_mediated,bounded_BFS (<= 4 hops),annotation_mediated
B36,aadA5,aminoglycoside,EW036_RS26145,genome,EW036_RS12785,genome,graph_context,2,EW036_RS26145;COG_S: Function unknown;EW036_RS12785,member_of_cog_category;member_of_cog_category,annotation_mediated,bounded_BFS (<= 4 hops),annotation_mediated
B36,aadA5,aminoglycoside,EW036_RS26145,genome,EW036_RS12885,genome,graph_context,2,EW036_RS26145;COG_S: Function unknown;EW036_RS12885,member_of_cog_category;member_of_cog_category,annotation_mediated,bounded_BFS (<= 4 hops),annotation_mediated
B36,aadA5,aminoglycoside,EW036_RS26145,genome,EW036_RS12890,genome,graph_context,2,EW036_RS26145;COG_S: Function unknown;EW036_RS12890,member_of_cog_category;member_of_cog_category,annotation_mediated,bounded_BFS (<= 4 hops),annotation_mediated
B36,aadA5,aminoglycoside,EW036_RS26145,genome,EW036_RS13010,genome,graph_context,2,EW036_RS26145;COG_S: Function unknown;EW036_RS13010,member_of_cog_category;member_of_cog_category,annotation_mediated,bounded_BFS (<= 4 hops),annotation_mediated
B36,aadA5,aminoglycoside,EW036_RS26145,genome,EW036_RS13025,genome,graph_context,2,EW036_RS26145;COG_S: Function unknown;EW036_RS13025,member_of_cog_category;member_of_cog_category,annotation_mediated,bounded_BFS (<= 4 hops),annotation_mediated
B36,aadA5,aminoglycoside,EW036_RS26145,genome,EW036_RS13055,genome,graph_context,2,EW036_RS26145;COG_S: Function unknown;EW036_RS13055,member_of_cog_category;member_of_cog_category,annotation_mediated,bounded_BFS (<= 4 hops),annotation_mediated
B36,aadA5,aminoglycoside,EW036_RS26145,genome,EW036_RS13160,genome,graph_context,2,EW036_RS26145;COG_S: Function unknown;EW036_RS13160,member_of_cog_category;member_of_cog_category,annotation_mediated,bounded_BFS (<= 4 hops),annotation_mediated
B36,aadA5,aminoglycoside,EW036_RS26145,genome,EW036_RS13175,genome,graph_context,2,EW036_RS26145;COG_S: Function unknown;EW036_RS13175,member_of_cog_category;member_of_cog_category,annotation_mediated,bounded_BFS (<= 4 hops),annotation_mediated
B36,aadA5,aminoglycoside,EW036_RS26145,genome,EW036_RS13190,genome,graph_context,2,EW036_RS26145;COG_S: Function unknown;EW036_RS13190,member_of_cog_category;member_of_cog_category,annotation_mediated,bounded_BFS (<= 4 hops),annotation_mediated
B36,aadA5,aminoglycoside,EW036_RS26145,genome,EW036_RS13215,genome,graph_context,2,EW036_RS26145;COG_S: Function unknown;EW036_RS13215,member_of_cog_category;member_of_cog_category,annotation_mediated,bounded_BFS (<= 4 hops),annotation_mediated
B36,aadA5,aminoglycoside,EW036_RS26145,genome,EW036_RS13435,genome,graph_context,2,EW036_RS26145;COG_S: Function unknown;EW036_RS13435,member_of_cog_category;member_of_cog_category,annotation_mediated,bounded_BFS (<= 4 hops),annotation_mediated
B36,aadA5,aminoglycoside,EW036_RS26145,genome,EW036_RS13450,genome,graph_context,2,EW036_RS26145;COG_S: Function unknown;EW036_RS13450,member_of_cog_category;member_of_cog_category,annotation_mediated,bounded_BFS (<= 4 hops),annotation_mediated
B36,aadA5,aminoglycoside,EW036_RS26145,genome,EW036_RS13460,genome,graph_context,2,EW036_RS26145;COG_S: Function unknown;EW036_RS13460,member_of_cog_category;member_of_cog_category,annotation_mediated,bounded_BFS (<= 4 hops),annotation_mediated
B36,aadA5,aminoglycoside,EW036_RS26145,genome,EW036_RS13470,genome,graph_context,2,EW036_RS26145;COG_S: Function unknown;EW036_RS13470,member_of_cog_category;member_of_cog_category,annotation_mediated,bounded_BFS (<= 4 hops),annotation_mediated
B36,aadA5,aminoglycoside,EW036_RS26145,genome,EW036_RS13485,genome,graph_context,2,EW036_RS26145;COG_S: Function unknown;EW036_RS13485,member_of_cog_category;member_of_cog_category,annotation_mediated,bounded_BFS (<= 4 hops),annotation_mediated
B36,aadA5,aminoglycoside,EW036_RS26145,genome,EW036_RS13490,genome,graph_context,2,EW036_RS26145;COG_S: Function unknown;EW036_RS13490,member_of_cog_category;member_of_cog_category,annotation_mediated,bounded_BFS (<= 4 hops),annotation_mediated
B36,aadA5,aminoglycoside,EW036_RS26145,genome,EW036_RS13495,genome,graph_context,2,EW036_RS26145;COG_S: Function unknown;EW036_RS13495,member_of_cog_category;member_of_cog_category,annotation_mediated,bounded_BFS (<= 4 hops),annotation_mediated
B36,aadA5,aminoglycoside,EW036_RS26145,genome,EW036_RS13640,genome,graph_context,2,EW036_RS26145;COG_S: Function unknown;EW036_RS13640,member_of_cog_category;member_of_cog_category,annotation_mediated,bounded_BFS (<= 4 hops),annotation_mediated
B36,aadA5,aminoglycoside,EW036_RS26145,genome,EW036_RS13760,genome,graph_context,2,EW036_RS26145;COG_S: Function unknown;EW036_RS13760,member_of_cog_category;member_of_cog_category,annotation_mediated,bounded_BFS (<= 4 hops),annotation_mediated
B36,aadA5,aminoglycoside,EW036_RS26145,genome,EW036_RS13780,genome,graph_context,2,EW036_RS26145;COG_S: Function unknown;EW036_RS13780,member_of_cog_category;member_of_cog_category,annotation_mediated,bounded_BFS (<= 4 hops),annotation_mediated
B36,aadA5,aminoglycoside,EW036_RS26145,genome,EW036_RS13790,genome,graph_context,2,EW036_RS26145;COG_S: Function unknown;EW036_RS13790,member_of_cog_category;member_of_cog_category,annotation_mediated,bounded_BFS (<= 4 hops),annotation_mediated
B36,aadA5,aminoglycoside,EW036_RS26145,genome,EW036_RS13795,genome,graph_context,2,EW036_RS26145;COG_S: Function unknown;EW036_RS13795,member_of_cog_category;member_of_cog_category,annotation_mediated,bounded_BFS (<= 4 hops),annotation_mediated
B36,aadA5,aminoglycoside,EW036_RS26145,genome,EW036_RS14125,genome,graph_context,2,EW036_RS26145;COG_S: Function unknown;EW036_RS14125,member_of_cog_category;member_of_cog_category,annotation_mediated,bounded_BFS (<= 4 hops),annotation_mediated
B36,aadA5,aminoglycoside,EW036_RS26145,genome,EW036_RS14195,genome,graph_context,2,EW036_RS26145;COG_S: Function unknown;EW036_RS14195,member_of_cog_category;member_of_cog_category,annotation_mediated,bounded_BFS (<= 4 hops),annotation_mediated
B36,aadA5,aminoglycoside,EW036_RS26145,genome,EW036_RS14225,genome,graph_context,2,EW036_RS26145;COG_S: Function unknown;EW036_RS14225,member_of_cog_category;member_of_cog_category,annotation_mediated,bounded_BFS (<= 4 hops),annotation_mediated
B36,aadA5,aminoglycoside,EW036_RS26145,genome,EW036_RS14325,genome,graph_context,2,EW036_RS26145;COG_S: Function unknown;EW036_RS14325,member_of_cog_category;member_of_cog_category,annotation_mediated,bounded_BFS (<= 4 hops),annotation_mediated
B36,aadA5,aminoglycoside,EW036_RS26145,genome,EW036_RS14330,genome,graph_context,2,EW036_RS26145;COG_S: Function unknown;EW036_RS14330,member_of_cog_category;member_of_cog_category,annotation_mediated,bounded_BFS (<= 4 hops),annotation_mediated
B36,aadA5,aminoglycoside,EW036_RS26145,genome,EW036_RS14340,genome,graph_context,2,EW036_RS26145;COG_S: Function unknown;EW036_RS14340,member_of_cog_category;member_of_cog_category,annotation_mediated,bounded_BFS (<= 4 hops),annotation_mediated
B36,aadA5,aminoglycoside,EW036_RS26145,genome,EW036_RS14405,genome,graph_context,2,EW036_RS26145;COG_S: Function unknown;EW036_RS14405,member_of_cog_category;member_of_cog_category,annotation_mediated,bounded_BFS (<= 4 hops),annotation_mediated
B36,aadA5,aminoglycoside,EW036_RS26145,genome,EW036_RS14425,genome,graph_context,2,EW036_RS26145;COG_S: Function unknown;EW036_RS14425,member_of_cog_category;member_of_cog_category,annotation_mediated,bounded_BFS (<= 4 hops),annotation_mediated
B36,aadA5,aminoglycoside,EW036_RS26145,genome,EW036_RS14520,genome,graph_context,2,EW036_RS26145;COG_S: Function unknown;EW036_RS14520,member_of_cog_category;member_of_cog_category,annotation_mediated,bounded_BFS (<= 4 hops),annotation_mediated
B36,aadA5,aminoglycoside,EW036_RS26145,genome,EW036_RS14535,genome,graph_context,2,EW036_RS26145;COG_S: Function unknown;EW036_RS14535,member_of_cog_category;member_of_cog_category,annotation_mediated,bounded_BFS (<= 4 hops),annotation_mediated
B36,aadA5,aminoglycoside,EW036_RS26145,genome,EW036_RS14565,genome,graph_context,2,EW036_RS26145;COG_S: Function unknown;EW036_RS14565,member_of_cog_category;member_of_cog_category,annotation_mediated,bounded_BFS (<= 4 hops),annotation_mediated
B36,aadA5,aminoglycoside,EW036_RS26145,genome,EW036_RS14930,genome,graph_context,2,EW036_RS26145;COG_S: Function unknown;EW036_RS14930,member_of_cog_category;member_of_cog_category,annotation_mediated,bounded_BFS (<= 4 hops),annotation_mediated
B36,aadA5,aminoglycoside,EW036_RS26145,genome,EW036_RS15245,genome,graph_context,2,EW036_RS26145;COG_S: Function unknown;EW036_RS15245,member_of_cog_category;member_of_cog_category,annotation_mediated,bounded_BFS (<= 4 hops),annotation_mediated
B36,aadA5,aminoglycoside,EW036_RS26145,genome,EW036_RS15250,genome,graph_context,2,EW036_RS26145;COG_S: Function unknown;EW036_RS15250,member_of_cog_category;member_of_cog_category,annotation_mediated,bounded_BFS (<= 4 hops),annotation_mediated
B36,aadA5,aminoglycoside,EW036_RS26145,genome,EW036_RS15395,genome,graph_context,2,EW036_RS26145;COG_S: Function unknown;EW036_RS15395,member_of_cog_category;member_of_cog_category,annotation_mediated,bounded_BFS (<= 4 hops),annotation_mediated
B36,aadA5,aminoglycoside,EW036_RS26145,genome,EW036_RS15410,genome,graph_context,2,EW036_RS26145;COG_S: Function unknown;EW036_RS15410,member_of_cog_category;member_of_cog_category,annotation_mediated,bounded_BFS (<= 4 hops),annotation_mediated
B36,aadA5,aminoglycoside,EW036_RS26145,genome,EW036_RS15635,genome,graph_context,2,EW036_RS26145;COG_S: Function unknown;EW036_RS15635,member_of_cog_category;member_of_cog_category,annotation_mediated,bounded_BFS (<= 4 hops),annotation_mediated
B36,aadA5,aminoglycoside,EW036_RS26145,genome,EW036_RS15740,genome,graph_context,2,EW036_RS26145;COG_S: Function unknown;EW036_RS15740,member_of_cog_category;member_of_cog_category,annotation_mediated,bounded_BFS (<= 4 hops),annotation_mediated
B36,aadA5,aminoglycoside,EW036_RS26145,genome,EW036_RS15835,genome,graph_context,2,EW036_RS26145;COG_S: Function unknown;EW036_RS15835,member_of_cog_category;member_of_cog_category,annotation_mediated,bounded_BFS (<= 4 hops),annotation_mediated
B36,aadA5,aminoglycoside,EW036_RS26145,genome,EW036_RS15940,genome,graph_context,2,EW036_RS26145;COG_S: Function unknown;EW036_RS15940,member_of_cog_category;member_of_cog_category,annotation_mediated,bounded_BFS (<= 4 hops),annotation_mediated
B36,aadA5,aminoglycoside,EW036_RS26145,genome,EW036_RS15990,genome,graph_context,2,EW036_RS26145;COG_S: Function unknown;EW036_RS15990,member_of_cog_category;member_of_cog_category,annotation_mediated,bounded_BFS (<= 4 hops),annotation_mediated
B36,aadA5,aminoglycoside,EW036_RS26145,genome,EW036_RS16090,genome,graph_context,2,EW036_RS26145;COG_S: Function unknown;EW036_RS16090,member_of_cog_category;member_of_cog_category,annotation_mediated,bounded_BFS (<= 4 hops),annotation_mediated
B36,aadA5,aminoglycoside,EW036_RS26145,genome,EW036_RS16155,genome,graph_context,2,EW036_RS26145;COG_S: Function unknown;EW036_RS16155,member_of_cog_category;member_of_cog_category,annotation_mediated,bounded_BFS (<= 4 hops),annotation_mediated
B36,aadA5,aminoglycoside,EW036_RS26145,genome,EW036_RS16160,genome,graph_context,2,EW036_RS26145;COG_S: Function unknown;EW036_RS16160,member_of_cog_category;member_of_cog_category,annotation_mediated,bounded_BFS (<= 4 hops),annotation_mediated
B36,aadA5,aminoglycoside,EW036_RS26145,genome,EW036_RS16165,genome,graph_context,2,EW036_RS26145;COG_S: Function unknown;EW036_RS16165,member_of_cog_category;member_of_cog_category,annotation_mediated,bounded_BFS (<= 4 hops),annotation_mediated
B36,aadA5,aminoglycoside,EW036_RS26145,genome,EW036_RS16465,genome,graph_context,2,EW036_RS26145;COG_S: Function unknown;EW036_RS16465,member_of_cog_category;member_of_cog_category,annotation_mediated,bounded_BFS (<= 4 hops),annotation_mediated
B36,aadA5,aminoglycoside,EW036_RS26145,genome,EW036_RS16505,genome,graph_context,2,EW036_RS26145;COG_S: Function unknown;EW036_RS16505,member_of_cog_category;member_of_cog_category,annotation_mediated,bounded_BFS (<= 4 hops),annotation_mediated
B36,aadA5,aminoglycoside,EW036_RS26145,genome,EW036_RS16535,genome,graph_context,2,EW036_RS26145;COG_S: Function unknown;EW036_RS16535,member_of_cog_category;member_of_cog_category,annotation_mediated,bounded_BFS (<= 4 hops),annotation_mediated
B36,aadA5,aminoglycoside,EW036_RS26145,genome,EW036_RS16540,genome,graph_context,2,EW036_RS26145;COG_S: Function unknown;EW036_RS16540,member_of_cog_category;member_of_cog_category,annotation_mediated,bounded_BFS (<= 4 hops),annotation_mediated
B36,aadA5,aminoglycoside,EW036_RS26145,genome,EW036_RS16560,genome,graph_context,2,EW036_RS26145;COG_S: Function unknown;EW036_RS16560,member_of_cog_category;member_of_cog_category,annotation_mediated,bounded_BFS (<= 4 hops),annotation_mediated
B36,aadA5,aminoglycoside,EW036_RS26145,genome,EW036_RS16575,genome,graph_context,2,EW036_RS26145;COG_S: Function unknown;EW036_RS16575,member_of_cog_category;member_of_cog_category,annotation_mediated,bounded_BFS (<= 4 hops),annotation_mediated
B36,aadA5,aminoglycoside,EW036_RS26145,genome,EW036_RS16630,genome,graph_context,2,EW036_RS26145;COG_S: Function unknown;EW036_RS16630,member_of_cog_category;member_of_cog_category,annotation_mediated,bounded_BFS (<= 4 hops),annotation_mediated
B36,aadA5,aminoglycoside,EW036_RS26145,genome,EW036_RS16665,genome,graph_context,2,EW036_RS26145;COG_S: Function unknown;EW036_RS16665,member_of_cog_category;member_of_cog_category,annotation_mediated,bounded_BFS (<= 4 hops),annotation_mediated
B36,aadA5,aminoglycoside,EW036_RS26145,genome,EW036_RS16820,genome,graph_context,2,EW036_RS26145;COG_S: Function unknown;EW036_RS16820,member_of_cog_category;member_of_cog_category,annotation_mediated,bounded_BFS (<= 4 hops),annotation_mediated
B36,aadA5,aminoglycoside,EW036_RS26145,genome,EW036_RS16910,genome,graph_context,2,EW036_RS26145;COG_S: Function unknown;EW036_RS16910,member_of_cog_category;member_of_cog_category,annotation_mediated,bounded_BFS (<= 4 hops),annotation_mediated
B36,aadA5,aminoglycoside,EW036_RS26145,genome,EW036_RS17040,genome,graph_context,2,EW036_RS26145;COG_S: Function unknown;EW036_RS17040,member_of_cog_category;member_of_cog_category,annotation_mediated,bounded_BFS (<= 4 hops),annotation_mediated
B36,aadA5,aminoglycoside,EW036_RS26145,genome,EW036_RS17115,genome,graph_context,2,EW036_RS26145;COG_S: Function unknown;EW036_RS17115,member_of_cog_category;member_of_cog_category,annotation_mediated,bounded_BFS (<= 4 hops),annotation_mediated
B36,aadA5,aminoglycoside,EW036_RS26145,genome,EW036_RS17225,genome,graph_context,2,EW036_RS26145;COG_S: Function unknown;EW036_RS17225,member_of_cog_category;member_of_cog_category,annotation_mediated,bounded_BFS (<= 4 hops),annotation_mediated
B36,aadA5,aminoglycoside,EW036_RS26145,genome,EW036_RS17265,genome,graph_context,2,EW036_RS26145;COG_S: Function unknown;EW036_RS17265,member_of_cog_category;member_of_cog_category,annotation_mediated,bounded_BFS (<= 4 hops),annotation_mediated
B36,aadA5,aminoglycoside,EW036_RS26145,genome,EW036_RS17335,genome,graph_context,2,EW036_RS26145;COG_S: Function unknown;EW036_RS17335,member_of_cog_category;member_of_cog_category,annotation_mediated,bounded_BFS (<= 4 hops),annotation_mediated
B36,aadA5,aminoglycoside,EW036_RS26145,genome,EW036_RS17340,genome,graph_context,2,EW036_RS26145;COG_S: Function unknown;EW036_RS17340,member_of_cog_category;member_of_cog_category,annotation_mediated,bounded_BFS (<= 4 hops),annotation_mediated
B36,aadA5,aminoglycoside,EW036_RS26145,genome,EW036_RS17365,genome,graph_context,2,EW036_RS26145;COG_S: Function unknown;EW036_RS17365,member_of_cog_category;member_of_cog_category,annotation_mediated,bounded_BFS (<= 4 hops),annotation_mediated
B36,aadA5,aminoglycoside,EW036_RS26145,genome,EW036_RS17545,genome,graph_context,2,EW036_RS26145;COG_S: Function unknown;EW036_RS17545,member_of_cog_category;member_of_cog_category,annotation_mediated,bounded_BFS (<= 4 hops),annotation_mediated
B36,aadA5,aminoglycoside,EW036_RS26145,genome,EW036_RS17580,genome,graph_context,2,EW036_RS26145;COG_S: Function unknown;EW036_RS17580,member_of_cog_category;member_of_cog_category,annotation_mediated,bounded_BFS (<= 4 hops),annotation_mediated
B36,aadA5,aminoglycoside,EW036_RS26145,genome,EW036_RS17615,genome,graph_context,2,EW036_RS26145;COG_S: Function unknown;EW036_RS17615,member_of_cog_category;member_of_cog_category,annotation_mediated,bounded_BFS (<= 4 hops),annotation_mediated
B36,aadA5,aminoglycoside,EW036_RS26145,genome,EW036_RS17680,genome,graph_context,2,EW036_RS26145;COG_S: Function unknown;EW036_RS17680,member_of_cog_category;member_of_cog_category,annotation_mediated,bounded_BFS (<= 4 hops),annotation_mediated
B36,aadA5,aminoglycoside,EW036_RS26145,genome,EW036_RS17920,genome,graph_context,2,EW036_RS26145;COG_S: Function unknown;EW036_RS17920,member_of_cog_category;member_of_cog_category,annotation_mediated,bounded_BFS (<= 4 hops),annotation_mediated
B36,aadA5,aminoglycoside,EW036_RS26145,genome,EW036_RS17935,genome,graph_context,2,EW036_RS26145;COG_S: Function unknown;EW036_RS17935,member_of_cog_category;member_of_cog_category,annotation_mediated,bounded_BFS (<= 4 hops),annotation_mediated
B36,aadA5,aminoglycoside,EW036_RS26145,genome,EW036_RS17950,genome,graph_context,2,EW036_RS26145;COG_S: Function unknown;EW036_RS17950,member_of_cog_category;member_of_cog_category,annotation_mediated,bounded_BFS (<= 4 hops),annotation_mediated
B36,aadA5,aminoglycoside,EW036_RS26145,genome,EW036_RS17955,genome,graph_context,2,EW036_RS26145;COG_S: Function unknown;EW036_RS17955,member_of_cog_category;member_of_cog_category,annotation_mediated,bounded_BFS (<= 4 hops),annotation_mediated
B36,aadA5,aminoglycoside,EW036_RS26145,genome,EW036_RS18020,genome,graph_context,2,EW036_RS26145;COG_S: Function unknown;EW036_RS18020,member_of_cog_category;member_of_cog_category,annotation_mediated,bounded_BFS (<= 4 hops),annotation_mediated
B36,aadA5,aminoglycoside,EW036_RS26145,genome,EW036_RS18025,genome,graph_context,2,EW036_RS26145;COG_S: Function unknown;EW036_RS18025,member_of_cog_category;member_of_cog_category,annotation_mediated,bounded_BFS (<= 4 hops),annotation_mediated
B36,aadA5,aminoglycoside,EW036_RS26145,genome,EW036_RS18325,genome,graph_context,2,EW036_RS26145;COG_S: Function unknown;EW036_RS18325,member_of_cog_category;member_of_cog_category,annotation_mediated,bounded_BFS (<= 4 hops),annotation_mediated
B36,aadA5,aminoglycoside,EW036_RS26145,genome,EW036_RS18350,genome,graph_context,2,EW036_RS26145;COG_S: Function unknown;EW036_RS18350,member_of_cog_category;member_of_cog_category,annotation_mediated,bounded_BFS (<= 4 hops),annotation_mediated
B36,aadA5,aminoglycoside,EW036_RS26145,genome,EW036_RS18595,genome,graph_context,2,EW036_RS26145;COG_S: Function unknown;EW036_RS18595,member_of_cog_category;member_of_cog_category,annotation_mediated,bounded_BFS (<= 4 hops),annotation_mediated
B36,aadA5,aminoglycoside,EW036_RS26145,genome,EW036_RS18645,genome,graph_context,2,EW036_RS26145;COG_S: Function unknown;EW036_RS18645,member_of_cog_category;member_of_cog_category,annotation_mediated,bounded_BFS (<= 4 hops),annotation_mediated
B36,aadA5,aminoglycoside,EW036_RS26145,genome,EW036_RS18675,genome,graph_context,2,EW036_RS26145;COG_S: Function unknown;EW036_RS18675,member_of_cog_category;member_of_cog_category,annotation_mediated,bounded_BFS (<= 4 hops),annotation_mediated
B36,aadA5,aminoglycoside,EW036_RS26145,genome,EW036_RS18705,genome,graph_context,2,EW036_RS26145;COG_S: Function unknown;EW036_RS18705,member_of_cog_category;member_of_cog_category,annotation_mediated,bounded_BFS (<= 4 hops),annotation_mediated
B36,aadA5,aminoglycoside,EW036_RS26145,genome,EW036_RS18745,genome,graph_context,2,EW036_RS26145;COG_S: Function unknown;EW036_RS18745,member_of_cog_category;member_of_cog_category,annotation_mediated,bounded_BFS (<= 4 hops),annotation_mediated
B36,aadA5,aminoglycoside,EW036_RS26145,genome,EW036_RS18765,genome,graph_context,2,EW036_RS26145;COG_S: Function unknown;EW036_RS18765,member_of_cog_category;member_of_cog_category,annotation_mediated,bounded_BFS (<= 4 hops),annotation_mediated
B36,aadA5,aminoglycoside,EW036_RS26145,genome,EW036_RS18815,genome,graph_context,2,EW036_RS26145;COG_S: Function unknown;EW036_RS18815,member_of_cog_category;member_of_cog_category,annotation_mediated,bounded_BFS (<= 4 hops),annotation_mediated
B36,aadA5,aminoglycoside,EW036_RS26145,genome,EW036_RS18850,genome,graph_context,2,EW036_RS26145;COG_S: Function unknown;EW036_RS18850,member_of_cog_category;member_of_cog_category,annotation_mediated,bounded_BFS (<= 4 hops),annotation_mediated
B36,aadA5,aminoglycoside,EW036_RS26145,genome,EW036_RS18910,genome,graph_context,2,EW036_RS26145;COG_S: Function unknown;EW036_RS18910,member_of_cog_category;member_of_cog_category,annotation_mediated,bounded_BFS (<= 4 hops),annotation_mediated
B36,aadA5,aminoglycoside,EW036_RS26145,genome,EW036_RS18920,genome,graph_context,2,EW036_RS26145;COG_S: Function unknown;EW036_RS18920,member_of_cog_category;member_of_cog_category,annotation_mediated,bounded_BFS (<= 4 hops),annotation_mediated
B36,aadA5,aminoglycoside,EW036_RS26145,genome,EW036_RS19040,genome,graph_context,2,EW036_RS26145;COG_S: Function unknown;EW036_RS19040,member_of_cog_category;member_of_cog_category,annotation_mediated,bounded_BFS (<= 4 hops),annotation_mediated
B36,aadA5,aminoglycoside,EW036_RS26145,genome,EW036_RS19115,genome,graph_context,2,EW036_RS26145;COG_S: Function unknown;EW036_RS19115,member_of_cog_category;member_of_cog_category,annotation_mediated,bounded_BFS (<= 4 hops),annotation_mediated
B36,aadA5,aminoglycoside,EW036_RS26145,genome,EW036_RS19130,genome,graph_context,2,EW036_RS26145;COG_S: Function unknown;EW036_RS19130,member_of_cog_category;member_of_cog_category,annotation_mediated,bounded_BFS (<= 4 hops),annotation_mediated
B36,aadA5,aminoglycoside,EW036_RS26145,genome,EW036_RS19180,genome,graph_context,2,EW036_RS26145;COG_S: Function unknown;EW036_RS19180,member_of_cog_category;member_of_cog_category,annotation_mediated,bounded_BFS (<= 4 hops),annotation_mediated
B36,aadA5,aminoglycoside,EW036_RS26145,genome,EW036_RS19265,genome,graph_context,2,EW036_RS26145;COG_S: Function unknown;EW036_RS19265,member_of_cog_category;member_of_cog_category,annotation_mediated,bounded_BFS (<= 4 hops),annotation_mediated
B36,aadA5,aminoglycoside,EW036_RS26145,genome,EW036_RS19275,genome,graph_context,2,EW036_RS26145;COG_S: Function unknown;EW036_RS19275,member_of_cog_category;member_of_cog_category,annotation_mediated,bounded_BFS (<= 4 hops),annotation_mediated
B36,aadA5,aminoglycoside,EW036_RS26145,genome,EW036_RS19440,genome,graph_context,2,EW036_RS26145;COG_S: Function unknown;EW036_RS19440,member_of_cog_category;member_of_cog_category,annotation_mediated,bounded_BFS (<= 4 hops),annotation_mediated
B36,aadA5,aminoglycoside,EW036_RS26145,genome,EW036_RS19450,genome,graph_context,2,EW036_RS26145;COG_S: Function unknown;EW036_RS19450,member_of_cog_category;member_of_cog_category,annotation_mediated,bounded_BFS (<= 4 hops),annotation_mediated
B36,aadA5,aminoglycoside,EW036_RS26145,genome,EW036_RS19460,genome,graph_context,2,EW036_RS26145;COG_S: Function unknown;EW036_RS19460,member_of_cog_category;member_of_cog_category,annotation_mediated,bounded_BFS (<= 4 hops),annotation_mediated
B36,aadA5,aminoglycoside,EW036_RS26145,genome,EW036_RS19475,genome,graph_context,2,EW036_RS26145;COG_S: Function unknown;EW036_RS19475,member_of_cog_category;member_of_cog_category,annotation_mediated,bounded_BFS (<= 4 hops),annotation_mediated
B36,aadA5,aminoglycoside,EW036_RS26145,genome,EW036_RS19505,genome,graph_context,2,EW036_RS26145;COG_S: Function unknown;EW036_RS19505,member_of_cog_category;member_of_cog_category,annotation_mediated,bounded_BFS (<= 4 hops),annotation_mediated
B36,aadA5,aminoglycoside,EW036_RS26145,genome,EW036_RS19565,genome,graph_context,2,EW036_RS26145;COG_S: Function unknown;EW036_RS19565,member_of_cog_category;member_of_cog_category,annotation_mediated,bounded_BFS (<= 4 hops),annotation_mediated
B36,aadA5,aminoglycoside,EW036_RS26145,genome,EW036_RS19570,genome,graph_context,2,EW036_RS26145;COG_S: Function unknown;EW036_RS19570,member_of_cog_category;member_of_cog_category,annotation_mediated,bounded_BFS (<= 4 hops),annotation_mediated
B36,aadA5,aminoglycoside,EW036_RS26145,genome,EW036_RS19650,genome,graph_context,2,EW036_RS26145;COG_S: Function unknown;EW036_RS19650,member_of_cog_category;member_of_cog_category,annotation_mediated,bounded_BFS (<= 4 hops),annotation_mediated
B36,aadA5,aminoglycoside,EW036_RS26145,genome,EW036_RS19670,genome,graph_context,2,EW036_RS26145;COG_S: Function unknown;EW036_RS19670,member_of_cog_category;member_of_cog_category,annotation_mediated,bounded_BFS (<= 4 hops),annotation_mediated
B36,aadA5,aminoglycoside,EW036_RS26145,genome,EW036_RS19685,genome,graph_context,2,EW036_RS26145;COG_S: Function unknown;EW036_RS19685,member_of_cog_category;member_of_cog_category,annotation_mediated,bounded_BFS (<= 4 hops),annotation_mediated
B36,aadA5,aminoglycoside,EW036_RS26145,genome,EW036_RS19785,genome,graph_context,2,EW036_RS26145;COG_S: Function unknown;EW036_RS19785,member_of_cog_category;member_of_cog_category,annotation_mediated,bounded_BFS (<= 4 hops),annotation_mediated
B36,aadA5,aminoglycoside,EW036_RS26145,genome,EW036_RS19820,genome,graph_context,2,EW036_RS26145;COG_S: Function unknown;EW036_RS19820,member_of_cog_category;member_of_cog_category,annotation_mediated,bounded_BFS (<= 4 hops),annotation_mediated
B36,aadA5,aminoglycoside,EW036_RS26145,genome,EW036_RS19840,genome,graph_context,2,EW036_RS26145;COG_S: Function unknown;EW036_RS19840,member_of_cog_category;member_of_cog_category,annotation_mediated,bounded_BFS (<= 4 hops),annotation_mediated
B36,aadA5,aminoglycoside,EW036_RS26145,genome,EW036_RS19860,genome,graph_context,2,EW036_RS26145;COG_S: Function unknown;EW036_RS19860,member_of_cog_category;member_of_cog_category,annotation_mediated,bounded_BFS (<= 4 hops),annotation_mediated
B36,aadA5,aminoglycoside,EW036_RS26145,genome,EW036_RS19935,genome,graph_context,2,EW036_RS26145;COG_S: Function unknown;EW036_RS19935,member_of_cog_category;member_of_cog_category,annotation_mediated,bounded_BFS (<= 4 hops),annotation_mediated
B36,aadA5,aminoglycoside,EW036_RS26145,genome,EW036_RS20030,genome,graph_context,2,EW036_RS26145;COG_S: Function unknown;EW036_RS20030,member_of_cog_category;member_of_cog_category,annotation_mediated,bounded_BFS (<= 4 hops),annotation_mediated
B36,aadA5,aminoglycoside,EW036_RS26145,genome,EW036_RS20310,genome,graph_context,2,EW036_RS26145;COG_S: Function unknown;EW036_RS20310,member_of_cog_category;member_of_cog_category,annotation_mediated,bounded_BFS (<= 4 hops),annotation_mediated
B36,aadA5,aminoglycoside,EW036_RS26145,genome,EW036_RS20330,genome,graph_context,2,EW036_RS26145;COG_S: Function unknown;EW036_RS20330,member_of_cog_category;member_of_cog_category,annotation_mediated,bounded_BFS (<= 4 hops),annotation_mediated
B36,aadA5,aminoglycoside,EW036_RS26145,genome,EW036_RS20355,genome,graph_context,2,EW036_RS26145;COG_S: Function unknown;EW036_RS20355,member_of_cog_category;member_of_cog_category,annotation_mediated,bounded_BFS (<= 4 hops),annotation_mediated
B36,aadA5,aminoglycoside,EW036_RS26145,genome,EW036_RS20370,genome,graph_context,2,EW036_RS26145;COG_S: Function unknown;EW036_RS20370,member_of_cog_category;member_of_cog_category,annotation_mediated,bounded_BFS (<= 4 hops),annotation_mediated
B36,aadA5,aminoglycoside,EW036_RS26145,genome,EW036_RS20380,genome,graph_context,2,EW036_RS26145;COG_S: Function unknown;EW036_RS20380,member_of_cog_category;member_of_cog_category,annotation_mediated,bounded_BFS (<= 4 hops),annotation_mediated
B36,aadA5,aminoglycoside,EW036_RS26145,genome,EW036_RS20440,genome,graph_context,2,EW036_RS26145;COG_S: Function unknown;EW036_RS20440,member_of_cog_category;member_of_cog_category,annotation_mediated,bounded_BFS (<= 4 hops),annotation_mediated
B36,aadA5,aminoglycoside,EW036_RS26145,genome,EW036_RS20465,genome,graph_context,2,EW036_RS26145;COG_S: Function unknown;EW036_RS20465,member_of_cog_category;member_of_cog_category,annotation_mediated,bounded_BFS (<= 4 hops),annotation_mediated
B36,aadA5,aminoglycoside,EW036_RS26145,genome,EW036_RS20470,genome,graph_context,2,EW036_RS26145;COG_S: Function unknown;EW036_RS20470,member_of_cog_category;member_of_cog_category,annotation_mediated,bounded_BFS (<= 4 hops),annotation_mediated
B36,aadA5,aminoglycoside,EW036_RS26145,genome,EW036_RS20595,genome,graph_context,2,EW036_RS26145;COG_S: Function unknown;EW036_RS20595,member_of_cog_category;member_of_cog_category,annotation_mediated,bounded_BFS (<= 4 hops),annotation_mediated
B36,aadA5,aminoglycoside,EW036_RS26145,genome,EW036_RS20830,genome,graph_context,2,EW036_RS26145;COG_S: Function unknown;EW036_RS20830,member_of_cog_category;member_of_cog_category,annotation_mediated,bounded_BFS (<= 4 hops),annotation_mediated
B36,aadA5,aminoglycoside,EW036_RS26145,genome,EW036_RS20845,genome,graph_context,2,EW036_RS26145;COG_S: Function unknown;EW036_RS20845,member_of_cog_category;member_of_cog_category,annotation_mediated,bounded_BFS (<= 4 hops),annotation_mediated
B36,aadA5,aminoglycoside,EW036_RS26145,genome,EW036_RS20880,genome,graph_context,2,EW036_RS26145;COG_S: Function unknown;EW036_RS20880,member_of_cog_category;member_of_cog_category,annotation_mediated,bounded_BFS (<= 4 hops),annotation_mediated
B36,aadA5,aminoglycoside,EW036_RS26145,genome,EW036_RS20890,genome,graph_context,2,EW036_RS26145;COG_S: Function unknown;EW036_RS20890,member_of_cog_category;member_of_cog_category,annotation_mediated,bounded_BFS (<= 4 hops),annotation_mediated
B36,aadA5,aminoglycoside,EW036_RS26145,genome,EW036_RS20910,genome,graph_context,2,EW036_RS26145;COG_S: Function unknown;EW036_RS20910,member_of_cog_category;member_of_cog_category,annotation_mediated,bounded_BFS (<= 4 hops),annotation_mediated
B36,aadA5,aminoglycoside,EW036_RS26145,genome,EW036_RS21160,genome,graph_context,2,EW036_RS26145;COG_S: Function unknown;EW036_RS21160,member_of_cog_category;member_of_cog_category,annotation_mediated,bounded_BFS (<= 4 hops),annotation_mediated
B36,aadA5,aminoglycoside,EW036_RS26145,genome,EW036_RS21470,genome,graph_context,2,EW036_RS26145;COG_S: Function unknown;EW036_RS21470,member_of_cog_category;member_of_cog_category,annotation_mediated,bounded_BFS (<= 4 hops),annotation_mediated
B36,aadA5,aminoglycoside,EW036_RS26145,genome,EW036_RS21530,genome,graph_context,2,EW036_RS26145;COG_S: Function unknown;EW036_RS21530,member_of_cog_category;member_of_cog_category,annotation_mediated,bounded_BFS (<= 4 hops),annotation_mediated
B36,aadA5,aminoglycoside,EW036_RS26145,genome,EW036_RS21560,genome,graph_context,2,EW036_RS26145;COG_S: Function unknown;EW036_RS21560,member_of_cog_category;member_of_cog_category,annotation_mediated,bounded_BFS (<= 4 hops),annotation_mediated
B36,aadA5,aminoglycoside,EW036_RS26145,genome,EW036_RS21580,genome,graph_context,2,EW036_RS26145;COG_S: Function unknown;EW036_RS21580,member_of_cog_category;member_of_cog_category,annotation_mediated,bounded_BFS (<= 4 hops),annotation_mediated
B36,aadA5,aminoglycoside,EW036_RS26145,genome,EW036_RS21590,genome,graph_context,2,EW036_RS26145;COG_S: Function unknown;EW036_RS21590,member_of_cog_category;member_of_cog_category,annotation_mediated,bounded_BFS (<= 4 hops),annotation_mediated
B36,aadA5,aminoglycoside,EW036_RS26145,genome,EW036_RS21630,genome,graph_context,2,EW036_RS26145;COG_S: Function unknown;EW036_RS21630,member_of_cog_category;member_of_cog_category,annotation_mediated,bounded_BFS (<= 4 hops),annotation_mediated
B36,aadA5,aminoglycoside,EW036_RS26145,genome,EW036_RS21640,genome,graph_context,2,EW036_RS26145;COG_S: Function unknown;EW036_RS21640,member_of_cog_category;member_of_cog_category,annotation_mediated,bounded_BFS (<= 4 hops),annotation_mediated
B36,aadA5,aminoglycoside,EW036_RS26145,genome,EW036_RS21725,genome,graph_context,2,EW036_RS26145;COG_S: Function unknown;EW036_RS21725,member_of_cog_category;member_of_cog_category,annotation_mediated,bounded_BFS (<= 4 hops),annotation_mediated
B36,aadA5,aminoglycoside,EW036_RS26145,genome,EW036_RS21765,genome,graph_context,2,EW036_RS26145;COG_S: Function unknown;EW036_RS21765,member_of_cog_category;member_of_cog_category,annotation_mediated,bounded_BFS (<= 4 hops),annotation_mediated
B36,aadA5,aminoglycoside,EW036_RS26145,genome,EW036_RS21770,genome,graph_context,2,EW036_RS26145;COG_S: Function unknown;EW036_RS21770,member_of_cog_category;member_of_cog_category,annotation_mediated,bounded_BFS (<= 4 hops),annotation_mediated
B36,aadA5,aminoglycoside,EW036_RS26145,genome,EW036_RS21835,genome,graph_context,2,EW036_RS26145;COG_S: Function unknown;EW036_RS21835,member_of_cog_category;member_of_cog_category,annotation_mediated,bounded_BFS (<= 4 hops),annotation_mediated
B36,aadA5,aminoglycoside,EW036_RS26145,genome,EW036_RS22050,genome,graph_context,2,EW036_RS26145;COG_S: Function unknown;EW036_RS22050,member_of_cog_category;member_of_cog_category,annotation_mediated,bounded_BFS (<= 4 hops),annotation_mediated
B36,aadA5,aminoglycoside,EW036_RS26145,genome,EW036_RS22255,genome,graph_context,2,EW036_RS26145;COG_S: Function unknown;EW036_RS22255,member_of_cog_category;member_of_cog_category,annotation_mediated,bounded_BFS (<= 4 hops),annotation_mediated
B36,aadA5,aminoglycoside,EW036_RS26145,genome,EW036_RS22415,genome,graph_context,2,EW036_RS26145;COG_S: Function unknown;EW036_RS22415,member_of_cog_category;member_of_cog_category,annotation_mediated,bounded_BFS (<= 4 hops),annotation_mediated
B36,aadA5,aminoglycoside,EW036_RS26145,genome,EW036_RS22465,genome,graph_context,2,EW036_RS26145;COG_S: Function unknown;EW036_RS22465,member_of_cog_category;member_of_cog_category,annotation_mediated,bounded_BFS (<= 4 hops),annotation_mediated
B36,aadA5,aminoglycoside,EW036_RS26145,genome,EW036_RS22570,genome,graph_context,2,EW036_RS26145;COG_S: Function unknown;EW036_RS22570,member_of_cog_category;member_of_cog_category,annotation_mediated,bounded_BFS (<= 4 hops),annotation_mediated
B36,aadA5,aminoglycoside,EW036_RS26145,genome,EW036_RS22575,genome,graph_context,2,EW036_RS26145;COG_S: Function unknown;EW036_RS22575,member_of_cog_category;member_of_cog_category,annotation_mediated,bounded_BFS (<= 4 hops),annotation_mediated
B36,aadA5,aminoglycoside,EW036_RS26145,genome,EW036_RS22580,genome,graph_context,2,EW036_RS26145;COG_S: Function unknown;EW036_RS22580,member_of_cog_category;member_of_cog_category,annotation_mediated,bounded_BFS (<= 4 hops),annotation_mediated
B36,aadA5,aminoglycoside,EW036_RS26145,genome,EW036_RS22610,genome,graph_context,2,EW036_RS26145;COG_S: Function unknown;EW036_RS22610,member_of_cog_category;member_of_cog_category,annotation_mediated,bounded_BFS (<= 4 hops),annotation_mediated
B36,aadA5,aminoglycoside,EW036_RS26145,genome,EW036_RS22705,genome,graph_context,2,EW036_RS26145;COG_S: Function unknown;EW036_RS22705,member_of_cog_category;member_of_cog_category,annotation_mediated,bounded_BFS (<= 4 hops),annotation_mediated
B36,aadA5,aminoglycoside,EW036_RS26145,genome,EW036_RS22710,genome,graph_context,2,EW036_RS26145;COG_S: Function unknown;EW036_RS22710,member_of_cog_category;member_of_cog_category,annotation_mediated,bounded_BFS (<= 4 hops),annotation_mediated
B36,aadA5,aminoglycoside,EW036_RS26145,genome,EW036_RS22760,genome,graph_context,2,EW036_RS26145;COG_S: Function unknown;EW036_RS22760,member_of_cog_category;member_of_cog_category,annotation_mediated,bounded_BFS (<= 4 hops),annotation_mediated
B36,aadA5,aminoglycoside,EW036_RS26145,genome,EW036_RS22765,genome,graph_context,2,EW036_RS26145;COG_S: Function unknown;EW036_RS22765,member_of_cog_category;member_of_cog_category,annotation_mediated,bounded_BFS (<= 4 hops),annotation_mediated
B36,aadA5,aminoglycoside,EW036_RS26145,genome,EW036_RS22790,genome,graph_context,2,EW036_RS26145;COG_S: Function unknown;EW036_RS22790,member_of_cog_category;member_of_cog_category,annotation_mediated,bounded_BFS (<= 4 hops),annotation_mediated
B36,aadA5,aminoglycoside,EW036_RS26145,genome,EW036_RS22955,genome,graph_context,2,EW036_RS26145;COG_S: Function unknown;EW036_RS22955,member_of_cog_category;member_of_cog_category,annotation_mediated,bounded_BFS (<= 4 hops),annotation_mediated
B36,aadA5,aminoglycoside,EW036_RS26145,genome,EW036_RS22965,genome,graph_context,2,EW036_RS26145;COG_S: Function unknown;EW036_RS22965,member_of_cog_category;member_of_cog_category,annotation_mediated,bounded_BFS (<= 4 hops),annotation_mediated
B36,aadA5,aminoglycoside,EW036_RS26145,genome,EW036_RS22970,genome,graph_context,2,EW036_RS26145;COG_S: Function unknown;EW036_RS22970,member_of_cog_category;member_of_cog_category,annotation_mediated,bounded_BFS (<= 4 hops),annotation_mediated
B36,aadA5,aminoglycoside,EW036_RS26145,genome,EW036_RS23075,genome,graph_context,2,EW036_RS26145;COG_S: Function unknown;EW036_RS23075,member_of_cog_category;member_of_cog_category,annotation_mediated,bounded_BFS (<= 4 hops),annotation_mediated
B36,aadA5,aminoglycoside,EW036_RS26145,genome,EW036_RS23180,genome,graph_context,2,EW036_RS26145;COG_S: Function unknown;EW036_RS23180,member_of_cog_category;member_of_cog_category,annotation_mediated,bounded_BFS (<= 4 hops),annotation_mediated
B36,aadA5,aminoglycoside,EW036_RS26145,genome,EW036_RS23205,genome,graph_context,2,EW036_RS26145;COG_S: Function unknown;EW036_RS23205,member_of_cog_category;member_of_cog_category,annotation_mediated,bounded_BFS (<= 4 hops),annotation_mediated
B36,aadA5,aminoglycoside,EW036_RS26145,genome,EW036_RS23235,genome,graph_context,2,EW036_RS26145;COG_S: Function unknown;EW036_RS23235,member_of_cog_category;member_of_cog_category,annotation_mediated,bounded_BFS (<= 4 hops),annotation_mediated
B36,aadA5,aminoglycoside,EW036_RS26145,genome,EW036_RS23300,genome,graph_context,2,EW036_RS26145;COG_S: Function unknown;EW036_RS23300,member_of_cog_category;member_of_cog_category,annotation_mediated,bounded_BFS (<= 4 hops),annotation_mediated
B36,aadA5,aminoglycoside,EW036_RS26145,genome,EW036_RS23345,genome,graph_context,2,EW036_RS26145;COG_S: Function unknown;EW036_RS23345,member_of_cog_category;member_of_cog_category,annotation_mediated,bounded_BFS (<= 4 hops),annotation_mediated
B36,aadA5,aminoglycoside,EW036_RS26145,genome,EW036_RS23400,genome,graph_context,2,EW036_RS26145;COG_S: Function unknown;EW036_RS23400,member_of_cog_category;member_of_cog_category,annotation_mediated,bounded_BFS (<= 4 hops),annotation_mediated
B36,aadA5,aminoglycoside,EW036_RS26145,genome,EW036_RS23440,genome,graph_context,2,EW036_RS26145;COG_S: Function unknown;EW036_RS23440,member_of_cog_category;member_of_cog_category,annotation_mediated,bounded_BFS (<= 4 hops),annotation_mediated
B36,aadA5,aminoglycoside,EW036_RS26145,genome,EW036_RS23730,genome,graph_context,2,EW036_RS26145;COG_S: Function unknown;EW036_RS23730,member_of_cog_category;member_of_cog_category,annotation_mediated,bounded_BFS (<= 4 hops),annotation_mediated
B36,aadA5,aminoglycoside,EW036_RS26145,genome,EW036_RS23735,genome,graph_context,2,EW036_RS26145;COG_S: Function unknown;EW036_RS23735,member_of_cog_category;member_of_cog_category,annotation_mediated,bounded_BFS (<= 4 hops),annotation_mediated
B36,aadA5,aminoglycoside,EW036_RS26145,genome,EW036_RS23740,genome,graph_context,2,EW036_RS26145;COG_S: Function unknown;EW036_RS23740,member_of_cog_category;member_of_cog_category,annotation_mediated,bounded_BFS (<= 4 hops),annotation_mediated
B36,aadA5,aminoglycoside,EW036_RS26145,genome,EW036_RS23860,genome,graph_context,2,EW036_RS26145;COG_S: Function unknown;EW036_RS23860,member_of_cog_category;member_of_cog_category,annotation_mediated,bounded_BFS (<= 4 hops),annotation_mediated
B36,aadA5,aminoglycoside,EW036_RS26145,genome,EW036_RS23895,genome,graph_context,2,EW036_RS26145;COG_S: Function unknown;EW036_RS23895,member_of_cog_category;member_of_cog_category,annotation_mediated,bounded_BFS (<= 4 hops),annotation_mediated
B36,aadA5,aminoglycoside,EW036_RS26145,genome,EW036_RS23970,genome,graph_context,2,EW036_RS26145;COG_S: Function unknown;EW036_RS23970,member_of_cog_category;member_of_cog_category,annotation_mediated,bounded_BFS (<= 4 hops),annotation_mediated
B36,aadA5,aminoglycoside,EW036_RS26145,genome,EW036_RS24130,genome,graph_context,2,EW036_RS26145;COG_S: Function unknown;EW036_RS24130,member_of_cog_category;member_of_cog_category,annotation_mediated,bounded_BFS (<= 4 hops),annotation_mediated
B36,aadA5,aminoglycoside,EW036_RS26145,genome,EW036_RS24360,genome,graph_context,2,EW036_RS26145;COG_S: Function unknown;EW036_RS24360,member_of_cog_category;member_of_cog_category,annotation_mediated,bounded_BFS (<= 4 hops),annotation_mediated
B36,aadA5,aminoglycoside,EW036_RS26145,genome,EW036_RS24530,genome,graph_context,2,EW036_RS26145;COG_S: Function unknown;EW036_RS24530,member_of_cog_category;member_of_cog_category,annotation_mediated,bounded_BFS (<= 4 hops),annotation_mediated
B36,aadA5,aminoglycoside,EW036_RS26145,genome,EW036_RS24540,genome,graph_context,2,EW036_RS26145;COG_S: Function unknown;EW036_RS24540,member_of_cog_category;member_of_cog_category,annotation_mediated,bounded_BFS (<= 4 hops),annotation_mediated
B36,aadA5,aminoglycoside,EW036_RS26145,genome,EW036_RS24585,genome,graph_context,2,EW036_RS26145;COG_S: Function unknown;EW036_RS24585,member_of_cog_category;member_of_cog_category,annotation_mediated,bounded_BFS (<= 4 hops),annotation_mediated
B36,aadA5,aminoglycoside,EW036_RS26145,genome,EW036_RS24740,genome,graph_context,2,EW036_RS26145;COG_S: Function unknown;EW036_RS24740,member_of_cog_category;member_of_cog_category,annotation_mediated,bounded_BFS (<= 4 hops),annotation_mediated
B36,aadA5,aminoglycoside,EW036_RS26145,genome,EW036_RS24815,genome,graph_context,2,EW036_RS26145;COG_S: Function unknown;EW036_RS24815,member_of_cog_category;member_of_cog_category,annotation_mediated,bounded_BFS (<= 4 hops),annotation_mediated
B36,aadA5,aminoglycoside,EW036_RS26145,genome,EW036_RS24855,genome,graph_context,2,EW036_RS26145;COG_S: Function unknown;EW036_RS24855,member_of_cog_category;member_of_cog_category,annotation_mediated,bounded_BFS (<= 4 hops),annotation_mediated
B36,aadA5,aminoglycoside,EW036_RS26145,genome,EW036_RS24900,genome,graph_context,2,EW036_RS26145;COG_S: Function unknown;EW036_RS24900,member_of_cog_category;member_of_cog_category,annotation_mediated,bounded_BFS (<= 4 hops),annotation_mediated
B36,aadA5,aminoglycoside,EW036_RS26145,genome,EW036_RS24960,genome,graph_context,2,EW036_RS26145;COG_S: Function unknown;EW036_RS24960,member_of_cog_category;member_of_cog_category,annotation_mediated,bounded_BFS (<= 4 hops),annotation_mediated
B36,aadA5,aminoglycoside,EW036_RS26145,genome,EW036_RS24970,genome,graph_context,2,EW036_RS26145;COG_S: Function unknown;EW036_RS24970,member_of_cog_category;member_of_cog_category,annotation_mediated,bounded_BFS (<= 4 hops),annotation_mediated
B36,aadA5,aminoglycoside,EW036_RS26145,genome,EW036_RS24990,genome,graph_context,2,EW036_RS26145;COG_S: Function unknown;EW036_RS24990,member_of_cog_category;member_of_cog_category,annotation_mediated,bounded_BFS (<= 4 hops),annotation_mediated
B36,aadA5,aminoglycoside,EW036_RS26145,genome,EW036_RS25090,genome,graph_context,2,EW036_RS26145;COG_S: Function unknown;EW036_RS25090,member_of_cog_category;member_of_cog_category,annotation_mediated,bounded_BFS (<= 4 hops),annotation_mediated
B36,aadA5,aminoglycoside,EW036_RS26145,genome,EW036_RS25155,genome,graph_context,2,EW036_RS26145;COG_S: Function unknown;EW036_RS25155,member_of_cog_category;member_of_cog_category,annotation_mediated,bounded_BFS (<= 4 hops),annotation_mediated
B36,aadA5,aminoglycoside,EW036_RS26145,genome,EW036_RS25165,genome,graph_context,2,EW036_RS26145;COG_S: Function unknown;EW036_RS25165,member_of_cog_category;member_of_cog_category,annotation_mediated,bounded_BFS (<= 4 hops),annotation_mediated
B36,aadA5,aminoglycoside,EW036_RS26145,genome,EW036_RS25175,genome,graph_context,2,EW036_RS26145;COG_S: Function unknown;EW036_RS25175,member_of_cog_category;member_of_cog_category,annotation_mediated,bounded_BFS (<= 4 hops),annotation_mediated
B36,aadA5,aminoglycoside,EW036_RS26145,genome,EW036_RS25410,genome,graph_context,2,EW036_RS26145;COG_S: Function unknown;EW036_RS25410,member_of_cog_category;member_of_cog_category,annotation_mediated,bounded_BFS (<= 4 hops),annotation_mediated
B36,aadA5,aminoglycoside,EW036_RS26145,genome,EW036_RS25495,genome,graph_context,2,EW036_RS26145;COG_S: Function unknown;EW036_RS25495,member_of_cog_category;member_of_cog_category,annotation_mediated,bounded_BFS (<= 4 hops),annotation_mediated
B36,aadA5,aminoglycoside,EW036_RS26145,genome,EW036_RS25500,genome,graph_context,2,EW036_RS26145;COG_S: Function unknown;EW036_RS25500,member_of_cog_category;member_of_cog_category,annotation_mediated,bounded_BFS (<= 4 hops),annotation_mediated
B36,aadA5,aminoglycoside,EW036_RS26145,genome,EW036_RS25655,genome,graph_context,2,EW036_RS26145;COG_S: Function unknown;EW036_RS25655,member_of_cog_category;member_of_cog_category,annotation_mediated,bounded_BFS (<= 4 hops),annotation_mediated
B36,aadA5,aminoglycoside,EW036_RS26145,genome,EW036_RS25660,genome,graph_context,2,EW036_RS26145;COG_S: Function unknown;EW036_RS25660,member_of_cog_category;member_of_cog_category,annotation_mediated,bounded_BFS (<= 4 hops),annotation_mediated
B36,aadA5,aminoglycoside,EW036_RS26145,genome,EW036_RS25665,genome,graph_context,2,EW036_RS26145;COG_S: Function unknown;EW036_RS25665,member_of_cog_category;member_of_cog_category,annotation_mediated,bounded_BFS (<= 4 hops),annotation_mediated
B36,aadA5,aminoglycoside,EW036_RS26145,genome,EW036_RS25730,genome,graph_context,2,EW036_RS26145;COG_S: Function unknown;EW036_RS25730,member_of_cog_category;member_of_cog_category,annotation_mediated,bounded_BFS (<= 4 hops),annotation_mediated
B36,aadA5,aminoglycoside,EW036_RS26145,genome,EW036_RS26035,genome,graph_context,2,EW036_RS26145;COG_S: Function unknown;EW036_RS26035,member_of_cog_category;member_of_cog_category,annotation_mediated,bounded_BFS (<= 4 hops),annotation_mediated
B36,aadA5,aminoglycoside,EW036_RS26145,genome,EW036_RS26135,genome,graph_context,2,EW036_RS26145;EW036_RS26140;EW036_RS26135,genomic_proximity;genomic_proximity,graph_derived,bounded_BFS (<= 4 hops),graph_derived
B36,aadA5,aminoglycoside,EW036_RS26145,genome,EW036_RS26210,genome,graph_context,2,EW036_RS26145;COG_S: Function unknown;EW036_RS26210,member_of_cog_category;member_of_cog_category,annotation_mediated,bounded_BFS (<= 4 hops),annotation_mediated
B36,aadA5,aminoglycoside,EW036_RS26145,genome,EW036_RS26285,genome,graph_context,2,EW036_RS26145;COG_S: Function unknown;EW036_RS26285,member_of_cog_category;member_of_cog_category,annotation_mediated,bounded_BFS (<= 4 hops),annotation_mediated
B36,aadA5,aminoglycoside,EW036_RS26145,genome,EW036_RS26400,genome,graph_context,2,EW036_RS26145;COG_S: Function unknown;EW036_RS26400,member_of_cog_category;member_of_cog_category,annotation_mediated,bounded_BFS (<= 4 hops),annotation_mediated
B36,aadA5,aminoglycoside,EW036_RS26145,genome,EW036_RS26425,genome,graph_context,2,EW036_RS26145;COG_S: Function unknown;EW036_RS26425,member_of_cog_category;member_of_cog_category,annotation_mediated,bounded_BFS (<= 4 hops),annotation_mediated
B36,aadA5,aminoglycoside,EW036_RS26145,genome,EW036_RS26430,genome,graph_context,2,EW036_RS26145;COG_S: Function unknown;EW036_RS26430,member_of_cog_category;member_of_cog_category,annotation_mediated,bounded_BFS (<= 4 hops),annotation_mediated
B36,aadA5,aminoglycoside,EW036_RS26145,genome,EW036_RS26440,genome,graph_context,2,EW036_RS26145;COG_S: Function unknown;EW036_RS26440,member_of_cog_category;member_of_cog_category,annotation_mediated,bounded_BFS (<= 4 hops),annotation_mediated
B36,aadA5,aminoglycoside,EW036_RS26145,genome,EW036_RS26445,genome,graph_context,2,EW036_RS26145;COG_S: Function unknown;EW036_RS26445,member_of_cog_category;member_of_cog_category,annotation_mediated,bounded_BFS (<= 4 hops),annotation_mediated
B36,aadA5,aminoglycoside,EW036_RS26145,genome,EW036_RS26450,genome,graph_context,2,EW036_RS26145;COG_S: Function unknown;EW036_RS26450,member_of_cog_category;member_of_cog_category,annotation_mediated,bounded_BFS (<= 4 hops),annotation_mediated
B36,aadA5,aminoglycoside,EW036_RS26145,genome,EW036_RS26455,genome,graph_context,2,EW036_RS26145;COG_S: Function unknown;EW036_RS26455,member_of_cog_category;member_of_cog_category,annotation_mediated,bounded_BFS (<= 4 hops),annotation_mediated
B36,aadA5,aminoglycoside,EW036_RS26145,genome,EW036_RS26500,genome,graph_context,2,EW036_RS26145;COG_S: Function unknown;EW036_RS26500,member_of_cog_category;member_of_cog_category,annotation_mediated,bounded_BFS (<= 4 hops),annotation_mediated
B36,aadA5,aminoglycoside,EW036_RS26145,genome,WP_000002953.1,proteome,graph_context,2,EW036_RS26145;COG_S: Function unknown;WP_000002953.1,member_of_cog_category;member_of_cog_category,annotation_mediated,bounded_BFS (<= 4 hops),annotation_mediated
B36,aadA5,aminoglycoside,EW036_RS26145,genome,WP_000004487.1,proteome,graph_context,2,EW036_RS26145;COG_S: Function unknown;WP_000004487.1,member_of_cog_category;member_of_cog_category,annotation_mediated,bounded_BFS (<= 4 hops),annotation_mediated
B36,aadA5,aminoglycoside,EW036_RS26145,genome,WP_000005712.1,proteome,graph_context,2,EW036_RS26145;COG_S: Function unknown;WP_000005712.1,member_of_cog_category;member_of_cog_category,annotation_mediated,bounded_BFS (<= 4 hops),annotation_mediated
B36,aadA5,aminoglycoside,EW036_RS26145,genome,WP_000009307.1,proteome,graph_context,2,EW036_RS26145;COG_S: Function unknown;WP_000009307.1,member_of_cog_category;member_of_cog_category,annotation_mediated,bounded_BFS (<= 4 hops),annotation_mediated
B36,aadA5,aminoglycoside,EW036_RS26145,genome,WP_000011664.1,proteome,graph_context,2,EW036_RS26145;COG_S: Function unknown;WP_000011664.1,member_of_cog_category;member_of_cog_category,annotation_mediated,bounded_BFS (<= 4 hops),annotation_mediated
B36,aadA5,aminoglycoside,EW036_RS26145,genome,WP_000013152.1,proteome,graph_context,2,EW036_RS26145;COG_S: Function unknown;WP_000013152.1,member_of_cog_category;member_of_cog_category,annotation_mediated,bounded_BFS (<= 4 hops),annotation_mediated
B36,aadA5,aminoglycoside,EW036_RS26145,genome,WP_000013746.1,proteome,graph_context,2,EW036_RS26145;COG_S: Function unknown;WP_000013746.1,member_of_cog_category;member_of_cog_category,annotation_mediated,bounded_BFS (<= 4 hops),annotation_mediated
B36,aadA5,aminoglycoside,EW036_RS26145,genome,WP_000018631.1,proteome,graph_context,2,EW036_RS26145;COG_S: Function unknown;WP_000018631.1,member_of_cog_category;member_of_cog_category,annotation_mediated,bounded_BFS (<= 4 hops),annotation_mediated
B36,aadA5,aminoglycoside,EW036_RS26145,genome,WP_000020737.1,proteome,graph_context,2,EW036_RS26145;COG_S: Function unknown;WP_000020737.1,member_of_cog_category;member_of_cog_category,annotation_mediated,bounded_BFS (<= 4 hops),annotation_mediated
B36,aadA5,aminoglycoside,EW036_RS26145,genome,WP_000024724.1,proteome,graph_context,2,EW036_RS26145;COG_S: Function unknown;WP_000024724.1,member_of_cog_category;member_of_cog_category,annotation_mediated,bounded_BFS (<= 4 hops),annotation_mediated
B36,aadA5,aminoglycoside,EW036_RS26145,genome,WP_000028953.1,proteome,graph_context,2,EW036_RS26145;COG_S: Function unknown;WP_000028953.1,member_of_cog_category;member_of_cog_category,annotation_mediated,bounded_BFS (<= 4 hops),annotation_mediated
B36,aadA5,aminoglycoside,EW036_RS26145,genome,WP_000030016.1,proteome,graph_context,2,EW036_RS26145;COG_S: Function unknown;WP_000030016.1,member_of_cog_category;member_of_cog_category,annotation_mediated,bounded_BFS (<= 4 hops),annotation_mediated
B36,aadA5,aminoglycoside,EW036_RS26145,genome,WP_000031415.1,proteome,graph_context,2,EW036_RS26145;COG_S: Function unknown;WP_000031415.1,member_of_cog_category;member_of_cog_category,annotation_mediated,bounded_BFS (<= 4 hops),annotation_mediated
B36,aadA5,aminoglycoside,EW036_RS26145,genome,WP_000031883.1,proteome,graph_context,2,EW036_RS26145;COG_S: Function unknown;WP_000031883.1,member_of_cog_category;member_of_cog_category,annotation_mediated,bounded_BFS (<= 4 hops),annotation_mediated
B36,aadA5,aminoglycoside,EW036_RS26145,genome,WP_000040156.1,proteome,graph_context,2,EW036_RS26145;COG_S: Function unknown;WP_000040156.1,member_of_cog_category;member_of_cog_category,annotation_mediated,bounded_BFS (<= 4 hops),annotation_mediated
B36,sul1,sulfonamide,EW036_RS26155,genome,EW036_RS26155_RNA,transcriptome,rna_quantified,0,,,directly_observed,aligned_multiomics.csv (RNA_RPMI/RNA_Sera),observed
B36,sul1,sulfonamide,EW036_RS26155,genome,WP_000259031.1,proteome,protein_quantified,0,,,directly_observed,aligned_multiomics.csv (Protein_RPMI/Protein_Sera),observed
B36,sul1,sulfonamide,EW036_RS26155,genome,EW036_RS26165,genome,genomic_proximity,1,EW036_RS26155;EW036_RS26165,genomic_proximity,graph_derived,edges_gene_genomic_proximity_gene.csv,graph_derived
B36,sul1,sulfonamide,WP_000259031.1,hypergraph,Triple_EW036_RS26155,hypergraph,hyperedge_membership,1,WP_000259031.1;Triple_EW036_RS26155,member_of:multi_omics_triple,graph_derived,hyperedges.csv,graph_derived
B36,sul1,sulfonamide,WP_000259031.1,hypergraph,map01100,hypergraph,hyperedge_membership,1,WP_000259031.1;map01100,member_of:kegg_pathway,graph_derived,hyperedges.csv,graph_derived
B36,sul1,sulfonamide,WP_000259031.1,hypergraph,ko01100,hypergraph,hyperedge_membership,1,WP_000259031.1;ko01100,member_of:kegg_pathway,graph_derived,hyperedges.csv,graph_derived
B36,sul1,sulfonamide,WP_000259031.1,hypergraph,map00790,hypergraph,hyperedge_membership,1,WP_000259031.1;map00790,member_of:kegg_pathway,graph_derived,hyperedges.csv,graph_derived
B36,sul1,sulfonamide,WP_000259031.1,hypergraph,ko00790,hypergraph,hyperedge_membership,1,WP_000259031.1;ko00790,member_of:kegg_pathway,graph_derived,hyperedges.csv,graph_derived
B36,sul1,sulfonamide,WP_000259031.1,hypergraph,COG_H: Coenzyme transport and metabolism,hypergraph,hyperedge_membership,1,WP_000259031.1;COG_H: Coenzyme transport and metabolism,member_of:cog_category,graph_derived,hyperedges.csv,graph_derived
B36,sul1,sulfonamide,WP_000259031.1,hypergraph,sulfonamide_resistance,hypergraph,hyperedge_membership,1,WP_000259031.1;sulfonamide_resistance,member_of:amr_mechanism,graph_derived,hyperedges.csv,graph_derived
B36,sul1,sulfonamide,WP_000259031.1,hypergraph,GO:0005829: C:cytosol,hypergraph,hyperedge_membership,1,WP_000259031.1;GO:0005829: C:cytosol,member_of:go_term,graph_derived,hyperedges.csv,graph_derived
B36,sul1,sulfonamide,WP_000259031.1,hypergraph,GO:0046677: P:response to antibiotic,hypergraph,hyperedge_membership,1,WP_000259031.1;GO:0046677: P:response to antibiotic,member_of:go_term,graph_derived,hyperedges.csv,graph_derived
B36,sul1,sulfonamide,WP_000259031.1,hypergraph,GO:0046872: F:metal ion binding,hypergraph,hyperedge_membership,1,WP_000259031.1;GO:0046872: F:metal ion binding,member_of:go_term,graph_derived,hyperedges.csv,graph_derived
B36,sul1,sulfonamide,WP_000259031.1,hypergraph,GO:0046654: P:tetrahydrofolate biosynthetic process,hypergraph,hyperedge_membership,1,WP_000259031.1;GO:0046654: P:tetrahydrofolate biosynthetic process,member_of:go_term,graph_derived,hyperedges.csv,graph_derived
B36,sul1,sulfonamide,WP_000259031.1,hypergraph,GO:0046656: P:folic acid biosynthetic process,hypergraph,hyperedge_membership,1,WP_000259031.1;GO:0046656: P:folic acid biosynthetic process,member_of:go_term,graph_derived,hyperedges.csv,graph_derived
B36,sul1,sulfonamide,WP_000259031.1,hypergraph,Metabolic_map01100,hypergraph,hyperedge_membership,1,WP_000259031.1;Metabolic_map01100,member_of:metabolic_pathway,graph_derived,hyperedges.csv,graph_derived
B36,sul1,sulfonamide,WP_000259031.1,hypergraph,Metabolic_map00790,hypergraph,hyperedge_membership,1,WP_000259031.1;Metabolic_map00790,member_of:metabolic_pathway,graph_derived,hyperedges.csv,graph_derived
B36,sul1,sulfonamide,WP_000259031.1,hypergraph,GO:0004156: GO:0004156,hypergraph,hyperedge_membership,1,WP_000259031.1;GO:0004156: GO:0004156,member_of:go_term,graph_derived,hyperedges.csv,graph_derived
B36,sul1,sulfonamide,EW036_RS26155,genome,ko00790,kegg,in_pathway,1,EW036_RS26155;ko00790,in_pathway,annotation_mediated,edges_gene_in_pathway_annotation.csv (KEGG),annotation_mediated
B36,sul1,sulfonamide,EW036_RS26155,genome,ko01100,kegg,in_pathway,1,EW036_RS26155;ko01100,in_pathway,annotation_mediated,edges_gene_in_pathway_annotation.csv (KEGG),annotation_mediated
B36,sul1,sulfonamide,EW036_RS26155,genome,map00790,kegg,in_pathway,1,EW036_RS26155;map00790,in_pathway,annotation_mediated,edges_gene_in_pathway_annotation.csv (KEGG),annotation_mediated
B36,sul1,sulfonamide,EW036_RS26155,genome,map01100,kegg,in_pathway,1,EW036_RS26155;map01100,in_pathway,annotation_mediated,edges_gene_in_pathway_annotation.csv (KEGG),annotation_mediated
B36,sul1,sulfonamide,EW036_RS26155,genome,H,cog,cog_category,1,EW036_RS26155;H,cog_category,annotation_mediated,edges_gene_cog_category_annotation.csv (eggNOG/COG),annotation_mediated
B36,sul1,sulfonamide,WP_000259031.1,proteome,GO:0004156,go,go_annotation,1,WP_000259031.1;GO:0004156,annotated_by,annotation_mediated,edges_protein_annotated_by_annotation.csv (GO),annotation_mediated
B36,sul1,sulfonamide,WP_000259031.1,proteome,GO:0005829,go,go_annotation,1,WP_000259031.1;GO:0005829,annotated_by,annotation_mediated,edges_protein_annotated_by_annotation.csv (GO),annotation_mediated
B36,sul1,sulfonamide,WP_000259031.1,proteome,GO:0046654,go,go_annotation,1,WP_000259031.1;GO:0046654,annotated_by,annotation_mediated,edges_protein_annotated_by_annotation.csv (GO),annotation_mediated
B36,sul1,sulfonamide,WP_000259031.1,proteome,GO:0046656,go,go_annotation,1,WP_000259031.1;GO:0046656,annotated_by,annotation_mediated,edges_protein_annotated_by_annotation.csv (GO),annotation_mediated
B36,sul1,sulfonamide,WP_000259031.1,proteome,GO:0046677,go,go_annotation,1,WP_000259031.1;GO:0046677,annotated_by,annotation_mediated,edges_protein_annotated_by_annotation.csv (GO),annotation_mediated
B36,sul1,sulfonamide,WP_000259031.1,proteome,GO:0046872,go,go_annotation,1,WP_000259031.1;GO:0046872,annotated_by,annotation_mediated,edges_protein_annotated_by_annotation.csv (GO),annotation_mediated
B36,sul1,sulfonamide,WP_000259031.1,proteome,GO:0004156,go,go_annotation,1,WP_000259031.1;GO:0004156,annotated_by,annotation_mediated,amr_uniprot_recovery.csv (per-ID UniProt lookup; bypasses upstream batch-search truncation),annotation_mediated
B36,sul1,sulfonamide,WP_000259031.1,proteome,GO:0005829,go,go_annotation,1,WP_000259031.1;GO:0005829,annotated_by,annotation_mediated,amr_uniprot_recovery.csv (per-ID UniProt lookup; bypasses upstream batch-search truncation),annotation_mediated
B36,sul1,sulfonamide,WP_000259031.1,proteome,GO:0046654,go,go_annotation,1,WP_000259031.1;GO:0046654,annotated_by,annotation_mediated,amr_uniprot_recovery.csv (per-ID UniProt lookup; bypasses upstream batch-search truncation),annotation_mediated
B36,sul1,sulfonamide,WP_000259031.1,proteome,GO:0046656,go,go_annotation,1,WP_000259031.1;GO:0046656,annotated_by,annotation_mediated,amr_uniprot_recovery.csv (per-ID UniProt lookup; bypasses upstream batch-search truncation),annotation_mediated
B36,sul1,sulfonamide,WP_000259031.1,proteome,GO:0046677,go,go_annotation,1,WP_000259031.1;GO:0046677,annotated_by,annotation_mediated,amr_uniprot_recovery.csv (per-ID UniProt lookup; bypasses upstream batch-search truncation),annotation_mediated
B36,sul1,sulfonamide,WP_000259031.1,proteome,GO:0046872,go,go_annotation,1,WP_000259031.1;GO:0046872,annotated_by,annotation_mediated,amr_uniprot_recovery.csv (per-ID UniProt lookup; bypasses upstream batch-search truncation),annotation_mediated
B36,sul1,sulfonamide,EW036_RS26155,genome,sulfonamide,ppi_amr,amr_mechanism,1,EW036_RS26155;sulfonamide,associated_with,annotation_mediated,amr_manifest / edges_gene_associated_with_annotation.csv,annotation_mediated
B36,sul1,sulfonamide,EW036_RS26155,genome,CHEBI:32796,metabolome,shares_pathway,2,EW036_RS26155;map01100;CHEBI:32796,in_pathway;in_pathway,inferred,pathway-mediated (gene->pathway->metabolite),inferred
B36,sul1,sulfonamide,EW036_RS26155,genome,CHEBI:32796,metabolome,metabolite_quantified,2,,,directly_observed,metabolomics_abundance.csv,observed
B36,sul1,sulfonamide,EW036_RS26155,genome,CHEBI:30797,metabolome,shares_pathway,2,EW036_RS26155;map01100;CHEBI:30797,in_pathway;in_pathway,inferred,pathway-mediated (gene->pathway->metabolite),inferred
B36,sul1,sulfonamide,EW036_RS26155,genome,CHEBI:30797,metabolome,metabolite_quantified,2,,,directly_observed,metabolomics_abundance.csv,observed
B36,sul1,sulfonamide,EW036_RS26155,genome,CHEBI:15741,metabolome,shares_pathway,2,EW036_RS26155;map01100;CHEBI:15741,in_pathway;in_pathway,inferred,pathway-mediated (gene->pathway->metabolite),inferred
B36,sul1,sulfonamide,EW036_RS26155,genome,CHEBI:15741,metabolome,metabolite_quantified,2,,,directly_observed,metabolomics_abundance.csv,observed
B36,sul1,sulfonamide,EW036_RS26155,genome,CHEBI:15966,metabolome,shares_pathway,2,EW036_RS26155;map01100;CHEBI:15966,in_pathway;in_pathway,inferred,pathway-mediated (gene->pathway->metabolite),inferred
B36,sul1,sulfonamide,EW036_RS26155,genome,CHEBI:15966,metabolome,metabolite_quantified,2,,,directly_observed,metabolomics_abundance.csv,observed
B36,sul1,sulfonamide,EW036_RS26155,genome,CHEBI:16015,metabolome,shares_pathway,2,EW036_RS26155;map01100;CHEBI:16015,in_pathway;in_pathway,inferred,pathway-mediated (gene->pathway->metabolite),inferred
B36,sul1,sulfonamide,EW036_RS26155,genome,CHEBI:16015,metabolome,metabolite_quantified,2,,,directly_observed,metabolomics_abundance.csv,observed
B36,sul1,sulfonamide,EW036_RS26155,genome,CHEBI:17724,metabolome,shares_pathway,2,EW036_RS26155;map01100;CHEBI:17724,in_pathway;in_pathway,inferred,pathway-mediated (gene->pathway->metabolite),inferred
B36,sul1,sulfonamide,EW036_RS26155,genome,CHEBI:17724,metabolome,metabolite_quantified,2,,,directly_observed,metabolomics_abundance.csv,observed
B36,sul1,sulfonamide,EW036_RS26155,genome,CHEBI:16414,metabolome,shares_pathway,2,EW036_RS26155;map01100;CHEBI:16414,in_pathway;in_pathway,inferred,pathway-mediated (gene->pathway->metabolite),inferred
B36,sul1,sulfonamide,EW036_RS26155,genome,CHEBI:16414,metabolome,metabolite_quantified,2,,,directly_observed,metabolomics_abundance.csv,observed
B36,sul1,sulfonamide,EW036_RS26155,genome,CHEBI:17858,metabolome,shares_pathway,2,EW036_RS26155;map01100;CHEBI:17858,in_pathway;in_pathway,inferred,pathway-mediated (gene->pathway->metabolite),inferred
B36,sul1,sulfonamide,EW036_RS26155,genome,CHEBI:17858,metabolome,metabolite_quantified,2,,,directly_observed,metabolomics_abundance.csv,observed
B36,sul1,sulfonamide,EW036_RS26155,genome,CHEBI:32797,metabolome,shares_pathway,2,EW036_RS26155;map01100;CHEBI:32797,in_pathway;in_pathway,inferred,pathway-mediated (gene->pathway->metabolite),inferred
B36,sul1,sulfonamide,EW036_RS26155,genome,CHEBI:32797,metabolome,metabolite_quantified,2,,,directly_observed,metabolomics_abundance.csv,observed
B36,sul1,sulfonamide,EW036_RS26155,genome,CHEBI:16027,metabolome,shares_pathway,2,EW036_RS26155;map01100;CHEBI:16027,in_pathway;in_pathway,inferred,pathway-mediated (gene->pathway->metabolite),inferred
B36,sul1,sulfonamide,EW036_RS26155,genome,CHEBI:16027,metabolome,metabolite_quantified,2,,,directly_observed,metabolomics_abundance.csv,observed
B36,sul1,sulfonamide,EW036_RS26155,genome,CHEBI:17750,metabolome,shares_pathway,2,EW036_RS26155;map01100;CHEBI:17750,in_pathway;in_pathway,inferred,pathway-mediated (gene->pathway->metabolite),inferred
B36,sul1,sulfonamide,EW036_RS26155,genome,CHEBI:17750,metabolome,metabolite_quantified,2,,,directly_observed,metabolomics_abundance.csv,observed
B36,sul1,sulfonamide,EW036_RS26155,genome,CHEBI:17191,metabolome,shares_pathway,2,EW036_RS26155;map01100;CHEBI:17191,in_pathway;in_pathway,inferred,pathway-mediated (gene->pathway->metabolite),inferred
B36,sul1,sulfonamide,EW036_RS26155,genome,CHEBI:17191,metabolome,metabolite_quantified,2,,,directly_observed,metabolomics_abundance.csv,observed
B36,sul1,sulfonamide,EW036_RS26155,genome,CHEBI:17154,metabolome,shares_pathway,2,EW036_RS26155;map01100;CHEBI:17154,in_pathway;in_pathway,inferred,pathway-mediated (gene->pathway->metabolite),inferred
B36,sul1,sulfonamide,EW036_RS26155,genome,CHEBI:17154,metabolome,metabolite_quantified,2,,,directly_observed,metabolomics_abundance.csv,observed
B36,sul1,sulfonamide,EW036_RS26155,genome,CHEBI:17306,metabolome,shares_pathway,2,EW036_RS26155;map01100;CHEBI:17306,in_pathway;in_pathway,inferred,pathway-mediated (gene->pathway->metabolite),inferred
B36,sul1,sulfonamide,EW036_RS26155,genome,CHEBI:17306,metabolome,metabolite_quantified,2,,,directly_observed,metabolomics_abundance.csv,observed
B36,sul1,sulfonamide,EW036_RS26155,genome,CHEBI:7916,metabolome,shares_pathway,2,EW036_RS26155;map01100;CHEBI:7916,in_pathway;in_pathway,inferred,pathway-mediated (gene->pathway->metabolite),inferred
B36,sul1,sulfonamide,EW036_RS26155,genome,CHEBI:7916,metabolome,metabolite_quantified,2,,,directly_observed,metabolomics_abundance.csv,observed
B36,sul1,sulfonamide,EW036_RS26155,genome,CHEBI:17368,metabolome,shares_pathway,2,EW036_RS26155;map01100;CHEBI:17368,in_pathway;in_pathway,inferred,pathway-mediated (gene->pathway->metabolite),inferred
B36,sul1,sulfonamide,EW036_RS26155,genome,CHEBI:17368,metabolome,metabolite_quantified,2,,,directly_observed,metabolomics_abundance.csv,observed
B36,sul1,sulfonamide,EW036_RS26155,genome,CHEBI:15428,metabolome,shares_pathway,2,EW036_RS26155;map01100;CHEBI:15428,in_pathway;in_pathway,inferred,pathway-mediated (gene->pathway->metabolite),inferred
B36,sul1,sulfonamide,EW036_RS26155,genome,CHEBI:15428,metabolome,metabolite_quantified,2,,,directly_observed,metabolomics_abundance.csv,observed
B36,sul1,sulfonamide,EW036_RS26155,genome,CHEBI:16977,metabolome,shares_pathway,2,EW036_RS26155;map01100;CHEBI:16977,in_pathway;in_pathway,inferred,pathway-mediated (gene->pathway->metabolite),inferred
B36,sul1,sulfonamide,EW036_RS26155,genome,CHEBI:16977,metabolome,metabolite_quantified,2,,,directly_observed,metabolomics_abundance.csv,observed
B36,sul1,sulfonamide,EW036_RS26155,genome,CHEBI:4170,metabolome,shares_pathway,2,EW036_RS26155;map01100;CHEBI:4170,in_pathway;in_pathway,inferred,pathway-mediated (gene->pathway->metabolite),inferred
B36,sul1,sulfonamide,EW036_RS26155,genome,CHEBI:4170,metabolome,metabolite_quantified,2,,,directly_observed,metabolomics_abundance.csv,observed
B36,sul1,sulfonamide,EW036_RS26155,genome,CHEBI:17895,metabolome,shares_pathway,2,EW036_RS26155;map01100;CHEBI:17895,in_pathway;in_pathway,inferred,pathway-mediated (gene->pathway->metabolite),inferred
B36,sul1,sulfonamide,EW036_RS26155,genome,CHEBI:17895,metabolome,metabolite_quantified,2,,,directly_observed,metabolomics_abundance.csv,observed
B36,sul1,sulfonamide,EW036_RS26155,genome,CHEBI:422,metabolome,shares_pathway,2,EW036_RS26155;map01100;CHEBI:422,in_pathway;in_pathway,inferred,pathway-mediated (gene->pathway->metabolite),inferred
B36,sul1,sulfonamide,EW036_RS26155,genome,CHEBI:422,metabolome,metabolite_quantified,2,,,directly_observed,metabolomics_abundance.csv,observed
B36,sul1,sulfonamide,EW036_RS26155,genome,CHEBI:16708,metabolome,shares_pathway,2,EW036_RS26155;map01100;CHEBI:16708,in_pathway;in_pathway,inferred,pathway-mediated (gene->pathway->metabolite),inferred
B36,sul1,sulfonamide,EW036_RS26155,genome,CHEBI:16708,metabolome,metabolite_quantified,2,,,directly_observed,metabolomics_abundance.csv,observed
B36,sul1,sulfonamide,EW036_RS26155,genome,CHEBI:17533,metabolome,shares_pathway,2,EW036_RS26155;map01100;CHEBI:17533,in_pathway;in_pathway,inferred,pathway-mediated (gene->pathway->metabolite),inferred
B36,sul1,sulfonamide,EW036_RS26155,genome,CHEBI:17533,metabolome,metabolite_quantified,2,,,directly_observed,metabolomics_abundance.csv,observed
B36,sul1,sulfonamide,EW036_RS26155,genome,CHEBI:30838,metabolome,shares_pathway,2,EW036_RS26155;map01100;CHEBI:30838,in_pathway;in_pathway,inferred,pathway-mediated (gene->pathway->metabolite),inferred
B36,sul1,sulfonamide,EW036_RS26155,genome,CHEBI:30838,metabolome,metabolite_quantified,2,,,directly_observed,metabolomics_abundance.csv,observed
B36,sul1,sulfonamide,EW036_RS26155,genome,CHEBI:15603,metabolome,shares_pathway,2,EW036_RS26155;map01100;CHEBI:15603,in_pathway;in_pathway,inferred,pathway-mediated (gene->pathway->metabolite),inferred
B36,sul1,sulfonamide,EW036_RS26155,genome,CHEBI:15603,metabolome,metabolite_quantified,2,,,directly_observed,metabolomics_abundance.csv,observed
B36,sul1,sulfonamide,EW036_RS26155,genome,CHEBI:16865,metabolome,shares_pathway,2,EW036_RS26155;map01100;CHEBI:16865,in_pathway;in_pathway,inferred,pathway-mediated (gene->pathway->metabolite),inferred
B36,sul1,sulfonamide,EW036_RS26155,genome,CHEBI:16865,metabolome,metabolite_quantified,2,,,directly_observed,metabolomics_abundance.csv,observed
B36,sul1,sulfonamide,EW036_RS26155,genome,CHEBI:17497,metabolome,shares_pathway,2,EW036_RS26155;map01100;CHEBI:17497,in_pathway;in_pathway,inferred,pathway-mediated (gene->pathway->metabolite),inferred
B36,sul1,sulfonamide,EW036_RS26155,genome,CHEBI:17497,metabolome,metabolite_quantified,2,,,directly_observed,metabolomics_abundance.csv,observed
B36,sul1,sulfonamide,EW036_RS26155,genome,CHEBI:28842,metabolome,shares_pathway,2,EW036_RS26155;map01100;CHEBI:28842,in_pathway;in_pathway,inferred,pathway-mediated (gene->pathway->metabolite),inferred
B36,sul1,sulfonamide,EW036_RS26155,genome,CHEBI:28842,metabolome,metabolite_quantified,2,,,directly_observed,metabolomics_abundance.csv,observed
B36,sul1,sulfonamide,EW036_RS26155,genome,CHEBI:17295,metabolome,shares_pathway,2,EW036_RS26155;map01100;CHEBI:17295,in_pathway;in_pathway,inferred,pathway-mediated (gene->pathway->metabolite),inferred
B36,sul1,sulfonamide,EW036_RS26155,genome,CHEBI:17295,metabolome,metabolite_quantified,2,,,directly_observed,metabolomics_abundance.csv,observed
B36,sul1,sulfonamide,EW036_RS26155,genome,CHEBI:17053,metabolome,shares_pathway,2,EW036_RS26155;map01100;CHEBI:17053,in_pathway;in_pathway,inferred,pathway-mediated (gene->pathway->metabolite),inferred
B36,sul1,sulfonamide,EW036_RS26155,genome,CHEBI:17053,metabolome,metabolite_quantified,2,,,directly_observed,metabolomics_abundance.csv,observed
B36,sul1,sulfonamide,EW036_RS26155,genome,CHEBI:18012,metabolome,shares_pathway,2,EW036_RS26155;map01100;CHEBI:18012,in_pathway;in_pathway,inferred,pathway-mediated (gene->pathway->metabolite),inferred
B36,sul1,sulfonamide,EW036_RS26155,genome,CHEBI:18012,metabolome,metabolite_quantified,2,,,directly_observed,metabolomics_abundance.csv,observed
B36,sul1,sulfonamide,EW036_RS26155,genome,CHEBI:18066,metabolome,shares_pathway,2,EW036_RS26155;map01100;CHEBI:18066,in_pathway;in_pathway,inferred,pathway-mediated (gene->pathway->metabolite),inferred
B36,sul1,sulfonamide,EW036_RS26155,genome,CHEBI:18066,metabolome,metabolite_quantified,2,,,directly_observed,metabolomics_abundance.csv,observed
B36,sul1,sulfonamide,EW036_RS26155,genome,CHEBI:17057,metabolome,shares_pathway,2,EW036_RS26155;map01100;CHEBI:17057,in_pathway;in_pathway,inferred,pathway-mediated (gene->pathway->metabolite),inferred
B36,sul1,sulfonamide,EW036_RS26155,genome,CHEBI:17057,metabolome,metabolite_quantified,2,,,directly_observed,metabolomics_abundance.csv,observed
B36,sul1,sulfonamide,EW036_RS26155,genome,CHEBI:16695,metabolome,shares_pathway,2,EW036_RS26155;map01100;CHEBI:16695,in_pathway;in_pathway,inferred,pathway-mediated (gene->pathway->metabolite),inferred
B36,sul1,sulfonamide,EW036_RS26155,genome,CHEBI:16695,metabolome,metabolite_quantified,2,,,directly_observed,metabolomics_abundance.csv,observed
B36,sul1,sulfonamide,EW036_RS26155,genome,CHEBI:15756,metabolome,shares_pathway,2,EW036_RS26155;map01100;CHEBI:15756,in_pathway;in_pathway,inferred,pathway-mediated (gene->pathway->metabolite),inferred
B36,sul1,sulfonamide,EW036_RS26155,genome,CHEBI:15756,metabolome,metabolite_quantified,2,,,directly_observed,metabolomics_abundance.csv,observed
B36,sul1,sulfonamide,EW036_RS26155,genome,CHEBI:16742,metabolome,shares_pathway,2,EW036_RS26155;map01100;CHEBI:16742,in_pathway;in_pathway,inferred,pathway-mediated (gene->pathway->metabolite),inferred
B36,sul1,sulfonamide,EW036_RS26155,genome,CHEBI:16742,metabolome,metabolite_quantified,2,,,directly_observed,metabolomics_abundance.csv,observed
B36,sul1,sulfonamide,EW036_RS26155,genome,CHEBI:17361,metabolome,shares_pathway,2,EW036_RS26155;map01100;CHEBI:17361,in_pathway;in_pathway,inferred,pathway-mediated (gene->pathway->metabolite),inferred
B36,sul1,sulfonamide,EW036_RS26155,genome,CHEBI:17361,metabolome,metabolite_quantified,2,,,directly_observed,metabolomics_abundance.csv,observed
B36,sul1,sulfonamide,EW036_RS26155,genome,CHEBI:17568,metabolome,shares_pathway,2,EW036_RS26155;map01100;CHEBI:17568,in_pathway;in_pathway,inferred,pathway-mediated (gene->pathway->metabolite),inferred
B36,sul1,sulfonamide,EW036_RS26155,genome,CHEBI:17568,metabolome,metabolite_quantified,2,,,directly_observed,metabolomics_abundance.csv,observed
B36,sul1,sulfonamide,EW036_RS26155,genome,CHEBI:16761,metabolome,shares_pathway,2,EW036_RS26155;map01100;CHEBI:16761,in_pathway;in_pathway,inferred,pathway-mediated (gene->pathway->metabolite),inferred
B36,sul1,sulfonamide,EW036_RS26155,genome,CHEBI:16761,metabolome,metabolite_quantified,2,,,directly_observed,metabolomics_abundance.csv,observed
B36,sul1,sulfonamide,EW036_RS26155,genome,CHEBI:17561,metabolome,shares_pathway,2,EW036_RS26155;map01100;CHEBI:17561,in_pathway;in_pathway,inferred,pathway-mediated (gene->pathway->metabolite),inferred
B36,sul1,sulfonamide,EW036_RS26155,genome,CHEBI:17561,metabolome,metabolite_quantified,2,,,directly_observed,metabolomics_abundance.csv,observed
B36,sul1,sulfonamide,EW036_RS26155,genome,CHEBI:17115,metabolome,shares_pathway,2,EW036_RS26155;map01100;CHEBI:17115,in_pathway;in_pathway,inferred,pathway-mediated (gene->pathway->metabolite),inferred
B36,sul1,sulfonamide,EW036_RS26155,genome,CHEBI:17115,metabolome,metabolite_quantified,2,,,directly_observed,metabolomics_abundance.csv,observed
B36,sul1,sulfonamide,EW036_RS26155,genome,CHEBI:16704,metabolome,shares_pathway,2,EW036_RS26155;map01100;CHEBI:16704,in_pathway;in_pathway,inferred,pathway-mediated (gene->pathway->metabolite),inferred
B36,sul1,sulfonamide,EW036_RS26155,genome,CHEBI:16704,metabolome,metabolite_quantified,2,,,directly_observed,metabolomics_abundance.csv,observed
B36,sul1,sulfonamide,EW036_RS26155,genome,CHEBI:17203,metabolome,shares_pathway,2,EW036_RS26155;map01100;CHEBI:17203,in_pathway;in_pathway,inferred,pathway-mediated (gene->pathway->metabolite),inferred
B36,sul1,sulfonamide,EW036_RS26155,genome,CHEBI:17203,metabolome,metabolite_quantified,2,,,directly_observed,metabolomics_abundance.csv,observed
B36,sul1,sulfonamide,EW036_RS26155,genome,CHEBI:18307,metabolome,shares_pathway,2,EW036_RS26155;map01100;CHEBI:18307,in_pathway;in_pathway,inferred,pathway-mediated (gene->pathway->metabolite),inferred
B36,sul1,sulfonamide,EW036_RS26155,genome,CHEBI:18307,metabolome,metabolite_quantified,2,,,directly_observed,metabolomics_abundance.csv,observed
B36,sul1,sulfonamide,EW036_RS26155,genome,CHEBI:17659,metabolome,shares_pathway,2,EW036_RS26155;map01100;CHEBI:17659,in_pathway;in_pathway,inferred,pathway-mediated (gene->pathway->metabolite),inferred
B36,sul1,sulfonamide,EW036_RS26155,genome,CHEBI:17659,metabolome,metabolite_quantified,2,,,directly_observed,metabolomics_abundance.csv,observed
B36,sul1,sulfonamide,EW036_RS26155,genome,CHEBI:16908,metabolome,shares_pathway,2,EW036_RS26155;map01100;CHEBI:16908,in_pathway;in_pathway,inferred,pathway-mediated (gene->pathway->metabolite),inferred
B36,sul1,sulfonamide,EW036_RS26155,genome,CHEBI:16908,metabolome,metabolite_quantified,2,,,directly_observed,metabolomics_abundance.csv,observed
B36,sul1,sulfonamide,EW036_RS26155,genome,CHEBI:17925,metabolome,shares_pathway,2,EW036_RS26155;map01100;CHEBI:17925,in_pathway;in_pathway,inferred,pathway-mediated (gene->pathway->metabolite),inferred
B36,sul1,sulfonamide,EW036_RS26155,genome,CHEBI:17925,metabolome,metabolite_quantified,2,,,directly_observed,metabolomics_abundance.csv,observed
B36,sul1,sulfonamide,EW036_RS26155,genome,CHEBI:44897,metabolome,shares_pathway,2,EW036_RS26155;map01100;CHEBI:44897,in_pathway;in_pathway,inferred,pathway-mediated (gene->pathway->metabolite),inferred
B36,sul1,sulfonamide,EW036_RS26155,genome,CHEBI:44897,metabolome,metabolite_quantified,2,,,directly_observed,metabolomics_abundance.csv,observed
B36,sul1,sulfonamide,EW036_RS26155,genome,CHEBI:15570,metabolome,shares_pathway,2,EW036_RS26155;map01100;CHEBI:15570,in_pathway;in_pathway,inferred,pathway-mediated (gene->pathway->metabolite),inferred
B36,sul1,sulfonamide,EW036_RS26155,genome,CHEBI:15570,metabolome,metabolite_quantified,2,,,directly_observed,metabolomics_abundance.csv,observed
B36,sul1,sulfonamide,EW036_RS26155,genome,CHEBI:15346,metabolome,shares_pathway,2,EW036_RS26155;map01100;CHEBI:15346,in_pathway;in_pathway,inferred,pathway-mediated (gene->pathway->metabolite),inferred
B36,sul1,sulfonamide,EW036_RS26155,genome,CHEBI:15346,metabolome,metabolite_quantified,2,,,directly_observed,metabolomics_abundance.csv,observed
B36,sul1,sulfonamide,EW036_RS26155,genome,CHEBI:17489,metabolome,shares_pathway,2,EW036_RS26155;map01100;CHEBI:17489,in_pathway;in_pathway,inferred,pathway-mediated (gene->pathway->metabolite),inferred
B36,sul1,sulfonamide,EW036_RS26155,genome,CHEBI:17489,metabolome,metabolite_quantified,2,,,directly_observed,metabolomics_abundance.csv,observed
B36,sul1,sulfonamide,EW036_RS26155,genome,CHEBI:17562,metabolome,shares_pathway,2,EW036_RS26155;map01100;CHEBI:17562,in_pathway;in_pathway,inferred,pathway-mediated (gene->pathway->metabolite),inferred
B36,sul1,sulfonamide,EW036_RS26155,genome,CHEBI:17562,metabolome,metabolite_quantified,2,,,directly_observed,metabolomics_abundance.csv,observed
B36,sul1,sulfonamide,EW036_RS26155,genome,CHEBI:17821,metabolome,shares_pathway,2,EW036_RS26155;map01100;CHEBI:17821,in_pathway;in_pathway,inferred,pathway-mediated (gene->pathway->metabolite),inferred
B36,sul1,sulfonamide,EW036_RS26155,genome,CHEBI:17821,metabolome,metabolite_quantified,2,,,directly_observed,metabolomics_abundance.csv,observed
B36,sul1,sulfonamide,EW036_RS26155,genome,CHEBI:16264,metabolome,shares_pathway,2,EW036_RS26155;map01100;CHEBI:16264,in_pathway;in_pathway,inferred,pathway-mediated (gene->pathway->metabolite),inferred
B36,sul1,sulfonamide,EW036_RS26155,genome,CHEBI:16264,metabolome,metabolite_quantified,2,,,directly_observed,metabolomics_abundance.csv,observed
B36,sul1,sulfonamide,EW036_RS26155,genome,CHEBI:15351,metabolome,shares_pathway,2,EW036_RS26155;map01100;CHEBI:15351,in_pathway;in_pathway,inferred,pathway-mediated (gene->pathway->metabolite),inferred
B36,sul1,sulfonamide,EW036_RS26155,genome,CHEBI:15351,metabolome,metabolite_quantified,2,,,directly_observed,metabolomics_abundance.csv,observed
B36,sul1,sulfonamide,EW036_RS26155,genome,CHEBI:28718,metabolome,shares_pathway,2,EW036_RS26155;map01100;CHEBI:28718,in_pathway;in_pathway,inferred,pathway-mediated (gene->pathway->metabolite),inferred
B36,sul1,sulfonamide,EW036_RS26155,genome,CHEBI:28718,metabolome,metabolite_quantified,2,,,directly_observed,metabolomics_abundance.csv,observed
B36,sul1,sulfonamide,EW036_RS26155,genome,CHEBI:16856,metabolome,shares_pathway,2,EW036_RS26155;map01100;CHEBI:16856,in_pathway;in_pathway,inferred,pathway-mediated (gene->pathway->metabolite),inferred
B36,sul1,sulfonamide,EW036_RS26155,genome,CHEBI:16856,metabolome,metabolite_quantified,2,,,directly_observed,metabolomics_abundance.csv,observed
B36,sul1,sulfonamide,EW036_RS26155,genome,CHEBI:15422,metabolome,shares_pathway,2,EW036_RS26155;map01100;CHEBI:15422,in_pathway;in_pathway,inferred,pathway-mediated (gene->pathway->metabolite),inferred
B36,sul1,sulfonamide,EW036_RS26155,genome,CHEBI:15422,metabolome,metabolite_quantified,2,,,directly_observed,metabolomics_abundance.csv,observed
B36,sul1,sulfonamide,EW036_RS26155,genome,CHEBI:17345,metabolome,shares_pathway,2,EW036_RS26155;map01100;CHEBI:17345,in_pathway;in_pathway,inferred,pathway-mediated (gene->pathway->metabolite),inferred
B36,sul1,sulfonamide,EW036_RS26155,genome,CHEBI:17345,metabolome,metabolite_quantified,2,,,directly_observed,metabolomics_abundance.csv,observed
B36,sul1,sulfonamide,EW036_RS26155,genome,CHEBI:15824,metabolome,shares_pathway,2,EW036_RS26155;map01100;CHEBI:15824,in_pathway;in_pathway,inferred,pathway-mediated (gene->pathway->metabolite),inferred
B36,sul1,sulfonamide,EW036_RS26155,genome,CHEBI:15824,metabolome,metabolite_quantified,2,,,directly_observed,metabolomics_abundance.csv,observed
B36,sul1,sulfonamide,EW036_RS26155,genome,CHEBI:30746,metabolome,shares_pathway,2,EW036_RS26155;map01100;CHEBI:30746,in_pathway;in_pathway,inferred,pathway-mediated (gene->pathway->metabolite),inferred
B36,sul1,sulfonamide,EW036_RS26155,genome,CHEBI:30746,metabolome,metabolite_quantified,2,,,directly_observed,metabolomics_abundance.csv,observed
B36,sul1,sulfonamide,EW036_RS26155,genome,CHEBI:16335,metabolome,shares_pathway,2,EW036_RS26155;map01100;CHEBI:16335,in_pathway;in_pathway,inferred,pathway-mediated (gene->pathway->metabolite),inferred
B36,sul1,sulfonamide,EW036_RS26155,genome,CHEBI:16335,metabolome,metabolite_quantified,2,,,directly_observed,metabolomics_abundance.csv,observed
B36,sul1,sulfonamide,EW036_RS26155,genome,CHEBI:16857,metabolome,shares_pathway,2,EW036_RS26155;map01100;CHEBI:16857,in_pathway;in_pathway,inferred,pathway-mediated (gene->pathway->metabolite),inferred
B36,sul1,sulfonamide,EW036_RS26155,genome,CHEBI:16857,metabolome,metabolite_quantified,2,,,directly_observed,metabolomics_abundance.csv,observed
B36,sul1,sulfonamide,EW036_RS26155,genome,CHEBI:15940,metabolome,shares_pathway,2,EW036_RS26155;map01100;CHEBI:15940,in_pathway;in_pathway,inferred,pathway-mediated (gene->pathway->metabolite),inferred
B36,sul1,sulfonamide,EW036_RS26155,genome,CHEBI:15940,metabolome,metabolite_quantified,2,,,directly_observed,metabolomics_abundance.csv,observed
B36,sul1,sulfonamide,EW036_RS26155,genome,CHEBI:17364,metabolome,shares_pathway,2,EW036_RS26155;map01100;CHEBI:17364,in_pathway;in_pathway,inferred,pathway-mediated (gene->pathway->metabolite),inferred
B36,sul1,sulfonamide,EW036_RS26155,genome,CHEBI:17364,metabolome,metabolite_quantified,2,,,directly_observed,metabolomics_abundance.csv,observed
B36,sul1,sulfonamide,EW036_RS26155,genome,CHEBI:15978,metabolome,shares_pathway,2,EW036_RS26155;map01100;CHEBI:15978,in_pathway;in_pathway,inferred,pathway-mediated (gene->pathway->metabolite),inferred
B36,sul1,sulfonamide,EW036_RS26155,genome,CHEBI:15978,metabolome,metabolite_quantified,2,,,directly_observed,metabolomics_abundance.csv,observed
B36,sul1,sulfonamide,EW036_RS26155,genome,CHEBI:42111,metabolome,shares_pathway,2,EW036_RS26155;map01100;CHEBI:42111,in_pathway;in_pathway,inferred,pathway-mediated (gene->pathway->metabolite),inferred
B36,sul1,sulfonamide,EW036_RS26155,genome,CHEBI:42111,metabolome,metabolite_quantified,2,,,directly_observed,metabolomics_abundance.csv,observed
B36,sul1,sulfonamide,EW036_RS26155,genome,CHEBI:16016,metabolome,shares_pathway,2,EW036_RS26155;map01100;CHEBI:16016,in_pathway;in_pathway,inferred,pathway-mediated (gene->pathway->metabolite),inferred
B36,sul1,sulfonamide,EW036_RS26155,genome,CHEBI:16016,metabolome,metabolite_quantified,2,,,directly_observed,metabolomics_abundance.csv,observed
B36,sul1,sulfonamide,EW036_RS26155,genome,CHEBI:16634,metabolome,shares_pathway,2,EW036_RS26155;map01100;CHEBI:16634,in_pathway;in_pathway,inferred,pathway-mediated (gene->pathway->metabolite),inferred
B36,sul1,sulfonamide,EW036_RS26155,genome,CHEBI:16634,metabolome,metabolite_quantified,2,,,directly_observed,metabolomics_abundance.csv,observed
B36,sul1,sulfonamide,EW036_RS26155,genome,CHEBI:32816,metabolome,shares_pathway,2,EW036_RS26155;map01100;CHEBI:32816,in_pathway;in_pathway,inferred,pathway-mediated (gene->pathway->metabolite),inferred
B36,sul1,sulfonamide,EW036_RS26155,genome,CHEBI:32816,metabolome,metabolite_quantified,2,,,directly_observed,metabolomics_abundance.csv,observed
B36,sul1,sulfonamide,EW036_RS26155,genome,CHEBI:29069,metabolome,shares_pathway,2,EW036_RS26155;map01100;CHEBI:29069,in_pathway;in_pathway,inferred,pathway-mediated (gene->pathway->metabolite),inferred
B36,sul1,sulfonamide,EW036_RS26155,genome,CHEBI:29069,metabolome,metabolite_quantified,2,,,directly_observed,metabolomics_abundance.csv,observed
B36,sul1,sulfonamide,EW036_RS26155,genome,CHEBI:17713,metabolome,shares_pathway,2,EW036_RS26155;map01100;CHEBI:17713,in_pathway;in_pathway,inferred,pathway-mediated (gene->pathway->metabolite),inferred
B36,sul1,sulfonamide,EW036_RS26155,genome,CHEBI:17713,metabolome,metabolite_quantified,2,,,directly_observed,metabolomics_abundance.csv,observed
B36,sul1,sulfonamide,EW036_RS26155,genome,CHEBI:17061,metabolome,shares_pathway,2,EW036_RS26155;map01100;CHEBI:17061,in_pathway;in_pathway,inferred,pathway-mediated (gene->pathway->metabolite),inferred
B36,sul1,sulfonamide,EW036_RS26155,genome,CHEBI:17061,metabolome,metabolite_quantified,2,,,directly_observed,metabolomics_abundance.csv,observed
B36,sul1,sulfonamide,EW036_RS26155,genome,CHEBI:30794,metabolome,shares_pathway,2,EW036_RS26155;map01100;CHEBI:30794,in_pathway;in_pathway,inferred,pathway-mediated (gene->pathway->metabolite),inferred
B36,sul1,sulfonamide,EW036_RS26155,genome,CHEBI:30794,metabolome,metabolite_quantified,2,,,directly_observed,metabolomics_abundance.csv,observed
B36,sul1,sulfonamide,EW036_RS26155,genome,CHEBI:17596,metabolome,shares_pathway,2,EW036_RS26155;map01100;CHEBI:17596,in_pathway;in_pathway,inferred,pathway-mediated (gene->pathway->metabolite),inferred
B36,sul1,sulfonamide,EW036_RS26155,genome,CHEBI:17596,metabolome,metabolite_quantified,2,,,directly_observed,metabolomics_abundance.csv,observed
B36,sul1,sulfonamide,EW036_RS26155,genome,CHEBI:30745,metabolome,shares_pathway,2,EW036_RS26155;map01100;CHEBI:30745,in_pathway;in_pathway,inferred,pathway-mediated (gene->pathway->metabolite),inferred
B36,sul1,sulfonamide,EW036_RS26155,genome,CHEBI:30745,metabolome,metabolite_quantified,2,,,directly_observed,metabolomics_abundance.csv,observed
B36,sul1,sulfonamide,EW036_RS26155,genome,CHEBI:15344,metabolome,shares_pathway,2,EW036_RS26155;map01100;CHEBI:15344,in_pathway;in_pathway,inferred,pathway-mediated (gene->pathway->metabolite),inferred
B36,sul1,sulfonamide,EW036_RS26155,genome,CHEBI:15344,metabolome,metabolite_quantified,2,,,directly_observed,metabolomics_abundance.csv,observed
B36,sul1,sulfonamide,EW036_RS26155,genome,CHEBI:16040,metabolome,shares_pathway,2,EW036_RS26155;map01100;CHEBI:16040,in_pathway;in_pathway,inferred,pathway-mediated (gene->pathway->metabolite),inferred
B36,sul1,sulfonamide,EW036_RS26155,genome,CHEBI:16040,metabolome,metabolite_quantified,2,,,directly_observed,metabolomics_abundance.csv,observed
B36,sul1,sulfonamide,EW036_RS26155,genome,CHEBI:28837,metabolome,shares_pathway,2,EW036_RS26155;map01100;CHEBI:28837,in_pathway;in_pathway,inferred,pathway-mediated (gene->pathway->metabolite),inferred
B36,sul1,sulfonamide,EW036_RS26155,genome,CHEBI:28837,metabolome,metabolite_quantified,2,,,directly_observed,metabolomics_abundance.csv,observed
B36,sul1,sulfonamide,EW036_RS26155,genome,CHEBI:30769,metabolome,shares_pathway,2,EW036_RS26155;map01100;CHEBI:30769,in_pathway;in_pathway,inferred,pathway-mediated (gene->pathway->metabolite),inferred
B36,sul1,sulfonamide,EW036_RS26155,genome,CHEBI:30769,metabolome,metabolite_quantified,2,,,directly_observed,metabolomics_abundance.csv,observed
B36,sul1,sulfonamide,EW036_RS26155,genome,CHEBI:16108,metabolome,shares_pathway,2,EW036_RS26155;map01100;CHEBI:16108,in_pathway;in_pathway,inferred,pathway-mediated (gene->pathway->metabolite),inferred
B36,sul1,sulfonamide,EW036_RS26155,genome,CHEBI:16108,metabolome,metabolite_quantified,2,,,directly_observed,metabolomics_abundance.csv,observed
B36,sul1,sulfonamide,EW036_RS26155,genome,CHEBI:28875,metabolome,shares_pathway,2,EW036_RS26155;map01100;CHEBI:28875,in_pathway;in_pathway,inferred,pathway-mediated (gene->pathway->metabolite),inferred
B36,sul1,sulfonamide,EW036_RS26155,genome,CHEBI:28875,metabolome,metabolite_quantified,2,,,directly_observed,metabolomics_abundance.csv,observed
B36,sul1,sulfonamide,EW036_RS26155,genome,CHEBI:15721,metabolome,shares_pathway,2,EW036_RS26155;map01100;CHEBI:15721,in_pathway;in_pathway,inferred,pathway-mediated (gene->pathway->metabolite),inferred
B36,sul1,sulfonamide,EW036_RS26155,genome,CHEBI:15721,metabolome,metabolite_quantified,2,,,directly_observed,metabolomics_abundance.csv,observed
B36,sul1,sulfonamide,EW036_RS26155,genome,CHEBI:17588,metabolome,shares_pathway,2,EW036_RS26155;map01100;CHEBI:17588,in_pathway;in_pathway,inferred,pathway-mediated (gene->pathway->metabolite),inferred
B36,sul1,sulfonamide,EW036_RS26155,genome,CHEBI:17588,metabolome,metabolite_quantified,2,,,directly_observed,metabolomics_abundance.csv,observed
B36,sul1,sulfonamide,EW036_RS26155,genome,CHEBI:16600,metabolome,shares_pathway,2,EW036_RS26155;map01100;CHEBI:16600,in_pathway;in_pathway,inferred,pathway-mediated (gene->pathway->metabolite),inferred
B36,sul1,sulfonamide,EW036_RS26155,genome,CHEBI:16600,metabolome,metabolite_quantified,2,,,directly_observed,metabolomics_abundance.csv,observed
B36,sul1,sulfonamide,EW036_RS26155,genome,CHEBI:30763,metabolome,shares_pathway,2,EW036_RS26155;map00790;CHEBI:30763,in_pathway;in_pathway,inferred,pathway-mediated (gene->pathway->metabolite),inferred
B36,sul1,sulfonamide,EW036_RS26155,genome,CHEBI:30763,metabolome,metabolite_quantified,2,,,directly_observed,metabolomics_abundance.csv,observed
B36,sul1,sulfonamide,EW036_RS26155,genome,CHEBI:30915,metabolome,shares_pathway,2,EW036_RS26155;map01100;CHEBI:30915,in_pathway;in_pathway,inferred,pathway-mediated (gene->pathway->metabolite),inferred
B36,sul1,sulfonamide,EW036_RS26155,genome,CHEBI:30915,metabolome,metabolite_quantified,2,,,directly_observed,metabolomics_abundance.csv,observed
B36,sul1,sulfonamide,EW036_RS26155,genome,CHEBI:16474,metabolome,shares_pathway,2,EW036_RS26155;map01100;CHEBI:16474,in_pathway;in_pathway,inferred,pathway-mediated (gene->pathway->metabolite),inferred
B36,sul1,sulfonamide,EW036_RS26155,genome,CHEBI:16474,metabolome,metabolite_quantified,2,,,directly_observed,metabolomics_abundance.csv,observed
B36,sul1,sulfonamide,EW036_RS26155,genome,CHEBI:30805,metabolome,shares_pathway,2,EW036_RS26155;map01100;CHEBI:30805,in_pathway;in_pathway,inferred,pathway-mediated (gene->pathway->metabolite),inferred
B36,sul1,sulfonamide,EW036_RS26155,genome,CHEBI:30805,metabolome,metabolite_quantified,2,,,directly_observed,metabolomics_abundance.csv,observed
B36,sul1,sulfonamide,EW036_RS26155,genome,CHEBI:30813,metabolome,shares_pathway,2,EW036_RS26155;map01100;CHEBI:30813,in_pathway;in_pathway,inferred,pathway-mediated (gene->pathway->metabolite),inferred
B36,sul1,sulfonamide,EW036_RS26155,genome,CHEBI:30813,metabolome,metabolite_quantified,2,,,directly_observed,metabolomics_abundance.csv,observed
B36,sul1,sulfonamide,EW036_RS26155,genome,CHEBI:16643,metabolome,shares_pathway,2,EW036_RS26155;map01100;CHEBI:16643,in_pathway;in_pathway,inferred,pathway-mediated (gene->pathway->metabolite),inferred
B36,sul1,sulfonamide,EW036_RS26155,genome,CHEBI:16643,metabolome,metabolite_quantified,2,,,directly_observed,metabolomics_abundance.csv,observed
B36,sul1,sulfonamide,EW036_RS26155,genome,CHEBI:30772,metabolome,shares_pathway,2,EW036_RS26155;map01100;CHEBI:30772,in_pathway;in_pathway,inferred,pathway-mediated (gene->pathway->metabolite),inferred
B36,sul1,sulfonamide,EW036_RS26155,genome,CHEBI:30772,metabolome,metabolite_quantified,2,,,directly_observed,metabolomics_abundance.csv,observed
B36,sul1,sulfonamide,EW036_RS26155,genome,CHEBI:15918,metabolome,shares_pathway,2,EW036_RS26155;map01100;CHEBI:15918,in_pathway;in_pathway,inferred,pathway-mediated (gene->pathway->metabolite),inferred
B36,sul1,sulfonamide,EW036_RS26155,genome,CHEBI:15918,metabolome,metabolite_quantified,2,,,directly_observed,metabolomics_abundance.csv,observed
B36,sul1,sulfonamide,EW036_RS26155,genome,CHEBI:16000,metabolome,shares_pathway,2,EW036_RS26155;map01100;CHEBI:16000,in_pathway;in_pathway,inferred,pathway-mediated (gene->pathway->metabolite),inferred
B36,sul1,sulfonamide,EW036_RS26155,genome,CHEBI:16000,metabolome,metabolite_quantified,2,,,directly_observed,metabolomics_abundance.csv,observed
B36,sul1,sulfonamide,EW036_RS26155,genome,CHEBI:16238,metabolome,shares_pathway,2,EW036_RS26155;map01100;CHEBI:16238,in_pathway;in_pathway,inferred,pathway-mediated (gene->pathway->metabolite),inferred
B36,sul1,sulfonamide,EW036_RS26155,genome,CHEBI:16238,metabolome,metabolite_quantified,2,,,directly_observed,metabolomics_abundance.csv,observed
B36,sul1,sulfonamide,EW036_RS26155,genome,CHEBI:17859,metabolome,shares_pathway,2,EW036_RS26155;map01100;CHEBI:17859,in_pathway;in_pathway,inferred,pathway-mediated (gene->pathway->metabolite),inferred
B36,sul1,sulfonamide,EW036_RS26155,genome,CHEBI:17859,metabolome,metabolite_quantified,2,,,directly_observed,metabolomics_abundance.csv,observed
B36,sul1,sulfonamide,EW036_RS26155,genome,CHEBI:16750,metabolome,shares_pathway,2,EW036_RS26155;map01100;CHEBI:16750,in_pathway;in_pathway,inferred,pathway-mediated (gene->pathway->metabolite),inferred
B36,sul1,sulfonamide,EW036_RS26155,genome,CHEBI:16750,metabolome,metabolite_quantified,2,,,directly_observed,metabolomics_abundance.csv,observed
B36,sul1,sulfonamide,EW036_RS26155,genome,CHEBI:16995,metabolome,shares_pathway,2,EW036_RS26155;map01100;CHEBI:16995,in_pathway;in_pathway,inferred,pathway-mediated (gene->pathway->metabolite),inferred
B36,sul1,sulfonamide,EW036_RS26155,genome,CHEBI:16995,metabolome,metabolite_quantified,2,,,directly_observed,metabolomics_abundance.csv,observed
B36,sul1,sulfonamide,EW036_RS26155,genome,CHEBI:15971,metabolome,shares_pathway,2,EW036_RS26155;map01100;CHEBI:15971,in_pathway;in_pathway,inferred,pathway-mediated (gene->pathway->metabolite),inferred
B36,sul1,sulfonamide,EW036_RS26155,genome,CHEBI:15971,metabolome,metabolite_quantified,2,,,directly_observed,metabolomics_abundance.csv,observed
B36,sul1,sulfonamide,EW036_RS26155,genome,CHEBI:16855,metabolome,shares_pathway,2,EW036_RS26155;map01100;CHEBI:16855,in_pathway;in_pathway,inferred,pathway-mediated (gene->pathway->metabolite),inferred
B36,sul1,sulfonamide,EW036_RS26155,genome,CHEBI:16855,metabolome,metabolite_quantified,2,,,directly_observed,metabolomics_abundance.csv,observed
B36,sul1,sulfonamide,EW036_RS26155,genome,CHEBI:15999,metabolome,shares_pathway,2,EW036_RS26155;map01100;CHEBI:15999,in_pathway;in_pathway,inferred,pathway-mediated (gene->pathway->metabolite),inferred
B36,sul1,sulfonamide,EW036_RS26155,genome,CHEBI:15999,metabolome,metabolite_quantified,2,,,directly_observed,metabolomics_abundance.csv,observed
B36,sul1,sulfonamide,EW036_RS26155,genome,CHEBI:16259,metabolome,shares_pathway,2,EW036_RS26155;map01100;CHEBI:16259,in_pathway;in_pathway,inferred,pathway-mediated (gene->pathway->metabolite),inferred
B36,sul1,sulfonamide,EW036_RS26155,genome,CHEBI:16259,metabolome,metabolite_quantified,2,,,directly_observed,metabolomics_abundance.csv,observed
B36,sul1,sulfonamide,EW036_RS26155,genome,CHEBI:16813,metabolome,shares_pathway,2,EW036_RS26155;map01100;CHEBI:16813,in_pathway;in_pathway,inferred,pathway-mediated (gene->pathway->metabolite),inferred
B36,sul1,sulfonamide,EW036_RS26155,genome,CHEBI:16813,metabolome,metabolite_quantified,2,,,directly_observed,metabolomics_abundance.csv,observed
B36,sul1,sulfonamide,EW036_RS26155,genome,CHEBI:16828,metabolome,shares_pathway,2,EW036_RS26155;map01100;CHEBI:16828,in_pathway;in_pathway,inferred,pathway-mediated (gene->pathway->metabolite),inferred
B36,sul1,sulfonamide,EW036_RS26155,genome,CHEBI:16828,metabolome,metabolite_quantified,2,,,directly_observed,metabolomics_abundance.csv,observed
B36,sul1,sulfonamide,EW036_RS26155,genome,CHEBI:15887,metabolome,shares_pathway,2,EW036_RS26155;map01100;CHEBI:15887,in_pathway;in_pathway,inferred,pathway-mediated (gene->pathway->metabolite),inferred
B36,sul1,sulfonamide,EW036_RS26155,genome,CHEBI:15887,metabolome,metabolite_quantified,2,,,directly_observed,metabolomics_abundance.csv,observed
B36,sul1,sulfonamide,EW036_RS26155,genome,CHEBI:16680,metabolome,shares_pathway,2,EW036_RS26155;map01100;CHEBI:16680,in_pathway;in_pathway,inferred,pathway-mediated (gene->pathway->metabolite),inferred
B36,sul1,sulfonamide,EW036_RS26155,genome,CHEBI:16680,metabolome,metabolite_quantified,2,,,directly_observed,metabolomics_abundance.csv,observed
B36,sul1,sulfonamide,EW036_RS26155,genome,CHEBI:18127,metabolome,shares_pathway,2,EW036_RS26155;map01100;CHEBI:18127,in_pathway;in_pathway,inferred,pathway-mediated (gene->pathway->metabolite),inferred
B36,sul1,sulfonamide,EW036_RS26155,genome,CHEBI:18127,metabolome,metabolite_quantified,2,,,directly_observed,metabolomics_abundance.csv,observed
B36,sul1,sulfonamide,EW036_RS26155,genome,CHEBI:16467,metabolome,shares_pathway,2,EW036_RS26155;map01100;CHEBI:16467,in_pathway;in_pathway,inferred,pathway-mediated (gene->pathway->metabolite),inferred
B36,sul1,sulfonamide,EW036_RS26155,genome,CHEBI:16467,metabolome,metabolite_quantified,2,,,directly_observed,metabolomics_abundance.csv,observed
B36,sul1,sulfonamide,EW036_RS26155,genome,CHEBI:18333,metabolome,shares_pathway,2,EW036_RS26155;map01100;CHEBI:18333,in_pathway;in_pathway,inferred,pathway-mediated (gene->pathway->metabolite),inferred
B36,sul1,sulfonamide,EW036_RS26155,genome,CHEBI:18333,metabolome,metabolite_quantified,2,,,directly_observed,metabolomics_abundance.csv,observed
B36,sul1,sulfonamide,EW036_RS26155,genome,CHEBI:15732,metabolome,shares_pathway,2,EW036_RS26155;map01100;CHEBI:15732,in_pathway;in_pathway,inferred,pathway-mediated (gene->pathway->metabolite),inferred
B36,sul1,sulfonamide,EW036_RS26155,genome,CHEBI:15732,metabolome,metabolite_quantified,2,,,directly_observed,metabolomics_abundance.csv,observed
B36,sul1,sulfonamide,EW036_RS26155,genome,CHEBI:15901,metabolome,shares_pathway,2,EW036_RS26155;map01100;CHEBI:15901,in_pathway;in_pathway,inferred,pathway-mediated (gene->pathway->metabolite),inferred
B36,sul1,sulfonamide,EW036_RS26155,genome,CHEBI:15901,metabolome,metabolite_quantified,2,,,directly_observed,metabolomics_abundance.csv,observed
B36,sul1,sulfonamide,EW036_RS26155,genome,CHEBI:15699,metabolome,shares_pathway,2,EW036_RS26155;map01100;CHEBI:15699,in_pathway;in_pathway,inferred,pathway-mediated (gene->pathway->metabolite),inferred
B36,sul1,sulfonamide,EW036_RS26155,genome,CHEBI:15699,metabolome,metabolite_quantified,2,,,directly_observed,metabolomics_abundance.csv,observed
B36,sul1,sulfonamide,EW036_RS26155,genome,CHEBI:28716,metabolome,shares_pathway,2,EW036_RS26155;map01100;CHEBI:28716,in_pathway;in_pathway,inferred,pathway-mediated (gene->pathway->metabolite),inferred
B36,sul1,sulfonamide,EW036_RS26155,genome,CHEBI:28716,metabolome,metabolite_quantified,2,,,directly_observed,metabolomics_abundance.csv,observed
B36,sul1,sulfonamide,EW036_RS26155,genome,CHEBI:21547,metabolome,shares_pathway,2,EW036_RS26155;map01100;CHEBI:21547,in_pathway;in_pathway,inferred,pathway-mediated (gene->pathway->metabolite),inferred
B36,sul1,sulfonamide,EW036_RS26155,genome,CHEBI:21547,metabolome,metabolite_quantified,2,,,directly_observed,metabolomics_abundance.csv,observed
B36,sul1,sulfonamide,EW036_RS26155,genome,CHEBI:17992,metabolome,shares_pathway,2,EW036_RS26155;map01100;CHEBI:17992,in_pathway;in_pathway,inferred,pathway-mediated (gene->pathway->metabolite),inferred
B36,sul1,sulfonamide,EW036_RS26155,genome,CHEBI:17992,metabolome,metabolite_quantified,2,,,directly_observed,metabolomics_abundance.csv,observed
B36,sul1,sulfonamide,EW036_RS26155,genome,CHEBI:17509,metabolome,shares_pathway,2,EW036_RS26155;map01100;CHEBI:17509,in_pathway;in_pathway,inferred,pathway-mediated (gene->pathway->metabolite),inferred
B36,sul1,sulfonamide,EW036_RS26155,genome,CHEBI:17509,metabolome,metabolite_quantified,2,,,directly_observed,metabolomics_abundance.csv,observed
B36,sul1,sulfonamide,EW036_RS26155,genome,CHEBI:16235,metabolome,shares_pathway,2,EW036_RS26155;map01100;CHEBI:16235,in_pathway;in_pathway,inferred,pathway-mediated (gene->pathway->metabolite),inferred
B36,sul1,sulfonamide,EW036_RS26155,genome,CHEBI:16235,metabolome,metabolite_quantified,2,,,directly_observed,metabolomics_abundance.csv,observed
B36,sul1,sulfonamide,EW036_RS26155,genome,CHEBI:28189,metabolome,shares_pathway,2,EW036_RS26155;map01100;CHEBI:28189,in_pathway;in_pathway,inferred,pathway-mediated (gene->pathway->metabolite),inferred
B36,sul1,sulfonamide,EW036_RS26155,genome,CHEBI:28189,metabolome,metabolite_quantified,2,,,directly_observed,metabolomics_abundance.csv,observed
B36,sul1,sulfonamide,EW036_RS26155,genome,CHEBI:17268,metabolome,shares_pathway,2,EW036_RS26155;map01100;CHEBI:17268,in_pathway;in_pathway,inferred,pathway-mediated (gene->pathway->metabolite),inferred
B36,sul1,sulfonamide,EW036_RS26155,genome,CHEBI:17268,metabolome,metabolite_quantified,2,,,directly_observed,metabolomics_abundance.csv,observed
B36,sul1,sulfonamide,EW036_RS26155,genome,CHEBI:30887,metabolome,shares_pathway,2,EW036_RS26155;map01100;CHEBI:30887,in_pathway;in_pathway,inferred,pathway-mediated (gene->pathway->metabolite),inferred
B36,sul1,sulfonamide,EW036_RS26155,genome,CHEBI:30887,metabolome,metabolite_quantified,2,,,directly_observed,metabolomics_abundance.csv,observed
B36,sul1,sulfonamide,EW036_RS26155,genome,CHEBI:27956,metabolome,shares_pathway,2,EW036_RS26155;map01100;CHEBI:27956,in_pathway;in_pathway,inferred,pathway-mediated (gene->pathway->metabolite),inferred
B36,sul1,sulfonamide,EW036_RS26155,genome,CHEBI:27956,metabolome,metabolite_quantified,2,,,directly_observed,metabolomics_abundance.csv,observed
B36,sul1,sulfonamide,EW036_RS26155,genome,CHEBI:17108,metabolome,shares_pathway,2,EW036_RS26155;map01100;CHEBI:17108,in_pathway;in_pathway,inferred,pathway-mediated (gene->pathway->metabolite),inferred
B36,sul1,sulfonamide,EW036_RS26155,genome,CHEBI:17108,metabolome,metabolite_quantified,2,,,directly_observed,metabolomics_abundance.csv,observed
B36,sul1,sulfonamide,EW036_RS26155,genome,CHEBI:15698,metabolome,shares_pathway,2,EW036_RS26155;map01100;CHEBI:15698,in_pathway;in_pathway,inferred,pathway-mediated (gene->pathway->metabolite),inferred
B36,sul1,sulfonamide,EW036_RS26155,genome,CHEBI:15698,metabolome,metabolite_quantified,2,,,directly_observed,metabolomics_abundance.csv,observed
B36,sul1,sulfonamide,EW036_RS26155,genome,CHEBI:18300,metabolome,shares_pathway,2,EW036_RS26155;map01100;CHEBI:18300,in_pathway;in_pathway,inferred,pathway-mediated (gene->pathway->metabolite),inferred
B36,sul1,sulfonamide,EW036_RS26155,genome,CHEBI:18300,metabolome,metabolite_quantified,2,,,directly_observed,metabolomics_abundance.csv,observed
B36,sul1,sulfonamide,EW036_RS26155,genome,CHEBI:16958,metabolome,shares_pathway,2,EW036_RS26155;map01100;CHEBI:16958,in_pathway;in_pathway,inferred,pathway-mediated (gene->pathway->metabolite),inferred
B36,sul1,sulfonamide,EW036_RS26155,genome,CHEBI:16958,metabolome,metabolite_quantified,2,,,directly_observed,metabolomics_abundance.csv,observed
B36,sul1,sulfonamide,EW036_RS26155,genome,CHEBI:175195,metabolome,shares_pathway,2,EW036_RS26155;map01100;CHEBI:175195,in_pathway;in_pathway,inferred,pathway-mediated (gene->pathway->metabolite),inferred
B36,sul1,sulfonamide,EW036_RS26155,genome,CHEBI:175195,metabolome,metabolite_quantified,2,,,directly_observed,metabolomics_abundance.csv,observed
B36,sul1,sulfonamide,EW036_RS26155,genome,CHEBI:17351,metabolome,shares_pathway,2,EW036_RS26155;map01100;CHEBI:17351,in_pathway;in_pathway,inferred,pathway-mediated (gene->pathway->metabolite),inferred
B36,sul1,sulfonamide,EW036_RS26155,genome,CHEBI:17351,metabolome,metabolite_quantified,2,,,directly_observed,metabolomics_abundance.csv,observed
B36,sul1,sulfonamide,EW036_RS26155,genome,CHEBI:17754,metabolome,shares_pathway,2,EW036_RS26155;map01100;CHEBI:17754,in_pathway;in_pathway,inferred,pathway-mediated (gene->pathway->metabolite),inferred
B36,sul1,sulfonamide,EW036_RS26155,genome,CHEBI:17754,metabolome,metabolite_quantified,2,,,directly_observed,metabolomics_abundance.csv,observed
B36,sul1,sulfonamide,EW036_RS26155,genome,CHEBI:10642,metabolome,shares_pathway,2,EW036_RS26155;map01100;CHEBI:10642,in_pathway;in_pathway,inferred,pathway-mediated (gene->pathway->metabolite),inferred
B36,sul1,sulfonamide,EW036_RS26155,genome,CHEBI:10642,metabolome,metabolite_quantified,2,,,directly_observed,metabolomics_abundance.csv,observed
B36,sul1,sulfonamide,EW036_RS26155,genome,CHEBI:17748,metabolome,shares_pathway,2,EW036_RS26155;map01100;CHEBI:17748,in_pathway;in_pathway,inferred,pathway-mediated (gene->pathway->metabolite),inferred
B36,sul1,sulfonamide,EW036_RS26155,genome,CHEBI:17748,metabolome,metabolite_quantified,2,,,directly_observed,metabolomics_abundance.csv,observed
B36,sul1,sulfonamide,EW036_RS26155,genome,CHEBI:17626,metabolome,shares_pathway,2,EW036_RS26155;map01100;CHEBI:17626,in_pathway;in_pathway,inferred,pathway-mediated (gene->pathway->metabolite),inferred
B36,sul1,sulfonamide,EW036_RS26155,genome,CHEBI:17626,metabolome,metabolite_quantified,2,,,directly_observed,metabolomics_abundance.csv,observed
B36,sul1,sulfonamide,EW036_RS26155,genome,CHEBI:30753,metabolome,shares_pathway,2,EW036_RS26155;map00790;CHEBI:30753,in_pathway;in_pathway,inferred,pathway-mediated (gene->pathway->metabolite),inferred
B36,sul1,sulfonamide,EW036_RS26155,genome,CHEBI:30753,metabolome,metabolite_quantified,2,,,directly_observed,metabolomics_abundance.csv,observed
B36,sul1,sulfonamide,EW036_RS26155,genome,CHEBI:17012,metabolome,shares_pathway,2,EW036_RS26155;map01100;CHEBI:17012,in_pathway;in_pathway,inferred,pathway-mediated (gene->pathway->metabolite),inferred
B36,sul1,sulfonamide,EW036_RS26155,genome,CHEBI:17012,metabolome,metabolite_quantified,2,,,directly_observed,metabolomics_abundance.csv,observed
B36,sul1,sulfonamide,EW036_RS26155,genome,CHEBI:18019,metabolome,shares_pathway,2,EW036_RS26155;map01100;CHEBI:18019,in_pathway;in_pathway,inferred,pathway-mediated (gene->pathway->metabolite),inferred
B36,sul1,sulfonamide,EW036_RS26155,genome,CHEBI:18019,metabolome,metabolite_quantified,2,,,directly_observed,metabolomics_abundance.csv,observed
B36,sul1,sulfonamide,EW036_RS26155,genome,CHEBI:17752,metabolome,shares_pathway,2,EW036_RS26155;map01100;CHEBI:17752,in_pathway;in_pathway,inferred,pathway-mediated (gene->pathway->metabolite),inferred
B36,sul1,sulfonamide,EW036_RS26155,genome,CHEBI:17752,metabolome,metabolite_quantified,2,,,directly_observed,metabolomics_abundance.csv,observed
B36,sul1,sulfonamide,EW036_RS26155,genome,CHEBI:18261,metabolome,shares_pathway,2,EW036_RS26155;map01100;CHEBI:18261,in_pathway;in_pathway,inferred,pathway-mediated (gene->pathway->metabolite),inferred
B36,sul1,sulfonamide,EW036_RS26155,genome,CHEBI:18261,metabolome,metabolite_quantified,2,,,directly_observed,metabolomics_abundance.csv,observed
B36,sul1,sulfonamide,EW036_RS26155,genome,CHEBI:73722,metabolome,shares_pathway,2,EW036_RS26155;map01100;CHEBI:73722,in_pathway;in_pathway,inferred,pathway-mediated (gene->pathway->metabolite),inferred
B36,sul1,sulfonamide,EW036_RS26155,genome,CHEBI:73722,metabolome,metabolite_quantified,2,,,directly_observed,metabolomics_abundance.csv,observed
B36,sul1,sulfonamide,EW036_RS26155,genome,CHEBI:18135,metabolome,shares_pathway,2,EW036_RS26155;map01100;CHEBI:18135,in_pathway;in_pathway,inferred,pathway-mediated (gene->pathway->metabolite),inferred
B36,sul1,sulfonamide,EW036_RS26155,genome,CHEBI:18135,metabolome,metabolite_quantified,2,,,directly_observed,metabolomics_abundance.csv,observed
B36,sul1,sulfonamide,EW036_RS26155,genome,CHEBI:32805,metabolome,shares_pathway,2,EW036_RS26155;map01100;CHEBI:32805,in_pathway;in_pathway,inferred,pathway-mediated (gene->pathway->metabolite),inferred
B36,sul1,sulfonamide,EW036_RS26155,genome,CHEBI:32805,metabolome,metabolite_quantified,2,,,directly_observed,metabolomics_abundance.csv,observed
B36,sul1,sulfonamide,EW036_RS26155,genome,CHEBI:15318,metabolome,shares_pathway,2,EW036_RS26155;map01100;CHEBI:15318,in_pathway;in_pathway,inferred,pathway-mediated (gene->pathway->metabolite),inferred
B36,sul1,sulfonamide,EW036_RS26155,genome,CHEBI:15318,metabolome,metabolite_quantified,2,,,directly_observed,metabolomics_abundance.csv,observed
B36,sul1,sulfonamide,EW036_RS26155,genome,CHEBI:16024,metabolome,shares_pathway,2,EW036_RS26155;map01100;CHEBI:16024,in_pathway;in_pathway,inferred,pathway-mediated (gene->pathway->metabolite),inferred
B36,sul1,sulfonamide,EW036_RS26155,genome,CHEBI:16024,metabolome,metabolite_quantified,2,,,directly_observed,metabolomics_abundance.csv,observed
B36,sul1,sulfonamide,EW036_RS26155,genome,CHEBI:37024,metabolome,shares_pathway,2,EW036_RS26155;map01100;CHEBI:37024,in_pathway;in_pathway,inferred,pathway-mediated (gene->pathway->metabolite),inferred
B36,sul1,sulfonamide,EW036_RS26155,genome,CHEBI:37024,metabolome,metabolite_quantified,2,,,directly_observed,metabolomics_abundance.csv,observed
B36,sul1,sulfonamide,EW036_RS26155,genome,CHEBI:25722,metabolome,shares_pathway,2,EW036_RS26155;map01100;CHEBI:25722,in_pathway;in_pathway,inferred,pathway-mediated (gene->pathway->metabolite),inferred
B36,sul1,sulfonamide,EW036_RS26155,genome,CHEBI:25722,metabolome,metabolite_quantified,2,,,directly_observed,metabolomics_abundance.csv,observed
B36,sul1,sulfonamide,EW036_RS26155,genome,CHEBI:17634,metabolome,shares_pathway,2,EW036_RS26155;map01100;CHEBI:17634,in_pathway;in_pathway,inferred,pathway-mediated (gene->pathway->metabolite),inferred
B36,sul1,sulfonamide,EW036_RS26155,genome,CHEBI:17634,metabolome,metabolite_quantified,2,,,directly_observed,metabolomics_abundance.csv,observed
B36,sul1,sulfonamide,EW036_RS26155,genome,CHEBI:12936,metabolome,shares_pathway,2,EW036_RS26155;map01100;CHEBI:12936,in_pathway;in_pathway,inferred,pathway-mediated (gene->pathway->metabolite),inferred
B36,sul1,sulfonamide,EW036_RS26155,genome,CHEBI:12936,metabolome,metabolite_quantified,2,,,directly_observed,metabolomics_abundance.csv,observed
B36,sul1,sulfonamide,EW036_RS26155,genome,CHEBI:78679,metabolome,shares_pathway,2,EW036_RS26155;map01100;CHEBI:78679,in_pathway;in_pathway,inferred,pathway-mediated (gene->pathway->metabolite),inferred
B36,sul1,sulfonamide,EW036_RS26155,genome,CHEBI:78679,metabolome,metabolite_quantified,2,,,directly_observed,metabolomics_abundance.csv,observed
B36,sul1,sulfonamide,EW036_RS26155,genome,CHEBI:33508,metabolome,shares_pathway,2,EW036_RS26155;map01100;CHEBI:33508,in_pathway;in_pathway,inferred,pathway-mediated (gene->pathway->metabolite),inferred
B36,sul1,sulfonamide,EW036_RS26155,genome,CHEBI:33508,metabolome,metabolite_quantified,2,,,directly_observed,metabolomics_abundance.csv,observed
B36,sul1,sulfonamide,EW036_RS26155,genome,CHEBI:30835,metabolome,shares_pathway,2,EW036_RS26155;map01100;CHEBI:30835,in_pathway;in_pathway,inferred,pathway-mediated (gene->pathway->metabolite),inferred
B36,sul1,sulfonamide,EW036_RS26155,genome,CHEBI:30835,metabolome,metabolite_quantified,2,,,directly_observed,metabolomics_abundance.csv,observed
B36,sul1,sulfonamide,EW036_RS26155,genome,CHEBI:62164,metabolome,shares_pathway,2,EW036_RS26155;map01100;CHEBI:62164,in_pathway;in_pathway,inferred,pathway-mediated (gene->pathway->metabolite),inferred
B36,sul1,sulfonamide,EW036_RS26155,genome,CHEBI:62164,metabolome,metabolite_quantified,2,,,directly_observed,metabolomics_abundance.csv,observed
B36,sul1,sulfonamide,EW036_RS26155,genome,CHEBI:616988,metabolome,shares_pathway,2,EW036_RS26155;map01100;CHEBI:616988,in_pathway;in_pathway,inferred,pathway-mediated (gene->pathway->metabolite),inferred
B36,sul1,sulfonamide,EW036_RS26155,genome,CHEBI:616988,metabolome,metabolite_quantified,2,,,directly_observed,metabolomics_abundance.csv,observed
B36,sul1,sulfonamide,EW036_RS26155,genome,CHEBI:17266,metabolome,shares_pathway,2,EW036_RS26155;map01100;CHEBI:17266,in_pathway;in_pathway,inferred,pathway-mediated (gene->pathway->metabolite),inferred
B36,sul1,sulfonamide,EW036_RS26155,genome,CHEBI:17266,metabolome,metabolite_quantified,2,,,directly_observed,metabolomics_abundance.csv,observed
B36,sul1,sulfonamide,EW036_RS26155,genome,CHEBI:16077,metabolome,shares_pathway,2,EW036_RS26155;map01100;CHEBI:16077,in_pathway;in_pathway,inferred,pathway-mediated (gene->pathway->metabolite),inferred
B36,sul1,sulfonamide,EW036_RS26155,genome,CHEBI:16077,metabolome,metabolite_quantified,2,,,directly_observed,metabolomics_abundance.csv,observed
B36,sul1,sulfonamide,EW036_RS26155,genome,CHEBI:37690,metabolome,shares_pathway,2,EW036_RS26155;map01100;CHEBI:37690,in_pathway;in_pathway,inferred,pathway-mediated (gene->pathway->metabolite),inferred
B36,sul1,sulfonamide,EW036_RS26155,genome,CHEBI:37690,metabolome,metabolite_quantified,2,,,directly_observed,metabolomics_abundance.csv,observed
B36,sul1,sulfonamide,EW036_RS26155,genome,CHEBI:28635,metabolome,shares_pathway,2,EW036_RS26155;map01100;CHEBI:28635,in_pathway;in_pathway,inferred,pathway-mediated (gene->pathway->metabolite),inferred
B36,sul1,sulfonamide,EW036_RS26155,genome,CHEBI:28635,metabolome,metabolite_quantified,2,,,directly_observed,metabolomics_abundance.csv,observed
B36,sul1,sulfonamide,EW036_RS26155,genome,CHEBI:45931,metabolome,shares_pathway,2,EW036_RS26155;map01100;CHEBI:45931,in_pathway;in_pathway,inferred,pathway-mediated (gene->pathway->metabolite),inferred
B36,sul1,sulfonamide,EW036_RS26155,genome,CHEBI:45931,metabolome,metabolite_quantified,2,,,directly_observed,metabolomics_abundance.csv,observed
B36,sul1,sulfonamide,EW036_RS26155,genome,CHEBI:29864,metabolome,shares_pathway,2,EW036_RS26155;map01100;CHEBI:29864,in_pathway;in_pathway,inferred,pathway-mediated (gene->pathway->metabolite),inferred
B36,sul1,sulfonamide,EW036_RS26155,genome,CHEBI:29864,metabolome,metabolite_quantified,2,,,directly_observed,metabolomics_abundance.csv,observed
B36,sul1,sulfonamide,EW036_RS26155,genome,CHEBI:30911,metabolome,shares_pathway,2,EW036_RS26155;map01100;CHEBI:30911,in_pathway;in_pathway,inferred,pathway-mediated (gene->pathway->metabolite),inferred
B36,sul1,sulfonamide,EW036_RS26155,genome,CHEBI:30911,metabolome,metabolite_quantified,2,,,directly_observed,metabolomics_abundance.csv,observed
B36,sul1,sulfonamide,EW036_RS26155,genome,CHEBI:16988,metabolome,shares_pathway,2,EW036_RS26155;map01100;CHEBI:16988,in_pathway;in_pathway,inferred,pathway-mediated (gene->pathway->metabolite),inferred
B36,sul1,sulfonamide,EW036_RS26155,genome,CHEBI:16988,metabolome,metabolite_quantified,2,,,directly_observed,metabolomics_abundance.csv,observed
B36,sul1,sulfonamide,EW036_RS26155,genome,CHEBI:27248,metabolome,shares_pathway,2,EW036_RS26155;map01100;CHEBI:27248,in_pathway;in_pathway,inferred,pathway-mediated (gene->pathway->metabolite),inferred
B36,sul1,sulfonamide,EW036_RS26155,genome,CHEBI:27248,metabolome,metabolite_quantified,2,,,directly_observed,metabolomics_abundance.csv,observed
B36,sul1,sulfonamide,EW036_RS26155,genome,CHEBI:65327,metabolome,shares_pathway,2,EW036_RS26155;map01100;CHEBI:65327,in_pathway;in_pathway,inferred,pathway-mediated (gene->pathway->metabolite),inferred
B36,sul1,sulfonamide,EW036_RS26155,genome,CHEBI:65327,metabolome,metabolite_quantified,2,,,directly_observed,metabolomics_abundance.csv,observed
B36,sul1,sulfonamide,EW036_RS26155,genome,CHEBI:89843,metabolome,shares_pathway,2,EW036_RS26155;map01100;CHEBI:89843,in_pathway;in_pathway,inferred,pathway-mediated (gene->pathway->metabolite),inferred
B36,sul1,sulfonamide,EW036_RS26155,genome,CHEBI:89843,metabolome,metabolite_quantified,2,,,directly_observed,metabolomics_abundance.csv,observed
B36,sul1,sulfonamide,EW036_RS26155,genome,CHEBI:741548,metabolome,shares_pathway,2,EW036_RS26155;map01100;CHEBI:741548,in_pathway;in_pathway,inferred,pathway-mediated (gene->pathway->metabolite),inferred
B36,sul1,sulfonamide,EW036_RS26155,genome,CHEBI:741548,metabolome,metabolite_quantified,2,,,directly_observed,metabolomics_abundance.csv,observed
B36,sul1,sulfonamide,EW036_RS26155,genome,EW036_RS00010,genome,graph_context,2,EW036_RS26155;map01100;EW036_RS00010,in_pathway;in_pathway,annotation_mediated,bounded_BFS (<= 4 hops),annotation_mediated
B36,sul1,sulfonamide,EW036_RS26155,genome,EW036_RS00135,genome,graph_context,2,EW036_RS26155;map01100;EW036_RS00135,in_pathway;in_pathway,annotation_mediated,bounded_BFS (<= 4 hops),annotation_mediated
B36,sul1,sulfonamide,EW036_RS26155,genome,EW036_RS00590,genome,graph_context,2,EW036_RS26155;map01100;EW036_RS00590,in_pathway;in_pathway,annotation_mediated,bounded_BFS (<= 4 hops),annotation_mediated
B36,sul1,sulfonamide,EW036_RS26155,genome,EW036_RS00705,genome,graph_context,2,EW036_RS26155;map01100;EW036_RS00705,in_pathway;in_pathway,annotation_mediated,bounded_BFS (<= 4 hops),annotation_mediated
B36,sul1,sulfonamide,EW036_RS26155,genome,EW036_RS00710,genome,graph_context,2,EW036_RS26155;map01100;EW036_RS00710,in_pathway;in_pathway,annotation_mediated,bounded_BFS (<= 4 hops),annotation_mediated
B36,sul1,sulfonamide,EW036_RS26155,genome,EW036_RS00735,genome,graph_context,2,EW036_RS26155;map01100;EW036_RS00735,in_pathway;in_pathway,annotation_mediated,bounded_BFS (<= 4 hops),annotation_mediated
B36,sul1,sulfonamide,EW036_RS26155,genome,EW036_RS00750,genome,graph_context,2,EW036_RS26155;map01100;EW036_RS00750,in_pathway;in_pathway,annotation_mediated,bounded_BFS (<= 4 hops),annotation_mediated
B36,sul1,sulfonamide,EW036_RS26155,genome,EW036_RS00775,genome,graph_context,2,EW036_RS26155;map01100;EW036_RS00775,in_pathway;in_pathway,annotation_mediated,bounded_BFS (<= 4 hops),annotation_mediated
B36,sul1,sulfonamide,EW036_RS26155,genome,EW036_RS00780,genome,graph_context,2,EW036_RS26155;map01100;EW036_RS00780,in_pathway;in_pathway,annotation_mediated,bounded_BFS (<= 4 hops),annotation_mediated
B36,sul1,sulfonamide,EW036_RS26155,genome,EW036_RS00785,genome,graph_context,2,EW036_RS26155;map01100;EW036_RS00785,in_pathway;in_pathway,annotation_mediated,bounded_BFS (<= 4 hops),annotation_mediated
B36,sul1,sulfonamide,EW036_RS26155,genome,EW036_RS00790,genome,graph_context,2,EW036_RS26155;map01100;EW036_RS00790,in_pathway;in_pathway,annotation_mediated,bounded_BFS (<= 4 hops),annotation_mediated
B36,sul1,sulfonamide,EW036_RS26155,genome,EW036_RS00795,genome,graph_context,2,EW036_RS26155;map01100;EW036_RS00795,in_pathway;in_pathway,annotation_mediated,bounded_BFS (<= 4 hops),annotation_mediated
B36,sul1,sulfonamide,EW036_RS26155,genome,EW036_RS00805,genome,graph_context,2,EW036_RS26155;map01100;EW036_RS00805,in_pathway;in_pathway,annotation_mediated,bounded_BFS (<= 4 hops),annotation_mediated
B36,sul1,sulfonamide,EW036_RS26155,genome,EW036_RS00810,genome,graph_context,2,EW036_RS26155;map01100;EW036_RS00810,in_pathway;in_pathway,annotation_mediated,bounded_BFS (<= 4 hops),annotation_mediated
B36,sul1,sulfonamide,EW036_RS26155,genome,EW036_RS00820,genome,graph_context,2,EW036_RS26155;map01100;EW036_RS00820,in_pathway;in_pathway,annotation_mediated,bounded_BFS (<= 4 hops),annotation_mediated
B36,sul1,sulfonamide,EW036_RS26155,genome,EW036_RS00830,genome,graph_context,2,EW036_RS26155;map01100;EW036_RS00830,in_pathway;in_pathway,annotation_mediated,bounded_BFS (<= 4 hops),annotation_mediated
B36,sul1,sulfonamide,EW036_RS26155,genome,EW036_RS00840,genome,graph_context,2,EW036_RS26155;map01100;EW036_RS00840,in_pathway;in_pathway,annotation_mediated,bounded_BFS (<= 4 hops),annotation_mediated
B36,sul1,sulfonamide,EW036_RS26155,genome,EW036_RS00845,genome,graph_context,2,EW036_RS26155;map01100;EW036_RS00845,in_pathway;in_pathway,annotation_mediated,bounded_BFS (<= 4 hops),annotation_mediated
B36,sul1,sulfonamide,EW036_RS26155,genome,EW036_RS00850,genome,graph_context,2,EW036_RS26155;map01100;EW036_RS00850,in_pathway;in_pathway,annotation_mediated,bounded_BFS (<= 4 hops),annotation_mediated
B36,sul1,sulfonamide,EW036_RS26155,genome,EW036_RS00855,genome,graph_context,2,EW036_RS26155;COG_H: Coenzyme transport and metabolism;EW036_RS00855,member_of_cog_category;member_of_cog_category,annotation_mediated,bounded_BFS (<= 4 hops),annotation_mediated
B36,sul1,sulfonamide,EW036_RS26155,genome,EW036_RS00880,genome,graph_context,2,EW036_RS26155;map01100;EW036_RS00880,in_pathway;in_pathway,annotation_mediated,bounded_BFS (<= 4 hops),annotation_mediated
B36,sul1,sulfonamide,EW036_RS26155,genome,EW036_RS00885,genome,graph_context,2,EW036_RS26155;map01100;EW036_RS00885,in_pathway;in_pathway,annotation_mediated,bounded_BFS (<= 4 hops),annotation_mediated
B36,sul1,sulfonamide,EW036_RS26155,genome,EW036_RS00900,genome,graph_context,2,EW036_RS26155;map01100;EW036_RS00900,in_pathway;in_pathway,annotation_mediated,bounded_BFS (<= 4 hops),annotation_mediated
B36,sul1,sulfonamide,EW036_RS26155,genome,EW036_RS00905,genome,graph_context,2,EW036_RS26155;map01100;EW036_RS00905,in_pathway;in_pathway,annotation_mediated,bounded_BFS (<= 4 hops),annotation_mediated
B36,sul1,sulfonamide,EW036_RS26155,genome,EW036_RS00915,genome,graph_context,2,EW036_RS26155;map01100;EW036_RS00915,in_pathway;in_pathway,annotation_mediated,bounded_BFS (<= 4 hops),annotation_mediated
B36,sul1,sulfonamide,EW036_RS26155,genome,EW036_RS01000,genome,graph_context,2,EW036_RS26155;map01100;EW036_RS01000,in_pathway;in_pathway,annotation_mediated,bounded_BFS (<= 4 hops),annotation_mediated
B36,sul1,sulfonamide,EW036_RS26155,genome,EW036_RS01080,genome,graph_context,2,EW036_RS26155;map01100;EW036_RS01080,in_pathway;in_pathway,annotation_mediated,bounded_BFS (<= 4 hops),annotation_mediated
B36,sul1,sulfonamide,EW036_RS26155,genome,EW036_RS01085,genome,graph_context,2,EW036_RS26155;map01100;EW036_RS01085,in_pathway;in_pathway,annotation_mediated,bounded_BFS (<= 4 hops),annotation_mediated
B36,sul1,sulfonamide,EW036_RS26155,genome,EW036_RS01120,genome,graph_context,2,EW036_RS26155;map01100;EW036_RS01120,in_pathway;in_pathway,annotation_mediated,bounded_BFS (<= 4 hops),annotation_mediated
B36,sul1,sulfonamide,EW036_RS26155,genome,EW036_RS01175,genome,graph_context,2,EW036_RS26155;map01100;EW036_RS01175,in_pathway;in_pathway,annotation_mediated,bounded_BFS (<= 4 hops),annotation_mediated
B36,sul1,sulfonamide,EW036_RS26155,genome,EW036_RS01185,genome,graph_context,2,EW036_RS26155;map01100;EW036_RS01185,in_pathway;in_pathway,annotation_mediated,bounded_BFS (<= 4 hops),annotation_mediated
B36,sul1,sulfonamide,EW036_RS26155,genome,EW036_RS01310,genome,graph_context,2,EW036_RS26155;map01100;EW036_RS01310,in_pathway;in_pathway,annotation_mediated,bounded_BFS (<= 4 hops),annotation_mediated
B36,sul1,sulfonamide,EW036_RS26155,genome,EW036_RS01340,genome,graph_context,2,EW036_RS26155;map01100;EW036_RS01340,in_pathway;in_pathway,annotation_mediated,bounded_BFS (<= 4 hops),annotation_mediated
B36,sul1,sulfonamide,EW036_RS26155,genome,EW036_RS01375,genome,graph_context,2,EW036_RS26155;map01100;EW036_RS01375,in_pathway;in_pathway,annotation_mediated,bounded_BFS (<= 4 hops),annotation_mediated
B36,sul1,sulfonamide,EW036_RS26155,genome,EW036_RS01385,genome,graph_context,2,EW036_RS26155;map01100;EW036_RS01385,in_pathway;in_pathway,annotation_mediated,bounded_BFS (<= 4 hops),annotation_mediated
B36,sul1,sulfonamide,EW036_RS26155,genome,EW036_RS01605,genome,graph_context,2,EW036_RS26155;map01100;EW036_RS01605,in_pathway;in_pathway,annotation_mediated,bounded_BFS (<= 4 hops),annotation_mediated
B36,sul1,sulfonamide,EW036_RS26155,genome,EW036_RS01610,genome,graph_context,2,EW036_RS26155;map01100;EW036_RS01610,in_pathway;in_pathway,annotation_mediated,bounded_BFS (<= 4 hops),annotation_mediated
B36,sul1,sulfonamide,EW036_RS26155,genome,EW036_RS01650,genome,graph_context,2,EW036_RS26155;COG_H: Coenzyme transport and metabolism;EW036_RS01650,member_of_cog_category;member_of_cog_category,annotation_mediated,bounded_BFS (<= 4 hops),annotation_mediated
B36,sul1,sulfonamide,EW036_RS26155,genome,EW036_RS01800,genome,graph_context,2,EW036_RS26155;map01100;EW036_RS01800,in_pathway;in_pathway,annotation_mediated,bounded_BFS (<= 4 hops),annotation_mediated
B36,sul1,sulfonamide,EW036_RS26155,genome,EW036_RS01825,genome,graph_context,2,EW036_RS26155;map01100;EW036_RS01825,in_pathway;in_pathway,annotation_mediated,bounded_BFS (<= 4 hops),annotation_mediated
B36,sul1,sulfonamide,EW036_RS26155,genome,EW036_RS01850,genome,graph_context,2,EW036_RS26155;map01100;EW036_RS01850,in_pathway;in_pathway,annotation_mediated,bounded_BFS (<= 4 hops),annotation_mediated
B36,sul1,sulfonamide,EW036_RS26155,genome,EW036_RS01855,genome,graph_context,2,EW036_RS26155;map01100;EW036_RS01855,in_pathway;in_pathway,annotation_mediated,bounded_BFS (<= 4 hops),annotation_mediated
B36,sul1,sulfonamide,EW036_RS26155,genome,EW036_RS01860,genome,graph_context,2,EW036_RS26155;map01100;EW036_RS01860,in_pathway;in_pathway,annotation_mediated,bounded_BFS (<= 4 hops),annotation_mediated
B36,sul1,sulfonamide,EW036_RS26155,genome,EW036_RS01865,genome,graph_context,2,EW036_RS26155;map01100;EW036_RS01865,in_pathway;in_pathway,annotation_mediated,bounded_BFS (<= 4 hops),annotation_mediated
B36,sul1,sulfonamide,EW036_RS26155,genome,EW036_RS01870,genome,graph_context,2,EW036_RS26155;map01100;EW036_RS01870,in_pathway;in_pathway,annotation_mediated,bounded_BFS (<= 4 hops),annotation_mediated
B36,sul1,sulfonamide,EW036_RS26155,genome,EW036_RS01875,genome,graph_context,2,EW036_RS26155;map01100;EW036_RS01875,in_pathway;in_pathway,annotation_mediated,bounded_BFS (<= 4 hops),annotation_mediated
B36,sul1,sulfonamide,EW036_RS26155,genome,EW036_RS01930,genome,graph_context,2,EW036_RS26155;map01100;EW036_RS01930,in_pathway;in_pathway,annotation_mediated,bounded_BFS (<= 4 hops),annotation_mediated
B36,sul1,sulfonamide,EW036_RS26155,genome,EW036_RS01935,genome,graph_context,2,EW036_RS26155;map01100;EW036_RS01935,in_pathway;in_pathway,annotation_mediated,bounded_BFS (<= 4 hops),annotation_mediated
B36,sul1,sulfonamide,EW036_RS26155,genome,EW036_RS01955,genome,graph_context,2,EW036_RS26155;map01100;EW036_RS01955,in_pathway;in_pathway,annotation_mediated,bounded_BFS (<= 4 hops),annotation_mediated
B36,sul1,sulfonamide,EW036_RS26155,genome,EW036_RS02000,genome,graph_context,2,EW036_RS26155;map01100;EW036_RS02000,in_pathway;in_pathway,annotation_mediated,bounded_BFS (<= 4 hops),annotation_mediated
B36,sul1,sulfonamide,EW036_RS26155,genome,EW036_RS02045,genome,graph_context,2,EW036_RS26155;map01100;EW036_RS02045,in_pathway;in_pathway,annotation_mediated,bounded_BFS (<= 4 hops),annotation_mediated
B36,sul1,sulfonamide,EW036_RS26155,genome,EW036_RS02075,genome,graph_context,2,EW036_RS26155;map01100;EW036_RS02075,in_pathway;in_pathway,annotation_mediated,bounded_BFS (<= 4 hops),annotation_mediated
B36,sul1,sulfonamide,EW036_RS26155,genome,EW036_RS02080,genome,graph_context,2,EW036_RS26155;map01100;EW036_RS02080,in_pathway;in_pathway,annotation_mediated,bounded_BFS (<= 4 hops),annotation_mediated
B36,sul1,sulfonamide,EW036_RS26155,genome,EW036_RS02095,genome,graph_context,2,EW036_RS26155;map01100;EW036_RS02095,in_pathway;in_pathway,annotation_mediated,bounded_BFS (<= 4 hops),annotation_mediated
B36,sul1,sulfonamide,EW036_RS26155,genome,EW036_RS02100,genome,graph_context,2,EW036_RS26155;map01100;EW036_RS02100,in_pathway;in_pathway,annotation_mediated,bounded_BFS (<= 4 hops),annotation_mediated
B36,sul1,sulfonamide,EW036_RS26155,genome,EW036_RS02160,genome,graph_context,2,EW036_RS26155;map01100;EW036_RS02160,in_pathway;in_pathway,annotation_mediated,bounded_BFS (<= 4 hops),annotation_mediated
B36,sul1,sulfonamide,EW036_RS26155,genome,EW036_RS02200,genome,graph_context,2,EW036_RS26155;map01100;EW036_RS02200,in_pathway;in_pathway,annotation_mediated,bounded_BFS (<= 4 hops),annotation_mediated
B36,sul1,sulfonamide,EW036_RS26155,genome,EW036_RS02205,genome,graph_context,2,EW036_RS26155;map01100;EW036_RS02205,in_pathway;in_pathway,annotation_mediated,bounded_BFS (<= 4 hops),annotation_mediated
B36,sul1,sulfonamide,EW036_RS26155,genome,EW036_RS02225,genome,graph_context,2,EW036_RS26155;map01100;EW036_RS02225,in_pathway;in_pathway,annotation_mediated,bounded_BFS (<= 4 hops),annotation_mediated
B36,sul1,sulfonamide,EW036_RS26155,genome,EW036_RS02315,genome,graph_context,2,EW036_RS26155;map01100;EW036_RS02315,in_pathway;in_pathway,annotation_mediated,bounded_BFS (<= 4 hops),annotation_mediated
B36,sul1,sulfonamide,EW036_RS26155,genome,EW036_RS02530,genome,graph_context,2,EW036_RS26155;map01100;EW036_RS02530,in_pathway;in_pathway,annotation_mediated,bounded_BFS (<= 4 hops),annotation_mediated
B36,sul1,sulfonamide,EW036_RS26155,genome,EW036_RS02600,genome,graph_context,2,EW036_RS26155;map01100;EW036_RS02600,in_pathway;in_pathway,annotation_mediated,bounded_BFS (<= 4 hops),annotation_mediated
B36,sul1,sulfonamide,EW036_RS26155,genome,EW036_RS02765,genome,graph_context,2,EW036_RS26155;map01100;EW036_RS02765,in_pathway;in_pathway,annotation_mediated,bounded_BFS (<= 4 hops),annotation_mediated
B36,sul1,sulfonamide,EW036_RS26155,genome,EW036_RS02770,genome,graph_context,2,EW036_RS26155;map01100;EW036_RS02770,in_pathway;in_pathway,annotation_mediated,bounded_BFS (<= 4 hops),annotation_mediated
B36,sul1,sulfonamide,EW036_RS26155,genome,EW036_RS02775,genome,graph_context,2,EW036_RS26155;map01100;EW036_RS02775,in_pathway;in_pathway,annotation_mediated,bounded_BFS (<= 4 hops),annotation_mediated
B36,sul1,sulfonamide,EW036_RS26155,genome,EW036_RS02860,genome,graph_context,2,EW036_RS26155;map01100;EW036_RS02860,in_pathway;in_pathway,annotation_mediated,bounded_BFS (<= 4 hops),annotation_mediated
B36,sul1,sulfonamide,EW036_RS26155,genome,EW036_RS02910,genome,graph_context,2,EW036_RS26155;map01100;EW036_RS02910,in_pathway;in_pathway,annotation_mediated,bounded_BFS (<= 4 hops),annotation_mediated
B36,sul1,sulfonamide,EW036_RS26155,genome,EW036_RS02920,genome,graph_context,2,EW036_RS26155;map01100;EW036_RS02920,in_pathway;in_pathway,annotation_mediated,bounded_BFS (<= 4 hops),annotation_mediated
B36,sul1,sulfonamide,EW036_RS26155,genome,EW036_RS02925,genome,graph_context,2,EW036_RS26155;map01100;EW036_RS02925,in_pathway;in_pathway,annotation_mediated,bounded_BFS (<= 4 hops),annotation_mediated
B36,sul1,sulfonamide,EW036_RS26155,genome,EW036_RS02935,genome,graph_context,2,EW036_RS26155;map01100;EW036_RS02935,in_pathway;in_pathway,annotation_mediated,bounded_BFS (<= 4 hops),annotation_mediated
B36,sul1,sulfonamide,EW036_RS26155,genome,EW036_RS02940,genome,graph_context,2,EW036_RS26155;map01100;EW036_RS02940,in_pathway;in_pathway,annotation_mediated,bounded_BFS (<= 4 hops),annotation_mediated
B36,sul1,sulfonamide,EW036_RS26155,genome,EW036_RS03010,genome,graph_context,2,EW036_RS26155;map01100;EW036_RS03010,in_pathway;in_pathway,annotation_mediated,bounded_BFS (<= 4 hops),annotation_mediated
B36,sul1,sulfonamide,EW036_RS26155,genome,EW036_RS03015,genome,graph_context,2,EW036_RS26155;map01100;EW036_RS03015,in_pathway;in_pathway,annotation_mediated,bounded_BFS (<= 4 hops),annotation_mediated
B36,sul1,sulfonamide,EW036_RS26155,genome,EW036_RS03055,genome,graph_context,2,EW036_RS26155;map01100;EW036_RS03055,in_pathway;in_pathway,annotation_mediated,bounded_BFS (<= 4 hops),annotation_mediated
B36,sul1,sulfonamide,EW036_RS26155,genome,EW036_RS03065,genome,graph_context,2,EW036_RS26155;COG_H: Coenzyme transport and metabolism;EW036_RS03065,member_of_cog_category;member_of_cog_category,annotation_mediated,bounded_BFS (<= 4 hops),annotation_mediated
B36,sul1,sulfonamide,EW036_RS26155,genome,EW036_RS03115,genome,graph_context,2,EW036_RS26155;map01100;EW036_RS03115,in_pathway;in_pathway,annotation_mediated,bounded_BFS (<= 4 hops),annotation_mediated
B36,sul1,sulfonamide,EW036_RS26155,genome,EW036_RS03120,genome,graph_context,2,EW036_RS26155;map01100;EW036_RS03120,in_pathway;in_pathway,annotation_mediated,bounded_BFS (<= 4 hops),annotation_mediated
B36,sul1,sulfonamide,EW036_RS26155,genome,EW036_RS03140,genome,graph_context,2,EW036_RS26155;map01100;EW036_RS03140,in_pathway;in_pathway,annotation_mediated,bounded_BFS (<= 4 hops),annotation_mediated
B36,sul1,sulfonamide,EW036_RS26155,genome,EW036_RS03260,genome,graph_context,2,EW036_RS26155;map01100;EW036_RS03260,in_pathway;in_pathway,annotation_mediated,bounded_BFS (<= 4 hops),annotation_mediated
B36,sul1,sulfonamide,EW036_RS26155,genome,EW036_RS03330,genome,graph_context,2,EW036_RS26155;map01100;EW036_RS03330,in_pathway;in_pathway,annotation_mediated,bounded_BFS (<= 4 hops),annotation_mediated
B36,sul1,sulfonamide,EW036_RS26155,genome,EW036_RS03370,genome,graph_context,2,EW036_RS26155;map01100;EW036_RS03370,in_pathway;in_pathway,annotation_mediated,bounded_BFS (<= 4 hops),annotation_mediated
B36,sul1,sulfonamide,EW036_RS26155,genome,EW036_RS03395,genome,graph_context,2,EW036_RS26155;map01100;EW036_RS03395,in_pathway;in_pathway,annotation_mediated,bounded_BFS (<= 4 hops),annotation_mediated
B36,sul1,sulfonamide,EW036_RS26155,genome,EW036_RS03405,genome,graph_context,2,EW036_RS26155;map01100;EW036_RS03405,in_pathway;in_pathway,annotation_mediated,bounded_BFS (<= 4 hops),annotation_mediated
B36,sul1,sulfonamide,EW036_RS26155,genome,EW036_RS03410,genome,graph_context,2,EW036_RS26155;map01100;EW036_RS03410,in_pathway;in_pathway,annotation_mediated,bounded_BFS (<= 4 hops),annotation_mediated
B36,sul1,sulfonamide,EW036_RS26155,genome,EW036_RS03420,genome,graph_context,2,EW036_RS26155;map01100;EW036_RS03420,in_pathway;in_pathway,annotation_mediated,bounded_BFS (<= 4 hops),annotation_mediated
B36,sul1,sulfonamide,EW036_RS26155,genome,EW036_RS03515,genome,graph_context,2,EW036_RS26155;map01100;EW036_RS03515,in_pathway;in_pathway,annotation_mediated,bounded_BFS (<= 4 hops),annotation_mediated
B36,sul1,sulfonamide,EW036_RS26155,genome,EW036_RS03520,genome,graph_context,2,EW036_RS26155;map01100;EW036_RS03520,in_pathway;in_pathway,annotation_mediated,bounded_BFS (<= 4 hops),annotation_mediated
B36,sul1,sulfonamide,EW036_RS26155,genome,EW036_RS03715,genome,graph_context,2,EW036_RS26155;COG_H: Coenzyme transport and metabolism;EW036_RS03715,member_of_cog_category;member_of_cog_category,annotation_mediated,bounded_BFS (<= 4 hops),annotation_mediated
B36,sul1,sulfonamide,EW036_RS26155,genome,EW036_RS03720,genome,graph_context,2,EW036_RS26155;map01100;EW036_RS03720,in_pathway;in_pathway,annotation_mediated,bounded_BFS (<= 4 hops),annotation_mediated
B36,sul1,sulfonamide,EW036_RS26155,genome,EW036_RS03750,genome,graph_context,2,EW036_RS26155;map01100;EW036_RS03750,in_pathway;in_pathway,annotation_mediated,bounded_BFS (<= 4 hops),annotation_mediated
B36,sul1,sulfonamide,EW036_RS26155,genome,EW036_RS03815,genome,graph_context,2,EW036_RS26155;map01100;EW036_RS03815,in_pathway;in_pathway,annotation_mediated,bounded_BFS (<= 4 hops),annotation_mediated
B36,sul1,sulfonamide,EW036_RS26155,genome,EW036_RS03920,genome,graph_context,2,EW036_RS26155;map01100;EW036_RS03920,in_pathway;in_pathway,annotation_mediated,bounded_BFS (<= 4 hops),annotation_mediated
B36,sul1,sulfonamide,EW036_RS26155,genome,EW036_RS04000,genome,graph_context,2,EW036_RS26155;map01100;EW036_RS04000,in_pathway;in_pathway,annotation_mediated,bounded_BFS (<= 4 hops),annotation_mediated
B36,sul1,sulfonamide,EW036_RS26155,genome,EW036_RS04030,genome,graph_context,2,EW036_RS26155;map01100;EW036_RS04030,in_pathway;in_pathway,annotation_mediated,bounded_BFS (<= 4 hops),annotation_mediated
B36,sul1,sulfonamide,EW036_RS26155,genome,EW036_RS04085,genome,graph_context,2,EW036_RS26155;map01100;EW036_RS04085,in_pathway;in_pathway,annotation_mediated,bounded_BFS (<= 4 hops),annotation_mediated
B36,sul1,sulfonamide,EW036_RS26155,genome,EW036_RS04170,genome,graph_context,2,EW036_RS26155;map01100;EW036_RS04170,in_pathway;in_pathway,annotation_mediated,bounded_BFS (<= 4 hops),annotation_mediated
B36,sul1,sulfonamide,EW036_RS26155,genome,EW036_RS04175,genome,graph_context,2,EW036_RS26155;map01100;EW036_RS04175,in_pathway;in_pathway,annotation_mediated,bounded_BFS (<= 4 hops),annotation_mediated
B36,sul1,sulfonamide,EW036_RS26155,genome,EW036_RS04185,genome,graph_context,2,EW036_RS26155;map01100;EW036_RS04185,in_pathway;in_pathway,annotation_mediated,bounded_BFS (<= 4 hops),annotation_mediated
B36,sul1,sulfonamide,EW036_RS26155,genome,EW036_RS04285,genome,graph_context,2,EW036_RS26155;map01100;EW036_RS04285,in_pathway;in_pathway,annotation_mediated,bounded_BFS (<= 4 hops),annotation_mediated
B36,sul1,sulfonamide,EW036_RS26155,genome,EW036_RS04305,genome,graph_context,2,EW036_RS26155;map01100;EW036_RS04305,in_pathway;in_pathway,annotation_mediated,bounded_BFS (<= 4 hops),annotation_mediated
B36,sul1,sulfonamide,EW036_RS26155,genome,EW036_RS04320,genome,graph_context,2,EW036_RS26155;map01100;EW036_RS04320,in_pathway;in_pathway,annotation_mediated,bounded_BFS (<= 4 hops),annotation_mediated
B36,sul1,sulfonamide,EW036_RS26155,genome,EW036_RS04820,genome,graph_context,2,EW036_RS26155;map01100;EW036_RS04820,in_pathway;in_pathway,annotation_mediated,bounded_BFS (<= 4 hops),annotation_mediated
B36,sul1,sulfonamide,EW036_RS26155,genome,EW036_RS04860,genome,graph_context,2,EW036_RS26155;map01100;EW036_RS04860,in_pathway;in_pathway,annotation_mediated,bounded_BFS (<= 4 hops),annotation_mediated
B36,sul1,sulfonamide,EW036_RS26155,genome,EW036_RS04885,genome,graph_context,2,EW036_RS26155;COG_H: Coenzyme transport and metabolism;EW036_RS04885,member_of_cog_category;member_of_cog_category,annotation_mediated,bounded_BFS (<= 4 hops),annotation_mediated
B36,sul1,sulfonamide,EW036_RS26155,genome,EW036_RS04925,genome,graph_context,2,EW036_RS26155;map01100;EW036_RS04925,in_pathway;in_pathway,annotation_mediated,bounded_BFS (<= 4 hops),annotation_mediated
B36,sul1,sulfonamide,EW036_RS26155,genome,EW036_RS04950,genome,graph_context,2,EW036_RS26155;map01100;EW036_RS04950,in_pathway;in_pathway,annotation_mediated,bounded_BFS (<= 4 hops),annotation_mediated
B36,sul1,sulfonamide,EW036_RS26155,genome,EW036_RS04970,genome,graph_context,2,EW036_RS26155;map01100;EW036_RS04970,in_pathway;in_pathway,annotation_mediated,bounded_BFS (<= 4 hops),annotation_mediated
B36,sul1,sulfonamide,EW036_RS26155,genome,EW036_RS04980,genome,graph_context,2,EW036_RS26155;map01100;EW036_RS04980,in_pathway;in_pathway,annotation_mediated,bounded_BFS (<= 4 hops),annotation_mediated
B36,sul1,sulfonamide,EW036_RS26155,genome,EW036_RS04990,genome,graph_context,2,EW036_RS26155;map01100;EW036_RS04990,in_pathway;in_pathway,annotation_mediated,bounded_BFS (<= 4 hops),annotation_mediated
B36,sul1,sulfonamide,EW036_RS26155,genome,EW036_RS05060,genome,graph_context,2,EW036_RS26155;map01100;EW036_RS05060,in_pathway;in_pathway,annotation_mediated,bounded_BFS (<= 4 hops),annotation_mediated
B36,sul1,sulfonamide,EW036_RS26155,genome,EW036_RS05065,genome,graph_context,2,EW036_RS26155;map01100;EW036_RS05065,in_pathway;in_pathway,annotation_mediated,bounded_BFS (<= 4 hops),annotation_mediated
B36,sul1,sulfonamide,EW036_RS26155,genome,EW036_RS05070,genome,graph_context,2,EW036_RS26155;map01100;EW036_RS05070,in_pathway;in_pathway,annotation_mediated,bounded_BFS (<= 4 hops),annotation_mediated
B36,sul1,sulfonamide,EW036_RS26155,genome,EW036_RS05115,genome,graph_context,2,EW036_RS26155;map01100;EW036_RS05115,in_pathway;in_pathway,annotation_mediated,bounded_BFS (<= 4 hops),annotation_mediated
B36,sul1,sulfonamide,EW036_RS26155,genome,EW036_RS05120,genome,graph_context,2,EW036_RS26155;map01100;EW036_RS05120,in_pathway;in_pathway,annotation_mediated,bounded_BFS (<= 4 hops),annotation_mediated
B36,sul1,sulfonamide,EW036_RS26155,genome,EW036_RS05130,genome,graph_context,2,EW036_RS26155;map01100;EW036_RS05130,in_pathway;in_pathway,annotation_mediated,bounded_BFS (<= 4 hops),annotation_mediated
B36,sul1,sulfonamide,EW036_RS26155,genome,EW036_RS05155,genome,graph_context,2,EW036_RS26155;map01100;EW036_RS05155,in_pathway;in_pathway,annotation_mediated,bounded_BFS (<= 4 hops),annotation_mediated
B36,sul1,sulfonamide,EW036_RS26155,genome,EW036_RS05160,genome,graph_context,2,EW036_RS26155;map01100;EW036_RS05160,in_pathway;in_pathway,annotation_mediated,bounded_BFS (<= 4 hops),annotation_mediated
B36,sul1,sulfonamide,EW036_RS26155,genome,EW036_RS05170,genome,graph_context,2,EW036_RS26155;map01100;EW036_RS05170,in_pathway;in_pathway,annotation_mediated,bounded_BFS (<= 4 hops),annotation_mediated
B36,sul1,sulfonamide,EW036_RS26155,genome,EW036_RS05175,genome,graph_context,2,EW036_RS26155;map01100;EW036_RS05175,in_pathway;in_pathway,annotation_mediated,bounded_BFS (<= 4 hops),annotation_mediated
B36,sul1,sulfonamide,EW036_RS26155,genome,EW036_RS05180,genome,graph_context,2,EW036_RS26155;map01100;EW036_RS05180,in_pathway;in_pathway,annotation_mediated,bounded_BFS (<= 4 hops),annotation_mediated
B36,sul1,sulfonamide,EW036_RS26155,genome,EW036_RS05245,genome,graph_context,2,EW036_RS26155;map01100;EW036_RS05245,in_pathway;in_pathway,annotation_mediated,bounded_BFS (<= 4 hops),annotation_mediated
B36,sul1,sulfonamide,EW036_RS26155,genome,EW036_RS05325,genome,graph_context,2,EW036_RS26155;map01100;EW036_RS05325,in_pathway;in_pathway,annotation_mediated,bounded_BFS (<= 4 hops),annotation_mediated
B36,sul1,sulfonamide,EW036_RS26155,genome,EW036_RS05335,genome,graph_context,2,EW036_RS26155;map01100;EW036_RS05335,in_pathway;in_pathway,annotation_mediated,bounded_BFS (<= 4 hops),annotation_mediated
B36,sul1,sulfonamide,EW036_RS26155,genome,EW036_RS05415,genome,graph_context,2,EW036_RS26155;map01100;EW036_RS05415,in_pathway;in_pathway,annotation_mediated,bounded_BFS (<= 4 hops),annotation_mediated
B36,sul1,sulfonamide,EW036_RS26155,genome,EW036_RS05475,genome,graph_context,2,EW036_RS26155;map01100;EW036_RS05475,in_pathway;in_pathway,annotation_mediated,bounded_BFS (<= 4 hops),annotation_mediated
B36,sul1,sulfonamide,EW036_RS26155,genome,EW036_RS05740,genome,graph_context,2,EW036_RS26155;map01100;EW036_RS05740,in_pathway;in_pathway,annotation_mediated,bounded_BFS (<= 4 hops),annotation_mediated
B36,sul1,sulfonamide,EW036_RS26155,genome,EW036_RS05770,genome,graph_context,2,EW036_RS26155;map01100;EW036_RS05770,in_pathway;in_pathway,annotation_mediated,bounded_BFS (<= 4 hops),annotation_mediated
B36,sul1,sulfonamide,EW036_RS26155,genome,EW036_RS05805,genome,graph_context,2,EW036_RS26155;map01100;EW036_RS05805,in_pathway;in_pathway,annotation_mediated,bounded_BFS (<= 4 hops),annotation_mediated
B36,sul1,sulfonamide,EW036_RS26155,genome,EW036_RS05815,genome,graph_context,2,EW036_RS26155;map01100;EW036_RS05815,in_pathway;in_pathway,annotation_mediated,bounded_BFS (<= 4 hops),annotation_mediated
B36,sul1,sulfonamide,EW036_RS26155,genome,EW036_RS05820,genome,graph_context,2,EW036_RS26155;map01100;EW036_RS05820,in_pathway;in_pathway,annotation_mediated,bounded_BFS (<= 4 hops),annotation_mediated
B36,sul1,sulfonamide,EW036_RS26155,genome,EW036_RS05850,genome,graph_context,2,EW036_RS26155;map01100;EW036_RS05850,in_pathway;in_pathway,annotation_mediated,bounded_BFS (<= 4 hops),annotation_mediated
B36,sul1,sulfonamide,EW036_RS26155,genome,EW036_RS05855,genome,graph_context,2,EW036_RS26155;map01100;EW036_RS05855,in_pathway;in_pathway,annotation_mediated,bounded_BFS (<= 4 hops),annotation_mediated
B36,sul1,sulfonamide,EW036_RS26155,genome,EW036_RS05875,genome,graph_context,2,EW036_RS26155;map01100;EW036_RS05875,in_pathway;in_pathway,annotation_mediated,bounded_BFS (<= 4 hops),annotation_mediated
B36,sul1,sulfonamide,EW036_RS26155,genome,EW036_RS05880,genome,graph_context,2,EW036_RS26155;map01100;EW036_RS05880,in_pathway;in_pathway,annotation_mediated,bounded_BFS (<= 4 hops),annotation_mediated
B36,sul1,sulfonamide,EW036_RS26155,genome,EW036_RS05885,genome,graph_context,2,EW036_RS26155;map01100;EW036_RS05885,in_pathway;in_pathway,annotation_mediated,bounded_BFS (<= 4 hops),annotation_mediated
B36,sul1,sulfonamide,EW036_RS26155,genome,EW036_RS05900,genome,graph_context,2,EW036_RS26155;map01100;EW036_RS05900,in_pathway;in_pathway,annotation_mediated,bounded_BFS (<= 4 hops),annotation_mediated
B36,sul1,sulfonamide,EW036_RS26155,genome,EW036_RS05985,genome,graph_context,2,EW036_RS26155;map01100;EW036_RS05985,in_pathway;in_pathway,annotation_mediated,bounded_BFS (<= 4 hops),annotation_mediated
B36,sul1,sulfonamide,EW036_RS26155,genome,EW036_RS05990,genome,graph_context,2,EW036_RS26155;map01100;EW036_RS05990,in_pathway;in_pathway,annotation_mediated,bounded_BFS (<= 4 hops),annotation_mediated
B36,sul1,sulfonamide,EW036_RS26155,genome,EW036_RS05995,genome,graph_context,2,EW036_RS26155;map01100;EW036_RS05995,in_pathway;in_pathway,annotation_mediated,bounded_BFS (<= 4 hops),annotation_mediated
B36,sul1,sulfonamide,EW036_RS26155,genome,EW036_RS06015,genome,graph_context,2,EW036_RS26155;map01100;EW036_RS06015,in_pathway;in_pathway,annotation_mediated,bounded_BFS (<= 4 hops),annotation_mediated
B36,sul1,sulfonamide,EW036_RS26155,genome,EW036_RS06020,genome,graph_context,2,EW036_RS26155;map01100;EW036_RS06020,in_pathway;in_pathway,annotation_mediated,bounded_BFS (<= 4 hops),annotation_mediated
B36,sul1,sulfonamide,EW036_RS26155,genome,EW036_RS06040,genome,graph_context,2,EW036_RS26155;map01100;EW036_RS06040,in_pathway;in_pathway,annotation_mediated,bounded_BFS (<= 4 hops),annotation_mediated
B36,sul1,sulfonamide,EW036_RS26155,genome,EW036_RS06045,genome,graph_context,2,EW036_RS26155;map01100;EW036_RS06045,in_pathway;in_pathway,annotation_mediated,bounded_BFS (<= 4 hops),annotation_mediated
B36,sul1,sulfonamide,EW036_RS26155,genome,EW036_RS06055,genome,graph_context,2,EW036_RS26155;map01100;EW036_RS06055,in_pathway;in_pathway,annotation_mediated,bounded_BFS (<= 4 hops),annotation_mediated
B36,sul1,sulfonamide,EW036_RS26155,genome,EW036_RS06090,genome,graph_context,2,EW036_RS26155;map01100;EW036_RS06090,in_pathway;in_pathway,annotation_mediated,bounded_BFS (<= 4 hops),annotation_mediated
B36,sul1,sulfonamide,EW036_RS26155,genome,EW036_RS06365,genome,graph_context,2,EW036_RS26155;map01100;EW036_RS06365,in_pathway;in_pathway,annotation_mediated,bounded_BFS (<= 4 hops),annotation_mediated
B36,sul1,sulfonamide,EW036_RS26155,genome,EW036_RS06370,genome,graph_context,2,EW036_RS26155;map01100;EW036_RS06370,in_pathway;in_pathway,annotation_mediated,bounded_BFS (<= 4 hops),annotation_mediated
B36,sul1,sulfonamide,EW036_RS26155,genome,EW036_RS06505,genome,graph_context,2,EW036_RS26155;map01100;EW036_RS06505,in_pathway;in_pathway,annotation_mediated,bounded_BFS (<= 4 hops),annotation_mediated
B36,sul1,sulfonamide,EW036_RS26155,genome,EW036_RS06510,genome,graph_context,2,EW036_RS26155;map01100;EW036_RS06510,in_pathway;in_pathway,annotation_mediated,bounded_BFS (<= 4 hops),annotation_mediated
B36,sul1,sulfonamide,EW036_RS26155,genome,EW036_RS06560,genome,graph_context,2,EW036_RS26155;map01100;EW036_RS06560,in_pathway;in_pathway,annotation_mediated,bounded_BFS (<= 4 hops),annotation_mediated
B36,sul1,sulfonamide,EW036_RS26155,genome,EW036_RS06635,genome,graph_context,2,EW036_RS26155;map01100;EW036_RS06635,in_pathway;in_pathway,annotation_mediated,bounded_BFS (<= 4 hops),annotation_mediated
B36,sul1,sulfonamide,EW036_RS26155,genome,EW036_RS06640,genome,graph_context,2,EW036_RS26155;map01100;EW036_RS06640,in_pathway;in_pathway,annotation_mediated,bounded_BFS (<= 4 hops),annotation_mediated
B36,sul1,sulfonamide,EW036_RS26155,genome,EW036_RS06705,genome,graph_context,2,EW036_RS26155;map01100;EW036_RS06705,in_pathway;in_pathway,annotation_mediated,bounded_BFS (<= 4 hops),annotation_mediated
B36,sul1,sulfonamide,EW036_RS26155,genome,EW036_RS06815,genome,graph_context,2,EW036_RS26155;map01100;EW036_RS06815,in_pathway;in_pathway,annotation_mediated,bounded_BFS (<= 4 hops),annotation_mediated
B36,sul1,sulfonamide,EW036_RS26155,genome,EW036_RS06855,genome,graph_context,2,EW036_RS26155;map01100;EW036_RS06855,in_pathway;in_pathway,annotation_mediated,bounded_BFS (<= 4 hops),annotation_mediated
B36,sul1,sulfonamide,EW036_RS26155,genome,EW036_RS06885,genome,graph_context,2,EW036_RS26155;map01100;EW036_RS06885,in_pathway;in_pathway,annotation_mediated,bounded_BFS (<= 4 hops),annotation_mediated
B36,sul1,sulfonamide,EW036_RS26155,genome,EW036_RS06920,genome,graph_context,2,EW036_RS26155;map01100;EW036_RS06920,in_pathway;in_pathway,annotation_mediated,bounded_BFS (<= 4 hops),annotation_mediated
B36,sul1,sulfonamide,EW036_RS26155,genome,EW036_RS06945,genome,graph_context,2,EW036_RS26155;map01100;EW036_RS06945,in_pathway;in_pathway,annotation_mediated,bounded_BFS (<= 4 hops),annotation_mediated
B36,sul1,sulfonamide,EW036_RS26155,genome,EW036_RS06960,genome,graph_context,2,EW036_RS26155;map01100;EW036_RS06960,in_pathway;in_pathway,annotation_mediated,bounded_BFS (<= 4 hops),annotation_mediated
B36,sul1,sulfonamide,EW036_RS26155,genome,EW036_RS06995,genome,graph_context,2,EW036_RS26155;map01100;EW036_RS06995,in_pathway;in_pathway,annotation_mediated,bounded_BFS (<= 4 hops),annotation_mediated
B36,sul1,sulfonamide,EW036_RS26155,genome,EW036_RS07005,genome,graph_context,2,EW036_RS26155;map01100;EW036_RS07005,in_pathway;in_pathway,annotation_mediated,bounded_BFS (<= 4 hops),annotation_mediated
B36,sul1,sulfonamide,EW036_RS26155,genome,EW036_RS07020,genome,graph_context,2,EW036_RS26155;map01100;EW036_RS07020,in_pathway;in_pathway,annotation_mediated,bounded_BFS (<= 4 hops),annotation_mediated
B36,sul1,sulfonamide,EW036_RS26155,genome,EW036_RS07035,genome,graph_context,2,EW036_RS26155;map01100;EW036_RS07035,in_pathway;in_pathway,annotation_mediated,bounded_BFS (<= 4 hops),annotation_mediated
B36,sul1,sulfonamide,EW036_RS26155,genome,EW036_RS07085,genome,graph_context,2,EW036_RS26155;map01100;EW036_RS07085,in_pathway;in_pathway,annotation_mediated,bounded_BFS (<= 4 hops),annotation_mediated
B36,sul1,sulfonamide,EW036_RS26155,genome,EW036_RS07090,genome,graph_context,2,EW036_RS26155;map01100;EW036_RS07090,in_pathway;in_pathway,annotation_mediated,bounded_BFS (<= 4 hops),annotation_mediated
B36,sul1,sulfonamide,EW036_RS26155,genome,EW036_RS07115,genome,graph_context,2,EW036_RS26155;map01100;EW036_RS07115,in_pathway;in_pathway,annotation_mediated,bounded_BFS (<= 4 hops),annotation_mediated
B36,sul1,sulfonamide,EW036_RS26155,genome,EW036_RS07125,genome,graph_context,2,EW036_RS26155;map01100;EW036_RS07125,in_pathway;in_pathway,annotation_mediated,bounded_BFS (<= 4 hops),annotation_mediated
B36,sul1,sulfonamide,EW036_RS26155,genome,EW036_RS07130,genome,graph_context,2,EW036_RS26155;map01100;EW036_RS07130,in_pathway;in_pathway,annotation_mediated,bounded_BFS (<= 4 hops),annotation_mediated
B36,sul1,sulfonamide,EW036_RS26155,genome,EW036_RS07135,genome,graph_context,2,EW036_RS26155;map01100;EW036_RS07135,in_pathway;in_pathway,annotation_mediated,bounded_BFS (<= 4 hops),annotation_mediated
B36,sul1,sulfonamide,EW036_RS26155,genome,EW036_RS07175,genome,graph_context,2,EW036_RS26155;map01100;EW036_RS07175,in_pathway;in_pathway,annotation_mediated,bounded_BFS (<= 4 hops),annotation_mediated
B36,sul1,sulfonamide,EW036_RS26155,genome,EW036_RS07185,genome,graph_context,2,EW036_RS26155;map01100;EW036_RS07185,in_pathway;in_pathway,annotation_mediated,bounded_BFS (<= 4 hops),annotation_mediated
B36,sul1,sulfonamide,EW036_RS26155,genome,EW036_RS07210,genome,graph_context,2,EW036_RS26155;map01100;EW036_RS07210,in_pathway;in_pathway,annotation_mediated,bounded_BFS (<= 4 hops),annotation_mediated
B36,sul1,sulfonamide,EW036_RS26155,genome,EW036_RS07235,genome,graph_context,2,EW036_RS26155;map01100;EW036_RS07235,in_pathway;in_pathway,annotation_mediated,bounded_BFS (<= 4 hops),annotation_mediated
B36,sul1,sulfonamide,EW036_RS26155,genome,EW036_RS07250,genome,graph_context,2,EW036_RS26155;map01100;EW036_RS07250,in_pathway;in_pathway,annotation_mediated,bounded_BFS (<= 4 hops),annotation_mediated
B36,sul1,sulfonamide,EW036_RS26155,genome,EW036_RS07255,genome,graph_context,2,EW036_RS26155;map01100;EW036_RS07255,in_pathway;in_pathway,annotation_mediated,bounded_BFS (<= 4 hops),annotation_mediated
B36,sul1,sulfonamide,EW036_RS26155,genome,EW036_RS07260,genome,graph_context,2,EW036_RS26155;map01100;EW036_RS07260,in_pathway;in_pathway,annotation_mediated,bounded_BFS (<= 4 hops),annotation_mediated
B36,sul1,sulfonamide,EW036_RS26155,genome,EW036_RS07325,genome,graph_context,2,EW036_RS26155;map01100;EW036_RS07325,in_pathway;in_pathway,annotation_mediated,bounded_BFS (<= 4 hops),annotation_mediated
B36,sul1,sulfonamide,EW036_RS26155,genome,EW036_RS07350,genome,graph_context,2,EW036_RS26155;map01100;EW036_RS07350,in_pathway;in_pathway,annotation_mediated,bounded_BFS (<= 4 hops),annotation_mediated
B36,sul1,sulfonamide,EW036_RS26155,genome,EW036_RS07385,genome,graph_context,2,EW036_RS26155;map01100;EW036_RS07385,in_pathway;in_pathway,annotation_mediated,bounded_BFS (<= 4 hops),annotation_mediated
B36,sul1,sulfonamide,EW036_RS26155,genome,EW036_RS07395,genome,graph_context,2,EW036_RS26155;map01100;EW036_RS07395,in_pathway;in_pathway,annotation_mediated,bounded_BFS (<= 4 hops),annotation_mediated
B36,sul1,sulfonamide,EW036_RS26155,genome,EW036_RS07420,genome,graph_context,2,EW036_RS26155;map01100;EW036_RS07420,in_pathway;in_pathway,annotation_mediated,bounded_BFS (<= 4 hops),annotation_mediated
B36,sul1,sulfonamide,EW036_RS26155,genome,EW036_RS07430,genome,graph_context,2,EW036_RS26155;map01100;EW036_RS07430,in_pathway;in_pathway,annotation_mediated,bounded_BFS (<= 4 hops),annotation_mediated
B36,sul1,sulfonamide,EW036_RS26155,genome,EW036_RS07435,genome,graph_context,2,EW036_RS26155;map01100;EW036_RS07435,in_pathway;in_pathway,annotation_mediated,bounded_BFS (<= 4 hops),annotation_mediated
B36,sul1,sulfonamide,EW036_RS26155,genome,EW036_RS07450,genome,graph_context,2,EW036_RS26155;map01100;EW036_RS07450,in_pathway;in_pathway,annotation_mediated,bounded_BFS (<= 4 hops),annotation_mediated
B36,sul1,sulfonamide,EW036_RS26155,genome,EW036_RS07530,genome,graph_context,2,EW036_RS26155;map01100;EW036_RS07530,in_pathway;in_pathway,annotation_mediated,bounded_BFS (<= 4 hops),annotation_mediated
B36,sul1,sulfonamide,EW036_RS26155,genome,EW036_RS07580,genome,graph_context,2,EW036_RS26155;map01100;EW036_RS07580,in_pathway;in_pathway,annotation_mediated,bounded_BFS (<= 4 hops),annotation_mediated
B36,sul1,sulfonamide,EW036_RS26155,genome,EW036_RS07795,genome,graph_context,2,EW036_RS26155;map01100;EW036_RS07795,in_pathway;in_pathway,annotation_mediated,bounded_BFS (<= 4 hops),annotation_mediated
B36,sul1,sulfonamide,EW036_RS26155,genome,EW036_RS07800,genome,graph_context,2,EW036_RS26155;map01100;EW036_RS07800,in_pathway;in_pathway,annotation_mediated,bounded_BFS (<= 4 hops),annotation_mediated
B36,sul1,sulfonamide,EW036_RS26155,genome,EW036_RS07855,genome,graph_context,2,EW036_RS26155;map01100;EW036_RS07855,in_pathway;in_pathway,annotation_mediated,bounded_BFS (<= 4 hops),annotation_mediated
B36,sul1,sulfonamide,EW036_RS26155,genome,EW036_RS07885,genome,graph_context,2,EW036_RS26155;map01100;EW036_RS07885,in_pathway;in_pathway,annotation_mediated,bounded_BFS (<= 4 hops),annotation_mediated
B36,sul1,sulfonamide,EW036_RS26155,genome,EW036_RS07900,genome,graph_context,2,EW036_RS26155;map01100;EW036_RS07900,in_pathway;in_pathway,annotation_mediated,bounded_BFS (<= 4 hops),annotation_mediated
B36,sul1,sulfonamide,EW036_RS26155,genome,EW036_RS07905,genome,graph_context,2,EW036_RS26155;map01100;EW036_RS07905,in_pathway;in_pathway,annotation_mediated,bounded_BFS (<= 4 hops),annotation_mediated
B36,sul1,sulfonamide,EW036_RS26155,genome,EW036_RS07920,genome,graph_context,2,EW036_RS26155;map01100;EW036_RS07920,in_pathway;in_pathway,annotation_mediated,bounded_BFS (<= 4 hops),annotation_mediated
B36,sul1,sulfonamide,EW036_RS26155,genome,EW036_RS07925,genome,graph_context,2,EW036_RS26155;map01100;EW036_RS07925,in_pathway;in_pathway,annotation_mediated,bounded_BFS (<= 4 hops),annotation_mediated
B36,sul1,sulfonamide,EW036_RS26155,genome,EW036_RS07940,genome,graph_context,2,EW036_RS26155;map01100;EW036_RS07940,in_pathway;in_pathway,annotation_mediated,bounded_BFS (<= 4 hops),annotation_mediated
B36,sul1,sulfonamide,EW036_RS26155,genome,EW036_RS07945,genome,graph_context,2,EW036_RS26155;map01100;EW036_RS07945,in_pathway;in_pathway,annotation_mediated,bounded_BFS (<= 4 hops),annotation_mediated
B36,sul1,sulfonamide,EW036_RS26155,genome,EW036_RS07980,genome,graph_context,2,EW036_RS26155;map00790;EW036_RS07980,in_pathway;in_pathway,annotation_mediated,bounded_BFS (<= 4 hops),annotation_mediated
B36,sul1,sulfonamide,EW036_RS26155,genome,EW036_RS08000,genome,graph_context,2,EW036_RS26155;map01100;EW036_RS08000,in_pathway;in_pathway,annotation_mediated,bounded_BFS (<= 4 hops),annotation_mediated
B36,sul1,sulfonamide,EW036_RS26155,genome,EW036_RS08010,genome,graph_context,2,EW036_RS26155;map01100;EW036_RS08010,in_pathway;in_pathway,annotation_mediated,bounded_BFS (<= 4 hops),annotation_mediated
B36,sul1,sulfonamide,EW036_RS26155,genome,EW036_RS08015,genome,graph_context,2,EW036_RS26155;map01100;EW036_RS08015,in_pathway;in_pathway,annotation_mediated,bounded_BFS (<= 4 hops),annotation_mediated
B36,sul1,sulfonamide,EW036_RS26155,genome,EW036_RS08040,genome,graph_context,2,EW036_RS26155;map01100;EW036_RS08040,in_pathway;in_pathway,annotation_mediated,bounded_BFS (<= 4 hops),annotation_mediated
B36,sul1,sulfonamide,EW036_RS26155,genome,EW036_RS08045,genome,graph_context,2,EW036_RS26155;map01100;EW036_RS08045,in_pathway;in_pathway,annotation_mediated,bounded_BFS (<= 4 hops),annotation_mediated
B36,sul1,sulfonamide,EW036_RS26155,genome,EW036_RS08055,genome,graph_context,2,EW036_RS26155;map01100;EW036_RS08055,in_pathway;in_pathway,annotation_mediated,bounded_BFS (<= 4 hops),annotation_mediated
B36,sul1,sulfonamide,EW036_RS26155,genome,EW036_RS08060,genome,graph_context,2,EW036_RS26155;map01100;EW036_RS08060,in_pathway;in_pathway,annotation_mediated,bounded_BFS (<= 4 hops),annotation_mediated
B36,sul1,sulfonamide,EW036_RS26155,genome,EW036_RS08065,genome,graph_context,2,EW036_RS26155;map01100;EW036_RS08065,in_pathway;in_pathway,annotation_mediated,bounded_BFS (<= 4 hops),annotation_mediated
B36,sul1,sulfonamide,EW036_RS26155,genome,EW036_RS08070,genome,graph_context,2,EW036_RS26155;map01100;EW036_RS08070,in_pathway;in_pathway,annotation_mediated,bounded_BFS (<= 4 hops),annotation_mediated
B36,sul1,sulfonamide,EW036_RS26155,genome,EW036_RS08075,genome,graph_context,2,EW036_RS26155;map01100;EW036_RS08075,in_pathway;in_pathway,annotation_mediated,bounded_BFS (<= 4 hops),annotation_mediated
B36,sul1,sulfonamide,EW036_RS26155,genome,EW036_RS08080,genome,graph_context,2,EW036_RS26155;map01100;EW036_RS08080,in_pathway;in_pathway,annotation_mediated,bounded_BFS (<= 4 hops),annotation_mediated
B36,sul1,sulfonamide,EW036_RS26155,genome,EW036_RS08090,genome,graph_context,2,EW036_RS26155;map01100;EW036_RS08090,in_pathway;in_pathway,annotation_mediated,bounded_BFS (<= 4 hops),annotation_mediated
B36,sul1,sulfonamide,EW036_RS26155,genome,EW036_RS08095,genome,graph_context,2,EW036_RS26155;map01100;EW036_RS08095,in_pathway;in_pathway,annotation_mediated,bounded_BFS (<= 4 hops),annotation_mediated
B36,sul1,sulfonamide,EW036_RS26155,genome,EW036_RS08100,genome,graph_context,2,EW036_RS26155;map01100;EW036_RS08100,in_pathway;in_pathway,annotation_mediated,bounded_BFS (<= 4 hops),annotation_mediated
B36,sul1,sulfonamide,EW036_RS26155,genome,EW036_RS08105,genome,graph_context,2,EW036_RS26155;map01100;EW036_RS08105,in_pathway;in_pathway,annotation_mediated,bounded_BFS (<= 4 hops),annotation_mediated
B36,sul1,sulfonamide,EW036_RS26155,genome,EW036_RS08150,genome,graph_context,2,EW036_RS26155;map01100;EW036_RS08150,in_pathway;in_pathway,annotation_mediated,bounded_BFS (<= 4 hops),annotation_mediated
B36,sul1,sulfonamide,EW036_RS26155,genome,EW036_RS08155,genome,graph_context,2,EW036_RS26155;map01100;EW036_RS08155,in_pathway;in_pathway,annotation_mediated,bounded_BFS (<= 4 hops),annotation_mediated
B36,sul1,sulfonamide,EW036_RS26155,genome,EW036_RS08165,genome,graph_context,2,EW036_RS26155;map01100;EW036_RS08165,in_pathway;in_pathway,annotation_mediated,bounded_BFS (<= 4 hops),annotation_mediated
B36,sul1,sulfonamide,EW036_RS26155,genome,EW036_RS08170,genome,graph_context,2,EW036_RS26155;map01100;EW036_RS08170,in_pathway;in_pathway,annotation_mediated,bounded_BFS (<= 4 hops),annotation_mediated
B36,sul1,sulfonamide,EW036_RS26155,genome,EW036_RS08175,genome,graph_context,2,EW036_RS26155;map01100;EW036_RS08175,in_pathway;in_pathway,annotation_mediated,bounded_BFS (<= 4 hops),annotation_mediated
B36,sul1,sulfonamide,EW036_RS26155,genome,EW036_RS08205,genome,graph_context,2,EW036_RS26155;map01100;EW036_RS08205,in_pathway;in_pathway,annotation_mediated,bounded_BFS (<= 4 hops),annotation_mediated
B36,sul1,sulfonamide,EW036_RS26155,genome,EW036_RS08270,genome,graph_context,2,EW036_RS26155;map01100;EW036_RS08270,in_pathway;in_pathway,annotation_mediated,bounded_BFS (<= 4 hops),annotation_mediated
B36,sul1,sulfonamide,EW036_RS26155,genome,EW036_RS08305,genome,graph_context,2,EW036_RS26155;map01100;EW036_RS08305,in_pathway;in_pathway,annotation_mediated,bounded_BFS (<= 4 hops),annotation_mediated
B36,sul1,sulfonamide,EW036_RS26155,genome,EW036_RS08310,genome,graph_context,2,EW036_RS26155;map01100;EW036_RS08310,in_pathway;in_pathway,annotation_mediated,bounded_BFS (<= 4 hops),annotation_mediated
B36,sul1,sulfonamide,EW036_RS26155,genome,EW036_RS08605,genome,graph_context,2,EW036_RS26155;map01100;EW036_RS08605,in_pathway;in_pathway,annotation_mediated,bounded_BFS (<= 4 hops),annotation_mediated
B36,sul1,sulfonamide,EW036_RS26155,genome,EW036_RS08630,genome,graph_context,2,EW036_RS26155;map01100;EW036_RS08630,in_pathway;in_pathway,annotation_mediated,bounded_BFS (<= 4 hops),annotation_mediated
B36,sul1,sulfonamide,EW036_RS26155,genome,EW036_RS08645,genome,graph_context,2,EW036_RS26155;map01100;EW036_RS08645,in_pathway;in_pathway,annotation_mediated,bounded_BFS (<= 4 hops),annotation_mediated
B36,sul1,sulfonamide,EW036_RS26155,genome,EW036_RS08695,genome,graph_context,2,EW036_RS26155;map01100;EW036_RS08695,in_pathway;in_pathway,annotation_mediated,bounded_BFS (<= 4 hops),annotation_mediated
B36,sul1,sulfonamide,EW036_RS26155,genome,EW036_RS08710,genome,graph_context,2,EW036_RS26155;map01100;EW036_RS08710,in_pathway;in_pathway,annotation_mediated,bounded_BFS (<= 4 hops),annotation_mediated
B36,sul1,sulfonamide,EW036_RS26155,genome,EW036_RS08715,genome,graph_context,2,EW036_RS26155;map01100;EW036_RS08715,in_pathway;in_pathway,annotation_mediated,bounded_BFS (<= 4 hops),annotation_mediated
B36,sul1,sulfonamide,EW036_RS26155,genome,EW036_RS08750,genome,graph_context,2,EW036_RS26155;map01100;EW036_RS08750,in_pathway;in_pathway,annotation_mediated,bounded_BFS (<= 4 hops),annotation_mediated
B36,sul1,sulfonamide,EW036_RS26155,genome,EW036_RS08795,genome,graph_context,2,EW036_RS26155;map01100;EW036_RS08795,in_pathway;in_pathway,annotation_mediated,bounded_BFS (<= 4 hops),annotation_mediated
B36,sul1,sulfonamide,EW036_RS26155,genome,EW036_RS08915,genome,graph_context,2,EW036_RS26155;map01100;EW036_RS08915,in_pathway;in_pathway,annotation_mediated,bounded_BFS (<= 4 hops),annotation_mediated
B36,sul1,sulfonamide,EW036_RS26155,genome,EW036_RS08930,genome,graph_context,2,EW036_RS26155;map01100;EW036_RS08930,in_pathway;in_pathway,annotation_mediated,bounded_BFS (<= 4 hops),annotation_mediated
B36,sul1,sulfonamide,EW036_RS26155,genome,EW036_RS08985,genome,graph_context,2,EW036_RS26155;map01100;EW036_RS08985,in_pathway;in_pathway,annotation_mediated,bounded_BFS (<= 4 hops),annotation_mediated
B36,sul1,sulfonamide,EW036_RS26155,genome,EW036_RS09015,genome,graph_context,2,EW036_RS26155;map01100;EW036_RS09015,in_pathway;in_pathway,annotation_mediated,bounded_BFS (<= 4 hops),annotation_mediated
B36,sul1,sulfonamide,EW036_RS26155,genome,EW036_RS09065,genome,graph_context,2,EW036_RS26155;map01100;EW036_RS09065,in_pathway;in_pathway,annotation_mediated,bounded_BFS (<= 4 hops),annotation_mediated
B36,sul1,sulfonamide,EW036_RS26155,genome,EW036_RS09130,genome,graph_context,2,EW036_RS26155;map01100;EW036_RS09130,in_pathway;in_pathway,annotation_mediated,bounded_BFS (<= 4 hops),annotation_mediated
B36,sul1,sulfonamide,EW036_RS26155,genome,EW036_RS09230,genome,graph_context,2,EW036_RS26155;map01100;EW036_RS09230,in_pathway;in_pathway,annotation_mediated,bounded_BFS (<= 4 hops),annotation_mediated
B36,sul1,sulfonamide,EW036_RS26155,genome,EW036_RS09270,genome,graph_context,2,EW036_RS26155;map01100;EW036_RS09270,in_pathway;in_pathway,annotation_mediated,bounded_BFS (<= 4 hops),annotation_mediated
B36,sul1,sulfonamide,EW036_RS26155,genome,EW036_RS09410,genome,graph_context,2,EW036_RS26155;map01100;EW036_RS09410,in_pathway;in_pathway,annotation_mediated,bounded_BFS (<= 4 hops),annotation_mediated
B36,mph(A),macrolide,EW036_RS26210,genome,EW036_RS26210_RNA,transcriptome,rna_quantified,0,,,directly_observed,aligned_multiomics.csv (RNA_RPMI/RNA_Sera),observed
B36,mph(A),macrolide,EW036_RS26210,genome,WP_000219391.1,proteome,protein_quantified,0,,,directly_observed,aligned_multiomics.csv (Protein_RPMI/Protein_Sera),observed
B36,mph(A),macrolide,EW036_RS26210,genome,EW036_RS26220,genome,genomic_proximity,1,EW036_RS26210;EW036_RS26220,genomic_proximity,graph_derived,edges_gene_genomic_proximity_gene.csv,graph_derived
B36,mph(A),macrolide,WP_000219391.1,hypergraph,Triple_EW036_RS26210,hypergraph,hyperedge_membership,1,WP_000219391.1;Triple_EW036_RS26210,member_of:multi_omics_triple,graph_derived,hyperedges.csv,graph_derived
B36,mph(A),macrolide,WP_000219391.1,hypergraph,COG_S: Function unknown,hypergraph,hyperedge_membership,1,WP_000219391.1;COG_S: Function unknown,member_of:cog_category,graph_derived,hyperedges.csv,graph_derived
B36,mph(A),macrolide,WP_000219391.1,hypergraph,macrolide_resistance,hypergraph,hyperedge_membership,1,WP_000219391.1;macrolide_resistance,member_of:amr_mechanism,graph_derived,hyperedges.csv,graph_derived
B36,mph(A),macrolide,WP_000219391.1,hypergraph,GO:0016740: F:transferase activity,hypergraph,hyperedge_membership,1,WP_000219391.1;GO:0016740: F:transferase activity,member_of:go_term,graph_derived,hyperedges.csv,graph_derived
B36,mph(A),macrolide,EW036_RS26210,genome,S,cog,cog_category,1,EW036_RS26210;S,cog_category,annotation_mediated,edges_gene_cog_category_annotation.csv (eggNOG/COG),annotation_mediated
B36,mph(A),macrolide,WP_000219391.1,proteome,GO:0016740,go,go_annotation,1,WP_000219391.1;GO:0016740,annotated_by,annotation_mediated,edges_protein_annotated_by_annotation.csv (GO),annotation_mediated
B36,mph(A),macrolide,WP_000219391.1,proteome,GO:0016740,go,go_annotation,1,WP_000219391.1;GO:0016740,annotated_by,annotation_mediated,amr_uniprot_recovery.csv (per-ID UniProt lookup; bypasses upstream batch-search truncation),annotation_mediated
B36,mph(A),macrolide,EW036_RS26210,genome,macrolide,ppi_amr,amr_mechanism,1,EW036_RS26210;macrolide,associated_with,annotation_mediated,amr_manifest / edges_gene_associated_with_annotation.csv,annotation_mediated
B36,mph(A),macrolide,EW036_RS26210,genome,EW036_RS00030,genome,graph_context,2,EW036_RS26210;COG_S: Function unknown;EW036_RS00030,member_of_cog_category;member_of_cog_category,annotation_mediated,bounded_BFS (<= 4 hops),annotation_mediated
B36,mph(A),macrolide,EW036_RS26210,genome,EW036_RS00075,genome,graph_context,2,EW036_RS26210;COG_S: Function unknown;EW036_RS00075,member_of_cog_category;member_of_cog_category,annotation_mediated,bounded_BFS (<= 4 hops),annotation_mediated
B36,mph(A),macrolide,EW036_RS26210,genome,EW036_RS00455,genome,graph_context,2,EW036_RS26210;COG_S: Function unknown;EW036_RS00455,member_of_cog_category;member_of_cog_category,annotation_mediated,bounded_BFS (<= 4 hops),annotation_mediated
B36,mph(A),macrolide,EW036_RS26210,genome,EW036_RS00550,genome,graph_context,2,EW036_RS26210;COG_S: Function unknown;EW036_RS00550,member_of_cog_category;member_of_cog_category,annotation_mediated,bounded_BFS (<= 4 hops),annotation_mediated
B36,mph(A),macrolide,EW036_RS26210,genome,EW036_RS00565,genome,graph_context,2,EW036_RS26210;COG_S: Function unknown;EW036_RS00565,member_of_cog_category;member_of_cog_category,annotation_mediated,bounded_BFS (<= 4 hops),annotation_mediated
B36,mph(A),macrolide,EW036_RS26210,genome,EW036_RS00570,genome,graph_context,2,EW036_RS26210;COG_S: Function unknown;EW036_RS00570,member_of_cog_category;member_of_cog_category,annotation_mediated,bounded_BFS (<= 4 hops),annotation_mediated
B36,mph(A),macrolide,EW036_RS26210,genome,EW036_RS00610,genome,graph_context,2,EW036_RS26210;COG_S: Function unknown;EW036_RS00610,member_of_cog_category;member_of_cog_category,annotation_mediated,bounded_BFS (<= 4 hops),annotation_mediated
B36,mph(A),macrolide,EW036_RS26210,genome,EW036_RS00725,genome,graph_context,2,EW036_RS26210;COG_S: Function unknown;EW036_RS00725,member_of_cog_category;member_of_cog_category,annotation_mediated,bounded_BFS (<= 4 hops),annotation_mediated
B36,mph(A),macrolide,EW036_RS26210,genome,EW036_RS00870,genome,graph_context,2,EW036_RS26210;COG_S: Function unknown;EW036_RS00870,member_of_cog_category;member_of_cog_category,annotation_mediated,bounded_BFS (<= 4 hops),annotation_mediated
B36,mph(A),macrolide,EW036_RS26210,genome,EW036_RS00940,genome,graph_context,2,EW036_RS26210;COG_S: Function unknown;EW036_RS00940,member_of_cog_category;member_of_cog_category,annotation_mediated,bounded_BFS (<= 4 hops),annotation_mediated
B36,mph(A),macrolide,EW036_RS26210,genome,EW036_RS00945,genome,graph_context,2,EW036_RS26210;COG_S: Function unknown;EW036_RS00945,member_of_cog_category;member_of_cog_category,annotation_mediated,bounded_BFS (<= 4 hops),annotation_mediated
B36,mph(A),macrolide,EW036_RS26210,genome,EW036_RS01170,genome,graph_context,2,EW036_RS26210;COG_S: Function unknown;EW036_RS01170,member_of_cog_category;member_of_cog_category,annotation_mediated,bounded_BFS (<= 4 hops),annotation_mediated
B36,mph(A),macrolide,EW036_RS26210,genome,EW036_RS01280,genome,graph_context,2,EW036_RS26210;COG_S: Function unknown;EW036_RS01280,member_of_cog_category;member_of_cog_category,annotation_mediated,bounded_BFS (<= 4 hops),annotation_mediated
B36,mph(A),macrolide,EW036_RS26210,genome,EW036_RS01290,genome,graph_context,2,EW036_RS26210;COG_S: Function unknown;EW036_RS01290,member_of_cog_category;member_of_cog_category,annotation_mediated,bounded_BFS (<= 4 hops),annotation_mediated
B36,mph(A),macrolide,EW036_RS26210,genome,EW036_RS01335,genome,graph_context,2,EW036_RS26210;COG_S: Function unknown;EW036_RS01335,member_of_cog_category;member_of_cog_category,annotation_mediated,bounded_BFS (<= 4 hops),annotation_mediated
B36,mph(A),macrolide,EW036_RS26210,genome,EW036_RS01360,genome,graph_context,2,EW036_RS26210;COG_S: Function unknown;EW036_RS01360,member_of_cog_category;member_of_cog_category,annotation_mediated,bounded_BFS (<= 4 hops),annotation_mediated
B36,mph(A),macrolide,EW036_RS26210,genome,EW036_RS01420,genome,graph_context,2,EW036_RS26210;COG_S: Function unknown;EW036_RS01420,member_of_cog_category;member_of_cog_category,annotation_mediated,bounded_BFS (<= 4 hops),annotation_mediated
B36,mph(A),macrolide,EW036_RS26210,genome,EW036_RS01555,genome,graph_context,2,EW036_RS26210;COG_S: Function unknown;EW036_RS01555,member_of_cog_category;member_of_cog_category,annotation_mediated,bounded_BFS (<= 4 hops),annotation_mediated
B36,mph(A),macrolide,EW036_RS26210,genome,EW036_RS01665,genome,graph_context,2,EW036_RS26210;COG_S: Function unknown;EW036_RS01665,member_of_cog_category;member_of_cog_category,annotation_mediated,bounded_BFS (<= 4 hops),annotation_mediated
B36,mph(A),macrolide,EW036_RS26210,genome,EW036_RS01690,genome,graph_context,2,EW036_RS26210;COG_S: Function unknown;EW036_RS01690,member_of_cog_category;member_of_cog_category,annotation_mediated,bounded_BFS (<= 4 hops),annotation_mediated
B36,mph(A),macrolide,EW036_RS26210,genome,EW036_RS01730,genome,graph_context,2,EW036_RS26210;COG_S: Function unknown;EW036_RS01730,member_of_cog_category;member_of_cog_category,annotation_mediated,bounded_BFS (<= 4 hops),annotation_mediated
B36,mph(A),macrolide,EW036_RS26210,genome,EW036_RS01795,genome,graph_context,2,EW036_RS26210;COG_S: Function unknown;EW036_RS01795,member_of_cog_category;member_of_cog_category,annotation_mediated,bounded_BFS (<= 4 hops),annotation_mediated
B36,mph(A),macrolide,EW036_RS26210,genome,EW036_RS01810,genome,graph_context,2,EW036_RS26210;COG_S: Function unknown;EW036_RS01810,member_of_cog_category;member_of_cog_category,annotation_mediated,bounded_BFS (<= 4 hops),annotation_mediated
B36,mph(A),macrolide,EW036_RS26210,genome,EW036_RS01815,genome,graph_context,2,EW036_RS26210;COG_S: Function unknown;EW036_RS01815,member_of_cog_category;member_of_cog_category,annotation_mediated,bounded_BFS (<= 4 hops),annotation_mediated
B36,mph(A),macrolide,EW036_RS26210,genome,EW036_RS01905,genome,graph_context,2,EW036_RS26210;COG_S: Function unknown;EW036_RS01905,member_of_cog_category;member_of_cog_category,annotation_mediated,bounded_BFS (<= 4 hops),annotation_mediated
B36,mph(A),macrolide,EW036_RS26210,genome,EW036_RS01955,genome,graph_context,2,EW036_RS26210;COG_S: Function unknown;EW036_RS01955,member_of_cog_category;member_of_cog_category,annotation_mediated,bounded_BFS (<= 4 hops),annotation_mediated
B36,mph(A),macrolide,EW036_RS26210,genome,EW036_RS02035,genome,graph_context,2,EW036_RS26210;COG_S: Function unknown;EW036_RS02035,member_of_cog_category;member_of_cog_category,annotation_mediated,bounded_BFS (<= 4 hops),annotation_mediated
B36,mph(A),macrolide,EW036_RS26210,genome,EW036_RS02190,genome,graph_context,2,EW036_RS26210;COG_S: Function unknown;EW036_RS02190,member_of_cog_category;member_of_cog_category,annotation_mediated,bounded_BFS (<= 4 hops),annotation_mediated
B36,mph(A),macrolide,EW036_RS26210,genome,EW036_RS02230,genome,graph_context,2,EW036_RS26210;COG_S: Function unknown;EW036_RS02230,member_of_cog_category;member_of_cog_category,annotation_mediated,bounded_BFS (<= 4 hops),annotation_mediated
B36,mph(A),macrolide,EW036_RS26210,genome,EW036_RS02235,genome,graph_context,2,EW036_RS26210;COG_S: Function unknown;EW036_RS02235,member_of_cog_category;member_of_cog_category,annotation_mediated,bounded_BFS (<= 4 hops),annotation_mediated
B36,mph(A),macrolide,EW036_RS26210,genome,EW036_RS02240,genome,graph_context,2,EW036_RS26210;COG_S: Function unknown;EW036_RS02240,member_of_cog_category;member_of_cog_category,annotation_mediated,bounded_BFS (<= 4 hops),annotation_mediated
B36,mph(A),macrolide,EW036_RS26210,genome,EW036_RS02245,genome,graph_context,2,EW036_RS26210;COG_S: Function unknown;EW036_RS02245,member_of_cog_category;member_of_cog_category,annotation_mediated,bounded_BFS (<= 4 hops),annotation_mediated
B36,mph(A),macrolide,EW036_RS26210,genome,EW036_RS02265,genome,graph_context,2,EW036_RS26210;COG_S: Function unknown;EW036_RS02265,member_of_cog_category;member_of_cog_category,annotation_mediated,bounded_BFS (<= 4 hops),annotation_mediated
B36,mph(A),macrolide,EW036_RS26210,genome,EW036_RS02275,genome,graph_context,2,EW036_RS26210;COG_S: Function unknown;EW036_RS02275,member_of_cog_category;member_of_cog_category,annotation_mediated,bounded_BFS (<= 4 hops),annotation_mediated
B36,mph(A),macrolide,EW036_RS26210,genome,EW036_RS02605,genome,graph_context,2,EW036_RS26210;COG_S: Function unknown;EW036_RS02605,member_of_cog_category;member_of_cog_category,annotation_mediated,bounded_BFS (<= 4 hops),annotation_mediated
B36,mph(A),macrolide,EW036_RS26210,genome,EW036_RS02610,genome,graph_context,2,EW036_RS26210;COG_S: Function unknown;EW036_RS02610,member_of_cog_category;member_of_cog_category,annotation_mediated,bounded_BFS (<= 4 hops),annotation_mediated
B36,mph(A),macrolide,EW036_RS26210,genome,EW036_RS02815,genome,graph_context,2,EW036_RS26210;COG_S: Function unknown;EW036_RS02815,member_of_cog_category;member_of_cog_category,annotation_mediated,bounded_BFS (<= 4 hops),annotation_mediated
B36,mph(A),macrolide,EW036_RS26210,genome,EW036_RS02820,genome,graph_context,2,EW036_RS26210;COG_S: Function unknown;EW036_RS02820,member_of_cog_category;member_of_cog_category,annotation_mediated,bounded_BFS (<= 4 hops),annotation_mediated
B36,mph(A),macrolide,EW036_RS26210,genome,EW036_RS02875,genome,graph_context,2,EW036_RS26210;COG_S: Function unknown;EW036_RS02875,member_of_cog_category;member_of_cog_category,annotation_mediated,bounded_BFS (<= 4 hops),annotation_mediated
B36,mph(A),macrolide,EW036_RS26210,genome,EW036_RS02900,genome,graph_context,2,EW036_RS26210;COG_S: Function unknown;EW036_RS02900,member_of_cog_category;member_of_cog_category,annotation_mediated,bounded_BFS (<= 4 hops),annotation_mediated
B36,mph(A),macrolide,EW036_RS26210,genome,EW036_RS02975,genome,graph_context,2,EW036_RS26210;COG_S: Function unknown;EW036_RS02975,member_of_cog_category;member_of_cog_category,annotation_mediated,bounded_BFS (<= 4 hops),annotation_mediated
B36,mph(A),macrolide,EW036_RS26210,genome,EW036_RS03000,genome,graph_context,2,EW036_RS26210;COG_S: Function unknown;EW036_RS03000,member_of_cog_category;member_of_cog_category,annotation_mediated,bounded_BFS (<= 4 hops),annotation_mediated
B36,mph(A),macrolide,EW036_RS26210,genome,EW036_RS03010,genome,graph_context,2,EW036_RS26210;COG_S: Function unknown;EW036_RS03010,member_of_cog_category;member_of_cog_category,annotation_mediated,bounded_BFS (<= 4 hops),annotation_mediated
B36,mph(A),macrolide,EW036_RS26210,genome,EW036_RS03045,genome,graph_context,2,EW036_RS26210;COG_S: Function unknown;EW036_RS03045,member_of_cog_category;member_of_cog_category,annotation_mediated,bounded_BFS (<= 4 hops),annotation_mediated
B36,mph(A),macrolide,EW036_RS26210,genome,EW036_RS03085,genome,graph_context,2,EW036_RS26210;COG_S: Function unknown;EW036_RS03085,member_of_cog_category;member_of_cog_category,annotation_mediated,bounded_BFS (<= 4 hops),annotation_mediated
B36,mph(A),macrolide,EW036_RS26210,genome,EW036_RS03225,genome,graph_context,2,EW036_RS26210;COG_S: Function unknown;EW036_RS03225,member_of_cog_category;member_of_cog_category,annotation_mediated,bounded_BFS (<= 4 hops),annotation_mediated
B36,mph(A),macrolide,EW036_RS26210,genome,EW036_RS03240,genome,graph_context,2,EW036_RS26210;COG_S: Function unknown;EW036_RS03240,member_of_cog_category;member_of_cog_category,annotation_mediated,bounded_BFS (<= 4 hops),annotation_mediated
B36,mph(A),macrolide,EW036_RS26210,genome,EW036_RS03255,genome,graph_context,2,EW036_RS26210;COG_S: Function unknown;EW036_RS03255,member_of_cog_category;member_of_cog_category,annotation_mediated,bounded_BFS (<= 4 hops),annotation_mediated
B36,mph(A),macrolide,EW036_RS26210,genome,EW036_RS03450,genome,graph_context,2,EW036_RS26210;COG_S: Function unknown;EW036_RS03450,member_of_cog_category;member_of_cog_category,annotation_mediated,bounded_BFS (<= 4 hops),annotation_mediated
B36,mph(A),macrolide,EW036_RS26210,genome,EW036_RS03460,genome,graph_context,2,EW036_RS26210;COG_S: Function unknown;EW036_RS03460,member_of_cog_category;member_of_cog_category,annotation_mediated,bounded_BFS (<= 4 hops),annotation_mediated
B36,mph(A),macrolide,EW036_RS26210,genome,EW036_RS03475,genome,graph_context,2,EW036_RS26210;COG_S: Function unknown;EW036_RS03475,member_of_cog_category;member_of_cog_category,annotation_mediated,bounded_BFS (<= 4 hops),annotation_mediated
B36,mph(A),macrolide,EW036_RS26210,genome,EW036_RS03480,genome,graph_context,2,EW036_RS26210;COG_S: Function unknown;EW036_RS03480,member_of_cog_category;member_of_cog_category,annotation_mediated,bounded_BFS (<= 4 hops),annotation_mediated
B36,mph(A),macrolide,EW036_RS26210,genome,EW036_RS03485,genome,graph_context,2,EW036_RS26210;COG_S: Function unknown;EW036_RS03485,member_of_cog_category;member_of_cog_category,annotation_mediated,bounded_BFS (<= 4 hops),annotation_mediated
B36,mph(A),macrolide,EW036_RS26210,genome,EW036_RS03490,genome,graph_context,2,EW036_RS26210;COG_S: Function unknown;EW036_RS03490,member_of_cog_category;member_of_cog_category,annotation_mediated,bounded_BFS (<= 4 hops),annotation_mediated
B36,mph(A),macrolide,EW036_RS26210,genome,EW036_RS03540,genome,graph_context,2,EW036_RS26210;COG_S: Function unknown;EW036_RS03540,member_of_cog_category;member_of_cog_category,annotation_mediated,bounded_BFS (<= 4 hops),annotation_mediated
B36,mph(A),macrolide,EW036_RS26210,genome,EW036_RS03550,genome,graph_context,2,EW036_RS26210;COG_S: Function unknown;EW036_RS03550,member_of_cog_category;member_of_cog_category,annotation_mediated,bounded_BFS (<= 4 hops),annotation_mediated
B36,mph(A),macrolide,EW036_RS26210,genome,EW036_RS03710,genome,graph_context,2,EW036_RS26210;COG_S: Function unknown;EW036_RS03710,member_of_cog_category;member_of_cog_category,annotation_mediated,bounded_BFS (<= 4 hops),annotation_mediated
B36,mph(A),macrolide,EW036_RS26210,genome,EW036_RS03745,genome,graph_context,2,EW036_RS26210;COG_S: Function unknown;EW036_RS03745,member_of_cog_category;member_of_cog_category,annotation_mediated,bounded_BFS (<= 4 hops),annotation_mediated
B36,mph(A),macrolide,EW036_RS26210,genome,EW036_RS03805,genome,graph_context,2,EW036_RS26210;COG_S: Function unknown;EW036_RS03805,member_of_cog_category;member_of_cog_category,annotation_mediated,bounded_BFS (<= 4 hops),annotation_mediated
B36,mph(A),macrolide,EW036_RS26210,genome,EW036_RS03825,genome,graph_context,2,EW036_RS26210;COG_S: Function unknown;EW036_RS03825,member_of_cog_category;member_of_cog_category,annotation_mediated,bounded_BFS (<= 4 hops),annotation_mediated
B36,mph(A),macrolide,EW036_RS26210,genome,EW036_RS03870,genome,graph_context,2,EW036_RS26210;COG_S: Function unknown;EW036_RS03870,member_of_cog_category;member_of_cog_category,annotation_mediated,bounded_BFS (<= 4 hops),annotation_mediated
B36,mph(A),macrolide,EW036_RS26210,genome,EW036_RS03875,genome,graph_context,2,EW036_RS26210;COG_S: Function unknown;EW036_RS03875,member_of_cog_category;member_of_cog_category,annotation_mediated,bounded_BFS (<= 4 hops),annotation_mediated
B36,mph(A),macrolide,EW036_RS26210,genome,EW036_RS03900,genome,graph_context,2,EW036_RS26210;COG_S: Function unknown;EW036_RS03900,member_of_cog_category;member_of_cog_category,annotation_mediated,bounded_BFS (<= 4 hops),annotation_mediated
B36,mph(A),macrolide,EW036_RS26210,genome,EW036_RS03980,genome,graph_context,2,EW036_RS26210;COG_S: Function unknown;EW036_RS03980,member_of_cog_category;member_of_cog_category,annotation_mediated,bounded_BFS (<= 4 hops),annotation_mediated
B36,mph(A),macrolide,EW036_RS26210,genome,EW036_RS04020,genome,graph_context,2,EW036_RS26210;COG_S: Function unknown;EW036_RS04020,member_of_cog_category;member_of_cog_category,annotation_mediated,bounded_BFS (<= 4 hops),annotation_mediated
B36,mph(A),macrolide,EW036_RS26210,genome,EW036_RS04180,genome,graph_context,2,EW036_RS26210;COG_S: Function unknown;EW036_RS04180,member_of_cog_category;member_of_cog_category,annotation_mediated,bounded_BFS (<= 4 hops),annotation_mediated
B36,mph(A),macrolide,EW036_RS26210,genome,EW036_RS04410,genome,graph_context,2,EW036_RS26210;COG_S: Function unknown;EW036_RS04410,member_of_cog_category;member_of_cog_category,annotation_mediated,bounded_BFS (<= 4 hops),annotation_mediated
B36,mph(A),macrolide,EW036_RS26210,genome,EW036_RS04715,genome,graph_context,2,EW036_RS26210;COG_S: Function unknown;EW036_RS04715,member_of_cog_category;member_of_cog_category,annotation_mediated,bounded_BFS (<= 4 hops),annotation_mediated
B36,mph(A),macrolide,EW036_RS26210,genome,EW036_RS04800,genome,graph_context,2,EW036_RS26210;COG_S: Function unknown;EW036_RS04800,member_of_cog_category;member_of_cog_category,annotation_mediated,bounded_BFS (<= 4 hops),annotation_mediated
B36,mph(A),macrolide,EW036_RS26210,genome,EW036_RS04850,genome,graph_context,2,EW036_RS26210;COG_S: Function unknown;EW036_RS04850,member_of_cog_category;member_of_cog_category,annotation_mediated,bounded_BFS (<= 4 hops),annotation_mediated
B36,mph(A),macrolide,EW036_RS26210,genome,EW036_RS04855,genome,graph_context,2,EW036_RS26210;COG_S: Function unknown;EW036_RS04855,member_of_cog_category;member_of_cog_category,annotation_mediated,bounded_BFS (<= 4 hops),annotation_mediated
B36,mph(A),macrolide,EW036_RS26210,genome,EW036_RS04895,genome,graph_context,2,EW036_RS26210;COG_S: Function unknown;EW036_RS04895,member_of_cog_category;member_of_cog_category,annotation_mediated,bounded_BFS (<= 4 hops),annotation_mediated
B36,mph(A),macrolide,EW036_RS26210,genome,EW036_RS04905,genome,graph_context,2,EW036_RS26210;COG_S: Function unknown;EW036_RS04905,member_of_cog_category;member_of_cog_category,annotation_mediated,bounded_BFS (<= 4 hops),annotation_mediated
B36,mph(A),macrolide,EW036_RS26210,genome,EW036_RS05055,genome,graph_context,2,EW036_RS26210;COG_S: Function unknown;EW036_RS05055,member_of_cog_category;member_of_cog_category,annotation_mediated,bounded_BFS (<= 4 hops),annotation_mediated
B36,mph(A),macrolide,EW036_RS26210,genome,EW036_RS05085,genome,graph_context,2,EW036_RS26210;COG_S: Function unknown;EW036_RS05085,member_of_cog_category;member_of_cog_category,annotation_mediated,bounded_BFS (<= 4 hops),annotation_mediated
B36,mph(A),macrolide,EW036_RS26210,genome,EW036_RS05190,genome,graph_context,2,EW036_RS26210;COG_S: Function unknown;EW036_RS05190,member_of_cog_category;member_of_cog_category,annotation_mediated,bounded_BFS (<= 4 hops),annotation_mediated
B36,mph(A),macrolide,EW036_RS26210,genome,EW036_RS05205,genome,graph_context,2,EW036_RS26210;COG_S: Function unknown;EW036_RS05205,member_of_cog_category;member_of_cog_category,annotation_mediated,bounded_BFS (<= 4 hops),annotation_mediated
B36,mph(A),macrolide,EW036_RS26210,genome,EW036_RS05210,genome,graph_context,2,EW036_RS26210;COG_S: Function unknown;EW036_RS05210,member_of_cog_category;member_of_cog_category,annotation_mediated,bounded_BFS (<= 4 hops),annotation_mediated
B36,mph(A),macrolide,EW036_RS26210,genome,EW036_RS05440,genome,graph_context,2,EW036_RS26210;COG_S: Function unknown;EW036_RS05440,member_of_cog_category;member_of_cog_category,annotation_mediated,bounded_BFS (<= 4 hops),annotation_mediated
B36,mph(A),macrolide,EW036_RS26210,genome,EW036_RS05735,genome,graph_context,2,EW036_RS26210;COG_S: Function unknown;EW036_RS05735,member_of_cog_category;member_of_cog_category,annotation_mediated,bounded_BFS (<= 4 hops),annotation_mediated
B36,mph(A),macrolide,EW036_RS26210,genome,EW036_RS05815,genome,graph_context,2,EW036_RS26210;COG_S: Function unknown;EW036_RS05815,member_of_cog_category;member_of_cog_category,annotation_mediated,bounded_BFS (<= 4 hops),annotation_mediated
B36,mph(A),macrolide,EW036_RS26210,genome,EW036_RS05830,genome,graph_context,2,EW036_RS26210;COG_S: Function unknown;EW036_RS05830,member_of_cog_category;member_of_cog_category,annotation_mediated,bounded_BFS (<= 4 hops),annotation_mediated
B36,mph(A),macrolide,EW036_RS26210,genome,EW036_RS06010,genome,graph_context,2,EW036_RS26210;COG_S: Function unknown;EW036_RS06010,member_of_cog_category;member_of_cog_category,annotation_mediated,bounded_BFS (<= 4 hops),annotation_mediated
B36,mph(A),macrolide,EW036_RS26210,genome,EW036_RS06100,genome,graph_context,2,EW036_RS26210;COG_S: Function unknown;EW036_RS06100,member_of_cog_category;member_of_cog_category,annotation_mediated,bounded_BFS (<= 4 hops),annotation_mediated
B36,mph(A),macrolide,EW036_RS26210,genome,EW036_RS06305,genome,graph_context,2,EW036_RS26210;COG_S: Function unknown;EW036_RS06305,member_of_cog_category;member_of_cog_category,annotation_mediated,bounded_BFS (<= 4 hops),annotation_mediated
B36,mph(A),macrolide,EW036_RS26210,genome,EW036_RS06355,genome,graph_context,2,EW036_RS26210;COG_S: Function unknown;EW036_RS06355,member_of_cog_category;member_of_cog_category,annotation_mediated,bounded_BFS (<= 4 hops),annotation_mediated
B36,mph(A),macrolide,EW036_RS26210,genome,EW036_RS06455,genome,graph_context,2,EW036_RS26210;COG_S: Function unknown;EW036_RS06455,member_of_cog_category;member_of_cog_category,annotation_mediated,bounded_BFS (<= 4 hops),annotation_mediated
B36,mph(A),macrolide,EW036_RS26210,genome,EW036_RS06460,genome,graph_context,2,EW036_RS26210;COG_S: Function unknown;EW036_RS06460,member_of_cog_category;member_of_cog_category,annotation_mediated,bounded_BFS (<= 4 hops),annotation_mediated
B36,mph(A),macrolide,EW036_RS26210,genome,EW036_RS06490,genome,graph_context,2,EW036_RS26210;COG_S: Function unknown;EW036_RS06490,member_of_cog_category;member_of_cog_category,annotation_mediated,bounded_BFS (<= 4 hops),annotation_mediated
B36,mph(A),macrolide,EW036_RS26210,genome,EW036_RS06545,genome,graph_context,2,EW036_RS26210;COG_S: Function unknown;EW036_RS06545,member_of_cog_category;member_of_cog_category,annotation_mediated,bounded_BFS (<= 4 hops),annotation_mediated
B36,mph(A),macrolide,EW036_RS26210,genome,EW036_RS06625,genome,graph_context,2,EW036_RS26210;COG_S: Function unknown;EW036_RS06625,member_of_cog_category;member_of_cog_category,annotation_mediated,bounded_BFS (<= 4 hops),annotation_mediated
B36,mph(A),macrolide,EW036_RS26210,genome,EW036_RS06665,genome,graph_context,2,EW036_RS26210;COG_S: Function unknown;EW036_RS06665,member_of_cog_category;member_of_cog_category,annotation_mediated,bounded_BFS (<= 4 hops),annotation_mediated
B36,mph(A),macrolide,EW036_RS26210,genome,EW036_RS06735,genome,graph_context,2,EW036_RS26210;COG_S: Function unknown;EW036_RS06735,member_of_cog_category;member_of_cog_category,annotation_mediated,bounded_BFS (<= 4 hops),annotation_mediated
B36,mph(A),macrolide,EW036_RS26210,genome,EW036_RS06805,genome,graph_context,2,EW036_RS26210;COG_S: Function unknown;EW036_RS06805,member_of_cog_category;member_of_cog_category,annotation_mediated,bounded_BFS (<= 4 hops),annotation_mediated
B36,mph(A),macrolide,EW036_RS26210,genome,EW036_RS06970,genome,graph_context,2,EW036_RS26210;COG_S: Function unknown;EW036_RS06970,member_of_cog_category;member_of_cog_category,annotation_mediated,bounded_BFS (<= 4 hops),annotation_mediated
B36,mph(A),macrolide,EW036_RS26210,genome,EW036_RS06990,genome,graph_context,2,EW036_RS26210;COG_S: Function unknown;EW036_RS06990,member_of_cog_category;member_of_cog_category,annotation_mediated,bounded_BFS (<= 4 hops),annotation_mediated
B36,mph(A),macrolide,EW036_RS26210,genome,EW036_RS07000,genome,graph_context,2,EW036_RS26210;COG_S: Function unknown;EW036_RS07000,member_of_cog_category;member_of_cog_category,annotation_mediated,bounded_BFS (<= 4 hops),annotation_mediated
B36,mph(A),macrolide,EW036_RS26210,genome,EW036_RS07010,genome,graph_context,2,EW036_RS26210;COG_S: Function unknown;EW036_RS07010,member_of_cog_category;member_of_cog_category,annotation_mediated,bounded_BFS (<= 4 hops),annotation_mediated
B36,mph(A),macrolide,EW036_RS26210,genome,EW036_RS07030,genome,graph_context,2,EW036_RS26210;COG_S: Function unknown;EW036_RS07030,member_of_cog_category;member_of_cog_category,annotation_mediated,bounded_BFS (<= 4 hops),annotation_mediated
B36,mph(A),macrolide,EW036_RS26210,genome,EW036_RS07045,genome,graph_context,2,EW036_RS26210;COG_S: Function unknown;EW036_RS07045,member_of_cog_category;member_of_cog_category,annotation_mediated,bounded_BFS (<= 4 hops),annotation_mediated
B36,mph(A),macrolide,EW036_RS26210,genome,EW036_RS07155,genome,graph_context,2,EW036_RS26210;COG_S: Function unknown;EW036_RS07155,member_of_cog_category;member_of_cog_category,annotation_mediated,bounded_BFS (<= 4 hops),annotation_mediated
B36,mph(A),macrolide,EW036_RS26210,genome,EW036_RS07190,genome,graph_context,2,EW036_RS26210;COG_S: Function unknown;EW036_RS07190,member_of_cog_category;member_of_cog_category,annotation_mediated,bounded_BFS (<= 4 hops),annotation_mediated
B36,mph(A),macrolide,EW036_RS26210,genome,EW036_RS07200,genome,graph_context,2,EW036_RS26210;COG_S: Function unknown;EW036_RS07200,member_of_cog_category;member_of_cog_category,annotation_mediated,bounded_BFS (<= 4 hops),annotation_mediated
B36,mph(A),macrolide,EW036_RS26210,genome,EW036_RS07245,genome,graph_context,2,EW036_RS26210;COG_S: Function unknown;EW036_RS07245,member_of_cog_category;member_of_cog_category,annotation_mediated,bounded_BFS (<= 4 hops),annotation_mediated
B36,mph(A),macrolide,EW036_RS26210,genome,EW036_RS07370,genome,graph_context,2,EW036_RS26210;COG_S: Function unknown;EW036_RS07370,member_of_cog_category;member_of_cog_category,annotation_mediated,bounded_BFS (<= 4 hops),annotation_mediated
B36,mph(A),macrolide,EW036_RS26210,genome,EW036_RS07385,genome,graph_context,2,EW036_RS26210;COG_S: Function unknown;EW036_RS07385,member_of_cog_category;member_of_cog_category,annotation_mediated,bounded_BFS (<= 4 hops),annotation_mediated
B36,mph(A),macrolide,EW036_RS26210,genome,EW036_RS07475,genome,graph_context,2,EW036_RS26210;COG_S: Function unknown;EW036_RS07475,member_of_cog_category;member_of_cog_category,annotation_mediated,bounded_BFS (<= 4 hops),annotation_mediated
B36,mph(A),macrolide,EW036_RS26210,genome,EW036_RS07760,genome,graph_context,2,EW036_RS26210;COG_S: Function unknown;EW036_RS07760,member_of_cog_category;member_of_cog_category,annotation_mediated,bounded_BFS (<= 4 hops),annotation_mediated
B36,mph(A),macrolide,EW036_RS26210,genome,EW036_RS07790,genome,graph_context,2,EW036_RS26210;COG_S: Function unknown;EW036_RS07790,member_of_cog_category;member_of_cog_category,annotation_mediated,bounded_BFS (<= 4 hops),annotation_mediated
B36,mph(A),macrolide,EW036_RS26210,genome,EW036_RS07845,genome,graph_context,2,EW036_RS26210;COG_S: Function unknown;EW036_RS07845,member_of_cog_category;member_of_cog_category,annotation_mediated,bounded_BFS (<= 4 hops),annotation_mediated
B36,mph(A),macrolide,EW036_RS26210,genome,EW036_RS07875,genome,graph_context,2,EW036_RS26210;COG_S: Function unknown;EW036_RS07875,member_of_cog_category;member_of_cog_category,annotation_mediated,bounded_BFS (<= 4 hops),annotation_mediated
B36,mph(A),macrolide,EW036_RS26210,genome,EW036_RS07975,genome,graph_context,2,EW036_RS26210;COG_S: Function unknown;EW036_RS07975,member_of_cog_category;member_of_cog_category,annotation_mediated,bounded_BFS (<= 4 hops),annotation_mediated
B36,mph(A),macrolide,EW036_RS26210,genome,EW036_RS07995,genome,graph_context,2,EW036_RS26210;COG_S: Function unknown;EW036_RS07995,member_of_cog_category;member_of_cog_category,annotation_mediated,bounded_BFS (<= 4 hops),annotation_mediated
B36,mph(A),macrolide,EW036_RS26210,genome,EW036_RS08025,genome,graph_context,2,EW036_RS26210;COG_S: Function unknown;EW036_RS08025,member_of_cog_category;member_of_cog_category,annotation_mediated,bounded_BFS (<= 4 hops),annotation_mediated
B36,mph(A),macrolide,EW036_RS26210,genome,EW036_RS08030,genome,graph_context,2,EW036_RS26210;COG_S: Function unknown;EW036_RS08030,member_of_cog_category;member_of_cog_category,annotation_mediated,bounded_BFS (<= 4 hops),annotation_mediated
B36,mph(A),macrolide,EW036_RS26210,genome,EW036_RS08120,genome,graph_context,2,EW036_RS26210;COG_S: Function unknown;EW036_RS08120,member_of_cog_category;member_of_cog_category,annotation_mediated,bounded_BFS (<= 4 hops),annotation_mediated
B36,mph(A),macrolide,EW036_RS26210,genome,EW036_RS08140,genome,graph_context,2,EW036_RS26210;COG_S: Function unknown;EW036_RS08140,member_of_cog_category;member_of_cog_category,annotation_mediated,bounded_BFS (<= 4 hops),annotation_mediated
B36,mph(A),macrolide,EW036_RS26210,genome,EW036_RS08145,genome,graph_context,2,EW036_RS26210;COG_S: Function unknown;EW036_RS08145,member_of_cog_category;member_of_cog_category,annotation_mediated,bounded_BFS (<= 4 hops),annotation_mediated
B36,mph(A),macrolide,EW036_RS26210,genome,EW036_RS08230,genome,graph_context,2,EW036_RS26210;COG_S: Function unknown;EW036_RS08230,member_of_cog_category;member_of_cog_category,annotation_mediated,bounded_BFS (<= 4 hops),annotation_mediated
B36,mph(A),macrolide,EW036_RS26210,genome,EW036_RS08235,genome,graph_context,2,EW036_RS26210;COG_S: Function unknown;EW036_RS08235,member_of_cog_category;member_of_cog_category,annotation_mediated,bounded_BFS (<= 4 hops),annotation_mediated
B36,mph(A),macrolide,EW036_RS26210,genome,EW036_RS08335,genome,graph_context,2,EW036_RS26210;COG_S: Function unknown;EW036_RS08335,member_of_cog_category;member_of_cog_category,annotation_mediated,bounded_BFS (<= 4 hops),annotation_mediated
B36,mph(A),macrolide,EW036_RS26210,genome,EW036_RS08640,genome,graph_context,2,EW036_RS26210;COG_S: Function unknown;EW036_RS08640,member_of_cog_category;member_of_cog_category,annotation_mediated,bounded_BFS (<= 4 hops),annotation_mediated
B36,mph(A),macrolide,EW036_RS26210,genome,EW036_RS08650,genome,graph_context,2,EW036_RS26210;COG_S: Function unknown;EW036_RS08650,member_of_cog_category;member_of_cog_category,annotation_mediated,bounded_BFS (<= 4 hops),annotation_mediated
B36,mph(A),macrolide,EW036_RS26210,genome,EW036_RS08655,genome,graph_context,2,EW036_RS26210;COG_S: Function unknown;EW036_RS08655,member_of_cog_category;member_of_cog_category,annotation_mediated,bounded_BFS (<= 4 hops),annotation_mediated
B36,mph(A),macrolide,EW036_RS26210,genome,EW036_RS08690,genome,graph_context,2,EW036_RS26210;COG_S: Function unknown;EW036_RS08690,member_of_cog_category;member_of_cog_category,annotation_mediated,bounded_BFS (<= 4 hops),annotation_mediated
B36,mph(A),macrolide,EW036_RS26210,genome,EW036_RS08770,genome,graph_context,2,EW036_RS26210;COG_S: Function unknown;EW036_RS08770,member_of_cog_category;member_of_cog_category,annotation_mediated,bounded_BFS (<= 4 hops),annotation_mediated
B36,mph(A),macrolide,EW036_RS26210,genome,EW036_RS08785,genome,graph_context,2,EW036_RS26210;COG_S: Function unknown;EW036_RS08785,member_of_cog_category;member_of_cog_category,annotation_mediated,bounded_BFS (<= 4 hops),annotation_mediated
B36,mph(A),macrolide,EW036_RS26210,genome,EW036_RS08850,genome,graph_context,2,EW036_RS26210;COG_S: Function unknown;EW036_RS08850,member_of_cog_category;member_of_cog_category,annotation_mediated,bounded_BFS (<= 4 hops),annotation_mediated
B36,mph(A),macrolide,EW036_RS26210,genome,EW036_RS08905,genome,graph_context,2,EW036_RS26210;COG_S: Function unknown;EW036_RS08905,member_of_cog_category;member_of_cog_category,annotation_mediated,bounded_BFS (<= 4 hops),annotation_mediated
B36,mph(A),macrolide,EW036_RS26210,genome,EW036_RS08930,genome,graph_context,2,EW036_RS26210;COG_S: Function unknown;EW036_RS08930,member_of_cog_category;member_of_cog_category,annotation_mediated,bounded_BFS (<= 4 hops),annotation_mediated
B36,mph(A),macrolide,EW036_RS26210,genome,EW036_RS08955,genome,graph_context,2,EW036_RS26210;COG_S: Function unknown;EW036_RS08955,member_of_cog_category;member_of_cog_category,annotation_mediated,bounded_BFS (<= 4 hops),annotation_mediated
B36,mph(A),macrolide,EW036_RS26210,genome,EW036_RS09005,genome,graph_context,2,EW036_RS26210;COG_S: Function unknown;EW036_RS09005,member_of_cog_category;member_of_cog_category,annotation_mediated,bounded_BFS (<= 4 hops),annotation_mediated
B36,mph(A),macrolide,EW036_RS26210,genome,EW036_RS09010,genome,graph_context,2,EW036_RS26210;COG_S: Function unknown;EW036_RS09010,member_of_cog_category;member_of_cog_category,annotation_mediated,bounded_BFS (<= 4 hops),annotation_mediated
B36,mph(A),macrolide,EW036_RS26210,genome,EW036_RS09015,genome,graph_context,2,EW036_RS26210;COG_S: Function unknown;EW036_RS09015,member_of_cog_category;member_of_cog_category,annotation_mediated,bounded_BFS (<= 4 hops),annotation_mediated
B36,mph(A),macrolide,EW036_RS26210,genome,EW036_RS09140,genome,graph_context,2,EW036_RS26210;COG_S: Function unknown;EW036_RS09140,member_of_cog_category;member_of_cog_category,annotation_mediated,bounded_BFS (<= 4 hops),annotation_mediated
B36,mph(A),macrolide,EW036_RS26210,genome,EW036_RS09190,genome,graph_context,2,EW036_RS26210;COG_S: Function unknown;EW036_RS09190,member_of_cog_category;member_of_cog_category,annotation_mediated,bounded_BFS (<= 4 hops),annotation_mediated
B36,mph(A),macrolide,EW036_RS26210,genome,EW036_RS09220,genome,graph_context,2,EW036_RS26210;COG_S: Function unknown;EW036_RS09220,member_of_cog_category;member_of_cog_category,annotation_mediated,bounded_BFS (<= 4 hops),annotation_mediated
B36,mph(A),macrolide,EW036_RS26210,genome,EW036_RS09240,genome,graph_context,2,EW036_RS26210;COG_S: Function unknown;EW036_RS09240,member_of_cog_category;member_of_cog_category,annotation_mediated,bounded_BFS (<= 4 hops),annotation_mediated
B36,mph(A),macrolide,EW036_RS26210,genome,EW036_RS09275,genome,graph_context,2,EW036_RS26210;COG_S: Function unknown;EW036_RS09275,member_of_cog_category;member_of_cog_category,annotation_mediated,bounded_BFS (<= 4 hops),annotation_mediated
B36,mph(A),macrolide,EW036_RS26210,genome,EW036_RS09295,genome,graph_context,2,EW036_RS26210;COG_S: Function unknown;EW036_RS09295,member_of_cog_category;member_of_cog_category,annotation_mediated,bounded_BFS (<= 4 hops),annotation_mediated
B36,mph(A),macrolide,EW036_RS26210,genome,EW036_RS09300,genome,graph_context,2,EW036_RS26210;COG_S: Function unknown;EW036_RS09300,member_of_cog_category;member_of_cog_category,annotation_mediated,bounded_BFS (<= 4 hops),annotation_mediated
B36,mph(A),macrolide,EW036_RS26210,genome,EW036_RS09400,genome,graph_context,2,EW036_RS26210;COG_S: Function unknown;EW036_RS09400,member_of_cog_category;member_of_cog_category,annotation_mediated,bounded_BFS (<= 4 hops),annotation_mediated
B36,mph(A),macrolide,EW036_RS26210,genome,EW036_RS09445,genome,graph_context,2,EW036_RS26210;COG_S: Function unknown;EW036_RS09445,member_of_cog_category;member_of_cog_category,annotation_mediated,bounded_BFS (<= 4 hops),annotation_mediated
B36,mph(A),macrolide,EW036_RS26210,genome,EW036_RS09500,genome,graph_context,2,EW036_RS26210;COG_S: Function unknown;EW036_RS09500,member_of_cog_category;member_of_cog_category,annotation_mediated,bounded_BFS (<= 4 hops),annotation_mediated
B36,mph(A),macrolide,EW036_RS26210,genome,EW036_RS09600,genome,graph_context,2,EW036_RS26210;COG_S: Function unknown;EW036_RS09600,member_of_cog_category;member_of_cog_category,annotation_mediated,bounded_BFS (<= 4 hops),annotation_mediated
B36,mph(A),macrolide,EW036_RS26210,genome,EW036_RS09620,genome,graph_context,2,EW036_RS26210;COG_S: Function unknown;EW036_RS09620,member_of_cog_category;member_of_cog_category,annotation_mediated,bounded_BFS (<= 4 hops),annotation_mediated
B36,mph(A),macrolide,EW036_RS26210,genome,EW036_RS09735,genome,graph_context,2,EW036_RS26210;COG_S: Function unknown;EW036_RS09735,member_of_cog_category;member_of_cog_category,annotation_mediated,bounded_BFS (<= 4 hops),annotation_mediated
B36,mph(A),macrolide,EW036_RS26210,genome,EW036_RS09795,genome,graph_context,2,EW036_RS26210;COG_S: Function unknown;EW036_RS09795,member_of_cog_category;member_of_cog_category,annotation_mediated,bounded_BFS (<= 4 hops),annotation_mediated
B36,mph(A),macrolide,EW036_RS26210,genome,EW036_RS10095,genome,graph_context,2,EW036_RS26210;COG_S: Function unknown;EW036_RS10095,member_of_cog_category;member_of_cog_category,annotation_mediated,bounded_BFS (<= 4 hops),annotation_mediated
B36,mph(A),macrolide,EW036_RS26210,genome,EW036_RS10100,genome,graph_context,2,EW036_RS26210;COG_S: Function unknown;EW036_RS10100,member_of_cog_category;member_of_cog_category,annotation_mediated,bounded_BFS (<= 4 hops),annotation_mediated
B36,mph(A),macrolide,EW036_RS26210,genome,EW036_RS10145,genome,graph_context,2,EW036_RS26210;COG_S: Function unknown;EW036_RS10145,member_of_cog_category;member_of_cog_category,annotation_mediated,bounded_BFS (<= 4 hops),annotation_mediated
B36,mph(A),macrolide,EW036_RS26210,genome,EW036_RS10230,genome,graph_context,2,EW036_RS26210;COG_S: Function unknown;EW036_RS10230,member_of_cog_category;member_of_cog_category,annotation_mediated,bounded_BFS (<= 4 hops),annotation_mediated
B36,mph(A),macrolide,EW036_RS26210,genome,EW036_RS10570,genome,graph_context,2,EW036_RS26210;COG_S: Function unknown;EW036_RS10570,member_of_cog_category;member_of_cog_category,annotation_mediated,bounded_BFS (<= 4 hops),annotation_mediated
B36,mph(A),macrolide,EW036_RS26210,genome,EW036_RS10635,genome,graph_context,2,EW036_RS26210;COG_S: Function unknown;EW036_RS10635,member_of_cog_category;member_of_cog_category,annotation_mediated,bounded_BFS (<= 4 hops),annotation_mediated
B36,mph(A),macrolide,EW036_RS26210,genome,EW036_RS10655,genome,graph_context,2,EW036_RS26210;COG_S: Function unknown;EW036_RS10655,member_of_cog_category;member_of_cog_category,annotation_mediated,bounded_BFS (<= 4 hops),annotation_mediated
B36,mph(A),macrolide,EW036_RS26210,genome,EW036_RS10900,genome,graph_context,2,EW036_RS26210;COG_S: Function unknown;EW036_RS10900,member_of_cog_category;member_of_cog_category,annotation_mediated,bounded_BFS (<= 4 hops),annotation_mediated
B36,mph(A),macrolide,EW036_RS26210,genome,EW036_RS10910,genome,graph_context,2,EW036_RS26210;COG_S: Function unknown;EW036_RS10910,member_of_cog_category;member_of_cog_category,annotation_mediated,bounded_BFS (<= 4 hops),annotation_mediated
B36,mph(A),macrolide,EW036_RS26210,genome,EW036_RS11000,genome,graph_context,2,EW036_RS26210;COG_S: Function unknown;EW036_RS11000,member_of_cog_category;member_of_cog_category,annotation_mediated,bounded_BFS (<= 4 hops),annotation_mediated
B36,mph(A),macrolide,EW036_RS26210,genome,EW036_RS11140,genome,graph_context,2,EW036_RS26210;COG_S: Function unknown;EW036_RS11140,member_of_cog_category;member_of_cog_category,annotation_mediated,bounded_BFS (<= 4 hops),annotation_mediated
B36,mph(A),macrolide,EW036_RS26210,genome,EW036_RS11185,genome,graph_context,2,EW036_RS26210;COG_S: Function unknown;EW036_RS11185,member_of_cog_category;member_of_cog_category,annotation_mediated,bounded_BFS (<= 4 hops),annotation_mediated
B36,mph(A),macrolide,EW036_RS26210,genome,EW036_RS11315,genome,graph_context,2,EW036_RS26210;COG_S: Function unknown;EW036_RS11315,member_of_cog_category;member_of_cog_category,annotation_mediated,bounded_BFS (<= 4 hops),annotation_mediated
B36,mph(A),macrolide,EW036_RS26210,genome,EW036_RS11395,genome,graph_context,2,EW036_RS26210;COG_S: Function unknown;EW036_RS11395,member_of_cog_category;member_of_cog_category,annotation_mediated,bounded_BFS (<= 4 hops),annotation_mediated
B36,mph(A),macrolide,EW036_RS26210,genome,EW036_RS11400,genome,graph_context,2,EW036_RS26210;COG_S: Function unknown;EW036_RS11400,member_of_cog_category;member_of_cog_category,annotation_mediated,bounded_BFS (<= 4 hops),annotation_mediated
B36,mph(A),macrolide,EW036_RS26210,genome,EW036_RS11435,genome,graph_context,2,EW036_RS26210;COG_S: Function unknown;EW036_RS11435,member_of_cog_category;member_of_cog_category,annotation_mediated,bounded_BFS (<= 4 hops),annotation_mediated
B36,mph(A),macrolide,EW036_RS26210,genome,EW036_RS11575,genome,graph_context,2,EW036_RS26210;COG_S: Function unknown;EW036_RS11575,member_of_cog_category;member_of_cog_category,annotation_mediated,bounded_BFS (<= 4 hops),annotation_mediated
B36,mph(A),macrolide,EW036_RS26210,genome,EW036_RS11620,genome,graph_context,2,EW036_RS26210;COG_S: Function unknown;EW036_RS11620,member_of_cog_category;member_of_cog_category,annotation_mediated,bounded_BFS (<= 4 hops),annotation_mediated
B36,mph(A),macrolide,EW036_RS26210,genome,EW036_RS11660,genome,graph_context,2,EW036_RS26210;COG_S: Function unknown;EW036_RS11660,member_of_cog_category;member_of_cog_category,annotation_mediated,bounded_BFS (<= 4 hops),annotation_mediated
B36,mph(A),macrolide,EW036_RS26210,genome,EW036_RS11670,genome,graph_context,2,EW036_RS26210;COG_S: Function unknown;EW036_RS11670,member_of_cog_category;member_of_cog_category,annotation_mediated,bounded_BFS (<= 4 hops),annotation_mediated
B36,mph(A),macrolide,EW036_RS26210,genome,EW036_RS11765,genome,graph_context,2,EW036_RS26210;COG_S: Function unknown;EW036_RS11765,member_of_cog_category;member_of_cog_category,annotation_mediated,bounded_BFS (<= 4 hops),annotation_mediated
B36,mph(A),macrolide,EW036_RS26210,genome,EW036_RS11795,genome,graph_context,2,EW036_RS26210;COG_S: Function unknown;EW036_RS11795,member_of_cog_category;member_of_cog_category,annotation_mediated,bounded_BFS (<= 4 hops),annotation_mediated
B36,mph(A),macrolide,EW036_RS26210,genome,EW036_RS11815,genome,graph_context,2,EW036_RS26210;COG_S: Function unknown;EW036_RS11815,member_of_cog_category;member_of_cog_category,annotation_mediated,bounded_BFS (<= 4 hops),annotation_mediated
B36,mph(A),macrolide,EW036_RS26210,genome,EW036_RS11825,genome,graph_context,2,EW036_RS26210;COG_S: Function unknown;EW036_RS11825,member_of_cog_category;member_of_cog_category,annotation_mediated,bounded_BFS (<= 4 hops),annotation_mediated
B36,mph(A),macrolide,EW036_RS26210,genome,EW036_RS12015,genome,graph_context,2,EW036_RS26210;COG_S: Function unknown;EW036_RS12015,member_of_cog_category;member_of_cog_category,annotation_mediated,bounded_BFS (<= 4 hops),annotation_mediated
B36,mph(A),macrolide,EW036_RS26210,genome,EW036_RS12125,genome,graph_context,2,EW036_RS26210;COG_S: Function unknown;EW036_RS12125,member_of_cog_category;member_of_cog_category,annotation_mediated,bounded_BFS (<= 4 hops),annotation_mediated
B36,mph(A),macrolide,EW036_RS26210,genome,EW036_RS12135,genome,graph_context,2,EW036_RS26210;COG_S: Function unknown;EW036_RS12135,member_of_cog_category;member_of_cog_category,annotation_mediated,bounded_BFS (<= 4 hops),annotation_mediated
B36,mph(A),macrolide,EW036_RS26210,genome,EW036_RS12165,genome,graph_context,2,EW036_RS26210;COG_S: Function unknown;EW036_RS12165,member_of_cog_category;member_of_cog_category,annotation_mediated,bounded_BFS (<= 4 hops),annotation_mediated
B36,mph(A),macrolide,EW036_RS26210,genome,EW036_RS12180,genome,graph_context,2,EW036_RS26210;COG_S: Function unknown;EW036_RS12180,member_of_cog_category;member_of_cog_category,annotation_mediated,bounded_BFS (<= 4 hops),annotation_mediated
B36,mph(A),macrolide,EW036_RS26210,genome,EW036_RS12210,genome,graph_context,2,EW036_RS26210;COG_S: Function unknown;EW036_RS12210,member_of_cog_category;member_of_cog_category,annotation_mediated,bounded_BFS (<= 4 hops),annotation_mediated
B36,mph(A),macrolide,EW036_RS26210,genome,EW036_RS12285,genome,graph_context,2,EW036_RS26210;COG_S: Function unknown;EW036_RS12285,member_of_cog_category;member_of_cog_category,annotation_mediated,bounded_BFS (<= 4 hops),annotation_mediated
B36,mph(A),macrolide,EW036_RS26210,genome,EW036_RS12335,genome,graph_context,2,EW036_RS26210;COG_S: Function unknown;EW036_RS12335,member_of_cog_category;member_of_cog_category,annotation_mediated,bounded_BFS (<= 4 hops),annotation_mediated
B36,mph(A),macrolide,EW036_RS26210,genome,EW036_RS12385,genome,graph_context,2,EW036_RS26210;COG_S: Function unknown;EW036_RS12385,member_of_cog_category;member_of_cog_category,annotation_mediated,bounded_BFS (<= 4 hops),annotation_mediated
B36,mph(A),macrolide,EW036_RS26210,genome,EW036_RS12505,genome,graph_context,2,EW036_RS26210;COG_S: Function unknown;EW036_RS12505,member_of_cog_category;member_of_cog_category,annotation_mediated,bounded_BFS (<= 4 hops),annotation_mediated
B36,mph(A),macrolide,EW036_RS26210,genome,EW036_RS12615,genome,graph_context,2,EW036_RS26210;COG_S: Function unknown;EW036_RS12615,member_of_cog_category;member_of_cog_category,annotation_mediated,bounded_BFS (<= 4 hops),annotation_mediated
B36,mph(A),macrolide,EW036_RS26210,genome,EW036_RS12655,genome,graph_context,2,EW036_RS26210;COG_S: Function unknown;EW036_RS12655,member_of_cog_category;member_of_cog_category,annotation_mediated,bounded_BFS (<= 4 hops),annotation_mediated
B36,mph(A),macrolide,EW036_RS26210,genome,EW036_RS12675,genome,graph_context,2,EW036_RS26210;COG_S: Function unknown;EW036_RS12675,member_of_cog_category;member_of_cog_category,annotation_mediated,bounded_BFS (<= 4 hops),annotation_mediated
B36,mph(A),macrolide,EW036_RS26210,genome,EW036_RS12690,genome,graph_context,2,EW036_RS26210;COG_S: Function unknown;EW036_RS12690,member_of_cog_category;member_of_cog_category,annotation_mediated,bounded_BFS (<= 4 hops),annotation_mediated
B36,mph(A),macrolide,EW036_RS26210,genome,EW036_RS12785,genome,graph_context,2,EW036_RS26210;COG_S: Function unknown;EW036_RS12785,member_of_cog_category;member_of_cog_category,annotation_mediated,bounded_BFS (<= 4 hops),annotation_mediated
B36,mph(A),macrolide,EW036_RS26210,genome,EW036_RS12885,genome,graph_context,2,EW036_RS26210;COG_S: Function unknown;EW036_RS12885,member_of_cog_category;member_of_cog_category,annotation_mediated,bounded_BFS (<= 4 hops),annotation_mediated
B36,mph(A),macrolide,EW036_RS26210,genome,EW036_RS12890,genome,graph_context,2,EW036_RS26210;COG_S: Function unknown;EW036_RS12890,member_of_cog_category;member_of_cog_category,annotation_mediated,bounded_BFS (<= 4 hops),annotation_mediated
B36,mph(A),macrolide,EW036_RS26210,genome,EW036_RS13010,genome,graph_context,2,EW036_RS26210;COG_S: Function unknown;EW036_RS13010,member_of_cog_category;member_of_cog_category,annotation_mediated,bounded_BFS (<= 4 hops),annotation_mediated
B36,mph(A),macrolide,EW036_RS26210,genome,EW036_RS13025,genome,graph_context,2,EW036_RS26210;COG_S: Function unknown;EW036_RS13025,member_of_cog_category;member_of_cog_category,annotation_mediated,bounded_BFS (<= 4 hops),annotation_mediated
B36,mph(A),macrolide,EW036_RS26210,genome,EW036_RS13055,genome,graph_context,2,EW036_RS26210;COG_S: Function unknown;EW036_RS13055,member_of_cog_category;member_of_cog_category,annotation_mediated,bounded_BFS (<= 4 hops),annotation_mediated
B36,mph(A),macrolide,EW036_RS26210,genome,EW036_RS13160,genome,graph_context,2,EW036_RS26210;COG_S: Function unknown;EW036_RS13160,member_of_cog_category;member_of_cog_category,annotation_mediated,bounded_BFS (<= 4 hops),annotation_mediated
B36,mph(A),macrolide,EW036_RS26210,genome,EW036_RS13175,genome,graph_context,2,EW036_RS26210;COG_S: Function unknown;EW036_RS13175,member_of_cog_category;member_of_cog_category,annotation_mediated,bounded_BFS (<= 4 hops),annotation_mediated
B36,mph(A),macrolide,EW036_RS26210,genome,EW036_RS13190,genome,graph_context,2,EW036_RS26210;COG_S: Function unknown;EW036_RS13190,member_of_cog_category;member_of_cog_category,annotation_mediated,bounded_BFS (<= 4 hops),annotation_mediated
B36,mph(A),macrolide,EW036_RS26210,genome,EW036_RS13215,genome,graph_context,2,EW036_RS26210;COG_S: Function unknown;EW036_RS13215,member_of_cog_category;member_of_cog_category,annotation_mediated,bounded_BFS (<= 4 hops),annotation_mediated
B36,mph(A),macrolide,EW036_RS26210,genome,EW036_RS13435,genome,graph_context,2,EW036_RS26210;COG_S: Function unknown;EW036_RS13435,member_of_cog_category;member_of_cog_category,annotation_mediated,bounded_BFS (<= 4 hops),annotation_mediated
B36,mph(A),macrolide,EW036_RS26210,genome,EW036_RS13450,genome,graph_context,2,EW036_RS26210;COG_S: Function unknown;EW036_RS13450,member_of_cog_category;member_of_cog_category,annotation_mediated,bounded_BFS (<= 4 hops),annotation_mediated
B36,mph(A),macrolide,EW036_RS26210,genome,EW036_RS13460,genome,graph_context,2,EW036_RS26210;COG_S: Function unknown;EW036_RS13460,member_of_cog_category;member_of_cog_category,annotation_mediated,bounded_BFS (<= 4 hops),annotation_mediated
B36,mph(A),macrolide,EW036_RS26210,genome,EW036_RS13470,genome,graph_context,2,EW036_RS26210;COG_S: Function unknown;EW036_RS13470,member_of_cog_category;member_of_cog_category,annotation_mediated,bounded_BFS (<= 4 hops),annotation_mediated
B36,mph(A),macrolide,EW036_RS26210,genome,EW036_RS13485,genome,graph_context,2,EW036_RS26210;COG_S: Function unknown;EW036_RS13485,member_of_cog_category;member_of_cog_category,annotation_mediated,bounded_BFS (<= 4 hops),annotation_mediated
B36,mph(A),macrolide,EW036_RS26210,genome,EW036_RS13490,genome,graph_context,2,EW036_RS26210;COG_S: Function unknown;EW036_RS13490,member_of_cog_category;member_of_cog_category,annotation_mediated,bounded_BFS (<= 4 hops),annotation_mediated
B36,mph(A),macrolide,EW036_RS26210,genome,EW036_RS13495,genome,graph_context,2,EW036_RS26210;COG_S: Function unknown;EW036_RS13495,member_of_cog_category;member_of_cog_category,annotation_mediated,bounded_BFS (<= 4 hops),annotation_mediated
B36,mph(A),macrolide,EW036_RS26210,genome,EW036_RS13640,genome,graph_context,2,EW036_RS26210;COG_S: Function unknown;EW036_RS13640,member_of_cog_category;member_of_cog_category,annotation_mediated,bounded_BFS (<= 4 hops),annotation_mediated
B36,mph(A),macrolide,EW036_RS26210,genome,EW036_RS13760,genome,graph_context,2,EW036_RS26210;COG_S: Function unknown;EW036_RS13760,member_of_cog_category;member_of_cog_category,annotation_mediated,bounded_BFS (<= 4 hops),annotation_mediated
B36,mph(A),macrolide,EW036_RS26210,genome,EW036_RS13780,genome,graph_context,2,EW036_RS26210;COG_S: Function unknown;EW036_RS13780,member_of_cog_category;member_of_cog_category,annotation_mediated,bounded_BFS (<= 4 hops),annotation_mediated
B36,mph(A),macrolide,EW036_RS26210,genome,EW036_RS13790,genome,graph_context,2,EW036_RS26210;COG_S: Function unknown;EW036_RS13790,member_of_cog_category;member_of_cog_category,annotation_mediated,bounded_BFS (<= 4 hops),annotation_mediated
B36,mph(A),macrolide,EW036_RS26210,genome,EW036_RS13795,genome,graph_context,2,EW036_RS26210;COG_S: Function unknown;EW036_RS13795,member_of_cog_category;member_of_cog_category,annotation_mediated,bounded_BFS (<= 4 hops),annotation_mediated
B36,mph(A),macrolide,EW036_RS26210,genome,EW036_RS14125,genome,graph_context,2,EW036_RS26210;COG_S: Function unknown;EW036_RS14125,member_of_cog_category;member_of_cog_category,annotation_mediated,bounded_BFS (<= 4 hops),annotation_mediated
B36,mph(A),macrolide,EW036_RS26210,genome,EW036_RS14195,genome,graph_context,2,EW036_RS26210;COG_S: Function unknown;EW036_RS14195,member_of_cog_category;member_of_cog_category,annotation_mediated,bounded_BFS (<= 4 hops),annotation_mediated
B36,mph(A),macrolide,EW036_RS26210,genome,EW036_RS14225,genome,graph_context,2,EW036_RS26210;COG_S: Function unknown;EW036_RS14225,member_of_cog_category;member_of_cog_category,annotation_mediated,bounded_BFS (<= 4 hops),annotation_mediated
B36,mph(A),macrolide,EW036_RS26210,genome,EW036_RS14325,genome,graph_context,2,EW036_RS26210;COG_S: Function unknown;EW036_RS14325,member_of_cog_category;member_of_cog_category,annotation_mediated,bounded_BFS (<= 4 hops),annotation_mediated
B36,mph(A),macrolide,EW036_RS26210,genome,EW036_RS14330,genome,graph_context,2,EW036_RS26210;COG_S: Function unknown;EW036_RS14330,member_of_cog_category;member_of_cog_category,annotation_mediated,bounded_BFS (<= 4 hops),annotation_mediated
B36,mph(A),macrolide,EW036_RS26210,genome,EW036_RS14340,genome,graph_context,2,EW036_RS26210;COG_S: Function unknown;EW036_RS14340,member_of_cog_category;member_of_cog_category,annotation_mediated,bounded_BFS (<= 4 hops),annotation_mediated
B36,mph(A),macrolide,EW036_RS26210,genome,EW036_RS14405,genome,graph_context,2,EW036_RS26210;COG_S: Function unknown;EW036_RS14405,member_of_cog_category;member_of_cog_category,annotation_mediated,bounded_BFS (<= 4 hops),annotation_mediated
B36,mph(A),macrolide,EW036_RS26210,genome,EW036_RS14425,genome,graph_context,2,EW036_RS26210;COG_S: Function unknown;EW036_RS14425,member_of_cog_category;member_of_cog_category,annotation_mediated,bounded_BFS (<= 4 hops),annotation_mediated
B36,mph(A),macrolide,EW036_RS26210,genome,EW036_RS14520,genome,graph_context,2,EW036_RS26210;COG_S: Function unknown;EW036_RS14520,member_of_cog_category;member_of_cog_category,annotation_mediated,bounded_BFS (<= 4 hops),annotation_mediated
B36,mph(A),macrolide,EW036_RS26210,genome,EW036_RS14535,genome,graph_context,2,EW036_RS26210;COG_S: Function unknown;EW036_RS14535,member_of_cog_category;member_of_cog_category,annotation_mediated,bounded_BFS (<= 4 hops),annotation_mediated
B36,mph(A),macrolide,EW036_RS26210,genome,EW036_RS14565,genome,graph_context,2,EW036_RS26210;COG_S: Function unknown;EW036_RS14565,member_of_cog_category;member_of_cog_category,annotation_mediated,bounded_BFS (<= 4 hops),annotation_mediated
B36,mph(A),macrolide,EW036_RS26210,genome,EW036_RS14930,genome,graph_context,2,EW036_RS26210;COG_S: Function unknown;EW036_RS14930,member_of_cog_category;member_of_cog_category,annotation_mediated,bounded_BFS (<= 4 hops),annotation_mediated
B36,mph(A),macrolide,EW036_RS26210,genome,EW036_RS15245,genome,graph_context,2,EW036_RS26210;COG_S: Function unknown;EW036_RS15245,member_of_cog_category;member_of_cog_category,annotation_mediated,bounded_BFS (<= 4 hops),annotation_mediated
B36,mph(A),macrolide,EW036_RS26210,genome,EW036_RS15250,genome,graph_context,2,EW036_RS26210;COG_S: Function unknown;EW036_RS15250,member_of_cog_category;member_of_cog_category,annotation_mediated,bounded_BFS (<= 4 hops),annotation_mediated
B36,mph(A),macrolide,EW036_RS26210,genome,EW036_RS15395,genome,graph_context,2,EW036_RS26210;COG_S: Function unknown;EW036_RS15395,member_of_cog_category;member_of_cog_category,annotation_mediated,bounded_BFS (<= 4 hops),annotation_mediated
B36,mph(A),macrolide,EW036_RS26210,genome,EW036_RS15410,genome,graph_context,2,EW036_RS26210;COG_S: Function unknown;EW036_RS15410,member_of_cog_category;member_of_cog_category,annotation_mediated,bounded_BFS (<= 4 hops),annotation_mediated
B36,mph(A),macrolide,EW036_RS26210,genome,EW036_RS15635,genome,graph_context,2,EW036_RS26210;COG_S: Function unknown;EW036_RS15635,member_of_cog_category;member_of_cog_category,annotation_mediated,bounded_BFS (<= 4 hops),annotation_mediated
B36,mph(A),macrolide,EW036_RS26210,genome,EW036_RS15740,genome,graph_context,2,EW036_RS26210;COG_S: Function unknown;EW036_RS15740,member_of_cog_category;member_of_cog_category,annotation_mediated,bounded_BFS (<= 4 hops),annotation_mediated
B36,mph(A),macrolide,EW036_RS26210,genome,EW036_RS15835,genome,graph_context,2,EW036_RS26210;COG_S: Function unknown;EW036_RS15835,member_of_cog_category;member_of_cog_category,annotation_mediated,bounded_BFS (<= 4 hops),annotation_mediated
B36,mph(A),macrolide,EW036_RS26210,genome,EW036_RS15940,genome,graph_context,2,EW036_RS26210;COG_S: Function unknown;EW036_RS15940,member_of_cog_category;member_of_cog_category,annotation_mediated,bounded_BFS (<= 4 hops),annotation_mediated
B36,mph(A),macrolide,EW036_RS26210,genome,EW036_RS15990,genome,graph_context,2,EW036_RS26210;COG_S: Function unknown;EW036_RS15990,member_of_cog_category;member_of_cog_category,annotation_mediated,bounded_BFS (<= 4 hops),annotation_mediated
B36,mph(A),macrolide,EW036_RS26210,genome,EW036_RS16090,genome,graph_context,2,EW036_RS26210;COG_S: Function unknown;EW036_RS16090,member_of_cog_category;member_of_cog_category,annotation_mediated,bounded_BFS (<= 4 hops),annotation_mediated
B36,mph(A),macrolide,EW036_RS26210,genome,EW036_RS16155,genome,graph_context,2,EW036_RS26210;COG_S: Function unknown;EW036_RS16155,member_of_cog_category;member_of_cog_category,annotation_mediated,bounded_BFS (<= 4 hops),annotation_mediated
B36,mph(A),macrolide,EW036_RS26210,genome,EW036_RS16160,genome,graph_context,2,EW036_RS26210;COG_S: Function unknown;EW036_RS16160,member_of_cog_category;member_of_cog_category,annotation_mediated,bounded_BFS (<= 4 hops),annotation_mediated
B36,mph(A),macrolide,EW036_RS26210,genome,EW036_RS16165,genome,graph_context,2,EW036_RS26210;COG_S: Function unknown;EW036_RS16165,member_of_cog_category;member_of_cog_category,annotation_mediated,bounded_BFS (<= 4 hops),annotation_mediated
B36,mph(A),macrolide,EW036_RS26210,genome,EW036_RS16465,genome,graph_context,2,EW036_RS26210;COG_S: Function unknown;EW036_RS16465,member_of_cog_category;member_of_cog_category,annotation_mediated,bounded_BFS (<= 4 hops),annotation_mediated
B36,mph(A),macrolide,EW036_RS26210,genome,EW036_RS16505,genome,graph_context,2,EW036_RS26210;COG_S: Function unknown;EW036_RS16505,member_of_cog_category;member_of_cog_category,annotation_mediated,bounded_BFS (<= 4 hops),annotation_mediated
B36,mph(A),macrolide,EW036_RS26210,genome,EW036_RS16535,genome,graph_context,2,EW036_RS26210;COG_S: Function unknown;EW036_RS16535,member_of_cog_category;member_of_cog_category,annotation_mediated,bounded_BFS (<= 4 hops),annotation_mediated
B36,mph(A),macrolide,EW036_RS26210,genome,EW036_RS16540,genome,graph_context,2,EW036_RS26210;COG_S: Function unknown;EW036_RS16540,member_of_cog_category;member_of_cog_category,annotation_mediated,bounded_BFS (<= 4 hops),annotation_mediated
B36,mph(A),macrolide,EW036_RS26210,genome,EW036_RS16560,genome,graph_context,2,EW036_RS26210;COG_S: Function unknown;EW036_RS16560,member_of_cog_category;member_of_cog_category,annotation_mediated,bounded_BFS (<= 4 hops),annotation_mediated
B36,mph(A),macrolide,EW036_RS26210,genome,EW036_RS16575,genome,graph_context,2,EW036_RS26210;COG_S: Function unknown;EW036_RS16575,member_of_cog_category;member_of_cog_category,annotation_mediated,bounded_BFS (<= 4 hops),annotation_mediated
B36,mph(A),macrolide,EW036_RS26210,genome,EW036_RS16630,genome,graph_context,2,EW036_RS26210;COG_S: Function unknown;EW036_RS16630,member_of_cog_category;member_of_cog_category,annotation_mediated,bounded_BFS (<= 4 hops),annotation_mediated
B36,mph(A),macrolide,EW036_RS26210,genome,EW036_RS16665,genome,graph_context,2,EW036_RS26210;COG_S: Function unknown;EW036_RS16665,member_of_cog_category;member_of_cog_category,annotation_mediated,bounded_BFS (<= 4 hops),annotation_mediated
B36,mph(A),macrolide,EW036_RS26210,genome,EW036_RS16820,genome,graph_context,2,EW036_RS26210;COG_S: Function unknown;EW036_RS16820,member_of_cog_category;member_of_cog_category,annotation_mediated,bounded_BFS (<= 4 hops),annotation_mediated
B36,mph(A),macrolide,EW036_RS26210,genome,EW036_RS16910,genome,graph_context,2,EW036_RS26210;COG_S: Function unknown;EW036_RS16910,member_of_cog_category;member_of_cog_category,annotation_mediated,bounded_BFS (<= 4 hops),annotation_mediated
B36,mph(A),macrolide,EW036_RS26210,genome,EW036_RS17040,genome,graph_context,2,EW036_RS26210;COG_S: Function unknown;EW036_RS17040,member_of_cog_category;member_of_cog_category,annotation_mediated,bounded_BFS (<= 4 hops),annotation_mediated
B36,mph(A),macrolide,EW036_RS26210,genome,EW036_RS17115,genome,graph_context,2,EW036_RS26210;COG_S: Function unknown;EW036_RS17115,member_of_cog_category;member_of_cog_category,annotation_mediated,bounded_BFS (<= 4 hops),annotation_mediated
B36,mph(A),macrolide,EW036_RS26210,genome,EW036_RS17225,genome,graph_context,2,EW036_RS26210;COG_S: Function unknown;EW036_RS17225,member_of_cog_category;member_of_cog_category,annotation_mediated,bounded_BFS (<= 4 hops),annotation_mediated
B36,mph(A),macrolide,EW036_RS26210,genome,EW036_RS17265,genome,graph_context,2,EW036_RS26210;COG_S: Function unknown;EW036_RS17265,member_of_cog_category;member_of_cog_category,annotation_mediated,bounded_BFS (<= 4 hops),annotation_mediated
B36,mph(A),macrolide,EW036_RS26210,genome,EW036_RS17335,genome,graph_context,2,EW036_RS26210;COG_S: Function unknown;EW036_RS17335,member_of_cog_category;member_of_cog_category,annotation_mediated,bounded_BFS (<= 4 hops),annotation_mediated
B36,mph(A),macrolide,EW036_RS26210,genome,EW036_RS17340,genome,graph_context,2,EW036_RS26210;COG_S: Function unknown;EW036_RS17340,member_of_cog_category;member_of_cog_category,annotation_mediated,bounded_BFS (<= 4 hops),annotation_mediated
B36,mph(A),macrolide,EW036_RS26210,genome,EW036_RS17365,genome,graph_context,2,EW036_RS26210;COG_S: Function unknown;EW036_RS17365,member_of_cog_category;member_of_cog_category,annotation_mediated,bounded_BFS (<= 4 hops),annotation_mediated
B36,mph(A),macrolide,EW036_RS26210,genome,EW036_RS17545,genome,graph_context,2,EW036_RS26210;COG_S: Function unknown;EW036_RS17545,member_of_cog_category;member_of_cog_category,annotation_mediated,bounded_BFS (<= 4 hops),annotation_mediated
B36,mph(A),macrolide,EW036_RS26210,genome,EW036_RS17580,genome,graph_context,2,EW036_RS26210;COG_S: Function unknown;EW036_RS17580,member_of_cog_category;member_of_cog_category,annotation_mediated,bounded_BFS (<= 4 hops),annotation_mediated
B36,mph(A),macrolide,EW036_RS26210,genome,EW036_RS17615,genome,graph_context,2,EW036_RS26210;COG_S: Function unknown;EW036_RS17615,member_of_cog_category;member_of_cog_category,annotation_mediated,bounded_BFS (<= 4 hops),annotation_mediated
B36,mph(A),macrolide,EW036_RS26210,genome,EW036_RS17680,genome,graph_context,2,EW036_RS26210;COG_S: Function unknown;EW036_RS17680,member_of_cog_category;member_of_cog_category,annotation_mediated,bounded_BFS (<= 4 hops),annotation_mediated
B36,mph(A),macrolide,EW036_RS26210,genome,EW036_RS17920,genome,graph_context,2,EW036_RS26210;COG_S: Function unknown;EW036_RS17920,member_of_cog_category;member_of_cog_category,annotation_mediated,bounded_BFS (<= 4 hops),annotation_mediated
B36,mph(A),macrolide,EW036_RS26210,genome,EW036_RS17935,genome,graph_context,2,EW036_RS26210;COG_S: Function unknown;EW036_RS17935,member_of_cog_category;member_of_cog_category,annotation_mediated,bounded_BFS (<= 4 hops),annotation_mediated
B36,mph(A),macrolide,EW036_RS26210,genome,EW036_RS17950,genome,graph_context,2,EW036_RS26210;COG_S: Function unknown;EW036_RS17950,member_of_cog_category;member_of_cog_category,annotation_mediated,bounded_BFS (<= 4 hops),annotation_mediated
B36,mph(A),macrolide,EW036_RS26210,genome,EW036_RS17955,genome,graph_context,2,EW036_RS26210;COG_S: Function unknown;EW036_RS17955,member_of_cog_category;member_of_cog_category,annotation_mediated,bounded_BFS (<= 4 hops),annotation_mediated
B36,mph(A),macrolide,EW036_RS26210,genome,EW036_RS18020,genome,graph_context,2,EW036_RS26210;COG_S: Function unknown;EW036_RS18020,member_of_cog_category;member_of_cog_category,annotation_mediated,bounded_BFS (<= 4 hops),annotation_mediated
B36,mph(A),macrolide,EW036_RS26210,genome,EW036_RS18025,genome,graph_context,2,EW036_RS26210;COG_S: Function unknown;EW036_RS18025,member_of_cog_category;member_of_cog_category,annotation_mediated,bounded_BFS (<= 4 hops),annotation_mediated
B36,mph(A),macrolide,EW036_RS26210,genome,EW036_RS18325,genome,graph_context,2,EW036_RS26210;COG_S: Function unknown;EW036_RS18325,member_of_cog_category;member_of_cog_category,annotation_mediated,bounded_BFS (<= 4 hops),annotation_mediated
B36,mph(A),macrolide,EW036_RS26210,genome,EW036_RS18350,genome,graph_context,2,EW036_RS26210;COG_S: Function unknown;EW036_RS18350,member_of_cog_category;member_of_cog_category,annotation_mediated,bounded_BFS (<= 4 hops),annotation_mediated
B36,mph(A),macrolide,EW036_RS26210,genome,EW036_RS18595,genome,graph_context,2,EW036_RS26210;COG_S: Function unknown;EW036_RS18595,member_of_cog_category;member_of_cog_category,annotation_mediated,bounded_BFS (<= 4 hops),annotation_mediated
B36,mph(A),macrolide,EW036_RS26210,genome,EW036_RS18645,genome,graph_context,2,EW036_RS26210;COG_S: Function unknown;EW036_RS18645,member_of_cog_category;member_of_cog_category,annotation_mediated,bounded_BFS (<= 4 hops),annotation_mediated
B36,mph(A),macrolide,EW036_RS26210,genome,EW036_RS18675,genome,graph_context,2,EW036_RS26210;COG_S: Function unknown;EW036_RS18675,member_of_cog_category;member_of_cog_category,annotation_mediated,bounded_BFS (<= 4 hops),annotation_mediated
B36,mph(A),macrolide,EW036_RS26210,genome,EW036_RS18705,genome,graph_context,2,EW036_RS26210;COG_S: Function unknown;EW036_RS18705,member_of_cog_category;member_of_cog_category,annotation_mediated,bounded_BFS (<= 4 hops),annotation_mediated
B36,mph(A),macrolide,EW036_RS26210,genome,EW036_RS18745,genome,graph_context,2,EW036_RS26210;COG_S: Function unknown;EW036_RS18745,member_of_cog_category;member_of_cog_category,annotation_mediated,bounded_BFS (<= 4 hops),annotation_mediated
B36,mph(A),macrolide,EW036_RS26210,genome,EW036_RS18765,genome,graph_context,2,EW036_RS26210;COG_S: Function unknown;EW036_RS18765,member_of_cog_category;member_of_cog_category,annotation_mediated,bounded_BFS (<= 4 hops),annotation_mediated
B36,mph(A),macrolide,EW036_RS26210,genome,EW036_RS18815,genome,graph_context,2,EW036_RS26210;COG_S: Function unknown;EW036_RS18815,member_of_cog_category;member_of_cog_category,annotation_mediated,bounded_BFS (<= 4 hops),annotation_mediated
B36,mph(A),macrolide,EW036_RS26210,genome,EW036_RS18850,genome,graph_context,2,EW036_RS26210;COG_S: Function unknown;EW036_RS18850,member_of_cog_category;member_of_cog_category,annotation_mediated,bounded_BFS (<= 4 hops),annotation_mediated
B36,mph(A),macrolide,EW036_RS26210,genome,EW036_RS18910,genome,graph_context,2,EW036_RS26210;COG_S: Function unknown;EW036_RS18910,member_of_cog_category;member_of_cog_category,annotation_mediated,bounded_BFS (<= 4 hops),annotation_mediated
B36,mph(A),macrolide,EW036_RS26210,genome,EW036_RS18920,genome,graph_context,2,EW036_RS26210;COG_S: Function unknown;EW036_RS18920,member_of_cog_category;member_of_cog_category,annotation_mediated,bounded_BFS (<= 4 hops),annotation_mediated
B36,mph(A),macrolide,EW036_RS26210,genome,EW036_RS19040,genome,graph_context,2,EW036_RS26210;COG_S: Function unknown;EW036_RS19040,member_of_cog_category;member_of_cog_category,annotation_mediated,bounded_BFS (<= 4 hops),annotation_mediated
B36,mph(A),macrolide,EW036_RS26210,genome,EW036_RS19115,genome,graph_context,2,EW036_RS26210;COG_S: Function unknown;EW036_RS19115,member_of_cog_category;member_of_cog_category,annotation_mediated,bounded_BFS (<= 4 hops),annotation_mediated
B36,mph(A),macrolide,EW036_RS26210,genome,EW036_RS19130,genome,graph_context,2,EW036_RS26210;COG_S: Function unknown;EW036_RS19130,member_of_cog_category;member_of_cog_category,annotation_mediated,bounded_BFS (<= 4 hops),annotation_mediated
B36,mph(A),macrolide,EW036_RS26210,genome,EW036_RS19180,genome,graph_context,2,EW036_RS26210;COG_S: Function unknown;EW036_RS19180,member_of_cog_category;member_of_cog_category,annotation_mediated,bounded_BFS (<= 4 hops),annotation_mediated
B36,mph(A),macrolide,EW036_RS26210,genome,EW036_RS19265,genome,graph_context,2,EW036_RS26210;COG_S: Function unknown;EW036_RS19265,member_of_cog_category;member_of_cog_category,annotation_mediated,bounded_BFS (<= 4 hops),annotation_mediated
B36,mph(A),macrolide,EW036_RS26210,genome,EW036_RS19275,genome,graph_context,2,EW036_RS26210;COG_S: Function unknown;EW036_RS19275,member_of_cog_category;member_of_cog_category,annotation_mediated,bounded_BFS (<= 4 hops),annotation_mediated
B36,mph(A),macrolide,EW036_RS26210,genome,EW036_RS19440,genome,graph_context,2,EW036_RS26210;COG_S: Function unknown;EW036_RS19440,member_of_cog_category;member_of_cog_category,annotation_mediated,bounded_BFS (<= 4 hops),annotation_mediated
B36,mph(A),macrolide,EW036_RS26210,genome,EW036_RS19450,genome,graph_context,2,EW036_RS26210;COG_S: Function unknown;EW036_RS19450,member_of_cog_category;member_of_cog_category,annotation_mediated,bounded_BFS (<= 4 hops),annotation_mediated
B36,mph(A),macrolide,EW036_RS26210,genome,EW036_RS19460,genome,graph_context,2,EW036_RS26210;COG_S: Function unknown;EW036_RS19460,member_of_cog_category;member_of_cog_category,annotation_mediated,bounded_BFS (<= 4 hops),annotation_mediated
B36,mph(A),macrolide,EW036_RS26210,genome,EW036_RS19475,genome,graph_context,2,EW036_RS26210;COG_S: Function unknown;EW036_RS19475,member_of_cog_category;member_of_cog_category,annotation_mediated,bounded_BFS (<= 4 hops),annotation_mediated
B36,mph(A),macrolide,EW036_RS26210,genome,EW036_RS19505,genome,graph_context,2,EW036_RS26210;COG_S: Function unknown;EW036_RS19505,member_of_cog_category;member_of_cog_category,annotation_mediated,bounded_BFS (<= 4 hops),annotation_mediated
B36,mph(A),macrolide,EW036_RS26210,genome,EW036_RS19565,genome,graph_context,2,EW036_RS26210;COG_S: Function unknown;EW036_RS19565,member_of_cog_category;member_of_cog_category,annotation_mediated,bounded_BFS (<= 4 hops),annotation_mediated
B36,mph(A),macrolide,EW036_RS26210,genome,EW036_RS19570,genome,graph_context,2,EW036_RS26210;COG_S: Function unknown;EW036_RS19570,member_of_cog_category;member_of_cog_category,annotation_mediated,bounded_BFS (<= 4 hops),annotation_mediated
B36,mph(A),macrolide,EW036_RS26210,genome,EW036_RS19650,genome,graph_context,2,EW036_RS26210;COG_S: Function unknown;EW036_RS19650,member_of_cog_category;member_of_cog_category,annotation_mediated,bounded_BFS (<= 4 hops),annotation_mediated
B36,mph(A),macrolide,EW036_RS26210,genome,EW036_RS19670,genome,graph_context,2,EW036_RS26210;COG_S: Function unknown;EW036_RS19670,member_of_cog_category;member_of_cog_category,annotation_mediated,bounded_BFS (<= 4 hops),annotation_mediated
B36,mph(A),macrolide,EW036_RS26210,genome,EW036_RS19685,genome,graph_context,2,EW036_RS26210;COG_S: Function unknown;EW036_RS19685,member_of_cog_category;member_of_cog_category,annotation_mediated,bounded_BFS (<= 4 hops),annotation_mediated
B36,mph(A),macrolide,EW036_RS26210,genome,EW036_RS19785,genome,graph_context,2,EW036_RS26210;COG_S: Function unknown;EW036_RS19785,member_of_cog_category;member_of_cog_category,annotation_mediated,bounded_BFS (<= 4 hops),annotation_mediated
B36,mph(A),macrolide,EW036_RS26210,genome,EW036_RS19820,genome,graph_context,2,EW036_RS26210;COG_S: Function unknown;EW036_RS19820,member_of_cog_category;member_of_cog_category,annotation_mediated,bounded_BFS (<= 4 hops),annotation_mediated
B36,mph(A),macrolide,EW036_RS26210,genome,EW036_RS19840,genome,graph_context,2,EW036_RS26210;COG_S: Function unknown;EW036_RS19840,member_of_cog_category;member_of_cog_category,annotation_mediated,bounded_BFS (<= 4 hops),annotation_mediated
B36,mph(A),macrolide,EW036_RS26210,genome,EW036_RS19860,genome,graph_context,2,EW036_RS26210;COG_S: Function unknown;EW036_RS19860,member_of_cog_category;member_of_cog_category,annotation_mediated,bounded_BFS (<= 4 hops),annotation_mediated
B36,mph(A),macrolide,EW036_RS26210,genome,EW036_RS19935,genome,graph_context,2,EW036_RS26210;COG_S: Function unknown;EW036_RS19935,member_of_cog_category;member_of_cog_category,annotation_mediated,bounded_BFS (<= 4 hops),annotation_mediated
B36,mph(A),macrolide,EW036_RS26210,genome,EW036_RS20030,genome,graph_context,2,EW036_RS26210;COG_S: Function unknown;EW036_RS20030,member_of_cog_category;member_of_cog_category,annotation_mediated,bounded_BFS (<= 4 hops),annotation_mediated
B36,mph(A),macrolide,EW036_RS26210,genome,EW036_RS20310,genome,graph_context,2,EW036_RS26210;COG_S: Function unknown;EW036_RS20310,member_of_cog_category;member_of_cog_category,annotation_mediated,bounded_BFS (<= 4 hops),annotation_mediated
B36,mph(A),macrolide,EW036_RS26210,genome,EW036_RS20330,genome,graph_context,2,EW036_RS26210;COG_S: Function unknown;EW036_RS20330,member_of_cog_category;member_of_cog_category,annotation_mediated,bounded_BFS (<= 4 hops),annotation_mediated
B36,mph(A),macrolide,EW036_RS26210,genome,EW036_RS20355,genome,graph_context,2,EW036_RS26210;COG_S: Function unknown;EW036_RS20355,member_of_cog_category;member_of_cog_category,annotation_mediated,bounded_BFS (<= 4 hops),annotation_mediated
B36,mph(A),macrolide,EW036_RS26210,genome,EW036_RS20370,genome,graph_context,2,EW036_RS26210;COG_S: Function unknown;EW036_RS20370,member_of_cog_category;member_of_cog_category,annotation_mediated,bounded_BFS (<= 4 hops),annotation_mediated
B36,mph(A),macrolide,EW036_RS26210,genome,EW036_RS20380,genome,graph_context,2,EW036_RS26210;COG_S: Function unknown;EW036_RS20380,member_of_cog_category;member_of_cog_category,annotation_mediated,bounded_BFS (<= 4 hops),annotation_mediated
B36,mph(A),macrolide,EW036_RS26210,genome,EW036_RS20440,genome,graph_context,2,EW036_RS26210;COG_S: Function unknown;EW036_RS20440,member_of_cog_category;member_of_cog_category,annotation_mediated,bounded_BFS (<= 4 hops),annotation_mediated
B36,mph(A),macrolide,EW036_RS26210,genome,EW036_RS20465,genome,graph_context,2,EW036_RS26210;COG_S: Function unknown;EW036_RS20465,member_of_cog_category;member_of_cog_category,annotation_mediated,bounded_BFS (<= 4 hops),annotation_mediated
B36,mph(A),macrolide,EW036_RS26210,genome,EW036_RS20470,genome,graph_context,2,EW036_RS26210;COG_S: Function unknown;EW036_RS20470,member_of_cog_category;member_of_cog_category,annotation_mediated,bounded_BFS (<= 4 hops),annotation_mediated
B36,mph(A),macrolide,EW036_RS26210,genome,EW036_RS20595,genome,graph_context,2,EW036_RS26210;COG_S: Function unknown;EW036_RS20595,member_of_cog_category;member_of_cog_category,annotation_mediated,bounded_BFS (<= 4 hops),annotation_mediated
B36,mph(A),macrolide,EW036_RS26210,genome,EW036_RS20830,genome,graph_context,2,EW036_RS26210;COG_S: Function unknown;EW036_RS20830,member_of_cog_category;member_of_cog_category,annotation_mediated,bounded_BFS (<= 4 hops),annotation_mediated
B36,mph(A),macrolide,EW036_RS26210,genome,EW036_RS20845,genome,graph_context,2,EW036_RS26210;COG_S: Function unknown;EW036_RS20845,member_of_cog_category;member_of_cog_category,annotation_mediated,bounded_BFS (<= 4 hops),annotation_mediated
B36,mph(A),macrolide,EW036_RS26210,genome,EW036_RS20880,genome,graph_context,2,EW036_RS26210;COG_S: Function unknown;EW036_RS20880,member_of_cog_category;member_of_cog_category,annotation_mediated,bounded_BFS (<= 4 hops),annotation_mediated
B36,mph(A),macrolide,EW036_RS26210,genome,EW036_RS20890,genome,graph_context,2,EW036_RS26210;COG_S: Function unknown;EW036_RS20890,member_of_cog_category;member_of_cog_category,annotation_mediated,bounded_BFS (<= 4 hops),annotation_mediated
B36,mph(A),macrolide,EW036_RS26210,genome,EW036_RS20910,genome,graph_context,2,EW036_RS26210;COG_S: Function unknown;EW036_RS20910,member_of_cog_category;member_of_cog_category,annotation_mediated,bounded_BFS (<= 4 hops),annotation_mediated
B36,mph(A),macrolide,EW036_RS26210,genome,EW036_RS21160,genome,graph_context,2,EW036_RS26210;COG_S: Function unknown;EW036_RS21160,member_of_cog_category;member_of_cog_category,annotation_mediated,bounded_BFS (<= 4 hops),annotation_mediated
B36,mph(A),macrolide,EW036_RS26210,genome,EW036_RS21470,genome,graph_context,2,EW036_RS26210;COG_S: Function unknown;EW036_RS21470,member_of_cog_category;member_of_cog_category,annotation_mediated,bounded_BFS (<= 4 hops),annotation_mediated
B36,mph(A),macrolide,EW036_RS26210,genome,EW036_RS21530,genome,graph_context,2,EW036_RS26210;COG_S: Function unknown;EW036_RS21530,member_of_cog_category;member_of_cog_category,annotation_mediated,bounded_BFS (<= 4 hops),annotation_mediated
B36,mph(A),macrolide,EW036_RS26210,genome,EW036_RS21560,genome,graph_context,2,EW036_RS26210;COG_S: Function unknown;EW036_RS21560,member_of_cog_category;member_of_cog_category,annotation_mediated,bounded_BFS (<= 4 hops),annotation_mediated
B36,mph(A),macrolide,EW036_RS26210,genome,EW036_RS21580,genome,graph_context,2,EW036_RS26210;COG_S: Function unknown;EW036_RS21580,member_of_cog_category;member_of_cog_category,annotation_mediated,bounded_BFS (<= 4 hops),annotation_mediated
B36,mph(A),macrolide,EW036_RS26210,genome,EW036_RS21590,genome,graph_context,2,EW036_RS26210;COG_S: Function unknown;EW036_RS21590,member_of_cog_category;member_of_cog_category,annotation_mediated,bounded_BFS (<= 4 hops),annotation_mediated
B36,mph(A),macrolide,EW036_RS26210,genome,EW036_RS21630,genome,graph_context,2,EW036_RS26210;COG_S: Function unknown;EW036_RS21630,member_of_cog_category;member_of_cog_category,annotation_mediated,bounded_BFS (<= 4 hops),annotation_mediated
B36,mph(A),macrolide,EW036_RS26210,genome,EW036_RS21640,genome,graph_context,2,EW036_RS26210;COG_S: Function unknown;EW036_RS21640,member_of_cog_category;member_of_cog_category,annotation_mediated,bounded_BFS (<= 4 hops),annotation_mediated
B36,mph(A),macrolide,EW036_RS26210,genome,EW036_RS21725,genome,graph_context,2,EW036_RS26210;COG_S: Function unknown;EW036_RS21725,member_of_cog_category;member_of_cog_category,annotation_mediated,bounded_BFS (<= 4 hops),annotation_mediated
B36,mph(A),macrolide,EW036_RS26210,genome,EW036_RS21765,genome,graph_context,2,EW036_RS26210;COG_S: Function unknown;EW036_RS21765,member_of_cog_category;member_of_cog_category,annotation_mediated,bounded_BFS (<= 4 hops),annotation_mediated
B36,mph(A),macrolide,EW036_RS26210,genome,EW036_RS21770,genome,graph_context,2,EW036_RS26210;COG_S: Function unknown;EW036_RS21770,member_of_cog_category;member_of_cog_category,annotation_mediated,bounded_BFS (<= 4 hops),annotation_mediated
B36,mph(A),macrolide,EW036_RS26210,genome,EW036_RS21835,genome,graph_context,2,EW036_RS26210;COG_S: Function unknown;EW036_RS21835,member_of_cog_category;member_of_cog_category,annotation_mediated,bounded_BFS (<= 4 hops),annotation_mediated
B36,mph(A),macrolide,EW036_RS26210,genome,EW036_RS22050,genome,graph_context,2,EW036_RS26210;COG_S: Function unknown;EW036_RS22050,member_of_cog_category;member_of_cog_category,annotation_mediated,bounded_BFS (<= 4 hops),annotation_mediated
B36,mph(A),macrolide,EW036_RS26210,genome,EW036_RS22255,genome,graph_context,2,EW036_RS26210;COG_S: Function unknown;EW036_RS22255,member_of_cog_category;member_of_cog_category,annotation_mediated,bounded_BFS (<= 4 hops),annotation_mediated
B36,mph(A),macrolide,EW036_RS26210,genome,EW036_RS22415,genome,graph_context,2,EW036_RS26210;COG_S: Function unknown;EW036_RS22415,member_of_cog_category;member_of_cog_category,annotation_mediated,bounded_BFS (<= 4 hops),annotation_mediated
B36,mph(A),macrolide,EW036_RS26210,genome,EW036_RS22465,genome,graph_context,2,EW036_RS26210;COG_S: Function unknown;EW036_RS22465,member_of_cog_category;member_of_cog_category,annotation_mediated,bounded_BFS (<= 4 hops),annotation_mediated
B36,mph(A),macrolide,EW036_RS26210,genome,EW036_RS22570,genome,graph_context,2,EW036_RS26210;COG_S: Function unknown;EW036_RS22570,member_of_cog_category;member_of_cog_category,annotation_mediated,bounded_BFS (<= 4 hops),annotation_mediated
B36,mph(A),macrolide,EW036_RS26210,genome,EW036_RS22575,genome,graph_context,2,EW036_RS26210;COG_S: Function unknown;EW036_RS22575,member_of_cog_category;member_of_cog_category,annotation_mediated,bounded_BFS (<= 4 hops),annotation_mediated
B36,mph(A),macrolide,EW036_RS26210,genome,EW036_RS22580,genome,graph_context,2,EW036_RS26210;COG_S: Function unknown;EW036_RS22580,member_of_cog_category;member_of_cog_category,annotation_mediated,bounded_BFS (<= 4 hops),annotation_mediated
B36,mph(A),macrolide,EW036_RS26210,genome,EW036_RS22610,genome,graph_context,2,EW036_RS26210;COG_S: Function unknown;EW036_RS22610,member_of_cog_category;member_of_cog_category,annotation_mediated,bounded_BFS (<= 4 hops),annotation_mediated
B36,mph(A),macrolide,EW036_RS26210,genome,EW036_RS22705,genome,graph_context,2,EW036_RS26210;COG_S: Function unknown;EW036_RS22705,member_of_cog_category;member_of_cog_category,annotation_mediated,bounded_BFS (<= 4 hops),annotation_mediated
B36,mph(A),macrolide,EW036_RS26210,genome,EW036_RS22710,genome,graph_context,2,EW036_RS26210;COG_S: Function unknown;EW036_RS22710,member_of_cog_category;member_of_cog_category,annotation_mediated,bounded_BFS (<= 4 hops),annotation_mediated
B36,mph(A),macrolide,EW036_RS26210,genome,EW036_RS22760,genome,graph_context,2,EW036_RS26210;COG_S: Function unknown;EW036_RS22760,member_of_cog_category;member_of_cog_category,annotation_mediated,bounded_BFS (<= 4 hops),annotation_mediated
B36,mph(A),macrolide,EW036_RS26210,genome,EW036_RS22765,genome,graph_context,2,EW036_RS26210;COG_S: Function unknown;EW036_RS22765,member_of_cog_category;member_of_cog_category,annotation_mediated,bounded_BFS (<= 4 hops),annotation_mediated
B36,mph(A),macrolide,EW036_RS26210,genome,EW036_RS22790,genome,graph_context,2,EW036_RS26210;COG_S: Function unknown;EW036_RS22790,member_of_cog_category;member_of_cog_category,annotation_mediated,bounded_BFS (<= 4 hops),annotation_mediated
B36,mph(A),macrolide,EW036_RS26210,genome,EW036_RS22955,genome,graph_context,2,EW036_RS26210;COG_S: Function unknown;EW036_RS22955,member_of_cog_category;member_of_cog_category,annotation_mediated,bounded_BFS (<= 4 hops),annotation_mediated
B36,mph(A),macrolide,EW036_RS26210,genome,EW036_RS22965,genome,graph_context,2,EW036_RS26210;COG_S: Function unknown;EW036_RS22965,member_of_cog_category;member_of_cog_category,annotation_mediated,bounded_BFS (<= 4 hops),annotation_mediated
B36,mph(A),macrolide,EW036_RS26210,genome,EW036_RS22970,genome,graph_context,2,EW036_RS26210;COG_S: Function unknown;EW036_RS22970,member_of_cog_category;member_of_cog_category,annotation_mediated,bounded_BFS (<= 4 hops),annotation_mediated
B36,mph(A),macrolide,EW036_RS26210,genome,EW036_RS23075,genome,graph_context,2,EW036_RS26210;COG_S: Function unknown;EW036_RS23075,member_of_cog_category;member_of_cog_category,annotation_mediated,bounded_BFS (<= 4 hops),annotation_mediated
B36,mph(A),macrolide,EW036_RS26210,genome,EW036_RS23180,genome,graph_context,2,EW036_RS26210;COG_S: Function unknown;EW036_RS23180,member_of_cog_category;member_of_cog_category,annotation_mediated,bounded_BFS (<= 4 hops),annotation_mediated
B36,mph(A),macrolide,EW036_RS26210,genome,EW036_RS23205,genome,graph_context,2,EW036_RS26210;COG_S: Function unknown;EW036_RS23205,member_of_cog_category;member_of_cog_category,annotation_mediated,bounded_BFS (<= 4 hops),annotation_mediated
B36,mph(A),macrolide,EW036_RS26210,genome,EW036_RS23235,genome,graph_context,2,EW036_RS26210;COG_S: Function unknown;EW036_RS23235,member_of_cog_category;member_of_cog_category,annotation_mediated,bounded_BFS (<= 4 hops),annotation_mediated
B36,mph(A),macrolide,EW036_RS26210,genome,EW036_RS23300,genome,graph_context,2,EW036_RS26210;COG_S: Function unknown;EW036_RS23300,member_of_cog_category;member_of_cog_category,annotation_mediated,bounded_BFS (<= 4 hops),annotation_mediated
B36,mph(A),macrolide,EW036_RS26210,genome,EW036_RS23345,genome,graph_context,2,EW036_RS26210;COG_S: Function unknown;EW036_RS23345,member_of_cog_category;member_of_cog_category,annotation_mediated,bounded_BFS (<= 4 hops),annotation_mediated
B36,mph(A),macrolide,EW036_RS26210,genome,EW036_RS23400,genome,graph_context,2,EW036_RS26210;COG_S: Function unknown;EW036_RS23400,member_of_cog_category;member_of_cog_category,annotation_mediated,bounded_BFS (<= 4 hops),annotation_mediated
B36,mph(A),macrolide,EW036_RS26210,genome,EW036_RS23440,genome,graph_context,2,EW036_RS26210;COG_S: Function unknown;EW036_RS23440,member_of_cog_category;member_of_cog_category,annotation_mediated,bounded_BFS (<= 4 hops),annotation_mediated
B36,mph(A),macrolide,EW036_RS26210,genome,EW036_RS23730,genome,graph_context,2,EW036_RS26210;COG_S: Function unknown;EW036_RS23730,member_of_cog_category;member_of_cog_category,annotation_mediated,bounded_BFS (<= 4 hops),annotation_mediated
B36,mph(A),macrolide,EW036_RS26210,genome,EW036_RS23735,genome,graph_context,2,EW036_RS26210;COG_S: Function unknown;EW036_RS23735,member_of_cog_category;member_of_cog_category,annotation_mediated,bounded_BFS (<= 4 hops),annotation_mediated
B36,mph(A),macrolide,EW036_RS26210,genome,EW036_RS23740,genome,graph_context,2,EW036_RS26210;COG_S: Function unknown;EW036_RS23740,member_of_cog_category;member_of_cog_category,annotation_mediated,bounded_BFS (<= 4 hops),annotation_mediated
B36,mph(A),macrolide,EW036_RS26210,genome,EW036_RS23860,genome,graph_context,2,EW036_RS26210;COG_S: Function unknown;EW036_RS23860,member_of_cog_category;member_of_cog_category,annotation_mediated,bounded_BFS (<= 4 hops),annotation_mediated
B36,mph(A),macrolide,EW036_RS26210,genome,EW036_RS23895,genome,graph_context,2,EW036_RS26210;COG_S: Function unknown;EW036_RS23895,member_of_cog_category;member_of_cog_category,annotation_mediated,bounded_BFS (<= 4 hops),annotation_mediated
B36,mph(A),macrolide,EW036_RS26210,genome,EW036_RS23970,genome,graph_context,2,EW036_RS26210;COG_S: Function unknown;EW036_RS23970,member_of_cog_category;member_of_cog_category,annotation_mediated,bounded_BFS (<= 4 hops),annotation_mediated
B36,mph(A),macrolide,EW036_RS26210,genome,EW036_RS24130,genome,graph_context,2,EW036_RS26210;COG_S: Function unknown;EW036_RS24130,member_of_cog_category;member_of_cog_category,annotation_mediated,bounded_BFS (<= 4 hops),annotation_mediated
B36,mph(A),macrolide,EW036_RS26210,genome,EW036_RS24360,genome,graph_context,2,EW036_RS26210;COG_S: Function unknown;EW036_RS24360,member_of_cog_category;member_of_cog_category,annotation_mediated,bounded_BFS (<= 4 hops),annotation_mediated
B36,mph(A),macrolide,EW036_RS26210,genome,EW036_RS24530,genome,graph_context,2,EW036_RS26210;COG_S: Function unknown;EW036_RS24530,member_of_cog_category;member_of_cog_category,annotation_mediated,bounded_BFS (<= 4 hops),annotation_mediated
B36,mph(A),macrolide,EW036_RS26210,genome,EW036_RS24540,genome,graph_context,2,EW036_RS26210;COG_S: Function unknown;EW036_RS24540,member_of_cog_category;member_of_cog_category,annotation_mediated,bounded_BFS (<= 4 hops),annotation_mediated
B36,mph(A),macrolide,EW036_RS26210,genome,EW036_RS24585,genome,graph_context,2,EW036_RS26210;COG_S: Function unknown;EW036_RS24585,member_of_cog_category;member_of_cog_category,annotation_mediated,bounded_BFS (<= 4 hops),annotation_mediated
B36,mph(A),macrolide,EW036_RS26210,genome,EW036_RS24740,genome,graph_context,2,EW036_RS26210;COG_S: Function unknown;EW036_RS24740,member_of_cog_category;member_of_cog_category,annotation_mediated,bounded_BFS (<= 4 hops),annotation_mediated
B36,mph(A),macrolide,EW036_RS26210,genome,EW036_RS24815,genome,graph_context,2,EW036_RS26210;COG_S: Function unknown;EW036_RS24815,member_of_cog_category;member_of_cog_category,annotation_mediated,bounded_BFS (<= 4 hops),annotation_mediated
B36,mph(A),macrolide,EW036_RS26210,genome,EW036_RS24855,genome,graph_context,2,EW036_RS26210;COG_S: Function unknown;EW036_RS24855,member_of_cog_category;member_of_cog_category,annotation_mediated,bounded_BFS (<= 4 hops),annotation_mediated
B36,mph(A),macrolide,EW036_RS26210,genome,EW036_RS24900,genome,graph_context,2,EW036_RS26210;COG_S: Function unknown;EW036_RS24900,member_of_cog_category;member_of_cog_category,annotation_mediated,bounded_BFS (<= 4 hops),annotation_mediated
B36,mph(A),macrolide,EW036_RS26210,genome,EW036_RS24960,genome,graph_context,2,EW036_RS26210;COG_S: Function unknown;EW036_RS24960,member_of_cog_category;member_of_cog_category,annotation_mediated,bounded_BFS (<= 4 hops),annotation_mediated
B36,mph(A),macrolide,EW036_RS26210,genome,EW036_RS24970,genome,graph_context,2,EW036_RS26210;COG_S: Function unknown;EW036_RS24970,member_of_cog_category;member_of_cog_category,annotation_mediated,bounded_BFS (<= 4 hops),annotation_mediated
B36,mph(A),macrolide,EW036_RS26210,genome,EW036_RS24990,genome,graph_context,2,EW036_RS26210;COG_S: Function unknown;EW036_RS24990,member_of_cog_category;member_of_cog_category,annotation_mediated,bounded_BFS (<= 4 hops),annotation_mediated
B36,mph(A),macrolide,EW036_RS26210,genome,EW036_RS25090,genome,graph_context,2,EW036_RS26210;COG_S: Function unknown;EW036_RS25090,member_of_cog_category;member_of_cog_category,annotation_mediated,bounded_BFS (<= 4 hops),annotation_mediated
B36,mph(A),macrolide,EW036_RS26210,genome,EW036_RS25155,genome,graph_context,2,EW036_RS26210;COG_S: Function unknown;EW036_RS25155,member_of_cog_category;member_of_cog_category,annotation_mediated,bounded_BFS (<= 4 hops),annotation_mediated
B36,mph(A),macrolide,EW036_RS26210,genome,EW036_RS25165,genome,graph_context,2,EW036_RS26210;COG_S: Function unknown;EW036_RS25165,member_of_cog_category;member_of_cog_category,annotation_mediated,bounded_BFS (<= 4 hops),annotation_mediated
B36,mph(A),macrolide,EW036_RS26210,genome,EW036_RS25175,genome,graph_context,2,EW036_RS26210;COG_S: Function unknown;EW036_RS25175,member_of_cog_category;member_of_cog_category,annotation_mediated,bounded_BFS (<= 4 hops),annotation_mediated
B36,mph(A),macrolide,EW036_RS26210,genome,EW036_RS25410,genome,graph_context,2,EW036_RS26210;COG_S: Function unknown;EW036_RS25410,member_of_cog_category;member_of_cog_category,annotation_mediated,bounded_BFS (<= 4 hops),annotation_mediated
B36,mph(A),macrolide,EW036_RS26210,genome,EW036_RS25495,genome,graph_context,2,EW036_RS26210;COG_S: Function unknown;EW036_RS25495,member_of_cog_category;member_of_cog_category,annotation_mediated,bounded_BFS (<= 4 hops),annotation_mediated
B36,mph(A),macrolide,EW036_RS26210,genome,EW036_RS25500,genome,graph_context,2,EW036_RS26210;COG_S: Function unknown;EW036_RS25500,member_of_cog_category;member_of_cog_category,annotation_mediated,bounded_BFS (<= 4 hops),annotation_mediated
B36,mph(A),macrolide,EW036_RS26210,genome,EW036_RS25655,genome,graph_context,2,EW036_RS26210;COG_S: Function unknown;EW036_RS25655,member_of_cog_category;member_of_cog_category,annotation_mediated,bounded_BFS (<= 4 hops),annotation_mediated
B36,mph(A),macrolide,EW036_RS26210,genome,EW036_RS25660,genome,graph_context,2,EW036_RS26210;COG_S: Function unknown;EW036_RS25660,member_of_cog_category;member_of_cog_category,annotation_mediated,bounded_BFS (<= 4 hops),annotation_mediated
B36,mph(A),macrolide,EW036_RS26210,genome,EW036_RS25665,genome,graph_context,2,EW036_RS26210;COG_S: Function unknown;EW036_RS25665,member_of_cog_category;member_of_cog_category,annotation_mediated,bounded_BFS (<= 4 hops),annotation_mediated
B36,mph(A),macrolide,EW036_RS26210,genome,EW036_RS25730,genome,graph_context,2,EW036_RS26210;COG_S: Function unknown;EW036_RS25730,member_of_cog_category;member_of_cog_category,annotation_mediated,bounded_BFS (<= 4 hops),annotation_mediated
B36,mph(A),macrolide,EW036_RS26210,genome,EW036_RS26035,genome,graph_context,2,EW036_RS26210;COG_S: Function unknown;EW036_RS26035,member_of_cog_category;member_of_cog_category,annotation_mediated,bounded_BFS (<= 4 hops),annotation_mediated
B36,mph(A),macrolide,EW036_RS26210,genome,EW036_RS26145,genome,graph_context,2,EW036_RS26210;COG_S: Function unknown;EW036_RS26145,member_of_cog_category;member_of_cog_category,annotation_mediated,bounded_BFS (<= 4 hops),annotation_mediated
B36,mph(A),macrolide,EW036_RS26210,genome,EW036_RS26225,genome,graph_context,2,EW036_RS26210;EW036_RS26220;EW036_RS26225,genomic_proximity;genomic_proximity,graph_derived,bounded_BFS (<= 4 hops),graph_derived
B36,mph(A),macrolide,EW036_RS26210,genome,EW036_RS26285,genome,graph_context,2,EW036_RS26210;COG_S: Function unknown;EW036_RS26285,member_of_cog_category;member_of_cog_category,annotation_mediated,bounded_BFS (<= 4 hops),annotation_mediated
B36,mph(A),macrolide,EW036_RS26210,genome,EW036_RS26400,genome,graph_context,2,EW036_RS26210;COG_S: Function unknown;EW036_RS26400,member_of_cog_category;member_of_cog_category,annotation_mediated,bounded_BFS (<= 4 hops),annotation_mediated
B36,mph(A),macrolide,EW036_RS26210,genome,EW036_RS26425,genome,graph_context,2,EW036_RS26210;COG_S: Function unknown;EW036_RS26425,member_of_cog_category;member_of_cog_category,annotation_mediated,bounded_BFS (<= 4 hops),annotation_mediated
B36,mph(A),macrolide,EW036_RS26210,genome,EW036_RS26430,genome,graph_context,2,EW036_RS26210;COG_S: Function unknown;EW036_RS26430,member_of_cog_category;member_of_cog_category,annotation_mediated,bounded_BFS (<= 4 hops),annotation_mediated
B36,mph(A),macrolide,EW036_RS26210,genome,EW036_RS26440,genome,graph_context,2,EW036_RS26210;COG_S: Function unknown;EW036_RS26440,member_of_cog_category;member_of_cog_category,annotation_mediated,bounded_BFS (<= 4 hops),annotation_mediated
B36,mph(A),macrolide,EW036_RS26210,genome,EW036_RS26445,genome,graph_context,2,EW036_RS26210;COG_S: Function unknown;EW036_RS26445,member_of_cog_category;member_of_cog_category,annotation_mediated,bounded_BFS (<= 4 hops),annotation_mediated
B36,mph(A),macrolide,EW036_RS26210,genome,EW036_RS26450,genome,graph_context,2,EW036_RS26210;COG_S: Function unknown;EW036_RS26450,member_of_cog_category;member_of_cog_category,annotation_mediated,bounded_BFS (<= 4 hops),annotation_mediated
B36,mph(A),macrolide,EW036_RS26210,genome,EW036_RS26455,genome,graph_context,2,EW036_RS26210;COG_S: Function unknown;EW036_RS26455,member_of_cog_category;member_of_cog_category,annotation_mediated,bounded_BFS (<= 4 hops),annotation_mediated
B36,mph(A),macrolide,EW036_RS26210,genome,EW036_RS26500,genome,graph_context,2,EW036_RS26210;COG_S: Function unknown;EW036_RS26500,member_of_cog_category;member_of_cog_category,annotation_mediated,bounded_BFS (<= 4 hops),annotation_mediated
B36,mph(A),macrolide,EW036_RS26210,genome,WP_000002953.1,proteome,graph_context,2,EW036_RS26210;COG_S: Function unknown;WP_000002953.1,member_of_cog_category;member_of_cog_category,annotation_mediated,bounded_BFS (<= 4 hops),annotation_mediated
B36,mph(A),macrolide,EW036_RS26210,genome,WP_000004487.1,proteome,graph_context,2,EW036_RS26210;COG_S: Function unknown;WP_000004487.1,member_of_cog_category;member_of_cog_category,annotation_mediated,bounded_BFS (<= 4 hops),annotation_mediated
B36,mph(A),macrolide,EW036_RS26210,genome,WP_000005712.1,proteome,graph_context,2,EW036_RS26210;COG_S: Function unknown;WP_000005712.1,member_of_cog_category;member_of_cog_category,annotation_mediated,bounded_BFS (<= 4 hops),annotation_mediated
B36,mph(A),macrolide,EW036_RS26210,genome,WP_000009307.1,proteome,graph_context,2,EW036_RS26210;COG_S: Function unknown;WP_000009307.1,member_of_cog_category;member_of_cog_category,annotation_mediated,bounded_BFS (<= 4 hops),annotation_mediated
B36,mph(A),macrolide,EW036_RS26210,genome,WP_000011664.1,proteome,graph_context,2,EW036_RS26210;COG_S: Function unknown;WP_000011664.1,member_of_cog_category;member_of_cog_category,annotation_mediated,bounded_BFS (<= 4 hops),annotation_mediated
B36,mph(A),macrolide,EW036_RS26210,genome,WP_000013152.1,proteome,graph_context,2,EW036_RS26210;COG_S: Function unknown;WP_000013152.1,member_of_cog_category;member_of_cog_category,annotation_mediated,bounded_BFS (<= 4 hops),annotation_mediated
B36,mph(A),macrolide,EW036_RS26210,genome,WP_000013746.1,proteome,graph_context,2,EW036_RS26210;COG_S: Function unknown;WP_000013746.1,member_of_cog_category;member_of_cog_category,annotation_mediated,bounded_BFS (<= 4 hops),annotation_mediated
B36,mph(A),macrolide,EW036_RS26210,genome,WP_000018631.1,proteome,graph_context,2,EW036_RS26210;COG_S: Function unknown;WP_000018631.1,member_of_cog_category;member_of_cog_category,annotation_mediated,bounded_BFS (<= 4 hops),annotation_mediated
B36,mph(A),macrolide,EW036_RS26210,genome,WP_000020737.1,proteome,graph_context,2,EW036_RS26210;COG_S: Function unknown;WP_000020737.1,member_of_cog_category;member_of_cog_category,annotation_mediated,bounded_BFS (<= 4 hops),annotation_mediated
B36,mph(A),macrolide,EW036_RS26210,genome,WP_000024724.1,proteome,graph_context,2,EW036_RS26210;COG_S: Function unknown;WP_000024724.1,member_of_cog_category;member_of_cog_category,annotation_mediated,bounded_BFS (<= 4 hops),annotation_mediated
B36,mph(A),macrolide,EW036_RS26210,genome,WP_000028953.1,proteome,graph_context,2,EW036_RS26210;COG_S: Function unknown;WP_000028953.1,member_of_cog_category;member_of_cog_category,annotation_mediated,bounded_BFS (<= 4 hops),annotation_mediated
B36,mph(A),macrolide,EW036_RS26210,genome,WP_000030016.1,proteome,graph_context,2,EW036_RS26210;COG_S: Function unknown;WP_000030016.1,member_of_cog_category;member_of_cog_category,annotation_mediated,bounded_BFS (<= 4 hops),annotation_mediated
B36,mph(A),macrolide,EW036_RS26210,genome,WP_000031415.1,proteome,graph_context,2,EW036_RS26210;COG_S: Function unknown;WP_000031415.1,member_of_cog_category;member_of_cog_category,annotation_mediated,bounded_BFS (<= 4 hops),annotation_mediated
B36,mph(A),macrolide,EW036_RS26210,genome,WP_000031883.1,proteome,graph_context,2,EW036_RS26210;COG_S: Function unknown;WP_000031883.1,member_of_cog_category;member_of_cog_category,annotation_mediated,bounded_BFS (<= 4 hops),annotation_mediated
B36,mph(A),macrolide,EW036_RS26210,genome,WP_000034402.1,proteome,graph_context,2,WP_000219391.1;GO:0016740: F:transferase activity;WP_000034402.1,member_of_go_term;member_of_go_term,annotation_mediated,bounded_BFS (<= 4 hops),annotation_mediated
B36,blaCTX-M-15,beta_lactam,EW036_RS26225,genome,EW036_RS26225_RNA,transcriptome,rna_quantified,0,,,directly_observed,aligned_multiomics.csv (RNA_RPMI/RNA_Sera),observed
B36,blaCTX-M-15,beta_lactam,EW036_RS26225,genome,EW036_RS26220,genome,genomic_proximity,1,EW036_RS26225;EW036_RS26220,genomic_proximity,graph_derived,edges_gene_genomic_proximity_gene.csv,graph_derived
B36,blaCTX-M-15,beta_lactam,EW036_RS26225,genome,EW036_RS26230,genome,genomic_proximity,1,EW036_RS26225;EW036_RS26230,genomic_proximity,graph_derived,edges_gene_genomic_proximity_gene.csv,graph_derived
B36,blaCTX-M-15,beta_lactam,EW036_RS26225,hypergraph,map01501,hypergraph,hyperedge_membership,1,EW036_RS26225;map01501,member_of:kegg_pathway,graph_derived,hyperedges.csv,graph_derived
B36,blaCTX-M-15,beta_lactam,EW036_RS26225,hypergraph,ko01501,hypergraph,hyperedge_membership,1,EW036_RS26225;ko01501,member_of:kegg_pathway,graph_derived,hyperedges.csv,graph_derived
B36,blaCTX-M-15,beta_lactam,EW036_RS26225,hypergraph,ko01130,hypergraph,hyperedge_membership,1,EW036_RS26225;ko01130,member_of:kegg_pathway,graph_derived,hyperedges.csv,graph_derived
B36,blaCTX-M-15,beta_lactam,EW036_RS26225,hypergraph,map01130,hypergraph,hyperedge_membership,1,EW036_RS26225;map01130,member_of:kegg_pathway,graph_derived,hyperedges.csv,graph_derived
B36,blaCTX-M-15,beta_lactam,EW036_RS26225,hypergraph,COG_V: Defense mechanisms,hypergraph,hyperedge_membership,1,EW036_RS26225;COG_V: Defense mechanisms,member_of:cog_category,graph_derived,hyperedges.csv,graph_derived
B36,blaCTX-M-15,beta_lactam,EW036_RS26225,hypergraph,beta_lactam_resistance,hypergraph,hyperedge_membership,1,EW036_RS26225;beta_lactam_resistance,member_of:amr_mechanism,graph_derived,hyperedges.csv,graph_derived
B36,blaCTX-M-15,beta_lactam,EW036_RS26225,hypergraph,ko00311,hypergraph,hyperedge_membership,1,EW036_RS26225;ko00311,member_of:kegg_pathway,graph_derived,hyperedges.csv,graph_derived
B36,blaCTX-M-15,beta_lactam,EW036_RS26225,hypergraph,map00311,hypergraph,hyperedge_membership,1,EW036_RS26225;map00311,member_of:kegg_pathway,graph_derived,hyperedges.csv,graph_derived
B36,blaCTX-M-15,beta_lactam,EW036_RS26225,genome,ko00311,kegg,in_pathway,1,EW036_RS26225;ko00311,in_pathway,annotation_mediated,edges_gene_in_pathway_annotation.csv (KEGG),annotation_mediated
B36,blaCTX-M-15,beta_lactam,EW036_RS26225,genome,ko01130,kegg,in_pathway,1,EW036_RS26225;ko01130,in_pathway,annotation_mediated,edges_gene_in_pathway_annotation.csv (KEGG),annotation_mediated
B36,blaCTX-M-15,beta_lactam,EW036_RS26225,genome,ko01501,kegg,in_pathway,1,EW036_RS26225;ko01501,in_pathway,annotation_mediated,edges_gene_in_pathway_annotation.csv (KEGG),annotation_mediated
B36,blaCTX-M-15,beta_lactam,EW036_RS26225,genome,map00311,kegg,in_pathway,1,EW036_RS26225;map00311,in_pathway,annotation_mediated,edges_gene_in_pathway_annotation.csv (KEGG),annotation_mediated
B36,blaCTX-M-15,beta_lactam,EW036_RS26225,genome,map01130,kegg,in_pathway,1,EW036_RS26225;map01130,in_pathway,annotation_mediated,edges_gene_in_pathway_annotation.csv (KEGG),annotation_mediated
B36,blaCTX-M-15,beta_lactam,EW036_RS26225,genome,map01501,kegg,in_pathway,1,EW036_RS26225;map01501,in_pathway,annotation_mediated,edges_gene_in_pathway_annotation.csv (KEGG),annotation_mediated
B36,blaCTX-M-15,beta_lactam,EW036_RS26225,genome,V,cog,cog_category,1,EW036_RS26225;V,cog_category,annotation_mediated,edges_gene_cog_category_annotation.csv (eggNOG/COG),annotation_mediated
B36,blaCTX-M-15,beta_lactam,EW036_RS26225,genome,beta_lactam,ppi_amr,amr_mechanism,1,EW036_RS26225;beta_lactam,associated_with,annotation_mediated,amr_manifest / edges_gene_associated_with_annotation.csv,annotation_mediated
B36,blaCTX-M-15,beta_lactam,EW036_RS26225,genome,CHEBI:16414,metabolome,shares_pathway,2,EW036_RS26225;map00311;CHEBI:16414,in_pathway;in_pathway,inferred,pathway-mediated (gene->pathway->metabolite),inferred
B36,blaCTX-M-15,beta_lactam,EW036_RS26225,genome,CHEBI:16414,metabolome,metabolite_quantified,2,,,directly_observed,metabolomics_abundance.csv,observed
B36,blaCTX-M-15,beta_lactam,EW036_RS26225,genome,CHEBI:17561,metabolome,shares_pathway,2,EW036_RS26225;map00311;CHEBI:17561,in_pathway;in_pathway,inferred,pathway-mediated (gene->pathway->metabolite),inferred
B36,blaCTX-M-15,beta_lactam,EW036_RS26225,genome,CHEBI:17561,metabolome,metabolite_quantified,2,,,directly_observed,metabolomics_abundance.csv,observed
B36,blaCTX-M-15,beta_lactam,EW036_RS26225,genome,CHEBI:37024,metabolome,shares_pathway,2,EW036_RS26225;map00311;CHEBI:37024,in_pathway;in_pathway,inferred,pathway-mediated (gene->pathway->metabolite),inferred
B36,blaCTX-M-15,beta_lactam,EW036_RS26225,genome,CHEBI:37024,metabolome,metabolite_quantified,2,,,directly_observed,metabolomics_abundance.csv,observed
B36,blaCTX-M-15,beta_lactam,EW036_RS26225,genome,EW036_RS00135,genome,graph_context,2,EW036_RS26225;ko01130;EW036_RS00135,in_pathway;in_pathway,annotation_mediated,bounded_BFS (<= 4 hops),annotation_mediated
B36,blaCTX-M-15,beta_lactam,EW036_RS26225,genome,EW036_RS00555,genome,graph_context,2,EW036_RS26225;COG_V: Defense mechanisms;EW036_RS00555,member_of_cog_category;member_of_cog_category,annotation_mediated,bounded_BFS (<= 4 hops),annotation_mediated
B36,blaCTX-M-15,beta_lactam,EW036_RS26225,genome,EW036_RS00880,genome,graph_context,2,EW036_RS26225;ko01130;EW036_RS00880,in_pathway;in_pathway,annotation_mediated,bounded_BFS (<= 4 hops),annotation_mediated
B36,blaCTX-M-15,beta_lactam,EW036_RS26225,genome,EW036_RS01080,genome,graph_context,2,EW036_RS26225;ko01130;EW036_RS01080,in_pathway;in_pathway,annotation_mediated,bounded_BFS (<= 4 hops),annotation_mediated
B36,blaCTX-M-15,beta_lactam,EW036_RS26225,genome,EW036_RS01240,genome,graph_context,2,EW036_RS26225;ko01501;EW036_RS01240,in_pathway;in_pathway,annotation_mediated,bounded_BFS (<= 4 hops),annotation_mediated
B36,blaCTX-M-15,beta_lactam,EW036_RS26225,genome,EW036_RS01245,genome,graph_context,2,EW036_RS26225;ko01501;EW036_RS01245,in_pathway;in_pathway,annotation_mediated,bounded_BFS (<= 4 hops),annotation_mediated
B36,blaCTX-M-15,beta_lactam,EW036_RS26225,genome,EW036_RS01400,genome,graph_context,2,EW036_RS26225;COG_V: Defense mechanisms;EW036_RS01400,member_of_cog_category;member_of_cog_category,annotation_mediated,bounded_BFS (<= 4 hops),annotation_mediated
B36,blaCTX-M-15,beta_lactam,EW036_RS26225,genome,EW036_RS01575,genome,graph_context,2,EW036_RS26225;COG_V: Defense mechanisms;EW036_RS01575,member_of_cog_category;member_of_cog_category,annotation_mediated,bounded_BFS (<= 4 hops),annotation_mediated
B36,blaCTX-M-15,beta_lactam,EW036_RS26225,genome,EW036_RS01825,genome,graph_context,2,EW036_RS26225;ko01130;EW036_RS01825,in_pathway;in_pathway,annotation_mediated,bounded_BFS (<= 4 hops),annotation_mediated
B36,blaCTX-M-15,beta_lactam,EW036_RS26225,genome,EW036_RS01850,genome,graph_context,2,EW036_RS26225;ko01130;EW036_RS01850,in_pathway;in_pathway,annotation_mediated,bounded_BFS (<= 4 hops),annotation_mediated
B36,blaCTX-M-15,beta_lactam,EW036_RS26225,genome,EW036_RS02000,genome,graph_context,2,EW036_RS26225;ko01130;EW036_RS02000,in_pathway;in_pathway,annotation_mediated,bounded_BFS (<= 4 hops),annotation_mediated
B36,blaCTX-M-15,beta_lactam,EW036_RS26225,genome,EW036_RS02045,genome,graph_context,2,EW036_RS26225;ko01501;EW036_RS02045,in_pathway;in_pathway,annotation_mediated,bounded_BFS (<= 4 hops),annotation_mediated
B36,blaCTX-M-15,beta_lactam,EW036_RS26225,genome,EW036_RS02075,genome,graph_context,2,EW036_RS26225;ko01130;EW036_RS02075,in_pathway;in_pathway,annotation_mediated,bounded_BFS (<= 4 hops),annotation_mediated
B36,blaCTX-M-15,beta_lactam,EW036_RS26225,genome,EW036_RS02080,genome,graph_context,2,EW036_RS26225;ko01130;EW036_RS02080,in_pathway;in_pathway,annotation_mediated,bounded_BFS (<= 4 hops),annotation_mediated
B36,blaCTX-M-15,beta_lactam,EW036_RS26225,genome,EW036_RS02095,genome,graph_context,2,EW036_RS26225;ko01130;EW036_RS02095,in_pathway;in_pathway,annotation_mediated,bounded_BFS (<= 4 hops),annotation_mediated
B36,blaCTX-M-15,beta_lactam,EW036_RS26225,genome,EW036_RS02100,genome,graph_context,2,EW036_RS26225;ko01130;EW036_RS02100,in_pathway;in_pathway,annotation_mediated,bounded_BFS (<= 4 hops),annotation_mediated
B36,blaCTX-M-15,beta_lactam,EW036_RS26225,genome,EW036_RS02200,genome,graph_context,2,EW036_RS26225;ko01130;EW036_RS02200,in_pathway;in_pathway,annotation_mediated,bounded_BFS (<= 4 hops),annotation_mediated
B36,blaCTX-M-15,beta_lactam,EW036_RS26225,genome,EW036_RS02205,genome,graph_context,2,EW036_RS26225;ko01130;EW036_RS02205,in_pathway;in_pathway,annotation_mediated,bounded_BFS (<= 4 hops),annotation_mediated
B36,blaCTX-M-15,beta_lactam,EW036_RS26225,genome,EW036_RS02600,genome,graph_context,2,EW036_RS26225;ko01130;EW036_RS02600,in_pathway;in_pathway,annotation_mediated,bounded_BFS (<= 4 hops),annotation_mediated
B36,blaCTX-M-15,beta_lactam,EW036_RS26225,genome,EW036_RS02765,genome,graph_context,2,EW036_RS26225;ko01130;EW036_RS02765,in_pathway;in_pathway,annotation_mediated,bounded_BFS (<= 4 hops),annotation_mediated
B36,blaCTX-M-15,beta_lactam,EW036_RS26225,genome,EW036_RS02770,genome,graph_context,2,EW036_RS26225;ko01130;EW036_RS02770,in_pathway;in_pathway,annotation_mediated,bounded_BFS (<= 4 hops),annotation_mediated
B36,blaCTX-M-15,beta_lactam,EW036_RS26225,genome,EW036_RS02860,genome,graph_context,2,EW036_RS26225;ko01130;EW036_RS02860,in_pathway;in_pathway,annotation_mediated,bounded_BFS (<= 4 hops),annotation_mediated
B36,blaCTX-M-15,beta_lactam,EW036_RS26225,genome,EW036_RS02910,genome,graph_context,2,EW036_RS26225;ko01130;EW036_RS02910,in_pathway;in_pathway,annotation_mediated,bounded_BFS (<= 4 hops),annotation_mediated
B36,blaCTX-M-15,beta_lactam,EW036_RS26225,genome,EW036_RS02925,genome,graph_context,2,EW036_RS26225;ko01130;EW036_RS02925,in_pathway;in_pathway,annotation_mediated,bounded_BFS (<= 4 hops),annotation_mediated
B36,blaCTX-M-15,beta_lactam,EW036_RS26225,genome,EW036_RS02935,genome,graph_context,2,EW036_RS26225;ko01130;EW036_RS02935,in_pathway;in_pathway,annotation_mediated,bounded_BFS (<= 4 hops),annotation_mediated
B36,blaCTX-M-15,beta_lactam,EW036_RS26225,genome,EW036_RS02940,genome,graph_context,2,EW036_RS26225;ko01130;EW036_RS02940,in_pathway;in_pathway,annotation_mediated,bounded_BFS (<= 4 hops),annotation_mediated
B36,blaCTX-M-15,beta_lactam,EW036_RS26225,genome,EW036_RS03120,genome,graph_context,2,EW036_RS26225;ko01130;EW036_RS03120,in_pathway;in_pathway,annotation_mediated,bounded_BFS (<= 4 hops),annotation_mediated
B36,blaCTX-M-15,beta_lactam,EW036_RS26225,genome,EW036_RS03140,genome,graph_context,2,EW036_RS26225;ko01130;EW036_RS03140,in_pathway;in_pathway,annotation_mediated,bounded_BFS (<= 4 hops),annotation_mediated
B36,blaCTX-M-15,beta_lactam,EW036_RS26225,genome,EW036_RS03395,genome,graph_context,2,EW036_RS26225;ko01130;EW036_RS03395,in_pathway;in_pathway,annotation_mediated,bounded_BFS (<= 4 hops),annotation_mediated
B36,blaCTX-M-15,beta_lactam,EW036_RS26225,genome,EW036_RS03420,genome,graph_context,2,EW036_RS26225;ko01130;EW036_RS03420,in_pathway;in_pathway,annotation_mediated,bounded_BFS (<= 4 hops),annotation_mediated
B36,blaCTX-M-15,beta_lactam,EW036_RS26225,genome,EW036_RS03810,genome,graph_context,2,EW036_RS26225;ko01501;EW036_RS03810,in_pathway;in_pathway,annotation_mediated,bounded_BFS (<= 4 hops),annotation_mediated
B36,blaCTX-M-15,beta_lactam,EW036_RS26225,genome,EW036_RS04030,genome,graph_context,2,EW036_RS26225;ko01130;EW036_RS04030,in_pathway;in_pathway,annotation_mediated,bounded_BFS (<= 4 hops),annotation_mediated
B36,blaCTX-M-15,beta_lactam,EW036_RS26225,genome,EW036_RS04170,genome,graph_context,2,EW036_RS26225;ko01130;EW036_RS04170,in_pathway;in_pathway,annotation_mediated,bounded_BFS (<= 4 hops),annotation_mediated
B36,blaCTX-M-15,beta_lactam,EW036_RS26225,genome,EW036_RS04175,genome,graph_context,2,EW036_RS26225;ko01130;EW036_RS04175,in_pathway;in_pathway,annotation_mediated,bounded_BFS (<= 4 hops),annotation_mediated
B36,blaCTX-M-15,beta_lactam,EW036_RS26225,genome,EW036_RS04285,genome,graph_context,2,EW036_RS26225;ko01130;EW036_RS04285,in_pathway;in_pathway,annotation_mediated,bounded_BFS (<= 4 hops),annotation_mediated
B36,blaCTX-M-15,beta_lactam,EW036_RS26225,genome,EW036_RS04820,genome,graph_context,2,EW036_RS26225;ko01130;EW036_RS04820,in_pathway;in_pathway,annotation_mediated,bounded_BFS (<= 4 hops),annotation_mediated
B36,blaCTX-M-15,beta_lactam,EW036_RS26225,genome,EW036_RS04990,genome,graph_context,2,EW036_RS26225;ko01130;EW036_RS04990,in_pathway;in_pathway,annotation_mediated,bounded_BFS (<= 4 hops),annotation_mediated
B36,blaCTX-M-15,beta_lactam,EW036_RS26225,genome,EW036_RS05060,genome,graph_context,2,EW036_RS26225;ko01130;EW036_RS05060,in_pathway;in_pathway,annotation_mediated,bounded_BFS (<= 4 hops),annotation_mediated
B36,blaCTX-M-15,beta_lactam,EW036_RS26225,genome,EW036_RS05065,genome,graph_context,2,EW036_RS26225;ko01130;EW036_RS05065,in_pathway;in_pathway,annotation_mediated,bounded_BFS (<= 4 hops),annotation_mediated
B36,blaCTX-M-15,beta_lactam,EW036_RS26225,genome,EW036_RS05070,genome,graph_context,2,EW036_RS26225;ko01130;EW036_RS05070,in_pathway;in_pathway,annotation_mediated,bounded_BFS (<= 4 hops),annotation_mediated
B36,blaCTX-M-15,beta_lactam,EW036_RS26225,genome,EW036_RS05115,genome,graph_context,2,EW036_RS26225;ko01130;EW036_RS05115,in_pathway;in_pathway,annotation_mediated,bounded_BFS (<= 4 hops),annotation_mediated
B36,blaCTX-M-15,beta_lactam,EW036_RS26225,genome,EW036_RS05120,genome,graph_context,2,EW036_RS26225;ko01130;EW036_RS05120,in_pathway;in_pathway,annotation_mediated,bounded_BFS (<= 4 hops),annotation_mediated
B36,blaCTX-M-15,beta_lactam,EW036_RS26225,genome,EW036_RS05170,genome,graph_context,2,EW036_RS26225;ko01130;EW036_RS05170,in_pathway;in_pathway,annotation_mediated,bounded_BFS (<= 4 hops),annotation_mediated
B36,blaCTX-M-15,beta_lactam,EW036_RS26225,genome,EW036_RS05175,genome,graph_context,2,EW036_RS26225;ko01130;EW036_RS05175,in_pathway;in_pathway,annotation_mediated,bounded_BFS (<= 4 hops),annotation_mediated
B36,blaCTX-M-15,beta_lactam,EW036_RS26225,genome,EW036_RS05180,genome,graph_context,2,EW036_RS26225;ko01130;EW036_RS05180,in_pathway;in_pathway,annotation_mediated,bounded_BFS (<= 4 hops),annotation_mediated
B36,blaCTX-M-15,beta_lactam,EW036_RS26225,genome,EW036_RS05245,genome,graph_context,2,EW036_RS26225;ko01130;EW036_RS05245,in_pathway;in_pathway,annotation_mediated,bounded_BFS (<= 4 hops),annotation_mediated
B36,blaCTX-M-15,beta_lactam,EW036_RS26225,genome,EW036_RS05415,genome,graph_context,2,EW036_RS26225;ko01130;EW036_RS05415,in_pathway;in_pathway,annotation_mediated,bounded_BFS (<= 4 hops),annotation_mediated
B36,blaCTX-M-15,beta_lactam,EW036_RS26225,genome,EW036_RS05805,genome,graph_context,2,EW036_RS26225;ko01130;EW036_RS05805,in_pathway;in_pathway,annotation_mediated,bounded_BFS (<= 4 hops),annotation_mediated
B36,blaCTX-M-15,beta_lactam,EW036_RS26225,genome,EW036_RS05830,genome,graph_context,2,EW036_RS26225;ko01130;EW036_RS05830,in_pathway;in_pathway,annotation_mediated,bounded_BFS (<= 4 hops),annotation_mediated
B36,blaCTX-M-15,beta_lactam,EW036_RS26225,genome,EW036_RS05885,genome,graph_context,2,EW036_RS26225;ko01130;EW036_RS05885,in_pathway;in_pathway,annotation_mediated,bounded_BFS (<= 4 hops),annotation_mediated
B36,blaCTX-M-15,beta_lactam,EW036_RS26225,genome,EW036_RS06015,genome,graph_context,2,EW036_RS26225;ko01130;EW036_RS06015,in_pathway;in_pathway,annotation_mediated,bounded_BFS (<= 4 hops),annotation_mediated
B36,blaCTX-M-15,beta_lactam,EW036_RS26225,genome,EW036_RS06020,genome,graph_context,2,EW036_RS26225;ko01130;EW036_RS06020,in_pathway;in_pathway,annotation_mediated,bounded_BFS (<= 4 hops),annotation_mediated
B36,blaCTX-M-15,beta_lactam,EW036_RS26225,genome,EW036_RS06040,genome,graph_context,2,EW036_RS26225;ko01130;EW036_RS06040,in_pathway;in_pathway,annotation_mediated,bounded_BFS (<= 4 hops),annotation_mediated
B36,blaCTX-M-15,beta_lactam,EW036_RS26225,genome,EW036_RS06045,genome,graph_context,2,EW036_RS26225;ko01130;EW036_RS06045,in_pathway;in_pathway,annotation_mediated,bounded_BFS (<= 4 hops),annotation_mediated
B36,blaCTX-M-15,beta_lactam,EW036_RS26225,genome,EW036_RS06390,genome,graph_context,2,EW036_RS26225;COG_V: Defense mechanisms;EW036_RS06390,member_of_cog_category;member_of_cog_category,annotation_mediated,bounded_BFS (<= 4 hops),annotation_mediated
B36,blaCTX-M-15,beta_lactam,EW036_RS26225,genome,EW036_RS06635,genome,graph_context,2,EW036_RS26225;ko01130;EW036_RS06635,in_pathway;in_pathway,annotation_mediated,bounded_BFS (<= 4 hops),annotation_mediated
B36,blaCTX-M-15,beta_lactam,EW036_RS26225,genome,EW036_RS06640,genome,graph_context,2,EW036_RS26225;ko01130;EW036_RS06640,in_pathway;in_pathway,annotation_mediated,bounded_BFS (<= 4 hops),annotation_mediated
B36,blaCTX-M-15,beta_lactam,EW036_RS26225,genome,EW036_RS06855,genome,graph_context,2,EW036_RS26225;ko01130;EW036_RS06855,in_pathway;in_pathway,annotation_mediated,bounded_BFS (<= 4 hops),annotation_mediated
B36,blaCTX-M-15,beta_lactam,EW036_RS26225,genome,EW036_RS06885,genome,graph_context,2,EW036_RS26225;ko01130;EW036_RS06885,in_pathway;in_pathway,annotation_mediated,bounded_BFS (<= 4 hops),annotation_mediated
B36,blaCTX-M-15,beta_lactam,EW036_RS26225,genome,EW036_RS06920,genome,graph_context,2,EW036_RS26225;ko01130;EW036_RS06920,in_pathway;in_pathway,annotation_mediated,bounded_BFS (<= 4 hops),annotation_mediated
B36,blaCTX-M-15,beta_lactam,EW036_RS26225,genome,EW036_RS07020,genome,graph_context,2,EW036_RS26225;ko01130;EW036_RS07020,in_pathway;in_pathway,annotation_mediated,bounded_BFS (<= 4 hops),annotation_mediated
B36,blaCTX-M-15,beta_lactam,EW036_RS26225,genome,EW036_RS07035,genome,graph_context,2,EW036_RS26225;ko01130;EW036_RS07035,in_pathway;in_pathway,annotation_mediated,bounded_BFS (<= 4 hops),annotation_mediated
B36,blaCTX-M-15,beta_lactam,EW036_RS26225,genome,EW036_RS07125,genome,graph_context,2,EW036_RS26225;ko01130;EW036_RS07125,in_pathway;in_pathway,annotation_mediated,bounded_BFS (<= 4 hops),annotation_mediated
B36,blaCTX-M-15,beta_lactam,EW036_RS26225,genome,EW036_RS07130,genome,graph_context,2,EW036_RS26225;ko01130;EW036_RS07130,in_pathway;in_pathway,annotation_mediated,bounded_BFS (<= 4 hops),annotation_mediated
B36,blaCTX-M-15,beta_lactam,EW036_RS26225,genome,EW036_RS07175,genome,graph_context,2,EW036_RS26225;ko01130;EW036_RS07175,in_pathway;in_pathway,annotation_mediated,bounded_BFS (<= 4 hops),annotation_mediated
B36,blaCTX-M-15,beta_lactam,EW036_RS26225,genome,EW036_RS07185,genome,graph_context,2,EW036_RS26225;ko01130;EW036_RS07185,in_pathway;in_pathway,annotation_mediated,bounded_BFS (<= 4 hops),annotation_mediated
B36,blaCTX-M-15,beta_lactam,EW036_RS26225,genome,EW036_RS07235,genome,graph_context,2,EW036_RS26225;ko01130;EW036_RS07235,in_pathway;in_pathway,annotation_mediated,bounded_BFS (<= 4 hops),annotation_mediated
B36,blaCTX-M-15,beta_lactam,EW036_RS26225,genome,EW036_RS07250,genome,graph_context,2,EW036_RS26225;ko01130;EW036_RS07250,in_pathway;in_pathway,annotation_mediated,bounded_BFS (<= 4 hops),annotation_mediated
B36,blaCTX-M-15,beta_lactam,EW036_RS26225,genome,EW036_RS07255,genome,graph_context,2,EW036_RS26225;ko01130;EW036_RS07255,in_pathway;in_pathway,annotation_mediated,bounded_BFS (<= 4 hops),annotation_mediated
B36,blaCTX-M-15,beta_lactam,EW036_RS26225,genome,EW036_RS07395,genome,graph_context,2,EW036_RS26225;ko01130;EW036_RS07395,in_pathway;in_pathway,annotation_mediated,bounded_BFS (<= 4 hops),annotation_mediated
B36,blaCTX-M-15,beta_lactam,EW036_RS26225,genome,EW036_RS07420,genome,graph_context,2,EW036_RS26225;ko01130;EW036_RS07420,in_pathway;in_pathway,annotation_mediated,bounded_BFS (<= 4 hops),annotation_mediated
B36,blaCTX-M-15,beta_lactam,EW036_RS26225,genome,EW036_RS07450,genome,graph_context,2,EW036_RS26225;ko01130;EW036_RS07450,in_pathway;in_pathway,annotation_mediated,bounded_BFS (<= 4 hops),annotation_mediated
B36,blaCTX-M-15,beta_lactam,EW036_RS26225,genome,EW036_RS07580,genome,graph_context,2,EW036_RS26225;ko01130;EW036_RS07580,in_pathway;in_pathway,annotation_mediated,bounded_BFS (<= 4 hops),annotation_mediated
B36,blaCTX-M-15,beta_lactam,EW036_RS26225,genome,EW036_RS07795,genome,graph_context,2,EW036_RS26225;ko01130;EW036_RS07795,in_pathway;in_pathway,annotation_mediated,bounded_BFS (<= 4 hops),annotation_mediated
B36,blaCTX-M-15,beta_lactam,EW036_RS26225,genome,EW036_RS07800,genome,graph_context,2,EW036_RS26225;ko01130;EW036_RS07800,in_pathway;in_pathway,annotation_mediated,bounded_BFS (<= 4 hops),annotation_mediated
B36,blaCTX-M-15,beta_lactam,EW036_RS26225,genome,EW036_RS07855,genome,graph_context,2,EW036_RS26225;ko01130;EW036_RS07855,in_pathway;in_pathway,annotation_mediated,bounded_BFS (<= 4 hops),annotation_mediated
B36,blaCTX-M-15,beta_lactam,EW036_RS26225,genome,EW036_RS07905,genome,graph_context,2,EW036_RS26225;ko01130;EW036_RS07905,in_pathway;in_pathway,annotation_mediated,bounded_BFS (<= 4 hops),annotation_mediated
B36,blaCTX-M-15,beta_lactam,EW036_RS26225,genome,EW036_RS07920,genome,graph_context,2,EW036_RS26225;ko01130;EW036_RS07920,in_pathway;in_pathway,annotation_mediated,bounded_BFS (<= 4 hops),annotation_mediated
B36,blaCTX-M-15,beta_lactam,EW036_RS26225,genome,EW036_RS07940,genome,graph_context,2,EW036_RS26225;ko01130;EW036_RS07940,in_pathway;in_pathway,annotation_mediated,bounded_BFS (<= 4 hops),annotation_mediated
B36,blaCTX-M-15,beta_lactam,EW036_RS26225,genome,EW036_RS08000,genome,graph_context,2,EW036_RS26225;ko01130;EW036_RS08000,in_pathway;in_pathway,annotation_mediated,bounded_BFS (<= 4 hops),annotation_mediated
B36,blaCTX-M-15,beta_lactam,EW036_RS26225,genome,EW036_RS08045,genome,graph_context,2,EW036_RS26225;ko01130;EW036_RS08045,in_pathway;in_pathway,annotation_mediated,bounded_BFS (<= 4 hops),annotation_mediated
B36,blaCTX-M-15,beta_lactam,EW036_RS26225,genome,EW036_RS08150,genome,graph_context,2,EW036_RS26225;ko01130;EW036_RS08150,in_pathway;in_pathway,annotation_mediated,bounded_BFS (<= 4 hops),annotation_mediated
B36,blaCTX-M-15,beta_lactam,EW036_RS26225,genome,EW036_RS08270,genome,graph_context,2,EW036_RS26225;ko01130;EW036_RS08270,in_pathway;in_pathway,annotation_mediated,bounded_BFS (<= 4 hops),annotation_mediated
B36,blaCTX-M-15,beta_lactam,EW036_RS26225,genome,EW036_RS08625,genome,graph_context,2,EW036_RS26225;COG_V: Defense mechanisms;EW036_RS08625,member_of_cog_category;member_of_cog_category,annotation_mediated,bounded_BFS (<= 4 hops),annotation_mediated
B36,blaCTX-M-15,beta_lactam,EW036_RS26225,genome,EW036_RS08695,genome,graph_context,2,EW036_RS26225;ko01130;EW036_RS08695,in_pathway;in_pathway,annotation_mediated,bounded_BFS (<= 4 hops),annotation_mediated
B36,blaCTX-M-15,beta_lactam,EW036_RS26225,genome,EW036_RS08700,genome,graph_context,2,EW036_RS26225;ko01501;EW036_RS08700,in_pathway;in_pathway,annotation_mediated,bounded_BFS (<= 4 hops),annotation_mediated
B36,blaCTX-M-15,beta_lactam,EW036_RS26225,genome,EW036_RS09065,genome,graph_context,2,EW036_RS26225;ko01130;EW036_RS09065,in_pathway;in_pathway,annotation_mediated,bounded_BFS (<= 4 hops),annotation_mediated
B36,blaCTX-M-15,beta_lactam,EW036_RS26225,genome,EW036_RS09420,genome,graph_context,2,EW036_RS26225;ko01130;EW036_RS09420,in_pathway;in_pathway,annotation_mediated,bounded_BFS (<= 4 hops),annotation_mediated
B36,blaCTX-M-15,beta_lactam,EW036_RS26225,genome,EW036_RS09425,genome,graph_context,2,EW036_RS26225;ko01130;EW036_RS09425,in_pathway;in_pathway,annotation_mediated,bounded_BFS (<= 4 hops),annotation_mediated
B36,blaCTX-M-15,beta_lactam,EW036_RS26225,genome,EW036_RS09495,genome,graph_context,2,EW036_RS26225;ko01501;EW036_RS09495,in_pathway;in_pathway,annotation_mediated,bounded_BFS (<= 4 hops),annotation_mediated
B36,blaCTX-M-15,beta_lactam,EW036_RS26225,genome,EW036_RS09545,genome,graph_context,2,EW036_RS26225;COG_V: Defense mechanisms;EW036_RS09545,member_of_cog_category;member_of_cog_category,annotation_mediated,bounded_BFS (<= 4 hops),annotation_mediated
B36,blaCTX-M-15,beta_lactam,EW036_RS26225,genome,EW036_RS09555,genome,graph_context,2,EW036_RS26225;ko01130;EW036_RS09555,in_pathway;in_pathway,annotation_mediated,bounded_BFS (<= 4 hops),annotation_mediated
B36,blaCTX-M-15,beta_lactam,EW036_RS26225,genome,EW036_RS09615,genome,graph_context,2,EW036_RS26225;ko01130;EW036_RS09615,in_pathway;in_pathway,annotation_mediated,bounded_BFS (<= 4 hops),annotation_mediated
B36,blaCTX-M-15,beta_lactam,EW036_RS26225,genome,EW036_RS09640,genome,graph_context,2,EW036_RS26225;ko01130;EW036_RS09640,in_pathway;in_pathway,annotation_mediated,bounded_BFS (<= 4 hops),annotation_mediated
B36,blaCTX-M-15,beta_lactam,EW036_RS26225,genome,EW036_RS10165,genome,graph_context,2,EW036_RS26225;COG_V: Defense mechanisms;EW036_RS10165,member_of_cog_category;member_of_cog_category,annotation_mediated,bounded_BFS (<= 4 hops),annotation_mediated
B36,blaCTX-M-15,beta_lactam,EW036_RS26225,genome,EW036_RS10410,genome,graph_context,2,EW036_RS26225;ko01130;EW036_RS10410,in_pathway;in_pathway,annotation_mediated,bounded_BFS (<= 4 hops),annotation_mediated
B36,blaCTX-M-15,beta_lactam,EW036_RS26225,genome,EW036_RS10415,genome,graph_context,2,EW036_RS26225;ko01130;EW036_RS10415,in_pathway;in_pathway,annotation_mediated,bounded_BFS (<= 4 hops),annotation_mediated
B36,blaCTX-M-15,beta_lactam,EW036_RS26225,genome,EW036_RS10580,genome,graph_context,2,EW036_RS26225;ko01130;EW036_RS10580,in_pathway;in_pathway,annotation_mediated,bounded_BFS (<= 4 hops),annotation_mediated
B36,blaCTX-M-15,beta_lactam,EW036_RS26225,genome,EW036_RS10600,genome,graph_context,2,EW036_RS26225;ko01130;EW036_RS10600,in_pathway;in_pathway,annotation_mediated,bounded_BFS (<= 4 hops),annotation_mediated
B36,blaCTX-M-15,beta_lactam,EW036_RS26225,genome,EW036_RS10610,genome,graph_context,2,EW036_RS26225;ko01501;EW036_RS10610,in_pathway;in_pathway,annotation_mediated,bounded_BFS (<= 4 hops),annotation_mediated
B36,blaCTX-M-15,beta_lactam,EW036_RS26225,genome,EW036_RS10615,genome,graph_context,2,EW036_RS26225;ko01501;EW036_RS10615,in_pathway;in_pathway,annotation_mediated,bounded_BFS (<= 4 hops),annotation_mediated
B36,blaCTX-M-15,beta_lactam,EW036_RS26225,genome,EW036_RS10625,genome,graph_context,2,EW036_RS26225;ko01501;EW036_RS10625,in_pathway;in_pathway,annotation_mediated,bounded_BFS (<= 4 hops),annotation_mediated
B36,blaCTX-M-15,beta_lactam,EW036_RS26225,genome,EW036_RS10630,genome,graph_context,2,EW036_RS26225;ko01501;EW036_RS10630,in_pathway;in_pathway,annotation_mediated,bounded_BFS (<= 4 hops),annotation_mediated
B36,blaCTX-M-15,beta_lactam,EW036_RS26225,genome,EW036_RS11065,genome,graph_context,2,EW036_RS26225;ko01130;EW036_RS11065,in_pathway;in_pathway,annotation_mediated,bounded_BFS (<= 4 hops),annotation_mediated
B36,blaCTX-M-15,beta_lactam,EW036_RS26225,genome,EW036_RS11070,genome,graph_context,2,EW036_RS26225;ko01130;EW036_RS11070,in_pathway;in_pathway,annotation_mediated,bounded_BFS (<= 4 hops),annotation_mediated
B36,blaCTX-M-15,beta_lactam,EW036_RS26225,genome,EW036_RS11075,genome,graph_context,2,EW036_RS26225;ko01130;EW036_RS11075,in_pathway;in_pathway,annotation_mediated,bounded_BFS (<= 4 hops),annotation_mediated
B36,blaCTX-M-15,beta_lactam,EW036_RS26225,genome,EW036_RS11080,genome,graph_context,2,EW036_RS26225;ko01130;EW036_RS11080,in_pathway;in_pathway,annotation_mediated,bounded_BFS (<= 4 hops),annotation_mediated
B36,blaCTX-M-15,beta_lactam,EW036_RS26225,genome,EW036_RS11085,genome,graph_context,2,EW036_RS26225;ko01130;EW036_RS11085,in_pathway;in_pathway,annotation_mediated,bounded_BFS (<= 4 hops),annotation_mediated
B36,blaCTX-M-15,beta_lactam,EW036_RS26225,genome,EW036_RS11170,genome,graph_context,2,EW036_RS26225;ko01130;EW036_RS11170,in_pathway;in_pathway,annotation_mediated,bounded_BFS (<= 4 hops),annotation_mediated
B36,blaCTX-M-15,beta_lactam,EW036_RS26225,genome,EW036_RS11240,genome,graph_context,2,EW036_RS26225;ko01130;EW036_RS11240,in_pathway;in_pathway,annotation_mediated,bounded_BFS (<= 4 hops),annotation_mediated
B36,blaCTX-M-15,beta_lactam,EW036_RS26225,genome,EW036_RS11280,genome,graph_context,2,EW036_RS26225;COG_V: Defense mechanisms;EW036_RS11280,member_of_cog_category;member_of_cog_category,annotation_mediated,bounded_BFS (<= 4 hops),annotation_mediated
B36,blaCTX-M-15,beta_lactam,EW036_RS26225,genome,EW036_RS11445,genome,graph_context,2,EW036_RS26225;ko01501;EW036_RS11445,in_pathway;in_pathway,annotation_mediated,bounded_BFS (<= 4 hops),annotation_mediated
B36,blaCTX-M-15,beta_lactam,EW036_RS26225,genome,EW036_RS11555,genome,graph_context,2,EW036_RS26225;ko01130;EW036_RS11555,in_pathway;in_pathway,annotation_mediated,bounded_BFS (<= 4 hops),annotation_mediated
B36,blaCTX-M-15,beta_lactam,EW036_RS26225,genome,EW036_RS11630,genome,graph_context,2,EW036_RS26225;ko01130;EW036_RS11630,in_pathway;in_pathway,annotation_mediated,bounded_BFS (<= 4 hops),annotation_mediated
B36,blaCTX-M-15,beta_lactam,EW036_RS26225,genome,EW036_RS11890,genome,graph_context,2,EW036_RS26225;ko01130;EW036_RS11890,in_pathway;in_pathway,annotation_mediated,bounded_BFS (<= 4 hops),annotation_mediated
B36,blaCTX-M-15,beta_lactam,EW036_RS26225,genome,EW036_RS12320,genome,graph_context,2,EW036_RS26225;ko01130;EW036_RS12320,in_pathway;in_pathway,annotation_mediated,bounded_BFS (<= 4 hops),annotation_mediated
B36,blaCTX-M-15,beta_lactam,EW036_RS26225,genome,EW036_RS12325,genome,graph_context,2,EW036_RS26225;ko01130;EW036_RS12325,in_pathway;in_pathway,annotation_mediated,bounded_BFS (<= 4 hops),annotation_mediated
B36,blaCTX-M-15,beta_lactam,EW036_RS26225,genome,EW036_RS12330,genome,graph_context,2,EW036_RS26225;ko01130;EW036_RS12330,in_pathway;in_pathway,annotation_mediated,bounded_BFS (<= 4 hops),annotation_mediated
B36,blaCTX-M-15,beta_lactam,EW036_RS26225,genome,EW036_RS12660,genome,graph_context,2,EW036_RS26225;ko01130;EW036_RS12660,in_pathway;in_pathway,annotation_mediated,bounded_BFS (<= 4 hops),annotation_mediated
B36,blaCTX-M-15,beta_lactam,EW036_RS26225,genome,EW036_RS12720,genome,graph_context,2,EW036_RS26225;ko01130;EW036_RS12720,in_pathway;in_pathway,annotation_mediated,bounded_BFS (<= 4 hops),annotation_mediated
B36,blaCTX-M-15,beta_lactam,EW036_RS26225,genome,EW036_RS12775,genome,graph_context,2,EW036_RS26225;ko01130;EW036_RS12775,in_pathway;in_pathway,annotation_mediated,bounded_BFS (<= 4 hops),annotation_mediated
B36,blaCTX-M-15,beta_lactam,EW036_RS26225,genome,EW036_RS12870,genome,graph_context,2,EW036_RS26225;ko01130;EW036_RS12870,in_pathway;in_pathway,annotation_mediated,bounded_BFS (<= 4 hops),annotation_mediated
B36,blaCTX-M-15,beta_lactam,EW036_RS26225,genome,EW036_RS12910,genome,graph_context,2,EW036_RS26225;ko01130;EW036_RS12910,in_pathway;in_pathway,annotation_mediated,bounded_BFS (<= 4 hops),annotation_mediated
B36,blaCTX-M-15,beta_lactam,EW036_RS26225,genome,EW036_RS12995,genome,graph_context,2,EW036_RS26225;ko01130;EW036_RS12995,in_pathway;in_pathway,annotation_mediated,bounded_BFS (<= 4 hops),annotation_mediated
B36,blaCTX-M-15,beta_lactam,EW036_RS26225,genome,EW036_RS13150,genome,graph_context,2,EW036_RS26225;ko01130;EW036_RS13150,in_pathway;in_pathway,annotation_mediated,bounded_BFS (<= 4 hops),annotation_mediated
B36,blaCTX-M-15,beta_lactam,EW036_RS26225,genome,EW036_RS13155,genome,graph_context,2,EW036_RS26225;ko01130;EW036_RS13155,in_pathway;in_pathway,annotation_mediated,bounded_BFS (<= 4 hops),annotation_mediated
B36,blaCTX-M-15,beta_lactam,EW036_RS26225,genome,EW036_RS13320,genome,graph_context,2,EW036_RS26225;ko01130;EW036_RS13320,in_pathway;in_pathway,annotation_mediated,bounded_BFS (<= 4 hops),annotation_mediated
B36,blaCTX-M-15,beta_lactam,EW036_RS26225,genome,EW036_RS13500,genome,graph_context,2,EW036_RS26225;ko01130;EW036_RS13500,in_pathway;in_pathway,annotation_mediated,bounded_BFS (<= 4 hops),annotation_mediated
B36,blaCTX-M-15,beta_lactam,EW036_RS26225,genome,EW036_RS13515,genome,graph_context,2,EW036_RS26225;ko01130;EW036_RS13515,in_pathway;in_pathway,annotation_mediated,bounded_BFS (<= 4 hops),annotation_mediated
B36,blaCTX-M-15,beta_lactam,EW036_RS26225,genome,EW036_RS13525,genome,graph_context,2,EW036_RS26225;ko01130;EW036_RS13525,in_pathway;in_pathway,annotation_mediated,bounded_BFS (<= 4 hops),annotation_mediated
B36,blaCTX-M-15,beta_lactam,EW036_RS26225,genome,EW036_RS14330,genome,graph_context,2,EW036_RS26225;ko01130;EW036_RS14330,in_pathway;in_pathway,annotation_mediated,bounded_BFS (<= 4 hops),annotation_mediated
B36,blaCTX-M-15,beta_lactam,EW036_RS26225,genome,EW036_RS15340,genome,graph_context,2,EW036_RS26225;ko01130;EW036_RS15340,in_pathway;in_pathway,annotation_mediated,bounded_BFS (<= 4 hops),annotation_mediated
B36,blaCTX-M-15,beta_lactam,EW036_RS26225,genome,EW036_RS15380,genome,graph_context,2,EW036_RS26225;ko01130;EW036_RS15380,in_pathway;in_pathway,annotation_mediated,bounded_BFS (<= 4 hops),annotation_mediated
B36,blaCTX-M-15,beta_lactam,EW036_RS26225,genome,EW036_RS15420,genome,graph_context,2,EW036_RS26225;ko01130;EW036_RS15420,in_pathway;in_pathway,annotation_mediated,bounded_BFS (<= 4 hops),annotation_mediated
B36,blaCTX-M-15,beta_lactam,EW036_RS26225,genome,EW036_RS15425,genome,graph_context,2,EW036_RS26225;ko01130;EW036_RS15425,in_pathway;in_pathway,annotation_mediated,bounded_BFS (<= 4 hops),annotation_mediated
B36,blaCTX-M-15,beta_lactam,EW036_RS26225,genome,EW036_RS15430,genome,graph_context,2,EW036_RS26225;ko01130;EW036_RS15430,in_pathway;in_pathway,annotation_mediated,bounded_BFS (<= 4 hops),annotation_mediated
B36,blaCTX-M-15,beta_lactam,EW036_RS26225,genome,EW036_RS15435,genome,graph_context,2,EW036_RS26225;ko01130;EW036_RS15435,in_pathway;in_pathway,annotation_mediated,bounded_BFS (<= 4 hops),annotation_mediated
B36,blaCTX-M-15,beta_lactam,EW036_RS26225,genome,EW036_RS15440,genome,graph_context,2,EW036_RS26225;ko01130;EW036_RS15440,in_pathway;in_pathway,annotation_mediated,bounded_BFS (<= 4 hops),annotation_mediated
B36,blaCTX-M-15,beta_lactam,EW036_RS26225,genome,EW036_RS15630,genome,graph_context,2,EW036_RS26225;ko01501;EW036_RS15630,in_pathway;in_pathway,annotation_mediated,bounded_BFS (<= 4 hops),annotation_mediated
B36,blaCTX-M-15,beta_lactam,EW036_RS26225,genome,EW036_RS15690,genome,graph_context,2,EW036_RS26225;ko01130;EW036_RS15690,in_pathway;in_pathway,annotation_mediated,bounded_BFS (<= 4 hops),annotation_mediated
B36,blaCTX-M-15,beta_lactam,EW036_RS26225,genome,EW036_RS16060,genome,graph_context,2,EW036_RS26225;ko01130;EW036_RS16060,in_pathway;in_pathway,annotation_mediated,bounded_BFS (<= 4 hops),annotation_mediated
B36,blaCTX-M-15,beta_lactam,EW036_RS26225,genome,EW036_RS16290,genome,graph_context,2,EW036_RS26225;ko01501;EW036_RS16290,in_pathway;in_pathway,annotation_mediated,bounded_BFS (<= 4 hops),annotation_mediated
B36,blaCTX-M-15,beta_lactam,EW036_RS26225,genome,EW036_RS16335,genome,graph_context,2,EW036_RS26225;ko01130;EW036_RS16335,in_pathway;in_pathway,annotation_mediated,bounded_BFS (<= 4 hops),annotation_mediated
B36,blaCTX-M-15,beta_lactam,EW036_RS26225,genome,EW036_RS16650,genome,graph_context,2,EW036_RS26225;ko01130;EW036_RS16650,in_pathway;in_pathway,annotation_mediated,bounded_BFS (<= 4 hops),annotation_mediated
B36,blaCTX-M-15,beta_lactam,EW036_RS26225,genome,EW036_RS16655,genome,graph_context,2,EW036_RS26225;ko01130;EW036_RS16655,in_pathway;in_pathway,annotation_mediated,bounded_BFS (<= 4 hops),annotation_mediated
B36,blaCTX-M-15,beta_lactam,EW036_RS26225,genome,EW036_RS17050,genome,graph_context,2,EW036_RS26225;COG_V: Defense mechanisms;EW036_RS17050,member_of_cog_category;member_of_cog_category,annotation_mediated,bounded_BFS (<= 4 hops),annotation_mediated
B36,blaCTX-M-15,beta_lactam,EW036_RS26225,genome,EW036_RS17095,genome,graph_context,2,EW036_RS26225;ko01130;EW036_RS17095,in_pathway;in_pathway,annotation_mediated,bounded_BFS (<= 4 hops),annotation_mediated
B36,blaCTX-M-15,beta_lactam,EW036_RS26225,genome,EW036_RS17110,genome,graph_context,2,EW036_RS26225;COG_V: Defense mechanisms;EW036_RS17110,member_of_cog_category;member_of_cog_category,annotation_mediated,bounded_BFS (<= 4 hops),annotation_mediated
B36,blaCTX-M-15,beta_lactam,EW036_RS26225,genome,EW036_RS17475,genome,graph_context,2,EW036_RS26225;COG_V: Defense mechanisms;EW036_RS17475,member_of_cog_category;member_of_cog_category,annotation_mediated,bounded_BFS (<= 4 hops),annotation_mediated
B36,blaCTX-M-15,beta_lactam,EW036_RS26225,genome,EW036_RS17485,genome,graph_context,2,EW036_RS26225;COG_V: Defense mechanisms;EW036_RS17485,member_of_cog_category;member_of_cog_category,annotation_mediated,bounded_BFS (<= 4 hops),annotation_mediated
B36,blaCTX-M-15,beta_lactam,EW036_RS26225,genome,EW036_RS17610,genome,graph_context,2,EW036_RS26225;ko01130;EW036_RS17610,in_pathway;in_pathway,annotation_mediated,bounded_BFS (<= 4 hops),annotation_mediated
B36,blaCTX-M-15,beta_lactam,EW036_RS26225,genome,EW036_RS17665,genome,graph_context,2,EW036_RS26225;ko01130;EW036_RS17665,in_pathway;in_pathway,annotation_mediated,bounded_BFS (<= 4 hops),annotation_mediated
B36,blaCTX-M-15,beta_lactam,EW036_RS26225,genome,EW036_RS17670,genome,graph_context,2,EW036_RS26225;ko01130;EW036_RS17670,in_pathway;in_pathway,annotation_mediated,bounded_BFS (<= 4 hops),annotation_mediated
B36,blaCTX-M-15,beta_lactam,EW036_RS26225,genome,EW036_RS17675,genome,graph_context,2,EW036_RS26225;ko01130;EW036_RS17675,in_pathway;in_pathway,annotation_mediated,bounded_BFS (<= 4 hops),annotation_mediated
B36,blaCTX-M-15,beta_lactam,EW036_RS26225,genome,EW036_RS17815,genome,graph_context,2,EW036_RS26225;ko01130;EW036_RS17815,in_pathway;in_pathway,annotation_mediated,bounded_BFS (<= 4 hops),annotation_mediated
B36,blaCTX-M-15,beta_lactam,EW036_RS26225,genome,EW036_RS17820,genome,graph_context,2,EW036_RS26225;ko01130;EW036_RS17820,in_pathway;in_pathway,annotation_mediated,bounded_BFS (<= 4 hops),annotation_mediated
B36,blaCTX-M-15,beta_lactam,EW036_RS26225,genome,EW036_RS17825,genome,graph_context,2,EW036_RS26225;ko01130;EW036_RS17825,in_pathway;in_pathway,annotation_mediated,bounded_BFS (<= 4 hops),annotation_mediated
B36,blaCTX-M-15,beta_lactam,EW036_RS26225,genome,EW036_RS17830,genome,graph_context,2,EW036_RS26225;ko01130;EW036_RS17830,in_pathway;in_pathway,annotation_mediated,bounded_BFS (<= 4 hops),annotation_mediated
B36,blaCTX-M-15,beta_lactam,EW036_RS26225,genome,EW036_RS17835,genome,graph_context,2,EW036_RS26225;ko01130;EW036_RS17835,in_pathway;in_pathway,annotation_mediated,bounded_BFS (<= 4 hops),annotation_mediated
B36,blaCTX-M-15,beta_lactam,EW036_RS26225,genome,EW036_RS17840,genome,graph_context,2,EW036_RS26225;ko01130;EW036_RS17840,in_pathway;in_pathway,annotation_mediated,bounded_BFS (<= 4 hops),annotation_mediated
B36,blaCTX-M-15,beta_lactam,EW036_RS26225,genome,EW036_RS17845,genome,graph_context,2,EW036_RS26225;ko01130;EW036_RS17845,in_pathway;in_pathway,annotation_mediated,bounded_BFS (<= 4 hops),annotation_mediated
B36,blaCTX-M-15,beta_lactam,EW036_RS26225,genome,EW036_RS17860,genome,graph_context,2,EW036_RS26225;ko01130;EW036_RS17860,in_pathway;in_pathway,annotation_mediated,bounded_BFS (<= 4 hops),annotation_mediated
B36,blaCTX-M-15,beta_lactam,EW036_RS26225,genome,EW036_RS18000,genome,graph_context,2,EW036_RS26225;ko01130;EW036_RS18000,in_pathway;in_pathway,annotation_mediated,bounded_BFS (<= 4 hops),annotation_mediated
B36,blaCTX-M-15,beta_lactam,EW036_RS26225,genome,EW036_RS18010,genome,graph_context,2,EW036_RS26225;ko01130;EW036_RS18010,in_pathway;in_pathway,annotation_mediated,bounded_BFS (<= 4 hops),annotation_mediated
B36,blaCTX-M-15,beta_lactam,EW036_RS26225,genome,EW036_RS18115,genome,graph_context,2,EW036_RS26225;ko01130;EW036_RS18115,in_pathway;in_pathway,annotation_mediated,bounded_BFS (<= 4 hops),annotation_mediated
B36,blaCTX-M-15,beta_lactam,EW036_RS26225,genome,EW036_RS18120,genome,graph_context,2,EW036_RS26225;ko01130;EW036_RS18120,in_pathway;in_pathway,annotation_mediated,bounded_BFS (<= 4 hops),annotation_mediated
B36,blaCTX-M-15,beta_lactam,EW036_RS26225,genome,EW036_RS18305,genome,graph_context,2,EW036_RS26225;ko01501;EW036_RS18305,in_pathway;in_pathway,annotation_mediated,bounded_BFS (<= 4 hops),annotation_mediated
B36,blaCTX-M-15,beta_lactam,EW036_RS26225,genome,EW036_RS18495,genome,graph_context,2,EW036_RS26225;ko01130;EW036_RS18495,in_pathway;in_pathway,annotation_mediated,bounded_BFS (<= 4 hops),annotation_mediated
B36,blaCTX-M-15,beta_lactam,EW036_RS26225,genome,EW036_RS18545,genome,graph_context,2,EW036_RS26225;ko01130;EW036_RS18545,in_pathway;in_pathway,annotation_mediated,bounded_BFS (<= 4 hops),annotation_mediated
B36,blaCTX-M-15,beta_lactam,EW036_RS26225,genome,EW036_RS18680,genome,graph_context,2,EW036_RS26225;ko01501;EW036_RS18680,in_pathway;in_pathway,annotation_mediated,bounded_BFS (<= 4 hops),annotation_mediated
B36,blaCTX-M-15,beta_lactam,EW036_RS26225,genome,EW036_RS18775,genome,graph_context,2,EW036_RS26225;ko01130;EW036_RS18775,in_pathway;in_pathway,annotation_mediated,bounded_BFS (<= 4 hops),annotation_mediated
B36,blaCTX-M-15,beta_lactam,EW036_RS26225,genome,EW036_RS18780,genome,graph_context,2,EW036_RS26225;ko01130;EW036_RS18780,in_pathway;in_pathway,annotation_mediated,bounded_BFS (<= 4 hops),annotation_mediated
B36,blaCTX-M-15,beta_lactam,EW036_RS26225,genome,EW036_RS19025,genome,graph_context,2,EW036_RS26225;ko01130;EW036_RS19025,in_pathway;in_pathway,annotation_mediated,bounded_BFS (<= 4 hops),annotation_mediated
B36,blaCTX-M-15,beta_lactam,EW036_RS26225,genome,EW036_RS19080,genome,graph_context,2,EW036_RS26225;ko01501;EW036_RS19080,in_pathway;in_pathway,annotation_mediated,bounded_BFS (<= 4 hops),annotation_mediated
B36,blaCTX-M-15,beta_lactam,EW036_RS26225,genome,EW036_RS19085,genome,graph_context,2,EW036_RS26225;ko01501;EW036_RS19085,in_pathway;in_pathway,annotation_mediated,bounded_BFS (<= 4 hops),annotation_mediated
B36,blaCTX-M-15,beta_lactam,EW036_RS26225,genome,EW036_RS19290,genome,graph_context,2,EW036_RS26225;ko01130;EW036_RS19290,in_pathway;in_pathway,annotation_mediated,bounded_BFS (<= 4 hops),annotation_mediated
B36,blaCTX-M-15,beta_lactam,EW036_RS26225,genome,EW036_RS19295,genome,graph_context,2,EW036_RS26225;ko01130;EW036_RS19295,in_pathway;in_pathway,annotation_mediated,bounded_BFS (<= 4 hops),annotation_mediated
B36,blaCTX-M-15,beta_lactam,EW036_RS26225,genome,EW036_RS19420,genome,graph_context,2,EW036_RS26225;ko01130;EW036_RS19420,in_pathway;in_pathway,annotation_mediated,bounded_BFS (<= 4 hops),annotation_mediated
B36,blaCTX-M-15,beta_lactam,EW036_RS26225,genome,EW036_RS19455,genome,graph_context,2,EW036_RS26225;ko01130;EW036_RS19455,in_pathway;in_pathway,annotation_mediated,bounded_BFS (<= 4 hops),annotation_mediated
B36,blaCTX-M-15,beta_lactam,EW036_RS26225,genome,EW036_RS19465,genome,graph_context,2,EW036_RS26225;ko01130;EW036_RS19465,in_pathway;in_pathway,annotation_mediated,bounded_BFS (<= 4 hops),annotation_mediated
B36,blaCTX-M-15,beta_lactam,EW036_RS26225,genome,EW036_RS19560,genome,graph_context,2,EW036_RS26225;ko01130;EW036_RS19560,in_pathway;in_pathway,annotation_mediated,bounded_BFS (<= 4 hops),annotation_mediated
B36,blaCTX-M-15,beta_lactam,EW036_RS26225,genome,EW036_RS19980,genome,graph_context,2,EW036_RS26225;COG_V: Defense mechanisms;EW036_RS19980,member_of_cog_category;member_of_cog_category,annotation_mediated,bounded_BFS (<= 4 hops),annotation_mediated
B36,blaCTX-M-15,beta_lactam,EW036_RS26225,genome,EW036_RS20010,genome,graph_context,2,EW036_RS26225;ko01130;EW036_RS20010,in_pathway;in_pathway,annotation_mediated,bounded_BFS (<= 4 hops),annotation_mediated
B36,blaCTX-M-15,beta_lactam,EW036_RS26225,genome,EW036_RS20015,genome,graph_context,2,EW036_RS26225;ko01130;EW036_RS20015,in_pathway;in_pathway,annotation_mediated,bounded_BFS (<= 4 hops),annotation_mediated
B36,blaCTX-M-15,beta_lactam,EW036_RS26225,genome,EW036_RS20495,genome,graph_context,2,EW036_RS26225;ko01130;EW036_RS20495,in_pathway;in_pathway,annotation_mediated,bounded_BFS (<= 4 hops),annotation_mediated
B36,blaCTX-M-15,beta_lactam,EW036_RS26225,genome,EW036_RS20555,genome,graph_context,2,EW036_RS26225;ko01130;EW036_RS20555,in_pathway;in_pathway,annotation_mediated,bounded_BFS (<= 4 hops),annotation_mediated
B36,blaCTX-M-15,beta_lactam,EW036_RS26225,genome,EW036_RS20805,genome,graph_context,2,EW036_RS26225;COG_V: Defense mechanisms;EW036_RS20805,member_of_cog_category;member_of_cog_category,annotation_mediated,bounded_BFS (<= 4 hops),annotation_mediated
B36,blaCTX-M-15,beta_lactam,EW036_RS26225,genome,EW036_RS20820,genome,graph_context,2,EW036_RS26225;ko01130;EW036_RS20820,in_pathway;in_pathway,annotation_mediated,bounded_BFS (<= 4 hops),annotation_mediated
B36,blaCTX-M-15,beta_lactam,EW036_RS26225,genome,EW036_RS20850,genome,graph_context,2,EW036_RS26225;ko01130;EW036_RS20850,in_pathway;in_pathway,annotation_mediated,bounded_BFS (<= 4 hops),annotation_mediated
B36,blaCTX-M-15,beta_lactam,EW036_RS26225,genome,EW036_RS20860,genome,graph_context,2,EW036_RS26225;ko01130;EW036_RS20860,in_pathway;in_pathway,annotation_mediated,bounded_BFS (<= 4 hops),annotation_mediated
B36,blaCTX-M-15,beta_lactam,EW036_RS26225,genome,EW036_RS20865,genome,graph_context,2,EW036_RS26225;ko01130;EW036_RS20865,in_pathway;in_pathway,annotation_mediated,bounded_BFS (<= 4 hops),annotation_mediated
B36,blaCTX-M-15,beta_lactam,EW036_RS26225,genome,EW036_RS20870,genome,graph_context,2,EW036_RS26225;ko01130;EW036_RS20870,in_pathway;in_pathway,annotation_mediated,bounded_BFS (<= 4 hops),annotation_mediated
B36,blaCTX-M-15,beta_lactam,EW036_RS26225,genome,EW036_RS20925,genome,graph_context,2,EW036_RS26225;COG_V: Defense mechanisms;EW036_RS20925,member_of_cog_category;member_of_cog_category,annotation_mediated,bounded_BFS (<= 4 hops),annotation_mediated
B36,blaCTX-M-15,beta_lactam,EW036_RS26225,genome,EW036_RS20930,genome,graph_context,2,EW036_RS26225;COG_V: Defense mechanisms;EW036_RS20930,member_of_cog_category;member_of_cog_category,annotation_mediated,bounded_BFS (<= 4 hops),annotation_mediated
B36,blaCTX-M-15,beta_lactam,EW036_RS26225,genome,EW036_RS21080,genome,graph_context,2,EW036_RS26225;ko01130;EW036_RS21080,in_pathway;in_pathway,annotation_mediated,bounded_BFS (<= 4 hops),annotation_mediated
B36,blaCTX-M-15,beta_lactam,EW036_RS26225,genome,EW036_RS21340,genome,graph_context,2,EW036_RS26225;ko01130;EW036_RS21340,in_pathway;in_pathway,annotation_mediated,bounded_BFS (<= 4 hops),annotation_mediated
B36,blaCTX-M-15,beta_lactam,EW036_RS26225,genome,EW036_RS21355,genome,graph_context,2,EW036_RS26225;ko01130;EW036_RS21355,in_pathway;in_pathway,annotation_mediated,bounded_BFS (<= 4 hops),annotation_mediated
B36,blaCTX-M-15,beta_lactam,EW036_RS26225,genome,EW036_RS21460,genome,graph_context,2,EW036_RS26225;ko01130;EW036_RS21460,in_pathway;in_pathway,annotation_mediated,bounded_BFS (<= 4 hops),annotation_mediated
B36,blaCTX-M-15,beta_lactam,EW036_RS26225,genome,EW036_RS21490,genome,graph_context,2,EW036_RS26225;ko01130;EW036_RS21490,in_pathway;in_pathway,annotation_mediated,bounded_BFS (<= 4 hops),annotation_mediated
B36,blaCTX-M-15,beta_lactam,EW036_RS26225,genome,EW036_RS21540,genome,graph_context,2,EW036_RS26225;ko01130;EW036_RS21540,in_pathway;in_pathway,annotation_mediated,bounded_BFS (<= 4 hops),annotation_mediated
B36,blaCTX-M-15,beta_lactam,EW036_RS26225,genome,EW036_RS21575,genome,graph_context,2,EW036_RS26225;ko01130;EW036_RS21575,in_pathway;in_pathway,annotation_mediated,bounded_BFS (<= 4 hops),annotation_mediated
B36,blaCTX-M-15,beta_lactam,EW036_RS26225,genome,EW036_RS21785,genome,graph_context,2,EW036_RS26225;COG_V: Defense mechanisms;EW036_RS21785,member_of_cog_category;member_of_cog_category,annotation_mediated,bounded_BFS (<= 4 hops),annotation_mediated
B36,blaCTX-M-15,beta_lactam,EW036_RS26225,genome,EW036_RS21795,genome,graph_context,2,EW036_RS26225;COG_V: Defense mechanisms;EW036_RS21795,member_of_cog_category;member_of_cog_category,annotation_mediated,bounded_BFS (<= 4 hops),annotation_mediated
B36,blaCTX-M-15,beta_lactam,EW036_RS26225,genome,EW036_RS22125,genome,graph_context,2,EW036_RS26225;COG_V: Defense mechanisms;EW036_RS22125,member_of_cog_category;member_of_cog_category,annotation_mediated,bounded_BFS (<= 4 hops),annotation_mediated
B36,blaCTX-M-15,beta_lactam,EW036_RS26225,genome,EW036_RS22130,genome,graph_context,2,EW036_RS26225;COG_V: Defense mechanisms;EW036_RS22130,member_of_cog_category;member_of_cog_category,annotation_mediated,bounded_BFS (<= 4 hops),annotation_mediated
B36,blaCTX-M-15,beta_lactam,EW036_RS26225,genome,EW036_RS22520,genome,graph_context,2,EW036_RS26225;ko01130;EW036_RS22520,in_pathway;in_pathway,annotation_mediated,bounded_BFS (<= 4 hops),annotation_mediated
B36,blaCTX-M-15,beta_lactam,EW036_RS26225,genome,EW036_RS22615,genome,graph_context,2,EW036_RS26225;ko01130;EW036_RS22615,in_pathway;in_pathway,annotation_mediated,bounded_BFS (<= 4 hops),annotation_mediated
B36,blaCTX-M-15,beta_lactam,EW036_RS26225,genome,EW036_RS22720,genome,graph_context,2,EW036_RS26225;ko01130;EW036_RS22720,in_pathway;in_pathway,annotation_mediated,bounded_BFS (<= 4 hops),annotation_mediated
B36,blaCTX-M-15,beta_lactam,EW036_RS26225,genome,EW036_RS22795,genome,graph_context,2,EW036_RS26225;ko01130;EW036_RS22795,in_pathway;in_pathway,annotation_mediated,bounded_BFS (<= 4 hops),annotation_mediated
B36,blaCTX-M-15,beta_lactam,EW036_RS26225,genome,EW036_RS23145,genome,graph_context,2,EW036_RS26225;ko01130;EW036_RS23145,in_pathway;in_pathway,annotation_mediated,bounded_BFS (<= 4 hops),annotation_mediated
B36,blaCTX-M-15,beta_lactam,EW036_RS26225,genome,EW036_RS23150,genome,graph_context,2,EW036_RS26225;ko01130;EW036_RS23150,in_pathway;in_pathway,annotation_mediated,bounded_BFS (<= 4 hops),annotation_mediated
B36,blaCTX-M-15,beta_lactam,EW036_RS26225,genome,EW036_RS23155,genome,graph_context,2,EW036_RS26225;ko01130;EW036_RS23155,in_pathway;in_pathway,annotation_mediated,bounded_BFS (<= 4 hops),annotation_mediated
B36,blaCTX-M-15,beta_lactam,EW036_RS26225,genome,EW036_RS23165,genome,graph_context,2,EW036_RS26225;ko01501;EW036_RS23165,in_pathway;in_pathway,annotation_mediated,bounded_BFS (<= 4 hops),annotation_mediated
B36,blaCTX-M-15,beta_lactam,EW036_RS26225,genome,EW036_RS23365,genome,graph_context,2,EW036_RS26225;ko01130;EW036_RS23365,in_pathway;in_pathway,annotation_mediated,bounded_BFS (<= 4 hops),annotation_mediated
B36,blaCTX-M-15,beta_lactam,EW036_RS26225,genome,EW036_RS23520,genome,graph_context,2,EW036_RS26225;ko01130;EW036_RS23520,in_pathway;in_pathway,annotation_mediated,bounded_BFS (<= 4 hops),annotation_mediated
B36,blaCTX-M-15,beta_lactam,EW036_RS26225,genome,EW036_RS23660,genome,graph_context,2,EW036_RS26225;ko01130;EW036_RS23660,in_pathway;in_pathway,annotation_mediated,bounded_BFS (<= 4 hops),annotation_mediated
B36,blaCTX-M-15,beta_lactam,EW036_RS26225,genome,EW036_RS23790,genome,graph_context,2,EW036_RS26225;ko01130;EW036_RS23790,in_pathway;in_pathway,annotation_mediated,bounded_BFS (<= 4 hops),annotation_mediated
B36,blaCTX-M-15,beta_lactam,EW036_RS26225,genome,EW036_RS23955,genome,graph_context,2,EW036_RS26225;ko01130;EW036_RS23955,in_pathway;in_pathway,annotation_mediated,bounded_BFS (<= 4 hops),annotation_mediated
B36,blaCTX-M-15,beta_lactam,EW036_RS26225,genome,EW036_RS23965,genome,graph_context,2,EW036_RS26225;ko01130;EW036_RS23965,in_pathway;in_pathway,annotation_mediated,bounded_BFS (<= 4 hops),annotation_mediated
B36,blaCTX-M-15,beta_lactam,EW036_RS26225,genome,EW036_RS24095,genome,graph_context,2,EW036_RS26225;ko01130;EW036_RS24095,in_pathway;in_pathway,annotation_mediated,bounded_BFS (<= 4 hops),annotation_mediated
B36,blaCTX-M-15,beta_lactam,EW036_RS26225,genome,EW036_RS24100,genome,graph_context,2,EW036_RS26225;ko01130;EW036_RS24100,in_pathway;in_pathway,annotation_mediated,bounded_BFS (<= 4 hops),annotation_mediated
B36,blaCTX-M-15,beta_lactam,EW036_RS26225,genome,EW036_RS24335,genome,graph_context,2,EW036_RS26225;ko01130;EW036_RS24335,in_pathway;in_pathway,annotation_mediated,bounded_BFS (<= 4 hops),annotation_mediated
B36,blaCTX-M-15,beta_lactam,EW036_RS26225,genome,EW036_RS24340,genome,graph_context,2,EW036_RS26225;ko01130;EW036_RS24340,in_pathway;in_pathway,annotation_mediated,bounded_BFS (<= 4 hops),annotation_mediated
B36,blaCTX-M-15,beta_lactam,EW036_RS26225,genome,EW036_RS24345,genome,graph_context,2,EW036_RS26225;ko01130;EW036_RS24345,in_pathway;in_pathway,annotation_mediated,bounded_BFS (<= 4 hops),annotation_mediated
B36,blaCTX-M-15,beta_lactam,EW036_RS26225,genome,EW036_RS24350,genome,graph_context,2,EW036_RS26225;ko01130;EW036_RS24350,in_pathway;in_pathway,annotation_mediated,bounded_BFS (<= 4 hops),annotation_mediated
B36,blaCTX-M-15,beta_lactam,EW036_RS26225,genome,EW036_RS24440,genome,graph_context,2,EW036_RS26225;ko01130;EW036_RS24440,in_pathway;in_pathway,annotation_mediated,bounded_BFS (<= 4 hops),annotation_mediated
B36,blaCTX-M-15,beta_lactam,EW036_RS26225,genome,EW036_RS24445,genome,graph_context,2,EW036_RS26225;ko01130;EW036_RS24445,in_pathway;in_pathway,annotation_mediated,bounded_BFS (<= 4 hops),annotation_mediated
B36,blaCTX-M-15,beta_lactam,EW036_RS26225,genome,EW036_RS24515,genome,graph_context,2,EW036_RS26225;ko01130;EW036_RS24515,in_pathway;in_pathway,annotation_mediated,bounded_BFS (<= 4 hops),annotation_mediated
B36,blaCTX-M-15,beta_lactam,EW036_RS26225,genome,EW036_RS24545,genome,graph_context,2,EW036_RS26225;ko01130;EW036_RS24545,in_pathway;in_pathway,annotation_mediated,bounded_BFS (<= 4 hops),annotation_mediated
B36,blaCTX-M-15,beta_lactam,EW036_RS26225,genome,EW036_RS24560,genome,graph_context,2,EW036_RS26225;ko01130;EW036_RS24560,in_pathway;in_pathway,annotation_mediated,bounded_BFS (<= 4 hops),annotation_mediated
B36,blaCTX-M-15,beta_lactam,EW036_RS26225,genome,EW036_RS24910,genome,graph_context,2,EW036_RS26225;ko01130;EW036_RS24910,in_pathway;in_pathway,annotation_mediated,bounded_BFS (<= 4 hops),annotation_mediated
B36,blaCTX-M-15,beta_lactam,EW036_RS26225,genome,EW036_RS24915,genome,graph_context,2,EW036_RS26225;ko01130;EW036_RS24915,in_pathway;in_pathway,annotation_mediated,bounded_BFS (<= 4 hops),annotation_mediated
B36,blaCTX-M-15,beta_lactam,EW036_RS26225,genome,EW036_RS25010,genome,graph_context,2,EW036_RS26225;ko01130;EW036_RS25010,in_pathway;in_pathway,annotation_mediated,bounded_BFS (<= 4 hops),annotation_mediated
B36,blaCTX-M-15,beta_lactam,EW036_RS26225,genome,EW036_RS25060,genome,graph_context,2,EW036_RS26225;ko01130;EW036_RS25060,in_pathway;in_pathway,annotation_mediated,bounded_BFS (<= 4 hops),annotation_mediated
B36,blaCTX-M-15,beta_lactam,EW036_RS26225,genome,EW036_RS25180,genome,graph_context,2,EW036_RS26225;ko01130;EW036_RS25180,in_pathway;in_pathway,annotation_mediated,bounded_BFS (<= 4 hops),annotation_mediated
B36,blaCTX-M-15,beta_lactam,EW036_RS26225,genome,EW036_RS25295,genome,graph_context,2,EW036_RS26225;ko01130;EW036_RS25295,in_pathway;in_pathway,annotation_mediated,bounded_BFS (<= 4 hops),annotation_mediated
B36,blaCTX-M-15,beta_lactam,EW036_RS26225,genome,EW036_RS25300,genome,graph_context,2,EW036_RS26225;ko01130;EW036_RS25300,in_pathway;in_pathway,annotation_mediated,bounded_BFS (<= 4 hops),annotation_mediated
B36,blaCTX-M-15,beta_lactam,EW036_RS26225,genome,EW036_RS25360,genome,graph_context,2,EW036_RS26225;ko01130;EW036_RS25360,in_pathway;in_pathway,annotation_mediated,bounded_BFS (<= 4 hops),annotation_mediated
B36,blaCTX-M-15,beta_lactam,EW036_RS26225,genome,EW036_RS25370,genome,graph_context,2,EW036_RS26225;ko01130;EW036_RS25370,in_pathway;in_pathway,annotation_mediated,bounded_BFS (<= 4 hops),annotation_mediated
B36,blaCTX-M-15,beta_lactam,EW036_RS26225,genome,EW036_RS25375,genome,graph_context,2,EW036_RS26225;ko01130;EW036_RS25375,in_pathway;in_pathway,annotation_mediated,bounded_BFS (<= 4 hops),annotation_mediated
B36,blaCTX-M-15,beta_lactam,EW036_RS26225,genome,EW036_RS25380,genome,graph_context,2,EW036_RS26225;ko01130;EW036_RS25380,in_pathway;in_pathway,annotation_mediated,bounded_BFS (<= 4 hops),annotation_mediated
B36,blaCTX-M-15,beta_lactam,EW036_RS26225,genome,EW036_RS25390,genome,graph_context,2,EW036_RS26225;ko01130;EW036_RS25390,in_pathway;in_pathway,annotation_mediated,bounded_BFS (<= 4 hops),annotation_mediated
B36,blaCTX-M-15,beta_lactam,EW036_RS26225,genome,EW036_RS25580,genome,graph_context,2,EW036_RS26225;ko01130;EW036_RS25580,in_pathway;in_pathway,annotation_mediated,bounded_BFS (<= 4 hops),annotation_mediated
B36,blaCTX-M-15,beta_lactam,EW036_RS26225,genome,EW036_RS25585,genome,graph_context,2,EW036_RS26225;ko01130;EW036_RS25585,in_pathway;in_pathway,annotation_mediated,bounded_BFS (<= 4 hops),annotation_mediated
B36,blaCTX-M-15,beta_lactam,EW036_RS26225,genome,EW036_RS26210,genome,graph_context,2,EW036_RS26225;EW036_RS26220;EW036_RS26210,genomic_proximity;genomic_proximity,graph_derived,bounded_BFS (<= 4 hops),graph_derived
B36,blaCTX-M-15,beta_lactam,EW036_RS26225,genome,EW036_RS26235,genome,graph_context,2,EW036_RS26225;EW036_RS26230;EW036_RS26235,genomic_proximity;genomic_proximity,graph_derived,bounded_BFS (<= 4 hops),graph_derived
B36,blaCTX-M-15,beta_lactam,EW036_RS26225,genome,EW036_RS26250,genome,graph_context,2,EW036_RS26225;ko01501;EW036_RS26250,in_pathway;in_pathway,annotation_mediated,bounded_BFS (<= 4 hops),annotation_mediated
B36,blaCTX-M-15,beta_lactam,EW036_RS26225,genome,EW036_RS26290,genome,graph_context,2,EW036_RS26225;COG_V: Defense mechanisms;EW036_RS26290,member_of_cog_category;member_of_cog_category,annotation_mediated,bounded_BFS (<= 4 hops),annotation_mediated
B36,blaCTX-M-15,beta_lactam,EW036_RS26225,genome,EW036_RS26295,genome,graph_context,2,EW036_RS26225;COG_V: Defense mechanisms;EW036_RS26295,member_of_cog_category;member_of_cog_category,annotation_mediated,bounded_BFS (<= 4 hops),annotation_mediated
B36,blaCTX-M-15,beta_lactam,EW036_RS26225,genome,EW036_RS26300,genome,graph_context,2,EW036_RS26225;COG_V: Defense mechanisms;EW036_RS26300,member_of_cog_category;member_of_cog_category,annotation_mediated,bounded_BFS (<= 4 hops),annotation_mediated
B36,blaCTX-M-15,beta_lactam,EW036_RS26225,genome,WP_000024904.1,proteome,graph_context,2,EW036_RS26225;COG_V: Defense mechanisms;WP_000024904.1,member_of_cog_category;member_of_cog_category,annotation_mediated,bounded_BFS (<= 4 hops),annotation_mediated
B36,blaCTX-M-15,beta_lactam,EW036_RS26225,genome,WP_000051565.1,proteome,graph_context,2,EW036_RS26225;COG_V: Defense mechanisms;WP_000051565.1,member_of_cog_category;member_of_cog_category,annotation_mediated,bounded_BFS (<= 4 hops),annotation_mediated
B36,blaCTX-M-15,beta_lactam,EW036_RS26225,genome,WP_000058884.1,proteome,graph_context,2,EW036_RS26225;COG_V: Defense mechanisms;WP_000058884.1,member_of_cog_category;member_of_cog_category,annotation_mediated,bounded_BFS (<= 4 hops),annotation_mediated
B36,blaCTX-M-15,beta_lactam,EW036_RS26225,genome,WP_000117262.1,proteome,graph_context,2,EW036_RS26225;COG_V: Defense mechanisms;WP_000117262.1,member_of_cog_category;member_of_cog_category,annotation_mediated,bounded_BFS (<= 4 hops),annotation_mediated
B36,blaCTX-M-15,beta_lactam,EW036_RS26225,genome,WP_000150638.1,proteome,graph_context,2,EW036_RS26225;COG_V: Defense mechanisms;WP_000150638.1,member_of_cog_category;member_of_cog_category,annotation_mediated,bounded_BFS (<= 4 hops),annotation_mediated
B36,blaCTX-M-15,beta_lactam,EW036_RS26225,genome,WP_000171980.1,proteome,graph_context,2,EW036_RS26225;COG_V: Defense mechanisms;WP_000171980.1,member_of_cog_category;member_of_cog_category,annotation_mediated,bounded_BFS (<= 4 hops),annotation_mediated
B36,blaCTX-M-15,beta_lactam,EW036_RS26225,genome,WP_000188152.1,proteome,graph_context,2,EW036_RS26225;COG_V: Defense mechanisms;WP_000188152.1,member_of_cog_category;member_of_cog_category,annotation_mediated,bounded_BFS (<= 4 hops),annotation_mediated
B36,blaCTX-M-15,beta_lactam,EW036_RS26225,genome,WP_000366620.1,proteome,graph_context,2,EW036_RS26225;COG_V: Defense mechanisms;WP_000366620.1,member_of_cog_category;member_of_cog_category,annotation_mediated,bounded_BFS (<= 4 hops),annotation_mediated
B36,blaCTX-M-15,beta_lactam,EW036_RS26225,genome,WP_000469031.1,proteome,graph_context,2,EW036_RS26225;COG_V: Defense mechanisms;WP_000469031.1,member_of_cog_category;member_of_cog_category,annotation_mediated,bounded_BFS (<= 4 hops),annotation_mediated
B36,blaCTX-M-15,beta_lactam,EW036_RS26225,genome,WP_000504875.1,proteome,graph_context,2,EW036_RS26225;COG_V: Defense mechanisms;WP_000504875.1,member_of_cog_category;member_of_cog_category,annotation_mediated,bounded_BFS (<= 4 hops),annotation_mediated
B36,blaCTX-M-15,beta_lactam,EW036_RS26225,genome,WP_000551259.1,proteome,graph_context,2,EW036_RS26225;COG_V: Defense mechanisms;WP_000551259.1,member_of_cog_category;member_of_cog_category,annotation_mediated,bounded_BFS (<= 4 hops),annotation_mediated
B36,blaCTX-M-15,beta_lactam,EW036_RS26225,genome,WP_000671528.1,proteome,graph_context,2,EW036_RS26225;COG_V: Defense mechanisms;WP_000671528.1,member_of_cog_category;member_of_cog_category,annotation_mediated,bounded_BFS (<= 4 hops),annotation_mediated
B36,blaCTX-M-15,beta_lactam,EW036_RS26225,genome,WP_000729220.1,proteome,graph_context,2,EW036_RS26225;COG_V: Defense mechanisms;WP_000729220.1,member_of_cog_category;member_of_cog_category,annotation_mediated,bounded_BFS (<= 4 hops),annotation_mediated
B36,blaCTX-M-15,beta_lactam,EW036_RS26225,genome,WP_000923703.1,proteome,graph_context,2,EW036_RS26225;COG_V: Defense mechanisms;WP_000923703.1,member_of_cog_category;member_of_cog_category,annotation_mediated,bounded_BFS (<= 4 hops),annotation_mediated
B36,blaCTX-M-15,beta_lactam,EW036_RS26225,genome,WP_000964653.1,proteome,graph_context,2,EW036_RS26225;COG_V: Defense mechanisms;WP_000964653.1,member_of_cog_category;member_of_cog_category,annotation_mediated,bounded_BFS (<= 4 hops),annotation_mediated
B36,blaCTX-M-15,beta_lactam,EW036_RS26225,genome,WP_000972087.1,proteome,graph_context,2,EW036_RS26225;COG_V: Defense mechanisms;WP_000972087.1,member_of_cog_category;member_of_cog_category,annotation_mediated,bounded_BFS (<= 4 hops),annotation_mediated
B36,blaCTX-M-15,beta_lactam,EW036_RS26225,genome,WP_000996111.1,proteome,graph_context,2,EW036_RS26225;COG_V: Defense mechanisms;WP_000996111.1,member_of_cog_category;member_of_cog_category,annotation_mediated,bounded_BFS (<= 4 hops),annotation_mediated
B36,blaCTX-M-15,beta_lactam,EW036_RS26225,genome,WP_001029745.1,proteome,graph_context,2,EW036_RS26225;COG_V: Defense mechanisms;WP_001029745.1,member_of_cog_category;member_of_cog_category,annotation_mediated,bounded_BFS (<= 4 hops),annotation_mediated
B36,blaCTX-M-15,beta_lactam,EW036_RS26225,genome,WP_001033695.1,proteome,graph_context,2,EW036_RS26225;COG_V: Defense mechanisms;WP_001033695.1,member_of_cog_category;member_of_cog_category,annotation_mediated,bounded_BFS (<= 4 hops),annotation_mediated
B36,blaCTX-M-15,beta_lactam,EW036_RS26225,genome,WP_001132478.1,proteome,graph_context,2,EW036_RS26225;COG_V: Defense mechanisms;WP_001132478.1,member_of_cog_category;member_of_cog_category,annotation_mediated,bounded_BFS (<= 4 hops),annotation_mediated
B36,blaCTX-M-15,beta_lactam,EW036_RS26225,genome,WP_001146163.1,proteome,graph_context,2,EW036_RS26225;COG_V: Defense mechanisms;WP_001146163.1,member_of_cog_category;member_of_cog_category,annotation_mediated,bounded_BFS (<= 4 hops),annotation_mediated
B36,blaCTX-M-15,beta_lactam,EW036_RS26225,genome,WP_001255186.1,proteome,graph_context,2,EW036_RS26225;COG_V: Defense mechanisms;WP_001255186.1,member_of_cog_category;member_of_cog_category,annotation_mediated,bounded_BFS (<= 4 hops),annotation_mediated
B36,blaCTX-M-15,beta_lactam,EW036_RS26225,genome,WP_001295175.1,proteome,graph_context,2,EW036_RS26225;COG_V: Defense mechanisms;WP_001295175.1,member_of_cog_category;member_of_cog_category,annotation_mediated,bounded_BFS (<= 4 hops),annotation_mediated
B36,blaCTX-M-15,beta_lactam,EW036_RS26225,genome,WP_001296671.1,proteome,graph_context,2,EW036_RS26225;COG_V: Defense mechanisms;WP_001296671.1,member_of_cog_category;member_of_cog_category,annotation_mediated,bounded_BFS (<= 4 hops),annotation_mediated
B36,blaCTX-M-15,beta_lactam,EW036_RS26225,genome,WP_001334766.1,proteome,graph_context,2,EW036_RS26225;COG_V: Defense mechanisms;WP_001334766.1,member_of_cog_category;member_of_cog_category,annotation_mediated,bounded_BFS (<= 4 hops),annotation_mediated
B36,blaCTX-M-15,beta_lactam,EW036_RS26225,genome,WP_001576403.1,proteome,graph_context,2,EW036_RS26225;COG_V: Defense mechanisms;WP_001576403.1,member_of_cog_category;member_of_cog_category,annotation_mediated,bounded_BFS (<= 4 hops),annotation_mediated
B36,blaCTX-M-15,beta_lactam,EW036_RS26225,genome,EW036_RS00130,genome,graph_context,3,EW036_RS26225;ko01130;EW036_RS00135;EW036_RS00130,in_pathway;in_pathway;genomic_proximity,annotation_mediated,bounded_BFS (<= 4 hops),annotation_mediated
B36,blaCTX-M-15,beta_lactam,EW036_RS26225,genome,EW036_RS00140,genome,graph_context,3,EW036_RS26225;ko01130;EW036_RS00135;EW036_RS00140,in_pathway;in_pathway;genomic_proximity,annotation_mediated,bounded_BFS (<= 4 hops),annotation_mediated
B36,blaCTX-M-15,beta_lactam,EW036_RS26225,genome,EW036_RS00550,genome,graph_context,3,EW036_RS26225;COG_V: Defense mechanisms;EW036_RS00555;EW036_RS00550,member_of_cog_category;member_of_cog_category;genomic_proximity,annotation_mediated,bounded_BFS (<= 4 hops),annotation_mediated
B36,blaCTX-M-15,beta_lactam,EW036_RS26225,genome,EW036_RS00560,genome,graph_context,3,EW036_RS26225;COG_V: Defense mechanisms;EW036_RS00555;EW036_RS00560,member_of_cog_category;member_of_cog_category;genomic_proximity,annotation_mediated,bounded_BFS (<= 4 hops),annotation_mediated
B36,blaCTX-M-15,beta_lactam,EW036_RS26225,genome,EW036_RS00875,genome,graph_context,3,EW036_RS26225;ko01130;EW036_RS00880;EW036_RS00875,in_pathway;in_pathway;genomic_proximity,annotation_mediated,bounded_BFS (<= 4 hops),annotation_mediated
B36,blaCTX-M-15,beta_lactam,EW036_RS26225,genome,EW036_RS00885,genome,graph_context,3,EW036_RS26225;ko01130;EW036_RS00880;EW036_RS00885,in_pathway;in_pathway;genomic_proximity,annotation_mediated,bounded_BFS (<= 4 hops),annotation_mediated
B36,blaCTX-M-15,beta_lactam,EW036_RS26225,genome,EW036_RS01075,genome,graph_context,3,EW036_RS26225;ko01130;EW036_RS01080;EW036_RS01075,in_pathway;in_pathway;genomic_proximity,annotation_mediated,bounded_BFS (<= 4 hops),annotation_mediated
B36,blaCTX-M-15,beta_lactam,EW036_RS26225,genome,EW036_RS01085,genome,graph_context,3,EW036_RS26225;ko01130;EW036_RS01080;EW036_RS01085,in_pathway;in_pathway;genomic_proximity,annotation_mediated,bounded_BFS (<= 4 hops),annotation_mediated
B36,blaCTX-M-15,beta_lactam,EW036_RS26225,genome,EW036_RS01235,genome,graph_context,3,EW036_RS26225;ko01501;EW036_RS01240;EW036_RS01235,in_pathway;in_pathway;genomic_proximity,annotation_mediated,bounded_BFS (<= 4 hops),annotation_mediated
B36,blaCTX-M-15,beta_lactam,EW036_RS26225,genome,EW036_RS01250,genome,graph_context,3,EW036_RS26225;ko01501;EW036_RS01245;EW036_RS01250,in_pathway;in_pathway;genomic_proximity,annotation_mediated,bounded_BFS (<= 4 hops),annotation_mediated
B36,blaCTX-M-15,beta_lactam,EW036_RS26225,genome,EW036_RS01395,genome,graph_context,3,EW036_RS26225;COG_V: Defense mechanisms;EW036_RS01400;EW036_RS01395,member_of_cog_category;member_of_cog_category;genomic_proximity,annotation_mediated,bounded_BFS (<= 4 hops),annotation_mediated
B36,blaCTX-M-15,beta_lactam,EW036_RS26225,genome,EW036_RS01405,genome,graph_context,3,EW036_RS26225;COG_V: Defense mechanisms;EW036_RS01400;EW036_RS01405,member_of_cog_category;member_of_cog_category;genomic_proximity,annotation_mediated,bounded_BFS (<= 4 hops),annotation_mediated
B36,blaCTX-M-15,beta_lactam,EW036_RS26225,genome,EW036_RS01820,genome,graph_context,3,EW036_RS26225;ko01130;EW036_RS01825;EW036_RS01820,in_pathway;in_pathway;genomic_proximity,annotation_mediated,bounded_BFS (<= 4 hops),annotation_mediated
B36,blaCTX-M-15,beta_lactam,EW036_RS26225,genome,EW036_RS01830,genome,graph_context,3,EW036_RS26225;ko01130;EW036_RS01825;EW036_RS01830,in_pathway;in_pathway;genomic_proximity,annotation_mediated,bounded_BFS (<= 4 hops),annotation_mediated
B36,blaCTX-M-15,beta_lactam,EW036_RS26225,genome,EW036_RS01845,genome,graph_context,3,EW036_RS26225;ko01130;EW036_RS01850;EW036_RS01845,in_pathway;in_pathway;genomic_proximity,annotation_mediated,bounded_BFS (<= 4 hops),annotation_mediated
B36,blaCTX-M-15,beta_lactam,EW036_RS26225,genome,EW036_RS01855,genome,graph_context,3,EW036_RS26225;ko01130;EW036_RS01850;EW036_RS01855,in_pathway;in_pathway;genomic_proximity,annotation_mediated,bounded_BFS (<= 4 hops),annotation_mediated
B36,blaCTX-M-15,beta_lactam,EW036_RS26225,genome,EW036_RS01995,genome,graph_context,3,EW036_RS26225;ko01130;EW036_RS02000;EW036_RS01995,in_pathway;in_pathway;genomic_proximity,annotation_mediated,bounded_BFS (<= 4 hops),annotation_mediated
B36,blaCTX-M-15,beta_lactam,EW036_RS26225,genome,EW036_RS02005,genome,graph_context,3,EW036_RS26225;ko01130;EW036_RS02000;EW036_RS02005,in_pathway;in_pathway;genomic_proximity,annotation_mediated,bounded_BFS (<= 4 hops),annotation_mediated
B36,blaCTX-M-15,beta_lactam,EW036_RS26225,genome,EW036_RS02040,genome,graph_context,3,EW036_RS26225;ko01501;EW036_RS02045;EW036_RS02040,in_pathway;in_pathway;genomic_proximity,annotation_mediated,bounded_BFS (<= 4 hops),annotation_mediated
B36,blaCTX-M-15,beta_lactam,EW036_RS26225,genome,EW036_RS02050,genome,graph_context,3,EW036_RS26225;ko01501;EW036_RS02045;EW036_RS02050,in_pathway;in_pathway;genomic_proximity,annotation_mediated,bounded_BFS (<= 4 hops),annotation_mediated
B36,blaCTX-M-15,beta_lactam,EW036_RS26225,genome,EW036_RS02070,genome,graph_context,3,EW036_RS26225;ko01130;EW036_RS02075;EW036_RS02070,in_pathway;in_pathway;genomic_proximity,annotation_mediated,bounded_BFS (<= 4 hops),annotation_mediated
B36,blaCTX-M-15,beta_lactam,EW036_RS26225,genome,EW036_RS02085,genome,graph_context,3,EW036_RS26225;ko01130;EW036_RS02080;EW036_RS02085,in_pathway;in_pathway;genomic_proximity,annotation_mediated,bounded_BFS (<= 4 hops),annotation_mediated
B36,blaCTX-M-15,beta_lactam,EW036_RS26225,genome,EW036_RS02090,genome,graph_context,3,EW036_RS26225;ko01130;EW036_RS02095;EW036_RS02090,in_pathway;in_pathway;genomic_proximity,annotation_mediated,bounded_BFS (<= 4 hops),annotation_mediated
B36,blaCTX-M-15,beta_lactam,EW036_RS26225,genome,EW036_RS02195,genome,graph_context,3,EW036_RS26225;ko01130;EW036_RS02200;EW036_RS02195,in_pathway;in_pathway;genomic_proximity,annotation_mediated,bounded_BFS (<= 4 hops),annotation_mediated
B36,blaCTX-M-15,beta_lactam,EW036_RS26225,genome,EW036_RS02210,genome,graph_context,3,EW036_RS26225;ko01130;EW036_RS02205;EW036_RS02210,in_pathway;in_pathway;genomic_proximity,annotation_mediated,bounded_BFS (<= 4 hops),annotation_mediated
B36,blaCTX-M-15,beta_lactam,EW036_RS26225,genome,EW036_RS02595,genome,graph_context,3,EW036_RS26225;ko01130;EW036_RS02600;EW036_RS02595,in_pathway;in_pathway;genomic_proximity,annotation_mediated,bounded_BFS (<= 4 hops),annotation_mediated
B36,blaCTX-M-15,beta_lactam,EW036_RS26225,genome,EW036_RS02760,genome,graph_context,3,EW036_RS26225;ko01130;EW036_RS02765;EW036_RS02760,in_pathway;in_pathway;genomic_proximity,annotation_mediated,bounded_BFS (<= 4 hops),annotation_mediated
B36,blaCTX-M-15,beta_lactam,EW036_RS26225,genome,EW036_RS02855,genome,graph_context,3,EW036_RS26225;ko01130;EW036_RS02860;EW036_RS02855,in_pathway;in_pathway;genomic_proximity,annotation_mediated,bounded_BFS (<= 4 hops),annotation_mediated
B36,blaCTX-M-15,beta_lactam,EW036_RS26225,genome,EW036_RS02865,genome,graph_context,3,EW036_RS26225;ko01130;EW036_RS02860;EW036_RS02865,in_pathway;in_pathway;genomic_proximity,annotation_mediated,bounded_BFS (<= 4 hops),annotation_mediated
B36,blaCTX-M-15,beta_lactam,EW036_RS26225,genome,EW036_RS02905,genome,graph_context,3,EW036_RS26225;ko01130;EW036_RS02910;EW036_RS02905,in_pathway;in_pathway;genomic_proximity,annotation_mediated,bounded_BFS (<= 4 hops),annotation_mediated
B36,blaCTX-M-15,beta_lactam,EW036_RS26225,genome,EW036_RS02915,genome,graph_context,3,EW036_RS26225;ko01130;EW036_RS02910;EW036_RS02915,in_pathway;in_pathway;genomic_proximity,annotation_mediated,bounded_BFS (<= 4 hops),annotation_mediated
B36,blaCTX-M-15,beta_lactam,EW036_RS26225,genome,EW036_RS02930,genome,graph_context,3,EW036_RS26225;ko01130;EW036_RS02935;EW036_RS02930,in_pathway;in_pathway;genomic_proximity,annotation_mediated,bounded_BFS (<= 4 hops),annotation_mediated
B36,blaCTX-M-15,beta_lactam,EW036_RS26225,genome,EW036_RS02945,genome,graph_context,3,EW036_RS26225;ko01130;EW036_RS02940;EW036_RS02945,in_pathway;in_pathway;genomic_proximity,annotation_mediated,bounded_BFS (<= 4 hops),annotation_mediated
B36,blaCTX-M-15,beta_lactam,EW036_RS26225,genome,EW036_RS03125,genome,graph_context,3,EW036_RS26225;ko01130;EW036_RS03120;EW036_RS03125,in_pathway;in_pathway;genomic_proximity,annotation_mediated,bounded_BFS (<= 4 hops),annotation_mediated
B36,blaCTX-M-15,beta_lactam,EW036_RS26225,genome,EW036_RS03135,genome,graph_context,3,EW036_RS26225;ko01130;EW036_RS03140;EW036_RS03135,in_pathway;in_pathway;genomic_proximity,annotation_mediated,bounded_BFS (<= 4 hops),annotation_mediated
B36,blaCTX-M-15,beta_lactam,EW036_RS26225,genome,EW036_RS03150,genome,graph_context,3,EW036_RS26225;ko01130;EW036_RS03140;EW036_RS03150,in_pathway;in_pathway;genomic_proximity,annotation_mediated,bounded_BFS (<= 4 hops),annotation_mediated
B36,blaCTX-M-15,beta_lactam,EW036_RS26225,genome,EW036_RS03390,genome,graph_context,3,EW036_RS26225;ko01130;EW036_RS03395;EW036_RS03390,in_pathway;in_pathway;genomic_proximity,annotation_mediated,bounded_BFS (<= 4 hops),annotation_mediated
B36,blaCTX-M-15,beta_lactam,EW036_RS26225,genome,EW036_RS03400,genome,graph_context,3,EW036_RS26225;ko01130;EW036_RS03395;EW036_RS03400,in_pathway;in_pathway;genomic_proximity,annotation_mediated,bounded_BFS (<= 4 hops),annotation_mediated
B36,blaCTX-M-15,beta_lactam,EW036_RS26225,genome,EW036_RS03415,genome,graph_context,3,EW036_RS26225;ko01130;EW036_RS03420;EW036_RS03415,in_pathway;in_pathway;genomic_proximity,annotation_mediated,bounded_BFS (<= 4 hops),annotation_mediated
B36,blaCTX-M-15,beta_lactam,EW036_RS26225,genome,EW036_RS03425,genome,graph_context,3,EW036_RS26225;ko01130;EW036_RS03420;EW036_RS03425,in_pathway;in_pathway;genomic_proximity,annotation_mediated,bounded_BFS (<= 4 hops),annotation_mediated
B36,blaCTX-M-15,beta_lactam,EW036_RS26225,genome,EW036_RS03805,genome,graph_context,3,EW036_RS26225;ko01501;EW036_RS03810;EW036_RS03805,in_pathway;in_pathway;genomic_proximity,annotation_mediated,bounded_BFS (<= 4 hops),annotation_mediated
B36,blaCTX-M-15,beta_lactam,EW036_RS26225,genome,EW036_RS03815,genome,graph_context,3,EW036_RS26225;ko01501;EW036_RS03810;EW036_RS03815,in_pathway;in_pathway;genomic_proximity,annotation_mediated,bounded_BFS (<= 4 hops),annotation_mediated
B36,blaCTX-M-15,beta_lactam,EW036_RS26225,genome,EW036_RS04025,genome,graph_context,3,EW036_RS26225;ko01130;EW036_RS04030;EW036_RS04025,in_pathway;in_pathway;genomic_proximity,annotation_mediated,bounded_BFS (<= 4 hops),annotation_mediated
B36,blaCTX-M-15,beta_lactam,EW036_RS26225,genome,EW036_RS04035,genome,graph_context,3,EW036_RS26225;ko01130;EW036_RS04030;EW036_RS04035,in_pathway;in_pathway;genomic_proximity,annotation_mediated,bounded_BFS (<= 4 hops),annotation_mediated
B36,blaCTX-M-15,beta_lactam,EW036_RS26225,genome,EW036_RS04180,genome,graph_context,3,EW036_RS26225;ko01130;EW036_RS04175;EW036_RS04180,in_pathway;in_pathway;genomic_proximity,annotation_mediated,bounded_BFS (<= 4 hops),annotation_mediated
B36,blaCTX-M-15,beta_lactam,EW036_RS26225,genome,EW036_RS04280,genome,graph_context,3,EW036_RS26225;ko01130;EW036_RS04285;EW036_RS04280,in_pathway;in_pathway;genomic_proximity,annotation_mediated,bounded_BFS (<= 4 hops),annotation_mediated
B36,blaCTX-M-15,beta_lactam,EW036_RS26225,genome,EW036_RS04290,genome,graph_context,3,EW036_RS26225;ko01130;EW036_RS04285;EW036_RS04290,in_pathway;in_pathway;genomic_proximity,annotation_mediated,bounded_BFS (<= 4 hops),annotation_mediated
B36,blaCTX-M-15,beta_lactam,EW036_RS26225,genome,EW036_RS04825,genome,graph_context,3,EW036_RS26225;ko01130;EW036_RS04820;EW036_RS04825,in_pathway;in_pathway;genomic_proximity,annotation_mediated,bounded_BFS (<= 4 hops),annotation_mediated
B36,blaCTX-M-15,beta_lactam,EW036_RS26225,genome,EW036_RS04985,genome,graph_context,3,EW036_RS26225;ko01130;EW036_RS04990;EW036_RS04985,in_pathway;in_pathway;genomic_proximity,annotation_mediated,bounded_BFS (<= 4 hops),annotation_mediated
B36,blaCTX-M-15,beta_lactam,EW036_RS26225,genome,EW036_RS04995,genome,graph_context,3,EW036_RS26225;ko01130;EW036_RS04990;EW036_RS04995,in_pathway;in_pathway;genomic_proximity,annotation_mediated,bounded_BFS (<= 4 hops),annotation_mediated
B36,blaCTX-M-15,beta_lactam,EW036_RS26225,genome,EW036_RS05055,genome,graph_context,3,EW036_RS26225;ko01130;EW036_RS05060;EW036_RS05055,in_pathway;in_pathway;genomic_proximity,annotation_mediated,bounded_BFS (<= 4 hops),annotation_mediated
B36,blaCTX-M-15,beta_lactam,EW036_RS26225,genome,EW036_RS05075,genome,graph_context,3,EW036_RS26225;ko01130;EW036_RS05070;EW036_RS05075,in_pathway;in_pathway;genomic_proximity,annotation_mediated,bounded_BFS (<= 4 hops),annotation_mediated
B36,blaCTX-M-15,beta_lactam,EW036_RS26225,genome,EW036_RS05110,genome,graph_context,3,EW036_RS26225;ko01130;EW036_RS05115;EW036_RS05110,in_pathway;in_pathway;genomic_proximity,annotation_mediated,bounded_BFS (<= 4 hops),annotation_mediated
B36,blaCTX-M-15,beta_lactam,EW036_RS26225,genome,EW036_RS05125,genome,graph_context,3,EW036_RS26225;ko01130;EW036_RS05120;EW036_RS05125,in_pathway;in_pathway;genomic_proximity,annotation_mediated,bounded_BFS (<= 4 hops),annotation_mediated
B36,blaCTX-M-15,beta_lactam,EW036_RS26225,genome,EW036_RS05165,genome,graph_context,3,EW036_RS26225;ko01130;EW036_RS05170;EW036_RS05165,in_pathway;in_pathway;genomic_proximity,annotation_mediated,bounded_BFS (<= 4 hops),annotation_mediated
B36,blaCTX-M-15,beta_lactam,EW036_RS26225,genome,EW036_RS05185,genome,graph_context,3,EW036_RS26225;ko01130;EW036_RS05180;EW036_RS05185,in_pathway;in_pathway;genomic_proximity,annotation_mediated,bounded_BFS (<= 4 hops),annotation_mediated
B36,blaCTX-M-15,beta_lactam,EW036_RS26225,genome,EW036_RS05240,genome,graph_context,3,EW036_RS26225;ko01130;EW036_RS05245;EW036_RS05240,in_pathway;in_pathway;genomic_proximity,annotation_mediated,bounded_BFS (<= 4 hops),annotation_mediated
B36,blaCTX-M-15,beta_lactam,EW036_RS26225,genome,EW036_RS05250,genome,graph_context,3,EW036_RS26225;ko01130;EW036_RS05245;EW036_RS05250,in_pathway;in_pathway;genomic_proximity,annotation_mediated,bounded_BFS (<= 4 hops),annotation_mediated
B36,blaCTX-M-15,beta_lactam,EW036_RS26225,genome,EW036_RS05410,genome,graph_context,3,EW036_RS26225;ko01130;EW036_RS05415;EW036_RS05410,in_pathway;in_pathway;genomic_proximity,annotation_mediated,bounded_BFS (<= 4 hops),annotation_mediated
B36,blaCTX-M-15,beta_lactam,EW036_RS26225,genome,EW036_RS05420,genome,graph_context,3,EW036_RS26225;ko01130;EW036_RS05415;EW036_RS05420,in_pathway;in_pathway;genomic_proximity,annotation_mediated,bounded_BFS (<= 4 hops),annotation_mediated
B36,blaCTX-M-15,beta_lactam,EW036_RS26225,genome,EW036_RS05800,genome,graph_context,3,EW036_RS26225;ko01130;EW036_RS05805;EW036_RS05800,in_pathway;in_pathway;genomic_proximity,annotation_mediated,bounded_BFS (<= 4 hops),annotation_mediated
B36,blaCTX-M-15,beta_lactam,EW036_RS26225,genome,EW036_RS05810,genome,graph_context,3,EW036_RS26225;ko01130;EW036_RS05805;EW036_RS05810,in_pathway;in_pathway;genomic_proximity,annotation_mediated,bounded_BFS (<= 4 hops),annotation_mediated
B36,blaCTX-M-15,beta_lactam,EW036_RS26225,genome,EW036_RS05825,genome,graph_context,3,EW036_RS26225;ko01130;EW036_RS05830;EW036_RS05825,in_pathway;in_pathway;genomic_proximity,annotation_mediated,bounded_BFS (<= 4 hops),annotation_mediated
B36,blaCTX-M-15,beta_lactam,EW036_RS26225,genome,EW036_RS05880,genome,graph_context,3,EW036_RS26225;ko01130;EW036_RS05885;EW036_RS05880,in_pathway;in_pathway;genomic_proximity,annotation_mediated,bounded_BFS (<= 4 hops),annotation_mediated
B36,blaCTX-M-15,beta_lactam,EW036_RS26225,genome,EW036_RS05890,genome,graph_context,3,EW036_RS26225;ko01130;EW036_RS05885;EW036_RS05890,in_pathway;in_pathway;genomic_proximity,annotation_mediated,bounded_BFS (<= 4 hops),annotation_mediated
B36,blaCTX-M-15,beta_lactam,EW036_RS26225,genome,EW036_RS06010,genome,graph_context,3,EW036_RS26225;ko01130;EW036_RS06015;EW036_RS06010,in_pathway;in_pathway;genomic_proximity,annotation_mediated,bounded_BFS (<= 4 hops),annotation_mediated
B36,blaCTX-M-15,beta_lactam,EW036_RS26225,genome,EW036_RS06035,genome,graph_context,3,EW036_RS26225;ko01130;EW036_RS06040;EW036_RS06035,in_pathway;in_pathway;genomic_proximity,annotation_mediated,bounded_BFS (<= 4 hops),annotation_mediated
B36,blaCTX-M-15,beta_lactam,EW036_RS26225,genome,EW036_RS06385,genome,graph_context,3,EW036_RS26225;COG_V: Defense mechanisms;EW036_RS06390;EW036_RS06385,member_of_cog_category;member_of_cog_category;genomic_proximity,annotation_mediated,bounded_BFS (<= 4 hops),annotation_mediated
B36,blaCTX-M-15,beta_lactam,EW036_RS26225,genome,EW036_RS06395,genome,graph_context,3,EW036_RS26225;COG_V: Defense mechanisms;EW036_RS06390;EW036_RS06395,member_of_cog_category;member_of_cog_category;genomic_proximity,annotation_mediated,bounded_BFS (<= 4 hops),annotation_mediated
B36,blaCTX-M-15,beta_lactam,EW036_RS26225,genome,EW036_RS06630,genome,graph_context,3,EW036_RS26225;ko01130;EW036_RS06635;EW036_RS06630,in_pathway;in_pathway;genomic_proximity,annotation_mediated,bounded_BFS (<= 4 hops),annotation_mediated
B36,blaCTX-M-15,beta_lactam,EW036_RS26225,genome,EW036_RS06645,genome,graph_context,3,EW036_RS26225;ko01130;EW036_RS06640;EW036_RS06645,in_pathway;in_pathway;genomic_proximity,annotation_mediated,bounded_BFS (<= 4 hops),annotation_mediated
B36,blaCTX-M-15,beta_lactam,EW036_RS26225,genome,EW036_RS06850,genome,graph_context,3,EW036_RS26225;ko01130;EW036_RS06855;EW036_RS06850,in_pathway;in_pathway;genomic_proximity,annotation_mediated,bounded_BFS (<= 4 hops),annotation_mediated
B36,blaCTX-M-15,beta_lactam,EW036_RS26225,genome,EW036_RS06860,genome,graph_context,3,EW036_RS26225;ko01130;EW036_RS06855;EW036_RS06860,in_pathway;in_pathway;genomic_proximity,annotation_mediated,bounded_BFS (<= 4 hops),annotation_mediated
B36,blaCTX-M-15,beta_lactam,EW036_RS26225,genome,EW036_RS06880,genome,graph_context,3,EW036_RS26225;ko01130;EW036_RS06885;EW036_RS06880,in_pathway;in_pathway;genomic_proximity,annotation_mediated,bounded_BFS (<= 4 hops),annotation_mediated
B36,blaCTX-M-15,beta_lactam,EW036_RS26225,genome,EW036_RS06890,genome,graph_context,3,EW036_RS26225;ko01130;EW036_RS06885;EW036_RS06890,in_pathway;in_pathway;genomic_proximity,annotation_mediated,bounded_BFS (<= 4 hops),annotation_mediated
B36,blaCTX-M-15,beta_lactam,EW036_RS26225,genome,EW036_RS06915,genome,graph_context,3,EW036_RS26225;ko01130;EW036_RS06920;EW036_RS06915,in_pathway;in_pathway;genomic_proximity,annotation_mediated,bounded_BFS (<= 4 hops),annotation_mediated
B36,blaCTX-M-15,beta_lactam,EW036_RS26225,genome,EW036_RS06925,genome,graph_context,3,EW036_RS26225;ko01130;EW036_RS06920;EW036_RS06925,in_pathway;in_pathway;genomic_proximity,annotation_mediated,bounded_BFS (<= 4 hops),annotation_mediated
B36,blaCTX-M-15,beta_lactam,EW036_RS26225,genome,EW036_RS07015,genome,graph_context,3,EW036_RS26225;ko01130;EW036_RS07020;EW036_RS07015,in_pathway;in_pathway;genomic_proximity,annotation_mediated,bounded_BFS (<= 4 hops),annotation_mediated
B36,blaCTX-M-15,beta_lactam,EW036_RS26225,genome,EW036_RS07025,genome,graph_context,3,EW036_RS26225;ko01130;EW036_RS07020;EW036_RS07025,in_pathway;in_pathway;genomic_proximity,annotation_mediated,bounded_BFS (<= 4 hops),annotation_mediated
B36,blaCTX-M-15,beta_lactam,EW036_RS26225,genome,EW036_RS07030,genome,graph_context,3,EW036_RS26225;ko01130;EW036_RS07035;EW036_RS07030,in_pathway;in_pathway;genomic_proximity,annotation_mediated,bounded_BFS (<= 4 hops),annotation_mediated
B36,blaCTX-M-15,beta_lactam,EW036_RS26225,genome,EW036_RS07040,genome,graph_context,3,EW036_RS26225;ko01130;EW036_RS07035;EW036_RS07040,in_pathway;in_pathway;genomic_proximity,annotation_mediated,bounded_BFS (<= 4 hops),annotation_mediated
B36,blaCTX-M-15,beta_lactam,EW036_RS26225,genome,EW036_RS07120,genome,graph_context,3,EW036_RS26225;ko01130;EW036_RS07125;EW036_RS07120,in_pathway;in_pathway;genomic_proximity,annotation_mediated,bounded_BFS (<= 4 hops),annotation_mediated
B36,blaCTX-M-15,beta_lactam,EW036_RS26225,genome,EW036_RS07135,genome,graph_context,3,EW036_RS26225;ko01130;EW036_RS07130;EW036_RS07135,in_pathway;in_pathway;genomic_proximity,annotation_mediated,bounded_BFS (<= 4 hops),annotation_mediated
B36,blaCTX-M-15,beta_lactam,EW036_RS26225,genome,EW036_RS07170,genome,graph_context,3,EW036_RS26225;ko01130;EW036_RS07175;EW036_RS07170,in_pathway;in_pathway;genomic_proximity,annotation_mediated,bounded_BFS (<= 4 hops),annotation_mediated
B36,blaCTX-M-15,beta_lactam,EW036_RS26225,genome,EW036_RS07180,genome,graph_context,3,EW036_RS26225;ko01130;EW036_RS07185;EW036_RS07180,in_pathway;in_pathway;genomic_proximity,annotation_mediated,bounded_BFS (<= 4 hops),annotation_mediated
B36,blaCTX-M-15,beta_lactam,EW036_RS26225,genome,EW036_RS07190,genome,graph_context,3,EW036_RS26225;ko01130;EW036_RS07185;EW036_RS07190,in_pathway;in_pathway;genomic_proximity,annotation_mediated,bounded_BFS (<= 4 hops),annotation_mediated
B36,blaCTX-M-15,beta_lactam,EW036_RS26225,genome,EW036_RS07230,genome,graph_context,3,EW036_RS26225;ko01130;EW036_RS07235;EW036_RS07230,in_pathway;in_pathway;genomic_proximity,annotation_mediated,bounded_BFS (<= 4 hops),annotation_mediated
B36,blaCTX-M-15,beta_lactam,EW036_RS26225,genome,EW036_RS07240,genome,graph_context,3,EW036_RS26225;ko01130;EW036_RS07235;EW036_RS07240,in_pathway;in_pathway;genomic_proximity,annotation_mediated,bounded_BFS (<= 4 hops),annotation_mediated
B36,blaCTX-M-15,beta_lactam,EW036_RS26225,genome,EW036_RS07245,genome,graph_context,3,EW036_RS26225;ko01130;EW036_RS07250;EW036_RS07245,in_pathway;in_pathway;genomic_proximity,annotation_mediated,bounded_BFS (<= 4 hops),annotation_mediated
B36,blaCTX-M-15,beta_lactam,EW036_RS26225,genome,EW036_RS07260,genome,graph_context,3,EW036_RS26225;ko01130;EW036_RS07255;EW036_RS07260,in_pathway;in_pathway;genomic_proximity,annotation_mediated,bounded_BFS (<= 4 hops),annotation_mediated
B36,blaCTX-M-15,beta_lactam,EW036_RS26225,genome,EW036_RS07385,genome,graph_context,3,EW036_RS26225;ko01130;EW036_RS07395;EW036_RS07385,in_pathway;in_pathway;genomic_proximity,annotation_mediated,bounded_BFS (<= 4 hops),annotation_mediated
B36,blaCTX-M-15,beta_lactam,EW036_RS26225,genome,EW036_RS07400,genome,graph_context,3,EW036_RS26225;ko01130;EW036_RS07395;EW036_RS07400,in_pathway;in_pathway;genomic_proximity,annotation_mediated,bounded_BFS (<= 4 hops),annotation_mediated
B36,blaCTX-M-15,beta_lactam,EW036_RS26225,genome,EW036_RS07415,genome,graph_context,3,EW036_RS26225;ko01130;EW036_RS07420;EW036_RS07415,in_pathway;in_pathway;genomic_proximity,annotation_mediated,bounded_BFS (<= 4 hops),annotation_mediated
B36,blaCTX-M-15,beta_lactam,EW036_RS26225,genome,EW036_RS07425,genome,graph_context,3,EW036_RS26225;ko01130;EW036_RS07420;EW036_RS07425,in_pathway;in_pathway;genomic_proximity,annotation_mediated,bounded_BFS (<= 4 hops),annotation_mediated
B36,blaCTX-M-15,beta_lactam,EW036_RS26225,genome,EW036_RS07445,genome,graph_context,3,EW036_RS26225;ko01130;EW036_RS07450;EW036_RS07445,in_pathway;in_pathway;genomic_proximity,annotation_mediated,bounded_BFS (<= 4 hops),annotation_mediated
B36,blaCTX-M-15,beta_lactam,EW036_RS26225,genome,EW036_RS07455,genome,graph_context,3,EW036_RS26225;ko01130;EW036_RS07450;EW036_RS07455,in_pathway;in_pathway;genomic_proximity,annotation_mediated,bounded_BFS (<= 4 hops),annotation_mediated
B36,blaCTX-M-15,beta_lactam,EW036_RS26225,genome,EW036_RS07575,genome,graph_context,3,EW036_RS26225;ko01130;EW036_RS07580;EW036_RS07575,in_pathway;in_pathway;genomic_proximity,annotation_mediated,bounded_BFS (<= 4 hops),annotation_mediated
B36,blaCTX-M-15,beta_lactam,EW036_RS26225,genome,EW036_RS07585,genome,graph_context,3,EW036_RS26225;ko01130;EW036_RS07580;EW036_RS07585,in_pathway;in_pathway;genomic_proximity,annotation_mediated,bounded_BFS (<= 4 hops),annotation_mediated
B36,blaCTX-M-15,beta_lactam,EW036_RS26225,genome,EW036_RS07790,genome,graph_context,3,EW036_RS26225;ko01130;EW036_RS07795;EW036_RS07790,in_pathway;in_pathway;genomic_proximity,annotation_mediated,bounded_BFS (<= 4 hops),annotation_mediated
B36,blaCTX-M-15,beta_lactam,EW036_RS26225,genome,EW036_RS07805,genome,graph_context,3,EW036_RS26225;ko01130;EW036_RS07800;EW036_RS07805,in_pathway;in_pathway;genomic_proximity,annotation_mediated,bounded_BFS (<= 4 hops),annotation_mediated
B36,blaCTX-M-15,beta_lactam,EW036_RS26225,genome,EW036_RS07850,genome,graph_context,3,EW036_RS26225;ko01130;EW036_RS07855;EW036_RS07850,in_pathway;in_pathway;genomic_proximity,annotation_mediated,bounded_BFS (<= 4 hops),annotation_mediated
B36,blaCTX-M-15,beta_lactam,EW036_RS26225,genome,EW036_RS07860,genome,graph_context,3,EW036_RS26225;ko01130;EW036_RS07855;EW036_RS07860,in_pathway;in_pathway;genomic_proximity,annotation_mediated,bounded_BFS (<= 4 hops),annotation_mediated
B36,blaCTX-M-15,beta_lactam,EW036_RS26225,genome,EW036_RS07900,genome,graph_context,3,EW036_RS26225;ko01130;EW036_RS07905;EW036_RS07900,in_pathway;in_pathway;genomic_proximity,annotation_mediated,bounded_BFS (<= 4 hops),annotation_mediated
B36,blaCTX-M-15,beta_lactam,EW036_RS26225,genome,EW036_RS07915,genome,graph_context,3,EW036_RS26225;ko01130;EW036_RS07920;EW036_RS07915,in_pathway;in_pathway;genomic_proximity,annotation_mediated,bounded_BFS (<= 4 hops),annotation_mediated
B36,blaCTX-M-15,beta_lactam,EW036_RS26225,genome,EW036_RS07925,genome,graph_context,3,EW036_RS26225;ko01130;EW036_RS07920;EW036_RS07925,in_pathway;in_pathway;genomic_proximity,annotation_mediated,bounded_BFS (<= 4 hops),annotation_mediated
B36,blaCTX-M-15,beta_lactam,EW036_RS26225,genome,EW036_RS07935,genome,graph_context,3,EW036_RS26225;ko01130;EW036_RS07940;EW036_RS07935,in_pathway;in_pathway;genomic_proximity,annotation_mediated,bounded_BFS (<= 4 hops),annotation_mediated
B36,blaCTX-M-15,beta_lactam,EW036_RS26225,genome,EW036_RS07945,genome,graph_context,3,EW036_RS26225;ko01130;EW036_RS07940;EW036_RS07945,in_pathway;in_pathway;genomic_proximity,annotation_mediated,bounded_BFS (<= 4 hops),annotation_mediated
B36,blaCTX-M-15,beta_lactam,EW036_RS26225,genome,EW036_RS07995,genome,graph_context,3,EW036_RS26225;ko01130;EW036_RS08000;EW036_RS07995,in_pathway;in_pathway;genomic_proximity,annotation_mediated,bounded_BFS (<= 4 hops),annotation_mediated
B36,blaCTX-M-15,beta_lactam,EW036_RS26225,genome,EW036_RS08005,genome,graph_context,3,EW036_RS26225;ko01130;EW036_RS08000;EW036_RS08005,in_pathway;in_pathway;genomic_proximity,annotation_mediated,bounded_BFS (<= 4 hops),annotation_mediated
B36,blaCTX-M-15,beta_lactam,EW036_RS26225,genome,EW036_RS08040,genome,graph_context,3,EW036_RS26225;ko01130;EW036_RS08045;EW036_RS08040,in_pathway;in_pathway;genomic_proximity,annotation_mediated,bounded_BFS (<= 4 hops),annotation_mediated
B36,blaCTX-M-15,beta_lactam,EW036_RS26225,genome,EW036_RS08050,genome,graph_context,3,EW036_RS26225;ko01130;EW036_RS08045;EW036_RS08050,in_pathway;in_pathway;genomic_proximity,annotation_mediated,bounded_BFS (<= 4 hops),annotation_mediated
B36,blaCTX-M-15,beta_lactam,EW036_RS26225,genome,EW036_RS08145,genome,graph_context,3,EW036_RS26225;ko01130;EW036_RS08150;EW036_RS08145,in_pathway;in_pathway;genomic_proximity,annotation_mediated,bounded_BFS (<= 4 hops),annotation_mediated
B36,blaCTX-M-15,beta_lactam,EW036_RS26225,genome,EW036_RS08155,genome,graph_context,3,EW036_RS26225;ko01130;EW036_RS08150;EW036_RS08155,in_pathway;in_pathway;genomic_proximity,annotation_mediated,bounded_BFS (<= 4 hops),annotation_mediated
B36,blaCTX-M-15,beta_lactam,EW036_RS26225,genome,EW036_RS08265,genome,graph_context,3,EW036_RS26225;ko01130;EW036_RS08270;EW036_RS08265,in_pathway;in_pathway;genomic_proximity,annotation_mediated,bounded_BFS (<= 4 hops),annotation_mediated
B36,blaCTX-M-15,beta_lactam,EW036_RS26225,genome,EW036_RS08620,genome,graph_context,3,EW036_RS26225;COG_V: Defense mechanisms;EW036_RS08625;EW036_RS08620,member_of_cog_category;member_of_cog_category;genomic_proximity,annotation_mediated,bounded_BFS (<= 4 hops),annotation_mediated
B36,blaCTX-M-15,beta_lactam,EW036_RS26225,genome,EW036_RS08690,genome,graph_context,3,EW036_RS26225;ko01130;EW036_RS08695;EW036_RS08690,in_pathway;in_pathway;genomic_proximity,annotation_mediated,bounded_BFS (<= 4 hops),annotation_mediated
B36,blaCTX-M-15,beta_lactam,EW036_RS26225,genome,EW036_RS08705,genome,graph_context,3,EW036_RS26225;ko01501;EW036_RS08700;EW036_RS08705,in_pathway;in_pathway;genomic_proximity,annotation_mediated,bounded_BFS (<= 4 hops),annotation_mediated
B36,blaCTX-M-15,beta_lactam,EW036_RS26225,genome,EW036_RS09060,genome,graph_context,3,EW036_RS26225;ko01130;EW036_RS09065;EW036_RS09060,in_pathway;in_pathway;genomic_proximity,annotation_mediated,bounded_BFS (<= 4 hops),annotation_mediated
B36,blaCTX-M-15,beta_lactam,EW036_RS26225,genome,EW036_RS09070,genome,graph_context,3,EW036_RS26225;ko01130;EW036_RS09065;EW036_RS09070,in_pathway;in_pathway;genomic_proximity,annotation_mediated,bounded_BFS (<= 4 hops),annotation_mediated
B36,blaCTX-M-15,beta_lactam,EW036_RS26225,genome,EW036_RS09415,genome,graph_context,3,EW036_RS26225;ko01130;EW036_RS09420;EW036_RS09415,in_pathway;in_pathway;genomic_proximity,annotation_mediated,bounded_BFS (<= 4 hops),annotation_mediated
B36,blaCTX-M-15,beta_lactam,EW036_RS26225,genome,EW036_RS09430,genome,graph_context,3,EW036_RS26225;ko01130;EW036_RS09425;EW036_RS09430,in_pathway;in_pathway;genomic_proximity,annotation_mediated,bounded_BFS (<= 4 hops),annotation_mediated
B36,blaOXA-1,beta_lactam,EW036_RS26250,genome,EW036_RS26250_RNA,transcriptome,rna_quantified,0,,,directly_observed,aligned_multiomics.csv (RNA_RPMI/RNA_Sera),observed
B36,blaOXA-1,beta_lactam,EW036_RS26250,genome,WP_001334766.1,proteome,protein_quantified,0,,,directly_observed,aligned_multiomics.csv (Protein_RPMI/Protein_Sera),observed
B36,blaOXA-1,beta_lactam,EW036_RS26250,genome,EW036_RS26245,genome,genomic_proximity,1,EW036_RS26250;EW036_RS26245,genomic_proximity,graph_derived,edges_gene_genomic_proximity_gene.csv,graph_derived
B36,blaOXA-1,beta_lactam,EW036_RS26250,genome,EW036_RS26255,genome,genomic_proximity,1,EW036_RS26250;EW036_RS26255,genomic_proximity,graph_derived,edges_gene_genomic_proximity_gene.csv,graph_derived
B36,blaOXA-1,beta_lactam,WP_001334766.1,hypergraph,Triple_EW036_RS26250,hypergraph,hyperedge_membership,1,WP_001334766.1;Triple_EW036_RS26250,member_of:multi_omics_triple,graph_derived,hyperedges.csv,graph_derived
B36,blaOXA-1,beta_lactam,WP_001334766.1,hypergraph,map01501,hypergraph,hyperedge_membership,1,WP_001334766.1;map01501,member_of:kegg_pathway,graph_derived,hyperedges.csv,graph_derived
B36,blaOXA-1,beta_lactam,WP_001334766.1,hypergraph,ko01501,hypergraph,hyperedge_membership,1,WP_001334766.1;ko01501,member_of:kegg_pathway,graph_derived,hyperedges.csv,graph_derived
B36,blaOXA-1,beta_lactam,WP_001334766.1,hypergraph,COG_V: Defense mechanisms,hypergraph,hyperedge_membership,1,WP_001334766.1;COG_V: Defense mechanisms,member_of:cog_category,graph_derived,hyperedges.csv,graph_derived
B36,blaOXA-1,beta_lactam,WP_001334766.1,hypergraph,beta_lactam_resistance,hypergraph,hyperedge_membership,1,WP_001334766.1;beta_lactam_resistance,member_of:amr_mechanism,graph_derived,hyperedges.csv,graph_derived
B36,blaOXA-1,beta_lactam,WP_001334766.1,hypergraph,GO:0042597: C:periplasmic space,hypergraph,hyperedge_membership,1,WP_001334766.1;GO:0042597: C:periplasmic space,member_of:go_term,graph_derived,hyperedges.csv,graph_derived
B36,blaOXA-1,beta_lactam,WP_001334766.1,hypergraph,GO:0046677: P:response to antibiotic,hypergraph,hyperedge_membership,1,WP_001334766.1;GO:0046677: P:response to antibiotic,member_of:go_term,graph_derived,hyperedges.csv,graph_derived
B36,blaOXA-1,beta_lactam,WP_001334766.1,hypergraph,GO:0008658: F:penicillin binding,hypergraph,hyperedge_membership,1,WP_001334766.1;GO:0008658: F:penicillin binding,member_of:go_term,graph_derived,hyperedges.csv,graph_derived
B36,blaOXA-1,beta_lactam,WP_001334766.1,hypergraph,GO:0008800: F:beta-lactamase activity,hypergraph,hyperedge_membership,1,WP_001334766.1;GO:0008800: F:beta-lactamase activity,member_of:go_term,graph_derived,hyperedges.csv,graph_derived
B36,blaOXA-1,beta_lactam,WP_001334766.1,hypergraph,GO:0017001: GO:0017001,hypergraph,hyperedge_membership,1,WP_001334766.1;GO:0017001: GO:0017001,member_of:go_term,graph_derived,hyperedges.csv,graph_derived
B36,blaOXA-1,beta_lactam,EW036_RS26250,genome,ko01501,kegg,in_pathway,1,EW036_RS26250;ko01501,in_pathway,annotation_mediated,edges_gene_in_pathway_annotation.csv (KEGG),annotation_mediated
B36,blaOXA-1,beta_lactam,EW036_RS26250,genome,map01501,kegg,in_pathway,1,EW036_RS26250;map01501,in_pathway,annotation_mediated,edges_gene_in_pathway_annotation.csv (KEGG),annotation_mediated
B36,blaOXA-1,beta_lactam,EW036_RS26250,genome,V,cog,cog_category,1,EW036_RS26250;V,cog_category,annotation_mediated,edges_gene_cog_category_annotation.csv (eggNOG/COG),annotation_mediated
B36,blaOXA-1,beta_lactam,WP_001334766.1,proteome,GO:0008658,go,go_annotation,1,WP_001334766.1;GO:0008658,annotated_by,annotation_mediated,edges_protein_annotated_by_annotation.csv (GO),annotation_mediated
B36,blaOXA-1,beta_lactam,WP_001334766.1,proteome,GO:0008800,go,go_annotation,1,WP_001334766.1;GO:0008800,annotated_by,annotation_mediated,edges_protein_annotated_by_annotation.csv (GO),annotation_mediated
B36,blaOXA-1,beta_lactam,WP_001334766.1,proteome,GO:0017001,go,go_annotation,1,WP_001334766.1;GO:0017001,annotated_by,annotation_mediated,edges_protein_annotated_by_annotation.csv (GO),annotation_mediated
B36,blaOXA-1,beta_lactam,WP_001334766.1,proteome,GO:0042597,go,go_annotation,1,WP_001334766.1;GO:0042597,annotated_by,annotation_mediated,edges_protein_annotated_by_annotation.csv (GO),annotation_mediated
B36,blaOXA-1,beta_lactam,WP_001334766.1,proteome,GO:0046677,go,go_annotation,1,WP_001334766.1;GO:0046677,annotated_by,annotation_mediated,edges_protein_annotated_by_annotation.csv (GO),annotation_mediated
B36,blaOXA-1,beta_lactam,WP_001334766.1,proteome,GO:0008658,go,go_annotation,1,WP_001334766.1;GO:0008658,annotated_by,annotation_mediated,amr_uniprot_recovery.csv (per-ID UniProt lookup; bypasses upstream batch-search truncation),annotation_mediated
B36,blaOXA-1,beta_lactam,WP_001334766.1,proteome,GO:0008800,go,go_annotation,1,WP_001334766.1;GO:0008800,annotated_by,annotation_mediated,amr_uniprot_recovery.csv (per-ID UniProt lookup; bypasses upstream batch-search truncation),annotation_mediated
B36,blaOXA-1,beta_lactam,WP_001334766.1,proteome,GO:0017001,go,go_annotation,1,WP_001334766.1;GO:0017001,annotated_by,annotation_mediated,amr_uniprot_recovery.csv (per-ID UniProt lookup; bypasses upstream batch-search truncation),annotation_mediated
B36,blaOXA-1,beta_lactam,WP_001334766.1,proteome,GO:0042597,go,go_annotation,1,WP_001334766.1;GO:0042597,annotated_by,annotation_mediated,amr_uniprot_recovery.csv (per-ID UniProt lookup; bypasses upstream batch-search truncation),annotation_mediated
B36,blaOXA-1,beta_lactam,WP_001334766.1,proteome,GO:0046677,go,go_annotation,1,WP_001334766.1;GO:0046677,annotated_by,annotation_mediated,amr_uniprot_recovery.csv (per-ID UniProt lookup; bypasses upstream batch-search truncation),annotation_mediated
B36,blaOXA-1,beta_lactam,EW036_RS26250,genome,beta_lactam,ppi_amr,amr_mechanism,1,EW036_RS26250;beta_lactam,associated_with,annotation_mediated,amr_manifest / edges_gene_associated_with_annotation.csv,annotation_mediated
B36,blaOXA-1,beta_lactam,EW036_RS26250,genome,EW036_RS00555,genome,graph_context,2,EW036_RS26250;COG_V: Defense mechanisms;EW036_RS00555,member_of_cog_category;member_of_cog_category,annotation_mediated,bounded_BFS (<= 4 hops),annotation_mediated
B36,blaOXA-1,beta_lactam,EW036_RS26250,genome,EW036_RS01240,genome,graph_context,2,EW036_RS26250;map01501;EW036_RS01240,in_pathway;in_pathway,annotation_mediated,bounded_BFS (<= 4 hops),annotation_mediated
B36,blaOXA-1,beta_lactam,EW036_RS26250,genome,EW036_RS01245,genome,graph_context,2,EW036_RS26250;map01501;EW036_RS01245,in_pathway;in_pathway,annotation_mediated,bounded_BFS (<= 4 hops),annotation_mediated
B36,blaOXA-1,beta_lactam,EW036_RS26250,genome,EW036_RS01400,genome,graph_context,2,EW036_RS26250;COG_V: Defense mechanisms;EW036_RS01400,member_of_cog_category;member_of_cog_category,annotation_mediated,bounded_BFS (<= 4 hops),annotation_mediated
B36,blaOXA-1,beta_lactam,EW036_RS26250,genome,EW036_RS01575,genome,graph_context,2,EW036_RS26250;COG_V: Defense mechanisms;EW036_RS01575,member_of_cog_category;member_of_cog_category,annotation_mediated,bounded_BFS (<= 4 hops),annotation_mediated
B36,blaOXA-1,beta_lactam,EW036_RS26250,genome,EW036_RS02045,genome,graph_context,2,EW036_RS26250;map01501;EW036_RS02045,in_pathway;in_pathway,annotation_mediated,bounded_BFS (<= 4 hops),annotation_mediated
B36,blaOXA-1,beta_lactam,EW036_RS26250,genome,EW036_RS03810,genome,graph_context,2,EW036_RS26250;map01501;EW036_RS03810,in_pathway;in_pathway,annotation_mediated,bounded_BFS (<= 4 hops),annotation_mediated
B36,blaOXA-1,beta_lactam,EW036_RS26250,genome,EW036_RS06390,genome,graph_context,2,EW036_RS26250;COG_V: Defense mechanisms;EW036_RS06390,member_of_cog_category;member_of_cog_category,annotation_mediated,bounded_BFS (<= 4 hops),annotation_mediated
B36,blaOXA-1,beta_lactam,EW036_RS26250,genome,EW036_RS08625,genome,graph_context,2,EW036_RS26250;COG_V: Defense mechanisms;EW036_RS08625,member_of_cog_category;member_of_cog_category,annotation_mediated,bounded_BFS (<= 4 hops),annotation_mediated
B36,blaOXA-1,beta_lactam,EW036_RS26250,genome,EW036_RS08700,genome,graph_context,2,EW036_RS26250;map01501;EW036_RS08700,in_pathway;in_pathway,annotation_mediated,bounded_BFS (<= 4 hops),annotation_mediated
B36,blaOXA-1,beta_lactam,EW036_RS26250,genome,EW036_RS09495,genome,graph_context,2,EW036_RS26250;map01501;EW036_RS09495,in_pathway;in_pathway,annotation_mediated,bounded_BFS (<= 4 hops),annotation_mediated
B36,blaOXA-1,beta_lactam,EW036_RS26250,genome,EW036_RS09545,genome,graph_context,2,EW036_RS26250;COG_V: Defense mechanisms;EW036_RS09545,member_of_cog_category;member_of_cog_category,annotation_mediated,bounded_BFS (<= 4 hops),annotation_mediated
B36,blaOXA-1,beta_lactam,EW036_RS26250,genome,EW036_RS10165,genome,graph_context,2,EW036_RS26250;COG_V: Defense mechanisms;EW036_RS10165,member_of_cog_category;member_of_cog_category,annotation_mediated,bounded_BFS (<= 4 hops),annotation_mediated
B36,blaOXA-1,beta_lactam,EW036_RS26250,genome,EW036_RS10610,genome,graph_context,2,EW036_RS26250;map01501;EW036_RS10610,in_pathway;in_pathway,annotation_mediated,bounded_BFS (<= 4 hops),annotation_mediated
B36,blaOXA-1,beta_lactam,EW036_RS26250,genome,EW036_RS10615,genome,graph_context,2,EW036_RS26250;map01501;EW036_RS10615,in_pathway;in_pathway,annotation_mediated,bounded_BFS (<= 4 hops),annotation_mediated
B36,blaOXA-1,beta_lactam,EW036_RS26250,genome,EW036_RS10625,genome,graph_context,2,EW036_RS26250;map01501;EW036_RS10625,in_pathway;in_pathway,annotation_mediated,bounded_BFS (<= 4 hops),annotation_mediated
B36,blaOXA-1,beta_lactam,EW036_RS26250,genome,EW036_RS10630,genome,graph_context,2,EW036_RS26250;map01501;EW036_RS10630,in_pathway;in_pathway,annotation_mediated,bounded_BFS (<= 4 hops),annotation_mediated
B36,blaOXA-1,beta_lactam,EW036_RS26250,genome,EW036_RS11280,genome,graph_context,2,EW036_RS26250;COG_V: Defense mechanisms;EW036_RS11280,member_of_cog_category;member_of_cog_category,annotation_mediated,bounded_BFS (<= 4 hops),annotation_mediated
B36,blaOXA-1,beta_lactam,EW036_RS26250,genome,EW036_RS11445,genome,graph_context,2,EW036_RS26250;map01501;EW036_RS11445,in_pathway;in_pathway,annotation_mediated,bounded_BFS (<= 4 hops),annotation_mediated
B36,blaOXA-1,beta_lactam,EW036_RS26250,genome,EW036_RS15630,genome,graph_context,2,EW036_RS26250;map01501;EW036_RS15630,in_pathway;in_pathway,annotation_mediated,bounded_BFS (<= 4 hops),annotation_mediated
B36,blaOXA-1,beta_lactam,EW036_RS26250,genome,EW036_RS16290,genome,graph_context,2,EW036_RS26250;map01501;EW036_RS16290,in_pathway;in_pathway,annotation_mediated,bounded_BFS (<= 4 hops),annotation_mediated
B36,blaOXA-1,beta_lactam,EW036_RS26250,genome,EW036_RS17050,genome,graph_context,2,EW036_RS26250;COG_V: Defense mechanisms;EW036_RS17050,member_of_cog_category;member_of_cog_category,annotation_mediated,bounded_BFS (<= 4 hops),annotation_mediated
B36,blaOXA-1,beta_lactam,EW036_RS26250,genome,EW036_RS17110,genome,graph_context,2,EW036_RS26250;COG_V: Defense mechanisms;EW036_RS17110,member_of_cog_category;member_of_cog_category,annotation_mediated,bounded_BFS (<= 4 hops),annotation_mediated
B36,blaOXA-1,beta_lactam,EW036_RS26250,genome,EW036_RS17475,genome,graph_context,2,EW036_RS26250;COG_V: Defense mechanisms;EW036_RS17475,member_of_cog_category;member_of_cog_category,annotation_mediated,bounded_BFS (<= 4 hops),annotation_mediated
B36,blaOXA-1,beta_lactam,EW036_RS26250,genome,EW036_RS17485,genome,graph_context,2,EW036_RS26250;COG_V: Defense mechanisms;EW036_RS17485,member_of_cog_category;member_of_cog_category,annotation_mediated,bounded_BFS (<= 4 hops),annotation_mediated
B36,blaOXA-1,beta_lactam,EW036_RS26250,genome,EW036_RS18305,genome,graph_context,2,EW036_RS26250;map01501;EW036_RS18305,in_pathway;in_pathway,annotation_mediated,bounded_BFS (<= 4 hops),annotation_mediated
B36,blaOXA-1,beta_lactam,EW036_RS26250,genome,EW036_RS18680,genome,graph_context,2,EW036_RS26250;map01501;EW036_RS18680,in_pathway;in_pathway,annotation_mediated,bounded_BFS (<= 4 hops),annotation_mediated
B36,blaOXA-1,beta_lactam,EW036_RS26250,genome,EW036_RS19080,genome,graph_context,2,EW036_RS26250;map01501;EW036_RS19080,in_pathway;in_pathway,annotation_mediated,bounded_BFS (<= 4 hops),annotation_mediated
B36,blaOXA-1,beta_lactam,EW036_RS26250,genome,EW036_RS19085,genome,graph_context,2,EW036_RS26250;map01501;EW036_RS19085,in_pathway;in_pathway,annotation_mediated,bounded_BFS (<= 4 hops),annotation_mediated
B36,blaOXA-1,beta_lactam,EW036_RS26250,genome,EW036_RS19980,genome,graph_context,2,EW036_RS26250;COG_V: Defense mechanisms;EW036_RS19980,member_of_cog_category;member_of_cog_category,annotation_mediated,bounded_BFS (<= 4 hops),annotation_mediated
B36,blaOXA-1,beta_lactam,EW036_RS26250,genome,EW036_RS20805,genome,graph_context,2,EW036_RS26250;COG_V: Defense mechanisms;EW036_RS20805,member_of_cog_category;member_of_cog_category,annotation_mediated,bounded_BFS (<= 4 hops),annotation_mediated
B36,blaOXA-1,beta_lactam,EW036_RS26250,genome,EW036_RS20925,genome,graph_context,2,EW036_RS26250;COG_V: Defense mechanisms;EW036_RS20925,member_of_cog_category;member_of_cog_category,annotation_mediated,bounded_BFS (<= 4 hops),annotation_mediated
B36,blaOXA-1,beta_lactam,EW036_RS26250,genome,EW036_RS20930,genome,graph_context,2,EW036_RS26250;COG_V: Defense mechanisms;EW036_RS20930,member_of_cog_category;member_of_cog_category,annotation_mediated,bounded_BFS (<= 4 hops),annotation_mediated
B36,blaOXA-1,beta_lactam,EW036_RS26250,genome,EW036_RS21785,genome,graph_context,2,EW036_RS26250;COG_V: Defense mechanisms;EW036_RS21785,member_of_cog_category;member_of_cog_category,annotation_mediated,bounded_BFS (<= 4 hops),annotation_mediated
B36,blaOXA-1,beta_lactam,EW036_RS26250,genome,EW036_RS21795,genome,graph_context,2,EW036_RS26250;COG_V: Defense mechanisms;EW036_RS21795,member_of_cog_category;member_of_cog_category,annotation_mediated,bounded_BFS (<= 4 hops),annotation_mediated
B36,blaOXA-1,beta_lactam,EW036_RS26250,genome,EW036_RS22125,genome,graph_context,2,EW036_RS26250;COG_V: Defense mechanisms;EW036_RS22125,member_of_cog_category;member_of_cog_category,annotation_mediated,bounded_BFS (<= 4 hops),annotation_mediated
B36,blaOXA-1,beta_lactam,EW036_RS26250,genome,EW036_RS22130,genome,graph_context,2,EW036_RS26250;COG_V: Defense mechanisms;EW036_RS22130,member_of_cog_category;member_of_cog_category,annotation_mediated,bounded_BFS (<= 4 hops),annotation_mediated
B36,blaOXA-1,beta_lactam,EW036_RS26250,genome,EW036_RS23165,genome,graph_context,2,EW036_RS26250;map01501;EW036_RS23165,in_pathway;in_pathway,annotation_mediated,bounded_BFS (<= 4 hops),annotation_mediated
B36,blaOXA-1,beta_lactam,EW036_RS26250,genome,EW036_RS26225,genome,graph_context,2,EW036_RS26250;map01501;EW036_RS26225,in_pathway;in_pathway,annotation_mediated,bounded_BFS (<= 4 hops),annotation_mediated
B36,blaOXA-1,beta_lactam,EW036_RS26250,genome,EW036_RS26240,genome,graph_context,2,EW036_RS26250;EW036_RS26245;EW036_RS26240,genomic_proximity;genomic_proximity,graph_derived,bounded_BFS (<= 4 hops),graph_derived
B36,blaOXA-1,beta_lactam,EW036_RS26250,genome,EW036_RS26260,genome,graph_context,2,EW036_RS26250;EW036_RS26255;EW036_RS26260,genomic_proximity;genomic_proximity,graph_derived,bounded_BFS (<= 4 hops),graph_derived
B36,blaOXA-1,beta_lactam,EW036_RS26250,genome,EW036_RS26290,genome,graph_context,2,EW036_RS26250;COG_V: Defense mechanisms;EW036_RS26290,member_of_cog_category;member_of_cog_category,annotation_mediated,bounded_BFS (<= 4 hops),annotation_mediated
B36,blaOXA-1,beta_lactam,EW036_RS26250,genome,EW036_RS26295,genome,graph_context,2,EW036_RS26250;COG_V: Defense mechanisms;EW036_RS26295,member_of_cog_category;member_of_cog_category,annotation_mediated,bounded_BFS (<= 4 hops),annotation_mediated
B36,blaOXA-1,beta_lactam,EW036_RS26250,genome,EW036_RS26300,genome,graph_context,2,EW036_RS26250;COG_V: Defense mechanisms;EW036_RS26300,member_of_cog_category;member_of_cog_category,annotation_mediated,bounded_BFS (<= 4 hops),annotation_mediated
B36,blaOXA-1,beta_lactam,EW036_RS26250,genome,WP_000003317.1,proteome,graph_context,2,WP_001334766.1;GO:0046677: P:response to antibiotic;WP_000003317.1,member_of_go_term;member_of_go_term,annotation_mediated,bounded_BFS (<= 4 hops),annotation_mediated
B36,blaOXA-1,beta_lactam,EW036_RS26250,genome,WP_000016907.1,proteome,graph_context,2,WP_001334766.1;GO:0042597: C:periplasmic space;WP_000016907.1,member_of_go_term;member_of_go_term,annotation_mediated,bounded_BFS (<= 4 hops),annotation_mediated
B36,blaOXA-1,beta_lactam,EW036_RS26250,genome,WP_000024904.1,proteome,graph_context,2,EW036_RS26250;COG_V: Defense mechanisms;WP_000024904.1,member_of_cog_category;member_of_cog_category,annotation_mediated,bounded_BFS (<= 4 hops),annotation_mediated
B36,blaOXA-1,beta_lactam,EW036_RS26250,genome,WP_000051565.1,proteome,graph_context,2,EW036_RS26250;COG_V: Defense mechanisms;WP_000051565.1,member_of_cog_category;member_of_cog_category,annotation_mediated,bounded_BFS (<= 4 hops),annotation_mediated
B36,blaOXA-1,beta_lactam,EW036_RS26250,genome,WP_000058884.1,proteome,graph_context,2,EW036_RS26250;COG_V: Defense mechanisms;WP_000058884.1,member_of_cog_category;member_of_cog_category,annotation_mediated,bounded_BFS (<= 4 hops),annotation_mediated
B36,blaOXA-1,beta_lactam,EW036_RS26250,genome,WP_000074527.1,proteome,graph_context,2,WP_001334766.1;GO:0046677: P:response to antibiotic;WP_000074527.1,member_of_go_term;member_of_go_term,annotation_mediated,bounded_BFS (<= 4 hops),annotation_mediated
B36,blaOXA-1,beta_lactam,EW036_RS26250,genome,WP_000084387.1,proteome,graph_context,2,WP_001334766.1;GO:0042597: C:periplasmic space;WP_000084387.1,member_of_go_term;member_of_go_term,annotation_mediated,bounded_BFS (<= 4 hops),annotation_mediated
B36,blaOXA-1,beta_lactam,EW036_RS26250,genome,WP_000091291.1,proteome,graph_context,2,WP_001334766.1;GO:0042597: C:periplasmic space;WP_000091291.1,member_of_go_term;member_of_go_term,annotation_mediated,bounded_BFS (<= 4 hops),annotation_mediated
B36,blaOXA-1,beta_lactam,EW036_RS26250,genome,WP_000091945.1,proteome,graph_context,2,WP_001334766.1;GO:0046677: P:response to antibiotic;WP_000091945.1,member_of_go_term;member_of_go_term,annotation_mediated,bounded_BFS (<= 4 hops),annotation_mediated
B36,blaOXA-1,beta_lactam,EW036_RS26250,genome,WP_000117262.1,proteome,graph_context,2,EW036_RS26250;COG_V: Defense mechanisms;WP_000117262.1,member_of_cog_category;member_of_cog_category,annotation_mediated,bounded_BFS (<= 4 hops),annotation_mediated
B36,blaOXA-1,beta_lactam,EW036_RS26250,genome,WP_000130100.1,proteome,graph_context,2,WP_001334766.1;GO:0046677: P:response to antibiotic;WP_000130100.1,member_of_go_term;member_of_go_term,annotation_mediated,bounded_BFS (<= 4 hops),annotation_mediated
B36,blaOXA-1,beta_lactam,EW036_RS26250,genome,WP_000135224.1,proteome,graph_context,2,WP_001334766.1;GO:0046677: P:response to antibiotic;WP_000135224.1,member_of_go_term;member_of_go_term,annotation_mediated,bounded_BFS (<= 4 hops),annotation_mediated
B36,blaOXA-1,beta_lactam,EW036_RS26250,genome,WP_000150638.1,proteome,graph_context,2,EW036_RS26250;COG_V: Defense mechanisms;WP_000150638.1,member_of_cog_category;member_of_cog_category,annotation_mediated,bounded_BFS (<= 4 hops),annotation_mediated
B36,blaOXA-1,beta_lactam,EW036_RS26250,genome,WP_000171980.1,proteome,graph_context,2,EW036_RS26250;COG_V: Defense mechanisms;WP_000171980.1,member_of_cog_category;member_of_cog_category,annotation_mediated,bounded_BFS (<= 4 hops),annotation_mediated
B36,blaOXA-1,beta_lactam,EW036_RS26250,genome,WP_000188152.1,proteome,graph_context,2,EW036_RS26250;COG_V: Defense mechanisms;WP_000188152.1,member_of_cog_category;member_of_cog_category,annotation_mediated,bounded_BFS (<= 4 hops),annotation_mediated
B36,blaOXA-1,beta_lactam,EW036_RS26250,genome,WP_000195961.1,proteome,graph_context,2,WP_001334766.1;GO:0008658: F:penicillin binding;WP_000195961.1,member_of_go_term;member_of_go_term,annotation_mediated,bounded_BFS (<= 4 hops),annotation_mediated
B36,blaOXA-1,beta_lactam,EW036_RS26250,genome,WP_000211225.1,proteome,graph_context,2,WP_001334766.1;GO:0042597: C:periplasmic space;WP_000211225.1,member_of_go_term;member_of_go_term,annotation_mediated,bounded_BFS (<= 4 hops),annotation_mediated
B36,blaOXA-1,beta_lactam,EW036_RS26250,genome,WP_000239590.1,proteome,graph_context,2,WP_001334766.1;GO:0046677: P:response to antibiotic;WP_000239590.1,member_of_go_term;member_of_go_term,annotation_mediated,bounded_BFS (<= 4 hops),annotation_mediated
B36,blaOXA-1,beta_lactam,EW036_RS26250,genome,WP_000246815.1,proteome,graph_context,2,WP_001334766.1;GO:0046677: P:response to antibiotic;WP_000246815.1,member_of_go_term;member_of_go_term,annotation_mediated,bounded_BFS (<= 4 hops),annotation_mediated
B36,blaOXA-1,beta_lactam,EW036_RS26250,genome,WP_000259031.1,proteome,graph_context,2,WP_001334766.1;GO:0046677: P:response to antibiotic;WP_000259031.1,member_of_go_term;member_of_go_term,annotation_mediated,bounded_BFS (<= 4 hops),annotation_mediated
B36,blaOXA-1,beta_lactam,EW036_RS26250,genome,WP_000263098.1,proteome,graph_context,2,WP_001334766.1;GO:0046677: P:response to antibiotic;WP_000263098.1,member_of_go_term;member_of_go_term,annotation_mediated,bounded_BFS (<= 4 hops),annotation_mediated
B36,blaOXA-1,beta_lactam,EW036_RS26250,genome,WP_000366620.1,proteome,graph_context,2,EW036_RS26250;COG_V: Defense mechanisms;WP_000366620.1,member_of_cog_category;member_of_cog_category,annotation_mediated,bounded_BFS (<= 4 hops),annotation_mediated
B36,blaOXA-1,beta_lactam,EW036_RS26250,genome,WP_000424395.1,proteome,graph_context,2,WP_001334766.1;GO:0046677: P:response to antibiotic;WP_000424395.1,member_of_go_term;member_of_go_term,annotation_mediated,bounded_BFS (<= 4 hops),annotation_mediated
B36,blaOXA-1,beta_lactam,EW036_RS26250,genome,WP_000447529.1,proteome,graph_context,2,WP_001334766.1;GO:0046677: P:response to antibiotic;WP_000447529.1,member_of_go_term;member_of_go_term,annotation_mediated,bounded_BFS (<= 4 hops),annotation_mediated
B36,blaOXA-1,beta_lactam,EW036_RS26250,genome,WP_000469031.1,proteome,graph_context,2,EW036_RS26250;COG_V: Defense mechanisms;WP_000469031.1,member_of_cog_category;member_of_cog_category,annotation_mediated,bounded_BFS (<= 4 hops),annotation_mediated
B36,blaOXA-1,beta_lactam,EW036_RS26250,genome,WP_000476484.1,proteome,graph_context,2,WP_001334766.1;GO:0042597: C:periplasmic space;WP_000476484.1,member_of_go_term;member_of_go_term,annotation_mediated,bounded_BFS (<= 4 hops),annotation_mediated
B36,blaOXA-1,beta_lactam,EW036_RS26250,genome,WP_000477225.1,proteome,graph_context,2,WP_001334766.1;GO:0042597: C:periplasmic space;WP_000477225.1,member_of_go_term;member_of_go_term,annotation_mediated,bounded_BFS (<= 4 hops),annotation_mediated
B36,blaOXA-1,beta_lactam,EW036_RS26250,genome,WP_000504875.1,proteome,graph_context,2,EW036_RS26250;COG_V: Defense mechanisms;WP_000504875.1,member_of_cog_category;member_of_cog_category,annotation_mediated,bounded_BFS (<= 4 hops),annotation_mediated
B36,blaOXA-1,beta_lactam,EW036_RS26250,genome,WP_000551259.1,proteome,graph_context,2,EW036_RS26250;COG_V: Defense mechanisms;WP_000551259.1,member_of_cog_category;member_of_cog_category,annotation_mediated,bounded_BFS (<= 4 hops),annotation_mediated
B36,blaOXA-1,beta_lactam,EW036_RS26250,genome,WP_000617723.1,proteome,graph_context,2,WP_001334766.1;GO:0046677: P:response to antibiotic;WP_000617723.1,member_of_go_term;member_of_go_term,annotation_mediated,bounded_BFS (<= 4 hops),annotation_mediated
B36,blaOXA-1,beta_lactam,EW036_RS26250,genome,WP_000624375.1,proteome,graph_context,2,WP_001334766.1;GO:0046677: P:response to antibiotic;WP_000624375.1,member_of_go_term;member_of_go_term,annotation_mediated,bounded_BFS (<= 4 hops),annotation_mediated
B36,blaOXA-1,beta_lactam,EW036_RS26250,genome,WP_000669785.1,proteome,graph_context,2,WP_001334766.1;GO:0042597: C:periplasmic space;WP_000669785.1,member_of_go_term;member_of_go_term,annotation_mediated,bounded_BFS (<= 4 hops),annotation_mediated
B36,blaOXA-1,beta_lactam,EW036_RS26250,genome,WP_000671528.1,proteome,graph_context,2,EW036_RS26250;COG_V: Defense mechanisms;WP_000671528.1,member_of_cog_category;member_of_cog_category,annotation_mediated,bounded_BFS (<= 4 hops),annotation_mediated
B36,blaOXA-1,beta_lactam,EW036_RS26250,genome,WP_000715230.1,proteome,graph_context,2,WP_001334766.1;GO:0042597: C:periplasmic space;WP_000715230.1,member_of_go_term;member_of_go_term,annotation_mediated,bounded_BFS (<= 4 hops),annotation_mediated
B36,blaOXA-1,beta_lactam,EW036_RS26250,genome,WP_000729220.1,proteome,graph_context,2,EW036_RS26250;COG_V: Defense mechanisms;WP_000729220.1,member_of_cog_category;member_of_cog_category,annotation_mediated,bounded_BFS (<= 4 hops),annotation_mediated
B36,blaOXA-1,beta_lactam,EW036_RS26250,genome,WP_000743444.1,proteome,graph_context,2,WP_001334766.1;GO:0042597: C:periplasmic space;WP_000743444.1,member_of_go_term;member_of_go_term,annotation_mediated,bounded_BFS (<= 4 hops),annotation_mediated
B36,blaOXA-1,beta_lactam,EW036_RS26250,genome,WP_000776191.1,proteome,graph_context,2,WP_001334766.1;GO:0046677: P:response to antibiotic;WP_000776191.1,member_of_go_term;member_of_go_term,annotation_mediated,bounded_BFS (<= 4 hops),annotation_mediated
B36,blaOXA-1,beta_lactam,EW036_RS26250,genome,WP_000778067.1,proteome,graph_context,2,WP_001334766.1;GO:0042597: C:periplasmic space;WP_000778067.1,member_of_go_term;member_of_go_term,annotation_mediated,bounded_BFS (<= 4 hops),annotation_mediated
B36,blaOXA-1,beta_lactam,EW036_RS26250,genome,WP_000804064.1,proteome,graph_context,2,WP_001334766.1;GO:0046677: P:response to antibiotic;WP_000804064.1,member_of_go_term;member_of_go_term,annotation_mediated,bounded_BFS (<= 4 hops),annotation_mediated
B36,blaOXA-1,beta_lactam,EW036_RS26250,genome,WP_000818618.1,proteome,graph_context,2,WP_001334766.1;GO:0046677: P:response to antibiotic;WP_000818618.1,member_of_go_term;member_of_go_term,annotation_mediated,bounded_BFS (<= 4 hops),annotation_mediated
B36,blaOXA-1,beta_lactam,EW036_RS26250,genome,WP_000835174.1,proteome,graph_context,2,WP_001334766.1;GO:0042597: C:periplasmic space;WP_000835174.1,member_of_go_term;member_of_go_term,annotation_mediated,bounded_BFS (<= 4 hops),annotation_mediated
B36,blaOXA-1,beta_lactam,EW036_RS26250,genome,WP_000838261.1,proteome,graph_context,2,WP_001334766.1;GO:0042597: C:periplasmic space;WP_000838261.1,member_of_go_term;member_of_go_term,annotation_mediated,bounded_BFS (<= 4 hops),annotation_mediated
B36,blaOXA-1,beta_lactam,EW036_RS26250,genome,WP_000923703.1,proteome,graph_context,2,EW036_RS26250;COG_V: Defense mechanisms;WP_000923703.1,member_of_cog_category;member_of_cog_category,annotation_mediated,bounded_BFS (<= 4 hops),annotation_mediated
B36,blaOXA-1,beta_lactam,EW036_RS26250,genome,WP_000940121.1,proteome,graph_context,2,WP_001334766.1;GO:0046677: P:response to antibiotic;WP_000940121.1,member_of_go_term;member_of_go_term,annotation_mediated,bounded_BFS (<= 4 hops),annotation_mediated
B36,blaOXA-1,beta_lactam,EW036_RS26250,genome,WP_000964653.1,proteome,graph_context,2,EW036_RS26250;COG_V: Defense mechanisms;WP_000964653.1,member_of_cog_category;member_of_cog_category,annotation_mediated,bounded_BFS (<= 4 hops),annotation_mediated
B36,blaOXA-1,beta_lactam,EW036_RS26250,genome,WP_000972087.1,proteome,graph_context,2,EW036_RS26250;COG_V: Defense mechanisms;WP_000972087.1,member_of_cog_category;member_of_cog_category,annotation_mediated,bounded_BFS (<= 4 hops),annotation_mediated
B36,blaOXA-1,beta_lactam,EW036_RS26250,genome,WP_000996111.1,proteome,graph_context,2,EW036_RS26250;COG_V: Defense mechanisms;WP_000996111.1,member_of_cog_category;member_of_cog_category,annotation_mediated,bounded_BFS (<= 4 hops),annotation_mediated
B36,blaOXA-1,beta_lactam,EW036_RS26250,genome,WP_001029745.1,proteome,graph_context,2,EW036_RS26250;COG_V: Defense mechanisms;WP_001029745.1,member_of_cog_category;member_of_cog_category,annotation_mediated,bounded_BFS (<= 4 hops),annotation_mediated
B36,blaOXA-1,beta_lactam,EW036_RS26250,genome,WP_001033695.1,proteome,graph_context,2,EW036_RS26250;COG_V: Defense mechanisms;WP_001033695.1,member_of_cog_category;member_of_cog_category,annotation_mediated,bounded_BFS (<= 4 hops),annotation_mediated
B36,blaOXA-1,beta_lactam,EW036_RS26250,genome,WP_001051798.1,proteome,graph_context,2,WP_001334766.1;GO:0046677: P:response to antibiotic;WP_001051798.1,member_of_go_term;member_of_go_term,annotation_mediated,bounded_BFS (<= 4 hops),annotation_mediated
B36,blaOXA-1,beta_lactam,EW036_RS26250,genome,WP_001056273.1,proteome,graph_context,2,WP_001334766.1;GO:0042597: C:periplasmic space;WP_001056273.1,member_of_go_term;member_of_go_term,annotation_mediated,bounded_BFS (<= 4 hops),annotation_mediated
B36,blaOXA-1,beta_lactam,EW036_RS26250,genome,WP_001061917.1,proteome,graph_context,2,WP_001334766.1;GO:0046677: P:response to antibiotic;WP_001061917.1,member_of_go_term;member_of_go_term,annotation_mediated,bounded_BFS (<= 4 hops),annotation_mediated
B36,blaOXA-1,beta_lactam,EW036_RS26250,genome,WP_001092082.1,proteome,graph_context,2,WP_001334766.1;GO:0008658: F:penicillin binding;WP_001092082.1,member_of_go_term;member_of_go_term,annotation_mediated,bounded_BFS (<= 4 hops),annotation_mediated
B36,blaOXA-1,beta_lactam,EW036_RS26250,genome,WP_001132478.1,proteome,graph_context,2,EW036_RS26250;COG_V: Defense mechanisms;WP_001132478.1,member_of_cog_category;member_of_cog_category,annotation_mediated,bounded_BFS (<= 4 hops),annotation_mediated
B36,blaOXA-1,beta_lactam,EW036_RS26250,genome,WP_001146163.1,proteome,graph_context,2,EW036_RS26250;COG_V: Defense mechanisms;WP_001146163.1,member_of_cog_category;member_of_cog_category,annotation_mediated,bounded_BFS (<= 4 hops),annotation_mediated
B36,blaOXA-1,beta_lactam,EW036_RS26250,genome,WP_001203437.1,proteome,graph_context,2,WP_001334766.1;GO:0046677: P:response to antibiotic;WP_001203437.1,member_of_go_term;member_of_go_term,annotation_mediated,bounded_BFS (<= 4 hops),annotation_mediated
B36,blaOXA-1,beta_lactam,EW036_RS26250,genome,WP_001255186.1,proteome,graph_context,2,EW036_RS26250;COG_V: Defense mechanisms;WP_001255186.1,member_of_cog_category;member_of_cog_category,annotation_mediated,bounded_BFS (<= 4 hops),annotation_mediated
B36,blaOXA-1,beta_lactam,EW036_RS26250,genome,WP_001295175.1,proteome,graph_context,2,EW036_RS26250;COG_V: Defense mechanisms;WP_001295175.1,member_of_cog_category;member_of_cog_category,annotation_mediated,bounded_BFS (<= 4 hops),annotation_mediated
B36,blaOXA-1,beta_lactam,EW036_RS26250,genome,WP_001295307.1,proteome,graph_context,2,WP_001334766.1;GO:0042597: C:periplasmic space;WP_001295307.1,member_of_go_term;member_of_go_term,annotation_mediated,bounded_BFS (<= 4 hops),annotation_mediated
B36,blaOXA-1,beta_lactam,EW036_RS26250,genome,WP_001295380.1,proteome,graph_context,2,WP_001334766.1;GO:0042597: C:periplasmic space;WP_001295380.1,member_of_go_term;member_of_go_term,annotation_mediated,bounded_BFS (<= 4 hops),annotation_mediated
B36,blaOXA-1,beta_lactam,EW036_RS26250,genome,WP_001295833.1,proteome,graph_context,2,WP_001334766.1;GO:0046677: P:response to antibiotic;WP_001295833.1,member_of_go_term;member_of_go_term,annotation_mediated,bounded_BFS (<= 4 hops),annotation_mediated
B36,blaOXA-1,beta_lactam,EW036_RS26250,genome,WP_001296647.1,proteome,graph_context,2,WP_001334766.1;GO:0042597: C:periplasmic space;WP_001296647.1,member_of_go_term;member_of_go_term,annotation_mediated,bounded_BFS (<= 4 hops),annotation_mediated
B36,blaOXA-1,beta_lactam,EW036_RS26250,genome,WP_001296671.1,proteome,graph_context,2,EW036_RS26250;COG_V: Defense mechanisms;WP_001296671.1,member_of_cog_category;member_of_cog_category,annotation_mediated,bounded_BFS (<= 4 hops),annotation_mediated
B36,blaOXA-1,beta_lactam,EW036_RS26250,genome,WP_001319943.1,proteome,graph_context,2,WP_001334766.1;GO:0042597: C:periplasmic space;WP_001319943.1,member_of_go_term;member_of_go_term,annotation_mediated,bounded_BFS (<= 4 hops),annotation_mediated
B36,blaOXA-1,beta_lactam,EW036_RS26250,genome,WP_001576403.1,proteome,graph_context,2,EW036_RS26250;COG_V: Defense mechanisms;WP_001576403.1,member_of_cog_category;member_of_cog_category,annotation_mediated,bounded_BFS (<= 4 hops),annotation_mediated
B36,blaOXA-1,beta_lactam,EW036_RS26250,genome,WP_063840321.1,proteome,graph_context,2,EW036_RS26250;EW036_RS26255;WP_063840321.1,genomic_proximity;encodes,graph_derived,bounded_BFS (<= 4 hops),graph_derived
B36,blaOXA-1,beta_lactam,EW036_RS26250,genome,CHEBI:15422,metabolome,graph_context,3,WP_001334766.1;GO:0046677: P:response to antibiotic;WP_000263098.1;CHEBI:15422,member_of_go_term;member_of_go_term;metabolised_by,inferred,bounded_BFS (<= 4 hops),inferred
B36,blaOXA-1,beta_lactam,EW036_RS26250,genome,CHEBI:16015,metabolome,graph_context,3,WP_001334766.1;GO:0046677: P:response to antibiotic;WP_000074527.1;CHEBI:16015,member_of_go_term;member_of_go_term;metabolised_by,inferred,bounded_BFS (<= 4 hops),inferred
B36,blaOXA-1,beta_lactam,EW036_RS26250,genome,CHEBI:16467,metabolome,graph_context,3,WP_001334766.1;GO:0042597: C:periplasmic space;WP_001295380.1;CHEBI:16467,member_of_go_term;member_of_go_term;metabolised_by,inferred,bounded_BFS (<= 4 hops),inferred
B36,blaOXA-1,beta_lactam,EW036_RS26250,genome,CHEBI:16474,metabolome,graph_context,3,WP_001334766.1;GO:0046677: P:response to antibiotic;WP_000624375.1;CHEBI:16474,member_of_go_term;member_of_go_term;metabolised_by,inferred,bounded_BFS (<= 4 hops),inferred
B36,blaOXA-1,beta_lactam,EW036_RS26250,genome,CHEBI:16761,metabolome,graph_context,3,WP_001334766.1;GO:0046677: P:response to antibiotic;WP_000818618.1;CHEBI:16761,member_of_go_term;member_of_go_term;metabolised_by,inferred,bounded_BFS (<= 4 hops),inferred
B36,blaOXA-1,beta_lactam,EW036_RS26250,genome,CHEBI:16908,metabolome,graph_context,3,WP_001334766.1;GO:0046677: P:response to antibiotic;WP_000624375.1;CHEBI:16908,member_of_go_term;member_of_go_term;metabolised_by,inferred,bounded_BFS (<= 4 hops),inferred
B36,blaOXA-1,beta_lactam,EW036_RS26250,genome,CHEBI:16977,metabolome,graph_context,3,WP_001334766.1;GO:0042597: C:periplasmic space;WP_000016907.1;CHEBI:16977,member_of_go_term;member_of_go_term;metabolised_by,inferred,bounded_BFS (<= 4 hops),inferred
B36,blaOXA-1,beta_lactam,EW036_RS26250,genome,CHEBI:30915,metabolome,graph_context,3,WP_001334766.1;GO:0046677: P:response to antibiotic;WP_000074527.1;CHEBI:30915,member_of_go_term;member_of_go_term;metabolised_by,inferred,bounded_BFS (<= 4 hops),inferred
B36,blaOXA-1,beta_lactam,EW036_RS26250,genome,CHEBI:32816,metabolome,graph_context,3,WP_001334766.1;GO:0046677: P:response to antibiotic;WP_000074527.1;CHEBI:32816,member_of_go_term;member_of_go_term;metabolised_by,inferred,bounded_BFS (<= 4 hops),inferred
B36,blaOXA-1,beta_lactam,EW036_RS26250,genome,EW036_RS00550,genome,graph_context,3,EW036_RS26250;COG_V: Defense mechanisms;EW036_RS00555;EW036_RS00550,member_of_cog_category;member_of_cog_category;genomic_proximity,annotation_mediated,bounded_BFS (<= 4 hops),annotation_mediated
B36,blaOXA-1,beta_lactam,EW036_RS26250,genome,EW036_RS00560,genome,graph_context,3,EW036_RS26250;COG_V: Defense mechanisms;EW036_RS00555;EW036_RS00560,member_of_cog_category;member_of_cog_category;genomic_proximity,annotation_mediated,bounded_BFS (<= 4 hops),annotation_mediated
B36,blaOXA-1,beta_lactam,EW036_RS26250,genome,EW036_RS00695,genome,graph_context,3,"EW036_RS26250;EW036_RS26255;COG_J: Translation, ribosomal structure and biogenesis;EW036_RS00695",genomic_proximity;member_of_cog_category;member_of_cog_category,annotation_mediated,bounded_BFS (<= 4 hops),annotation_mediated
B36,blaOXA-1,beta_lactam,EW036_RS26250,genome,EW036_RS00730,genome,graph_context,3,"EW036_RS26250;EW036_RS26255;COG_J: Translation, ribosomal structure and biogenesis;EW036_RS00730",genomic_proximity;member_of_cog_category;member_of_cog_category,annotation_mediated,bounded_BFS (<= 4 hops),annotation_mediated
B36,blaOXA-1,beta_lactam,EW036_RS26250,genome,EW036_RS00760,genome,graph_context,3,"EW036_RS26250;EW036_RS26255;COG_J: Translation, ribosomal structure and biogenesis;EW036_RS00760",genomic_proximity;member_of_cog_category;member_of_cog_category,annotation_mediated,bounded_BFS (<= 4 hops),annotation_mediated
B36,blaOXA-1,beta_lactam,EW036_RS26250,genome,EW036_RS00765,genome,graph_context,3,"EW036_RS26250;EW036_RS26255;COG_J: Translation, ribosomal structure and biogenesis;EW036_RS00765",genomic_proximity;member_of_cog_category;member_of_cog_category,annotation_mediated,bounded_BFS (<= 4 hops),annotation_mediated
B36,blaOXA-1,beta_lactam,EW036_RS26250,genome,EW036_RS00910,genome,graph_context,3,"EW036_RS26250;EW036_RS26255;COG_J: Translation, ribosomal structure and biogenesis;EW036_RS00910",genomic_proximity;member_of_cog_category;member_of_cog_category,annotation_mediated,bounded_BFS (<= 4 hops),annotation_mediated
B36,blaOXA-1,beta_lactam,EW036_RS26250,genome,EW036_RS00980,genome,graph_context,3,"EW036_RS26250;EW036_RS26255;COG_J: Translation, ribosomal structure and biogenesis;EW036_RS00980",genomic_proximity;member_of_cog_category;member_of_cog_category,annotation_mediated,bounded_BFS (<= 4 hops),annotation_mediated
B36,blaOXA-1,beta_lactam,EW036_RS26250,genome,EW036_RS00985,genome,graph_context,3,"EW036_RS26250;EW036_RS26255;COG_J: Translation, ribosomal structure and biogenesis;EW036_RS00985",genomic_proximity;member_of_cog_category;member_of_cog_category,annotation_mediated,bounded_BFS (<= 4 hops),annotation_mediated
B36,blaOXA-1,beta_lactam,EW036_RS26250,genome,EW036_RS01145,genome,graph_context,3,"EW036_RS26250;EW036_RS26255;COG_J: Translation, ribosomal structure and biogenesis;EW036_RS01145",genomic_proximity;member_of_cog_category;member_of_cog_category,annotation_mediated,bounded_BFS (<= 4 hops),annotation_mediated
B36,blaOXA-1,beta_lactam,EW036_RS26250,genome,EW036_RS01150,genome,graph_context,3,"EW036_RS26250;EW036_RS26255;COG_J: Translation, ribosomal structure and biogenesis;EW036_RS01150",genomic_proximity;member_of_cog_category;member_of_cog_category,annotation_mediated,bounded_BFS (<= 4 hops),annotation_mediated
B36,blaOXA-1,beta_lactam,EW036_RS26250,genome,EW036_RS01235,genome,graph_context,3,EW036_RS26250;map01501;EW036_RS01240;EW036_RS01235,in_pathway;in_pathway;genomic_proximity,annotation_mediated,bounded_BFS (<= 4 hops),annotation_mediated
B36,blaOXA-1,beta_lactam,EW036_RS26250,genome,EW036_RS01250,genome,graph_context,3,EW036_RS26250;map01501;EW036_RS01245;EW036_RS01250,in_pathway;in_pathway;genomic_proximity,annotation_mediated,bounded_BFS (<= 4 hops),annotation_mediated
B36,blaOXA-1,beta_lactam,EW036_RS26250,genome,EW036_RS01395,genome,graph_context,3,EW036_RS26250;COG_V: Defense mechanisms;EW036_RS01400;EW036_RS01395,member_of_cog_category;member_of_cog_category;genomic_proximity,annotation_mediated,bounded_BFS (<= 4 hops),annotation_mediated
B36,blaOXA-1,beta_lactam,EW036_RS26250,genome,EW036_RS01405,genome,graph_context,3,EW036_RS26250;COG_V: Defense mechanisms;EW036_RS01400;EW036_RS01405,member_of_cog_category;member_of_cog_category;genomic_proximity,annotation_mediated,bounded_BFS (<= 4 hops),annotation_mediated
B36,blaOXA-1,beta_lactam,EW036_RS26250,genome,EW036_RS01515,genome,graph_context,3,"EW036_RS26250;EW036_RS26255;COG_J: Translation, ribosomal structure and biogenesis;EW036_RS01515",genomic_proximity;member_of_cog_category;member_of_cog_category,annotation_mediated,bounded_BFS (<= 4 hops),annotation_mediated
B36,blaOXA-1,beta_lactam,EW036_RS26250,genome,EW036_RS01675,genome,graph_context,3,"EW036_RS26250;EW036_RS26255;COG_J: Translation, ribosomal structure and biogenesis;EW036_RS01675",genomic_proximity;member_of_cog_category;member_of_cog_category,annotation_mediated,bounded_BFS (<= 4 hops),annotation_mediated
B36,blaOXA-1,beta_lactam,EW036_RS26250,genome,EW036_RS01700,genome,graph_context,3,"EW036_RS26250;EW036_RS26255;COG_J: Translation, ribosomal structure and biogenesis;EW036_RS01700",genomic_proximity;member_of_cog_category;member_of_cog_category,annotation_mediated,bounded_BFS (<= 4 hops),annotation_mediated
B36,blaOXA-1,beta_lactam,EW036_RS26250,genome,EW036_RS01710,genome,graph_context,3,WP_001334766.1;GO:0046677: P:response to antibiotic;WP_000617723.1;EW036_RS01710,member_of_go_term;member_of_go_term;encodes,annotation_mediated,bounded_BFS (<= 4 hops),annotation_mediated
B36,blaOXA-1,beta_lactam,EW036_RS26250,genome,EW036_RS02040,genome,graph_context,3,EW036_RS26250;map01501;EW036_RS02045;EW036_RS02040,in_pathway;in_pathway;genomic_proximity,annotation_mediated,bounded_BFS (<= 4 hops),annotation_mediated
B36,blaOXA-1,beta_lactam,EW036_RS26250,genome,EW036_RS02050,genome,graph_context,3,EW036_RS26250;map01501;EW036_RS02045;EW036_RS02050,in_pathway;in_pathway;genomic_proximity,annotation_mediated,bounded_BFS (<= 4 hops),annotation_mediated
B36,blaOXA-1,beta_lactam,EW036_RS26250,genome,EW036_RS02075,genome,graph_context,3,WP_001334766.1;GO:0046677: P:response to antibiotic;WP_000818618.1;EW036_RS02075,member_of_go_term;member_of_go_term;encodes,annotation_mediated,bounded_BFS (<= 4 hops),annotation_mediated
B36,blaOXA-1,beta_lactam,EW036_RS26250,genome,EW036_RS02105,genome,graph_context,3,"EW036_RS26250;EW036_RS26255;COG_J: Translation, ribosomal structure and biogenesis;EW036_RS02105",genomic_proximity;member_of_cog_category;member_of_cog_category,annotation_mediated,bounded_BFS (<= 4 hops),annotation_mediated
B36,blaOXA-1,beta_lactam,EW036_RS26250,genome,EW036_RS02185,genome,graph_context,3,WP_001334766.1;GO:0042597: C:periplasmic space;WP_000477225.1;EW036_RS02185,member_of_go_term;member_of_go_term;encodes,annotation_mediated,bounded_BFS (<= 4 hops),annotation_mediated
B36,blaOXA-1,beta_lactam,EW036_RS26250,genome,EW036_RS02270,genome,graph_context,3,WP_001334766.1;GO:0042597: C:periplasmic space;WP_000838261.1;EW036_RS02270,member_of_go_term;member_of_go_term;encodes,annotation_mediated,bounded_BFS (<= 4 hops),annotation_mediated
B36,blaOXA-1,beta_lactam,EW036_RS26250,genome,EW036_RS02290,genome,graph_context,3,"EW036_RS26250;EW036_RS26255;COG_J: Translation, ribosomal structure and biogenesis;EW036_RS02290",genomic_proximity;member_of_cog_category;member_of_cog_category,annotation_mediated,bounded_BFS (<= 4 hops),annotation_mediated
B36,blaOXA-1,beta_lactam,EW036_RS26250,genome,EW036_RS02295,genome,graph_context,3,"EW036_RS26250;EW036_RS26255;COG_J: Translation, ribosomal structure and biogenesis;EW036_RS02295",genomic_proximity;member_of_cog_category;member_of_cog_category,annotation_mediated,bounded_BFS (<= 4 hops),annotation_mediated
B36,blaOXA-1,beta_lactam,EW036_RS26250,genome,EW036_RS02300,genome,graph_context,3,"EW036_RS26250;EW036_RS26255;COG_J: Translation, ribosomal structure and biogenesis;EW036_RS02300",genomic_proximity;member_of_cog_category;member_of_cog_category,annotation_mediated,bounded_BFS (<= 4 hops),annotation_mediated
B36,blaOXA-1,beta_lactam,EW036_RS26250,genome,EW036_RS02305,genome,graph_context,3,"EW036_RS26250;EW036_RS26255;COG_J: Translation, ribosomal structure and biogenesis;EW036_RS02305",genomic_proximity;member_of_cog_category;member_of_cog_category,annotation_mediated,bounded_BFS (<= 4 hops),annotation_mediated
B36,blaOXA-1,beta_lactam,EW036_RS26250,genome,EW036_RS02400,genome,graph_context,3,"EW036_RS26250;EW036_RS26255;COG_J: Translation, ribosomal structure and biogenesis;EW036_RS02400",genomic_proximity;member_of_cog_category;member_of_cog_category,annotation_mediated,bounded_BFS (<= 4 hops),annotation_mediated
B36,blaOXA-1,beta_lactam,EW036_RS26250,genome,EW036_RS02405,genome,graph_context,3,"EW036_RS26250;EW036_RS26255;COG_J: Translation, ribosomal structure and biogenesis;EW036_RS02405",genomic_proximity;member_of_cog_category;member_of_cog_category,annotation_mediated,bounded_BFS (<= 4 hops),annotation_mediated
B36,blaOXA-1,beta_lactam,EW036_RS26250,genome,EW036_RS02410,genome,graph_context,3,"EW036_RS26250;EW036_RS26255;COG_J: Translation, ribosomal structure and biogenesis;EW036_RS02410",genomic_proximity;member_of_cog_category;member_of_cog_category,annotation_mediated,bounded_BFS (<= 4 hops),annotation_mediated
B36,blaOXA-1,beta_lactam,EW036_RS26250,genome,EW036_RS02415,genome,graph_context,3,"EW036_RS26250;EW036_RS26255;COG_J: Translation, ribosomal structure and biogenesis;EW036_RS02415",genomic_proximity;member_of_cog_category;member_of_cog_category,annotation_mediated,bounded_BFS (<= 4 hops),annotation_mediated
B36,blaOXA-1,beta_lactam,EW036_RS26250,genome,EW036_RS02420,genome,graph_context,3,"EW036_RS26250;EW036_RS26255;COG_J: Translation, ribosomal structure and biogenesis;EW036_RS02420",genomic_proximity;member_of_cog_category;member_of_cog_category,annotation_mediated,bounded_BFS (<= 4 hops),annotation_mediated
B36,blaOXA-1,beta_lactam,EW036_RS26250,genome,EW036_RS02425,genome,graph_context,3,"EW036_RS26250;EW036_RS26255;COG_J: Translation, ribosomal structure and biogenesis;EW036_RS02425",genomic_proximity;member_of_cog_category;member_of_cog_category,annotation_mediated,bounded_BFS (<= 4 hops),annotation_mediated
B36,blaOXA-1,beta_lactam,EW036_RS26250,genome,EW036_RS02430,genome,graph_context,3,"EW036_RS26250;EW036_RS26255;COG_J: Translation, ribosomal structure and biogenesis;EW036_RS02430",genomic_proximity;member_of_cog_category;member_of_cog_category,annotation_mediated,bounded_BFS (<= 4 hops),annotation_mediated
B36,blaOXA-1,beta_lactam,EW036_RS26250,genome,EW036_RS02435,genome,graph_context,3,"EW036_RS26250;EW036_RS26255;COG_J: Translation, ribosomal structure and biogenesis;EW036_RS02435",genomic_proximity;member_of_cog_category;member_of_cog_category,annotation_mediated,bounded_BFS (<= 4 hops),annotation_mediated
B36,blaOXA-1,beta_lactam,EW036_RS26250,genome,EW036_RS02440,genome,graph_context,3,"EW036_RS26250;EW036_RS26255;COG_J: Translation, ribosomal structure and biogenesis;EW036_RS02440",genomic_proximity;member_of_cog_category;member_of_cog_category,annotation_mediated,bounded_BFS (<= 4 hops),annotation_mediated
B36,blaOXA-1,beta_lactam,EW036_RS26250,genome,EW036_RS02445,genome,graph_context,3,"EW036_RS26250;EW036_RS26255;COG_J: Translation, ribosomal structure and biogenesis;EW036_RS02445",genomic_proximity;member_of_cog_category;member_of_cog_category,annotation_mediated,bounded_BFS (<= 4 hops),annotation_mediated
B36,blaOXA-1,beta_lactam,EW036_RS26250,genome,EW036_RS02450,genome,graph_context,3,"EW036_RS26250;EW036_RS26255;COG_J: Translation, ribosomal structure and biogenesis;EW036_RS02450",genomic_proximity;member_of_cog_category;member_of_cog_category,annotation_mediated,bounded_BFS (<= 4 hops),annotation_mediated
B36,blaOXA-1,beta_lactam,EW036_RS26250,genome,EW036_RS02455,genome,graph_context,3,"EW036_RS26250;EW036_RS26255;COG_J: Translation, ribosomal structure and biogenesis;EW036_RS02455",genomic_proximity;member_of_cog_category;member_of_cog_category,annotation_mediated,bounded_BFS (<= 4 hops),annotation_mediated
B36,blaOXA-1,beta_lactam,EW036_RS26250,genome,EW036_RS02460,genome,graph_context,3,"EW036_RS26250;EW036_RS26255;COG_J: Translation, ribosomal structure and biogenesis;EW036_RS02460",genomic_proximity;member_of_cog_category;member_of_cog_category,annotation_mediated,bounded_BFS (<= 4 hops),annotation_mediated
B36,blaOXA-1,beta_lactam,EW036_RS26250,genome,EW036_RS02465,genome,graph_context,3,"EW036_RS26250;EW036_RS26255;COG_J: Translation, ribosomal structure and biogenesis;EW036_RS02465",genomic_proximity;member_of_cog_category;member_of_cog_category,annotation_mediated,bounded_BFS (<= 4 hops),annotation_mediated
B36,blaOXA-1,beta_lactam,EW036_RS26250,genome,EW036_RS02470,genome,graph_context,3,"EW036_RS26250;EW036_RS26255;COG_J: Translation, ribosomal structure and biogenesis;EW036_RS02470",genomic_proximity;member_of_cog_category;member_of_cog_category,annotation_mediated,bounded_BFS (<= 4 hops),annotation_mediated
B36,blaOXA-1,beta_lactam,EW036_RS26250,genome,EW036_RS02475,genome,graph_context,3,"EW036_RS26250;EW036_RS26255;COG_J: Translation, ribosomal structure and biogenesis;EW036_RS02475",genomic_proximity;member_of_cog_category;member_of_cog_category,annotation_mediated,bounded_BFS (<= 4 hops),annotation_mediated
B36,blaOXA-1,beta_lactam,EW036_RS26250,genome,EW036_RS02480,genome,graph_context,3,"EW036_RS26250;EW036_RS26255;COG_J: Translation, ribosomal structure and biogenesis;EW036_RS02480",genomic_proximity;member_of_cog_category;member_of_cog_category,annotation_mediated,bounded_BFS (<= 4 hops),annotation_mediated
B36,blaOXA-1,beta_lactam,EW036_RS26250,genome,EW036_RS02485,genome,graph_context,3,"EW036_RS26250;EW036_RS26255;COG_J: Translation, ribosomal structure and biogenesis;EW036_RS02485",genomic_proximity;member_of_cog_category;member_of_cog_category,annotation_mediated,bounded_BFS (<= 4 hops),annotation_mediated
B36,blaOXA-1,beta_lactam,EW036_RS26250,genome,EW036_RS02490,genome,graph_context,3,"EW036_RS26250;EW036_RS26255;COG_J: Translation, ribosomal structure and biogenesis;EW036_RS02490",genomic_proximity;member_of_cog_category;member_of_cog_category,annotation_mediated,bounded_BFS (<= 4 hops),annotation_mediated
B36,blaOXA-1,beta_lactam,EW036_RS26250,genome,EW036_RS02495,genome,graph_context,3,"EW036_RS26250;EW036_RS26255;COG_J: Translation, ribosomal structure and biogenesis;EW036_RS02495",genomic_proximity;member_of_cog_category;member_of_cog_category,annotation_mediated,bounded_BFS (<= 4 hops),annotation_mediated
B36,blaOXA-1,beta_lactam,EW036_RS26250,genome,EW036_RS02500,genome,graph_context,3,"EW036_RS26250;EW036_RS26255;COG_J: Translation, ribosomal structure and biogenesis;EW036_RS02500",genomic_proximity;member_of_cog_category;member_of_cog_category,annotation_mediated,bounded_BFS (<= 4 hops),annotation_mediated
B36,blaOXA-1,beta_lactam,EW036_RS26250,genome,EW036_RS02510,genome,graph_context,3,"EW036_RS26250;EW036_RS26255;COG_J: Translation, ribosomal structure and biogenesis;EW036_RS02510",genomic_proximity;member_of_cog_category;member_of_cog_category,annotation_mediated,bounded_BFS (<= 4 hops),annotation_mediated
B36,blaOXA-1,beta_lactam,EW036_RS26250,genome,EW036_RS02515,genome,graph_context,3,"EW036_RS26250;EW036_RS26255;COG_J: Translation, ribosomal structure and biogenesis;EW036_RS02515",genomic_proximity;member_of_cog_category;member_of_cog_category,annotation_mediated,bounded_BFS (<= 4 hops),annotation_mediated
B36,blaOXA-1,beta_lactam,EW036_RS26250,genome,EW036_RS02520,genome,graph_context,3,"EW036_RS26250;EW036_RS26255;COG_J: Translation, ribosomal structure and biogenesis;EW036_RS02520",genomic_proximity;member_of_cog_category;member_of_cog_category,annotation_mediated,bounded_BFS (<= 4 hops),annotation_mediated
B36,blaOXA-1,beta_lactam,EW036_RS26250,genome,EW036_RS02525,genome,graph_context,3,"EW036_RS26250;EW036_RS26255;COG_J: Translation, ribosomal structure and biogenesis;EW036_RS02525",genomic_proximity;member_of_cog_category;member_of_cog_category,annotation_mediated,bounded_BFS (<= 4 hops),annotation_mediated
B36,blaOXA-1,beta_lactam,EW036_RS26250,genome,EW036_RS02535,genome,graph_context,3,"EW036_RS26250;EW036_RS26255;COG_J: Translation, ribosomal structure and biogenesis;EW036_RS02535",genomic_proximity;member_of_cog_category;member_of_cog_category,annotation_mediated,bounded_BFS (<= 4 hops),annotation_mediated
B36,blaOXA-1,beta_lactam,EW036_RS26250,genome,EW036_RS02565,genome,graph_context,3,"EW036_RS26250;EW036_RS26255;COG_J: Translation, ribosomal structure and biogenesis;EW036_RS02565",genomic_proximity;member_of_cog_category;member_of_cog_category,annotation_mediated,bounded_BFS (<= 4 hops),annotation_mediated
B36,blaOXA-1,beta_lactam,EW036_RS26250,genome,EW036_RS02570,genome,graph_context,3,"EW036_RS26250;EW036_RS26255;COG_J: Translation, ribosomal structure and biogenesis;EW036_RS02570",genomic_proximity;member_of_cog_category;member_of_cog_category,annotation_mediated,bounded_BFS (<= 4 hops),annotation_mediated
B36,blaOXA-1,beta_lactam,EW036_RS26250,genome,EW036_RS02575,genome,graph_context,3,"EW036_RS26250;EW036_RS26255;COG_J: Translation, ribosomal structure and biogenesis;EW036_RS02575",genomic_proximity;member_of_cog_category;member_of_cog_category,annotation_mediated,bounded_BFS (<= 4 hops),annotation_mediated
B36,blaOXA-1,beta_lactam,EW036_RS26250,genome,EW036_RS02595,genome,graph_context,3,"EW036_RS26250;EW036_RS26255;COG_J: Translation, ribosomal structure and biogenesis;EW036_RS02595",genomic_proximity;member_of_cog_category;member_of_cog_category,annotation_mediated,bounded_BFS (<= 4 hops),annotation_mediated
B36,blaOXA-1,beta_lactam,EW036_RS26250,genome,EW036_RS02705,genome,graph_context,3,"EW036_RS26250;EW036_RS26255;COG_J: Translation, ribosomal structure and biogenesis;EW036_RS02705",genomic_proximity;member_of_cog_category;member_of_cog_category,annotation_mediated,bounded_BFS (<= 4 hops),annotation_mediated
B36,blaOXA-1,beta_lactam,EW036_RS26250,genome,EW036_RS02710,genome,graph_context,3,"EW036_RS26250;EW036_RS26255;COG_J: Translation, ribosomal structure and biogenesis;EW036_RS02710",genomic_proximity;member_of_cog_category;member_of_cog_category,annotation_mediated,bounded_BFS (<= 4 hops),annotation_mediated
B36,blaOXA-1,beta_lactam,EW036_RS26250,genome,EW036_RS02810,genome,graph_context,3,"EW036_RS26250;EW036_RS26255;COG_J: Translation, ribosomal structure and biogenesis;EW036_RS02810",genomic_proximity;member_of_cog_category;member_of_cog_category,annotation_mediated,bounded_BFS (<= 4 hops),annotation_mediated
B36,blaOXA-1,beta_lactam,EW036_RS26250,genome,EW036_RS02885,genome,graph_context,3,"EW036_RS26250;EW036_RS26255;COG_J: Translation, ribosomal structure and biogenesis;EW036_RS02885",genomic_proximity;member_of_cog_category;member_of_cog_category,annotation_mediated,bounded_BFS (<= 4 hops),annotation_mediated
B36,blaOXA-1,beta_lactam,EW036_RS26250,genome,EW036_RS02890,genome,graph_context,3,"EW036_RS26250;EW036_RS26255;COG_J: Translation, ribosomal structure and biogenesis;EW036_RS02890",genomic_proximity;member_of_cog_category;member_of_cog_category,annotation_mediated,bounded_BFS (<= 4 hops),annotation_mediated
B36,blaOXA-1,beta_lactam,EW036_RS26250,genome,EW036_RS02985,genome,graph_context,3,"EW036_RS26250;EW036_RS26255;COG_J: Translation, ribosomal structure and biogenesis;EW036_RS02985",genomic_proximity;member_of_cog_category;member_of_cog_category,annotation_mediated,bounded_BFS (<= 4 hops),annotation_mediated
B36,blaOXA-1,beta_lactam,EW036_RS26250,genome,EW036_RS03000,genome,graph_context,3,WP_001334766.1;GO:0042597: C:periplasmic space;WP_000669785.1;EW036_RS03000,member_of_go_term;member_of_go_term;encodes,annotation_mediated,bounded_BFS (<= 4 hops),annotation_mediated
B36,blaOXA-1,beta_lactam,EW036_RS26250,genome,EW036_RS03040,genome,graph_context,3,WP_001334766.1;GO:0042597: C:periplasmic space;WP_000476484.1;EW036_RS03040,member_of_go_term;member_of_go_term;encodes,annotation_mediated,bounded_BFS (<= 4 hops),annotation_mediated
B36,blaOXA-1,beta_lactam,EW036_RS26250,genome,EW036_RS03070,genome,graph_context,3,"EW036_RS26250;EW036_RS26255;COG_J: Translation, ribosomal structure and biogenesis;EW036_RS03070",genomic_proximity;member_of_cog_category;member_of_cog_category,annotation_mediated,bounded_BFS (<= 4 hops),annotation_mediated
B36,blaOXA-1,beta_lactam,EW036_RS26250,genome,EW036_RS03075,genome,graph_context,3,"EW036_RS26250;EW036_RS26255;COG_J: Translation, ribosomal structure and biogenesis;EW036_RS03075",genomic_proximity;member_of_cog_category;member_of_cog_category,annotation_mediated,bounded_BFS (<= 4 hops),annotation_mediated
B36,blaOXA-1,beta_lactam,EW036_RS26250,genome,EW036_RS03100,genome,graph_context,3,"EW036_RS26250;EW036_RS26255;COG_J: Translation, ribosomal structure and biogenesis;EW036_RS03100",genomic_proximity;member_of_cog_category;member_of_cog_category,annotation_mediated,bounded_BFS (<= 4 hops),annotation_mediated
B36,blaOXA-1,beta_lactam,EW036_RS26250,genome,EW036_RS03105,genome,graph_context,3,"EW036_RS26250;EW036_RS26255;COG_J: Translation, ribosomal structure and biogenesis;EW036_RS03105",genomic_proximity;member_of_cog_category;member_of_cog_category,annotation_mediated,bounded_BFS (<= 4 hops),annotation_mediated
B36,blaOXA-1,beta_lactam,EW036_RS26250,genome,EW036_RS03150,genome,graph_context,3,"EW036_RS26250;EW036_RS26255;COG_J: Translation, ribosomal structure and biogenesis;EW036_RS03150",genomic_proximity;member_of_cog_category;member_of_cog_category,annotation_mediated,bounded_BFS (<= 4 hops),annotation_mediated
B36,blaOXA-1,beta_lactam,EW036_RS26250,genome,EW036_RS03160,genome,graph_context,3,"EW036_RS26250;EW036_RS26255;COG_J: Translation, ribosomal structure and biogenesis;EW036_RS03160",genomic_proximity;member_of_cog_category;member_of_cog_category,annotation_mediated,bounded_BFS (<= 4 hops),annotation_mediated
B36,blaOXA-1,beta_lactam,EW036_RS26250,genome,EW036_RS03165,genome,graph_context,3,"EW036_RS26250;EW036_RS26255;COG_J: Translation, ribosomal structure and biogenesis;EW036_RS03165",genomic_proximity;member_of_cog_category;member_of_cog_category,annotation_mediated,bounded_BFS (<= 4 hops),annotation_mediated
B36,blaOXA-1,beta_lactam,EW036_RS26250,genome,EW036_RS03170,genome,graph_context,3,"EW036_RS26250;EW036_RS26255;COG_J: Translation, ribosomal structure and biogenesis;EW036_RS03170",genomic_proximity;member_of_cog_category;member_of_cog_category,annotation_mediated,bounded_BFS (<= 4 hops),annotation_mediated
B36,blaOXA-1,beta_lactam,EW036_RS26250,genome,EW036_RS03175,genome,graph_context,3,"EW036_RS26250;EW036_RS26255;COG_J: Translation, ribosomal structure and biogenesis;EW036_RS03175",genomic_proximity;member_of_cog_category;member_of_cog_category,annotation_mediated,bounded_BFS (<= 4 hops),annotation_mediated
B36,blaOXA-1,beta_lactam,EW036_RS26250,genome,EW036_RS03180,genome,graph_context,3,"EW036_RS26250;EW036_RS26255;COG_J: Translation, ribosomal structure and biogenesis;EW036_RS03180",genomic_proximity;member_of_cog_category;member_of_cog_category,annotation_mediated,bounded_BFS (<= 4 hops),annotation_mediated
B36,blaOXA-1,beta_lactam,EW036_RS26250,genome,EW036_RS03260,genome,graph_context,3,"EW036_RS26250;EW036_RS26255;COG_J: Translation, ribosomal structure and biogenesis;EW036_RS03260",genomic_proximity;member_of_cog_category;member_of_cog_category,annotation_mediated,bounded_BFS (<= 4 hops),annotation_mediated
B36,blaOXA-1,beta_lactam,EW036_RS26250,genome,EW036_RS03275,genome,graph_context,3,"EW036_RS26250;EW036_RS26255;COG_J: Translation, ribosomal structure and biogenesis;EW036_RS03275",genomic_proximity;member_of_cog_category;member_of_cog_category,annotation_mediated,bounded_BFS (<= 4 hops),annotation_mediated
B36,blaOXA-1,beta_lactam,EW036_RS26250,genome,EW036_RS03555,genome,graph_context,3,"EW036_RS26250;EW036_RS26255;COG_J: Translation, ribosomal structure and biogenesis;EW036_RS03555",genomic_proximity;member_of_cog_category;member_of_cog_category,annotation_mediated,bounded_BFS (<= 4 hops),annotation_mediated
B36,blaOXA-1,beta_lactam,EW036_RS26250,genome,EW036_RS03605,genome,graph_context,3,"EW036_RS26250;EW036_RS26255;COG_J: Translation, ribosomal structure and biogenesis;EW036_RS03605",genomic_proximity;member_of_cog_category;member_of_cog_category,annotation_mediated,bounded_BFS (<= 4 hops),annotation_mediated
B36,blaOXA-1,beta_lactam,EW036_RS26250,genome,EW036_RS03655,genome,graph_context,3,"EW036_RS26250;EW036_RS26255;COG_J: Translation, ribosomal structure and biogenesis;EW036_RS03655",genomic_proximity;member_of_cog_category;member_of_cog_category,annotation_mediated,bounded_BFS (<= 4 hops),annotation_mediated
B36,blaOXA-1,beta_lactam,EW036_RS26250,genome,EW036_RS03660,genome,graph_context,3,"EW036_RS26250;EW036_RS26255;COG_J: Translation, ribosomal structure and biogenesis;EW036_RS03660",genomic_proximity;member_of_cog_category;member_of_cog_category,annotation_mediated,bounded_BFS (<= 4 hops),annotation_mediated
B36,blaOXA-1,beta_lactam,EW036_RS26250,genome,EW036_RS03700,genome,graph_context,3,"EW036_RS26250;EW036_RS26255;COG_J: Translation, ribosomal structure and biogenesis;EW036_RS03700",genomic_proximity;member_of_cog_category;member_of_cog_category,annotation_mediated,bounded_BFS (<= 4 hops),annotation_mediated
B36,blaOXA-1,beta_lactam,EW036_RS26250,genome,EW036_RS03805,genome,graph_context,3,EW036_RS26250;map01501;EW036_RS03810;EW036_RS03805,in_pathway;in_pathway;genomic_proximity,annotation_mediated,bounded_BFS (<= 4 hops),annotation_mediated
B36,blaOXA-1,beta_lactam,EW036_RS26250,genome,EW036_RS03815,genome,graph_context,3,EW036_RS26250;map01501;EW036_RS03810;EW036_RS03815,in_pathway;in_pathway;genomic_proximity,annotation_mediated,bounded_BFS (<= 4 hops),annotation_mediated
B36,blaOXA-1,beta_lactam,EW036_RS26250,genome,EW036_RS04845,genome,graph_context,3,"EW036_RS26250;EW036_RS26255;COG_J: Translation, ribosomal structure and biogenesis;EW036_RS04845",genomic_proximity;member_of_cog_category;member_of_cog_category,annotation_mediated,bounded_BFS (<= 4 hops),annotation_mediated
B36,blaOXA-1,beta_lactam,EW036_RS26250,genome,EW036_RS04860,genome,graph_context,3,"EW036_RS26250;EW036_RS26255;COG_J: Translation, ribosomal structure and biogenesis;EW036_RS04860",genomic_proximity;member_of_cog_category;member_of_cog_category,annotation_mediated,bounded_BFS (<= 4 hops),annotation_mediated
B36,blaOXA-1,beta_lactam,EW036_RS26250,genome,EW036_RS04930,genome,graph_context,3,"EW036_RS26250;EW036_RS26255;COG_J: Translation, ribosomal structure and biogenesis;EW036_RS04930",genomic_proximity;member_of_cog_category;member_of_cog_category,annotation_mediated,bounded_BFS (<= 4 hops),annotation_mediated
B36,blaOXA-1,beta_lactam,EW036_RS26250,genome,EW036_RS04970,genome,graph_context,3,WP_001334766.1;GO:0042597: C:periplasmic space;WP_001295380.1;EW036_RS04970,member_of_go_term;member_of_go_term;encodes,annotation_mediated,bounded_BFS (<= 4 hops),annotation_mediated
B36,blaOXA-1,beta_lactam,EW036_RS26250,genome,EW036_RS05200,genome,graph_context,3,"EW036_RS26250;EW036_RS26255;COG_J: Translation, ribosomal structure and biogenesis;EW036_RS05200",genomic_proximity;member_of_cog_category;member_of_cog_category,annotation_mediated,bounded_BFS (<= 4 hops),annotation_mediated
B36,blaOXA-1,beta_lactam,EW036_RS26250,genome,EW036_RS05225,genome,graph_context,3,WP_001334766.1;GO:0042597: C:periplasmic space;WP_000715230.1;EW036_RS05225,member_of_go_term;member_of_go_term;encodes,annotation_mediated,bounded_BFS (<= 4 hops),annotation_mediated
B36,blaOXA-1,beta_lactam,EW036_RS26250,genome,EW036_RS05235,genome,graph_context,3,"EW036_RS26250;EW036_RS26255;COG_J: Translation, ribosomal structure and biogenesis;EW036_RS05235",genomic_proximity;member_of_cog_category;member_of_cog_category,annotation_mediated,bounded_BFS (<= 4 hops),annotation_mediated
B36,blaOXA-1,beta_lactam,EW036_RS26250,genome,EW036_RS05240,genome,graph_context,3,"EW036_RS26250;EW036_RS26255;COG_J: Translation, ribosomal structure and biogenesis;EW036_RS05240",genomic_proximity;member_of_cog_category;member_of_cog_category,annotation_mediated,bounded_BFS (<= 4 hops),annotation_mediated
B36,blaOXA-1,beta_lactam,EW036_RS26250,genome,EW036_RS05525,genome,graph_context,3,WP_001334766.1;GO:0042597: C:periplasmic space;WP_000016907.1;EW036_RS05525,member_of_go_term;member_of_go_term;encodes,annotation_mediated,bounded_BFS (<= 4 hops),annotation_mediated
B36,blaOXA-1,beta_lactam,EW036_RS26250,genome,EW036_RS05760,genome,graph_context,3,"EW036_RS26250;EW036_RS26255;COG_J: Translation, ribosomal structure and biogenesis;EW036_RS05760",genomic_proximity;member_of_cog_category;member_of_cog_category,annotation_mediated,bounded_BFS (<= 4 hops),annotation_mediated
B36,blaOXA-1,beta_lactam,EW036_RS26250,genome,EW036_RS05865,genome,graph_context,3,"EW036_RS26250;EW036_RS26255;COG_J: Translation, ribosomal structure and biogenesis;EW036_RS05865",genomic_proximity;member_of_cog_category;member_of_cog_category,annotation_mediated,bounded_BFS (<= 4 hops),annotation_mediated
B36,blaOXA-1,beta_lactam,EW036_RS26250,genome,EW036_RS06050,genome,graph_context,3,"EW036_RS26250;EW036_RS26255;COG_J: Translation, ribosomal structure and biogenesis;EW036_RS06050",genomic_proximity;member_of_cog_category;member_of_cog_category,annotation_mediated,bounded_BFS (<= 4 hops),annotation_mediated
B36,blaOXA-1,beta_lactam,EW036_RS26250,genome,EW036_RS06060,genome,graph_context,3,"EW036_RS26250;EW036_RS26255;COG_J: Translation, ribosomal structure and biogenesis;EW036_RS06060",genomic_proximity;member_of_cog_category;member_of_cog_category,annotation_mediated,bounded_BFS (<= 4 hops),annotation_mediated
B36,blaOXA-1,beta_lactam,EW036_RS26250,genome,EW036_RS06320,genome,graph_context,3,"EW036_RS26250;EW036_RS26255;COG_J: Translation, ribosomal structure and biogenesis;EW036_RS06320",genomic_proximity;member_of_cog_category;member_of_cog_category,annotation_mediated,bounded_BFS (<= 4 hops),annotation_mediated
B36,blaOXA-1,beta_lactam,EW036_RS26250,genome,EW036_RS06325,genome,graph_context,3,"EW036_RS26250;EW036_RS26255;COG_J: Translation, ribosomal structure and biogenesis;EW036_RS06325",genomic_proximity;member_of_cog_category;member_of_cog_category,annotation_mediated,bounded_BFS (<= 4 hops),annotation_mediated
B36,blaOXA-1,beta_lactam,EW036_RS26250,genome,EW036_RS06385,genome,graph_context,3,EW036_RS26250;COG_V: Defense mechanisms;EW036_RS06390;EW036_RS06385,member_of_cog_category;member_of_cog_category;genomic_proximity,annotation_mediated,bounded_BFS (<= 4 hops),annotation_mediated
B36,blaOXA-1,beta_lactam,EW036_RS26250,genome,EW036_RS06395,genome,graph_context,3,EW036_RS26250;COG_V: Defense mechanisms;EW036_RS06390;EW036_RS06395,member_of_cog_category;member_of_cog_category;genomic_proximity,annotation_mediated,bounded_BFS (<= 4 hops),annotation_mediated
B36,blaOXA-1,beta_lactam,EW036_RS26250,genome,EW036_RS06535,genome,graph_context,3,"EW036_RS26250;EW036_RS26255;COG_J: Translation, ribosomal structure and biogenesis;EW036_RS06535",genomic_proximity;member_of_cog_category;member_of_cog_category,annotation_mediated,bounded_BFS (<= 4 hops),annotation_mediated
B36,blaOXA-1,beta_lactam,EW036_RS26250,genome,EW036_RS06550,genome,graph_context,3,WP_001334766.1;GO:0046677: P:response to antibiotic;WP_001203437.1;EW036_RS06550,member_of_go_term;member_of_go_term;encodes,annotation_mediated,bounded_BFS (<= 4 hops),annotation_mediated
B36,blaOXA-1,beta_lactam,EW036_RS26250,genome,EW036_RS06590,genome,graph_context,3,"EW036_RS26250;EW036_RS26255;COG_J: Translation, ribosomal structure and biogenesis;EW036_RS06590",genomic_proximity;member_of_cog_category;member_of_cog_category,annotation_mediated,bounded_BFS (<= 4 hops),annotation_mediated
B36,blaOXA-1,beta_lactam,EW036_RS26250,genome,EW036_RS06595,genome,graph_context,3,"EW036_RS26250;EW036_RS26255;COG_J: Translation, ribosomal structure and biogenesis;EW036_RS06595",genomic_proximity;member_of_cog_category;member_of_cog_category,annotation_mediated,bounded_BFS (<= 4 hops),annotation_mediated
B36,blaOXA-1,beta_lactam,EW036_RS26250,genome,EW036_RS06600,genome,graph_context,3,"EW036_RS26250;EW036_RS26255;COG_J: Translation, ribosomal structure and biogenesis;EW036_RS06600",genomic_proximity;member_of_cog_category;member_of_cog_category,annotation_mediated,bounded_BFS (<= 4 hops),annotation_mediated
B36,blaOXA-1,beta_lactam,EW036_RS26250,genome,EW036_RS06605,genome,graph_context,3,"EW036_RS26250;EW036_RS26255;COG_J: Translation, ribosomal structure and biogenesis;EW036_RS06605",genomic_proximity;member_of_cog_category;member_of_cog_category,annotation_mediated,bounded_BFS (<= 4 hops),annotation_mediated
B36,blaOXA-1,beta_lactam,EW036_RS26250,genome,EW036_RS06650,genome,graph_context,3,"EW036_RS26250;EW036_RS26255;COG_J: Translation, ribosomal structure and biogenesis;EW036_RS06650",genomic_proximity;member_of_cog_category;member_of_cog_category,annotation_mediated,bounded_BFS (<= 4 hops),annotation_mediated
B36,blaOXA-1,beta_lactam,EW036_RS26250,genome,EW036_RS06660,genome,graph_context,3,"EW036_RS26250;EW036_RS26255;COG_J: Translation, ribosomal structure and biogenesis;EW036_RS06660",genomic_proximity;member_of_cog_category;member_of_cog_category,annotation_mediated,bounded_BFS (<= 4 hops),annotation_mediated
B36,blaOXA-1,beta_lactam,EW036_RS26250,genome,EW036_RS06710,genome,graph_context,3,"EW036_RS26250;EW036_RS26255;COG_J: Translation, ribosomal structure and biogenesis;EW036_RS06710",genomic_proximity;member_of_cog_category;member_of_cog_category,annotation_mediated,bounded_BFS (<= 4 hops),annotation_mediated
B36,blaOXA-1,beta_lactam,EW036_RS26250,genome,EW036_RS06725,genome,graph_context,3,"EW036_RS26250;EW036_RS26255;COG_J: Translation, ribosomal structure and biogenesis;EW036_RS06725",genomic_proximity;member_of_cog_category;member_of_cog_category,annotation_mediated,bounded_BFS (<= 4 hops),annotation_mediated
B36,blaOXA-1,beta_lactam,EW036_RS26250,genome,EW036_RS06755,genome,graph_context,3,"EW036_RS26250;EW036_RS26255;COG_J: Translation, ribosomal structure and biogenesis;EW036_RS06755",genomic_proximity;member_of_cog_category;member_of_cog_category,annotation_mediated,bounded_BFS (<= 4 hops),annotation_mediated
B36,blaOXA-1,beta_lactam,EW036_RS26250,genome,EW036_RS06790,genome,graph_context,3,"EW036_RS26250;EW036_RS26255;COG_J: Translation, ribosomal structure and biogenesis;EW036_RS06790",genomic_proximity;member_of_cog_category;member_of_cog_category,annotation_mediated,bounded_BFS (<= 4 hops),annotation_mediated
B36,blaOXA-1,beta_lactam,EW036_RS26250,genome,EW036_RS06800,genome,graph_context,3,"EW036_RS26250;EW036_RS26255;COG_J: Translation, ribosomal structure and biogenesis;EW036_RS06800",genomic_proximity;member_of_cog_category;member_of_cog_category,annotation_mediated,bounded_BFS (<= 4 hops),annotation_mediated
B36,blaOXA-1,beta_lactam,EW036_RS26250,genome,EW036_RS06950,genome,graph_context,3,"EW036_RS26250;EW036_RS26255;COG_J: Translation, ribosomal structure and biogenesis;EW036_RS06950",genomic_proximity;member_of_cog_category;member_of_cog_category,annotation_mediated,bounded_BFS (<= 4 hops),annotation_mediated
B36,blaOXA-1,beta_lactam,EW036_RS26250,genome,EW036_RS07025,genome,graph_context,3,"EW036_RS26250;EW036_RS26255;COG_J: Translation, ribosomal structure and biogenesis;EW036_RS07025",genomic_proximity;member_of_cog_category;member_of_cog_category,annotation_mediated,bounded_BFS (<= 4 hops),annotation_mediated
B36,blaOXA-1,beta_lactam,EW036_RS26250,genome,EW036_RS07040,genome,graph_context,3,"EW036_RS26250;EW036_RS26255;COG_J: Translation, ribosomal structure and biogenesis;EW036_RS07040",genomic_proximity;member_of_cog_category;member_of_cog_category,annotation_mediated,bounded_BFS (<= 4 hops),annotation_mediated
B36,blaOXA-1,beta_lactam,EW036_RS26250,genome,EW036_RS07055,genome,graph_context,3,"EW036_RS26250;EW036_RS26255;COG_J: Translation, ribosomal structure and biogenesis;EW036_RS07055",genomic_proximity;member_of_cog_category;member_of_cog_category,annotation_mediated,bounded_BFS (<= 4 hops),annotation_mediated
B36,blaOXA-1,beta_lactam,EW036_RS26250,genome,EW036_RS07195,genome,graph_context,3,"EW036_RS26250;EW036_RS26255;COG_J: Translation, ribosomal structure and biogenesis;EW036_RS07195",genomic_proximity;member_of_cog_category;member_of_cog_category,annotation_mediated,bounded_BFS (<= 4 hops),annotation_mediated
B36,blaOXA-1,beta_lactam,EW036_RS26250,genome,EW036_RS07530,genome,graph_context,3,"EW036_RS26250;EW036_RS26255;COG_J: Translation, ribosomal structure and biogenesis;EW036_RS07530",genomic_proximity;member_of_cog_category;member_of_cog_category,annotation_mediated,bounded_BFS (<= 4 hops),annotation_mediated
B36,blaOXA-1,beta_lactam,EW036_RS26250,genome,EW036_RS07850,genome,graph_context,3,"EW036_RS26250;EW036_RS26255;COG_J: Translation, ribosomal structure and biogenesis;EW036_RS07850",genomic_proximity;member_of_cog_category;member_of_cog_category,annotation_mediated,bounded_BFS (<= 4 hops),annotation_mediated
B36,blaOXA-1,beta_lactam,EW036_RS26250,genome,EW036_RS07880,genome,graph_context,3,"EW036_RS26250;EW036_RS26255;COG_J: Translation, ribosomal structure and biogenesis;EW036_RS07880",genomic_proximity;member_of_cog_category;member_of_cog_category,annotation_mediated,bounded_BFS (<= 4 hops),annotation_mediated
B36,blaOXA-1,beta_lactam,EW036_RS26250,genome,EW036_RS07910,genome,graph_context,3,"EW036_RS26250;EW036_RS26255;COG_J: Translation, ribosomal structure and biogenesis;EW036_RS07910",genomic_proximity;member_of_cog_category;member_of_cog_category,annotation_mediated,bounded_BFS (<= 4 hops),annotation_mediated
B36,blaOXA-1,beta_lactam,EW036_RS26250,genome,EW036_RS08045,genome,graph_context,3,WP_001334766.1;GO:0046677: P:response to antibiotic;WP_000074527.1;EW036_RS08045,member_of_go_term;member_of_go_term;encodes,annotation_mediated,bounded_BFS (<= 4 hops),annotation_mediated
B36,blaOXA-1,beta_lactam,EW036_RS26250,genome,EW036_RS08135,genome,graph_context,3,"EW036_RS26250;EW036_RS26255;COG_J: Translation, ribosomal structure and biogenesis;EW036_RS08135",genomic_proximity;member_of_cog_category;member_of_cog_category,annotation_mediated,bounded_BFS (<= 4 hops),annotation_mediated
B36,blaOXA-1,beta_lactam,EW036_RS26250,genome,EW036_RS08610,genome,graph_context,3,"EW036_RS26250;EW036_RS26255;COG_J: Translation, ribosomal structure and biogenesis;EW036_RS08610",genomic_proximity;member_of_cog_category;member_of_cog_category,annotation_mediated,bounded_BFS (<= 4 hops),annotation_mediated
B36,blaOXA-1,beta_lactam,EW036_RS26250,genome,EW036_RS08620,genome,graph_context,3,EW036_RS26250;COG_V: Defense mechanisms;EW036_RS08625;EW036_RS08620,member_of_cog_category;member_of_cog_category;genomic_proximity,annotation_mediated,bounded_BFS (<= 4 hops),annotation_mediated
B36,blaOXA-1,beta_lactam,EW036_RS26250,genome,EW036_RS08660,genome,graph_context,3,"EW036_RS26250;EW036_RS26255;COG_J: Translation, ribosomal structure and biogenesis;EW036_RS08660",genomic_proximity;member_of_cog_category;member_of_cog_category,annotation_mediated,bounded_BFS (<= 4 hops),annotation_mediated
B36,blaOXA-1,beta_lactam,EW036_RS26250,genome,EW036_RS08695,genome,graph_context,3,EW036_RS26250;map01501;EW036_RS08700;EW036_RS08695,in_pathway;in_pathway;genomic_proximity,annotation_mediated,bounded_BFS (<= 4 hops),annotation_mediated
B36,blaOXA-1,beta_lactam,EW036_RS26250,genome,EW036_RS08705,genome,graph_context,3,"EW036_RS26250;EW036_RS26255;COG_J: Translation, ribosomal structure and biogenesis;EW036_RS08705",genomic_proximity;member_of_cog_category;member_of_cog_category,annotation_mediated,bounded_BFS (<= 4 hops),annotation_mediated
B36,blaOXA-1,beta_lactam,EW036_RS26250,genome,EW036_RS08765,genome,graph_context,3,"EW036_RS26250;EW036_RS26255;COG_J: Translation, ribosomal structure and biogenesis;EW036_RS08765",genomic_proximity;member_of_cog_category;member_of_cog_category,annotation_mediated,bounded_BFS (<= 4 hops),annotation_mediated
B36,blaOXA-1,beta_lactam,EW036_RS26250,genome,EW036_RS08790,genome,graph_context,3,"EW036_RS26250;EW036_RS26255;COG_J: Translation, ribosomal structure and biogenesis;EW036_RS08790",genomic_proximity;member_of_cog_category;member_of_cog_category,annotation_mediated,bounded_BFS (<= 4 hops),annotation_mediated
B36,blaOXA-1,beta_lactam,EW036_RS26250,genome,EW036_RS08860,genome,graph_context,3,"EW036_RS26250;EW036_RS26255;COG_J: Translation, ribosomal structure and biogenesis;EW036_RS08860",genomic_proximity;member_of_cog_category;member_of_cog_category,annotation_mediated,bounded_BFS (<= 4 hops),annotation_mediated
B36,blaOXA-1,beta_lactam,EW036_RS26250,genome,EW036_RS08870,genome,graph_context,3,"EW036_RS26250;EW036_RS26255;COG_J: Translation, ribosomal structure and biogenesis;EW036_RS08870",genomic_proximity;member_of_cog_category;member_of_cog_category,annotation_mediated,bounded_BFS (<= 4 hops),annotation_mediated
B36,blaOXA-1,beta_lactam,EW036_RS26250,genome,EW036_RS09290,genome,graph_context,3,"EW036_RS26250;EW036_RS26255;COG_J: Translation, ribosomal structure and biogenesis;EW036_RS09290",genomic_proximity;member_of_cog_category;member_of_cog_category,annotation_mediated,bounded_BFS (<= 4 hops),annotation_mediated
B36,blaOXA-1,beta_lactam,EW036_RS26250,genome,EW036_RS09380,genome,graph_context,3,"EW036_RS26250;EW036_RS26255;COG_J: Translation, ribosomal structure and biogenesis;EW036_RS09380",genomic_proximity;member_of_cog_category;member_of_cog_category,annotation_mediated,bounded_BFS (<= 4 hops),annotation_mediated
B36,blaOXA-1,beta_lactam,EW036_RS26250,genome,EW036_RS09390,genome,graph_context,3,"EW036_RS26250;EW036_RS26255;COG_J: Translation, ribosomal structure and biogenesis;EW036_RS09390",genomic_proximity;member_of_cog_category;member_of_cog_category,annotation_mediated,bounded_BFS (<= 4 hops),annotation_mediated
B36,blaOXA-1,beta_lactam,EW036_RS26250,genome,EW036_RS09405,genome,graph_context,3,"EW036_RS26250;EW036_RS26255;COG_J: Translation, ribosomal structure and biogenesis;EW036_RS09405",genomic_proximity;member_of_cog_category;member_of_cog_category,annotation_mediated,bounded_BFS (<= 4 hops),annotation_mediated
B36,blaOXA-1,beta_lactam,EW036_RS26250,genome,EW036_RS09490,genome,graph_context,3,EW036_RS26250;map01501;EW036_RS09495;EW036_RS09490,in_pathway;in_pathway;genomic_proximity,annotation_mediated,bounded_BFS (<= 4 hops),annotation_mediated
B36,blaOXA-1,beta_lactam,EW036_RS26250,genome,EW036_RS09500,genome,graph_context,3,EW036_RS26250;map01501;EW036_RS09495;EW036_RS09500,in_pathway;in_pathway;genomic_proximity,annotation_mediated,bounded_BFS (<= 4 hops),annotation_mediated
B36,blaOXA-1,beta_lactam,EW036_RS26250,genome,EW036_RS09625,genome,graph_context,3,"EW036_RS26250;EW036_RS26255;COG_J: Translation, ribosomal structure and biogenesis;EW036_RS09625",genomic_proximity;member_of_cog_category;member_of_cog_category,annotation_mediated,bounded_BFS (<= 4 hops),annotation_mediated
B36,blaOXA-1,beta_lactam,EW036_RS26250,genome,EW036_RS09635,genome,graph_context,3,"EW036_RS26250;EW036_RS26255;COG_J: Translation, ribosomal structure and biogenesis;EW036_RS09635",genomic_proximity;member_of_cog_category;member_of_cog_category,annotation_mediated,bounded_BFS (<= 4 hops),annotation_mediated
B36,blaOXA-1,beta_lactam,EW036_RS26250,genome,EW036_RS10160,genome,graph_context,3,EW036_RS26250;COG_V: Defense mechanisms;EW036_RS10165;EW036_RS10160,member_of_cog_category;member_of_cog_category;genomic_proximity,annotation_mediated,bounded_BFS (<= 4 hops),annotation_mediated
B36,blaOXA-1,beta_lactam,EW036_RS26250,genome,EW036_RS10170,genome,graph_context,3,EW036_RS26250;COG_V: Defense mechanisms;EW036_RS10165;EW036_RS10170,member_of_cog_category;member_of_cog_category;genomic_proximity,annotation_mediated,bounded_BFS (<= 4 hops),annotation_mediated
B36,blaOXA-1,beta_lactam,EW036_RS26250,genome,EW036_RS10390,genome,graph_context,3,"EW036_RS26250;EW036_RS26255;COG_J: Translation, ribosomal structure and biogenesis;EW036_RS10390",genomic_proximity;member_of_cog_category;member_of_cog_category,annotation_mediated,bounded_BFS (<= 4 hops),annotation_mediated
B36,blaOXA-1,beta_lactam,EW036_RS26250,genome,EW036_RS10395,genome,graph_context,3,"EW036_RS26250;EW036_RS26255;COG_J: Translation, ribosomal structure and biogenesis;EW036_RS10395",genomic_proximity;member_of_cog_category;member_of_cog_category,annotation_mediated,bounded_BFS (<= 4 hops),annotation_mediated
B36,blaOXA-1,beta_lactam,EW036_RS26250,genome,EW036_RS10430,genome,graph_context,3,"EW036_RS26250;EW036_RS26255;COG_J: Translation, ribosomal structure and biogenesis;EW036_RS10430",genomic_proximity;member_of_cog_category;member_of_cog_category,annotation_mediated,bounded_BFS (<= 4 hops),annotation_mediated
B36,blaOXA-1,beta_lactam,EW036_RS26250,genome,EW036_RS10435,genome,graph_context,3,"EW036_RS26250;EW036_RS26255;COG_J: Translation, ribosomal structure and biogenesis;EW036_RS10435",genomic_proximity;member_of_cog_category;member_of_cog_category,annotation_mediated,bounded_BFS (<= 4 hops),annotation_mediated
B36,blaOXA-1,beta_lactam,EW036_RS26250,genome,EW036_RS10620,genome,graph_context,3,EW036_RS26250;map01501;EW036_RS10615;EW036_RS10620,in_pathway;in_pathway;genomic_proximity,annotation_mediated,bounded_BFS (<= 4 hops),annotation_mediated
B36,blaOXA-1,beta_lactam,EW036_RS26250,genome,EW036_RS10635,genome,graph_context,3,EW036_RS26250;map01501;EW036_RS10630;EW036_RS10635,in_pathway;in_pathway;genomic_proximity,annotation_mediated,bounded_BFS (<= 4 hops),annotation_mediated
B36,blaOXA-1,beta_lactam,EW036_RS26250,genome,EW036_RS11100,genome,graph_context,3,"EW036_RS26250;EW036_RS26255;COG_J: Translation, ribosomal structure and biogenesis;EW036_RS11100",genomic_proximity;member_of_cog_category;member_of_cog_category,annotation_mediated,bounded_BFS (<= 4 hops),annotation_mediated
B36,blaOXA-1,beta_lactam,EW036_RS26250,genome,EW036_RS11110,genome,graph_context,3,"EW036_RS26250;EW036_RS26255;COG_J: Translation, ribosomal structure and biogenesis;EW036_RS11110",genomic_proximity;member_of_cog_category;member_of_cog_category,annotation_mediated,bounded_BFS (<= 4 hops),annotation_mediated
B36,blaOXA-1,beta_lactam,EW036_RS26250,genome,EW036_RS11230,genome,graph_context,3,"EW036_RS26250;EW036_RS26255;COG_J: Translation, ribosomal structure and biogenesis;EW036_RS11230",genomic_proximity;member_of_cog_category;member_of_cog_category,annotation_mediated,bounded_BFS (<= 4 hops),annotation_mediated
B36,blaOXA-1,beta_lactam,EW036_RS26250,genome,EW036_RS11410,genome,graph_context,3,WP_001334766.1;GO:0042597: C:periplasmic space;WP_000084387.1;EW036_RS11410,member_of_go_term;member_of_go_term;encodes,annotation_mediated,bounded_BFS (<= 4 hops),annotation_mediated
B36,blaOXA-1,beta_lactam,EW036_RS26250,genome,EW036_RS11440,genome,graph_context,3,EW036_RS26250;map01501;EW036_RS11445;EW036_RS11440,in_pathway;in_pathway;genomic_proximity,annotation_mediated,bounded_BFS (<= 4 hops),annotation_mediated
B36,blaOXA-1,beta_lactam,EW036_RS26250,genome,EW036_RS11450,genome,graph_context,3,EW036_RS26250;map01501;EW036_RS11445;EW036_RS11450,in_pathway;in_pathway;genomic_proximity,annotation_mediated,bounded_BFS (<= 4 hops),annotation_mediated
B36,blaOXA-1,beta_lactam,EW036_RS26250,genome,EW036_RS11675,genome,graph_context,3,"EW036_RS26250;EW036_RS26255;COG_J: Translation, ribosomal structure and biogenesis;EW036_RS11675",genomic_proximity;member_of_cog_category;member_of_cog_category,annotation_mediated,bounded_BFS (<= 4 hops),annotation_mediated
B36,blaOXA-1,beta_lactam,EW036_RS26250,genome,EW036_RS11900,genome,graph_context,3,"EW036_RS26250;EW036_RS26255;COG_J: Translation, ribosomal structure and biogenesis;EW036_RS11900",genomic_proximity;member_of_cog_category;member_of_cog_category,annotation_mediated,bounded_BFS (<= 4 hops),annotation_mediated
B36,blaOXA-1,beta_lactam,EW036_RS26250,genome,EW036_RS12025,genome,graph_context,3,"EW036_RS26250;EW036_RS26255;COG_J: Translation, ribosomal structure and biogenesis;EW036_RS12025",genomic_proximity;member_of_cog_category;member_of_cog_category,annotation_mediated,bounded_BFS (<= 4 hops),annotation_mediated
B36,blaOXA-1,beta_lactam,EW036_RS26250,genome,EW036_RS12170,genome,graph_context,3,"EW036_RS26250;EW036_RS26255;COG_J: Translation, ribosomal structure and biogenesis;EW036_RS12170",genomic_proximity;member_of_cog_category;member_of_cog_category,annotation_mediated,bounded_BFS (<= 4 hops),annotation_mediated
B36,blaOXA-1,beta_lactam,EW036_RS26250,genome,EW036_RS12315,genome,graph_context,3,"EW036_RS26250;EW036_RS26255;COG_J: Translation, ribosomal structure and biogenesis;EW036_RS12315",genomic_proximity;member_of_cog_category;member_of_cog_category,annotation_mediated,bounded_BFS (<= 4 hops),annotation_mediated
B36,blaOXA-1,beta_lactam,EW036_RS26250,genome,EW036_RS12455,genome,graph_context,3,"EW036_RS26250;EW036_RS26255;COG_J: Translation, ribosomal structure and biogenesis;EW036_RS12455",genomic_proximity;member_of_cog_category;member_of_cog_category,annotation_mediated,bounded_BFS (<= 4 hops),annotation_mediated
B36,blaOXA-1,beta_lactam,EW036_RS26250,genome,EW036_RS12530,genome,graph_context,3,"EW036_RS26250;EW036_RS26255;COG_J: Translation, ribosomal structure and biogenesis;EW036_RS12530",genomic_proximity;member_of_cog_category;member_of_cog_category,annotation_mediated,bounded_BFS (<= 4 hops),annotation_mediated
B36,blaOXA-1,beta_lactam,EW036_RS26250,genome,EW036_RS12820,genome,graph_context,3,"EW036_RS26250;EW036_RS26255;COG_J: Translation, ribosomal structure and biogenesis;EW036_RS12820",genomic_proximity;member_of_cog_category;member_of_cog_category,annotation_mediated,bounded_BFS (<= 4 hops),annotation_mediated
B36,blaOXA-1,beta_lactam,EW036_RS26250,genome,EW036_RS12825,genome,graph_context,3,"EW036_RS26250;EW036_RS26255;COG_J: Translation, ribosomal structure and biogenesis;EW036_RS12825",genomic_proximity;member_of_cog_category;member_of_cog_category,annotation_mediated,bounded_BFS (<= 4 hops),annotation_mediated
B36,blaOXA-1,beta_lactam,EW036_RS26250,genome,EW036_RS12835,genome,graph_context,3,"EW036_RS26250;EW036_RS26255;COG_J: Translation, ribosomal structure and biogenesis;EW036_RS12835",genomic_proximity;member_of_cog_category;member_of_cog_category,annotation_mediated,bounded_BFS (<= 4 hops),annotation_mediated
B36,blaOXA-1,beta_lactam,EW036_RS26250,genome,EW036_RS12845,genome,graph_context,3,"EW036_RS26250;EW036_RS26255;COG_J: Translation, ribosomal structure and biogenesis;EW036_RS12845",genomic_proximity;member_of_cog_category;member_of_cog_category,annotation_mediated,bounded_BFS (<= 4 hops),annotation_mediated
B36,blaOXA-1,beta_lactam,EW036_RS26250,genome,EW036_RS12850,genome,graph_context,3,"EW036_RS26250;EW036_RS26255;COG_J: Translation, ribosomal structure and biogenesis;EW036_RS12850",genomic_proximity;member_of_cog_category;member_of_cog_category,annotation_mediated,bounded_BFS (<= 4 hops),annotation_mediated
B36,blaOXA-1,beta_lactam,EW036_RS26250,genome,EW036_RS13090,genome,graph_context,3,"EW036_RS26250;EW036_RS26255;COG_J: Translation, ribosomal structure and biogenesis;EW036_RS13090",genomic_proximity;member_of_cog_category;member_of_cog_category,annotation_mediated,bounded_BFS (<= 4 hops),annotation_mediated
B36,blaOXA-1,beta_lactam,EW036_RS26250,genome,EW036_RS13270,genome,graph_context,3,"EW036_RS26250;EW036_RS26255;COG_J: Translation, ribosomal structure and biogenesis;EW036_RS13270",genomic_proximity;member_of_cog_category;member_of_cog_category,annotation_mediated,bounded_BFS (<= 4 hops),annotation_mediated
B36,blaOXA-1,beta_lactam,EW036_RS26250,genome,EW036_RS13295,genome,graph_context,3,"EW036_RS26250;EW036_RS26255;COG_J: Translation, ribosomal structure and biogenesis;EW036_RS13295",genomic_proximity;member_of_cog_category;member_of_cog_category,annotation_mediated,bounded_BFS (<= 4 hops),annotation_mediated
B36,blaOXA-1,beta_lactam,EW036_RS26250,genome,EW036_RS13360,genome,graph_context,3,"EW036_RS26250;EW036_RS26255;COG_J: Translation, ribosomal structure and biogenesis;EW036_RS13360",genomic_proximity;member_of_cog_category;member_of_cog_category,annotation_mediated,bounded_BFS (<= 4 hops),annotation_mediated
B36,blaOXA-1,beta_lactam,EW036_RS26250,genome,EW036_RS13430,genome,graph_context,3,"EW036_RS26250;EW036_RS26255;COG_J: Translation, ribosomal structure and biogenesis;EW036_RS13430",genomic_proximity;member_of_cog_category;member_of_cog_category,annotation_mediated,bounded_BFS (<= 4 hops),annotation_mediated
B36,blaOXA-1,beta_lactam,EW036_RS26250,genome,EW036_RS13595,genome,graph_context,3,"EW036_RS26250;EW036_RS26255;COG_J: Translation, ribosomal structure and biogenesis;EW036_RS13595",genomic_proximity;member_of_cog_category;member_of_cog_category,annotation_mediated,bounded_BFS (<= 4 hops),annotation_mediated
B36,blaOXA-1,beta_lactam,EW036_RS26250,genome,EW036_RS13615,genome,graph_context,3,"EW036_RS26250;EW036_RS26255;COG_J: Translation, ribosomal structure and biogenesis;EW036_RS13615",genomic_proximity;member_of_cog_category;member_of_cog_category,annotation_mediated,bounded_BFS (<= 4 hops),annotation_mediated
B36,blaOXA-1,beta_lactam,EW036_RS26250,genome,EW036_RS13620,genome,graph_context,3,"EW036_RS26250;EW036_RS26255;COG_J: Translation, ribosomal structure and biogenesis;EW036_RS13620",genomic_proximity;member_of_cog_category;member_of_cog_category,annotation_mediated,bounded_BFS (<= 4 hops),annotation_mediated
B36,blaOXA-1,beta_lactam,EW036_RS26250,genome,EW036_RS13645,genome,graph_context,3,"EW036_RS26250;EW036_RS26255;COG_J: Translation, ribosomal structure and biogenesis;EW036_RS13645",genomic_proximity;member_of_cog_category;member_of_cog_category,annotation_mediated,bounded_BFS (<= 4 hops),annotation_mediated
B36,blaOXA-1,beta_lactam,EW036_RS26250,genome,EW036_RS14390,genome,graph_context,3,"EW036_RS26250;EW036_RS26255;COG_J: Translation, ribosomal structure and biogenesis;EW036_RS14390",genomic_proximity;member_of_cog_category;member_of_cog_category,annotation_mediated,bounded_BFS (<= 4 hops),annotation_mediated
B36,blaOXA-1,beta_lactam,EW036_RS26250,genome,EW036_RS15635,genome,graph_context,3,EW036_RS26250;map01501;EW036_RS15630;EW036_RS15635,in_pathway;in_pathway;genomic_proximity,annotation_mediated,bounded_BFS (<= 4 hops),annotation_mediated
B36,blaOXA-1,beta_lactam,EW036_RS26250,genome,EW036_RS15785,genome,graph_context,3,"EW036_RS26250;EW036_RS26255;COG_J: Translation, ribosomal structure and biogenesis;EW036_RS15785",genomic_proximity;member_of_cog_category;member_of_cog_category,annotation_mediated,bounded_BFS (<= 4 hops),annotation_mediated
B36,blaOXA-1,beta_lactam,EW036_RS26250,genome,EW036_RS15890,genome,graph_context,3,WP_001334766.1;GO:0042597: C:periplasmic space;WP_001319943.1;EW036_RS15890,member_of_go_term;member_of_go_term;encodes,annotation_mediated,bounded_BFS (<= 4 hops),annotation_mediated
B36,blaOXA-1,beta_lactam,EW036_RS26250,genome,EW036_RS16080,genome,graph_context,3,"EW036_RS26250;EW036_RS26255;COG_J: Translation, ribosomal structure and biogenesis;EW036_RS16080",genomic_proximity;member_of_cog_category;member_of_cog_category,annotation_mediated,bounded_BFS (<= 4 hops),annotation_mediated
B36,blaOXA-1,beta_lactam,EW036_RS26250,genome,EW036_RS16140,genome,graph_context,3,"EW036_RS26250;EW036_RS26255;COG_J: Translation, ribosomal structure and biogenesis;EW036_RS16140",genomic_proximity;member_of_cog_category;member_of_cog_category,annotation_mediated,bounded_BFS (<= 4 hops),annotation_mediated
B36,blaOXA-1,beta_lactam,EW036_RS26250,genome,EW036_RS16150,genome,graph_context,3,"EW036_RS26250;EW036_RS26255;COG_J: Translation, ribosomal structure and biogenesis;EW036_RS16150",genomic_proximity;member_of_cog_category;member_of_cog_category,annotation_mediated,bounded_BFS (<= 4 hops),annotation_mediated
B36,blaOXA-1,beta_lactam,EW036_RS26250,genome,EW036_RS16230,genome,graph_context,3,WP_001334766.1;GO:0042597: C:periplasmic space;WP_000835174.1;EW036_RS16230,member_of_go_term;member_of_go_term;encodes,annotation_mediated,bounded_BFS (<= 4 hops),annotation_mediated
B36,blaOXA-1,beta_lactam,EW036_RS26250,genome,EW036_RS16240,genome,graph_context,3,WP_001334766.1;GO:0042597: C:periplasmic space;WP_000091291.1;EW036_RS16240,member_of_go_term;member_of_go_term;encodes,annotation_mediated,bounded_BFS (<= 4 hops),annotation_mediated
B36,blaOXA-1,beta_lactam,EW036_RS26250,genome,EW036_RS16245,genome,graph_context,3,WP_001334766.1;GO:0042597: C:periplasmic space;WP_000778067.1;EW036_RS16245,member_of_go_term;member_of_go_term;encodes,annotation_mediated,bounded_BFS (<= 4 hops),annotation_mediated
B36,blaOXA-1,beta_lactam,EW036_RS26250,genome,EW036_RS16285,genome,graph_context,3,EW036_RS26250;map01501;EW036_RS16290;EW036_RS16285,in_pathway;in_pathway;genomic_proximity,annotation_mediated,bounded_BFS (<= 4 hops),annotation_mediated
B36,blaOXA-1,beta_lactam,EW036_RS26250,genome,EW036_RS16295,genome,graph_context,3,EW036_RS26250;map01501;EW036_RS16290;EW036_RS16295,in_pathway;in_pathway;genomic_proximity,annotation_mediated,bounded_BFS (<= 4 hops),annotation_mediated
B36,blaOXA-1,beta_lactam,EW036_RS26250,genome,EW036_RS16300,genome,graph_context,3,WP_001334766.1;GO:0046677: P:response to antibiotic;WP_001061917.1;EW036_RS16300,member_of_go_term;member_of_go_term;encodes,annotation_mediated,bounded_BFS (<= 4 hops),annotation_mediated
B36,blaOXA-1,beta_lactam,EW036_RS26250,genome,EW036_RS16980,genome,graph_context,3,"EW036_RS26250;EW036_RS26255;COG_J: Translation, ribosomal structure and biogenesis;EW036_RS16980",genomic_proximity;member_of_cog_category;member_of_cog_category,annotation_mediated,bounded_BFS (<= 4 hops),annotation_mediated
B36,blaOXA-1,beta_lactam,EW036_RS26250,genome,EW036_RS17025,genome,graph_context,3,"EW036_RS26250;EW036_RS26255;COG_J: Translation, ribosomal structure and biogenesis;EW036_RS17025",genomic_proximity;member_of_cog_category;member_of_cog_category,annotation_mediated,bounded_BFS (<= 4 hops),annotation_mediated
B36,blaOXA-1,beta_lactam,EW036_RS26250,genome,EW036_RS17045,genome,graph_context,3,EW036_RS26250;COG_V: Defense mechanisms;EW036_RS17050;EW036_RS17045,member_of_cog_category;member_of_cog_category;genomic_proximity,annotation_mediated,bounded_BFS (<= 4 hops),annotation_mediated
B36,blaOXA-1,beta_lactam,EW036_RS26250,genome,EW036_RS17150,genome,graph_context,3,"EW036_RS26250;EW036_RS26255;COG_J: Translation, ribosomal structure and biogenesis;EW036_RS17150",genomic_proximity;member_of_cog_category;member_of_cog_category,annotation_mediated,bounded_BFS (<= 4 hops),annotation_mediated
B36,blaOXA-1,beta_lactam,EW036_RS26250,genome,EW036_RS17250,genome,graph_context,3,WP_001334766.1;GO:0008658: F:penicillin binding;WP_000195961.1;EW036_RS17250,member_of_go_term;member_of_go_term;encodes,annotation_mediated,bounded_BFS (<= 4 hops),annotation_mediated
B36,blaOXA-1,beta_lactam,EW036_RS26250,genome,EW036_RS17270,genome,graph_context,3,"EW036_RS26250;EW036_RS26255;COG_J: Translation, ribosomal structure and biogenesis;EW036_RS17270",genomic_proximity;member_of_cog_category;member_of_cog_category,annotation_mediated,bounded_BFS (<= 4 hops),annotation_mediated
B36,blaOXA-1,beta_lactam,EW036_RS26250,genome,EW036_RS17470,genome,graph_context,3,WP_001334766.1;GO:0042597: C:periplasmic space;WP_000743444.1;EW036_RS17470,member_of_go_term;member_of_go_term;encodes,annotation_mediated,bounded_BFS (<= 4 hops),annotation_mediated
B36,blaOXA-1,beta_lactam,EW036_RS26250,genome,EW036_RS17480,genome,graph_context,3,EW036_RS26250;COG_V: Defense mechanisms;EW036_RS17485;EW036_RS17480,member_of_cog_category;member_of_cog_category;genomic_proximity,annotation_mediated,bounded_BFS (<= 4 hops),annotation_mediated
B36,blaOXA-1,beta_lactam,EW036_RS26250,genome,EW036_RS17745,genome,graph_context,3,WP_001334766.1;GO:0042597: C:periplasmic space;WP_001295307.1;EW036_RS17745,member_of_go_term;member_of_go_term;encodes,annotation_mediated,bounded_BFS (<= 4 hops),annotation_mediated
B36,blaOXA-1,beta_lactam,EW036_RS26250,genome,EW036_RS18055,genome,graph_context,3,"EW036_RS26250;EW036_RS26255;COG_J: Translation, ribosomal structure and biogenesis;EW036_RS18055",genomic_proximity;member_of_cog_category;member_of_cog_category,annotation_mediated,bounded_BFS (<= 4 hops),annotation_mediated
B36,blaOXA-1,beta_lactam,EW036_RS26250,genome,EW036_RS18180,genome,graph_context,3,"EW036_RS26250;EW036_RS26255;COG_J: Translation, ribosomal structure and biogenesis;EW036_RS18180",genomic_proximity;member_of_cog_category;member_of_cog_category,annotation_mediated,bounded_BFS (<= 4 hops),annotation_mediated
B36,blaOXA-1,beta_lactam,EW036_RS26250,genome,EW036_RS18190,genome,graph_context,3,"EW036_RS26250;EW036_RS26255;COG_J: Translation, ribosomal structure and biogenesis;EW036_RS18190",genomic_proximity;member_of_cog_category;member_of_cog_category,annotation_mediated,bounded_BFS (<= 4 hops),annotation_mediated
B36,blaOXA-1,beta_lactam,EW036_RS26250,genome,EW036_RS18265,genome,graph_context,3,"EW036_RS26250;EW036_RS26255;COG_J: Translation, ribosomal structure and biogenesis;EW036_RS18265",genomic_proximity;member_of_cog_category;member_of_cog_category,annotation_mediated,bounded_BFS (<= 4 hops),annotation_mediated
B36,blaOXA-1,beta_lactam,EW036_RS26250,genome,EW036_RS18270,genome,graph_context,3,"EW036_RS26250;EW036_RS26255;COG_J: Translation, ribosomal structure and biogenesis;EW036_RS18270",genomic_proximity;member_of_cog_category;member_of_cog_category,annotation_mediated,bounded_BFS (<= 4 hops),annotation_mediated
B36,blaOXA-1,beta_lactam,EW036_RS26250,genome,EW036_RS18295,genome,graph_context,3,"EW036_RS26250;EW036_RS26255;COG_J: Translation, ribosomal structure and biogenesis;EW036_RS18295",genomic_proximity;member_of_cog_category;member_of_cog_category,annotation_mediated,bounded_BFS (<= 4 hops),annotation_mediated
B36,blaOXA-1,beta_lactam,EW036_RS26250,genome,EW036_RS18300,genome,graph_context,3,"EW036_RS26250;EW036_RS26255;COG_J: Translation, ribosomal structure and biogenesis;EW036_RS18300",genomic_proximity;member_of_cog_category;member_of_cog_category,annotation_mediated,bounded_BFS (<= 4 hops),annotation_mediated
B36,blaOXA-1,beta_lactam,EW036_RS26250,genome,EW036_RS18310,genome,graph_context,3,EW036_RS26250;map01501;EW036_RS18305;EW036_RS18310,in_pathway;in_pathway;genomic_proximity,annotation_mediated,bounded_BFS (<= 4 hops),annotation_mediated
B36,blaOXA-1,beta_lactam,EW036_RS26250,genome,EW036_RS18320,genome,graph_context,3,WP_001334766.1;GO:0008658: F:penicillin binding;WP_001092082.1;EW036_RS18320,member_of_go_term;member_of_go_term;encodes,annotation_mediated,bounded_BFS (<= 4 hops),annotation_mediated
B36,blaOXA-1,beta_lactam,EW036_RS26250,genome,EW036_RS18420,genome,graph_context,3,"EW036_RS26250;EW036_RS26255;COG_J: Translation, ribosomal structure and biogenesis;EW036_RS18420",genomic_proximity;member_of_cog_category;member_of_cog_category,annotation_mediated,bounded_BFS (<= 4 hops),annotation_mediated
B36,blaOXA-1,beta_lactam,EW036_RS26250,genome,EW036_RS18675,genome,graph_context,3,EW036_RS26250;map01501;EW036_RS18680;EW036_RS18675,in_pathway;in_pathway;genomic_proximity,annotation_mediated,bounded_BFS (<= 4 hops),annotation_mediated
B36,blaOXA-1,beta_lactam,EW036_RS26250,genome,EW036_RS18685,genome,graph_context,3,EW036_RS26250;map01501;EW036_RS18680;EW036_RS18685,in_pathway;in_pathway;genomic_proximity,annotation_mediated,bounded_BFS (<= 4 hops),annotation_mediated
B36,blaOXA-1,beta_lactam,EW036_RS26250,genome,EW036_RS18755,genome,graph_context,3,"EW036_RS26250;EW036_RS26255;COG_J: Translation, ribosomal structure and biogenesis;EW036_RS18755",genomic_proximity;member_of_cog_category;member_of_cog_category,annotation_mediated,bounded_BFS (<= 4 hops),annotation_mediated
B36,blaOXA-1,beta_lactam,EW036_RS26250,genome,EW036_RS18870,genome,graph_context,3,"EW036_RS26250;EW036_RS26255;COG_J: Translation, ribosomal structure and biogenesis;EW036_RS18870",genomic_proximity;member_of_cog_category;member_of_cog_category,annotation_mediated,bounded_BFS (<= 4 hops),annotation_mediated
B36,blaOXA-1,beta_lactam,EW036_RS26250,genome,EW036_RS18980,genome,graph_context,3,"EW036_RS26250;EW036_RS26255;COG_J: Translation, ribosomal structure and biogenesis;EW036_RS18980",genomic_proximity;member_of_cog_category;member_of_cog_category,annotation_mediated,bounded_BFS (<= 4 hops),annotation_mediated
B36,blaOXA-1,beta_lactam,EW036_RS26250,genome,EW036_RS19075,genome,graph_context,3,EW036_RS26250;map01501;EW036_RS19080;EW036_RS19075,in_pathway;in_pathway;genomic_proximity,annotation_mediated,bounded_BFS (<= 4 hops),annotation_mediated
B36,blaOXA-1,beta_lactam,EW036_RS26250,genome,EW036_RS19090,genome,graph_context,3,EW036_RS26250;map01501;EW036_RS19085;EW036_RS19090,in_pathway;in_pathway;genomic_proximity,annotation_mediated,bounded_BFS (<= 4 hops),annotation_mediated
B36,blaOXA-1,beta_lactam,EW036_RS26250,genome,EW036_RS19425,genome,graph_context,3,"EW036_RS26250;EW036_RS26255;COG_J: Translation, ribosomal structure and biogenesis;EW036_RS19425",genomic_proximity;member_of_cog_category;member_of_cog_category,annotation_mediated,bounded_BFS (<= 4 hops),annotation_mediated
B36,blaOXA-1,beta_lactam,EW036_RS26250,genome,EW036_RS19485,genome,graph_context,3,"EW036_RS26250;EW036_RS26255;COG_J: Translation, ribosomal structure and biogenesis;EW036_RS19485",genomic_proximity;member_of_cog_category;member_of_cog_category,annotation_mediated,bounded_BFS (<= 4 hops),annotation_mediated
B36,blaOXA-1,beta_lactam,EW036_RS26250,genome,EW036_RS19875,genome,graph_context,3,"EW036_RS26250;EW036_RS26255;COG_J: Translation, ribosomal structure and biogenesis;EW036_RS19875",genomic_proximity;member_of_cog_category;member_of_cog_category,annotation_mediated,bounded_BFS (<= 4 hops),annotation_mediated
B36,blaOXA-1,beta_lactam,EW036_RS26250,genome,EW036_RS20445,genome,graph_context,3,"EW036_RS26250;EW036_RS26255;COG_J: Translation, ribosomal structure and biogenesis;EW036_RS20445",genomic_proximity;member_of_cog_category;member_of_cog_category,annotation_mediated,bounded_BFS (<= 4 hops),annotation_mediated
B36,blaOXA-1,beta_lactam,EW036_RS26250,genome,EW036_RS20480,genome,graph_context,3,"EW036_RS26250;EW036_RS26255;COG_J: Translation, ribosomal structure and biogenesis;EW036_RS20480",genomic_proximity;member_of_cog_category;member_of_cog_category,annotation_mediated,bounded_BFS (<= 4 hops),annotation_mediated
B36,blaOXA-1,beta_lactam,EW036_RS26250,genome,EW036_RS20560,genome,graph_context,3,"EW036_RS26250;EW036_RS26255;COG_J: Translation, ribosomal structure and biogenesis;EW036_RS20560",genomic_proximity;member_of_cog_category;member_of_cog_category,annotation_mediated,bounded_BFS (<= 4 hops),annotation_mediated
B36,blaOXA-1,beta_lactam,EW036_RS26250,genome,EW036_RS20570,genome,graph_context,3,"EW036_RS26250;EW036_RS26255;COG_J: Translation, ribosomal structure and biogenesis;EW036_RS20570",genomic_proximity;member_of_cog_category;member_of_cog_category,annotation_mediated,bounded_BFS (<= 4 hops),annotation_mediated
B36,blaOXA-1,beta_lactam,EW036_RS26250,genome,EW036_RS20575,genome,graph_context,3,"EW036_RS26250;EW036_RS26255;COG_J: Translation, ribosomal structure and biogenesis;EW036_RS20575",genomic_proximity;member_of_cog_category;member_of_cog_category,annotation_mediated,bounded_BFS (<= 4 hops),annotation_mediated
B36,blaOXA-1,beta_lactam,EW036_RS26250,genome,EW036_RS20700,genome,graph_context,3,"EW036_RS26250;EW036_RS26255;COG_J: Translation, ribosomal structure and biogenesis;EW036_RS20700",genomic_proximity;member_of_cog_category;member_of_cog_category,annotation_mediated,bounded_BFS (<= 4 hops),annotation_mediated
B36,blaOXA-1,beta_lactam,EW036_RS26250,genome,EW036_RS20810,genome,graph_context,3,EW036_RS26250;COG_V: Defense mechanisms;EW036_RS20805;EW036_RS20810,member_of_cog_category;member_of_cog_category;genomic_proximity,annotation_mediated,bounded_BFS (<= 4 hops),annotation_mediated
B36,blaOXA-1,beta_lactam,EW036_RS26250,genome,EW036_RS20920,genome,graph_context,3,EW036_RS26250;COG_V: Defense mechanisms;EW036_RS20925;EW036_RS20920,member_of_cog_category;member_of_cog_category;genomic_proximity,annotation_mediated,bounded_BFS (<= 4 hops),annotation_mediated
B36,blaOXA-1,beta_lactam,EW036_RS26250,genome,EW036_RS20935,genome,graph_context,3,EW036_RS26250;COG_V: Defense mechanisms;EW036_RS20930;EW036_RS20935,member_of_cog_category;member_of_cog_category;genomic_proximity,annotation_mediated,bounded_BFS (<= 4 hops),annotation_mediated
B36,blaOXA-1,beta_lactam,EW036_RS26250,genome,EW036_RS21060,genome,graph_context,3,"EW036_RS26250;EW036_RS26255;COG_J: Translation, ribosomal structure and biogenesis;EW036_RS21060",genomic_proximity;member_of_cog_category;member_of_cog_category,annotation_mediated,bounded_BFS (<= 4 hops),annotation_mediated
B36,blaOXA-1,beta_lactam,EW036_RS26250,genome,EW036_RS21205,genome,graph_context,3,"EW036_RS26250;EW036_RS26255;COG_J: Translation, ribosomal structure and biogenesis;EW036_RS21205",genomic_proximity;member_of_cog_category;member_of_cog_category,annotation_mediated,bounded_BFS (<= 4 hops),annotation_mediated
B36,blaOXA-1,beta_lactam,EW036_RS26250,genome,EW036_RS21230,genome,graph_context,3,"EW036_RS26250;EW036_RS26255;COG_J: Translation, ribosomal structure and biogenesis;EW036_RS21230",genomic_proximity;member_of_cog_category;member_of_cog_category,annotation_mediated,bounded_BFS (<= 4 hops),annotation_mediated
B36,blaOXA-1,beta_lactam,EW036_RS26250,genome,EW036_RS21255,genome,graph_context,3,WP_001334766.1;GO:0046677: P:response to antibiotic;WP_000624375.1;EW036_RS21255,member_of_go_term;member_of_go_term;encodes,annotation_mediated,bounded_BFS (<= 4 hops),annotation_mediated
B36,blaOXA-1,beta_lactam,EW036_RS26250,genome,EW036_RS21370,genome,graph_context,3,"EW036_RS26250;EW036_RS26255;COG_J: Translation, ribosomal structure and biogenesis;EW036_RS21370",genomic_proximity;member_of_cog_category;member_of_cog_category,annotation_mediated,bounded_BFS (<= 4 hops),annotation_mediated
B36,blaOXA-1,beta_lactam,EW036_RS26250,genome,EW036_RS21385,genome,graph_context,3,"EW036_RS26250;EW036_RS26255;COG_J: Translation, ribosomal structure and biogenesis;EW036_RS21385",genomic_proximity;member_of_cog_category;member_of_cog_category,annotation_mediated,bounded_BFS (<= 4 hops),annotation_mediated
B36,blaOXA-1,beta_lactam,EW036_RS26250,genome,EW036_RS21500,genome,graph_context,3,"EW036_RS26250;EW036_RS26255;COG_J: Translation, ribosomal structure and biogenesis;EW036_RS21500",genomic_proximity;member_of_cog_category;member_of_cog_category,annotation_mediated,bounded_BFS (<= 4 hops),annotation_mediated
B36,blaOXA-1,beta_lactam,EW036_RS26250,genome,EW036_RS21585,genome,graph_context,3,"EW036_RS26250;EW036_RS26255;COG_J: Translation, ribosomal structure and biogenesis;EW036_RS21585",genomic_proximity;member_of_cog_category;member_of_cog_category,annotation_mediated,bounded_BFS (<= 4 hops),annotation_mediated
B36,blaOXA-1,beta_lactam,EW036_RS26250,genome,EW036_RS21645,genome,graph_context,3,"EW036_RS26250;EW036_RS26255;COG_J: Translation, ribosomal structure and biogenesis;EW036_RS21645",genomic_proximity;member_of_cog_category;member_of_cog_category,annotation_mediated,bounded_BFS (<= 4 hops),annotation_mediated
B36,blaOXA-1,beta_lactam,EW036_RS26250,genome,EW036_RS21665,genome,graph_context,3,"EW036_RS26250;EW036_RS26255;COG_J: Translation, ribosomal structure and biogenesis;EW036_RS21665",genomic_proximity;member_of_cog_category;member_of_cog_category,annotation_mediated,bounded_BFS (<= 4 hops),annotation_mediated
B36,blaOXA-1,beta_lactam,EW036_RS26250,genome,EW036_RS21780,genome,graph_context,3,EW036_RS26250;COG_V: Defense mechanisms;EW036_RS21785;EW036_RS21780,member_of_cog_category;member_of_cog_category;genomic_proximity,annotation_mediated,bounded_BFS (<= 4 hops),annotation_mediated
B36,blaOXA-1,beta_lactam,EW036_RS26250,genome,EW036_RS21790,genome,graph_context,3,EW036_RS26250;COG_V: Defense mechanisms;EW036_RS21795;EW036_RS21790,member_of_cog_category;member_of_cog_category;genomic_proximity,annotation_mediated,bounded_BFS (<= 4 hops),annotation_mediated
B36,blaOXA-1,beta_lactam,EW036_RS26250,genome,EW036_RS21800,genome,graph_context,3,EW036_RS26250;COG_V: Defense mechanisms;EW036_RS21795;EW036_RS21800,member_of_cog_category;member_of_cog_category;genomic_proximity,annotation_mediated,bounded_BFS (<= 4 hops),annotation_mediated
B36,blaOXA-1,beta_lactam,EW036_RS26250,genome,EW036_RS22135,genome,graph_context,3,EW036_RS26250;COG_V: Defense mechanisms;EW036_RS22130;EW036_RS22135,member_of_cog_category;member_of_cog_category;genomic_proximity,annotation_mediated,bounded_BFS (<= 4 hops),annotation_mediated
B36,blaOXA-1,beta_lactam,EW036_RS26250,genome,EW036_RS22595,genome,graph_context,3,"EW036_RS26250;EW036_RS26255;COG_J: Translation, ribosomal structure and biogenesis;EW036_RS22595",genomic_proximity;member_of_cog_category;member_of_cog_category,annotation_mediated,bounded_BFS (<= 4 hops),annotation_mediated
B36,blaOXA-1,beta_lactam,EW036_RS26250,genome,EW036_RS22660,genome,graph_context,3,"EW036_RS26250;EW036_RS26255;COG_J: Translation, ribosomal structure and biogenesis;EW036_RS22660",genomic_proximity;member_of_cog_category;member_of_cog_category,annotation_mediated,bounded_BFS (<= 4 hops),annotation_mediated
B36,blaOXA-1,beta_lactam,EW036_RS26250,genome,EW036_RS22830,genome,graph_context,3,WP_001334766.1;GO:0042597: C:periplasmic space;WP_000211225.1;EW036_RS22830,member_of_go_term;member_of_go_term;encodes,annotation_mediated,bounded_BFS (<= 4 hops),annotation_mediated
B36,blaOXA-1,beta_lactam,EW036_RS26250,genome,EW036_RS22900,genome,graph_context,3,"EW036_RS26250;EW036_RS26255;COG_J: Translation, ribosomal structure and biogenesis;EW036_RS22900",genomic_proximity;member_of_cog_category;member_of_cog_category,annotation_mediated,bounded_BFS (<= 4 hops),annotation_mediated
B36,blaOXA-1,beta_lactam,EW036_RS26250,genome,EW036_RS22905,genome,graph_context,3,"EW036_RS26250;EW036_RS26255;COG_J: Translation, ribosomal structure and biogenesis;EW036_RS22905",genomic_proximity;member_of_cog_category;member_of_cog_category,annotation_mediated,bounded_BFS (<= 4 hops),annotation_mediated
B36,blaOXA-1,beta_lactam,EW036_RS26250,genome,EW036_RS22915,genome,graph_context,3,"EW036_RS26250;EW036_RS26255;COG_J: Translation, ribosomal structure and biogenesis;EW036_RS22915",genomic_proximity;member_of_cog_category;member_of_cog_category,annotation_mediated,bounded_BFS (<= 4 hops),annotation_mediated
B36,blaOXA-1,beta_lactam,EW036_RS26250,genome,EW036_RS23015,genome,graph_context,3,"EW036_RS26250;EW036_RS26255;COG_J: Translation, ribosomal structure and biogenesis;EW036_RS23015",genomic_proximity;member_of_cog_category;member_of_cog_category,annotation_mediated,bounded_BFS (<= 4 hops),annotation_mediated
B36,blaOXA-1,beta_lactam,EW036_RS26250,genome,EW036_RS23020,genome,graph_context,3,"EW036_RS26250;EW036_RS26255;COG_J: Translation, ribosomal structure and biogenesis;EW036_RS23020",genomic_proximity;member_of_cog_category;member_of_cog_category,annotation_mediated,bounded_BFS (<= 4 hops),annotation_mediated
B36,blaOXA-1,beta_lactam,EW036_RS26250,genome,EW036_RS23050,genome,graph_context,3,"EW036_RS26250;EW036_RS26255;COG_J: Translation, ribosomal structure and biogenesis;EW036_RS23050",genomic_proximity;member_of_cog_category;member_of_cog_category,annotation_mediated,bounded_BFS (<= 4 hops),annotation_mediated
B36,blaOXA-1,beta_lactam,EW036_RS26250,genome,EW036_RS23055,genome,graph_context,3,"EW036_RS26250;EW036_RS26255;COG_J: Translation, ribosomal structure and biogenesis;EW036_RS23055",genomic_proximity;member_of_cog_category;member_of_cog_category,annotation_mediated,bounded_BFS (<= 4 hops),annotation_mediated
B36,blaOXA-1,beta_lactam,EW036_RS26250,genome,EW036_RS23060,genome,graph_context,3,"EW036_RS26250;EW036_RS26255;COG_J: Translation, ribosomal structure and biogenesis;EW036_RS23060",genomic_proximity;member_of_cog_category;member_of_cog_category,annotation_mediated,bounded_BFS (<= 4 hops),annotation_mediated
B36,blaOXA-1,beta_lactam,EW036_RS26250,genome,EW036_RS23115,genome,graph_context,3,"EW036_RS26250;EW036_RS26255;COG_J: Translation, ribosomal structure and biogenesis;EW036_RS23115",genomic_proximity;member_of_cog_category;member_of_cog_category,annotation_mediated,bounded_BFS (<= 4 hops),annotation_mediated
B36,blaOXA-1,beta_lactam,EW036_RS26250,genome,EW036_RS23140,genome,graph_context,3,"EW036_RS26250;EW036_RS26255;COG_J: Translation, ribosomal structure and biogenesis;EW036_RS23140",genomic_proximity;member_of_cog_category;member_of_cog_category,annotation_mediated,bounded_BFS (<= 4 hops),annotation_mediated
B36,blaOXA-1,beta_lactam,EW036_RS26250,genome,EW036_RS23160,genome,graph_context,3,EW036_RS26250;map01501;EW036_RS23165;EW036_RS23160,in_pathway;in_pathway;genomic_proximity,annotation_mediated,bounded_BFS (<= 4 hops),annotation_mediated
B36,blaOXA-1,beta_lactam,EW036_RS26250,genome,EW036_RS23170,genome,graph_context,3,EW036_RS26250;map01501;EW036_RS23165;EW036_RS23170,in_pathway;in_pathway;genomic_proximity,annotation_mediated,bounded_BFS (<= 4 hops),annotation_mediated
B36,blaOXA-1,beta_lactam,EW036_RS26250,genome,EW036_RS23190,genome,graph_context,3,"EW036_RS26250;EW036_RS26255;COG_J: Translation, ribosomal structure and biogenesis;EW036_RS23190",genomic_proximity;member_of_cog_category;member_of_cog_category,annotation_mediated,bounded_BFS (<= 4 hops),annotation_mediated
B36,blaOXA-1,beta_lactam,EW036_RS26250,genome,EW036_RS23285,genome,graph_context,3,"EW036_RS26250;EW036_RS26255;COG_J: Translation, ribosomal structure and biogenesis;EW036_RS23285",genomic_proximity;member_of_cog_category;member_of_cog_category,annotation_mediated,bounded_BFS (<= 4 hops),annotation_mediated
B36,blaOXA-1,beta_lactam,EW036_RS26250,genome,EW036_RS23645,genome,graph_context,3,WP_001334766.1;GO:0042597: C:periplasmic space;WP_001296647.1;EW036_RS23645,member_of_go_term;member_of_go_term;encodes,annotation_mediated,bounded_BFS (<= 4 hops),annotation_mediated
B36,blaOXA-1,beta_lactam,EW036_RS26250,genome,EW036_RS23850,genome,graph_context,3,"EW036_RS26250;EW036_RS26255;COG_J: Translation, ribosomal structure and biogenesis;EW036_RS23850",genomic_proximity;member_of_cog_category;member_of_cog_category,annotation_mediated,bounded_BFS (<= 4 hops),annotation_mediated
B36,blaOXA-1,beta_lactam,EW036_RS26250,genome,EW036_RS23975,genome,graph_context,3,"EW036_RS26250;EW036_RS26255;COG_J: Translation, ribosomal structure and biogenesis;EW036_RS23975",genomic_proximity;member_of_cog_category;member_of_cog_category,annotation_mediated,bounded_BFS (<= 4 hops),annotation_mediated
B36,blaOXA-1,beta_lactam,EW036_RS26250,genome,EW036_RS24190,genome,graph_context,3,WP_001334766.1;GO:0046677: P:response to antibiotic;WP_000263098.1;EW036_RS24190,member_of_go_term;member_of_go_term;encodes,annotation_mediated,bounded_BFS (<= 4 hops),annotation_mediated
B36,blaOXA-1,beta_lactam,EW036_RS26250,genome,EW036_RS24195,genome,graph_context,3,"EW036_RS26250;EW036_RS26255;COG_J: Translation, ribosomal structure and biogenesis;EW036_RS24195",genomic_proximity;member_of_cog_category;member_of_cog_category,annotation_mediated,bounded_BFS (<= 4 hops),annotation_mediated
B36,blaOXA-1,beta_lactam,EW036_RS26250,genome,EW036_RS24200,genome,graph_context,3,"EW036_RS26250;EW036_RS26255;COG_J: Translation, ribosomal structure and biogenesis;EW036_RS24200",genomic_proximity;member_of_cog_category;member_of_cog_category,annotation_mediated,bounded_BFS (<= 4 hops),annotation_mediated
B36,blaOXA-1,beta_lactam,EW036_RS26250,genome,EW036_RS24205,genome,graph_context,3,"EW036_RS26250;EW036_RS26255;COG_J: Translation, ribosomal structure and biogenesis;EW036_RS24205",genomic_proximity;member_of_cog_category;member_of_cog_category,annotation_mediated,bounded_BFS (<= 4 hops),annotation_mediated
B36,blaOXA-1,beta_lactam,EW036_RS26250,genome,EW036_RS24210,genome,graph_context,3,"EW036_RS26250;EW036_RS26255;COG_J: Translation, ribosomal structure and biogenesis;EW036_RS24210",genomic_proximity;member_of_cog_category;member_of_cog_category,annotation_mediated,bounded_BFS (<= 4 hops),annotation_mediated
B36,blaOXA-1,beta_lactam,EW036_RS26250,genome,EW036_RS24225,genome,graph_context,3,"EW036_RS26250;EW036_RS26255;COG_J: Translation, ribosomal structure and biogenesis;EW036_RS24225",genomic_proximity;member_of_cog_category;member_of_cog_category,annotation_mediated,bounded_BFS (<= 4 hops),annotation_mediated
B36,blaOXA-1,beta_lactam,EW036_RS26250,genome,EW036_RS24300,genome,graph_context,3,"EW036_RS26250;EW036_RS26255;COG_J: Translation, ribosomal structure and biogenesis;EW036_RS24300",genomic_proximity;member_of_cog_category;member_of_cog_category,annotation_mediated,bounded_BFS (<= 4 hops),annotation_mediated
B36,blaOXA-1,beta_lactam,EW036_RS26250,genome,EW036_RS24460,genome,graph_context,3,"EW036_RS26250;EW036_RS26255;COG_J: Translation, ribosomal structure and biogenesis;EW036_RS24460",genomic_proximity;member_of_cog_category;member_of_cog_category,annotation_mediated,bounded_BFS (<= 4 hops),annotation_mediated
B36,blaOXA-1,beta_lactam,EW036_RS26250,genome,EW036_RS24645,genome,graph_context,3,"EW036_RS26250;EW036_RS26255;COG_J: Translation, ribosomal structure and biogenesis;EW036_RS24645",genomic_proximity;member_of_cog_category;member_of_cog_category,annotation_mediated,bounded_BFS (<= 4 hops),annotation_mediated
B36,blaOXA-1,beta_lactam,EW036_RS26250,genome,EW036_RS24730,genome,graph_context,3,"EW036_RS26250;EW036_RS26255;COG_J: Translation, ribosomal structure and biogenesis;EW036_RS24730",genomic_proximity;member_of_cog_category;member_of_cog_category,annotation_mediated,bounded_BFS (<= 4 hops),annotation_mediated
B36,blaOXA-1,beta_lactam,EW036_RS26250,genome,EW036_RS25340,genome,graph_context,3,"EW036_RS26250;EW036_RS26255;COG_J: Translation, ribosomal structure and biogenesis;EW036_RS25340",genomic_proximity;member_of_cog_category;member_of_cog_category,annotation_mediated,bounded_BFS (<= 4 hops),annotation_mediated
B36,blaOXA-1,beta_lactam,EW036_RS26250,genome,EW036_RS25470,genome,graph_context,3,WP_001334766.1;GO:0042597: C:periplasmic space;WP_001056273.1;EW036_RS25470,member_of_go_term;member_of_go_term;encodes,annotation_mediated,bounded_BFS (<= 4 hops),annotation_mediated
B36,blaOXA-1,beta_lactam,EW036_RS26250,genome,EW036_RS25525,genome,graph_context,3,"EW036_RS26250;EW036_RS26255;COG_J: Translation, ribosomal structure and biogenesis;EW036_RS25525",genomic_proximity;member_of_cog_category;member_of_cog_category,annotation_mediated,bounded_BFS (<= 4 hops),annotation_mediated
B36,blaOXA-1,beta_lactam,EW036_RS26250,genome,EW036_RS25700,genome,graph_context,3,"EW036_RS26250;EW036_RS26255;COG_J: Translation, ribosomal structure and biogenesis;EW036_RS25700",genomic_proximity;member_of_cog_category;member_of_cog_category,annotation_mediated,bounded_BFS (<= 4 hops),annotation_mediated
B36,blaOXA-1,beta_lactam,EW036_RS26250,genome,EW036_RS25715,genome,graph_context,3,"EW036_RS26250;EW036_RS26255;COG_J: Translation, ribosomal structure and biogenesis;EW036_RS25715",genomic_proximity;member_of_cog_category;member_of_cog_category,annotation_mediated,bounded_BFS (<= 4 hops),annotation_mediated
B36,blaOXA-1,beta_lactam,EW036_RS26250,genome,EW036_RS25720,genome,graph_context,3,"EW036_RS26250;EW036_RS26255;COG_J: Translation, ribosomal structure and biogenesis;EW036_RS25720",genomic_proximity;member_of_cog_category;member_of_cog_category,annotation_mediated,bounded_BFS (<= 4 hops),annotation_mediated
B36,blaOXA-1,beta_lactam,EW036_RS26250,genome,EW036_RS26095,genome,graph_context,3,WP_001334766.1;GO:0046677: P:response to antibiotic;WP_000804064.1;EW036_RS26095,member_of_go_term;member_of_go_term;encodes,annotation_mediated,bounded_BFS (<= 4 hops),annotation_mediated
B36,aac(6')-Ib-cr5,fluoroquinolone,EW036_RS26255,genome,EW036_RS26255_RNA,transcriptome,rna_quantified,0,,,directly_observed,aligned_multiomics.csv (RNA_RPMI/RNA_Sera),observed
B36,aac(6')-Ib-cr5,fluoroquinolone,EW036_RS26255,genome,WP_063840321.1,proteome,protein_quantified,0,,,directly_observed,aligned_multiomics.csv (Protein_RPMI/Protein_Sera),observed
B36,aac(6')-Ib-cr5,fluoroquinolone,EW036_RS26255,genome,EW036_RS26250,genome,genomic_proximity,1,EW036_RS26255;EW036_RS26250,genomic_proximity,graph_derived,edges_gene_genomic_proximity_gene.csv,graph_derived
B36,aac(6')-Ib-cr5,fluoroquinolone,EW036_RS26255,genome,EW036_RS26260,genome,genomic_proximity,1,EW036_RS26255;EW036_RS26260,genomic_proximity,graph_derived,edges_gene_genomic_proximity_gene.csv,graph_derived
B36,aac(6')-Ib-cr5,fluoroquinolone,WP_063840321.1,hypergraph,Triple_EW036_RS26255,hypergraph,hyperedge_membership,1,WP_063840321.1;Triple_EW036_RS26255,member_of:multi_omics_triple,graph_derived,hyperedges.csv,graph_derived
B36,aac(6')-Ib-cr5,fluoroquinolone,WP_063840321.1,hypergraph,"COG_J: Translation, ribosomal structure and biogenesis",hypergraph,hyperedge_membership,1,"WP_063840321.1;COG_J: Translation, ribosomal structure and biogenesis",member_of:cog_category,graph_derived,hyperedges.csv,graph_derived
B36,aac(6')-Ib-cr5,fluoroquinolone,WP_063840321.1,hypergraph,fluoroquinolone_resistance,hypergraph,hyperedge_membership,1,WP_063840321.1;fluoroquinolone_resistance,member_of:amr_mechanism,graph_derived,hyperedges.csv,graph_derived
B36,aac(6')-Ib-cr5,fluoroquinolone,WP_063840321.1,hypergraph,GO:0046677: P:response to antibiotic,hypergraph,hyperedge_membership,1,WP_063840321.1;GO:0046677: P:response to antibiotic,member_of:go_term,graph_derived,hyperedges.csv,graph_derived
B36,aac(6')-Ib-cr5,fluoroquinolone,WP_063840321.1,hypergraph,GO:0047663: GO:0047663,hypergraph,hyperedge_membership,1,WP_063840321.1;GO:0047663: GO:0047663,member_of:go_term,graph_derived,hyperedges.csv,graph_derived
B36,aac(6')-Ib-cr5,fluoroquinolone,EW036_RS26255,genome,J,cog,cog_category,1,EW036_RS26255;J,cog_category,annotation_mediated,edges_gene_cog_category_annotation.csv (eggNOG/COG),annotation_mediated
B36,aac(6')-Ib-cr5,fluoroquinolone,WP_063840321.1,proteome,GO:0046677,go,go_annotation,1,WP_063840321.1;GO:0046677,annotated_by,annotation_mediated,edges_protein_annotated_by_annotation.csv (GO),annotation_mediated
B36,aac(6')-Ib-cr5,fluoroquinolone,WP_063840321.1,proteome,GO:0047663,go,go_annotation,1,WP_063840321.1;GO:0047663,annotated_by,annotation_mediated,edges_protein_annotated_by_annotation.csv (GO),annotation_mediated
B36,aac(6')-Ib-cr5,fluoroquinolone,WP_063840321.1,proteome,GO:0046677,go,go_annotation,1,WP_063840321.1;GO:0046677,annotated_by,annotation_mediated,amr_uniprot_recovery.csv (per-ID UniProt lookup; bypasses upstream batch-search truncation),annotation_mediated
B36,aac(6')-Ib-cr5,fluoroquinolone,WP_063840321.1,proteome,GO:0047663,go,go_annotation,1,WP_063840321.1;GO:0047663,annotated_by,annotation_mediated,amr_uniprot_recovery.csv (per-ID UniProt lookup; bypasses upstream batch-search truncation),annotation_mediated
B36,aac(6')-Ib-cr5,fluoroquinolone,EW036_RS26255,genome,fluoroquinolone,ppi_amr,amr_mechanism,1,EW036_RS26255;fluoroquinolone,associated_with,annotation_mediated,amr_manifest / edges_gene_associated_with_annotation.csv,annotation_mediated
B36,aac(6')-Ib-cr5,fluoroquinolone,EW036_RS26255,genome,EW036_RS00695,genome,graph_context,2,"EW036_RS26255;COG_J: Translation, ribosomal structure and biogenesis;EW036_RS00695",member_of_cog_category;member_of_cog_category,annotation_mediated,bounded_BFS (<= 4 hops),annotation_mediated
B36,aac(6')-Ib-cr5,fluoroquinolone,EW036_RS26255,genome,EW036_RS00730,genome,graph_context,2,"EW036_RS26255;COG_J: Translation, ribosomal structure and biogenesis;EW036_RS00730",member_of_cog_category;member_of_cog_category,annotation_mediated,bounded_BFS (<= 4 hops),annotation_mediated
B36,aac(6')-Ib-cr5,fluoroquinolone,EW036_RS26255,genome,EW036_RS00760,genome,graph_context,2,"EW036_RS26255;COG_J: Translation, ribosomal structure and biogenesis;EW036_RS00760",member_of_cog_category;member_of_cog_category,annotation_mediated,bounded_BFS (<= 4 hops),annotation_mediated
B36,aac(6')-Ib-cr5,fluoroquinolone,EW036_RS26255,genome,EW036_RS00765,genome,graph_context,2,"EW036_RS26255;COG_J: Translation, ribosomal structure and biogenesis;EW036_RS00765",member_of_cog_category;member_of_cog_category,annotation_mediated,bounded_BFS (<= 4 hops),annotation_mediated
B36,aac(6')-Ib-cr5,fluoroquinolone,EW036_RS26255,genome,EW036_RS00910,genome,graph_context,2,"EW036_RS26255;COG_J: Translation, ribosomal structure and biogenesis;EW036_RS00910",member_of_cog_category;member_of_cog_category,annotation_mediated,bounded_BFS (<= 4 hops),annotation_mediated
B36,aac(6')-Ib-cr5,fluoroquinolone,EW036_RS26255,genome,EW036_RS00980,genome,graph_context,2,"EW036_RS26255;COG_J: Translation, ribosomal structure and biogenesis;EW036_RS00980",member_of_cog_category;member_of_cog_category,annotation_mediated,bounded_BFS (<= 4 hops),annotation_mediated
B36,aac(6')-Ib-cr5,fluoroquinolone,EW036_RS26255,genome,EW036_RS00985,genome,graph_context,2,"EW036_RS26255;COG_J: Translation, ribosomal structure and biogenesis;EW036_RS00985",member_of_cog_category;member_of_cog_category,annotation_mediated,bounded_BFS (<= 4 hops),annotation_mediated
B36,aac(6')-Ib-cr5,fluoroquinolone,EW036_RS26255,genome,EW036_RS01145,genome,graph_context,2,"EW036_RS26255;COG_J: Translation, ribosomal structure and biogenesis;EW036_RS01145",member_of_cog_category;member_of_cog_category,annotation_mediated,bounded_BFS (<= 4 hops),annotation_mediated
B36,aac(6')-Ib-cr5,fluoroquinolone,EW036_RS26255,genome,EW036_RS01150,genome,graph_context,2,"EW036_RS26255;COG_J: Translation, ribosomal structure and biogenesis;EW036_RS01150",member_of_cog_category;member_of_cog_category,annotation_mediated,bounded_BFS (<= 4 hops),annotation_mediated
B36,aac(6')-Ib-cr5,fluoroquinolone,EW036_RS26255,genome,EW036_RS01515,genome,graph_context,2,"EW036_RS26255;COG_J: Translation, ribosomal structure and biogenesis;EW036_RS01515",member_of_cog_category;member_of_cog_category,annotation_mediated,bounded_BFS (<= 4 hops),annotation_mediated
B36,aac(6')-Ib-cr5,fluoroquinolone,EW036_RS26255,genome,EW036_RS01675,genome,graph_context,2,"EW036_RS26255;COG_J: Translation, ribosomal structure and biogenesis;EW036_RS01675",member_of_cog_category;member_of_cog_category,annotation_mediated,bounded_BFS (<= 4 hops),annotation_mediated
B36,aac(6')-Ib-cr5,fluoroquinolone,EW036_RS26255,genome,EW036_RS01700,genome,graph_context,2,"EW036_RS26255;COG_J: Translation, ribosomal structure and biogenesis;EW036_RS01700",member_of_cog_category;member_of_cog_category,annotation_mediated,bounded_BFS (<= 4 hops),annotation_mediated
B36,aac(6')-Ib-cr5,fluoroquinolone,EW036_RS26255,genome,EW036_RS02105,genome,graph_context,2,"EW036_RS26255;COG_J: Translation, ribosomal structure and biogenesis;EW036_RS02105",member_of_cog_category;member_of_cog_category,annotation_mediated,bounded_BFS (<= 4 hops),annotation_mediated
B36,aac(6')-Ib-cr5,fluoroquinolone,EW036_RS26255,genome,EW036_RS02290,genome,graph_context,2,"EW036_RS26255;COG_J: Translation, ribosomal structure and biogenesis;EW036_RS02290",member_of_cog_category;member_of_cog_category,annotation_mediated,bounded_BFS (<= 4 hops),annotation_mediated
B36,aac(6')-Ib-cr5,fluoroquinolone,EW036_RS26255,genome,EW036_RS02295,genome,graph_context,2,"EW036_RS26255;COG_J: Translation, ribosomal structure and biogenesis;EW036_RS02295",member_of_cog_category;member_of_cog_category,annotation_mediated,bounded_BFS (<= 4 hops),annotation_mediated
B36,aac(6')-Ib-cr5,fluoroquinolone,EW036_RS26255,genome,EW036_RS02300,genome,graph_context,2,"EW036_RS26255;COG_J: Translation, ribosomal structure and biogenesis;EW036_RS02300",member_of_cog_category;member_of_cog_category,annotation_mediated,bounded_BFS (<= 4 hops),annotation_mediated
B36,aac(6')-Ib-cr5,fluoroquinolone,EW036_RS26255,genome,EW036_RS02305,genome,graph_context,2,"EW036_RS26255;COG_J: Translation, ribosomal structure and biogenesis;EW036_RS02305",member_of_cog_category;member_of_cog_category,annotation_mediated,bounded_BFS (<= 4 hops),annotation_mediated
B36,aac(6')-Ib-cr5,fluoroquinolone,EW036_RS26255,genome,EW036_RS02400,genome,graph_context,2,"EW036_RS26255;COG_J: Translation, ribosomal structure and biogenesis;EW036_RS02400",member_of_cog_category;member_of_cog_category,annotation_mediated,bounded_BFS (<= 4 hops),annotation_mediated
B36,aac(6')-Ib-cr5,fluoroquinolone,EW036_RS26255,genome,EW036_RS02405,genome,graph_context,2,"EW036_RS26255;COG_J: Translation, ribosomal structure and biogenesis;EW036_RS02405",member_of_cog_category;member_of_cog_category,annotation_mediated,bounded_BFS (<= 4 hops),annotation_mediated
B36,aac(6')-Ib-cr5,fluoroquinolone,EW036_RS26255,genome,EW036_RS02410,genome,graph_context,2,"EW036_RS26255;COG_J: Translation, ribosomal structure and biogenesis;EW036_RS02410",member_of_cog_category;member_of_cog_category,annotation_mediated,bounded_BFS (<= 4 hops),annotation_mediated
B36,aac(6')-Ib-cr5,fluoroquinolone,EW036_RS26255,genome,EW036_RS02415,genome,graph_context,2,"EW036_RS26255;COG_J: Translation, ribosomal structure and biogenesis;EW036_RS02415",member_of_cog_category;member_of_cog_category,annotation_mediated,bounded_BFS (<= 4 hops),annotation_mediated
B36,aac(6')-Ib-cr5,fluoroquinolone,EW036_RS26255,genome,EW036_RS02420,genome,graph_context,2,"EW036_RS26255;COG_J: Translation, ribosomal structure and biogenesis;EW036_RS02420",member_of_cog_category;member_of_cog_category,annotation_mediated,bounded_BFS (<= 4 hops),annotation_mediated
B36,aac(6')-Ib-cr5,fluoroquinolone,EW036_RS26255,genome,EW036_RS02425,genome,graph_context,2,"EW036_RS26255;COG_J: Translation, ribosomal structure and biogenesis;EW036_RS02425",member_of_cog_category;member_of_cog_category,annotation_mediated,bounded_BFS (<= 4 hops),annotation_mediated
B36,aac(6')-Ib-cr5,fluoroquinolone,EW036_RS26255,genome,EW036_RS02430,genome,graph_context,2,"EW036_RS26255;COG_J: Translation, ribosomal structure and biogenesis;EW036_RS02430",member_of_cog_category;member_of_cog_category,annotation_mediated,bounded_BFS (<= 4 hops),annotation_mediated
B36,aac(6')-Ib-cr5,fluoroquinolone,EW036_RS26255,genome,EW036_RS02435,genome,graph_context,2,"EW036_RS26255;COG_J: Translation, ribosomal structure and biogenesis;EW036_RS02435",member_of_cog_category;member_of_cog_category,annotation_mediated,bounded_BFS (<= 4 hops),annotation_mediated
B36,aac(6')-Ib-cr5,fluoroquinolone,EW036_RS26255,genome,EW036_RS02440,genome,graph_context,2,"EW036_RS26255;COG_J: Translation, ribosomal structure and biogenesis;EW036_RS02440",member_of_cog_category;member_of_cog_category,annotation_mediated,bounded_BFS (<= 4 hops),annotation_mediated
B36,aac(6')-Ib-cr5,fluoroquinolone,EW036_RS26255,genome,EW036_RS02445,genome,graph_context,2,"EW036_RS26255;COG_J: Translation, ribosomal structure and biogenesis;EW036_RS02445",member_of_cog_category;member_of_cog_category,annotation_mediated,bounded_BFS (<= 4 hops),annotation_mediated
B36,aac(6')-Ib-cr5,fluoroquinolone,EW036_RS26255,genome,EW036_RS02450,genome,graph_context,2,"EW036_RS26255;COG_J: Translation, ribosomal structure and biogenesis;EW036_RS02450",member_of_cog_category;member_of_cog_category,annotation_mediated,bounded_BFS (<= 4 hops),annotation_mediated
B36,aac(6')-Ib-cr5,fluoroquinolone,EW036_RS26255,genome,EW036_RS02455,genome,graph_context,2,"EW036_RS26255;COG_J: Translation, ribosomal structure and biogenesis;EW036_RS02455",member_of_cog_category;member_of_cog_category,annotation_mediated,bounded_BFS (<= 4 hops),annotation_mediated
B36,aac(6')-Ib-cr5,fluoroquinolone,EW036_RS26255,genome,EW036_RS02460,genome,graph_context,2,"EW036_RS26255;COG_J: Translation, ribosomal structure and biogenesis;EW036_RS02460",member_of_cog_category;member_of_cog_category,annotation_mediated,bounded_BFS (<= 4 hops),annotation_mediated
B36,aac(6')-Ib-cr5,fluoroquinolone,EW036_RS26255,genome,EW036_RS02465,genome,graph_context,2,"EW036_RS26255;COG_J: Translation, ribosomal structure and biogenesis;EW036_RS02465",member_of_cog_category;member_of_cog_category,annotation_mediated,bounded_BFS (<= 4 hops),annotation_mediated
B36,aac(6')-Ib-cr5,fluoroquinolone,EW036_RS26255,genome,EW036_RS02470,genome,graph_context,2,"EW036_RS26255;COG_J: Translation, ribosomal structure and biogenesis;EW036_RS02470",member_of_cog_category;member_of_cog_category,annotation_mediated,bounded_BFS (<= 4 hops),annotation_mediated
B36,aac(6')-Ib-cr5,fluoroquinolone,EW036_RS26255,genome,EW036_RS02475,genome,graph_context,2,"EW036_RS26255;COG_J: Translation, ribosomal structure and biogenesis;EW036_RS02475",member_of_cog_category;member_of_cog_category,annotation_mediated,bounded_BFS (<= 4 hops),annotation_mediated
B36,aac(6')-Ib-cr5,fluoroquinolone,EW036_RS26255,genome,EW036_RS02480,genome,graph_context,2,"EW036_RS26255;COG_J: Translation, ribosomal structure and biogenesis;EW036_RS02480",member_of_cog_category;member_of_cog_category,annotation_mediated,bounded_BFS (<= 4 hops),annotation_mediated
B36,aac(6')-Ib-cr5,fluoroquinolone,EW036_RS26255,genome,EW036_RS02485,genome,graph_context,2,"EW036_RS26255;COG_J: Translation, ribosomal structure and biogenesis;EW036_RS02485",member_of_cog_category;member_of_cog_category,annotation_mediated,bounded_BFS (<= 4 hops),annotation_mediated
B36,aac(6')-Ib-cr5,fluoroquinolone,EW036_RS26255,genome,EW036_RS02490,genome,graph_context,2,"EW036_RS26255;COG_J: Translation, ribosomal structure and biogenesis;EW036_RS02490",member_of_cog_category;member_of_cog_category,annotation_mediated,bounded_BFS (<= 4 hops),annotation_mediated
B36,aac(6')-Ib-cr5,fluoroquinolone,EW036_RS26255,genome,EW036_RS02495,genome,graph_context,2,"EW036_RS26255;COG_J: Translation, ribosomal structure and biogenesis;EW036_RS02495",member_of_cog_category;member_of_cog_category,annotation_mediated,bounded_BFS (<= 4 hops),annotation_mediated
B36,aac(6')-Ib-cr5,fluoroquinolone,EW036_RS26255,genome,EW036_RS02500,genome,graph_context,2,"EW036_RS26255;COG_J: Translation, ribosomal structure and biogenesis;EW036_RS02500",member_of_cog_category;member_of_cog_category,annotation_mediated,bounded_BFS (<= 4 hops),annotation_mediated
B36,aac(6')-Ib-cr5,fluoroquinolone,EW036_RS26255,genome,EW036_RS02510,genome,graph_context,2,"EW036_RS26255;COG_J: Translation, ribosomal structure and biogenesis;EW036_RS02510",member_of_cog_category;member_of_cog_category,annotation_mediated,bounded_BFS (<= 4 hops),annotation_mediated
B36,aac(6')-Ib-cr5,fluoroquinolone,EW036_RS26255,genome,EW036_RS02515,genome,graph_context,2,"EW036_RS26255;COG_J: Translation, ribosomal structure and biogenesis;EW036_RS02515",member_of_cog_category;member_of_cog_category,annotation_mediated,bounded_BFS (<= 4 hops),annotation_mediated
B36,aac(6')-Ib-cr5,fluoroquinolone,EW036_RS26255,genome,EW036_RS02520,genome,graph_context,2,"EW036_RS26255;COG_J: Translation, ribosomal structure and biogenesis;EW036_RS02520",member_of_cog_category;member_of_cog_category,annotation_mediated,bounded_BFS (<= 4 hops),annotation_mediated
B36,aac(6')-Ib-cr5,fluoroquinolone,EW036_RS26255,genome,EW036_RS02525,genome,graph_context,2,"EW036_RS26255;COG_J: Translation, ribosomal structure and biogenesis;EW036_RS02525",member_of_cog_category;member_of_cog_category,annotation_mediated,bounded_BFS (<= 4 hops),annotation_mediated
B36,aac(6')-Ib-cr5,fluoroquinolone,EW036_RS26255,genome,EW036_RS02535,genome,graph_context,2,"EW036_RS26255;COG_J: Translation, ribosomal structure and biogenesis;EW036_RS02535",member_of_cog_category;member_of_cog_category,annotation_mediated,bounded_BFS (<= 4 hops),annotation_mediated
B36,aac(6')-Ib-cr5,fluoroquinolone,EW036_RS26255,genome,EW036_RS02565,genome,graph_context,2,"EW036_RS26255;COG_J: Translation, ribosomal structure and biogenesis;EW036_RS02565",member_of_cog_category;member_of_cog_category,annotation_mediated,bounded_BFS (<= 4 hops),annotation_mediated
B36,aac(6')-Ib-cr5,fluoroquinolone,EW036_RS26255,genome,EW036_RS02570,genome,graph_context,2,"EW036_RS26255;COG_J: Translation, ribosomal structure and biogenesis;EW036_RS02570",member_of_cog_category;member_of_cog_category,annotation_mediated,bounded_BFS (<= 4 hops),annotation_mediated
B36,aac(6')-Ib-cr5,fluoroquinolone,EW036_RS26255,genome,EW036_RS02575,genome,graph_context,2,"EW036_RS26255;COG_J: Translation, ribosomal structure and biogenesis;EW036_RS02575",member_of_cog_category;member_of_cog_category,annotation_mediated,bounded_BFS (<= 4 hops),annotation_mediated
B36,aac(6')-Ib-cr5,fluoroquinolone,EW036_RS26255,genome,EW036_RS02595,genome,graph_context,2,"EW036_RS26255;COG_J: Translation, ribosomal structure and biogenesis;EW036_RS02595",member_of_cog_category;member_of_cog_category,annotation_mediated,bounded_BFS (<= 4 hops),annotation_mediated
B36,aac(6')-Ib-cr5,fluoroquinolone,EW036_RS26255,genome,EW036_RS02705,genome,graph_context,2,"EW036_RS26255;COG_J: Translation, ribosomal structure and biogenesis;EW036_RS02705",member_of_cog_category;member_of_cog_category,annotation_mediated,bounded_BFS (<= 4 hops),annotation_mediated
B36,aac(6')-Ib-cr5,fluoroquinolone,EW036_RS26255,genome,EW036_RS02710,genome,graph_context,2,"EW036_RS26255;COG_J: Translation, ribosomal structure and biogenesis;EW036_RS02710",member_of_cog_category;member_of_cog_category,annotation_mediated,bounded_BFS (<= 4 hops),annotation_mediated
B36,aac(6')-Ib-cr5,fluoroquinolone,EW036_RS26255,genome,EW036_RS02810,genome,graph_context,2,"EW036_RS26255;COG_J: Translation, ribosomal structure and biogenesis;EW036_RS02810",member_of_cog_category;member_of_cog_category,annotation_mediated,bounded_BFS (<= 4 hops),annotation_mediated
B36,aac(6')-Ib-cr5,fluoroquinolone,EW036_RS26255,genome,EW036_RS02885,genome,graph_context,2,"EW036_RS26255;COG_J: Translation, ribosomal structure and biogenesis;EW036_RS02885",member_of_cog_category;member_of_cog_category,annotation_mediated,bounded_BFS (<= 4 hops),annotation_mediated
B36,aac(6')-Ib-cr5,fluoroquinolone,EW036_RS26255,genome,EW036_RS02890,genome,graph_context,2,"EW036_RS26255;COG_J: Translation, ribosomal structure and biogenesis;EW036_RS02890",member_of_cog_category;member_of_cog_category,annotation_mediated,bounded_BFS (<= 4 hops),annotation_mediated
B36,aac(6')-Ib-cr5,fluoroquinolone,EW036_RS26255,genome,EW036_RS02985,genome,graph_context,2,"EW036_RS26255;COG_J: Translation, ribosomal structure and biogenesis;EW036_RS02985",member_of_cog_category;member_of_cog_category,annotation_mediated,bounded_BFS (<= 4 hops),annotation_mediated
B36,aac(6')-Ib-cr5,fluoroquinolone,EW036_RS26255,genome,EW036_RS03070,genome,graph_context,2,"EW036_RS26255;COG_J: Translation, ribosomal structure and biogenesis;EW036_RS03070",member_of_cog_category;member_of_cog_category,annotation_mediated,bounded_BFS (<= 4 hops),annotation_mediated
B36,aac(6')-Ib-cr5,fluoroquinolone,EW036_RS26255,genome,EW036_RS03075,genome,graph_context,2,"EW036_RS26255;COG_J: Translation, ribosomal structure and biogenesis;EW036_RS03075",member_of_cog_category;member_of_cog_category,annotation_mediated,bounded_BFS (<= 4 hops),annotation_mediated
B36,aac(6')-Ib-cr5,fluoroquinolone,EW036_RS26255,genome,EW036_RS03100,genome,graph_context,2,"EW036_RS26255;COG_J: Translation, ribosomal structure and biogenesis;EW036_RS03100",member_of_cog_category;member_of_cog_category,annotation_mediated,bounded_BFS (<= 4 hops),annotation_mediated
B36,aac(6')-Ib-cr5,fluoroquinolone,EW036_RS26255,genome,EW036_RS03105,genome,graph_context,2,"EW036_RS26255;COG_J: Translation, ribosomal structure and biogenesis;EW036_RS03105",member_of_cog_category;member_of_cog_category,annotation_mediated,bounded_BFS (<= 4 hops),annotation_mediated
B36,aac(6')-Ib-cr5,fluoroquinolone,EW036_RS26255,genome,EW036_RS03150,genome,graph_context,2,"EW036_RS26255;COG_J: Translation, ribosomal structure and biogenesis;EW036_RS03150",member_of_cog_category;member_of_cog_category,annotation_mediated,bounded_BFS (<= 4 hops),annotation_mediated
B36,aac(6')-Ib-cr5,fluoroquinolone,EW036_RS26255,genome,EW036_RS03160,genome,graph_context,2,"EW036_RS26255;COG_J: Translation, ribosomal structure and biogenesis;EW036_RS03160",member_of_cog_category;member_of_cog_category,annotation_mediated,bounded_BFS (<= 4 hops),annotation_mediated
B36,aac(6')-Ib-cr5,fluoroquinolone,EW036_RS26255,genome,EW036_RS03165,genome,graph_context,2,"EW036_RS26255;COG_J: Translation, ribosomal structure and biogenesis;EW036_RS03165",member_of_cog_category;member_of_cog_category,annotation_mediated,bounded_BFS (<= 4 hops),annotation_mediated
B36,aac(6')-Ib-cr5,fluoroquinolone,EW036_RS26255,genome,EW036_RS03170,genome,graph_context,2,"EW036_RS26255;COG_J: Translation, ribosomal structure and biogenesis;EW036_RS03170",member_of_cog_category;member_of_cog_category,annotation_mediated,bounded_BFS (<= 4 hops),annotation_mediated
B36,aac(6')-Ib-cr5,fluoroquinolone,EW036_RS26255,genome,EW036_RS03175,genome,graph_context,2,"EW036_RS26255;COG_J: Translation, ribosomal structure and biogenesis;EW036_RS03175",member_of_cog_category;member_of_cog_category,annotation_mediated,bounded_BFS (<= 4 hops),annotation_mediated
B36,aac(6')-Ib-cr5,fluoroquinolone,EW036_RS26255,genome,EW036_RS03180,genome,graph_context,2,"EW036_RS26255;COG_J: Translation, ribosomal structure and biogenesis;EW036_RS03180",member_of_cog_category;member_of_cog_category,annotation_mediated,bounded_BFS (<= 4 hops),annotation_mediated
B36,aac(6')-Ib-cr5,fluoroquinolone,EW036_RS26255,genome,EW036_RS03260,genome,graph_context,2,"EW036_RS26255;COG_J: Translation, ribosomal structure and biogenesis;EW036_RS03260",member_of_cog_category;member_of_cog_category,annotation_mediated,bounded_BFS (<= 4 hops),annotation_mediated
B36,aac(6')-Ib-cr5,fluoroquinolone,EW036_RS26255,genome,EW036_RS03275,genome,graph_context,2,"EW036_RS26255;COG_J: Translation, ribosomal structure and biogenesis;EW036_RS03275",member_of_cog_category;member_of_cog_category,annotation_mediated,bounded_BFS (<= 4 hops),annotation_mediated
B36,aac(6')-Ib-cr5,fluoroquinolone,EW036_RS26255,genome,EW036_RS03555,genome,graph_context,2,"EW036_RS26255;COG_J: Translation, ribosomal structure and biogenesis;EW036_RS03555",member_of_cog_category;member_of_cog_category,annotation_mediated,bounded_BFS (<= 4 hops),annotation_mediated
B36,aac(6')-Ib-cr5,fluoroquinolone,EW036_RS26255,genome,EW036_RS03605,genome,graph_context,2,"EW036_RS26255;COG_J: Translation, ribosomal structure and biogenesis;EW036_RS03605",member_of_cog_category;member_of_cog_category,annotation_mediated,bounded_BFS (<= 4 hops),annotation_mediated
B36,aac(6')-Ib-cr5,fluoroquinolone,EW036_RS26255,genome,EW036_RS03655,genome,graph_context,2,"EW036_RS26255;COG_J: Translation, ribosomal structure and biogenesis;EW036_RS03655",member_of_cog_category;member_of_cog_category,annotation_mediated,bounded_BFS (<= 4 hops),annotation_mediated
B36,aac(6')-Ib-cr5,fluoroquinolone,EW036_RS26255,genome,EW036_RS03660,genome,graph_context,2,"EW036_RS26255;COG_J: Translation, ribosomal structure and biogenesis;EW036_RS03660",member_of_cog_category;member_of_cog_category,annotation_mediated,bounded_BFS (<= 4 hops),annotation_mediated
B36,aac(6')-Ib-cr5,fluoroquinolone,EW036_RS26255,genome,EW036_RS03700,genome,graph_context,2,"EW036_RS26255;COG_J: Translation, ribosomal structure and biogenesis;EW036_RS03700",member_of_cog_category;member_of_cog_category,annotation_mediated,bounded_BFS (<= 4 hops),annotation_mediated
B36,aac(6')-Ib-cr5,fluoroquinolone,EW036_RS26255,genome,EW036_RS04845,genome,graph_context,2,"EW036_RS26255;COG_J: Translation, ribosomal structure and biogenesis;EW036_RS04845",member_of_cog_category;member_of_cog_category,annotation_mediated,bounded_BFS (<= 4 hops),annotation_mediated
B36,aac(6')-Ib-cr5,fluoroquinolone,EW036_RS26255,genome,EW036_RS04860,genome,graph_context,2,"EW036_RS26255;COG_J: Translation, ribosomal structure and biogenesis;EW036_RS04860",member_of_cog_category;member_of_cog_category,annotation_mediated,bounded_BFS (<= 4 hops),annotation_mediated
B36,aac(6')-Ib-cr5,fluoroquinolone,EW036_RS26255,genome,EW036_RS04930,genome,graph_context,2,"EW036_RS26255;COG_J: Translation, ribosomal structure and biogenesis;EW036_RS04930",member_of_cog_category;member_of_cog_category,annotation_mediated,bounded_BFS (<= 4 hops),annotation_mediated
B36,aac(6')-Ib-cr5,fluoroquinolone,EW036_RS26255,genome,EW036_RS05200,genome,graph_context,2,"EW036_RS26255;COG_J: Translation, ribosomal structure and biogenesis;EW036_RS05200",member_of_cog_category;member_of_cog_category,annotation_mediated,bounded_BFS (<= 4 hops),annotation_mediated
B36,aac(6')-Ib-cr5,fluoroquinolone,EW036_RS26255,genome,EW036_RS05235,genome,graph_context,2,"EW036_RS26255;COG_J: Translation, ribosomal structure and biogenesis;EW036_RS05235",member_of_cog_category;member_of_cog_category,annotation_mediated,bounded_BFS (<= 4 hops),annotation_mediated
B36,aac(6')-Ib-cr5,fluoroquinolone,EW036_RS26255,genome,EW036_RS05240,genome,graph_context,2,"EW036_RS26255;COG_J: Translation, ribosomal structure and biogenesis;EW036_RS05240",member_of_cog_category;member_of_cog_category,annotation_mediated,bounded_BFS (<= 4 hops),annotation_mediated
B36,aac(6')-Ib-cr5,fluoroquinolone,EW036_RS26255,genome,EW036_RS05760,genome,graph_context,2,"EW036_RS26255;COG_J: Translation, ribosomal structure and biogenesis;EW036_RS05760",member_of_cog_category;member_of_cog_category,annotation_mediated,bounded_BFS (<= 4 hops),annotation_mediated
B36,aac(6')-Ib-cr5,fluoroquinolone,EW036_RS26255,genome,EW036_RS05865,genome,graph_context,2,"EW036_RS26255;COG_J: Translation, ribosomal structure and biogenesis;EW036_RS05865",member_of_cog_category;member_of_cog_category,annotation_mediated,bounded_BFS (<= 4 hops),annotation_mediated
B36,aac(6')-Ib-cr5,fluoroquinolone,EW036_RS26255,genome,EW036_RS06050,genome,graph_context,2,"EW036_RS26255;COG_J: Translation, ribosomal structure and biogenesis;EW036_RS06050",member_of_cog_category;member_of_cog_category,annotation_mediated,bounded_BFS (<= 4 hops),annotation_mediated
B36,aac(6')-Ib-cr5,fluoroquinolone,EW036_RS26255,genome,EW036_RS06060,genome,graph_context,2,"EW036_RS26255;COG_J: Translation, ribosomal structure and biogenesis;EW036_RS06060",member_of_cog_category;member_of_cog_category,annotation_mediated,bounded_BFS (<= 4 hops),annotation_mediated
B36,aac(6')-Ib-cr5,fluoroquinolone,EW036_RS26255,genome,EW036_RS06320,genome,graph_context,2,"EW036_RS26255;COG_J: Translation, ribosomal structure and biogenesis;EW036_RS06320",member_of_cog_category;member_of_cog_category,annotation_mediated,bounded_BFS (<= 4 hops),annotation_mediated
B36,aac(6')-Ib-cr5,fluoroquinolone,EW036_RS26255,genome,EW036_RS06325,genome,graph_context,2,"EW036_RS26255;COG_J: Translation, ribosomal structure and biogenesis;EW036_RS06325",member_of_cog_category;member_of_cog_category,annotation_mediated,bounded_BFS (<= 4 hops),annotation_mediated
B36,aac(6')-Ib-cr5,fluoroquinolone,EW036_RS26255,genome,EW036_RS06535,genome,graph_context,2,"EW036_RS26255;COG_J: Translation, ribosomal structure and biogenesis;EW036_RS06535",member_of_cog_category;member_of_cog_category,annotation_mediated,bounded_BFS (<= 4 hops),annotation_mediated
B36,aac(6')-Ib-cr5,fluoroquinolone,EW036_RS26255,genome,EW036_RS06590,genome,graph_context,2,"EW036_RS26255;COG_J: Translation, ribosomal structure and biogenesis;EW036_RS06590",member_of_cog_category;member_of_cog_category,annotation_mediated,bounded_BFS (<= 4 hops),annotation_mediated
B36,aac(6')-Ib-cr5,fluoroquinolone,EW036_RS26255,genome,EW036_RS06595,genome,graph_context,2,"EW036_RS26255;COG_J: Translation, ribosomal structure and biogenesis;EW036_RS06595",member_of_cog_category;member_of_cog_category,annotation_mediated,bounded_BFS (<= 4 hops),annotation_mediated
B36,aac(6')-Ib-cr5,fluoroquinolone,EW036_RS26255,genome,EW036_RS06600,genome,graph_context,2,"EW036_RS26255;COG_J: Translation, ribosomal structure and biogenesis;EW036_RS06600",member_of_cog_category;member_of_cog_category,annotation_mediated,bounded_BFS (<= 4 hops),annotation_mediated
B36,aac(6')-Ib-cr5,fluoroquinolone,EW036_RS26255,genome,EW036_RS06605,genome,graph_context,2,"EW036_RS26255;COG_J: Translation, ribosomal structure and biogenesis;EW036_RS06605",member_of_cog_category;member_of_cog_category,annotation_mediated,bounded_BFS (<= 4 hops),annotation_mediated
B36,aac(6')-Ib-cr5,fluoroquinolone,EW036_RS26255,genome,EW036_RS06650,genome,graph_context,2,"EW036_RS26255;COG_J: Translation, ribosomal structure and biogenesis;EW036_RS06650",member_of_cog_category;member_of_cog_category,annotation_mediated,bounded_BFS (<= 4 hops),annotation_mediated
B36,aac(6')-Ib-cr5,fluoroquinolone,EW036_RS26255,genome,EW036_RS06660,genome,graph_context,2,"EW036_RS26255;COG_J: Translation, ribosomal structure and biogenesis;EW036_RS06660",member_of_cog_category;member_of_cog_category,annotation_mediated,bounded_BFS (<= 4 hops),annotation_mediated
B36,aac(6')-Ib-cr5,fluoroquinolone,EW036_RS26255,genome,EW036_RS06710,genome,graph_context,2,"EW036_RS26255;COG_J: Translation, ribosomal structure and biogenesis;EW036_RS06710",member_of_cog_category;member_of_cog_category,annotation_mediated,bounded_BFS (<= 4 hops),annotation_mediated
B36,aac(6')-Ib-cr5,fluoroquinolone,EW036_RS26255,genome,EW036_RS06725,genome,graph_context,2,"EW036_RS26255;COG_J: Translation, ribosomal structure and biogenesis;EW036_RS06725",member_of_cog_category;member_of_cog_category,annotation_mediated,bounded_BFS (<= 4 hops),annotation_mediated
B36,aac(6')-Ib-cr5,fluoroquinolone,EW036_RS26255,genome,EW036_RS06755,genome,graph_context,2,"EW036_RS26255;COG_J: Translation, ribosomal structure and biogenesis;EW036_RS06755",member_of_cog_category;member_of_cog_category,annotation_mediated,bounded_BFS (<= 4 hops),annotation_mediated
B36,aac(6')-Ib-cr5,fluoroquinolone,EW036_RS26255,genome,EW036_RS06790,genome,graph_context,2,"EW036_RS26255;COG_J: Translation, ribosomal structure and biogenesis;EW036_RS06790",member_of_cog_category;member_of_cog_category,annotation_mediated,bounded_BFS (<= 4 hops),annotation_mediated
B36,aac(6')-Ib-cr5,fluoroquinolone,EW036_RS26255,genome,EW036_RS06800,genome,graph_context,2,"EW036_RS26255;COG_J: Translation, ribosomal structure and biogenesis;EW036_RS06800",member_of_cog_category;member_of_cog_category,annotation_mediated,bounded_BFS (<= 4 hops),annotation_mediated
B36,aac(6')-Ib-cr5,fluoroquinolone,EW036_RS26255,genome,EW036_RS06950,genome,graph_context,2,"EW036_RS26255;COG_J: Translation, ribosomal structure and biogenesis;EW036_RS06950",member_of_cog_category;member_of_cog_category,annotation_mediated,bounded_BFS (<= 4 hops),annotation_mediated
B36,aac(6')-Ib-cr5,fluoroquinolone,EW036_RS26255,genome,EW036_RS07025,genome,graph_context,2,"EW036_RS26255;COG_J: Translation, ribosomal structure and biogenesis;EW036_RS07025",member_of_cog_category;member_of_cog_category,annotation_mediated,bounded_BFS (<= 4 hops),annotation_mediated
B36,aac(6')-Ib-cr5,fluoroquinolone,EW036_RS26255,genome,EW036_RS07040,genome,graph_context,2,"EW036_RS26255;COG_J: Translation, ribosomal structure and biogenesis;EW036_RS07040",member_of_cog_category;member_of_cog_category,annotation_mediated,bounded_BFS (<= 4 hops),annotation_mediated
B36,aac(6')-Ib-cr5,fluoroquinolone,EW036_RS26255,genome,EW036_RS07055,genome,graph_context,2,"EW036_RS26255;COG_J: Translation, ribosomal structure and biogenesis;EW036_RS07055",member_of_cog_category;member_of_cog_category,annotation_mediated,bounded_BFS (<= 4 hops),annotation_mediated
B36,aac(6')-Ib-cr5,fluoroquinolone,EW036_RS26255,genome,EW036_RS07195,genome,graph_context,2,"EW036_RS26255;COG_J: Translation, ribosomal structure and biogenesis;EW036_RS07195",member_of_cog_category;member_of_cog_category,annotation_mediated,bounded_BFS (<= 4 hops),annotation_mediated
B36,aac(6')-Ib-cr5,fluoroquinolone,EW036_RS26255,genome,EW036_RS07530,genome,graph_context,2,"EW036_RS26255;COG_J: Translation, ribosomal structure and biogenesis;EW036_RS07530",member_of_cog_category;member_of_cog_category,annotation_mediated,bounded_BFS (<= 4 hops),annotation_mediated
B36,aac(6')-Ib-cr5,fluoroquinolone,EW036_RS26255,genome,EW036_RS07850,genome,graph_context,2,"EW036_RS26255;COG_J: Translation, ribosomal structure and biogenesis;EW036_RS07850",member_of_cog_category;member_of_cog_category,annotation_mediated,bounded_BFS (<= 4 hops),annotation_mediated
B36,aac(6')-Ib-cr5,fluoroquinolone,EW036_RS26255,genome,EW036_RS07880,genome,graph_context,2,"EW036_RS26255;COG_J: Translation, ribosomal structure and biogenesis;EW036_RS07880",member_of_cog_category;member_of_cog_category,annotation_mediated,bounded_BFS (<= 4 hops),annotation_mediated
B36,aac(6')-Ib-cr5,fluoroquinolone,EW036_RS26255,genome,EW036_RS07910,genome,graph_context,2,"EW036_RS26255;COG_J: Translation, ribosomal structure and biogenesis;EW036_RS07910",member_of_cog_category;member_of_cog_category,annotation_mediated,bounded_BFS (<= 4 hops),annotation_mediated
B36,aac(6')-Ib-cr5,fluoroquinolone,EW036_RS26255,genome,EW036_RS08135,genome,graph_context,2,"EW036_RS26255;COG_J: Translation, ribosomal structure and biogenesis;EW036_RS08135",member_of_cog_category;member_of_cog_category,annotation_mediated,bounded_BFS (<= 4 hops),annotation_mediated
B36,aac(6')-Ib-cr5,fluoroquinolone,EW036_RS26255,genome,EW036_RS08610,genome,graph_context,2,"EW036_RS26255;COG_J: Translation, ribosomal structure and biogenesis;EW036_RS08610",member_of_cog_category;member_of_cog_category,annotation_mediated,bounded_BFS (<= 4 hops),annotation_mediated
B36,aac(6')-Ib-cr5,fluoroquinolone,EW036_RS26255,genome,EW036_RS08660,genome,graph_context,2,"EW036_RS26255;COG_J: Translation, ribosomal structure and biogenesis;EW036_RS08660",member_of_cog_category;member_of_cog_category,annotation_mediated,bounded_BFS (<= 4 hops),annotation_mediated
B36,aac(6')-Ib-cr5,fluoroquinolone,EW036_RS26255,genome,EW036_RS08705,genome,graph_context,2,"EW036_RS26255;COG_J: Translation, ribosomal structure and biogenesis;EW036_RS08705",member_of_cog_category;member_of_cog_category,annotation_mediated,bounded_BFS (<= 4 hops),annotation_mediated
B36,aac(6')-Ib-cr5,fluoroquinolone,EW036_RS26255,genome,EW036_RS08765,genome,graph_context,2,"EW036_RS26255;COG_J: Translation, ribosomal structure and biogenesis;EW036_RS08765",member_of_cog_category;member_of_cog_category,annotation_mediated,bounded_BFS (<= 4 hops),annotation_mediated
B36,aac(6')-Ib-cr5,fluoroquinolone,EW036_RS26255,genome,EW036_RS08790,genome,graph_context,2,"EW036_RS26255;COG_J: Translation, ribosomal structure and biogenesis;EW036_RS08790",member_of_cog_category;member_of_cog_category,annotation_mediated,bounded_BFS (<= 4 hops),annotation_mediated
B36,aac(6')-Ib-cr5,fluoroquinolone,EW036_RS26255,genome,EW036_RS08860,genome,graph_context,2,"EW036_RS26255;COG_J: Translation, ribosomal structure and biogenesis;EW036_RS08860",member_of_cog_category;member_of_cog_category,annotation_mediated,bounded_BFS (<= 4 hops),annotation_mediated
B36,aac(6')-Ib-cr5,fluoroquinolone,EW036_RS26255,genome,EW036_RS08870,genome,graph_context,2,"EW036_RS26255;COG_J: Translation, ribosomal structure and biogenesis;EW036_RS08870",member_of_cog_category;member_of_cog_category,annotation_mediated,bounded_BFS (<= 4 hops),annotation_mediated
B36,aac(6')-Ib-cr5,fluoroquinolone,EW036_RS26255,genome,EW036_RS09290,genome,graph_context,2,"EW036_RS26255;COG_J: Translation, ribosomal structure and biogenesis;EW036_RS09290",member_of_cog_category;member_of_cog_category,annotation_mediated,bounded_BFS (<= 4 hops),annotation_mediated
B36,aac(6')-Ib-cr5,fluoroquinolone,EW036_RS26255,genome,EW036_RS09380,genome,graph_context,2,"EW036_RS26255;COG_J: Translation, ribosomal structure and biogenesis;EW036_RS09380",member_of_cog_category;member_of_cog_category,annotation_mediated,bounded_BFS (<= 4 hops),annotation_mediated
B36,aac(6')-Ib-cr5,fluoroquinolone,EW036_RS26255,genome,EW036_RS09390,genome,graph_context,2,"EW036_RS26255;COG_J: Translation, ribosomal structure and biogenesis;EW036_RS09390",member_of_cog_category;member_of_cog_category,annotation_mediated,bounded_BFS (<= 4 hops),annotation_mediated
B36,aac(6')-Ib-cr5,fluoroquinolone,EW036_RS26255,genome,EW036_RS09405,genome,graph_context,2,"EW036_RS26255;COG_J: Translation, ribosomal structure and biogenesis;EW036_RS09405",member_of_cog_category;member_of_cog_category,annotation_mediated,bounded_BFS (<= 4 hops),annotation_mediated
B36,aac(6')-Ib-cr5,fluoroquinolone,EW036_RS26255,genome,EW036_RS09625,genome,graph_context,2,"EW036_RS26255;COG_J: Translation, ribosomal structure and biogenesis;EW036_RS09625",member_of_cog_category;member_of_cog_category,annotation_mediated,bounded_BFS (<= 4 hops),annotation_mediated
B36,aac(6')-Ib-cr5,fluoroquinolone,EW036_RS26255,genome,EW036_RS09635,genome,graph_context,2,"EW036_RS26255;COG_J: Translation, ribosomal structure and biogenesis;EW036_RS09635",member_of_cog_category;member_of_cog_category,annotation_mediated,bounded_BFS (<= 4 hops),annotation_mediated
B36,aac(6')-Ib-cr5,fluoroquinolone,EW036_RS26255,genome,EW036_RS10390,genome,graph_context,2,"EW036_RS26255;COG_J: Translation, ribosomal structure and biogenesis;EW036_RS10390",member_of_cog_category;member_of_cog_category,annotation_mediated,bounded_BFS (<= 4 hops),annotation_mediated
B36,aac(6')-Ib-cr5,fluoroquinolone,EW036_RS26255,genome,EW036_RS10395,genome,graph_context,2,"EW036_RS26255;COG_J: Translation, ribosomal structure and biogenesis;EW036_RS10395",member_of_cog_category;member_of_cog_category,annotation_mediated,bounded_BFS (<= 4 hops),annotation_mediated
B36,aac(6')-Ib-cr5,fluoroquinolone,EW036_RS26255,genome,EW036_RS10430,genome,graph_context,2,"EW036_RS26255;COG_J: Translation, ribosomal structure and biogenesis;EW036_RS10430",member_of_cog_category;member_of_cog_category,annotation_mediated,bounded_BFS (<= 4 hops),annotation_mediated
B36,aac(6')-Ib-cr5,fluoroquinolone,EW036_RS26255,genome,EW036_RS10435,genome,graph_context,2,"EW036_RS26255;COG_J: Translation, ribosomal structure and biogenesis;EW036_RS10435",member_of_cog_category;member_of_cog_category,annotation_mediated,bounded_BFS (<= 4 hops),annotation_mediated
B36,aac(6')-Ib-cr5,fluoroquinolone,EW036_RS26255,genome,EW036_RS11100,genome,graph_context,2,"EW036_RS26255;COG_J: Translation, ribosomal structure and biogenesis;EW036_RS11100",member_of_cog_category;member_of_cog_category,annotation_mediated,bounded_BFS (<= 4 hops),annotation_mediated
B36,aac(6')-Ib-cr5,fluoroquinolone,EW036_RS26255,genome,EW036_RS11110,genome,graph_context,2,"EW036_RS26255;COG_J: Translation, ribosomal structure and biogenesis;EW036_RS11110",member_of_cog_category;member_of_cog_category,annotation_mediated,bounded_BFS (<= 4 hops),annotation_mediated
B36,aac(6')-Ib-cr5,fluoroquinolone,EW036_RS26255,genome,EW036_RS11230,genome,graph_context,2,"EW036_RS26255;COG_J: Translation, ribosomal structure and biogenesis;EW036_RS11230",member_of_cog_category;member_of_cog_category,annotation_mediated,bounded_BFS (<= 4 hops),annotation_mediated
B36,aac(6')-Ib-cr5,fluoroquinolone,EW036_RS26255,genome,EW036_RS11675,genome,graph_context,2,"EW036_RS26255;COG_J: Translation, ribosomal structure and biogenesis;EW036_RS11675",member_of_cog_category;member_of_cog_category,annotation_mediated,bounded_BFS (<= 4 hops),annotation_mediated
B36,aac(6')-Ib-cr5,fluoroquinolone,EW036_RS26255,genome,EW036_RS11900,genome,graph_context,2,"EW036_RS26255;COG_J: Translation, ribosomal structure and biogenesis;EW036_RS11900",member_of_cog_category;member_of_cog_category,annotation_mediated,bounded_BFS (<= 4 hops),annotation_mediated
B36,aac(6')-Ib-cr5,fluoroquinolone,EW036_RS26255,genome,EW036_RS12025,genome,graph_context,2,"EW036_RS26255;COG_J: Translation, ribosomal structure and biogenesis;EW036_RS12025",member_of_cog_category;member_of_cog_category,annotation_mediated,bounded_BFS (<= 4 hops),annotation_mediated
B36,aac(6')-Ib-cr5,fluoroquinolone,EW036_RS26255,genome,EW036_RS12170,genome,graph_context,2,"EW036_RS26255;COG_J: Translation, ribosomal structure and biogenesis;EW036_RS12170",member_of_cog_category;member_of_cog_category,annotation_mediated,bounded_BFS (<= 4 hops),annotation_mediated
B36,aac(6')-Ib-cr5,fluoroquinolone,EW036_RS26255,genome,EW036_RS12315,genome,graph_context,2,"EW036_RS26255;COG_J: Translation, ribosomal structure and biogenesis;EW036_RS12315",member_of_cog_category;member_of_cog_category,annotation_mediated,bounded_BFS (<= 4 hops),annotation_mediated
B36,aac(6')-Ib-cr5,fluoroquinolone,EW036_RS26255,genome,EW036_RS12455,genome,graph_context,2,"EW036_RS26255;COG_J: Translation, ribosomal structure and biogenesis;EW036_RS12455",member_of_cog_category;member_of_cog_category,annotation_mediated,bounded_BFS (<= 4 hops),annotation_mediated
B36,aac(6')-Ib-cr5,fluoroquinolone,EW036_RS26255,genome,EW036_RS12530,genome,graph_context,2,"EW036_RS26255;COG_J: Translation, ribosomal structure and biogenesis;EW036_RS12530",member_of_cog_category;member_of_cog_category,annotation_mediated,bounded_BFS (<= 4 hops),annotation_mediated
B36,aac(6')-Ib-cr5,fluoroquinolone,EW036_RS26255,genome,EW036_RS12820,genome,graph_context,2,"EW036_RS26255;COG_J: Translation, ribosomal structure and biogenesis;EW036_RS12820",member_of_cog_category;member_of_cog_category,annotation_mediated,bounded_BFS (<= 4 hops),annotation_mediated
B36,aac(6')-Ib-cr5,fluoroquinolone,EW036_RS26255,genome,EW036_RS12825,genome,graph_context,2,"EW036_RS26255;COG_J: Translation, ribosomal structure and biogenesis;EW036_RS12825",member_of_cog_category;member_of_cog_category,annotation_mediated,bounded_BFS (<= 4 hops),annotation_mediated
B36,aac(6')-Ib-cr5,fluoroquinolone,EW036_RS26255,genome,EW036_RS12835,genome,graph_context,2,"EW036_RS26255;COG_J: Translation, ribosomal structure and biogenesis;EW036_RS12835",member_of_cog_category;member_of_cog_category,annotation_mediated,bounded_BFS (<= 4 hops),annotation_mediated
B36,aac(6')-Ib-cr5,fluoroquinolone,EW036_RS26255,genome,EW036_RS12845,genome,graph_context,2,"EW036_RS26255;COG_J: Translation, ribosomal structure and biogenesis;EW036_RS12845",member_of_cog_category;member_of_cog_category,annotation_mediated,bounded_BFS (<= 4 hops),annotation_mediated
B36,aac(6')-Ib-cr5,fluoroquinolone,EW036_RS26255,genome,EW036_RS12850,genome,graph_context,2,"EW036_RS26255;COG_J: Translation, ribosomal structure and biogenesis;EW036_RS12850",member_of_cog_category;member_of_cog_category,annotation_mediated,bounded_BFS (<= 4 hops),annotation_mediated
B36,aac(6')-Ib-cr5,fluoroquinolone,EW036_RS26255,genome,EW036_RS13090,genome,graph_context,2,"EW036_RS26255;COG_J: Translation, ribosomal structure and biogenesis;EW036_RS13090",member_of_cog_category;member_of_cog_category,annotation_mediated,bounded_BFS (<= 4 hops),annotation_mediated
B36,aac(6')-Ib-cr5,fluoroquinolone,EW036_RS26255,genome,EW036_RS13270,genome,graph_context,2,"EW036_RS26255;COG_J: Translation, ribosomal structure and biogenesis;EW036_RS13270",member_of_cog_category;member_of_cog_category,annotation_mediated,bounded_BFS (<= 4 hops),annotation_mediated
B36,aac(6')-Ib-cr5,fluoroquinolone,EW036_RS26255,genome,EW036_RS13295,genome,graph_context,2,"EW036_RS26255;COG_J: Translation, ribosomal structure and biogenesis;EW036_RS13295",member_of_cog_category;member_of_cog_category,annotation_mediated,bounded_BFS (<= 4 hops),annotation_mediated
B36,aac(6')-Ib-cr5,fluoroquinolone,EW036_RS26255,genome,EW036_RS13360,genome,graph_context,2,"EW036_RS26255;COG_J: Translation, ribosomal structure and biogenesis;EW036_RS13360",member_of_cog_category;member_of_cog_category,annotation_mediated,bounded_BFS (<= 4 hops),annotation_mediated
B36,aac(6')-Ib-cr5,fluoroquinolone,EW036_RS26255,genome,EW036_RS13430,genome,graph_context,2,"EW036_RS26255;COG_J: Translation, ribosomal structure and biogenesis;EW036_RS13430",member_of_cog_category;member_of_cog_category,annotation_mediated,bounded_BFS (<= 4 hops),annotation_mediated
B36,aac(6')-Ib-cr5,fluoroquinolone,EW036_RS26255,genome,EW036_RS13595,genome,graph_context,2,"EW036_RS26255;COG_J: Translation, ribosomal structure and biogenesis;EW036_RS13595",member_of_cog_category;member_of_cog_category,annotation_mediated,bounded_BFS (<= 4 hops),annotation_mediated
B36,aac(6')-Ib-cr5,fluoroquinolone,EW036_RS26255,genome,EW036_RS13615,genome,graph_context,2,"EW036_RS26255;COG_J: Translation, ribosomal structure and biogenesis;EW036_RS13615",member_of_cog_category;member_of_cog_category,annotation_mediated,bounded_BFS (<= 4 hops),annotation_mediated
B36,aac(6')-Ib-cr5,fluoroquinolone,EW036_RS26255,genome,EW036_RS13620,genome,graph_context,2,"EW036_RS26255;COG_J: Translation, ribosomal structure and biogenesis;EW036_RS13620",member_of_cog_category;member_of_cog_category,annotation_mediated,bounded_BFS (<= 4 hops),annotation_mediated
B36,aac(6')-Ib-cr5,fluoroquinolone,EW036_RS26255,genome,EW036_RS13645,genome,graph_context,2,"EW036_RS26255;COG_J: Translation, ribosomal structure and biogenesis;EW036_RS13645",member_of_cog_category;member_of_cog_category,annotation_mediated,bounded_BFS (<= 4 hops),annotation_mediated
B36,aac(6')-Ib-cr5,fluoroquinolone,EW036_RS26255,genome,EW036_RS14390,genome,graph_context,2,"EW036_RS26255;COG_J: Translation, ribosomal structure and biogenesis;EW036_RS14390",member_of_cog_category;member_of_cog_category,annotation_mediated,bounded_BFS (<= 4 hops),annotation_mediated
B36,aac(6')-Ib-cr5,fluoroquinolone,EW036_RS26255,genome,EW036_RS15785,genome,graph_context,2,"EW036_RS26255;COG_J: Translation, ribosomal structure and biogenesis;EW036_RS15785",member_of_cog_category;member_of_cog_category,annotation_mediated,bounded_BFS (<= 4 hops),annotation_mediated
B36,aac(6')-Ib-cr5,fluoroquinolone,EW036_RS26255,genome,EW036_RS16080,genome,graph_context,2,"EW036_RS26255;COG_J: Translation, ribosomal structure and biogenesis;EW036_RS16080",member_of_cog_category;member_of_cog_category,annotation_mediated,bounded_BFS (<= 4 hops),annotation_mediated
B36,aac(6')-Ib-cr5,fluoroquinolone,EW036_RS26255,genome,EW036_RS16140,genome,graph_context,2,"EW036_RS26255;COG_J: Translation, ribosomal structure and biogenesis;EW036_RS16140",member_of_cog_category;member_of_cog_category,annotation_mediated,bounded_BFS (<= 4 hops),annotation_mediated
B36,aac(6')-Ib-cr5,fluoroquinolone,EW036_RS26255,genome,EW036_RS16150,genome,graph_context,2,"EW036_RS26255;COG_J: Translation, ribosomal structure and biogenesis;EW036_RS16150",member_of_cog_category;member_of_cog_category,annotation_mediated,bounded_BFS (<= 4 hops),annotation_mediated
B36,aac(6')-Ib-cr5,fluoroquinolone,EW036_RS26255,genome,EW036_RS16980,genome,graph_context,2,"EW036_RS26255;COG_J: Translation, ribosomal structure and biogenesis;EW036_RS16980",member_of_cog_category;member_of_cog_category,annotation_mediated,bounded_BFS (<= 4 hops),annotation_mediated
B36,aac(6')-Ib-cr5,fluoroquinolone,EW036_RS26255,genome,EW036_RS17025,genome,graph_context,2,"EW036_RS26255;COG_J: Translation, ribosomal structure and biogenesis;EW036_RS17025",member_of_cog_category;member_of_cog_category,annotation_mediated,bounded_BFS (<= 4 hops),annotation_mediated
B36,aac(6')-Ib-cr5,fluoroquinolone,EW036_RS26255,genome,EW036_RS17150,genome,graph_context,2,"EW036_RS26255;COG_J: Translation, ribosomal structure and biogenesis;EW036_RS17150",member_of_cog_category;member_of_cog_category,annotation_mediated,bounded_BFS (<= 4 hops),annotation_mediated
B36,aac(6')-Ib-cr5,fluoroquinolone,EW036_RS26255,genome,EW036_RS17270,genome,graph_context,2,"EW036_RS26255;COG_J: Translation, ribosomal structure and biogenesis;EW036_RS17270",member_of_cog_category;member_of_cog_category,annotation_mediated,bounded_BFS (<= 4 hops),annotation_mediated
B36,aac(6')-Ib-cr5,fluoroquinolone,EW036_RS26255,genome,EW036_RS18055,genome,graph_context,2,"EW036_RS26255;COG_J: Translation, ribosomal structure and biogenesis;EW036_RS18055",member_of_cog_category;member_of_cog_category,annotation_mediated,bounded_BFS (<= 4 hops),annotation_mediated
B36,aac(6')-Ib-cr5,fluoroquinolone,EW036_RS26255,genome,EW036_RS18180,genome,graph_context,2,"EW036_RS26255;COG_J: Translation, ribosomal structure and biogenesis;EW036_RS18180",member_of_cog_category;member_of_cog_category,annotation_mediated,bounded_BFS (<= 4 hops),annotation_mediated
B36,aac(6')-Ib-cr5,fluoroquinolone,EW036_RS26255,genome,EW036_RS18190,genome,graph_context,2,"EW036_RS26255;COG_J: Translation, ribosomal structure and biogenesis;EW036_RS18190",member_of_cog_category;member_of_cog_category,annotation_mediated,bounded_BFS (<= 4 hops),annotation_mediated
B36,aac(6')-Ib-cr5,fluoroquinolone,EW036_RS26255,genome,EW036_RS18265,genome,graph_context,2,"EW036_RS26255;COG_J: Translation, ribosomal structure and biogenesis;EW036_RS18265",member_of_cog_category;member_of_cog_category,annotation_mediated,bounded_BFS (<= 4 hops),annotation_mediated
B36,aac(6')-Ib-cr5,fluoroquinolone,EW036_RS26255,genome,EW036_RS18270,genome,graph_context,2,"EW036_RS26255;COG_J: Translation, ribosomal structure and biogenesis;EW036_RS18270",member_of_cog_category;member_of_cog_category,annotation_mediated,bounded_BFS (<= 4 hops),annotation_mediated
B36,aac(6')-Ib-cr5,fluoroquinolone,EW036_RS26255,genome,EW036_RS18295,genome,graph_context,2,"EW036_RS26255;COG_J: Translation, ribosomal structure and biogenesis;EW036_RS18295",member_of_cog_category;member_of_cog_category,annotation_mediated,bounded_BFS (<= 4 hops),annotation_mediated
B36,aac(6')-Ib-cr5,fluoroquinolone,EW036_RS26255,genome,EW036_RS18300,genome,graph_context,2,"EW036_RS26255;COG_J: Translation, ribosomal structure and biogenesis;EW036_RS18300",member_of_cog_category;member_of_cog_category,annotation_mediated,bounded_BFS (<= 4 hops),annotation_mediated
B36,aac(6')-Ib-cr5,fluoroquinolone,EW036_RS26255,genome,EW036_RS18420,genome,graph_context,2,"EW036_RS26255;COG_J: Translation, ribosomal structure and biogenesis;EW036_RS18420",member_of_cog_category;member_of_cog_category,annotation_mediated,bounded_BFS (<= 4 hops),annotation_mediated
B36,aac(6')-Ib-cr5,fluoroquinolone,EW036_RS26255,genome,EW036_RS18755,genome,graph_context,2,"EW036_RS26255;COG_J: Translation, ribosomal structure and biogenesis;EW036_RS18755",member_of_cog_category;member_of_cog_category,annotation_mediated,bounded_BFS (<= 4 hops),annotation_mediated
B36,aac(6')-Ib-cr5,fluoroquinolone,EW036_RS26255,genome,EW036_RS18870,genome,graph_context,2,"EW036_RS26255;COG_J: Translation, ribosomal structure and biogenesis;EW036_RS18870",member_of_cog_category;member_of_cog_category,annotation_mediated,bounded_BFS (<= 4 hops),annotation_mediated
B36,aac(6')-Ib-cr5,fluoroquinolone,EW036_RS26255,genome,EW036_RS18980,genome,graph_context,2,"EW036_RS26255;COG_J: Translation, ribosomal structure and biogenesis;EW036_RS18980",member_of_cog_category;member_of_cog_category,annotation_mediated,bounded_BFS (<= 4 hops),annotation_mediated
B36,aac(6')-Ib-cr5,fluoroquinolone,EW036_RS26255,genome,EW036_RS19425,genome,graph_context,2,"EW036_RS26255;COG_J: Translation, ribosomal structure and biogenesis;EW036_RS19425",member_of_cog_category;member_of_cog_category,annotation_mediated,bounded_BFS (<= 4 hops),annotation_mediated
B36,aac(6')-Ib-cr5,fluoroquinolone,EW036_RS26255,genome,EW036_RS19485,genome,graph_context,2,"EW036_RS26255;COG_J: Translation, ribosomal structure and biogenesis;EW036_RS19485",member_of_cog_category;member_of_cog_category,annotation_mediated,bounded_BFS (<= 4 hops),annotation_mediated
B36,aac(6')-Ib-cr5,fluoroquinolone,EW036_RS26255,genome,EW036_RS19875,genome,graph_context,2,"EW036_RS26255;COG_J: Translation, ribosomal structure and biogenesis;EW036_RS19875",member_of_cog_category;member_of_cog_category,annotation_mediated,bounded_BFS (<= 4 hops),annotation_mediated
B36,aac(6')-Ib-cr5,fluoroquinolone,EW036_RS26255,genome,EW036_RS20445,genome,graph_context,2,"EW036_RS26255;COG_J: Translation, ribosomal structure and biogenesis;EW036_RS20445",member_of_cog_category;member_of_cog_category,annotation_mediated,bounded_BFS (<= 4 hops),annotation_mediated
B36,aac(6')-Ib-cr5,fluoroquinolone,EW036_RS26255,genome,EW036_RS20480,genome,graph_context,2,"EW036_RS26255;COG_J: Translation, ribosomal structure and biogenesis;EW036_RS20480",member_of_cog_category;member_of_cog_category,annotation_mediated,bounded_BFS (<= 4 hops),annotation_mediated
B36,aac(6')-Ib-cr5,fluoroquinolone,EW036_RS26255,genome,EW036_RS20560,genome,graph_context,2,"EW036_RS26255;COG_J: Translation, ribosomal structure and biogenesis;EW036_RS20560",member_of_cog_category;member_of_cog_category,annotation_mediated,bounded_BFS (<= 4 hops),annotation_mediated
B36,aac(6')-Ib-cr5,fluoroquinolone,EW036_RS26255,genome,EW036_RS20570,genome,graph_context,2,"EW036_RS26255;COG_J: Translation, ribosomal structure and biogenesis;EW036_RS20570",member_of_cog_category;member_of_cog_category,annotation_mediated,bounded_BFS (<= 4 hops),annotation_mediated
B36,aac(6')-Ib-cr5,fluoroquinolone,EW036_RS26255,genome,EW036_RS20575,genome,graph_context,2,"EW036_RS26255;COG_J: Translation, ribosomal structure and biogenesis;EW036_RS20575",member_of_cog_category;member_of_cog_category,annotation_mediated,bounded_BFS (<= 4 hops),annotation_mediated
B36,aac(6')-Ib-cr5,fluoroquinolone,EW036_RS26255,genome,EW036_RS20700,genome,graph_context,2,"EW036_RS26255;COG_J: Translation, ribosomal structure and biogenesis;EW036_RS20700",member_of_cog_category;member_of_cog_category,annotation_mediated,bounded_BFS (<= 4 hops),annotation_mediated
B36,aac(6')-Ib-cr5,fluoroquinolone,EW036_RS26255,genome,EW036_RS21060,genome,graph_context,2,"EW036_RS26255;COG_J: Translation, ribosomal structure and biogenesis;EW036_RS21060",member_of_cog_category;member_of_cog_category,annotation_mediated,bounded_BFS (<= 4 hops),annotation_mediated
B36,aac(6')-Ib-cr5,fluoroquinolone,EW036_RS26255,genome,EW036_RS21205,genome,graph_context,2,"EW036_RS26255;COG_J: Translation, ribosomal structure and biogenesis;EW036_RS21205",member_of_cog_category;member_of_cog_category,annotation_mediated,bounded_BFS (<= 4 hops),annotation_mediated
B36,aac(6')-Ib-cr5,fluoroquinolone,EW036_RS26255,genome,EW036_RS21230,genome,graph_context,2,"EW036_RS26255;COG_J: Translation, ribosomal structure and biogenesis;EW036_RS21230",member_of_cog_category;member_of_cog_category,annotation_mediated,bounded_BFS (<= 4 hops),annotation_mediated
B36,aac(6')-Ib-cr5,fluoroquinolone,EW036_RS26255,genome,EW036_RS21370,genome,graph_context,2,"EW036_RS26255;COG_J: Translation, ribosomal structure and biogenesis;EW036_RS21370",member_of_cog_category;member_of_cog_category,annotation_mediated,bounded_BFS (<= 4 hops),annotation_mediated
B36,aac(6')-Ib-cr5,fluoroquinolone,EW036_RS26255,genome,EW036_RS21385,genome,graph_context,2,"EW036_RS26255;COG_J: Translation, ribosomal structure and biogenesis;EW036_RS21385",member_of_cog_category;member_of_cog_category,annotation_mediated,bounded_BFS (<= 4 hops),annotation_mediated
B36,aac(6')-Ib-cr5,fluoroquinolone,EW036_RS26255,genome,EW036_RS21500,genome,graph_context,2,"EW036_RS26255;COG_J: Translation, ribosomal structure and biogenesis;EW036_RS21500",member_of_cog_category;member_of_cog_category,annotation_mediated,bounded_BFS (<= 4 hops),annotation_mediated
B36,aac(6')-Ib-cr5,fluoroquinolone,EW036_RS26255,genome,EW036_RS21585,genome,graph_context,2,"EW036_RS26255;COG_J: Translation, ribosomal structure and biogenesis;EW036_RS21585",member_of_cog_category;member_of_cog_category,annotation_mediated,bounded_BFS (<= 4 hops),annotation_mediated
B36,aac(6')-Ib-cr5,fluoroquinolone,EW036_RS26255,genome,EW036_RS21645,genome,graph_context,2,"EW036_RS26255;COG_J: Translation, ribosomal structure and biogenesis;EW036_RS21645",member_of_cog_category;member_of_cog_category,annotation_mediated,bounded_BFS (<= 4 hops),annotation_mediated
B36,aac(6')-Ib-cr5,fluoroquinolone,EW036_RS26255,genome,EW036_RS21665,genome,graph_context,2,"EW036_RS26255;COG_J: Translation, ribosomal structure and biogenesis;EW036_RS21665",member_of_cog_category;member_of_cog_category,annotation_mediated,bounded_BFS (<= 4 hops),annotation_mediated
B36,aac(6')-Ib-cr5,fluoroquinolone,EW036_RS26255,genome,EW036_RS22595,genome,graph_context,2,"EW036_RS26255;COG_J: Translation, ribosomal structure and biogenesis;EW036_RS22595",member_of_cog_category;member_of_cog_category,annotation_mediated,bounded_BFS (<= 4 hops),annotation_mediated
B36,aac(6')-Ib-cr5,fluoroquinolone,EW036_RS26255,genome,EW036_RS22660,genome,graph_context,2,"EW036_RS26255;COG_J: Translation, ribosomal structure and biogenesis;EW036_RS22660",member_of_cog_category;member_of_cog_category,annotation_mediated,bounded_BFS (<= 4 hops),annotation_mediated
B36,aac(6')-Ib-cr5,fluoroquinolone,EW036_RS26255,genome,EW036_RS22900,genome,graph_context,2,"EW036_RS26255;COG_J: Translation, ribosomal structure and biogenesis;EW036_RS22900",member_of_cog_category;member_of_cog_category,annotation_mediated,bounded_BFS (<= 4 hops),annotation_mediated
B36,aac(6')-Ib-cr5,fluoroquinolone,EW036_RS26255,genome,EW036_RS22905,genome,graph_context,2,"EW036_RS26255;COG_J: Translation, ribosomal structure and biogenesis;EW036_RS22905",member_of_cog_category;member_of_cog_category,annotation_mediated,bounded_BFS (<= 4 hops),annotation_mediated
B36,aac(6')-Ib-cr5,fluoroquinolone,EW036_RS26255,genome,EW036_RS22915,genome,graph_context,2,"EW036_RS26255;COG_J: Translation, ribosomal structure and biogenesis;EW036_RS22915",member_of_cog_category;member_of_cog_category,annotation_mediated,bounded_BFS (<= 4 hops),annotation_mediated
B36,aac(6')-Ib-cr5,fluoroquinolone,EW036_RS26255,genome,EW036_RS23015,genome,graph_context,2,"EW036_RS26255;COG_J: Translation, ribosomal structure and biogenesis;EW036_RS23015",member_of_cog_category;member_of_cog_category,annotation_mediated,bounded_BFS (<= 4 hops),annotation_mediated
B36,aac(6')-Ib-cr5,fluoroquinolone,EW036_RS26255,genome,EW036_RS23020,genome,graph_context,2,"EW036_RS26255;COG_J: Translation, ribosomal structure and biogenesis;EW036_RS23020",member_of_cog_category;member_of_cog_category,annotation_mediated,bounded_BFS (<= 4 hops),annotation_mediated
B36,aac(6')-Ib-cr5,fluoroquinolone,EW036_RS26255,genome,EW036_RS23050,genome,graph_context,2,"EW036_RS26255;COG_J: Translation, ribosomal structure and biogenesis;EW036_RS23050",member_of_cog_category;member_of_cog_category,annotation_mediated,bounded_BFS (<= 4 hops),annotation_mediated
B36,aac(6')-Ib-cr5,fluoroquinolone,EW036_RS26255,genome,EW036_RS23055,genome,graph_context,2,"EW036_RS26255;COG_J: Translation, ribosomal structure and biogenesis;EW036_RS23055",member_of_cog_category;member_of_cog_category,annotation_mediated,bounded_BFS (<= 4 hops),annotation_mediated
B36,aac(6')-Ib-cr5,fluoroquinolone,EW036_RS26255,genome,EW036_RS23060,genome,graph_context,2,"EW036_RS26255;COG_J: Translation, ribosomal structure and biogenesis;EW036_RS23060",member_of_cog_category;member_of_cog_category,annotation_mediated,bounded_BFS (<= 4 hops),annotation_mediated
B36,aac(6')-Ib-cr5,fluoroquinolone,EW036_RS26255,genome,EW036_RS23115,genome,graph_context,2,"EW036_RS26255;COG_J: Translation, ribosomal structure and biogenesis;EW036_RS23115",member_of_cog_category;member_of_cog_category,annotation_mediated,bounded_BFS (<= 4 hops),annotation_mediated
B36,aac(6')-Ib-cr5,fluoroquinolone,EW036_RS26255,genome,EW036_RS23140,genome,graph_context,2,"EW036_RS26255;COG_J: Translation, ribosomal structure and biogenesis;EW036_RS23140",member_of_cog_category;member_of_cog_category,annotation_mediated,bounded_BFS (<= 4 hops),annotation_mediated
B36,aac(6')-Ib-cr5,fluoroquinolone,EW036_RS26255,genome,EW036_RS23190,genome,graph_context,2,"EW036_RS26255;COG_J: Translation, ribosomal structure and biogenesis;EW036_RS23190",member_of_cog_category;member_of_cog_category,annotation_mediated,bounded_BFS (<= 4 hops),annotation_mediated
B36,aac(6')-Ib-cr5,fluoroquinolone,EW036_RS26255,genome,EW036_RS23285,genome,graph_context,2,"EW036_RS26255;COG_J: Translation, ribosomal structure and biogenesis;EW036_RS23285",member_of_cog_category;member_of_cog_category,annotation_mediated,bounded_BFS (<= 4 hops),annotation_mediated
B36,aac(6')-Ib-cr5,fluoroquinolone,EW036_RS26255,genome,EW036_RS23850,genome,graph_context,2,"EW036_RS26255;COG_J: Translation, ribosomal structure and biogenesis;EW036_RS23850",member_of_cog_category;member_of_cog_category,annotation_mediated,bounded_BFS (<= 4 hops),annotation_mediated
B36,aac(6')-Ib-cr5,fluoroquinolone,EW036_RS26255,genome,EW036_RS23975,genome,graph_context,2,"EW036_RS26255;COG_J: Translation, ribosomal structure and biogenesis;EW036_RS23975",member_of_cog_category;member_of_cog_category,annotation_mediated,bounded_BFS (<= 4 hops),annotation_mediated
B36,aac(6')-Ib-cr5,fluoroquinolone,EW036_RS26255,genome,EW036_RS24195,genome,graph_context,2,"EW036_RS26255;COG_J: Translation, ribosomal structure and biogenesis;EW036_RS24195",member_of_cog_category;member_of_cog_category,annotation_mediated,bounded_BFS (<= 4 hops),annotation_mediated
B36,aac(6')-Ib-cr5,fluoroquinolone,EW036_RS26255,genome,EW036_RS24200,genome,graph_context,2,"EW036_RS26255;COG_J: Translation, ribosomal structure and biogenesis;EW036_RS24200",member_of_cog_category;member_of_cog_category,annotation_mediated,bounded_BFS (<= 4 hops),annotation_mediated
B36,aac(6')-Ib-cr5,fluoroquinolone,EW036_RS26255,genome,EW036_RS24205,genome,graph_context,2,"EW036_RS26255;COG_J: Translation, ribosomal structure and biogenesis;EW036_RS24205",member_of_cog_category;member_of_cog_category,annotation_mediated,bounded_BFS (<= 4 hops),annotation_mediated
B36,aac(6')-Ib-cr5,fluoroquinolone,EW036_RS26255,genome,EW036_RS24210,genome,graph_context,2,"EW036_RS26255;COG_J: Translation, ribosomal structure and biogenesis;EW036_RS24210",member_of_cog_category;member_of_cog_category,annotation_mediated,bounded_BFS (<= 4 hops),annotation_mediated
B36,aac(6')-Ib-cr5,fluoroquinolone,EW036_RS26255,genome,EW036_RS24225,genome,graph_context,2,"EW036_RS26255;COG_J: Translation, ribosomal structure and biogenesis;EW036_RS24225",member_of_cog_category;member_of_cog_category,annotation_mediated,bounded_BFS (<= 4 hops),annotation_mediated
B36,aac(6')-Ib-cr5,fluoroquinolone,EW036_RS26255,genome,EW036_RS24300,genome,graph_context,2,"EW036_RS26255;COG_J: Translation, ribosomal structure and biogenesis;EW036_RS24300",member_of_cog_category;member_of_cog_category,annotation_mediated,bounded_BFS (<= 4 hops),annotation_mediated
B36,aac(6')-Ib-cr5,fluoroquinolone,EW036_RS26255,genome,EW036_RS24460,genome,graph_context,2,"EW036_RS26255;COG_J: Translation, ribosomal structure and biogenesis;EW036_RS24460",member_of_cog_category;member_of_cog_category,annotation_mediated,bounded_BFS (<= 4 hops),annotation_mediated
B36,aac(6')-Ib-cr5,fluoroquinolone,EW036_RS26255,genome,EW036_RS24645,genome,graph_context,2,"EW036_RS26255;COG_J: Translation, ribosomal structure and biogenesis;EW036_RS24645",member_of_cog_category;member_of_cog_category,annotation_mediated,bounded_BFS (<= 4 hops),annotation_mediated
B36,aac(6')-Ib-cr5,fluoroquinolone,EW036_RS26255,genome,EW036_RS24730,genome,graph_context,2,"EW036_RS26255;COG_J: Translation, ribosomal structure and biogenesis;EW036_RS24730",member_of_cog_category;member_of_cog_category,annotation_mediated,bounded_BFS (<= 4 hops),annotation_mediated
B36,aac(6')-Ib-cr5,fluoroquinolone,EW036_RS26255,genome,EW036_RS25340,genome,graph_context,2,"EW036_RS26255;COG_J: Translation, ribosomal structure and biogenesis;EW036_RS25340",member_of_cog_category;member_of_cog_category,annotation_mediated,bounded_BFS (<= 4 hops),annotation_mediated
B36,aac(6')-Ib-cr5,fluoroquinolone,EW036_RS26255,genome,EW036_RS25525,genome,graph_context,2,"EW036_RS26255;COG_J: Translation, ribosomal structure and biogenesis;EW036_RS25525",member_of_cog_category;member_of_cog_category,annotation_mediated,bounded_BFS (<= 4 hops),annotation_mediated
B36,aac(6')-Ib-cr5,fluoroquinolone,EW036_RS26255,genome,EW036_RS25700,genome,graph_context,2,"EW036_RS26255;COG_J: Translation, ribosomal structure and biogenesis;EW036_RS25700",member_of_cog_category;member_of_cog_category,annotation_mediated,bounded_BFS (<= 4 hops),annotation_mediated
B36,aac(6')-Ib-cr5,fluoroquinolone,EW036_RS26255,genome,EW036_RS25715,genome,graph_context,2,"EW036_RS26255;COG_J: Translation, ribosomal structure and biogenesis;EW036_RS25715",member_of_cog_category;member_of_cog_category,annotation_mediated,bounded_BFS (<= 4 hops),annotation_mediated
B36,aac(6')-Ib-cr5,fluoroquinolone,EW036_RS26255,genome,EW036_RS25720,genome,graph_context,2,"EW036_RS26255;COG_J: Translation, ribosomal structure and biogenesis;EW036_RS25720",member_of_cog_category;member_of_cog_category,annotation_mediated,bounded_BFS (<= 4 hops),annotation_mediated
B36,aac(6')-Ib-cr5,fluoroquinolone,EW036_RS26255,genome,EW036_RS26245,genome,graph_context,2,EW036_RS26255;EW036_RS26250;EW036_RS26245,genomic_proximity;genomic_proximity,graph_derived,bounded_BFS (<= 4 hops),graph_derived
B36,aac(6')-Ib-cr5,fluoroquinolone,EW036_RS26255,genome,EW036_RS26265,genome,graph_context,2,EW036_RS26255;EW036_RS26260;EW036_RS26265,genomic_proximity;genomic_proximity,graph_derived,bounded_BFS (<= 4 hops),graph_derived
B36,aac(6')-Ib-cr5,fluoroquinolone,EW036_RS26255,genome,WP_000003071.1,proteome,graph_context,2,"EW036_RS26255;COG_J: Translation, ribosomal structure and biogenesis;WP_000003071.1",member_of_cog_category;member_of_cog_category,annotation_mediated,bounded_BFS (<= 4 hops),annotation_mediated
B36,aac(6')-Ib-cr5,fluoroquinolone,EW036_RS26255,genome,WP_000003317.1,proteome,graph_context,2,"EW036_RS26255;COG_J: Translation, ribosomal structure and biogenesis;WP_000003317.1",member_of_cog_category;member_of_cog_category,annotation_mediated,bounded_BFS (<= 4 hops),annotation_mediated
B36,aac(6')-Ib-cr5,fluoroquinolone,EW036_RS26255,genome,WP_000003806.1,proteome,graph_context,2,"EW036_RS26255;COG_J: Translation, ribosomal structure and biogenesis;WP_000003806.1",member_of_cog_category;member_of_cog_category,annotation_mediated,bounded_BFS (<= 4 hops),annotation_mediated
B36,aac(6')-Ib-cr5,fluoroquinolone,EW036_RS26255,genome,WP_000004421.1,proteome,graph_context,2,"EW036_RS26255;COG_J: Translation, ribosomal structure and biogenesis;WP_000004421.1",member_of_cog_category;member_of_cog_category,annotation_mediated,bounded_BFS (<= 4 hops),annotation_mediated
B36,aac(6')-Ib-cr5,fluoroquinolone,EW036_RS26255,genome,WP_000004771.1,proteome,graph_context,2,"EW036_RS26255;COG_J: Translation, ribosomal structure and biogenesis;WP_000004771.1",member_of_cog_category;member_of_cog_category,annotation_mediated,bounded_BFS (<= 4 hops),annotation_mediated
B36,aac(6')-Ib-cr5,fluoroquinolone,EW036_RS26255,genome,WP_000010096.1,proteome,graph_context,2,"EW036_RS26255;COG_J: Translation, ribosomal structure and biogenesis;WP_000010096.1",member_of_cog_category;member_of_cog_category,annotation_mediated,bounded_BFS (<= 4 hops),annotation_mediated
B36,aac(6')-Ib-cr5,fluoroquinolone,EW036_RS26255,genome,WP_000018588.1,proteome,graph_context,2,"EW036_RS26255;COG_J: Translation, ribosomal structure and biogenesis;WP_000018588.1",member_of_cog_category;member_of_cog_category,annotation_mediated,bounded_BFS (<= 4 hops),annotation_mediated
B36,aac(6')-Ib-cr5,fluoroquinolone,EW036_RS26255,genome,WP_000018703.1,proteome,graph_context,2,"EW036_RS26255;COG_J: Translation, ribosomal structure and biogenesis;WP_000018703.1",member_of_cog_category;member_of_cog_category,annotation_mediated,bounded_BFS (<= 4 hops),annotation_mediated
B36,aac(6')-Ib-cr5,fluoroquinolone,EW036_RS26255,genome,WP_000019588.1,proteome,graph_context,2,"EW036_RS26255;COG_J: Translation, ribosomal structure and biogenesis;WP_000019588.1",member_of_cog_category;member_of_cog_category,annotation_mediated,bounded_BFS (<= 4 hops),annotation_mediated
B36,aac(6')-Ib-cr5,fluoroquinolone,EW036_RS26255,genome,WP_000028878.1,proteome,graph_context,2,"EW036_RS26255;COG_J: Translation, ribosomal structure and biogenesis;WP_000028878.1",member_of_cog_category;member_of_cog_category,annotation_mediated,bounded_BFS (<= 4 hops),annotation_mediated
B36,aac(6')-Ib-cr5,fluoroquinolone,EW036_RS26255,genome,WP_000031784.1,proteome,graph_context,2,"EW036_RS26255;COG_J: Translation, ribosomal structure and biogenesis;WP_000031784.1",member_of_cog_category;member_of_cog_category,annotation_mediated,bounded_BFS (<= 4 hops),annotation_mediated
B36,aac(6')-Ib-cr5,fluoroquinolone,EW036_RS26255,genome,WP_000041976.1,proteome,graph_context,2,"EW036_RS26255;COG_J: Translation, ribosomal structure and biogenesis;WP_000041976.1",member_of_cog_category;member_of_cog_category,annotation_mediated,bounded_BFS (<= 4 hops),annotation_mediated
B36,aac(6')-Ib-cr5,fluoroquinolone,EW036_RS26255,genome,WP_000043335.1,proteome,graph_context,2,"EW036_RS26255;COG_J: Translation, ribosomal structure and biogenesis;WP_000043335.1",member_of_cog_category;member_of_cog_category,annotation_mediated,bounded_BFS (<= 4 hops),annotation_mediated
B36,aac(6')-Ib-cr5,fluoroquinolone,EW036_RS26255,genome,WP_000046817.1,proteome,graph_context,2,"EW036_RS26255;COG_J: Translation, ribosomal structure and biogenesis;WP_000046817.1",member_of_cog_category;member_of_cog_category,annotation_mediated,bounded_BFS (<= 4 hops),annotation_mediated
B36,aac(6')-Ib-cr5,fluoroquinolone,EW036_RS26255,genome,WP_000047157.1,proteome,graph_context,2,"EW036_RS26255;COG_J: Translation, ribosomal structure and biogenesis;WP_000047157.1",member_of_cog_category;member_of_cog_category,annotation_mediated,bounded_BFS (<= 4 hops),annotation_mediated
B36,aac(6')-Ib-cr5,fluoroquinolone,EW036_RS26255,genome,WP_000047499.1,proteome,graph_context,2,"EW036_RS26255;COG_J: Translation, ribosomal structure and biogenesis;WP_000047499.1",member_of_cog_category;member_of_cog_category,annotation_mediated,bounded_BFS (<= 4 hops),annotation_mediated
B36,aac(6')-Ib-cr5,fluoroquinolone,EW036_RS26255,genome,WP_000047539.1,proteome,graph_context,2,"EW036_RS26255;COG_J: Translation, ribosomal structure and biogenesis;WP_000047539.1",member_of_cog_category;member_of_cog_category,annotation_mediated,bounded_BFS (<= 4 hops),annotation_mediated
B36,aac(6')-Ib-cr5,fluoroquinolone,EW036_RS26255,genome,WP_000049367.1,proteome,graph_context,2,"EW036_RS26255;COG_J: Translation, ribosomal structure and biogenesis;WP_000049367.1",member_of_cog_category;member_of_cog_category,annotation_mediated,bounded_BFS (<= 4 hops),annotation_mediated
B36,aac(6')-Ib-cr5,fluoroquinolone,EW036_RS26255,genome,WP_000059466.1,proteome,graph_context,2,"EW036_RS26255;COG_J: Translation, ribosomal structure and biogenesis;WP_000059466.1",member_of_cog_category;member_of_cog_category,annotation_mediated,bounded_BFS (<= 4 hops),annotation_mediated
B36,aac(6')-Ib-cr5,fluoroquinolone,EW036_RS26255,genome,WP_000062611.1,proteome,graph_context,2,"EW036_RS26255;COG_J: Translation, ribosomal structure and biogenesis;WP_000062611.1",member_of_cog_category;member_of_cog_category,annotation_mediated,bounded_BFS (<= 4 hops),annotation_mediated
B36,aac(6')-Ib-cr5,fluoroquinolone,EW036_RS26255,genome,WP_000065253.1,proteome,graph_context,2,"EW036_RS26255;COG_J: Translation, ribosomal structure and biogenesis;WP_000065253.1",member_of_cog_category;member_of_cog_category,annotation_mediated,bounded_BFS (<= 4 hops),annotation_mediated
B36,aac(6')-Ib-cr5,fluoroquinolone,EW036_RS26255,genome,WP_000074527.1,proteome,graph_context,2,WP_063840321.1;GO:0046677: P:response to antibiotic;WP_000074527.1,member_of_go_term;member_of_go_term,annotation_mediated,bounded_BFS (<= 4 hops),annotation_mediated
B36,aac(6')-Ib-cr5,fluoroquinolone,EW036_RS26255,genome,WP_000076322.1,proteome,graph_context,2,"EW036_RS26255;COG_J: Translation, ribosomal structure and biogenesis;WP_000076322.1",member_of_cog_category;member_of_cog_category,annotation_mediated,bounded_BFS (<= 4 hops),annotation_mediated
B36,aac(6')-Ib-cr5,fluoroquinolone,EW036_RS26255,genome,WP_000079111.1,proteome,graph_context,2,"EW036_RS26255;COG_J: Translation, ribosomal structure and biogenesis;WP_000079111.1",member_of_cog_category;member_of_cog_category,annotation_mediated,bounded_BFS (<= 4 hops),annotation_mediated
B36,aac(6')-Ib-cr5,fluoroquinolone,EW036_RS26255,genome,WP_000082935.1,proteome,graph_context,2,"EW036_RS26255;COG_J: Translation, ribosomal structure and biogenesis;WP_000082935.1",member_of_cog_category;member_of_cog_category,annotation_mediated,bounded_BFS (<= 4 hops),annotation_mediated
B36,aac(6')-Ib-cr5,fluoroquinolone,EW036_RS26255,genome,WP_000083664.1,proteome,graph_context,2,"EW036_RS26255;COG_J: Translation, ribosomal structure and biogenesis;WP_000083664.1",member_of_cog_category;member_of_cog_category,annotation_mediated,bounded_BFS (<= 4 hops),annotation_mediated
B36,aac(6')-Ib-cr5,fluoroquinolone,EW036_RS26255,genome,WP_000084467.1,proteome,graph_context,2,"EW036_RS26255;COG_J: Translation, ribosomal structure and biogenesis;WP_000084467.1",member_of_cog_category;member_of_cog_category,annotation_mediated,bounded_BFS (<= 4 hops),annotation_mediated
B36,aac(6')-Ib-cr5,fluoroquinolone,EW036_RS26255,genome,WP_000089698.1,proteome,graph_context,2,"EW036_RS26255;COG_J: Translation, ribosomal structure and biogenesis;WP_000089698.1",member_of_cog_category;member_of_cog_category,annotation_mediated,bounded_BFS (<= 4 hops),annotation_mediated
B36,aac(6')-Ib-cr5,fluoroquinolone,EW036_RS26255,genome,WP_000090775.1,proteome,graph_context,2,"EW036_RS26255;COG_J: Translation, ribosomal structure and biogenesis;WP_000090775.1",member_of_cog_category;member_of_cog_category,annotation_mediated,bounded_BFS (<= 4 hops),annotation_mediated
B36,aac(6')-Ib-cr5,fluoroquinolone,EW036_RS26255,genome,WP_000091945.1,proteome,graph_context,2,"EW036_RS26255;COG_J: Translation, ribosomal structure and biogenesis;WP_000091945.1",member_of_cog_category;member_of_cog_category,annotation_mediated,bounded_BFS (<= 4 hops),annotation_mediated
B36,aac(6')-Ib-cr5,fluoroquinolone,EW036_RS26255,genome,WP_000091955.1,proteome,graph_context,2,"EW036_RS26255;COG_J: Translation, ribosomal structure and biogenesis;WP_000091955.1",member_of_cog_category;member_of_cog_category,annotation_mediated,bounded_BFS (<= 4 hops),annotation_mediated
B36,aac(6')-Ib-cr5,fluoroquinolone,EW036_RS26255,genome,WP_000105853.1,proteome,graph_context,2,"EW036_RS26255;COG_J: Translation, ribosomal structure and biogenesis;WP_000105853.1",member_of_cog_category;member_of_cog_category,annotation_mediated,bounded_BFS (<= 4 hops),annotation_mediated
B36,aac(6')-Ib-cr5,fluoroquinolone,EW036_RS26255,genome,WP_000114984.1,proteome,graph_context,2,"EW036_RS26255;COG_J: Translation, ribosomal structure and biogenesis;WP_000114984.1",member_of_cog_category;member_of_cog_category,annotation_mediated,bounded_BFS (<= 4 hops),annotation_mediated
B36,aac(6')-Ib-cr5,fluoroquinolone,EW036_RS26255,genome,WP_000116318.1,proteome,graph_context,2,"EW036_RS26255;COG_J: Translation, ribosomal structure and biogenesis;WP_000116318.1",member_of_cog_category;member_of_cog_category,annotation_mediated,bounded_BFS (<= 4 hops),annotation_mediated
B36,aac(6')-Ib-cr5,fluoroquinolone,EW036_RS26255,genome,WP_000117888.1,proteome,graph_context,2,"EW036_RS26255;COG_J: Translation, ribosomal structure and biogenesis;WP_000117888.1",member_of_cog_category;member_of_cog_category,annotation_mediated,bounded_BFS (<= 4 hops),annotation_mediated
B36,aac(6')-Ib-cr5,fluoroquinolone,EW036_RS26255,genome,WP_000123197.1,proteome,graph_context,2,"EW036_RS26255;COG_J: Translation, ribosomal structure and biogenesis;WP_000123197.1",member_of_cog_category;member_of_cog_category,annotation_mediated,bounded_BFS (<= 4 hops),annotation_mediated
B36,aac(6')-Ib-cr5,fluoroquinolone,EW036_RS26255,genome,WP_000124700.1,proteome,graph_context,2,"EW036_RS26255;COG_J: Translation, ribosomal structure and biogenesis;WP_000124700.1",member_of_cog_category;member_of_cog_category,annotation_mediated,bounded_BFS (<= 4 hops),annotation_mediated
B36,aac(6')-Ib-cr5,fluoroquinolone,EW036_RS26255,genome,WP_000124850.1,proteome,graph_context,2,"EW036_RS26255;COG_J: Translation, ribosomal structure and biogenesis;WP_000124850.1",member_of_cog_category;member_of_cog_category,annotation_mediated,bounded_BFS (<= 4 hops),annotation_mediated
B36,aac(6')-Ib-cr5,fluoroquinolone,EW036_RS26255,genome,WP_000130100.1,proteome,graph_context,2,"EW036_RS26255;COG_J: Translation, ribosomal structure and biogenesis;WP_000130100.1",member_of_cog_category;member_of_cog_category,annotation_mediated,bounded_BFS (<= 4 hops),annotation_mediated
B36,aac(6')-Ib-cr5,fluoroquinolone,EW036_RS26255,genome,WP_000130621.1,proteome,graph_context,2,"EW036_RS26255;COG_J: Translation, ribosomal structure and biogenesis;WP_000130621.1",member_of_cog_category;member_of_cog_category,annotation_mediated,bounded_BFS (<= 4 hops),annotation_mediated
B36,aac(6')-Ib-cr5,fluoroquinolone,EW036_RS26255,genome,WP_000133040.1,proteome,graph_context,2,"EW036_RS26255;COG_J: Translation, ribosomal structure and biogenesis;WP_000133040.1",member_of_cog_category;member_of_cog_category,annotation_mediated,bounded_BFS (<= 4 hops),annotation_mediated
B36,aac(6')-Ib-cr5,fluoroquinolone,EW036_RS26255,genome,WP_000135199.1,proteome,graph_context,2,"EW036_RS26255;COG_J: Translation, ribosomal structure and biogenesis;WP_000135199.1",member_of_cog_category;member_of_cog_category,annotation_mediated,bounded_BFS (<= 4 hops),annotation_mediated
B36,aac(6')-Ib-cr5,fluoroquinolone,EW036_RS26255,genome,WP_000135224.1,proteome,graph_context,2,"EW036_RS26255;COG_J: Translation, ribosomal structure and biogenesis;WP_000135224.1",member_of_cog_category;member_of_cog_category,annotation_mediated,bounded_BFS (<= 4 hops),annotation_mediated
B36,aac(6')-Ib-cr5,fluoroquinolone,EW036_RS26255,genome,WP_000140327.1,proteome,graph_context,2,"EW036_RS26255;COG_J: Translation, ribosomal structure and biogenesis;WP_000140327.1",member_of_cog_category;member_of_cog_category,annotation_mediated,bounded_BFS (<= 4 hops),annotation_mediated
B36,aac(6')-Ib-cr5,fluoroquinolone,EW036_RS26255,genome,WP_000145975.1,proteome,graph_context,2,"EW036_RS26255;COG_J: Translation, ribosomal structure and biogenesis;WP_000145975.1",member_of_cog_category;member_of_cog_category,annotation_mediated,bounded_BFS (<= 4 hops),annotation_mediated
B36,aac(6')-Ib-cr5,fluoroquinolone,EW036_RS26255,genome,WP_000152940.1,proteome,graph_context,2,"EW036_RS26255;COG_J: Translation, ribosomal structure and biogenesis;WP_000152940.1",member_of_cog_category;member_of_cog_category,annotation_mediated,bounded_BFS (<= 4 hops),annotation_mediated
B36,aac(6')-Ib-cr5,fluoroquinolone,EW036_RS26255,genome,WP_000162574.1,proteome,graph_context,2,"EW036_RS26255;COG_J: Translation, ribosomal structure and biogenesis;WP_000162574.1",member_of_cog_category;member_of_cog_category,annotation_mediated,bounded_BFS (<= 4 hops),annotation_mediated
B36,aac(6')-Ib-cr5,fluoroquinolone,EW036_RS26255,genome,WP_000162747.1,proteome,graph_context,2,"EW036_RS26255;COG_J: Translation, ribosomal structure and biogenesis;WP_000162747.1",member_of_cog_category;member_of_cog_category,annotation_mediated,bounded_BFS (<= 4 hops),annotation_mediated
B36,aac(6')-Ib-cr5,fluoroquinolone,EW036_RS26255,genome,WP_000165543.1,proteome,graph_context,2,"EW036_RS26255;COG_J: Translation, ribosomal structure and biogenesis;WP_000165543.1",member_of_cog_category;member_of_cog_category,annotation_mediated,bounded_BFS (<= 4 hops),annotation_mediated
B36,aac(6')-Ib-cr5,fluoroquinolone,EW036_RS26255,genome,WP_000175943.1,proteome,graph_context,2,"EW036_RS26255;COG_J: Translation, ribosomal structure and biogenesis;WP_000175943.1",member_of_cog_category;member_of_cog_category,annotation_mediated,bounded_BFS (<= 4 hops),annotation_mediated
B36,aac(6')-Ib-cr5,fluoroquinolone,EW036_RS26255,genome,WP_000176523.1,proteome,graph_context,2,"EW036_RS26255;COG_J: Translation, ribosomal structure and biogenesis;WP_000176523.1",member_of_cog_category;member_of_cog_category,annotation_mediated,bounded_BFS (<= 4 hops),annotation_mediated
B36,aac(6')-Ib-cr5,fluoroquinolone,EW036_RS26255,genome,WP_000178456.1,proteome,graph_context,2,"EW036_RS26255;COG_J: Translation, ribosomal structure and biogenesis;WP_000178456.1",member_of_cog_category;member_of_cog_category,annotation_mediated,bounded_BFS (<= 4 hops),annotation_mediated
B36,aac(6')-Ib-cr5,fluoroquinolone,EW036_RS26255,genome,WP_000186633.1,proteome,graph_context,2,"EW036_RS26255;COG_J: Translation, ribosomal structure and biogenesis;WP_000186633.1",member_of_cog_category;member_of_cog_category,annotation_mediated,bounded_BFS (<= 4 hops),annotation_mediated
B36,aac(6')-Ib-cr5,fluoroquinolone,EW036_RS26255,genome,WP_000186998.1,proteome,graph_context,2,"EW036_RS26255;COG_J: Translation, ribosomal structure and biogenesis;WP_000186998.1",member_of_cog_category;member_of_cog_category,annotation_mediated,bounded_BFS (<= 4 hops),annotation_mediated
B36,aac(6')-Ib-cr5,fluoroquinolone,EW036_RS26255,genome,WP_000206260.1,proteome,graph_context,2,"EW036_RS26255;COG_J: Translation, ribosomal structure and biogenesis;WP_000206260.1",member_of_cog_category;member_of_cog_category,annotation_mediated,bounded_BFS (<= 4 hops),annotation_mediated
B36,aac(6')-Ib-cr5,fluoroquinolone,EW036_RS26255,genome,WP_000218217.1,proteome,graph_context,2,"EW036_RS26255;COG_J: Translation, ribosomal structure and biogenesis;WP_000218217.1",member_of_cog_category;member_of_cog_category,annotation_mediated,bounded_BFS (<= 4 hops),annotation_mediated
B36,aac(6')-Ib-cr5,fluoroquinolone,EW036_RS26255,genome,WP_000239590.1,proteome,graph_context,2,WP_063840321.1;GO:0046677: P:response to antibiotic;WP_000239590.1,member_of_go_term;member_of_go_term,annotation_mediated,bounded_BFS (<= 4 hops),annotation_mediated
B36,aac(6')-Ib-cr5,fluoroquinolone,EW036_RS26255,genome,WP_000239730.1,proteome,graph_context,2,"EW036_RS26255;COG_J: Translation, ribosomal structure and biogenesis;WP_000239730.1",member_of_cog_category;member_of_cog_category,annotation_mediated,bounded_BFS (<= 4 hops),annotation_mediated
B36,aac(6')-Ib-cr5,fluoroquinolone,EW036_RS26255,genome,WP_000246815.1,proteome,graph_context,2,"EW036_RS26255;COG_J: Translation, ribosomal structure and biogenesis;WP_000246815.1",member_of_cog_category;member_of_cog_category,annotation_mediated,bounded_BFS (<= 4 hops),annotation_mediated
B36,aac(6')-Ib-cr5,fluoroquinolone,EW036_RS26255,genome,WP_000246882.1,proteome,graph_context,2,"EW036_RS26255;COG_J: Translation, ribosomal structure and biogenesis;WP_000246882.1",member_of_cog_category;member_of_cog_category,annotation_mediated,bounded_BFS (<= 4 hops),annotation_mediated
B36,aac(6')-Ib-cr5,fluoroquinolone,EW036_RS26255,genome,WP_000254708.1,proteome,graph_context,2,"EW036_RS26255;COG_J: Translation, ribosomal structure and biogenesis;WP_000254708.1",member_of_cog_category;member_of_cog_category,annotation_mediated,bounded_BFS (<= 4 hops),annotation_mediated
B36,aac(6')-Ib-cr5,fluoroquinolone,EW036_RS26255,genome,WP_000256450.1,proteome,graph_context,2,"EW036_RS26255;COG_J: Translation, ribosomal structure and biogenesis;WP_000256450.1",member_of_cog_category;member_of_cog_category,annotation_mediated,bounded_BFS (<= 4 hops),annotation_mediated
B36,aac(6')-Ib-cr5,fluoroquinolone,EW036_RS26255,genome,WP_000257278.1,proteome,graph_context,2,"EW036_RS26255;COG_J: Translation, ribosomal structure and biogenesis;WP_000257278.1",member_of_cog_category;member_of_cog_category,annotation_mediated,bounded_BFS (<= 4 hops),annotation_mediated
B36,aac(6')-Ib-cr5,fluoroquinolone,EW036_RS26255,genome,WP_000259031.1,proteome,graph_context,2,WP_063840321.1;GO:0046677: P:response to antibiotic;WP_000259031.1,member_of_go_term;member_of_go_term,annotation_mediated,bounded_BFS (<= 4 hops),annotation_mediated
B36,aac(6')-Ib-cr5,fluoroquinolone,EW036_RS26255,genome,WP_000263098.1,proteome,graph_context,2,WP_063840321.1;GO:0046677: P:response to antibiotic;WP_000263098.1,member_of_go_term;member_of_go_term,annotation_mediated,bounded_BFS (<= 4 hops),annotation_mediated
B36,aac(6')-Ib-cr5,fluoroquinolone,EW036_RS26255,genome,WP_000264790.1,proteome,graph_context,2,"EW036_RS26255;COG_J: Translation, ribosomal structure and biogenesis;WP_000264790.1",member_of_cog_category;member_of_cog_category,annotation_mediated,bounded_BFS (<= 4 hops),annotation_mediated
B36,aac(6')-Ib-cr5,fluoroquinolone,EW036_RS26255,genome,WP_000271401.1,proteome,graph_context,2,"EW036_RS26255;COG_J: Translation, ribosomal structure and biogenesis;WP_000271401.1",member_of_cog_category;member_of_cog_category,annotation_mediated,bounded_BFS (<= 4 hops),annotation_mediated
B36,aac(6')-Ib-cr5,fluoroquinolone,EW036_RS26255,genome,WP_000290727.1,proteome,graph_context,2,"EW036_RS26255;COG_J: Translation, ribosomal structure and biogenesis;WP_000290727.1",member_of_cog_category;member_of_cog_category,annotation_mediated,bounded_BFS (<= 4 hops),annotation_mediated
B36,aac(6')-Ib-cr5,fluoroquinolone,EW036_RS26255,genome,WP_000301864.1,proteome,graph_context,2,"EW036_RS26255;COG_J: Translation, ribosomal structure and biogenesis;WP_000301864.1",member_of_cog_category;member_of_cog_category,annotation_mediated,bounded_BFS (<= 4 hops),annotation_mediated
B36,aac(6')-Ib-cr5,fluoroquinolone,EW036_RS26255,genome,WP_000358960.1,proteome,graph_context,2,"EW036_RS26255;COG_J: Translation, ribosomal structure and biogenesis;WP_000358960.1",member_of_cog_category;member_of_cog_category,annotation_mediated,bounded_BFS (<= 4 hops),annotation_mediated
B36,aac(6')-Ib-cr5,fluoroquinolone,EW036_RS26255,genome,WP_000394132.1,proteome,graph_context,2,"EW036_RS26255;COG_J: Translation, ribosomal structure and biogenesis;WP_000394132.1",member_of_cog_category;member_of_cog_category,annotation_mediated,bounded_BFS (<= 4 hops),annotation_mediated
B36,aac(6')-Ib-cr5,fluoroquinolone,EW036_RS26255,genome,WP_000416407.1,proteome,graph_context,2,"EW036_RS26255;COG_J: Translation, ribosomal structure and biogenesis;WP_000416407.1",member_of_cog_category;member_of_cog_category,annotation_mediated,bounded_BFS (<= 4 hops),annotation_mediated
B36,aac(6')-Ib-cr5,fluoroquinolone,EW036_RS26255,genome,WP_000420117.1,proteome,graph_context,2,"EW036_RS26255;COG_J: Translation, ribosomal structure and biogenesis;WP_000420117.1",member_of_cog_category;member_of_cog_category,annotation_mediated,bounded_BFS (<= 4 hops),annotation_mediated
B36,aac(6')-Ib-cr5,fluoroquinolone,EW036_RS26255,genome,WP_000424395.1,proteome,graph_context,2,"EW036_RS26255;COG_J: Translation, ribosomal structure and biogenesis;WP_000424395.1",member_of_cog_category;member_of_cog_category,annotation_mediated,bounded_BFS (<= 4 hops),annotation_mediated
B36,aac(6')-Ib-cr5,fluoroquinolone,EW036_RS26255,genome,WP_000447529.1,proteome,graph_context,2,"EW036_RS26255;COG_J: Translation, ribosomal structure and biogenesis;WP_000447529.1",member_of_cog_category;member_of_cog_category,annotation_mediated,bounded_BFS (<= 4 hops),annotation_mediated
B36,aac(6')-Ib-cr5,fluoroquinolone,EW036_RS26255,genome,WP_000450588.1,proteome,graph_context,2,"EW036_RS26255;COG_J: Translation, ribosomal structure and biogenesis;WP_000450588.1",member_of_cog_category;member_of_cog_category,annotation_mediated,bounded_BFS (<= 4 hops),annotation_mediated
B36,aac(6')-Ib-cr5,fluoroquinolone,EW036_RS26255,genome,WP_000456450.1,proteome,graph_context,2,"EW036_RS26255;COG_J: Translation, ribosomal structure and biogenesis;WP_000456450.1",member_of_cog_category;member_of_cog_category,annotation_mediated,bounded_BFS (<= 4 hops),annotation_mediated
B36,aac(6')-Ib-cr5,fluoroquinolone,EW036_RS26255,genome,WP_000460357.1,proteome,graph_context,2,"EW036_RS26255;COG_J: Translation, ribosomal structure and biogenesis;WP_000460357.1",member_of_cog_category;member_of_cog_category,annotation_mediated,bounded_BFS (<= 4 hops),annotation_mediated
B36,aac(6')-Ib-cr5,fluoroquinolone,EW036_RS26255,genome,WP_000468182.1,proteome,graph_context,2,"EW036_RS26255;COG_J: Translation, ribosomal structure and biogenesis;WP_000468182.1",member_of_cog_category;member_of_cog_category,annotation_mediated,bounded_BFS (<= 4 hops),annotation_mediated
B36,aac(6')-Ib-cr5,fluoroquinolone,EW036_RS26255,genome,WP_000485012.1,proteome,graph_context,2,"EW036_RS26255;COG_J: Translation, ribosomal structure and biogenesis;WP_000485012.1",member_of_cog_category;member_of_cog_category,annotation_mediated,bounded_BFS (<= 4 hops),annotation_mediated
B36,aac(6')-Ib-cr5,fluoroquinolone,EW036_RS26255,genome,WP_000494186.1,proteome,graph_context,2,"EW036_RS26255;COG_J: Translation, ribosomal structure and biogenesis;WP_000494186.1",member_of_cog_category;member_of_cog_category,annotation_mediated,bounded_BFS (<= 4 hops),annotation_mediated
B36,aac(6')-Ib-cr5,fluoroquinolone,EW036_RS26255,genome,WP_000505872.1,proteome,graph_context,2,"EW036_RS26255;COG_J: Translation, ribosomal structure and biogenesis;WP_000505872.1",member_of_cog_category;member_of_cog_category,annotation_mediated,bounded_BFS (<= 4 hops),annotation_mediated
B36,aac(6')-Ib-cr5,fluoroquinolone,EW036_RS26255,genome,WP_000525208.1,proteome,graph_context,2,"EW036_RS26255;COG_J: Translation, ribosomal structure and biogenesis;WP_000525208.1",member_of_cog_category;member_of_cog_category,annotation_mediated,bounded_BFS (<= 4 hops),annotation_mediated
B36,aac(6')-Ib-cr5,fluoroquinolone,EW036_RS26255,genome,WP_000529945.1,proteome,graph_context,2,"EW036_RS26255;COG_J: Translation, ribosomal structure and biogenesis;WP_000529945.1",member_of_cog_category;member_of_cog_category,annotation_mediated,bounded_BFS (<= 4 hops),annotation_mediated
B36,aac(6')-Ib-cr5,fluoroquinolone,EW036_RS26255,genome,WP_000560981.1,proteome,graph_context,2,"EW036_RS26255;COG_J: Translation, ribosomal structure and biogenesis;WP_000560981.1",member_of_cog_category;member_of_cog_category,annotation_mediated,bounded_BFS (<= 4 hops),annotation_mediated
B36,aac(6')-Ib-cr5,fluoroquinolone,EW036_RS26255,genome,WP_000564759.1,proteome,graph_context,2,"EW036_RS26255;COG_J: Translation, ribosomal structure and biogenesis;WP_000564759.1",member_of_cog_category;member_of_cog_category,annotation_mediated,bounded_BFS (<= 4 hops),annotation_mediated
B36,aac(6')-Ib-cr5,fluoroquinolone,EW036_RS26255,genome,WP_000568920.1,proteome,graph_context,2,"EW036_RS26255;COG_J: Translation, ribosomal structure and biogenesis;WP_000568920.1",member_of_cog_category;member_of_cog_category,annotation_mediated,bounded_BFS (<= 4 hops),annotation_mediated
B36,aac(6')-Ib-cr5,fluoroquinolone,EW036_RS26255,genome,WP_000579833.1,proteome,graph_context,2,"EW036_RS26255;COG_J: Translation, ribosomal structure and biogenesis;WP_000579833.1",member_of_cog_category;member_of_cog_category,annotation_mediated,bounded_BFS (<= 4 hops),annotation_mediated
B36,aac(6')-Ib-cr5,fluoroquinolone,EW036_RS26255,genome,WP_000587626.1,proteome,graph_context,2,"EW036_RS26255;COG_J: Translation, ribosomal structure and biogenesis;WP_000587626.1",member_of_cog_category;member_of_cog_category,annotation_mediated,bounded_BFS (<= 4 hops),annotation_mediated
B36,aac(6')-Ib-cr5,fluoroquinolone,EW036_RS26255,genome,WP_000613955.1,proteome,graph_context,2,"EW036_RS26255;COG_J: Translation, ribosomal structure and biogenesis;WP_000613955.1",member_of_cog_category;member_of_cog_category,annotation_mediated,bounded_BFS (<= 4 hops),annotation_mediated
B36,aac(6')-Ib-cr5,fluoroquinolone,EW036_RS26255,genome,WP_000617544.1,proteome,graph_context,2,"EW036_RS26255;COG_J: Translation, ribosomal structure and biogenesis;WP_000617544.1",member_of_cog_category;member_of_cog_category,annotation_mediated,bounded_BFS (<= 4 hops),annotation_mediated
B36,aac(6')-Ib-cr5,fluoroquinolone,EW036_RS26255,genome,WP_000617723.1,proteome,graph_context,2,WP_063840321.1;GO:0046677: P:response to antibiotic;WP_000617723.1,member_of_go_term;member_of_go_term,annotation_mediated,bounded_BFS (<= 4 hops),annotation_mediated
B36,aac(6')-Ib-cr5,fluoroquinolone,EW036_RS26255,genome,WP_000622418.1,proteome,graph_context,2,"EW036_RS26255;COG_J: Translation, ribosomal structure and biogenesis;WP_000622418.1",member_of_cog_category;member_of_cog_category,annotation_mediated,bounded_BFS (<= 4 hops),annotation_mediated
B36,aac(6')-Ib-cr5,fluoroquinolone,EW036_RS26255,genome,WP_000624375.1,proteome,graph_context,2,WP_063840321.1;GO:0046677: P:response to antibiotic;WP_000624375.1,member_of_go_term;member_of_go_term,annotation_mediated,bounded_BFS (<= 4 hops),annotation_mediated
B36,aac(6')-Ib-cr5,fluoroquinolone,EW036_RS26255,genome,WP_000644741.1,proteome,graph_context,2,"EW036_RS26255;COG_J: Translation, ribosomal structure and biogenesis;WP_000644741.1",member_of_cog_category;member_of_cog_category,annotation_mediated,bounded_BFS (<= 4 hops),annotation_mediated
B36,aac(6')-Ib-cr5,fluoroquinolone,EW036_RS26255,genome,WP_000672320.1,proteome,graph_context,2,"EW036_RS26255;COG_J: Translation, ribosomal structure and biogenesis;WP_000672320.1",member_of_cog_category;member_of_cog_category,annotation_mediated,bounded_BFS (<= 4 hops),annotation_mediated
B36,aac(6')-Ib-cr5,fluoroquinolone,EW036_RS26255,genome,WP_000683761.1,proteome,graph_context,2,"EW036_RS26255;COG_J: Translation, ribosomal structure and biogenesis;WP_000683761.1",member_of_cog_category;member_of_cog_category,annotation_mediated,bounded_BFS (<= 4 hops),annotation_mediated
B36,aac(6')-Ib-cr5,fluoroquinolone,EW036_RS26255,genome,WP_000695662.1,proteome,graph_context,2,"EW036_RS26255;COG_J: Translation, ribosomal structure and biogenesis;WP_000695662.1",member_of_cog_category;member_of_cog_category,annotation_mediated,bounded_BFS (<= 4 hops),annotation_mediated
B36,aac(6')-Ib-cr5,fluoroquinolone,EW036_RS26255,genome,WP_000708473.1,proteome,graph_context,2,"EW036_RS26255;COG_J: Translation, ribosomal structure and biogenesis;WP_000708473.1",member_of_cog_category;member_of_cog_category,annotation_mediated,bounded_BFS (<= 4 hops),annotation_mediated
B36,aac(6')-Ib-cr5,fluoroquinolone,EW036_RS26255,genome,WP_000710769.1,proteome,graph_context,2,"EW036_RS26255;COG_J: Translation, ribosomal structure and biogenesis;WP_000710769.1",member_of_cog_category;member_of_cog_category,annotation_mediated,bounded_BFS (<= 4 hops),annotation_mediated
B36,aac(6')-Ib-cr5,fluoroquinolone,EW036_RS26255,genome,WP_000729186.1,proteome,graph_context,2,"EW036_RS26255;COG_J: Translation, ribosomal structure and biogenesis;WP_000729186.1",member_of_cog_category;member_of_cog_category,annotation_mediated,bounded_BFS (<= 4 hops),annotation_mediated
B36,aac(6')-Ib-cr5,fluoroquinolone,EW036_RS26255,genome,WP_000743189.1,proteome,graph_context,2,"EW036_RS26255;COG_J: Translation, ribosomal structure and biogenesis;WP_000743189.1",member_of_cog_category;member_of_cog_category,annotation_mediated,bounded_BFS (<= 4 hops),annotation_mediated
B36,aac(6')-Ib-cr5,fluoroquinolone,EW036_RS26255,genome,WP_000744765.1,proteome,graph_context,2,"EW036_RS26255;COG_J: Translation, ribosomal structure and biogenesis;WP_000744765.1",member_of_cog_category;member_of_cog_category,annotation_mediated,bounded_BFS (<= 4 hops),annotation_mediated
B36,aac(6')-Ib-cr5,fluoroquinolone,EW036_RS26255,genome,WP_000753589.1,proteome,graph_context,2,"EW036_RS26255;COG_J: Translation, ribosomal structure and biogenesis;WP_000753589.1",member_of_cog_category;member_of_cog_category,annotation_mediated,bounded_BFS (<= 4 hops),annotation_mediated
B36,aac(6')-Ib-cr5,fluoroquinolone,EW036_RS26255,genome,WP_000776104.1,proteome,graph_context,2,"EW036_RS26255;COG_J: Translation, ribosomal structure and biogenesis;WP_000776104.1",member_of_cog_category;member_of_cog_category,annotation_mediated,bounded_BFS (<= 4 hops),annotation_mediated
B36,aac(6')-Ib-cr5,fluoroquinolone,EW036_RS26255,genome,WP_000776191.1,proteome,graph_context,2,WP_063840321.1;GO:0046677: P:response to antibiotic;WP_000776191.1,member_of_go_term;member_of_go_term,annotation_mediated,bounded_BFS (<= 4 hops),annotation_mediated
B36,aac(6')-Ib-cr5,fluoroquinolone,EW036_RS26255,genome,WP_000786911.1,proteome,graph_context,2,"EW036_RS26255;COG_J: Translation, ribosomal structure and biogenesis;WP_000786911.1",member_of_cog_category;member_of_cog_category,annotation_mediated,bounded_BFS (<= 4 hops),annotation_mediated
B36,aac(6')-Ib-cr5,fluoroquinolone,EW036_RS26255,genome,WP_000790159.1,proteome,graph_context,2,"EW036_RS26255;COG_J: Translation, ribosomal structure and biogenesis;WP_000790159.1",member_of_cog_category;member_of_cog_category,annotation_mediated,bounded_BFS (<= 4 hops),annotation_mediated
B36,aac(6')-Ib-cr5,fluoroquinolone,EW036_RS26255,genome,WP_000792973.1,proteome,graph_context,2,"EW036_RS26255;COG_J: Translation, ribosomal structure and biogenesis;WP_000792973.1",member_of_cog_category;member_of_cog_category,annotation_mediated,bounded_BFS (<= 4 hops),annotation_mediated
B36,aac(6')-Ib-cr5,fluoroquinolone,EW036_RS26255,genome,WP_000803998.1,proteome,graph_context,2,"EW036_RS26255;COG_J: Translation, ribosomal structure and biogenesis;WP_000803998.1",member_of_cog_category;member_of_cog_category,annotation_mediated,bounded_BFS (<= 4 hops),annotation_mediated
B36,aac(6')-Ib-cr5,fluoroquinolone,EW036_RS26255,genome,WP_000804064.1,proteome,graph_context,2,WP_063840321.1;GO:0046677: P:response to antibiotic;WP_000804064.1,member_of_go_term;member_of_go_term,annotation_mediated,bounded_BFS (<= 4 hops),annotation_mediated
B36,aac(6')-Ib-cr5,fluoroquinolone,EW036_RS26255,genome,WP_000804726.1,proteome,graph_context,2,"EW036_RS26255;COG_J: Translation, ribosomal structure and biogenesis;WP_000804726.1",member_of_cog_category;member_of_cog_category,annotation_mediated,bounded_BFS (<= 4 hops),annotation_mediated
B36,aac(6')-Ib-cr5,fluoroquinolone,EW036_RS26255,genome,WP_000809258.1,proteome,graph_context,2,"EW036_RS26255;COG_J: Translation, ribosomal structure and biogenesis;WP_000809258.1",member_of_cog_category;member_of_cog_category,annotation_mediated,bounded_BFS (<= 4 hops),annotation_mediated
B36,aac(6')-Ib-cr5,fluoroquinolone,EW036_RS26255,genome,WP_000818114.1,proteome,graph_context,2,"EW036_RS26255;COG_J: Translation, ribosomal structure and biogenesis;WP_000818114.1",member_of_cog_category;member_of_cog_category,annotation_mediated,bounded_BFS (<= 4 hops),annotation_mediated
B36,aac(6')-Ib-cr5,fluoroquinolone,EW036_RS26255,genome,WP_000818618.1,proteome,graph_context,2,WP_063840321.1;GO:0046677: P:response to antibiotic;WP_000818618.1,member_of_go_term;member_of_go_term,annotation_mediated,bounded_BFS (<= 4 hops),annotation_mediated
B36,aac(6')-Ib-cr5,fluoroquinolone,EW036_RS26255,genome,WP_000827406.1,proteome,graph_context,2,"EW036_RS26255;COG_J: Translation, ribosomal structure and biogenesis;WP_000827406.1",member_of_cog_category;member_of_cog_category,annotation_mediated,bounded_BFS (<= 4 hops),annotation_mediated
B36,aac(6')-Ib-cr5,fluoroquinolone,EW036_RS26255,genome,WP_000828648.1,proteome,graph_context,2,"EW036_RS26255;COG_J: Translation, ribosomal structure and biogenesis;WP_000828648.1",member_of_cog_category;member_of_cog_category,annotation_mediated,bounded_BFS (<= 4 hops),annotation_mediated
B36,aac(6')-Ib-cr5,fluoroquinolone,EW036_RS26255,genome,WP_000829367.1,proteome,graph_context,2,"EW036_RS26255;COG_J: Translation, ribosomal structure and biogenesis;WP_000829367.1",member_of_cog_category;member_of_cog_category,annotation_mediated,bounded_BFS (<= 4 hops),annotation_mediated
B36,aac(6')-Ib-cr5,fluoroquinolone,EW036_RS26255,genome,WP_000829818.1,proteome,graph_context,2,"EW036_RS26255;COG_J: Translation, ribosomal structure and biogenesis;WP_000829818.1",member_of_cog_category;member_of_cog_category,annotation_mediated,bounded_BFS (<= 4 hops),annotation_mediated
B36,aac(6')-Ib-cr5,fluoroquinolone,EW036_RS26255,genome,WP_000831330.1,proteome,graph_context,2,"EW036_RS26255;COG_J: Translation, ribosomal structure and biogenesis;WP_000831330.1",member_of_cog_category;member_of_cog_category,annotation_mediated,bounded_BFS (<= 4 hops),annotation_mediated
B36,aac(6')-Ib-cr5,fluoroquinolone,EW036_RS26255,genome,WP_000841554.1,proteome,graph_context,2,"EW036_RS26255;COG_J: Translation, ribosomal structure and biogenesis;WP_000841554.1",member_of_cog_category;member_of_cog_category,annotation_mediated,bounded_BFS (<= 4 hops),annotation_mediated
B36,aac(6')-Ib-cr5,fluoroquinolone,EW036_RS26255,genome,WP_000846342.1,proteome,graph_context,2,"EW036_RS26255;COG_J: Translation, ribosomal structure and biogenesis;WP_000846342.1",member_of_cog_category;member_of_cog_category,annotation_mediated,bounded_BFS (<= 4 hops),annotation_mediated
B36,aac(6')-Ib-cr5,fluoroquinolone,EW036_RS26255,genome,WP_000847559.1,proteome,graph_context,2,"EW036_RS26255;COG_J: Translation, ribosomal structure and biogenesis;WP_000847559.1",member_of_cog_category;member_of_cog_category,annotation_mediated,bounded_BFS (<= 4 hops),annotation_mediated
B36,aac(6')-Ib-cr5,fluoroquinolone,EW036_RS26255,genome,WP_000868187.1,proteome,graph_context,2,"EW036_RS26255;COG_J: Translation, ribosomal structure and biogenesis;WP_000868187.1",member_of_cog_category;member_of_cog_category,annotation_mediated,bounded_BFS (<= 4 hops),annotation_mediated
B36,aac(6')-Ib-cr5,fluoroquinolone,EW036_RS26255,genome,WP_000886084.1,proteome,graph_context,2,"EW036_RS26255;COG_J: Translation, ribosomal structure and biogenesis;WP_000886084.1",member_of_cog_category;member_of_cog_category,annotation_mediated,bounded_BFS (<= 4 hops),annotation_mediated
B36,aac(6')-Ib-cr5,fluoroquinolone,EW036_RS26255,genome,WP_000886683.1,proteome,graph_context,2,"EW036_RS26255;COG_J: Translation, ribosomal structure and biogenesis;WP_000886683.1",member_of_cog_category;member_of_cog_category,annotation_mediated,bounded_BFS (<= 4 hops),annotation_mediated
B36,aac(6')-Ib-cr5,fluoroquinolone,EW036_RS26255,genome,WP_000903381.1,proteome,graph_context,2,"EW036_RS26255;COG_J: Translation, ribosomal structure and biogenesis;WP_000903381.1",member_of_cog_category;member_of_cog_category,annotation_mediated,bounded_BFS (<= 4 hops),annotation_mediated
B36,aac(6')-Ib-cr5,fluoroquinolone,EW036_RS26255,genome,WP_000904443.1,proteome,graph_context,2,"EW036_RS26255;COG_J: Translation, ribosomal structure and biogenesis;WP_000904443.1",member_of_cog_category;member_of_cog_category,annotation_mediated,bounded_BFS (<= 4 hops),annotation_mediated
B36,aac(6')-Ib-cr5,fluoroquinolone,EW036_RS26255,genome,WP_000906486.1,proteome,graph_context,2,"EW036_RS26255;COG_J: Translation, ribosomal structure and biogenesis;WP_000906486.1",member_of_cog_category;member_of_cog_category,annotation_mediated,bounded_BFS (<= 4 hops),annotation_mediated
B36,aac(6')-Ib-cr5,fluoroquinolone,EW036_RS26255,genome,WP_000912352.1,proteome,graph_context,2,"EW036_RS26255;COG_J: Translation, ribosomal structure and biogenesis;WP_000912352.1",member_of_cog_category;member_of_cog_category,annotation_mediated,bounded_BFS (<= 4 hops),annotation_mediated
B36,aac(6')-Ib-cr5,fluoroquinolone,EW036_RS26255,genome,WP_000932347.1,proteome,graph_context,2,"EW036_RS26255;COG_J: Translation, ribosomal structure and biogenesis;WP_000932347.1",member_of_cog_category;member_of_cog_category,annotation_mediated,bounded_BFS (<= 4 hops),annotation_mediated
B36,aac(6')-Ib-cr5,fluoroquinolone,EW036_RS26255,genome,WP_000932839.1,proteome,graph_context,2,"EW036_RS26255;COG_J: Translation, ribosomal structure and biogenesis;WP_000932839.1",member_of_cog_category;member_of_cog_category,annotation_mediated,bounded_BFS (<= 4 hops),annotation_mediated
B36,aac(6')-Ib-cr5,fluoroquinolone,EW036_RS26255,genome,WP_000936388.1,proteome,graph_context,2,"EW036_RS26255;COG_J: Translation, ribosomal structure and biogenesis;WP_000936388.1",member_of_cog_category;member_of_cog_category,annotation_mediated,bounded_BFS (<= 4 hops),annotation_mediated
B36,aac(6')-Ib-cr5,fluoroquinolone,EW036_RS26255,genome,WP_000940019.1,proteome,graph_context,2,"EW036_RS26255;COG_J: Translation, ribosomal structure and biogenesis;WP_000940019.1",member_of_cog_category;member_of_cog_category,annotation_mediated,bounded_BFS (<= 4 hops),annotation_mediated
B36,aac(6')-Ib-cr5,fluoroquinolone,EW036_RS26255,genome,WP_000940121.1,proteome,graph_context,2,"EW036_RS26255;COG_J: Translation, ribosomal structure and biogenesis;WP_000940121.1",member_of_cog_category;member_of_cog_category,annotation_mediated,bounded_BFS (<= 4 hops),annotation_mediated
B36,aac(6')-Ib-cr5,fluoroquinolone,EW036_RS26255,genome,WP_000940595.1,proteome,graph_context,2,"EW036_RS26255;COG_J: Translation, ribosomal structure and biogenesis;WP_000940595.1",member_of_cog_category;member_of_cog_category,annotation_mediated,bounded_BFS (<= 4 hops),annotation_mediated
B36,aac(6')-Ib-cr5,fluoroquinolone,EW036_RS26255,genome,WP_000941212.1,proteome,graph_context,2,"EW036_RS26255;COG_J: Translation, ribosomal structure and biogenesis;WP_000941212.1",member_of_cog_category;member_of_cog_category,annotation_mediated,bounded_BFS (<= 4 hops),annotation_mediated
B36,aac(6')-Ib-cr5,fluoroquinolone,EW036_RS26255,genome,WP_000970479.1,proteome,graph_context,2,"EW036_RS26255;COG_J: Translation, ribosomal structure and biogenesis;WP_000970479.1",member_of_cog_category;member_of_cog_category,annotation_mediated,bounded_BFS (<= 4 hops),annotation_mediated
B36,aac(6')-Ib-cr5,fluoroquinolone,EW036_RS26255,genome,WP_000997384.1,proteome,graph_context,2,"EW036_RS26255;COG_J: Translation, ribosomal structure and biogenesis;WP_000997384.1",member_of_cog_category;member_of_cog_category,annotation_mediated,bounded_BFS (<= 4 hops),annotation_mediated
B36,aac(6')-Ib-cr5,fluoroquinolone,EW036_RS26255,genome,WP_001025326.1,proteome,graph_context,2,"EW036_RS26255;COG_J: Translation, ribosomal structure and biogenesis;WP_001025326.1",member_of_cog_category;member_of_cog_category,annotation_mediated,bounded_BFS (<= 4 hops),annotation_mediated
B36,aac(6')-Ib-cr5,fluoroquinolone,EW036_RS26255,genome,WP_001029685.1,proteome,graph_context,2,"EW036_RS26255;COG_J: Translation, ribosomal structure and biogenesis;WP_001029685.1",member_of_cog_category;member_of_cog_category,annotation_mediated,bounded_BFS (<= 4 hops),annotation_mediated
B36,aac(6')-Ib-cr5,fluoroquinolone,EW036_RS26255,genome,WP_001040187.1,proteome,graph_context,2,"EW036_RS26255;COG_J: Translation, ribosomal structure and biogenesis;WP_001040187.1",member_of_cog_category;member_of_cog_category,annotation_mediated,bounded_BFS (<= 4 hops),annotation_mediated
B36,aac(6')-Ib-cr5,fluoroquinolone,EW036_RS26255,genome,WP_001040205.1,proteome,graph_context,2,"EW036_RS26255;COG_J: Translation, ribosomal structure and biogenesis;WP_001040205.1",member_of_cog_category;member_of_cog_category,annotation_mediated,bounded_BFS (<= 4 hops),annotation_mediated
B36,aac(6')-Ib-cr5,fluoroquinolone,EW036_RS26255,genome,WP_001044880.1,proteome,graph_context,2,"EW036_RS26255;COG_J: Translation, ribosomal structure and biogenesis;WP_001044880.1",member_of_cog_category;member_of_cog_category,annotation_mediated,bounded_BFS (<= 4 hops),annotation_mediated
B36,aac(6')-Ib-cr5,fluoroquinolone,EW036_RS26255,genome,WP_001051798.1,proteome,graph_context,2,"EW036_RS26255;COG_J: Translation, ribosomal structure and biogenesis;WP_001051798.1",member_of_cog_category;member_of_cog_category,annotation_mediated,bounded_BFS (<= 4 hops),annotation_mediated
B36,aac(6')-Ib-cr5,fluoroquinolone,EW036_RS26255,genome,WP_001051883.1,proteome,graph_context,2,"EW036_RS26255;COG_J: Translation, ribosomal structure and biogenesis;WP_001051883.1",member_of_cog_category;member_of_cog_category,annotation_mediated,bounded_BFS (<= 4 hops),annotation_mediated
B36,aac(6')-Ib-cr5,fluoroquinolone,EW036_RS26255,genome,WP_001054420.1,proteome,graph_context,2,"EW036_RS26255;COG_J: Translation, ribosomal structure and biogenesis;WP_001054420.1",member_of_cog_category;member_of_cog_category,annotation_mediated,bounded_BFS (<= 4 hops),annotation_mediated
B36,aac(6')-Ib-cr5,fluoroquinolone,EW036_RS26255,genome,WP_001061917.1,proteome,graph_context,2,WP_063840321.1;GO:0046677: P:response to antibiotic;WP_001061917.1,member_of_go_term;member_of_go_term,annotation_mediated,bounded_BFS (<= 4 hops),annotation_mediated
B36,aac(6')-Ib-cr5,fluoroquinolone,EW036_RS26255,genome,WP_001065365.1,proteome,graph_context,2,"EW036_RS26255;COG_J: Translation, ribosomal structure and biogenesis;WP_001065365.1",member_of_cog_category;member_of_cog_category,annotation_mediated,bounded_BFS (<= 4 hops),annotation_mediated
B36,aac(6')-Ib-cr5,fluoroquinolone,EW036_RS26255,genome,WP_001068343.1,proteome,graph_context,2,"EW036_RS26255;COG_J: Translation, ribosomal structure and biogenesis;WP_001068343.1",member_of_cog_category;member_of_cog_category,annotation_mediated,bounded_BFS (<= 4 hops),annotation_mediated
B36,aac(6')-Ib-cr5,fluoroquinolone,EW036_RS26255,genome,WP_001070179.1,proteome,graph_context,2,"EW036_RS26255;COG_J: Translation, ribosomal structure and biogenesis;WP_001070179.1",member_of_cog_category;member_of_cog_category,annotation_mediated,bounded_BFS (<= 4 hops),annotation_mediated
B36,aac(6')-Ib-cr5,fluoroquinolone,EW036_RS26255,genome,WP_001085926.1,proteome,graph_context,2,"EW036_RS26255;COG_J: Translation, ribosomal structure and biogenesis;WP_001085926.1",member_of_cog_category;member_of_cog_category,annotation_mediated,bounded_BFS (<= 4 hops),annotation_mediated
B36,aac(6')-Ib-cr5,fluoroquinolone,EW036_RS26255,genome,WP_001086497.1,proteome,graph_context,2,"EW036_RS26255;COG_J: Translation, ribosomal structure and biogenesis;WP_001086497.1",member_of_cog_category;member_of_cog_category,annotation_mediated,bounded_BFS (<= 4 hops),annotation_mediated
B36,aac(6')-Ib-cr5,fluoroquinolone,EW036_RS26255,genome,WP_001096200.1,proteome,graph_context,2,"EW036_RS26255;COG_J: Translation, ribosomal structure and biogenesis;WP_001096200.1",member_of_cog_category;member_of_cog_category,annotation_mediated,bounded_BFS (<= 4 hops),annotation_mediated
B36,aac(6')-Ib-cr5,fluoroquinolone,EW036_RS26255,genome,WP_001096687.1,proteome,graph_context,2,"EW036_RS26255;COG_J: Translation, ribosomal structure and biogenesis;WP_001096687.1",member_of_cog_category;member_of_cog_category,annotation_mediated,bounded_BFS (<= 4 hops),annotation_mediated
B36,aac(6')-Ib-cr5,fluoroquinolone,EW036_RS26255,genome,WP_001107179.1,proteome,graph_context,2,"EW036_RS26255;COG_J: Translation, ribosomal structure and biogenesis;WP_001107179.1",member_of_cog_category;member_of_cog_category,annotation_mediated,bounded_BFS (<= 4 hops),annotation_mediated
B36,aac(6')-Ib-cr5,fluoroquinolone,EW036_RS26255,genome,WP_001110630.1,proteome,graph_context,2,"EW036_RS26255;COG_J: Translation, ribosomal structure and biogenesis;WP_001110630.1",member_of_cog_category;member_of_cog_category,annotation_mediated,bounded_BFS (<= 4 hops),annotation_mediated
B36,aac(6')-Ib-cr5,fluoroquinolone,EW036_RS26255,genome,WP_001118930.1,proteome,graph_context,2,"EW036_RS26255;COG_J: Translation, ribosomal structure and biogenesis;WP_001118930.1",member_of_cog_category;member_of_cog_category,annotation_mediated,bounded_BFS (<= 4 hops),annotation_mediated
B36,aac(6')-Ib-cr5,fluoroquinolone,EW036_RS26255,genome,WP_001136827.1,proteome,graph_context,2,"EW036_RS26255;COG_J: Translation, ribosomal structure and biogenesis;WP_001136827.1",member_of_cog_category;member_of_cog_category,annotation_mediated,bounded_BFS (<= 4 hops),annotation_mediated
B36,aac(6')-Ib-cr5,fluoroquinolone,EW036_RS26255,genome,WP_001138043.1,proteome,graph_context,2,"EW036_RS26255;COG_J: Translation, ribosomal structure and biogenesis;WP_001138043.1",member_of_cog_category;member_of_cog_category,annotation_mediated,bounded_BFS (<= 4 hops),annotation_mediated
B36,aac(6')-Ib-cr5,fluoroquinolone,EW036_RS26255,genome,WP_001138117.1,proteome,graph_context,2,"EW036_RS26255;COG_J: Translation, ribosomal structure and biogenesis;WP_001138117.1",member_of_cog_category;member_of_cog_category,annotation_mediated,bounded_BFS (<= 4 hops),annotation_mediated
B36,aac(6')-Ib-cr5,fluoroquinolone,EW036_RS26255,genome,WP_001138584.1,proteome,graph_context,2,"EW036_RS26255;COG_J: Translation, ribosomal structure and biogenesis;WP_001138584.1",member_of_cog_category;member_of_cog_category,annotation_mediated,bounded_BFS (<= 4 hops),annotation_mediated
B36,aac(6')-Ib-cr5,fluoroquinolone,EW036_RS26255,genome,WP_001140433.1,proteome,graph_context,2,"EW036_RS26255;COG_J: Translation, ribosomal structure and biogenesis;WP_001140433.1",member_of_cog_category;member_of_cog_category,annotation_mediated,bounded_BFS (<= 4 hops),annotation_mediated
B36,aac(6')-Ib-cr5,fluoroquinolone,EW036_RS26255,genome,WP_001144069.1,proteome,graph_context,2,"EW036_RS26255;COG_J: Translation, ribosomal structure and biogenesis;WP_001144069.1",member_of_cog_category;member_of_cog_category,annotation_mediated,bounded_BFS (<= 4 hops),annotation_mediated
B36,aac(6')-Ib-cr5,fluoroquinolone,EW036_RS26255,genome,WP_001144199.1,proteome,graph_context,2,"EW036_RS26255;COG_J: Translation, ribosomal structure and biogenesis;WP_001144199.1",member_of_cog_category;member_of_cog_category,annotation_mediated,bounded_BFS (<= 4 hops),annotation_mediated
B36,aac(6')-Ib-cr5,fluoroquinolone,EW036_RS26255,genome,WP_001145827.1,proteome,graph_context,2,"EW036_RS26255;COG_J: Translation, ribosomal structure and biogenesis;WP_001145827.1",member_of_cog_category;member_of_cog_category,annotation_mediated,bounded_BFS (<= 4 hops),annotation_mediated
B36,aac(6')-Ib-cr5,fluoroquinolone,EW036_RS26255,genome,WP_001149713.1,proteome,graph_context,2,"EW036_RS26255;COG_J: Translation, ribosomal structure and biogenesis;WP_001149713.1",member_of_cog_category;member_of_cog_category,annotation_mediated,bounded_BFS (<= 4 hops),annotation_mediated
B36,aac(6')-Ib-cr5,fluoroquinolone,EW036_RS26255,genome,WP_001157896.1,proteome,graph_context,2,"EW036_RS26255;COG_J: Translation, ribosomal structure and biogenesis;WP_001157896.1",member_of_cog_category;member_of_cog_category,annotation_mediated,bounded_BFS (<= 4 hops),annotation_mediated
B36,aac(6')-Ib-cr5,fluoroquinolone,EW036_RS26255,genome,WP_001157954.1,proteome,graph_context,2,"EW036_RS26255;COG_J: Translation, ribosomal structure and biogenesis;WP_001157954.1",member_of_cog_category;member_of_cog_category,annotation_mediated,bounded_BFS (<= 4 hops),annotation_mediated
B36,aac(6')-Ib-cr5,fluoroquinolone,EW036_RS26255,genome,WP_001158035.1,proteome,graph_context,2,"EW036_RS26255;COG_J: Translation, ribosomal structure and biogenesis;WP_001158035.1",member_of_cog_category;member_of_cog_category,annotation_mediated,bounded_BFS (<= 4 hops),annotation_mediated
B36,aac(6')-Ib-cr5,fluoroquinolone,EW036_RS26255,genome,WP_001161664.1,proteome,graph_context,2,"EW036_RS26255;COG_J: Translation, ribosomal structure and biogenesis;WP_001161664.1",member_of_cog_category;member_of_cog_category,annotation_mediated,bounded_BFS (<= 4 hops),annotation_mediated
B36,aac(6')-Ib-cr5,fluoroquinolone,EW036_RS26255,genome,WP_001168544.1,proteome,graph_context,2,"EW036_RS26255;COG_J: Translation, ribosomal structure and biogenesis;WP_001168544.1",member_of_cog_category;member_of_cog_category,annotation_mediated,bounded_BFS (<= 4 hops),annotation_mediated
B36,aac(6')-Ib-cr5,fluoroquinolone,EW036_RS26255,genome,WP_001170177.1,proteome,graph_context,2,"EW036_RS26255;COG_J: Translation, ribosomal structure and biogenesis;WP_001170177.1",member_of_cog_category;member_of_cog_category,annotation_mediated,bounded_BFS (<= 4 hops),annotation_mediated
B36,aac(6')-Ib-cr5,fluoroquinolone,EW036_RS26255,genome,WP_001176599.1,proteome,graph_context,2,"EW036_RS26255;COG_J: Translation, ribosomal structure and biogenesis;WP_001176599.1",member_of_cog_category;member_of_cog_category,annotation_mediated,bounded_BFS (<= 4 hops),annotation_mediated
B36,aac(6')-Ib-cr5,fluoroquinolone,EW036_RS26255,genome,WP_001181004.1,proteome,graph_context,2,"EW036_RS26255;COG_J: Translation, ribosomal structure and biogenesis;WP_001181004.1",member_of_cog_category;member_of_cog_category,annotation_mediated,bounded_BFS (<= 4 hops),annotation_mediated
B36,aac(6')-Ib-cr5,fluoroquinolone,EW036_RS26255,genome,WP_001196062.1,proteome,graph_context,2,"EW036_RS26255;COG_J: Translation, ribosomal structure and biogenesis;WP_001196062.1",member_of_cog_category;member_of_cog_category,annotation_mediated,bounded_BFS (<= 4 hops),annotation_mediated
B36,aac(6')-Ib-cr5,fluoroquinolone,EW036_RS26255,genome,WP_001203437.1,proteome,graph_context,2,WP_063840321.1;GO:0046677: P:response to antibiotic;WP_001203437.1,member_of_go_term;member_of_go_term,annotation_mediated,bounded_BFS (<= 4 hops),annotation_mediated
B36,aac(6')-Ib-cr5,fluoroquinolone,EW036_RS26255,genome,WP_001207201.1,proteome,graph_context,2,"EW036_RS26255;COG_J: Translation, ribosomal structure and biogenesis;WP_001207201.1",member_of_cog_category;member_of_cog_category,annotation_mediated,bounded_BFS (<= 4 hops),annotation_mediated
B36,aac(6')-Ib-cr5,fluoroquinolone,EW036_RS26255,genome,WP_001216368.1,proteome,graph_context,2,"EW036_RS26255;COG_J: Translation, ribosomal structure and biogenesis;WP_001216368.1",member_of_cog_category;member_of_cog_category,annotation_mediated,bounded_BFS (<= 4 hops),annotation_mediated
B36,aac(6')-Ib-cr5,fluoroquinolone,EW036_RS26255,genome,WP_001216676.1,proteome,graph_context,2,"EW036_RS26255;COG_J: Translation, ribosomal structure and biogenesis;WP_001216676.1",member_of_cog_category;member_of_cog_category,annotation_mediated,bounded_BFS (<= 4 hops),annotation_mediated
B36,aac(6')-Ib-cr5,fluoroquinolone,EW036_RS26255,genome,WP_001219652.1,proteome,graph_context,2,"EW036_RS26255;COG_J: Translation, ribosomal structure and biogenesis;WP_001219652.1",member_of_cog_category;member_of_cog_category,annotation_mediated,bounded_BFS (<= 4 hops),annotation_mediated
B36,aac(6')-Ib-cr5,fluoroquinolone,EW036_RS26255,genome,WP_001222509.1,proteome,graph_context,2,"EW036_RS26255;COG_J: Translation, ribosomal structure and biogenesis;WP_001222509.1",member_of_cog_category;member_of_cog_category,annotation_mediated,bounded_BFS (<= 4 hops),annotation_mediated
B36,aac(6')-Ib-cr5,fluoroquinolone,EW036_RS26255,genome,WP_001223200.1,proteome,graph_context,2,"EW036_RS26255;COG_J: Translation, ribosomal structure and biogenesis;WP_001223200.1",member_of_cog_category;member_of_cog_category,annotation_mediated,bounded_BFS (<= 4 hops),annotation_mediated
B36,aac(6')-Ib-cr5,fluoroquinolone,EW036_RS26255,genome,WP_001234850.1,proteome,graph_context,2,"EW036_RS26255;COG_J: Translation, ribosomal structure and biogenesis;WP_001234850.1",member_of_cog_category;member_of_cog_category,annotation_mediated,bounded_BFS (<= 4 hops),annotation_mediated
B36,aac(6')-Ib-cr5,fluoroquinolone,EW036_RS26255,genome,WP_001238917.1,proteome,graph_context,2,"EW036_RS26255;COG_J: Translation, ribosomal structure and biogenesis;WP_001238917.1",member_of_cog_category;member_of_cog_category,annotation_mediated,bounded_BFS (<= 4 hops),annotation_mediated
