GeneID	COG_category	Description	Preferred_name	KEGG_ko	KEGG_Pathway
WP_000002071	Q	Catalyzes the reversible cleavage of pseudouridine 5'- phosphate (PsiMP) to ribose 5-phosphate and uracil. Functions biologically in the cleavage direction, as part of a pseudouridine degradation pathway	psuG	ko:K16329	ko00240,map00240
WP_000002677	E	Glyoxalase/Bleomycin resistance protein/Dioxygenase superfamily	mhqA_2	ko:K15975	-
WP_000002682	S	Small integral membrane protein (DUF2273)	-	-	-
WP_000002973	KO	Facilitates the functional incorporation of the urease nickel metallocenter. This process requires GTP hydrolysis, probably effectuated by UreG	ureG	ko:K03189	-
WP_000003566	J	Belongs to the class-II aminoacyl-tRNA synthetase family. Phe-tRNA synthetase alpha subunit type 1 subfamily	pheS	ko:K01889	ko00970,map00970
WP_000003755	K	helix_turn_helix, Arsenical Resistance Operon Repressor	czrA	ko:K22043	-
WP_000003870	F	Belongs to the purine pyrimidine phosphoribosyltransferase family. PyrR subfamily	pyrR	ko:K02825	ko00240,ko01100,map00240,map01100
WP_000004086	J	One of the primary rRNA binding proteins, it binds specifically to the 5'-end of 16S ribosomal RNA	rpsQ	ko:K02961	ko03010,map03010
WP_000004344	S	Polysaccharide biosynthesis protein	ytgP	ko:K03328	-
WP_000004981	FG	COG0537 Diadenosine tetraphosphate (Ap4A) hydrolase and other HIT family hydrolases	hit	ko:K02503	-
WP_000005215	S	UPF0302 domain	-	-	-
WP_000005876	S	-	-	-	-
WP_000006110	S	-	-	-	-
WP_000006551	K	May be required for sporulation	whiA	ko:K09762	-
WP_000007686	U	Involved in targeting and insertion of nascent membrane proteins into the cytoplasmic membrane. Acts as a receptor for the complex formed by the signal recognition particle (SRP) and the ribosome-nascent chain (RNC)	ftsY	ko:K03110	ko02024,ko03060,ko03070,map02024,map03060,map03070
WP_000007970	S	SNARE associated Golgi protein	yhjE	-	-
WP_000009071	S	-	-	-	-
WP_000009238	S	-	-	-	-
WP_000009398	V	ABC transporter (permease)	bceB	ko:K11632,ko:K19080	ko01503,ko02010,ko02020,ko05150,map01503,map02010,map02020,map05150
WP_000011542	S	UPF0316 protein	yebE	-	-
WP_000011687	S	Belongs to the UPF0346 family	-	-	-
WP_000011688	S	YozE SAM-like fold	-	-	-
WP_000011825	S	-	-	-	-
WP_000015639	S	-	-	-	-
WP_000017736	C	quinol oxidase, subunit	qoxC	ko:K02828	ko00190,ko01100,map00190,map01100
WP_000018608	D	Cell division protein that is part of the divisome complex and is recruited early to the Z-ring. Probably stimulates Z-ring formation, perhaps through the cross-linking of FtsZ protofilaments. Its function overlaps with FtsA	sepF	ko:K09772	-
WP_000019126	P	Belongs to the cation diffusion facilitator (CDF) transporter (TC 2.A.4) family	yeaB	-	-
WP_000019688	E	The glycine cleavage system catalyzes the degradation of glycine. The P protein binds the alpha-amino group of glycine through its pyridoxal phosphate cofactor	gcvPA	ko:K00282	ko00260,ko00630,ko01100,ko01110,ko01130,ko01200,map00260,map00630,map01100,map01110,map01130,map01200
WP_000019744	P	Co Zn Cd efflux system component	czcD	ko:K16264	-
WP_000020302	J	Methyltransferase small domain	rsmC	ko:K00564	-
WP_000020346	S	Belongs to the CinA family	cinA	-	-
WP_000020813	S	LXG domain of WXG superfamily	-	ko:K21493	-
WP_000020853	J	ribosomal protein	ylxQ	-	-
WP_000021445	J	RNA binding protein, contains ribosomal protein S1 domain	yabR	ko:K07571	-
WP_000021865	P	transport protein	ktrD	-	-
WP_000022320	E	allophanate hydrolase subunit 2	-	-	-
WP_000022728	S	Protein of unknwon function (DUF3310)	-	-	-
WP_000022887	K	Acetyltransferase (GNAT) domain	-	-	-
WP_000023338	E	allophanate hydrolase subunit 2	kipA	ko:K06350	-
WP_000024119	P	P-type ATPase	copA	ko:K17686	ko01524,ko04016,map01524,map04016
WP_000024395	EGP	the major facilitator superfamily	-	ko:K18934	-
WP_000024827	J	One of the primary rRNA binding proteins, this protein initially binds near the 5'-end of the 23S rRNA. It is important during the early stages of 50S assembly. It makes multiple contacts with different domains of the 23S rRNA in the assembled 50S subunit and ribosome	rplD	ko:K02926	ko03010,map03010
WP_000025268	S	Phage portal protein	-	-	-
WP_000025835	S	-	-	-	-
WP_000026196	EGP	Major facilitator family	-	-	-
WP_000026308	S	-	-	-	-
WP_000026854	L	Belongs to the 'phage' integrase family	tnpB	-	-
WP_000027924	J	Allows the formation of correctly charged Gln-tRNA(Gln) through the transamidation of misacylated Glu-tRNA(Gln) in organisms which lack glutaminyl-tRNA synthetase. The reaction takes place in the presence of glutamine and ATP through an activated gamma-phospho-Glu-tRNA(Gln)	gatA	ko:K02433	ko00970,ko01100,map00970,map01100
WP_000028651	V	type I restriction-modification system	hsdM	ko:K03427	-
WP_000029204	U	ribose uptake protein rbsU	rbsU	ko:K06216	-
WP_000029532	K	(GNAT) family	-	-	-
WP_000030075	E	Belongs to the class-III pyridoxal-phosphate-dependent aminotransferase family	gabT	ko:K00823,ko:K20708	ko00250,ko00410,ko00640,ko00650,ko01100,ko01120,map00250,map00410,map00640,map00650,map01100,map01120
WP_000030811	F	Phosphoribosylformylglycinamidine cyclo-ligase	purM	ko:K01933	ko00230,ko01100,ko01110,ko01130,map00230,map01100,map01110,map01130
WP_000031112	S	-	-	-	-
WP_000031266	Q	Putative RNA methylase family UPF0020	ubiE	-	-
WP_000031403	O	Converts heme B (protoheme IX) to heme O by substitution of the vinyl group on carbon 2 of heme B porphyrin ring with a hydroxyethyl farnesyl side group	ctaB	ko:K02257	ko00190,ko00860,ko01100,ko01110,ko04714,map00190,map00860,map01100,map01110,map04714
WP_000031508	G	Alpha-amylase domain	treC	ko:K01226	ko00500,map00500
WP_000031892	J	ribosomal protein	-	ko:K07590	ko03010,map03010
WP_000032657	S	NUDIX domain	-	-	-
WP_000032745	F	Part of the phosphoribosylformylglycinamidine synthase complex involved in the purines biosynthetic pathway. Catalyzes the ATP-dependent conversion of formylglycinamide ribonucleotide (FGAR) and glutamine to yield formylglycinamidine ribonucleotide (FGAM) and glutamate. The FGAM synthase complex is composed of three subunits. PurQ produces an ammonia molecule by converting glutamine to glutamate. PurL transfers the ammonia molecule to FGAR to form FGAM in an ATP-dependent manner. PurS interacts with PurQ and PurL and is thought to assist in the transfer of the ammonia molecule from PurQ to PurL	purL	ko:K01952	ko00230,ko01100,ko01110,ko01130,map00230,map01100,map01110,map01130
WP_000032836	C	Catalyzes quinol oxidation with the concomitant reduction of oxygen to water. Subunit II transfers the electrons from a quinol to the binuclear center of the catalytic subunit I	qoxA	ko:K02826	ko00190,ko01100,map00190,map01100
WP_000032847	K	regulator	-	-	-
WP_000033477	S	ABC-type cobalt transport system, permease component	ykoE	ko:K16925	-
WP_000034519	GM	RmlD substrate binding domain	-	-	-
WP_000034718	O	Heat shock 70 kDa protein	dnaK	ko:K04043	ko03018,ko04212,ko05152,map03018,map04212,map05152
WP_000034728	H	Catalyzes the formation of pyridoxal 5'-phosphate from ribose 5-phosphate (RBP), glyceraldehyde 3-phosphate (G3P) and ammonia. The ammonia is provided by the PdxT subunit. Can also use ribulose 5-phosphate and dihydroxyacetone phosphate as substrates, resulting from enzyme-catalyzed isomerization of RBP and G3P, respectively	pdxS	ko:K06215	ko00750,map00750
WP_000034964	G	Bacterial extracellular solute-binding protein	malE	ko:K02027,ko:K15770,ko:K17237	ko02010,map02010
WP_000034998	S	Domain of unknown function (DUF2529)	ywjG	-	-
WP_000035058	O	PPIases accelerate the folding of proteins. It catalyzes the cis-trans isomerization of proline imidic peptide bonds in oligopeptides	ppiA	ko:K03767,ko:K03768	ko01503,ko04217,map01503,map04217
WP_000035320	C	Dehydrogenase E1 component	pdhA	ko:K00161	ko00010,ko00020,ko00620,ko01100,ko01110,ko01120,ko01130,ko01200,ko04066,ko04922,ko05230,map00010,map00020,map00620,map01100,map01110,map01120,map01130,map01200,map04066,map04922,map05230
WP_000035771	D	Belongs to the FtsK SpoIIIE SftA family	ftsK	ko:K03466	-
WP_000036076	K	regulator	sarR	-	-
WP_000036335	S	Protein of unknown function (DUF1648)	-	-	-
WP_000036633	S	Required for maturation of 30S ribosomal subunits	rimP	ko:K09748	-
WP_000037075	S	Belongs to the UPF0761 family	yihY	ko:K07058	-
WP_000037319	D	ATPase MipZ	capB	-	-
WP_000037434	S	Protein of unknown function (DUF1433)	-	-	-
WP_000038243	S	Protein of unknown function (DUF1433)	-	-	-
WP_000038538	S	-	-	-	-
WP_000038949	EGP	Belongs to the major facilitator superfamily	-	ko:K18936	-
WP_000039763	S	Protein of unknown function (DUF1433)	-	-	-
WP_000040043	G	General (non sugar-specific) component of the phosphoenolpyruvate-dependent sugar phosphotransferase system (sugar PTS). This major carbohydrate active-transport system catalyzes the phosphorylation of incoming sugar substrates concomitantly with their translocation across the cell membrane. Enzyme I transfers the phosphoryl group from phosphoenolpyruvate (PEP) to the phosphoryl carrier protein (HPr)	ptsI	ko:K08483	ko02060,map02060
WP_000040063	F	Catalyzes the formation of acetyl phosphate from acetate and ATP. Can also catalyze the reverse reaction	ackA	ko:K00925	ko00430,ko00620,ko00640,ko00680,ko00720,ko01100,ko01120,ko01200,map00430,map00620,map00640,map00680,map00720,map01100,map01120,map01200
WP_000040602	S	Staphylopine dehydrogenase	-	-	-
WP_000040871	F	Catalyzes the ATP-dependent amidation of deamido-NAD to form NAD. Uses ammonia as a nitrogen source	nadE	ko:K01916	ko00760,ko01100,map00760,map01100
WP_000042462	IU	multivesicular body membrane disassembly	-	-	-
WP_000043237	J	Digests double-stranded RNA. Involved in the processing of primary rRNA transcript to yield the immediate precursors to the large and small rRNAs (23S and 16S). Processes some mRNAs, and tRNAs when they are encoded in the rRNA operon. Processes pre- crRNA and tracrRNA of type II CRISPR loci if present in the organism	rnc	ko:K03685	ko03008,ko05205,map03008,map05205
WP_000043635	J	One of the essential components for the initiation of protein synthesis. Protects formylmethionyl-tRNA from spontaneous hydrolysis and promotes its binding to the 30S ribosomal subunits. Also involved in the hydrolysis of GTP during the formation of the 70S ribosomal complex	infB	ko:K02519	-
WP_000044360	S	hydrolase activity	-	ko:K18654	-
WP_000044799	J	Catalyzes the attachment of L-aspartate to tRNA(Asp) in a two-step reaction L-aspartate is first activated by ATP to form Asp-AMP and then transferred to the acceptor end of tRNA(Asp)	aspS	ko:K01876	ko00970,map00970
WP_000046076	C	oxidoreductase activity	yumB	ko:K03885	ko00190,map00190
WP_000046614	M	Belongs to the EPSP synthase family. MurA subfamily	murA	ko:K00790	ko00520,ko00550,ko01100,map00520,map00550,map01100
WP_000047021	G	Belongs to the aldolase LacD family	lacD	ko:K01635	ko00052,ko01100,ko02024,map00052,map01100,map02024
WP_000047118	S	Hemolysin III	-	ko:K11068	-
WP_000047349	I	Malonyl CoA-acyl carrier protein transacylase	fabD	ko:K00645	ko00061,ko00333,ko01100,ko01130,ko01212,map00061,map00333,map01100,map01130,map01212
WP_000047745	S	-	-	-	-
WP_000047817	H	acetolactate synthase	ilvB	ko:K01652,ko:K16787	ko00290,ko00650,ko00660,ko00770,ko01100,ko01110,ko01130,ko01210,ko01230,ko02010,map00290,map00650,map00660,map00770,map01100,map01110,map01130,map01210,map01230,map02010
WP_000048060	J	Belongs to the bacterial ribosomal protein bS21 family	rpsU	ko:K02970	ko03010,map03010
WP_000048712	F	Catalyzes the conversion of uracil and 5-phospho-alpha- D-ribose 1-diphosphate (PRPP) to UMP and diphosphate	upp	ko:K00761	ko00240,ko01100,map00240,map01100
WP_000049154	E	permease	lysP	ko:K03293,ko:K11733	-
WP_000049480	S	Phosphoesterase	ysnB	ko:K07095	-
WP_000049913	K	Acts both as a biotin-- acetyl-CoA-carboxylase ligase and a repressor	birA	ko:K03524	ko00780,ko01100,map00780,map01100
WP_000050767	G	Phosphoenolpyruvate-dependent sugar phosphotransferase system, EIIA 2	-	ko:K02821	ko00053,ko01100,ko01120,ko02060,map00053,map01100,map01120,map02060
WP_000050973	S	Phage gp6-like head-tail connector protein	-	-	-
WP_000051207	S	-	-	-	-
WP_000052076	S	-	-	-	-
WP_000052325	EP	ABC-type dipeptide oligopeptide nickel transport system	oppD	ko:K02031	ko02024,map02024
WP_000052590	J	An RNase that has 5'-3' exonuclease and possibly endonuclease activity. Involved in maturation of rRNA and in some organisms also mRNA maturation and or decay	rnjB	ko:K12574	ko03018,map03018
WP_000052781	O	Thiol-specific peroxidase that catalyzes the reduction of hydrogen peroxide and organic hydroperoxides to water and alcohols, respectively. Plays a role in cell protection against oxidative stress by detoxifying peroxides	ahpC	ko:K03386	ko04214,map04214
WP_000054604	CP	-antiporter subunit	mnhA	ko:K05565	-
WP_000055337	K	DNA-binding protein that represses the expression of many genes that are induced as cells make the transition from rapid exponential growth to stationary phase. It is a GTP-binding protein that senses the intracellular GTP concentration as an indicator of nutritional limitations. At low GTP concentration it no longer binds GTP and stop to act as a transcriptional repressor	codY	ko:K03706	-
WP_000055844	S	Uncharacterized protein conserved in bacteria (DUF2316)	-	-	-
WP_000057330	F	Catalyzes the reversible phosphorylation of UMP to UDP	pyrH	ko:K09903	ko00240,ko01100,map00240,map01100
WP_000057564	S	Tetratricopeptide repeat	-	-	-
WP_000057587	E	Belongs to the cysteine synthase cystathionine beta- synthase family	cysK	ko:K01738	ko00270,ko00920,ko01100,ko01110,ko01120,ko01130,ko01200,ko01230,map00270,map00920,map01100,map01110,map01120,map01130,map01200,map01230
WP_000058377	C	Malic enzyme	ytsJ	ko:K00027	ko00620,ko01200,ko02020,map00620,map01200,map02020
WP_000060793	P	monovalent cation H antiporter subunit A	mnhA2	ko:K00341,ko:K05565	ko00190,ko01100,map00190,map01100
WP_000061866	S	Clp protease	-	-	-
WP_000062417	P	Acts as a magnesium transporter	mgtE	ko:K06213	-
WP_000062639	P	Cytochrome C and Quinol oxidase polypeptide I	-	ko:K04561	ko00910,ko01120,map00910,map01120
WP_000063552	S	Phosphotransferase system, EIIC	-	ko:K07035	-
WP_000064078	T	COG0745 Response regulators consisting of a CheY-like receiver domain and a winged-helix DNA-binding domain	resD	ko:K07775	ko02020,map02020
WP_000064778	E	amino acid	-	ko:K03294	-
WP_000065047	F	Belongs to the 5'-nucleotidase family	ycjM	ko:K01119,ko:K08693	ko00230,ko00240,ko00760,ko01100,ko01110,map00230,map00240,map00760,map01100,map01110
WP_000066011	S	Protein of unknown function (DUF1270)	-	-	-
WP_000066061	E	Argininosuccinate lyase	argH	ko:K01755	ko00220,ko00250,ko01100,ko01110,ko01130,ko01230,map00220,map00250,map01100,map01110,map01130,map01230
WP_000066097	J	Catalyzes the 2-thiolation of uridine at the wobble position (U34) of tRNA, leading to the formation of s(2)U34	mnmA	ko:K00566	ko04122,map04122
WP_000066379	E	chorismate mutase	aroF	ko:K03856,ko:K13853	ko00400,ko01100,ko01110,ko01130,ko01230,map00400,map01100,map01110,map01130,map01230
WP_000066519	E	Involved in the biosynthesis of the osmoprotectant glycine betaine. Catalyzes the oxidation of choline to betaine aldehyde and betaine aldehyde to glycine betaine at the same rate	betA	ko:K00108	ko00260,ko01100,map00260,map01100
WP_000066896	S	-	sarV	-	-
WP_000066927	G	phosphotransferase system, EIIB	-	ko:K02755,ko:K02756,ko:K02757	ko02060,map02060
WP_000067111	S	GCN5-related N-acetyl-transferase	yjdJ	ko:K06975	-
WP_000067127	S	Domain of unknown function (DUF2479)	-	-	-
WP_000067360	P	Oligopeptide/dipeptide transporter, C-terminal region	oppF	ko:K02031,ko:K02032,ko:K10823	ko01501,ko02010,ko02024,map01501,map02010,map02024
WP_000068176	C	COG0022 Pyruvate 2-oxoglutarate dehydrogenase complex, dehydrogenase (E1) component, eukaryotic type, beta subunit	pdhB	ko:K00162	ko00010,ko00020,ko00620,ko01100,ko01110,ko01120,ko01130,ko01200,ko04066,ko04922,ko05230,map00010,map00020,map00620,map01100,map01110,map01120,map01130,map01200,map04066,map04922,map05230
WP_000070659	S	Domain of unknown function (DUF4352)	-	-	-
WP_000070809	S	-	-	-	-
WP_000070826	S	Domain of unknown function (DUF4887)	-	-	-
WP_000070865	P	Belongs to the Dps family	dps	ko:K04047	-
WP_000071351	S	UPF0291 protein	ynzC	-	-
WP_000071901	S	General stress protein 26	ydaG	-	-
WP_000072155	S	YbbM seven transmembrane helix protein	ybbM	ko:K02069	-
WP_000072439	S	CAAX protease self-immunity	-	-	-
WP_000072678	O	Protease subunit of a proteasome-like degradation complex believed to be a general protein degrading machinery	hslV	ko:K01419	-
WP_000073185	F	Catalyzes the ATP-dependent phosphorylation of L- homoserine to L-homoserine phosphate	thrB	ko:K00872	ko00260,ko01100,ko01110,ko01120,ko01230,map00260,map01100,map01110,map01120,map01230
WP_000073195	K	Transcriptional regulator	yleF	-	-
WP_000073352	L	that it carries out the mismatch recognition step. This protein has a weak ATPase activity	mutS	ko:K03555	ko03430,map03430
WP_000074017	K	MerR family regulatory protein	-	-	-
WP_000074048	S	ParE toxin of type II toxin-antitoxin system, parDE	-	-	-
WP_000075716	C	May function as heme-dependent peroxidase	ywfI	ko:K00435	ko00860,ko01100,ko01110,map00860,map01100,map01110
WP_000076040	E	Aminotransferase	ilvE	ko:K00826	ko00270,ko00280,ko00290,ko00770,ko01100,ko01110,ko01130,ko01210,ko01230,map00270,map00280,map00290,map00770,map01100,map01110,map01130,map01210,map01230
WP_000076410	S	DJ-1/PfpI family	hchA	ko:K05523	ko00620,ko01120,map00620,map01120
WP_000076661	P	Chaperone that serves for the intracellular sequestration and transport of Cu( ). Delivers Cu( ) to the copper-exporting P-type ATPase A (CopA) (By similarity)	copZ	ko:K07213	ko04978,map04978
WP_000076695	J	Involved in mRNA degradation. Catalyzes the phosphorolysis of single-stranded polyribonucleotides processively in the 3'- to 5'-direction	pnp	ko:K00962	ko00230,ko00240,ko03018,map00230,map00240,map03018
WP_000076927	H	molybdopterin biosynthesis protein moeB	moeB	ko:K21029	ko04122,map04122
WP_000077326	H	Bifunctional homocysteine S-methyltransferase 5,10-methylenetetrahydrofolate reductase protein	yitJ	ko:K00297,ko:K00547	ko00270,ko00670,ko00720,ko01100,ko01110,ko01120,ko01200,ko01523,map00270,map00670,map00720,map01100,map01110,map01120,map01200,map01523
WP_000077350	H	Converts 2,5-diamino-6-(ribosylamino)-4(3h)-pyrimidinone 5'-phosphate into 5-amino-6-(ribosylamino)-2,4(1h,3h)- pyrimidinedione 5'-phosphate	ribD	ko:K11752	ko00740,ko01100,ko01110,ko02024,map00740,map01100,map01110,map02024
WP_000077545	E	Oligoendopeptidase F	pepF	-	-
WP_000078092	P	Part of the ABC transporter complex PhnCDE involved in phosphonates import. Responsible for energy coupling to the transport system	phnC	ko:K02041	ko02010,map02010
WP_000079317	C	succinate dehydrogenase	sdhC	ko:K00241	ko00020,ko00190,ko00650,ko00720,ko01100,ko01110,ko01120,ko01130,ko01200,map00020,map00190,map00650,map00720,map01100,map01110,map01120,map01130,map01200
WP_000079445	P	Part of the ABC transporter complex PstSACB involved in phosphate import. Responsible for energy coupling to the transport system	pstB	ko:K02036	ko02010,map02010
WP_000080026	T	Alkaline phosphatase synthesis transcriptional regulatory protein	phoP	ko:K07658	ko02020,map02020
WP_000080558	L	AAA domain	-	-	-
WP_000081233	I	Catalyzes the condensation reaction of fatty acid synthesis by the addition to an acyl acceptor of two carbons from malonyl-ACP	fabF	ko:K09458,ko:K14660	ko00061,ko00780,ko01100,ko01212,map00061,map00780,map01100,map01212
WP_000081595	S	Inhibitor of apoptosis-promoting Bax1	ybhL	ko:K06890	-
WP_000082539	P	serves to protect cells from the toxic effects of hydrogen peroxide	katA	ko:K03781	ko00380,ko00630,ko01110,ko01130,ko01200,ko04011,ko04016,ko04068,ko04146,ko04211,ko04212,ko04213,ko05014,map00380,map00630,map01110,map01130,map01200,map04011,map04016,map04068,map04146,map04211,map04212,map04213,map05014
WP_000082549	G	Exhibits lactonase activity. Acts in cells with perturbed membrane integrity and is possibly related to the membrane homeostasis (By similarity)	drp35	ko:K02352	-
WP_000082725	E	Oligopeptidase F	pepF	ko:K08602	-
WP_000083799	G	PTS system mannitol-specific	mtlA	ko:K02799,ko:K02800	ko00051,ko02060,map00051,map02060
WP_000084776	I	acid phosphatase family protein	pgpB3	ko:K19302	ko00550,map00550
WP_000084824	Q	Methyltransferase	yqeM	-	-
WP_000087107	E	Belongs to the peptidase M24B family	pepP	ko:K01262,ko:K01271	-
WP_000087385	K	Involved in transcription antitermination. Required for transcription of ribosomal RNA (rRNA) genes. Binds specifically to the boxA antiterminator sequence of the ribosomal RNA (rrn) operons	nusB	ko:K03625	-
WP_000087561	S	Bacterial protein of unknown function (DUF910)	-	-	-
WP_000088195	Q	COG1335 Amidases related to nicotinamidase	-	-	-
WP_000088437	S	Protein of unknown function (DUF2538)	-	-	-
WP_000088649	S	Metal-dependent hydrolases of the beta-lactamase superfamily I	vicX	ko:K00784	ko03013,map03013
WP_000088704	L	helicase	-	-	-
WP_000089932	S	Peptidase M16 inactive domain	albE	-	-
WP_000090315	J	Catalyzes the GTP-dependent ribosomal translocation step during translation elongation. During this step, the ribosome changes from the pre-translocational (PRE) to the post- translocational (POST) state as the newly formed A-site-bound peptidyl-tRNA and P-site-bound deacylated tRNA move to the P and E sites, respectively. Catalyzes the coordinated movement of the two tRNA molecules, the mRNA and conformational changes in the ribosome	fusA	ko:K02355	-
WP_000090512	J	One of the primary rRNA binding proteins, it binds directly to 16S rRNA where it nucleates assembly of the body of the 30S subunit	rpsD	ko:K02986	ko03010,map03010
WP_000090796	J	Located at the top of the head of the 30S subunit, it contacts several helices of the 16S rRNA. In the 70S ribosome it contacts the 23S rRNA (bridge B1a) and protein L5 of the 50S subunit (bridge B1b), connecting the 2 subunits	rpsM	ko:K02952	ko03010,map03010
WP_000091443	S	-	-	-	-
WP_000091975	J	This protein binds to the 23S rRNA, and is important in its secondary structure. It is located near the subunit interface in the base of the L7 L12 stalk, and near the tRNA binding site of the peptidyltransferase center	rplF	ko:K02933	ko03010,map03010
WP_000093355	E	The glycine cleavage system catalyzes the degradation of glycine	gcvT	ko:K00605	ko00260,ko00630,ko00670,ko01100,ko01110,ko01130,ko01200,map00260,map00630,map00670,map01100,map01110,map01130,map01200
WP_000093387	L	COG1943 Transposase and inactivated derivatives	-	ko:K07491	-
WP_000093391	L	COG1943 Transposase and inactivated derivatives	-	ko:K07491	-
WP_000093392	L	COG1943 Transposase and inactivated derivatives	-	ko:K07491	-
WP_000093394	L	COG1943 Transposase and inactivated derivatives	-	ko:K07491	-
WP_000093396	L	COG1943 Transposase and inactivated derivatives	-	ko:K07491	-
WP_000094586	E	Catalyzes the condensation of the acetyl group of acetyl-CoA with 3-methyl-2-oxobutanoate (2-oxoisovalerate) to form 3-carboxy-3-hydroxy-4-methylpentanoate (2-isopropylmalate)	leuA	ko:K01649	ko00290,ko00620,ko01100,ko01110,ko01210,ko01230,map00290,map00620,map01100,map01110,map01210,map01230
WP_000095334	F	Plays an important role in the de novo pathway of purine nucleotide biosynthesis. Catalyzes the first committed step in the biosynthesis of AMP from IMP	purA	ko:K01939	ko00230,ko00250,ko01100,map00230,map00250,map01100
WP_000097322	J	One of several proteins that assist in the late maturation steps of the functional core of the 30S ribosomal subunit. Associates with free 30S ribosomal subunits (but not with 30S subunits that are part of 70S ribosomes or polysomes). Required for efficient processing of 16S rRNA. May interact with the 5'-terminal helix region of 16S rRNA	rbfA	ko:K02834	-
WP_000097460	K	Participates in both transcription termination and antitermination	nusA	ko:K02600	-
WP_000098285	M	Catalyzes the polymerization of lipoteichoic acid (LTA) polyglycerol phosphate, a reaction that presumably uses phosphatidylglycerol (PG) as substrate	ltaS	ko:K19005	ko00561,ko01100,map00561,map01100
WP_000101270	S	PVL ORF-50-like family	-	-	-
WP_000101566	E	permease	cycA	ko:K03293,ko:K11737	-
WP_000101625	J	Located on the platform of the 30S subunit, it bridges several disparate RNA helices of the 16S rRNA. Forms part of the Shine-Dalgarno cleft in the 70S ribosome	rpsK	ko:K02948	ko03010,map03010
WP_000101976	K	Transcriptional regulatory protein WalR	yycF	ko:K07668	ko02020,map02020
WP_000102735	L	COG2256 ATPase related to the helicase subunit of the Holliday junction resolvase	rarA	ko:K07478	-
WP_000105070	G	Catalyzes the oxidation of glucose 6-phosphate to 6- phosphogluconolactone	zwf	ko:K00036	ko00030,ko00480,ko01100,ko01110,ko01120,ko01130,ko01200,ko05230,map00030,map00480,map01100,map01110,map01120,map01130,map01200,map05230
WP_000106134	G	Belongs to the glyceraldehyde-3-phosphate dehydrogenase family	gapB	ko:K00134	ko00010,ko00710,ko01100,ko01110,ko01120,ko01130,ko01200,ko01230,ko04066,ko05010,map00010,map00710,map01100,map01110,map01120,map01130,map01200,map01230,map04066,map05010
WP_000106184	K	MarR family	-	-	-
WP_000106334	L	ATPase domain of DNA mismatch repair MUTS family	-	-	-
WP_000107170	P	Major Facilitator Superfamily	lmrB	ko:K18926	-
WP_000108667	J	Uncharacterized protein family UPF0004	yqeV	ko:K18707	-
WP_000109189	S	-	-	-	-
WP_000109715	H	Belongs to the precorrin methyltransferase family	cobA	ko:K02303	ko00860,ko01100,ko01110,ko01120,map00860,map01100,map01110,map01120
WP_000109899	F	Involved in the gluconeogenesis. Catalyzes the conversion of oxaloacetate (OAA) to phosphoenolpyruvate (PEP) through direct phosphoryl transfer between the nucleoside triphosphate and OAA	pckA	ko:K01610	ko00010,ko00020,ko00620,ko00710,ko01100,ko01110,ko01120,ko01130,ko01200,map00010,map00020,map00620,map00710,map01100,map01110,map01120,map01130,map01200
WP_000110011	K	Belongs to the Fur family	perR	ko:K09825	-
WP_000110023	S	-	-	-	-
WP_000110253	C	Succinyl-CoA synthetase functions in the citric acid cycle (TCA), coupling the hydrolysis of succinyl-CoA to the synthesis of either ATP or GTP and thus represents the only step of substrate-level phosphorylation in the TCA. The alpha subunit of the enzyme binds the substrates coenzyme A and phosphate, while succinate binding and nucleotide specificity is provided by the beta subunit	sucD	ko:K01902	ko00020,ko00640,ko00660,ko00720,ko01100,ko01110,ko01120,ko01130,ko01200,map00020,map00640,map00660,map00720,map01100,map01110,map01120,map01130,map01200
WP_000110600	S	-	-	-	-
WP_000111116	S	Virus attachment protein p12 family	-	-	-
WP_000113261	S	YoeB-like toxin of bacterial type II toxin-antitoxin system	yoeB	ko:K19158	-
WP_000113851	J	Located at the back of the 30S subunit body where it stabilizes the conformation of the head with respect to the body	rpsE	ko:K02988	ko03010,map03010
WP_000113975	S	PVL ORF-50-like family	-	-	-
WP_000114341	S	-	-	-	-
WP_000116232	C	Involved in the TCA cycle. Catalyzes the stereospecific interconversion of fumarate to L-malate	fumC	ko:K01679	ko00020,ko00620,ko00720,ko01100,ko01110,ko01120,ko01130,ko01200,ko04934,ko05200,ko05211,map00020,map00620,map00720,map01100,map01110,map01120,map01130,map01200,map04934,map05200,map05211
WP_000118307	D	Belongs to the FtsK SpoIIIE SftA family	sftA	ko:K03466	-
WP_000120109	G	PTS system sugar-specific permease component	gatC	ko:K02775	ko00052,ko01100,ko02060,map00052,map01100,map02060
WP_000120317	DZ	transferase activity, transferring acyl groups other than amino-acyl groups	sdrH	-	-
WP_000120370	P	phosphate transporter	pit	ko:K03306	-
WP_000120501	E	Catalyzes the reversible interconversion of serine and glycine with tetrahydrofolate (THF) serving as the one-carbon carrier. This reaction serves as the major source of one-carbon groups required for the biosynthesis of purines, thymidylate, methionine, and other important biomolecules. Also exhibits THF- independent aldolase activity toward beta-hydroxyamino acids, producing glycine and aldehydes, via a retro-aldol mechanism	glyA	ko:K00600	ko00260,ko00460,ko00630,ko00670,ko00680,ko01100,ko01110,ko01120,ko01130,ko01200,ko01230,ko01523,map00260,map00460,map00630,map00670,map00680,map01100,map01110,map01120,map01130,map01200,map01230,map01523
WP_000120549	S	Protein of unknown function (DUF2750)	-	-	-
WP_000121118	M	zinc metalloprotease	rseP	ko:K11749	ko02024,ko04112,map02024,map04112
WP_000121875	F	This enzyme scavenges exogenous and endogenous cytidine and 2'-deoxycytidine for UMP synthesis	cdd	ko:K01489	ko00240,ko00983,ko01100,map00240,map00983,map01100
WP_000122359	F	Belongs to the ribulokinase family	araB	ko:K00853	ko00040,ko01100,map00040,map01100
WP_000123170	C	Isocitrate dehydrogenase NADP	icd	ko:K00031	ko00020,ko00480,ko00720,ko01100,ko01110,ko01120,ko01130,ko01200,ko01210,ko01230,ko04146,map00020,map00480,map00720,map01100,map01110,map01120,map01130,map01200,map01210,map01230,map04146
WP_000123402	S	EVE domain	-	-	-
WP_000124353	J	Protein S19 forms a complex with S13 that binds strongly to the 16S ribosomal RNA	rpsS	ko:K02965	ko03010,map03010
WP_000125714	S	protein conserved in bacteria	-	ko:K04750	-
WP_000127572	D	Involved in protein export. Acts as a chaperone by maintaining the newly synthesized protein in an open conformation. Functions as a peptidyl-prolyl cis-trans isomerase	tig	ko:K03545	-
WP_000127589	E	Catalyzes the interconversion of L-alanine and D- alanine. May also act on other amino acids	alr2	ko:K01775	ko00473,ko01100,ko01502,map00473,map01100,map01502
WP_000128004	T	Member of the two-component regulatory system	-	ko:K07718	ko02020,map02020
WP_000128352	K	Transcriptional regulator	araC9	ko:K02099	-
WP_000128656	S	-	-	-	-
WP_000128898	S	-	-	-	-
WP_000129068	S	GlcNAc-PI de-N-acetylase	bshB2	ko:K22135	-
WP_000129411	E	Arginine	arcA	ko:K01478	ko00220,ko01100,ko01110,ko01130,map00220,map01100,map01110,map01130
WP_000129647	Q	Catalyzes the first step in the D-alanylation of lipoteichoic acid (LTA), the activation of D-alanine and its transfer onto the D-alanyl carrier protein (Dcp) DltC. In an ATP- dependent two-step reaction, forms a high energy D-alanyl-AMP intermediate, followed by transfer of the D-alanyl residue as a thiol ester to the phosphopantheinyl prosthetic group of the Dcp. D-alanylation of LTA plays an important role in modulating the properties of the cell wall in Gram-positive bacteria, influencing the net charge of the cell wall	dltA	ko:K03367	ko00473,ko01503,ko02020,ko05150,map00473,map01503,map02020,map05150
WP_000130134	EH	Belongs to the TPP enzyme family	alsS	ko:K01652	ko00290,ko00650,ko00660,ko00770,ko01100,ko01110,ko01130,ko01210,ko01230,map00290,map00650,map00660,map00770,map01100,map01110,map01130,map01210,map01230
WP_000130458	G	Inositol monophosphatase	suhB	ko:K01092	ko00521,ko00562,ko01100,ko04070,map00521,map00562,map01100,map04070
WP_000130758	EGP	Transmembrane secretion effector	-	-	-
WP_000131377	S	Phage Conserved Open Reading Frame 51	-	-	-
WP_000131823	K	Transcriptional regulator	-	-	-
WP_000132055	C	succinate dehydrogenase	sdhB	ko:K00240	ko00020,ko00190,ko00650,ko00720,ko01100,ko01110,ko01120,ko01130,ko01200,map00020,map00190,map00650,map00720,map01100,map01110,map01120,map01130,map01200
WP_000132191	S	Phage Conserved Open Reading Frame 51	-	-	-
WP_000132890	S	Serine hydrolase	-	ko:K07002	-
WP_000133951	J	Ribosomal protein S1	rpsA	ko:K02945	ko03010,map03010
WP_000134232	S	Converts GTP to 7,8-dihydroneopterin triphosphate	folE2	ko:K09007	ko00790,ko01100,map00790,map01100
WP_000134527	H	Catalyzes the conversion of (8S)-3',8-cyclo-7,8- dihydroguanosine 5'-triphosphate to cyclic pyranopterin monophosphate (cPMP)	moaC	ko:K03637	ko00790,ko01100,ko04122,map00790,map01100,map04122
WP_000134765	S	An essential GTPase that binds both GDP and GTP, with rapid nucleotide exchange. Plays a role in 16S rRNA processing and 30S ribosomal subunit biogenesis and possibly also in cell cycle regulation and energy metabolism	era	ko:K03595	-
WP_000134779	S	Belongs to the UPF0473 family	-	-	-
WP_000134963	C	Belongs to the class-II pyridine nucleotide-disulfide oxidoreductase family	trxB	ko:K00384	ko00450,map00450
WP_000136027	I	alpha/beta hydrolase fold	-	-	-
WP_000136165	E	Reversibly catalyzes the transfer of the carbamoyl group from carbamoyl phosphate (CP) to the N(epsilon) atom of ornithine (ORN) to produce L-citrulline	argF	ko:K00611	ko00220,ko01100,ko01110,ko01130,ko01230,map00220,map01100,map01110,map01130,map01230
WP_000136256	O	Thiol-specific peroxidase that catalyzes the reduction of hydrogen peroxide and organic hydroperoxides to water and alcohols, respectively. Plays a role in cell protection against oxidative stress by detoxifying peroxides	tpx	ko:K11065	-
WP_000136271	K	Putative ATP-dependent DNA helicase recG C-terminal	-	ko:K03655	ko03440,map03440
WP_000136493	S	Maltose acetyltransferase	-	-	-
WP_000136638	P	FecCD transport family	yfhA	ko:K02015	ko02010,map02010
WP_000136939	I	Serine aminopeptidase, S33	-	-	-
WP_000137775	O	Peptidase U32	yrrN	ko:K08303	ko05120,map05120
WP_000138218	K	thus playing an essential role in arginine catabolism. May also control the expression of genes encoding proteins which are involved in anaerobic metabolism. Can bind cyclic AMP	arcR	ko:K21828	-
WP_000138345	M	Penicillin-binding protein	ponA	ko:K05366	ko00550,ko01100,ko01501,map00550,map01100,map01501
WP_000138400	P	Belongs to the TelA family	telA1	-	-
WP_000138481	S	DNA metabolic process	-	-	-
WP_000138487	E	Belongs to the Glu Leu Phe Val dehydrogenases family	gluD	ko:K00260	ko00220,ko00250,ko00430,ko00910,ko01100,map00220,map00250,map00430,map00910,map01100
WP_000138928	S	protein conserved in bacteria	-	ko:K21600	-
WP_000139185	S	Membrane transport protein	XK27_04815	ko:K07088	-
WP_000140044	P	Belongs to the ABC transporter superfamily	oppD	ko:K02031,ko:K15583	ko01501,ko02010,ko02024,map01501,map02010,map02024
WP_000140172	L	Poorly processive, error-prone DNA polymerase involved in untargeted mutagenesis. Copies undamaged DNA at stalled replication forks, which arise in vivo from mismatched or misaligned primer ends. These misaligned primers can be extended by PolIV. Exhibits no 3'-5' exonuclease (proofreading) activity. May be involved in translesional synthesis, in conjunction with the beta clamp from PolIII	dinB	ko:K02346	-
WP_000140679	C	Component of the F(0) channel, it forms part of the peripheral stalk, linking F(1) to F(0)	atpF	ko:K02109	ko00190,ko00195,ko01100,map00190,map00195,map01100
WP_000141112	H	Catalyzes the transfer of endogenously produced octanoic acid from octanoyl-acyl-carrier-protein onto the lipoyl domain of GcvH, an intermediate carrier during protein lipoylation	lipM	ko:K03800	ko00785,ko01100,map00785,map01100
WP_000141410	G	invertase	scrB	ko:K01193	ko00052,ko00500,ko01100,map00052,map00500,map01100
WP_000142001	S	Protein of unknown function, DUF600	-	-	-
WP_000142120	S	Protein of unknown function, DUF600	-	-	-
WP_000142182	I	Acyl-CoA dehydrogenase, N-terminal domain	-	ko:K00252	ko00071,ko00310,ko00362,ko00380,ko01100,ko01120,ko01130,map00071,map00310,map00362,map00380,map01100,map01120,map01130
WP_000143420	T	Histidine kinase	nsaS	ko:K19081	ko02020,map02020
WP_000143486	E	Belongs to the glutamate synthase family	yerD	ko:K00284	ko00630,ko00910,ko01120,map00630,map00910,map01120
WP_000143677	V	ABC transporter (permease)	bceB	ko:K11632,ko:K19080	ko01503,ko02010,ko02020,ko05150,map01503,map02010,map02020,map05150
WP_000145163	S	Belongs to the UPF0346 family	-	-	-
WP_000145498	S	Protein of unknown function (DUF4064)	-	-	-
WP_000145570	S	Bacterial protein of unknown function (DUF871)	-	ko:K09963	-
WP_000146737	K	Acetyltransferase (GNAT) domain	-	-	-
WP_000147094	S	membrane-bound metal-dependent	yvsG	ko:K07038	-
WP_000147103	S	antibacterial protein	-	ko:K20337	ko02024,map02024
WP_000148299	S	calcium ion binding	-	-	-
WP_000148605	O	Redox regulated molecular chaperone. Protects both thermally unfolding and oxidatively damaged proteins from irreversible aggregation. Plays an important role in the bacterial defense system toward oxidative stress	hslO	ko:K04083	-
WP_000148828	S	Belongs to the UPF0178 family	-	ko:K09768	-
WP_000148851	G	Belongs to the GPI family	pgi	ko:K01810	ko00010,ko00030,ko00500,ko00520,ko01100,ko01110,ko01120,ko01130,ko01200,map00010,map00030,map00500,map00520,map01100,map01110,map01120,map01130,map01200
WP_000149064	S	Cell wall-active antibiotics response 4TMS YvqF	yvqF	ko:K11622	ko02020,map02020
WP_000149276	E	Catalyzes the condensation of (S)-aspartate-beta- semialdehyde (S)-ASA and pyruvate to 4-hydroxy- tetrahydrodipicolinate (HTPA)	dapA	ko:K01714	ko00261,ko00300,ko01100,ko01110,ko01120,ko01130,ko01230,map00261,map00300,map01100,map01110,map01120,map01130,map01230
WP_000149294	Q	protein, possibly involved in aromatic compounds catabolism	yuxO	-	-
WP_000149344	K	Probably functions as a transcriptional regulator via a specific DNA-binding domain, recognizing motifs near the promoter sequences of target genes	saeR	ko:K10682	ko02020,map02020
WP_000149414	F	Belongs to the formate--tetrahydrofolate ligase family	fhs	ko:K01938	ko00670,ko00720,ko01100,ko01120,ko01200,map00670,map00720,map01100,map01120,map01200
WP_000149420	S	-	-	-	-
WP_000149686	Q	COG1335 Amidases related to nicotinamidase	pncA	-	-
WP_000150015	E	Involved in the third step of the chorismate pathway, which leads to the biosynthesis of aromatic amino acids. Catalyzes the cis-dehydration of 3-dehydroquinate (DHQ) and introduces the first double bond of the aromatic ring to yield 3- dehydroshikimate	aroD	ko:K03785	ko00400,ko01100,ko01110,ko01130,ko01230,map00400,map01100,map01110,map01130,map01230
WP_000150161	M	Belongs to the MurCDEF family	murC	ko:K01924	ko00471,ko00550,ko01100,map00471,map00550,map01100
WP_000150210	S	Catalyzes a proton abstraction reaction that results in 2,5-elimination of pyruvate from 2-succinyl-5-enolpyruvyl-6- hydroxy-3-cyclohexene-1-carboxylate (SEPHCHC) and the formation of 2-succinyl-6-hydroxy-2,4-cyclohexadiene-1-carboxylate (SHCHC)	menH	ko:K08680	ko00130,ko01100,ko01110,map00130,map01100,map01110
WP_000150936	S	-	-	-	-
WP_000151127	K	Transcriptional regulator	-	-	-
WP_000151986	I	Hydroxymethylglutaryl-CoA synthase	mvaS	ko:K01641	ko00072,ko00280,ko00650,ko00900,ko01100,ko01110,ko01130,map00072,map00280,map00650,map00900,map01100,map01110,map01130
WP_000152582	S	Protein of unknown function (DUF456)	-	ko:K09793	-
WP_000153345	S	Activator of Hsp90 ATPase homolog 1-like protein	-	-	-
WP_000153475	S	Oxidoreductase family, C-terminal alpha/beta domain	-	-	-
WP_000153535	K	response regulator	vraR	ko:K07694,ko:K11618	ko02020,map02020
WP_000153554	S	Phage Terminase	-	-	-
WP_000153732	V	ABC transporter, ATP-binding protein	bceA	ko:K02003,ko:K11631,ko:K19079	ko01503,ko02010,ko02020,ko05150,map01503,map02010,map02020,map05150
WP_000154113	E	Belongs to the TrpC family	trpC	ko:K01609,ko:K13498	ko00400,ko01100,ko01110,ko01130,ko01230,map00400,map01100,map01110,map01130,map01230
WP_000154162	V	ABC transporter, ATP-binding protein	bceA	ko:K02003,ko:K11631,ko:K19079	ko01503,ko02010,ko02020,ko05150,map01503,map02010,map02020,map05150
WP_000154230	L	Couples transcription and DNA repair by recognizing RNA polymerase (RNAP) stalled at DNA lesions. Mediates ATP-dependent release of RNAP and its truncated transcript from the DNA, and recruitment of nucleotide excision repair machinery to the damaged site	mfd	ko:K03723	ko03420,map03420
WP_000154459	K	Acetyltransferase (GNAT) domain	-	-	-
WP_000154465	S	-	-	-	-
WP_000154534	I	Belongs to the enoyl-CoA hydratase isomerase family	fadN	ko:K07516	ko00071,ko00362,ko00650,ko01100,ko01120,ko01200,ko01212,map00071,map00362,map00650,map01100,map01120,map01200,map01212
WP_000154567	S	peptidase activity	-	-	-
WP_000154682	S	Protein of unknown function (DUF1405)	ypjA	-	-
WP_000154918	L	ATP-dependent helicase nuclease subunit A	addA	ko:K16898	-
WP_000155383	P	ATP-binding (A) component of a common energy-coupling factor (ECF) ABC-transporter complex. Unlike classic ABC transporters this ECF transporter provides the energy necessary to transport a number of different substrates	ecfA2	ko:K16787	ko02010,map02010
WP_000157348	S	Bacterial protein of unknown function (DUF951)	yyzM	-	-
WP_000157603	C	Produces ATP from ADP in the presence of a proton gradient across the membrane. The gamma chain is believed to be important in regulating ATPase activity and the flow of protons through the CF(0) complex	atpG	ko:K02115	ko00190,ko00195,ko01100,map00190,map00195,map01100
WP_000157635	S	Conserved hypothetical protein 698	-	-	-
WP_000157650	J	This is one of the proteins that binds to the 5S RNA in the ribosome where it forms part of the central protuberance	ctc	ko:K02897	ko03010,map03010
WP_000158387	G	Belongs to the phosphoglycerate mutase family	-	ko:K01834,ko:K02226	ko00010,ko00260,ko00680,ko00860,ko01100,ko01110,ko01120,ko01130,ko01200,ko01230,ko04922,ko05230,map00010,map00260,map00680,map00860,map01100,map01110,map01120,map01130,map01200,map01230,map04922,map05230
WP_000158432	M	An N-acetylglucosaminyl transferase that is part of the accessory SecA2 SecY2 system specifically required to export serine-rich repeat cell wall proteins usually encoded upstream in the same operon	gtf1	-	-
WP_000159044	J	Required for the formation of a threonylcarbamoyl group on adenosine at position 37 (t(6)A37) in tRNAs that read codons beginning with adenine. Is involved in the transfer of the threonylcarbamoyl moiety of threonylcarbamoyl-AMP (TC-AMP) to the N6 group of A37, together with TsaE and TsaB. TsaD likely plays a direct catalytic role in this reaction	tsaD	ko:K01409	-
WP_000159577	J	Belongs to the pseudouridine synthase RsuA family	rluB	ko:K06178	-
WP_000159632	F	Belongs to the D-alanine--D-alanine ligase family	ddl	ko:K01921	ko00473,ko00550,ko01100,ko01502,map00473,map00550,map01100,map01502
WP_000159751	G	The phosphoenolpyruvate-dependent sugar phosphotransferase system (sugar PTS), a major carbohydrate active -transport system, catalyzes the phosphorylation of incoming sugar substrates concomitantly with their translocation across the cell membrane	ybbF	ko:K02808,ko:K02809,ko:K02810	ko00500,ko02060,map00500,map02060
WP_000159837	S	-	-	-	-
WP_000159865	L	Bidirectionally degrades single-stranded DNA into large acid-insoluble oligonucleotides, which are then degraded further into small acid-soluble oligonucleotides	xseB	ko:K03602	ko03430,map03430
WP_000159902	O	Has an important function as a repair enzyme for proteins that have been inactivated by oxidation. Catalyzes the reversible oxidation-reduction of methionine sulfoxide in proteins to methionine	msrA	ko:K07304,ko:K12267	-
WP_000159960	F	Catalyzes the ATP-dependent amination of UTP to CTP with either L-glutamine or ammonia as the source of nitrogen. Regulates intracellular CTP levels through interactions with the four ribonucleotide triphosphates	pyrG	ko:K01937	ko00240,ko01100,map00240,map01100
WP_000160212	J	One of the primary rRNA binding proteins, it binds directly near the 3'-end of the 23S rRNA, where it nucleates assembly of the 50S subunit	rplC	ko:K02906	ko03010,map03010
WP_000160303	F	Purine nucleoside phosphorylase	deoD	ko:K03784	ko00230,ko00240,ko00760,ko01100,ko01110,map00230,map00240,map00760,map01100,map01110
WP_000160435	K	DRTGG domain	ytoI	-	-
WP_000160445	Q	Catalyzes the oxidation of the terminal methyl side group of 4,4'-diaponeurosporene to form 4,4'-diaponeurosporenoate (4,4'-diaponeurosporenic acid), via the aldehyde intermediate 4,4'-diaponeurosporenal. This is an intermediate step in the biosynthesis of staphyloxanthin, an orange pigment present in most staphylococci strains	crtP	ko:K10210	ko00906,map00906
WP_000160689	S	HNH endonuclease	-	-	-
WP_000160858	M	Iron Transport-associated domain	isdA	ko:K14193	ko05150,map05150
WP_000161219	E	Trypsin-like serine protease	mpr	-	-
WP_000161285	J	Attaches a formyl group to the free amino group of methionyl-tRNA(fMet). The formyl group appears to play a dual role in the initiator identity of N-formylmethionyl-tRNA by promoting its recognition by IF2 and preventing the misappropriation of this tRNA by the elongation apparatus	fmt	ko:K00604	ko00670,ko00970,map00670,map00970
WP_000161315	G	glucokinase	glcK	ko:K00845	ko00010,ko00052,ko00500,ko00520,ko00521,ko00524,ko01100,ko01110,ko01120,ko01130,ko01200,map00010,map00052,map00500,map00520,map00521,map00524,map01100,map01110,map01120,map01130,map01200
WP_000161373	CH	Belongs to the D-isomer specific 2-hydroxyacid dehydrogenase family	-	ko:K03778	ko00620,ko01120,map00620,map01120
WP_000161539	CH	Belongs to the D-isomer specific 2-hydroxyacid dehydrogenase family	ddh	ko:K03778	ko00620,ko01120,map00620,map01120
WP_000161679	E	Belongs to the peptidase M24B family	pepQ	ko:K01271	-
WP_000161746	I	Glycerol-3-phosphate dehydrogenase	gpsA	ko:K00057	ko00564,ko01110,map00564,map01110
WP_000161828	IQ	Belongs to the short-chain dehydrogenases reductases (SDR) family	-	-	-
WP_000161927	L	DNA polymerase	polX	ko:K02347	-
WP_000162202	S	Protein of unknown function (DUF1433)	-	-	-
WP_000162661	G	Binding-protein-dependent transport system inner membrane component	malG	ko:K15772	ko02010,map02010
WP_000162810	O	Thioredoxin	-	-	-
WP_000162881	H	Catalyzes the ferrous insertion into protoporphyrin IX	hemH	ko:K01772	ko00860,ko01100,ko01110,map00860,map01100,map01110
WP_000162901	S	-	-	-	-
WP_000163242	T	Catalyzes the reduction of arsenate As(V) to arsenite As(III)	arsC	ko:K03741	-
WP_000163283	S	intracellular protease	yraA	ko:K05520	-
WP_000163422	F	inosine-uridine preferring nucleoside hydrolase	iunH5	ko:K01239	ko00230,ko00760,ko01100,map00230,map00760,map01100
WP_000163522	E	Catalyzes the NADPH-dependent formation of L-aspartate- semialdehyde (L-ASA) by the reductive dephosphorylation of L- aspartyl-4-phosphate	asd	ko:K00133	ko00260,ko00261,ko00270,ko00300,ko01100,ko01110,ko01120,ko01130,ko01210,ko01230,map00260,map00261,map00270,map00300,map01100,map01110,map01120,map01130,map01210,map01230
WP_000163636	E	The alpha subunit is responsible for the aldol cleavage of indoleglycerol phosphate to indole and glyceraldehyde 3- phosphate	trpA	ko:K01695	ko00260,ko00400,ko01100,ko01110,ko01130,ko01230,map00260,map00400,map01100,map01110,map01130,map01230
WP_000163742	H	Catalyzes the condensation of pantoate with beta-alanine in an ATP-dependent reaction via a pantoyl-adenylate intermediate	panC	ko:K01918	ko00410,ko00770,ko01100,ko01110,map00410,map00770,map01100,map01110
WP_000163820	S	Oxidoreductase family, C-terminal alpha/beta domain	-	-	-
WP_000163826	S	Small secreted protein	-	-	-
WP_000163986	G	Belongs to the glycosyl hydrolase 1 family	bglA	ko:K01223	ko00010,ko00500,map00010,map00500
WP_000164332	G	Belongs to the ribulose-phosphate 3-epimerase family	rpe	ko:K01783	ko00030,ko00040,ko00710,ko01100,ko01110,ko01120,ko01130,ko01200,ko01230,map00030,map00040,map00710,map01100,map01110,map01120,map01130,map01200,map01230
WP_000164420	H	Involved in the synthesis of autoinducer 2 (AI-2) which is secreted by bacteria and is used to communicate both the cell density and the metabolic potential of the environment. The regulation of gene expression in response to changes in cell density is called quorum sensing. Catalyzes the transformation of S-ribosylhomocysteine (RHC) to homocysteine (HC) and 4,5- dihydroxy-2,3-pentadione (DPD)	luxS	ko:K07173	ko00270,ko01100,ko01230,ko02024,ko02026,ko05111,map00270,map01100,map01230,map02024,map02026,map05111
WP_000164551	H	Belongs to the 5-formyltetrahydrofolate cyclo-ligase family	fthC	ko:K01934	ko00670,ko01100,map00670,map01100
WP_000165530	S	GTPase that plays an essential role in the late steps of ribosome biogenesis	der	ko:K03977	-
WP_000166066	S	DegV family	degV	-	-
WP_000166804	T	Member of the two-component regulatory system ArlS ArlR. ArlS probably functions as a sensor protein kinase which is autophosphorylated at a histidine residue and transfers its phosphate group to ArlR (By similarity)	arlS	ko:K18940	ko02020,map02020
WP_000166892	P	Binding-protein-dependent transport system inner membrane component	-	ko:K15771	ko02010,map02010
WP_000166915	M	COG0739 Membrane proteins related to metalloendopeptidases	-	-	-
WP_000167269	IQ	reductase	fabG	ko:K00059	ko00061,ko00333,ko00780,ko01040,ko01100,ko01130,ko01212,map00061,map00333,map00780,map01040,map01100,map01130,map01212
WP_000167314	E	Catalyzes the interconversion of ornithine to glutamate semialdehyde	rocD	ko:K00819	ko00330,ko01100,ko01110,ko01130,map00330,map01100,map01110,map01130
WP_000167555	H	Catalyzes the 6-electron oxidation of protoporphyrinogen-IX to form protoporphyrin-IX	hemY	ko:K00231	ko00860,ko01100,ko01110,map00860,map01100,map01110
WP_000167862	E	Belongs to the arginase family	rocF	ko:K01476	ko00220,ko00330,ko01100,ko01110,ko01130,ko01230,ko05146,map00220,map00330,map01100,map01110,map01130,map01230,map05146
WP_000167939	H	Catalyzes the condensation of para-aminobenzoate (pABA) with 6-hydroxymethyl-7,8-dihydropterin diphosphate (DHPt-PP) to form 7,8-dihydropteroate (H2Pte), the immediate precursor of folate derivatives	folP	ko:K00796	ko00790,ko01100,map00790,map01100
WP_000167967	M	the polymerization of the main chain of the major teichoic acid by sequential transfer of ribitol phosphate units from CDP-ribitol to the second glycerol phophate attached to the disaccharide linkage unit	tarL	ko:K18704	-
WP_000168845	O	FeS assembly ATPase SufC	sufC	ko:K09013	-
WP_000169037	S	Protein of unknown function (DUF2922)	-	-	-
WP_000169127	S	peptidase activity	-	-	-
WP_000169213	G	Belongs to the glycosyl hydrolase 1 family	lacG	ko:K01220,ko:K05350	ko00052,ko00460,ko00500,ko00940,ko01100,ko01110,map00052,map00460,map00500,map00940,map01100,map01110
WP_000169319	K	Acetyltransferase, gnat family	ytmI	ko:K00680	-
WP_000170162	J	Allows the formation of correctly charged Asn-tRNA(Asn) or Gln-tRNA(Gln) through the transamidation of misacylated Asp- tRNA(Asn) or Glu-tRNA(Gln) in organisms which lack either or both of asparaginyl-tRNA or glutaminyl-tRNA synthetases. The reaction takes place in the presence of glutamine and ATP through an activated phospho-Asp-tRNA(Asn) or phospho-Glu-tRNA(Gln)	gatC	ko:K02435	ko00970,ko01100,map00970,map01100
WP_000170398	EGP	of the major facilitator superfamily	-	-	-
WP_000170603	S	Belongs to the UPF0637 family	yktB	-	-
WP_000171419	S	Asp23 family, cell envelope-related function	yloU	-	-
WP_000171798	S	-	-	-	-
WP_000171859	S	-	-	-	-
WP_000171919	S	Protein of unknown function (DUF4242)	-	-	-
WP_000172374	L	The heterodimer acts as both an ATP-dependent DNA helicase and an ATP-dependent, dual-direction single-stranded exonuclease. Recognizes the chi site generating a DNA molecule suitable for the initiation of homologous recombination. The AddB nuclease domain is not required for chi fragment generation	rexB	ko:K16899	-
WP_000172540	S	-	-	-	-
WP_000173102	L	Replication initiation factor	-	-	-
WP_000173329	O	Activation of anaerobic ribonucleoside-triphosphate reductase under anaerobic conditions by generation of an organic free radical, using S-adenosylmethionine and reduced flavodoxin as cosubstrates to produce 5'-deoxy-adenosine	nrdG	ko:K04068	-
WP_000173839	F	Catalyzes the transfer of the phosphoribosyl group of 5- phosphorylribose-1-pyrophosphate (PRPP) to anthranilate to yield N-(5'-phosphoribosyl)-anthranilate (PRA)	trpD	ko:K00766,ko:K13497	ko00400,ko01100,ko01110,ko01130,ko01230,map00400,map01100,map01110,map01130,map01230
WP_000173863	EP	COG0444 ABC-type dipeptide oligopeptide nickel transport system, ATPase component	-	ko:K15587	ko02010,map02010
WP_000173894	C	L-lactate permease	lctP	ko:K03303	-
WP_000174042	F	Belongs to the SAICAR synthetase family	purC	ko:K01923	ko00230,ko01100,ko01110,ko01130,map00230,map01100,map01110,map01130
WP_000174278	C	glycerophosphoryl diester phosphodiesterase	-	ko:K01126	ko00564,map00564
WP_000174567	S	Domain of unknown function (DU1801)	XK27_02315	-	-
WP_000175748	H	Key enzyme in folate metabolism. Catalyzes an essential reaction for de novo glycine and purine synthesis, and for DNA precursor synthesis	folA	ko:K00287	ko00670,ko00790,ko01100,ko01523,map00670,map00790,map01100,map01523
WP_000175842	E	cystathionine	metC	ko:K01760	ko00270,ko00450,ko01100,ko01110,ko01230,map00270,map00450,map01100,map01110,map01230
WP_000176403	L	Endonuclease that specifically degrades the RNA of RNA- DNA hybrids	rnhB	ko:K03470	ko03030,map03030
WP_000177458	E	Histidine ammonia-lyase	hutH	ko:K01745	ko00340,ko01100,map00340,map01100
WP_000177993	S	Transition state regulatory protein AbrB	-	ko:K07120	-
WP_000178302	I	cellular alcohol biosynthetic process	crtM	ko:K02291,ko:K10208	ko00906,ko01062,ko01100,ko01110,map00906,map01062,map01100,map01110
WP_000178881	J	One of the primary rRNA binding proteins, it binds directly to 16S rRNA central domain where it helps coordinate assembly of the platform of the 30S subunit	rpsH	ko:K02994	ko03010,map03010
WP_000179063	Q	Alpha-acetolactate decarboxylase	budA	ko:K01575	ko00650,ko00660,map00650,map00660
WP_000179858	S	Phage minor structural protein	-	-	-
WP_000180230	S	Metal dependent phosphohydrolases with conserved 'HD' motif.	ywfO	ko:K06885	-
WP_000180281	FJ	Catalyzes the deamination of adenosine to inosine at the wobble position 34 of tRNA(Arg2)	tadA	ko:K11991	-
WP_000180416	S	-	-	-	-
WP_000180460	L	Belongs to the UPF0435 family	yfkK	-	-
WP_000180673	C	The 2-oxoglutarate dehydrogenase complex catalyzes the overall conversion of 2-oxoglutarate to succinyl-CoA and CO(2). It contains multiple copies of three enzymatic components 2- oxoglutarate dehydrogenase (E1), dihydrolipoamide succinyltransferase (E2) and lipoamide dehydrogenase (E3)	odhA	ko:K00164	ko00020,ko00310,ko00380,ko01100,ko01110,ko01120,ko01130,ko01200,map00020,map00310,map00380,map01100,map01110,map01120,map01130,map01200
WP_000180992	P	Glycine betaine	proWX	ko:K05845,ko:K05846	ko02010,map02010
WP_000181133	S	Belongs to the UPF0312 family	-	-	-
WP_000181322	G	Lactonase, 7-bladed beta-propeller	pgl	ko:K07404	ko00030,ko01100,ko01110,ko01120,ko01130,ko01200,map00030,map01100,map01110,map01120,map01130,map01200
WP_000181394	J	Belongs to the class IV-like SAM-binding methyltransferase superfamily. RNA methyltransferase TrmH family. TrmL subfamily	cspR	ko:K03216	-
WP_000181404	J	This protein is located at the 30S-50S ribosomal subunit interface and may play a role in the structure and function of the aminoacyl-tRNA binding site	rplS	ko:K02884	ko03010,map03010
WP_000181826	K	Helix-turn-helix domain, rpiR family	-	-	-
WP_000182028	S	-	-	-	-
WP_000182215	O	Participates actively in the response to hyperosmotic and heat shock by preventing the aggregation of stress-denatured proteins, in association with DnaK and GrpE. It is the nucleotide exchange factor for DnaK and may function as a thermosensor. Unfolded proteins bind initially to DnaJ	grpE	ko:K03687	-
WP_000182654	T	GTP-binding protein TypA	typA	ko:K06207	-
WP_000182743	H	Catalyzes the phosphorylation of ribose at O-5 in a reaction requiring ATP and magnesium. The resulting D-ribose-5- phosphate can then be used either for sythesis of nucleotides, histidine, and tryptophan, or as a component of the pentose phosphate pathway	rbsK	ko:K00852	ko00030,map00030
WP_000182843	CO	Thioredoxin	-	-	-
WP_000183376	H	Belongs to the FPP GGPP synthase family	ispA	ko:K13789	ko00900,ko01100,ko01110,ko01130,map00900,map01100,map01110,map01130
WP_000183671	K	acetyltransferase GNAT family	-	-	-
WP_000183712	M	COG0458 Carbamoylphosphate synthase large subunit (split gene in MJ)	-	-	-
WP_000183771	IQ	reductase	budC	ko:K03366	ko00650,map00650
WP_000184228	S	-	-	-	-
WP_000184370	M	penicillin-binding protein	pbp1B	ko:K03693,ko:K12551	ko00550,ko01100,ko01501,map00550,map01100,map01501
WP_000184383	I	Thioesterase superfamily	ykhA	-	-
WP_000184407	EGP	Major facilitator	-	-	-
WP_000184750	P	Belongs to the binding-protein-dependent transport system permease family. FecCD subfamily	fhuB	ko:K02015	ko02010,map02010
WP_000184947	H	Converts o-succinylbenzoyl-CoA (OSB-CoA) to 1,4- dihydroxy-2-naphthoyl-CoA (DHNA-CoA)	menB	ko:K01661	ko00130,ko01100,ko01110,map00130,map01100,map01110
WP_000185193	EGP	Major Facilitator Superfamily	yvmA	-	-
WP_000185319	C	glycerophosphoryl diester phosphodiesterase	glpQ	ko:K01113,ko:K01126	ko00564,ko00790,ko01100,ko02020,map00564,map00790,map01100,map02020
WP_000185638	S	dUTPase	-	-	-
WP_000185861	D	ATPase MipZ	capB	-	-
WP_000186037	J	Catalyzes the attachment of tyrosine to tRNA(Tyr) in a two-step reaction tyrosine is first activated by ATP to form Tyr- AMP and then transferred to the acceptor end of tRNA(Tyr)	tyrS	ko:K01866	ko00970,map00970
WP_000186121	Q	Alpha-acetolactate decarboxylase	budA	ko:K01575	ko00650,ko00660,map00650,map00660
WP_000186309	S	Sucrose-6F-phosphate phosphohydrolase	-	-	-
WP_000186492	E	Belongs to the AB hydrolase superfamily. MetX family	metXA	ko:K00641	ko00270,ko01100,ko01130,map00270,map01100,map01130
WP_000186930	T	GAF domain	nreA	ko:K10851	ko02020,map02020
WP_000190138	C	COG1013 Pyruvate ferredoxin oxidoreductase and related 2-oxoacid ferredoxin oxidoreductases, beta subunit	korB	ko:K00175	ko00010,ko00020,ko00620,ko00650,ko00720,ko01100,ko01120,ko01130,ko01200,map00010,map00020,map00620,map00650,map00720,map01100,map01120,map01130,map01200
WP_000190726	E	Azaleucine resistance	azlC	-	-
WP_000190897	V	type I restriction-modification system	hsdM	ko:K03427	-
WP_000191092	P	Phosphonate ABC transporter, permease protein	ptxC	ko:K02042	ko02010,map02010
WP_000191464	S	-	-	-	-
WP_000192137	K	response regulator ArlR	arlR	ko:K18941	ko02020,map02020
WP_000192182	G	D-fructose-1,6-bisphosphate 1-phosphohydrolase class 3	fbp	ko:K04041	ko00010,ko00030,ko00051,ko00680,ko00710,ko01100,ko01110,ko01120,ko01130,ko01200,map00010,map00030,map00051,map00680,map00710,map01100,map01110,map01120,map01130,map01200
WP_000192942	S	Domain of unknown function (DUF1949)	yvyE	ko:K01271	-
WP_000193707	G	Catalyzes the oxidative decarboxylation of 6- phosphogluconate to ribulose 5-phosphate and CO(2), with concomitant reduction of NADP to NADPH	gnd	ko:K00033	ko00030,ko00480,ko01100,ko01110,ko01120,ko01130,ko01200,map00030,map00480,map01100,map01110,map01120,map01130,map01200
WP_000193751	E	transporter	dtpT	ko:K03305	-
WP_000193930	M	Membrane	-	-	-
WP_000195099	L	Domain of unknown function (DUF927)	-	-	-
WP_000195254	J	Catalyzes the folate-dependent formation of 5-methyl- uridine at position 54 (M-5-U54) in all tRNAs	trmFO	ko:K04094	-
WP_000195806	S	Protein of unknown function (DUF1381)	-	-	-
WP_000195809	S	Protein of unknown function (DUF1381)	-	-	-
WP_000195909	S	Metal-dependent hydrolase	XK27_00940	ko:K07130	ko00380,ko00630,ko01100,map00380,map00630,map01100
WP_000196911	E	acetolactate synthase activity	-	ko:K01653	ko00290,ko00650,ko00660,ko00770,ko01100,ko01110,ko01130,ko01210,ko01230,map00290,map00650,map00660,map00770,map01100,map01110,map01130,map01210,map01230
WP_000197013	E	ABC transporter substrate-binding protein	oppA	ko:K02035,ko:K15580	ko01501,ko02010,ko02024,map01501,map02010,map02024
WP_000197034	I	Mevalonate kinase	mvk	ko:K00869	ko00900,ko01100,ko01110,ko01130,ko04146,map00900,map01100,map01110,map01130,map04146
WP_000197261	S	5'-3'-deoxyribonucleotidase	-	-	-
WP_000197645	S	CAAX amino terminal protease family protein	ydiL	ko:K07052	-
WP_000197806	G	Phosphotransfer between the C1 and C5 carbon atoms of pentose	deoB	ko:K01839	ko00030,ko00230,map00030,map00230
WP_000197965	P	Binding-protein-dependent transport system inner membrane component	-	ko:K02050	-
WP_000198504	S	-	-	-	-
WP_000198598	K	Belongs to the GbsR family	yuaC	ko:K22109	-
WP_000199070	I	Belongs to the thiolase family	atoB	ko:K00626	ko00071,ko00072,ko00280,ko00310,ko00362,ko00380,ko00620,ko00630,ko00640,ko00650,ko00720,ko00900,ko01100,ko01110,ko01120,ko01130,ko01200,ko01212,ko02020,map00071,map00072,map00280,map00310,map00362,map00380,map00620,map00630,map00640,map00650,map00720,map00900,map01100,map01110,map01120,map01130,map01200,map01212,map02020
WP_000200684	S	Phosphotransferase system, EIIC	-	ko:K07035	-
WP_000200948	S	-	-	-	-
WP_000201387	J	Associates with the EF-Tu.GDP complex and induces the exchange of GDP to GTP. It remains bound to the aminoacyl-tRNA.EF- Tu.GTP complex up to the GTP hydrolysis stage on the ribosome	tsf	ko:K02357	-
WP_000201639	K	TfoX N-terminal domain	-	-	-
WP_000201875	H	Catalyzes the radical-mediated insertion of two sulfur atoms into the C-6 and C-8 positions of the octanoyl moiety bound to the lipoyl domains of lipoate-dependent enzymes, thereby converting the octanoylated domains into lipoylated derivatives	lipA	ko:K03644	ko00785,ko01100,map00785,map01100
WP_000202026	H	transporter	ydaH	ko:K12942	-
WP_000202191	E	The glycine cleavage system catalyzes the degradation of glycine. The P protein binds the alpha-amino group of glycine through its pyridoxal phosphate cofactor	gcvPB	ko:K00283	ko00260,ko00630,ko01100,ko01110,ko01130,ko01200,map00260,map00630,map01100,map01110,map01130,map01200
WP_000202390	K	response regulator	desR	ko:K02479,ko:K07693	ko02020,map02020
WP_000202441	G	Acyltransferase family	-	-	-
WP_000204625	P	probably responsible for the translocation of the substrate across the membrane	pstC	ko:K02037	ko02010,map02010
WP_000205307	S	-	-	-	-
WP_000205572	O	assembly protein SufD	sufD	ko:K07033,ko:K09015	-
WP_000206033	S	Thioesterase-like superfamily	-	ko:K07107	-
WP_000206104	S	Domain of unknown function (DUF4870)	-	ko:K09940	-
WP_000206641	E	succinyl-diaminopimelate desuccinylase	dapE	ko:K01439	ko00300,ko01100,ko01120,ko01230,map00300,map01100,map01120,map01230
WP_000207610	E	Catalyzes the transfer of a methyl group from 5- methyltetrahydrofolate to homocysteine resulting in methionine formation	metE	ko:K00549	ko00270,ko00450,ko01100,ko01110,ko01230,map00270,map00450,map01100,map01110,map01230
WP_000207843	T	COG1956 GAF domain-containing protein	ytsP	ko:K08968	ko00270,map00270
WP_000208572	V	Beta-lactamase	flp	-	-
WP_000208738	S	BioY family	bioY	ko:K03523	ko02010,map02010
WP_000208915	S	DinB family	-	-	-
WP_000209563	V	ABC transporter, ATP-binding protein	-	ko:K01990	-
WP_000210828	E	Catalyzes the anaerobic formation of alpha-ketobutyrate and ammonia from threonine in a two-step reaction. The first step involved a dehydration of threonine and a production of enamine intermediates (aminocrotonate), which tautomerizes to its imine form (iminobutyrate). Both intermediates are unstable and short- lived. The second step is the nonenzymatic hydrolysis of the enamine imine intermediates to form 2-ketobutyrate and free ammonia. In the low water environment of the cell, the second step is accelerated by RidA	tdcB	ko:K01754	ko00260,ko00290,ko01100,ko01110,ko01130,ko01200,ko01230,map00260,map00290,map01100,map01110,map01130,map01200,map01230
WP_000211361	C	malate quinone oxidoreductase	mqo	ko:K00116	ko00020,ko00620,ko01100,ko01110,ko01120,ko01130,ko01200,map00020,map00620,map01100,map01110,map01120,map01130,map01200
WP_000211560	S	Belongs to the UPF0753 family	ybcC	ko:K09822	-
WP_000211607	S	Staphylococcal complement inhibitor SCIN	-	-	-
WP_000212548	S	-	-	-	-
WP_000213903	EGP	the major facilitator superfamily	yhcA	ko:K03446	-
WP_000214070	S	Bacterial-like globin	yjbI	ko:K06886	-
WP_000214288	E	prephenate dehydrogenase	tyrA	ko:K04517	ko00400,ko00401,ko01100,ko01110,ko01130,ko01230,map00400,map00401,map01100,map01110,map01130,map01230
WP_000214559	H	Involved in the biosynthesis of branched-chain amino acids (BCAA). Catalyzes an alkyl-migration followed by a ketol- acid reduction of (S)-2-acetolactate (S2AL) to yield (R)-2,3- dihydroxy-isovalerate. In the isomerase reaction, S2AL is rearranged via a Mg-dependent methyl migration to produce 3- hydroxy-3-methyl-2-ketobutyrate (HMKB). In the reductase reaction, this 2-ketoacid undergoes a metal-dependent reduction by NADPH to yield (R)-2,3-dihydroxy-isovalerate	ilvC	ko:K00053	ko00290,ko00770,ko01100,ko01110,ko01130,ko01210,ko01230,map00290,map00770,map01100,map01110,map01130,map01210,map01230
WP_000214777	M	Glycosyl transferases group 1	-	-	-
WP_000214890	S	Protein of unknown function (DUF3388)	ymfK	-	-
WP_000214898	S	Uncharacterized protein conserved in bacteria (DUF2187)	ykvS	-	-
WP_000215217	S	Protein of unknown function, DUF488	yeaO	-	-
WP_000215236	S	Alkaline shock protein 23	asp23	-	-
WP_000215396	M	Catalyzes the conversion of GlcNAc-PP-undecaprenol into ManNAc-GlcNAc-PP-undecaprenol, the first committed lipid intermediate in the de novo synthesis of teichoic acid	tagA	ko:K05946	ko05111,map05111
WP_000215591	J	Specifically methylates the N7 position of guanine in position 535 of 16S rRNA	rsmG	ko:K03501	-
WP_000215648	U	Belongs to the NiCoT transporter (TC 2.A.52) family	hoxN	ko:K07241	-
WP_000215724	H	4'-phosphopantetheinyl transferase superfamily	-	-	-
WP_000216727	S	-	-	-	-
WP_000216849	E	Catalyzes the anaerobic formation of alpha-ketobutyrate and ammonia from threonine in a two-step reaction. The first step involved a dehydration of threonine and a production of enamine intermediates (aminocrotonate), which tautomerizes to its imine form (iminobutyrate). Both intermediates are unstable and short- lived. The second step is the nonenzymatic hydrolysis of the enamine imine intermediates to form 2-ketobutyrate and free ammonia. In the low water environment of the cell, the second step is accelerated by RidA	ilvA	ko:K01754	ko00260,ko00290,ko01100,ko01110,ko01130,ko01200,ko01230,map00260,map00290,map01100,map01110,map01130,map01200,map01230
WP_000216874	V	ABC transporter, ATP-binding protein	ecsA	ko:K01990	-
WP_000216942	E	Specifically catalyzes the decarboxylation of meso- diaminopimelate (meso-DAP) to L-lysine	lysA	ko:K01586	ko00300,ko01100,ko01110,ko01120,ko01130,ko01230,map00300,map01100,map01110,map01120,map01130,map01230
WP_000217469	S	Belongs to the short-chain dehydrogenases reductases (SDR) family	sdh	-	-
WP_000219066	K	Catabolite control protein A	ccpA	ko:K02529	-
WP_000220938	S	Domain of unknown function (DUF1413)	-	-	-
WP_000221190	K	arsenical resistance operon repressor	arsR	ko:K03892	-
WP_000221934	CE	Catalyzes the oxidation of 3-carboxy-2-hydroxy-4- methylpentanoate (3-isopropylmalate) to 3-carboxy-4-methyl-2- oxopentanoate. The product decarboxylates to 4-methyl-2 oxopentanoate	leuB	ko:K00052	ko00290,ko00660,ko01100,ko01110,ko01210,ko01230,map00290,map00660,map01100,map01110,map01210,map01230
WP_000221966	S	Domain of unknown function (DUF1413)	-	-	-
WP_000222252	N	Polysaccharide lyase family 8, N terminal alpha-helical domain	hylB	ko:K01727	-
WP_000224621	S	Adenylate cyclase	yjbK	-	-
WP_000225834	F	Catalyzes the oxidation of 5,10- methylenetetrahydrofolate to 5,10-methenyltetrahydrofolate and then the hydrolysis of 5,10-methenyltetrahydrofolate to 10- formyltetrahydrofolate	folD	ko:K01491	ko00670,ko00720,ko01100,ko01120,ko01200,map00670,map00720,map01100,map01120,map01200
WP_000226935	L	DNA polymerase	dnaE	ko:K02337	ko00230,ko00240,ko01100,ko03030,ko03430,ko03440,map00230,map00240,map01100,map03030,map03430,map03440
WP_000229255	L	damaged site, the DNA wraps around one UvrB monomer. DNA wrap is dependent on ATP binding by UvrB and probably causes local melting of the DNA helix, facilitating insertion of UvrB beta-hairpin between the DNA strands. Then UvrB probes one DNA strand for the presence of a lesion. If a lesion is found the UvrA subunits dissociate and the UvrB-DNA preincision complex is formed. This complex is subsequently bound by UvrC and the second UvrB is released. If no lesion is found, the DNA wraps around the other UvrB subunit that will check the other stand for damage	uvrB	ko:K03702	ko03420,map03420
WP_000230031	LU	DNA recombination-mediator protein A	dprA	ko:K04096	-
WP_000230358	S	-	-	-	-
WP_000231335	S	-	-	-	-
WP_000233542	H	Catalyzes the decarboxylation of four acetate groups of uroporphyrinogen-III to yield coproporphyrinogen-III	hemE	ko:K01599	ko00860,ko01100,ko01110,map00860,map01100,map01110
WP_000234068	S	Colicin V production protein	yshB	-	-
WP_000234727	S	Thioesterase-like superfamily	lcdH_1	ko:K07107	-
WP_000236412	E	Gamma-glutamyltranspeptidase	ggt	ko:K00681	ko00430,ko00460,ko00480,ko01100,map00430,map00460,map00480,map01100
WP_000236718	S	Required for a late step of 50S ribosomal subunit assembly. Has GTPase activity	rbgA	ko:K14540	-
WP_000238227	L	DNA repair exonuclease	yhaO	ko:K03547	-
WP_000238240	S	Rho termination factor, N-terminal domain	-	-	-
WP_000238542	K	transcriptional	tcaR	ko:K21454	-
WP_000238674	F	Catalyzes the transfer of a formyl group from 10- formyltetrahydrofolate to 5-phospho-ribosyl-glycinamide (GAR), producing 5-phospho-ribosyl-N-formylglycinamide (FGAR) and tetrahydrofolate	purN	ko:K11175	ko00230,ko00670,ko01100,ko01110,ko01130,map00230,map00670,map01100,map01110,map01130
WP_000239120	CH	Belongs to the D-isomer specific 2-hydroxyacid dehydrogenase family	gyaR	ko:K00015	ko00630,ko01100,ko01110,ko01120,map00630,map01100,map01110,map01120
WP_000239612	S	Endonuclease/Exonuclease/phosphatase family	hlb	ko:K01114,ko:K01117	ko00562,ko00564,ko00565,ko00600,ko01100,ko01110,ko02024,ko04919,map00562,map00564,map00565,map00600,map01100,map01110,map02024,map04919
WP_000239645	S	polysaccharide biosynthetic process	-	-	-
WP_000239744	I	Catalyzes the reversible formation of acyl-phosphate (acyl-PO(4)) from acyl- acyl-carrier-protein (acyl-ACP). This enzyme utilizes acyl-ACP as fatty acyl donor, but not acyl-CoA	plsX	ko:K03621	ko00561,ko00564,ko01100,ko01110,map00561,map00564,map01100,map01110
WP_000239820	EP	Binding-protein-dependent transport system inner membrane component	appB	ko:K02033	ko02024,map02024
WP_000240062	C	Luciferase-like monooxygenase	-	-	-
WP_000240097	EP	Binding-protein-dependent transport system inner membrane component	-	ko:K02034	ko02024,map02024
WP_000240335	S	Type VII secretion protein EssB	essB	-	-
WP_000240580	S	-	icaD	ko:K21461	-
WP_000240663	CO	Thioredoxin	ydfQ	-	-
WP_000240855	J	Belongs to the bacterial ribosomal protein bL34 family	rpmH	ko:K02914	ko03010,map03010
WP_000240928	M	the polymerization of the main chain of the major teichoic acid by sequential transfer of ribitol phosphate units from CDP-ribitol to the second glycerol phophate attached to the disaccharide linkage unit	tarL	ko:K18704	-
WP_000241302	S	Belongs to the UPF0398 family	ypsA	-	-
WP_000241353	C	F(1)F(0) ATP synthase produces ATP from ADP in the presence of a proton or sodium gradient. F-type ATPases consist of two structural domains, F(1) containing the extramembraneous catalytic core and F(0) containing the membrane proton channel, linked together by a central stalk and a peripheral stalk. During catalysis, ATP synthesis in the catalytic domain of F(1) is coupled via a rotary mechanism of the central stalk subunits to proton translocation	atpH	ko:K02113	ko00190,ko00195,ko01100,map00190,map00195,map01100
WP_000241588	S	protein conserved in bacteria	yqhY	ko:K10947	-
WP_000241599	K	Acetyltransferase (GNAT) domain	M1-642	-	-
WP_000244283	K	Acetyltransferase (GNAT) domain	-	-	-
WP_000244413	T	protein kinase that upon sensing the appropriate signal, autophosphorylates and in turn activates the cytosolic response regulator SaeR	saeS	ko:K10681	ko02020,map02020
WP_000244859	D	modulates the frequency and position of FtsZ ring formation. Inhibits FtsZ ring formation at polar sites. Interacts either with FtsZ or with one of its binding partners to promote depolymerization	ezrA	ko:K06286	-
WP_000245678	S	Bacterial low temperature requirement A protein (LtrA)	ltrA	-	-
WP_000245908	E	Catalyzes the transfer of the enolpyruvyl moiety of phosphoenolpyruvate (PEP) to the 5-hydroxyl of shikimate-3- phosphate (S3P) to produce enolpyruvyl shikimate-3-phosphate and inorganic phosphate	aroA	ko:K00800	ko00400,ko01100,ko01110,ko01130,ko01230,map00400,map01100,map01110,map01130,map01230
WP_000246909	S	UPF0154 protein	yneF	ko:K09976	-
WP_000247465	M	Mannosyl-glycoprotein endo-beta-N-acetylglucosaminidase	-	-	-
WP_000248117	S	Family of unknown function (DUF5327)	-	-	-
WP_000248735	J	Methylates the class 1 translation termination release factors RF1 PrfA and RF2 PrfB on the glutamine residue of the universally conserved GGQ motif	prmC	ko:K02493	-
WP_000248844	S	-	-	-	-
WP_000249497	K	Member of the two-component regulatory system HssS HssR involved in intracellular heme homeostasis and tempering of staphylococcal virulence. Phosphorylated HssR binds to a direct repeat sequence within hrtAB promoter and activates the expression of hrtAB, an efflux pump, in response to extracellular heme, hemin, hemoglobin or blood (By similarity)	hssR	ko:K02483	-
WP_000249657	D	NAD-binding protein involved in the addition of a carboxymethylaminomethyl (cmnm) group at the wobble position (U34) of certain tRNAs, forming tRNA-cmnm(5)s(2)U34	gidA	ko:K03495	-
WP_000249839	E	Catalyzes the transfer of an acetyl group from acetyl- CoA to tetrahydrodipicolinate	dapH	ko:K00674,ko:K05822	ko00300,ko01100,ko01110,ko01120,ko01230,map00300,map01100,map01110,map01120,map01230
WP_000250735	S	-	-	-	-
WP_000250823	E	COG0156 7-keto-8-aminopelargonate synthetase and related enzymes	kbl	ko:K00639,ko:K00652	ko00260,ko00780,ko01100,map00260,map00780,map01100
WP_000251253	J	Belongs to the UPF0374 family	ygaC	ko:K07586	-
WP_000253765	L	DNA repair enzyme that has both DNA N-glycosylase activity and AP-lyase activity. The DNA N-glycosylase activity releases various damaged pyrimidines from DNA by cleaving the N- glycosidic bond, leaving an AP (apurinic apyrimidinic) site. The AP-lyase activity cleaves the phosphodiester bond 3' to the AP site by a beta-elimination, leaving a 3'-terminal unsaturated sugar and a product with a terminal 5'-phosphate	nth	ko:K10773	ko03410,map03410
WP_000255559	S	LysE type translocator	argO	ko:K06895	-
WP_000255586	L	A type II topoisomerase that negatively supercoils closed circular double-stranded (ds) DNA in an ATP-dependent manner to modulate DNA topology and maintain chromosomes in an underwound state. Negative supercoiling favors strand separation, and DNA replication, transcription, recombination and repair, all of which involve strand separation. Also able to catalyze the interconversion of other topological isomers of dsDNA rings, including catenanes and knotted rings. Type II topoisomerases break and join 2 DNA strands simultaneously in an ATP-dependent manner	gyrB	ko:K02470	-
WP_000256325	K	Periplasmic binding protein-like domain	malR	-	-
WP_000257598	D	Cell division protein FtsL	ftsL	-	-
WP_000257888	S	Belongs to the UPF0356 family	-	-	-
WP_000258001	K	Interferes with activator-stimulated transcription by interaction with the RNA polymerase alpha-CTD. May function to globally reduce transcription of genes involved in growth- and development-promoting processes and to increase transcription of genes involved in thiol homeostasis, during periods of extreme stress	spxA	ko:K16509	-
WP_000258149	M	transferase	tagO	ko:K02851	-
WP_000258645	M	Processive glucosyltransferase involved in the biosynthesis of both the bilayer- and non-bilayer-forming membrane glucolipids. Is able to successively transfer two glucosyl residues to diacylglycerol (DAG), thereby catalyzing the formation of beta-monoglucosyl-DAG (3-O-(beta-D-glucopyranosyl)-1,2-diacyl- sn-glycerol) and beta-diglucosyl-DAG (3-O-(beta-D-glucopyranosyl- beta-(1- 6)-D-glucopyranosyl)-1,2-diacyl-sn-glycerol). Beta- diglucosyl-DAG is the predominant glycolipid found in Bacillales and is also used as a membrane anchor for lipoteichoic acid (LTA)	ugtP	ko:K03429	ko00561,ko01100,map00561,map01100
WP_000258716	E	Belongs to the aspartokinase family	lysC	ko:K00928	ko00260,ko00261,ko00270,ko00300,ko01100,ko01110,ko01120,ko01130,ko01210,ko01230,map00260,map00261,map00270,map00300,map01100,map01110,map01120,map01130,map01210,map01230
WP_000259692	C	Belongs to the aldehyde dehydrogenase family	rocA	ko:K00294	ko00250,ko00330,ko01100,map00250,map00330,map01100
WP_000259726	H	Molybdopterin	moeA	ko:K03750	ko00790,ko01100,map00790,map01100
WP_000260117	C	COG1249 Pyruvate 2-oxoglutarate dehydrogenase complex, dihydrolipoamide dehydrogenase (E3) component, and related enzymes	pdhD	ko:K00382	ko00010,ko00020,ko00260,ko00280,ko00620,ko00630,ko00640,ko01100,ko01110,ko01120,ko01130,ko01200,map00010,map00020,map00260,map00280,map00620,map00630,map00640,map01100,map01110,map01120,map01130,map01200
WP_000261107	NOU	COG1989 Type II secretory pathway, prepilin signal peptidase PulO and related peptidases	comC	ko:K02236,ko:K02654	-
WP_000262592	L	Involved in the cellular defense against the biological effects of O6-methylguanine (O6-MeG) and O4-methylthymine (O4-MeT) in DNA. Repairs the methylated nucleobase in DNA by stoichiometrically transferring the methyl group to a cysteine residue in the enzyme. This is a suicide reaction the enzyme is irreversibly inactivated	ogt	ko:K00567	-
WP_000262636	Q	siderophore	-	-	-
WP_000262695	D	Required for chromosome condensation and partitioning	smc	ko:K03529	-
WP_000264071	F	Catalyzes the conversion of inosine 5'-phosphate (IMP) to xanthosine 5'-phosphate (XMP), the first committed and rate- limiting step in the de novo synthesis of guanine nucleotides, and therefore plays an important role in the regulation of cell growth	guaB	ko:K00088	ko00230,ko00983,ko01100,ko01110,map00230,map00983,map01100,map01110
WP_000265043	S	Protein of unknown function (DUF1514)	-	-	-
WP_000265258	S	Protein of unknown function (DUF1514)	-	-	-
WP_000265417	E	Dipeptidase	ytjP	ko:K01439	ko00300,ko01100,ko01120,ko01230,map00300,map01100,map01120,map01230
WP_000266084	I	Lysophospholipase	ytpA	ko:K01048	ko00564,map00564
WP_000267034	S	-	-	-	-
WP_000267252	S	2-nitropropane dioxygenase	npd	ko:K00459	ko00910,map00910
WP_000268484	J	Belongs to the universal ribosomal protein uS2 family	rpsB	ko:K02967	ko03010,map03010
WP_000268754	J	Belongs to the bacterial ribosomal protein bS16 family	rpsP	ko:K02959	ko03010,map03010
WP_000269923	S	Protein of unknown function (DUF1033)	-	-	-
WP_000271551	L	The RuvA-RuvB complex in the presence of ATP renatures cruciform structure in supercoiled DNA with palindromic sequence, indicating that it may promote strand exchange reactions in homologous recombination. RuvAB is a helicase that mediates the Holliday junction migration by localized denaturation and reannealing. RuvA stimulates, in the presence of DNA, the weak ATPase activity of RuvB	ruvA	ko:K03550	ko03440,map03440
WP_000271876	S	-	-	-	-
WP_000272061	I	35 carbon atoms) to the C3 hydroxyl of sn-glycerol-1-phosphate (G1P), producing heptaprenylglyceryl phosphate (HepGP). This reaction is an ether-bond-formation step in the biosynthesis of archaea-type G1P-based membrane lipids found in Bacillales	pcrB	ko:K07094	-
WP_000273262	P	Cobalt transport protein	-	ko:K16785	ko02010,map02010
WP_000273356	F	thymidine kinase	tdk	ko:K00857	ko00240,ko00983,ko01100,map00240,map00983,map01100
WP_000273371	D	Participates in chromosomal partition during cell division. May act via the formation of a condensin-like complex containing Smc and ScpB that pull DNA away from mid-cell into both cell halves	scpA	ko:K05896	-
WP_000273979	S	Protein of unknown function DUF86	yutE	-	-
WP_000274854	S	Glyoxalase/Bleomycin resistance protein/Dioxygenase superfamily	-	ko:K07104	ko00361,ko00362,ko00622,ko00643,ko01100,ko01120,ko01220,map00361,map00362,map00622,map00643,map01100,map01120,map01220
WP_000275725	M	Pectate lyase superfamily protein	-	-	-
WP_000276367	G	PTS system	nagE	ko:K02802,ko:K02803,ko:K02804,ko:K20116,ko:K20117,ko:K20118	ko00010,ko00520,ko02060,map00010,map00520,map02060
WP_000276756	O	Predicted Zn-dependent protease (DUF2268)	-	-	-
WP_000277416	F	Catalyzes the conversion of dihydroorotate to orotate with quinone as electron acceptor	pyrD	ko:K00226,ko:K00254	ko00240,ko01100,map00240,map01100
WP_000277602	T	Belongs to the universal stress protein A family	nhaX	-	-
WP_000278015	K	Transcriptional regulator	-	-	-
WP_000278300	S	MepB protein	-	-	-
WP_000278556	P	Probably required for nitrate uptake under anoxic conditions. Also possibly involved in excretion of nitrite produced by the dissimilatory reduction of nitrate	narK	ko:K02575,ko:K10850	ko00910,ko02020,map00910,map02020
WP_000279370	G	PTS system	treP	ko:K02818,ko:K02819	ko00500,ko02060,map00500,map02060
WP_000279414	G	Belongs to the glyceraldehyde-3-phosphate dehydrogenase family	gap	ko:K00134	ko00010,ko00710,ko01100,ko01110,ko01120,ko01130,ko01200,ko01230,ko04066,ko05010,map00010,map00710,map01100,map01110,map01120,map01130,map01200,map01230,map04066,map05010
WP_000279926	H	Catalyzes the 2'-O-methylation of the ribose of cytidine 1402 (C1402) in 16S rRNA	rsmI	ko:K07056	-
WP_000280807	H	Bacterial lipoate protein ligase C-terminus	lplA	ko:K03800	ko00785,ko01100,map00785,map01100
WP_000282171	S	Involved in the import of queuosine (Q) precursors, required for Q precursor salvage	ypdP	ko:K09125	-
WP_000282308	J	Responsible for synthesis of pseudouridine from uracil- 55 in the psi GC loop of transfer RNAs	truB	ko:K03177,ko:K03483	-
WP_000282386	S	Belongs to the UPF0342 family	ymcA	ko:K02028	-
WP_000283035	L	Belongs to the DNA polymerase type-Y family	polYB	ko:K02346,ko:K03502	-
WP_000284433	H	Catalyzes the synthesis of beta-nicotinate D- ribonucleotide from nicotinate and 5-phospho-D-ribose 1-phosphate at the expense of ATP	pncB	ko:K00763	ko00760,ko01100,map00760,map01100
WP_000284457	S	Staphostatin B	sspC	-	-
WP_000284762	L	A G-specific	mutY	ko:K03575	ko03410,map03410
WP_000285450	S	Haloacid dehalogenase-like hydrolase	-	-	-
WP_000286464	C	flavin oxidoreductase	-	-	-
WP_000286887	H	Catalyzes the transformation of pimelate into pimeloyl- CoA with concomitant hydrolysis of ATP to AMP	bioW	ko:K01906	ko00780,ko01100,map00780,map01100
WP_000287204	S	GrpB protein	-	-	-
WP_000287265	K	Competence transcription factor	comK	ko:K02250	ko02024,map02024
WP_000287588	I	1-acyl-sn-glycerol-3-phosphate acyltransferase	plsC	ko:K00655	ko00561,ko00564,ko01100,ko01110,map00561,map00564,map01100,map01110
WP_000287921	S	Flavin reductase like domain	-	-	-
WP_000289136	S	Region found in RelA / SpoT proteins	ywaC	ko:K00951,ko:K07816	ko00230,map00230
WP_000289212	K	transcriptional	ohrR	-	-
WP_000290301	S	Belongs to the UPF0342 family	yheA	-	-
WP_000290404	C	Belongs to the aldehyde dehydrogenase family	aldA	ko:K00128	ko00010,ko00053,ko00071,ko00280,ko00310,ko00330,ko00340,ko00380,ko00410,ko00561,ko00620,ko00625,ko00903,ko00981,ko01100,ko01110,ko01120,ko01130,map00010,map00053,map00071,map00280,map00310,map00330,map00340,map00380,map00410,map00561,map00620,map00625,map00903,map00981,map01100,map01110,map01120,map01130
WP_000290472	J	Belongs to the bacterial ribosomal protein bL32 family	rpmF	ko:K02911	ko03010,map03010
WP_000290491	E	Is also involved in protein lipoylation via its role as an octanoyl lipoyl carrier protein intermediate	gcvH	ko:K02437	ko00260,ko00630,ko01100,ko01110,ko01130,ko01200,map00260,map00630,map01100,map01110,map01130,map01200
WP_000290674	P	Na( ) H( ) antiporter subunit	mrpE	ko:K05569	-
WP_000291418	E	Aminotransferase	sgaA	-	-
WP_000291441	GK	ROK family	nanK	-	-
WP_000291488	S	Protein of unknown function (DUF1108)	-	-	-
WP_000291756	S	-	-	-	-
WP_000301944	O	Has an important function as a repair enzyme for proteins that have been inactivated by oxidation. Catalyzes the reversible oxidation-reduction of methionine sulfoxide in proteins to methionine	-	ko:K07304	-
WP_000312772	K	RNA-binding protein homologous to eukaryotic snRNP	FbpA	-	-
WP_000323166	P	symporter activity	sdcS	ko:K14445	-
WP_000323451	S	Tributyrin esterase	estA	-	-
WP_000331337	L	Subunit R is required for both nuclease and ATPase activities, but not for modification	hsdR	ko:K01153	-
WP_000332060	K	TipAS antibiotic-recognition domain	-	-	-
WP_000333468	S	Domain of unknown function (DUF3885)	-	-	-
WP_000334463	M	Catalyzes the first step in hexosamine metabolism, converting fructose-6P into glucosamine-6P using glutamine as a nitrogen source	glmS	ko:K00820	ko00250,ko00520,ko01100,ko01130,ko04931,map00250,map00520,map01100,map01130,map04931
WP_000334518	E	Lactoylglutathione lyase	-	ko:K15975	-
WP_000337376	M	Linear amide C-N hydrolases, choloylglycine hydrolase family	pva1	ko:K01442	ko00120,ko00121,ko01100,map00120,map00121,map01100
WP_000340119	M	Catalyzes the addition of L-lysine to the nucleotide precursor UDP-N-acetylmuramoyl-L-alanyl-D-glutamate (UMAG) in the biosynthesis of bacterial cell-wall peptidoglycan	murE	ko:K01928,ko:K05362	ko00300,ko00550,ko01100,map00300,map00550,map01100
WP_000340148	V	ABC transporter, ATP-binding protein	ybhF_2	ko:K01990	-
WP_000340480	S	Involved in bacillithiol (BSH) biosynthesis. May catalyze the last step of the pathway, the addition of cysteine to glucosamine malate (GlcN-Mal) to generate BSH	bshC	ko:K22136	-
WP_000342138	M	Belongs to the peptidase S41A family	ctpA	ko:K03797	-
WP_000342266	S	O-methyltransferase	yrrM	ko:K00588	ko00360,ko00940,ko00941,ko00945,ko01100,ko01110,map00360,map00940,map00941,map00945,map01100,map01110
WP_000344337	L	DNA polymerase III	holB	ko:K02341	ko00230,ko00240,ko01100,ko03030,ko03430,ko03440,map00230,map00240,map01100,map03030,map03430,map03440
WP_000344352	O	Required for maturation of urease via the functional incorporation of the urease nickel metallocenter	ureD	ko:K03190	-
WP_000347056	EGP	proline betaine transporter	proP	ko:K03761,ko:K03762	-
WP_000347896	S	Catalyzes the condensation of 2 ATP molecules into cyclic di-AMP (c-di-AMP), a second messenger used to regulate differing processes in different bacteria	dacA	ko:K18672	-
WP_000348303	L	Belongs to the DNA glycosylase MPG family	yxlJ	ko:K03652	ko03410,map03410
WP_000348357	H	Belongs to the ATP-dependent AMP-binding enzyme family. MenE subfamily	menE	ko:K01911	ko00130,ko01100,ko01110,map00130,map01100,map01110
WP_000349655	C	it plays a direct role in the translocation of protons across the membrane	atpB	ko:K02108	ko00190,ko00195,ko01100,map00190,map00195,map01100
WP_000350969	EH	anthranilate synthase component I	trpE	ko:K01657	ko00400,ko00405,ko01100,ko01110,ko01130,ko01230,ko02024,ko02025,map00400,map00405,map01100,map01110,map01130,map01230,map02024,map02025
WP_000351761	K	Transcriptional regulator	ywbI	-	-
WP_000353634	S	COG1299 Phosphotransferase system, fructose-specific IIC component	pfoR	-	-
WP_000354088	S	Putative threonine/serine exporter	yjjP	-	-
WP_000354115	S	YGGT family	ylmG	ko:K02221	-
WP_000354184	S	3-demethylubiquinone-9 3-methyltransferase domain protein	phnB3	-	-
WP_000356967	S	-	-	-	-
WP_000356975	K	Peptide methionine sulfoxide reductase regulator MsrR	msrR	-	-
WP_000358006	M	Belongs to the EPSP synthase family. MurA subfamily	murA	ko:K00790	ko00520,ko00550,ko01100,map00520,map00550,map01100
WP_000358144	S	TcpE family	yddD	-	-
WP_000358504	S	-	-	-	-
WP_000359086	S	Domain of unknown function (DUF1934)	ywiB	-	-
WP_000361546	J	Catalyzes the addition and repair of the essential 3'- terminal CCA sequence in tRNAs without using a nucleic acid template. Adds these three nucleotides in the order of C, C, and A to the tRNA nucleotide-73, using CTP and ATP as substrates and producing inorganic pyrophosphate	cca	ko:K00974	ko03013,map03013
WP_000362222	L	replication protein DnaD	dnaD	ko:K02086	-
WP_000362356	H	Catalyzes the amidotransfer (transamidation) of the octanoyl moiety from octanoyl-GcvH to the lipoyl domain of the E2 subunit of lipoate-dependent enzymes	lipL	ko:K16869,ko:K18821	-
WP_000362500	J	Exhibits a very high intrinsic GTPase hydrolysis rate. Involved in the addition of a carboxymethylaminomethyl (cmnm) group at the wobble position (U34) of certain tRNAs, forming tRNA- cmnm(5)s(2)U34	mnmE	ko:K03650	-
WP_000362969	I	Alpha beta	-	-	-
WP_000364405	S	the current gene model (or a revised gene model) may contain a frame shift	-	-	-
WP_000364542	F	Catalyzes a salvage reaction resulting in the formation of AMP, that is energically less costly than de novo synthesis	apt	ko:K00759	ko00230,ko01100,map00230,map01100
WP_000365246	L	Belongs to the Nudix hydrolase family	nudF	ko:K01515	ko00230,map00230
WP_000365317	S	membrane transporter protein	yfcA	ko:K07090	-
WP_000365354	S	Hydrolase	-	ko:K07025	-
WP_000366153	S	Nuclease-related domain	-	-	-
WP_000367064	EGP	Major facilitator	-	-	-
WP_000367419	S	Belongs to the UPF0403 family	yqiW	-	-
WP_000368167	L	Can catalyze the hydrolysis of ATP in the presence of single-stranded DNA, the ATP-dependent uptake of single-stranded DNA by duplex DNA, and the ATP-dependent hybridization of homologous single-stranded DNAs. It interacts with LexA causing its activation and leading to its autocatalytic cleavage	recA	ko:K03553	ko03440,map03440
WP_000368225	F	Essential for recycling GMP and indirectly, cGMP	gmk	ko:K00942	ko00230,ko01100,map00230,map01100
WP_000368338	M	Required for accurate and efficient protein synthesis under certain stress conditions. May act as a fidelity factor of the translation reaction, by catalyzing a one-codon backward translocation of tRNAs on improperly translocated ribosomes. Back- translocation proceeds from a post-translocation (POST) complex to a pre-translocation (PRE) complex, thus giving elongation factor G a second chance to translocate the tRNAs correctly. Binds to ribosomes in a GTP-dependent manner	lepA	ko:K03596	ko05134,map05134
WP_000368656	D	Participates in chromosomal partition during cell division. May act via the formation of a condensin-like complex containing Smc and ScpA that pull DNA away from mid-cell into both cell halves	scpB	ko:K06024	-
WP_000368661	T	Adenylate and Guanylate cyclase catalytic domain	-	ko:K01768	ko00230,ko02025,ko04113,ko04213,map00230,map02025,map04113,map04213
WP_000368687	S	-	-	-	-
WP_000368899	S	Belongs to the UPF0735 family	pheB	ko:K06209	ko00400,ko01100,ko01110,ko01130,ko01230,map00400,map01100,map01110,map01130,map01230
WP_000369722	S	Displays ATPase and GTPase activities	yvcJ	ko:K06958	-
WP_000370135	K	accessory protein	tex	ko:K06959	-
WP_000370182	J	Involved in correct processing of both the 5' and 3' ends of 23S rRNA precursor. Processes 30S rRNA precursor transcript even in absence of ribonuclease 3 (Rnc)	mrnC	ko:K11145	-
WP_000370350	S	-	-	-	-
WP_000370944	S	Sucrose-6F-phosphate phosphohydrolase	-	-	-
WP_000372755	K	This enzyme acetylates the N-terminal alanine of ribosomal protein S18	rimI	ko:K03789	-
WP_000372854	K	Bacterial regulatory proteins, tetR family	-	-	-
WP_000373076	M	Transporter, small conductance mechanosensitive ion channel MscS family protein	ykuT	ko:K22044	-
WP_000375644	L	Participates in initiation and elongation during chromosome replication	dnaB	ko:K02314	ko03030,ko04112,map03030,map04112
WP_000375686	L	Involved in initiation control of chromosome replication	yabA	-	-
WP_000375864	K	Helix-turn-helix XRE-family like proteins	-	-	-
WP_000376235	K	helix_turn_helix multiple antibiotic resistance protein	-	ko:K15973	-
WP_000377064	L	endonuclease containing a URI domain	yazA	ko:K07461	-
WP_000379054	O	this subunit has chaperone activity. The binding of ATP and its subsequent hydrolysis by HslU are essential for unfolding of protein substrates subsequently hydrolyzed by HslV. HslU recognizes the N-terminal part of its protein substrates and unfolds these before they are guided to HslV for hydrolysis	hslU	ko:K03667	-
WP_000379098	S	membrane-bound metal-dependent	yfhP	ko:K07038	-
WP_000379833	EI	Acyltransferase family	oatA	-	-
WP_000379886	J	Required for the formation of a threonylcarbamoyl group on adenosine at position 37 (t(6)A37) in tRNAs that read codons beginning with adenine	ywlC	ko:K07566	-
WP_000379980	C	Catalyzes the conversion of epoxyqueuosine (oQ) to queuosine (Q), which is a hypermodified base found in the wobble positions of tRNA(Asp), tRNA(Asn), tRNA(His) and tRNA(Tyr)	queG	ko:K18979	-
WP_000381259	EGP	of the major facilitator superfamily	norB	ko:K08170	-
WP_000381842	C	oxidase, subunit	cydA	ko:K00425	ko00190,ko01100,ko02020,map00190,map01100,map02020
WP_000382585	K	Transcriptional regulator	-	-	-
WP_000382904	V	AAA domain, putative AbiEii toxin, Type IV TA system	-	ko:K01990	-
WP_000383190	E	allophanate hydrolase subunit 1	kipI	ko:K06351	-
WP_000383814	S	protein containing a divergent version of the methyl-accepting chemotaxis-like domain	ytxG	-	-
WP_000384171	S	-	-	-	-
WP_000384475	S	peptidoglycan catabolic process	-	-	-
WP_000384523	S	Protein of unknown function (DUF1146)	ywzB	-	-
WP_000384709	J	amino acids such as valine, to avoid such errors it has two additional distinct tRNA(Ile)-dependent editing activities. One activity is designated as 'pretransfer' editing and involves the hydrolysis of activated Val-AMP. The other activity is designated 'posttransfer' editing and involves deacylation of mischarged Val-tRNA(Ile)	ileS	ko:K01870	ko00970,map00970
WP_000386364	K	DNA-binding transcription factor activity	-	-	-
WP_000386891	S	-	-	-	-
WP_000387528	J	The globular domain of the protein is located near the polypeptide exit tunnel on the outside of the subunit, while an extended beta-hairpin is found that lines the wall of the exit tunnel in the center of the 70S ribosome	rplV	ko:K02890	ko03010,map03010
WP_000388082	J	One of the early assembly proteins it binds 23S rRNA. One of the proteins that surrounds the polypeptide exit tunnel on the outside of the ribosome. Forms the main docking site for trigger factor binding to the ribosome	rplW	ko:K02892	ko03010,map03010
WP_000389524	G	COG0457 FOG TPR repeat	XK27_05225	-	-
WP_000389655	P	ATP-binding (A) component of a common energy-coupling factor (ECF) ABC-transporter complex. Unlike classic ABC transporters this ECF transporter provides the energy necessary to transport a number of different substrates	ecfA1	ko:K16786	ko02010,map02010
WP_000389764	S	-	-	-	-
WP_000389955	E	amino acid	-	ko:K03293	-
WP_000390332	J	Belongs to the class IV-like SAM-binding methyltransferase superfamily. RNA methyltransferase TrmH family	trmH	ko:K03218	-
WP_000390518	L	The UvrABC repair system catalyzes the recognition and processing of DNA lesions. UvrC both incises the 5' and 3' sides of the lesion. The N-terminal half is responsible for the 3' incision and the C-terminal half is responsible for the 5' incision	uvrC	ko:K03703	ko03420,map03420
WP_000390575	S	Iron-sulfur cluster assembly protein	yitW	-	-
WP_000390829	KT	Serine phosphatase RsbU regulator of sigma subunit	rsbU	ko:K07315	-
WP_000391032	D	Cell division protein that is involved in the assembly of the Z ring. May serve as a membrane anchor for the Z ring	ftsA	ko:K03590	ko04112,map04112
WP_000392691	P	Belongs to the Fur family	fur	ko:K03711	-
WP_000394002	V	Type I restriction modification DNA specificity domain	-	ko:K01154	-
WP_000394698	S	-	-	-	-
WP_000395146	P	Belongs to the monovalent cation proton antiporter 2 (CPA2) transporter (TC 2.A.37) family	yjbQ	ko:K03455,ko:K03499	-
WP_000395498	S	-	-	-	-
WP_000395692	IQ	Carrier protein involved in the D-alanylation of lipoteichoic acid (LTA). The loading of thioester-linked D-alanine onto DltC is catalyzed by D-alanine--D-alanyl carrier protein ligase DltA. The DltC-carried D-alanyl group is further transferred to cell membrane phosphatidylglycerol (PG) by forming an ester bond, probably catalyzed by DltD. D-alanylation of LTA plays an important role in modulating the properties of the cell wall in Gram-positive bacteria, influencing the net charge of the cell wall	dltC	ko:K14188	ko00473,ko01503,ko02020,ko05150,map00473,map01503,map02020,map05150
WP_000396069	F	Catalyzes an amino-pyrimidine hydrolysis reaction at the C5' of the pyrimidine moiety of thiamine compounds, a reaction that is part of a thiamine salvage pathway	tenA	ko:K03707	ko00730,ko01100,map00730,map01100
WP_000397416	K	Transcriptional regulator	-	ko:K18909	-
WP_000398672	S	antibacterial protein	-	ko:K20337	ko02024,map02024
WP_000398941	P	ABC transporter (permease)	opuCD	ko:K05846	ko02010,map02010
WP_000400018	S	Phospholipase/Carboxylesterase	mhqD	ko:K06999	-
WP_000401377	F	Reversibly transfers an adenylyl group from ATP to 4'- phosphopantetheine, yielding dephospho-CoA (dPCoA) and pyrophosphate	coaD	ko:K00954	ko00770,ko01100,map00770,map01100
WP_000401414	S	Protein of unknown function (DUF1462)	-	-	-
WP_000401966	S	Endodeoxyribonuclease RusA	-	-	-
WP_000402172	P	NhaP-type Na H and K H	nhaP2	ko:K03316	-
WP_000402661	P	Part of the high-affinity ATP-driven potassium transport (or Kdp) system, which catalyzes the hydrolysis of ATP coupled with the electrogenic transport of potassium into the cytoplasm. This subunit binds and transports the potassium across the cytoplasmic membrane	kdpA	ko:K01546	ko02020,map02020
WP_000402803	P	Na( ) H( ) antiporter subunit	mrpC	ko:K05567	-
WP_000402904	S	-	-	-	-
WP_000403914	K	Transcriptional regulator	gltC	-	-
WP_000404426	J	Belongs to the SUA5 family	-	ko:K07566	-
WP_000404631	C	virulence factor	ypgR	-	-
WP_000406615	P	subunit G	mnhG2	ko:K05571	-
WP_000406858	C	Dihydrolipoamide acetyltransferase component of pyruvate dehydrogenase complex	bfmBB	ko:K00627,ko:K09699	ko00010,ko00020,ko00280,ko00620,ko00640,ko01100,ko01110,ko01120,ko01130,ko01200,map00010,map00020,map00280,map00620,map00640,map01100,map01110,map01120,map01130,map01200
WP_000409167	E	Cysteine desulfurase	iscS	ko:K04487	ko00730,ko01100,ko04122,map00730,map01100,map04122
WP_000411087	E	Acts on the D-isomers of alanine, leucine, aspartate, glutamate, aminobutyrate, norvaline and asparagine. The enzyme transfers an amino group from a substrate D-amino acid to the pyridoxal phosphate cofactor to form pyridoxamine and an alpha- keto acid in the first half-reaction	dat	ko:K00824	ko00310,ko00330,ko00360,ko00472,ko00473,ko01100,map00310,map00330,map00360,map00472,map00473,map01100
WP_000411298	F	Bifunctional serine threonine kinase and phosphorylase involved in the regulation of the pyruvate, phosphate dikinase (PPDK) by catalyzing its phosphorylation dephosphorylation	yqfL	ko:K09773	-
WP_000411366	S	Domain of unknown function (DUF5083)	-	-	-
WP_000412514	E	amino acid	-	-	-
WP_000413098	S	Protein of unknown function (DUF4064)	-	-	-
WP_000413171	G	UDP-N-acetylglucosamine 2-epimerase	capG	ko:K01791	ko00520,ko01100,ko05111,map00520,map01100,map05111
WP_000413426	E	Glyoxalase/Bleomycin resistance protein/Dioxygenase superfamily	-	ko:K01759	ko00620,map00620
WP_000414178	F	Belongs to the 5'-nucleotidase family	-	-	-
WP_000414208	S	-	-	-	-
WP_000414698	EGP	of the major facilitator superfamily	-	ko:K08170	-
WP_000415668	S	Protein of unknown function (DUF4064)	-	-	-
WP_000417005	CH	Belongs to the D-isomer specific 2-hydroxyacid dehydrogenase family	-	ko:K00015	ko00630,ko01100,ko01110,ko01120,map00630,map01100,map01110,map01120
WP_000417369	F	Key enzyme in the regulation of glycerol uptake and metabolism. Catalyzes the phosphorylation of glycerol to yield sn- glycerol 3-phosphate	glpK	ko:K00864	ko00561,ko01100,ko03320,ko04626,map00561,map01100,map03320,map04626
WP_000421410	F	Converts the preformed base xanthine, a product of nucleic acid breakdown, to xanthosine 5'-monophosphate (XMP), so it can be reused for RNA or DNA synthesis	xpt	ko:K03816	ko00230,ko01100,ko01110,map00230,map01100,map01110
WP_000421703	C	Belongs to the aldehyde dehydrogenase family	gbsA	ko:K00130	ko00260,ko01100,map00260,map01100
WP_000422864	G	Catalyzes the condensation of ribulose 5-phosphate with formaldehyde to form 3-hexulose 6-phosphate	hxlA	ko:K08093	ko00030,ko00680,ko01100,ko01120,ko01200,ko01230,map00030,map00680,map01100,map01120,map01200,map01230
WP_000422908	C	nitroreductase	-	-	-
WP_000424969	F	Catalyzes the synthesis of GMP from XMP	guaA	ko:K01951	ko00230,ko00983,ko01100,map00230,map00983,map01100
WP_000425346	J	amino acids such as threonine, to avoid such errors, it has a posttransfer editing activity that hydrolyzes mischarged Thr-tRNA(Val) in a tRNA-dependent manner	valS	ko:K01873	ko00970,map00970
WP_000426082	P	Phosphate transport system permease	pstA	ko:K02038	ko02010,map02010
WP_000426703	S	CAAX protease self-immunity	-	ko:K07052	-
WP_000426912	S	Belongs to the UPF0297 family	yrzL	-	-
WP_000426914	IQ	Carrier of the growing fatty acid chain in fatty acid biosynthesis	acpP	ko:K02078	-
WP_000427769	P	Belongs to the ABC transporter superfamily	-	ko:K02032	ko02024,map02024
WP_000428172	S	gas vesicle protein	yfkI	-	-
WP_000429021	F	May catalyze the ATP-dependent phosphorylation of lipids other than diacylglycerol (DAG)	-	-	-
WP_000429558	S	-	-	-	-
WP_000429670	E	permease	yifK	ko:K03293	-
WP_000431248	M	O-Antigen ligase	-	-	-
WP_000431312	K	Necessary for efficient RNA polymerase transcription elongation past template-encoded arresting sites. The arresting sites in DNA have the property of trapping a certain fraction of elongating RNA polymerases that pass through, resulting in locked ternary complexes. Cleavage of the nascent transcript by cleavage factors such as GreA or GreB allows the resumption of elongation from the new 3'terminus. GreA releases sequences of 2 to 3 nucleotides	greA	ko:K03624	-
WP_000432017	G	Specifically catalyzes the cleavage of the D-lactyl ether substituent of MurNAc 6-phosphate, producing GlcNAc 6- phosphate and D-lactate	murQ	ko:K07106	ko00520,ko01100,map00520,map01100
WP_000432068	S	C4-dicarboxylate anaerobic carrier	-	-	-
WP_000432361	P	Sodium:sulfate symporter transmembrane region	yflS	ko:K03319	-
WP_000432895	P	transporter of a GTP-driven Fe(2 ) uptake system	feoB	ko:K04759	-
WP_000433349	E	M42 glutamyl aminopeptidase	yhfE	-	-
WP_000433551	P	Part of the ABC transporter complex PotABCD involved in spermidine putrescine import. Responsible for energy coupling to the transport system	potA	ko:K02010,ko:K11072	ko02010,map02010
WP_000434765	M	choline kinase involved in LPS biosynthesis	ytmP	-	-
WP_000434933	S	Staphostatin A	-	-	-
WP_000435042	S	SNARE associated Golgi protein	apl	ko:K01077	ko00730,ko00790,ko01100,ko02020,map00730,map00790,map01100,map02020
WP_000435071	S	-	-	-	-
WP_000435132	J	Catalyzes the attachment of threonine to tRNA(Thr) in a two-step reaction L-threonine is first activated by ATP to form Thr-AMP and then transferred to the acceptor end of tRNA(Thr)	thrS	ko:K01868	ko00970,map00970
WP_000435349	S	-	-	-	-
WP_000435357	S	-	-	-	-
WP_000435380	J	Belongs to the class IV-like SAM-binding methyltransferase superfamily. RNA methyltransferase TrmH family	spoU	ko:K03437	-
WP_000435806	S	Protein of unknown function (DUF1811)	yfhH	-	-
WP_000436830	S	Protein of unknown function (DUF805)	-	-	-
WP_000437472	G	Phosphocarrier protein HPr	ptsH	ko:K11189	-
WP_000437962	T	Histidine kinase	yhcY	ko:K02480	-
WP_000438833	S	-	-	-	-
WP_000439693	F	ComE operon protein 2	comEB	ko:K01493	ko00240,ko01100,map00240,map01100
WP_000442480	F	Major role in the synthesis of nucleoside triphosphates other than ATP. The ATP gamma phosphate is transferred to the NDP beta phosphate via a ping-pong mechanism, using a phosphorylated active-site intermediate	ndk	ko:K00940	ko00230,ko00240,ko00983,ko01100,ko01110,ko01130,ko04016,map00230,map00240,map00983,map01100,map01110,map01130,map04016
WP_000446297	M	Chain length determinant protein	capA	-	-
WP_000446724	F	Catalyzes the ATP-dependent conversion of 7-carboxy-7- deazaguanine (CDG) to 7-cyano-7-deazaguanine (preQ(0))	queC	ko:K06920	ko00790,ko01100,map00790,map01100
WP_000447678	I	Involved in unsaturated fatty acids biosynthesis. Catalyzes the dehydration of short chain beta-hydroxyacyl-ACPs and long chain saturated and unsaturated beta-hydroxyacyl-ACPs	fabZ	ko:K02372	ko00061,ko00780,ko01100,ko01212,map00061,map00780,map01100,map01212
WP_000447711	L	Domain of unknown function (DUF4176)	-	-	-
WP_000447732	D	Site-specific tyrosine recombinase, which acts by catalyzing the cutting and rejoining of the recombining DNA molecules. The XerC-XerD complex is essential to convert dimers of the bacterial chromosome into monomers to permit their segregation at cell division. It also contributes to the segregational stability of plasmids	xerD	ko:K04763	-
WP_000448078	O	Belongs to the glutathione peroxidase family	bsaA	ko:K00432	ko00480,ko00590,ko04918,map00480,map00590,map04918
WP_000448227	P	Nitrite reductase	nirD	ko:K00363	ko00910,ko01120,map00910,map01120
WP_000448903	S	alpha/beta hydrolase fold	-	-	-
WP_000448941	J	Tryptophanyl-tRNA synthetase	trpS	ko:K01867	ko00970,map00970
WP_000449074	S	Appr-1'-p processing enzyme	-	-	-
WP_000449219	H	Catalyzes the dehydration of the S-form of NAD(P)HX at the expense of ADP, which is converted to AMP. Together with NAD(P)HX epimerase, which catalyzes the epimerization of the S- and R-forms, the enzyme allows the repair of both epimers of NAD(P)HX, a damaged form of NAD(P)H that is a result of enzymatic or heat-dependent hydration	nnrD	ko:K17758,ko:K17759	-
WP_000450258	S	COG1253 Hemolysins and related proteins containing CBS domains	-	-	-
WP_000450555	S	-	-	-	-
WP_000451303	J	Responsible for synthesis of pseudouridine from uracil	rluD	ko:K06180	-
WP_000451438	K	Transcriptional regulator	-	-	-
WP_000451829	C	Na H antiporter	nhaC_1	-	-
WP_000453297	S	aldo keto reductase	yvgN	-	-
WP_000454065	J	Zinc phosphodiesterase, which displays some tRNA 3'- processing endonuclease activity. Probably involved in tRNA maturation, by removing a 3'-trailer from precursor tRNA	rnz	ko:K00784	ko03013,map03013
WP_000454780	S	HAD-hyrolase-like	-	ko:K01091	ko00630,ko01100,ko01110,ko01130,map00630,map01100,map01110,map01130
WP_000455265	L	Excises uracil residues from the DNA which can arise as a result of misincorporation of dUMP residues by DNA polymerase or due to deamination of cytosine	ung	ko:K03648	ko03410,ko05340,map03410,map05340
WP_000455597	S	Belongs to the UPF0223 family	yktA	-	-
WP_000455858	S	CHAP domain	-	-	-
WP_000456498	K	GyrI-like small molecule binding domain	-	-	-
WP_000457386	J	This protein binds to 23S rRNA in the presence of protein L20	rplU	ko:K02888	ko03010,map03010
WP_000459060	M	Polysaccharide biosynthesis protein C-terminal	capE	ko:K17716	ko00052,ko00520,ko01100,map00052,map00520,map01100
WP_000460242	J	Peptide chain release factor 1 directs the termination of translation in response to the peptide chain termination codons UAG and UAA	prfA	ko:K02835	-
WP_000460418	E	L-serine dehydratase	sdaAA	ko:K01752	ko00260,ko00270,ko01100,ko01110,ko01130,ko01200,ko01230,map00260,map00270,map01100,map01110,map01130,map01200,map01230
WP_000460983	T	signal transduction by protein phosphorylation	-	-	-
WP_000466742	S	Transglycosylase associated protein	ydaS	-	-
WP_000466784	S	Protein of unknown function (DUF2951)	-	-	-
WP_000467123	O	Catalyzes the oxidation of the C8 methyl side group on heme O porphyrin ring into a formyl group	ctaA	ko:K02259	ko00190,ko00860,ko01100,ko01110,ko02020,ko04714,map00190,map00860,map01100,map01110,map02020,map04714
WP_000467635	J	Acetyltransferase (GNAT) domain	ydaF	ko:K03817	-
WP_000467994	P	ABC transporter permease	metI	ko:K02072	ko02010,map02010
WP_000468384	J	Specifically methylates the N4 position of cytidine in position 1402 (C1402) of 16S rRNA	rsmH	ko:K03438	-
WP_000469893	V	Catalyzes the dephosphorylation of undecaprenyl diphosphate (UPP). Confers resistance to bacitracin	uppP	ko:K06153	ko00550,map00550
WP_000469957	P	permease	nikB1	ko:K02033	ko02024,map02024
WP_000470336	S	this gene contains a nucleotide ambiguity which may be the result of a sequencing error	-	-	-
WP_000471571	I	Component of the acetyl coenzyme A carboxylase (ACC) complex. Biotin carboxylase (BC) catalyzes the carboxylation of biotin on its carrier protein (BCCP) and then the CO(2) group is transferred by the transcarboxylase to acetyl-CoA to form malonyl- CoA	accD	ko:K01963	ko00061,ko00620,ko00640,ko00720,ko01100,ko01110,ko01120,ko01130,ko01200,ko01212,map00061,map00620,map00640,map00720,map01100,map01110,map01120,map01130,map01200,map01212
WP_000472245	P	COG0601 ABC-type dipeptide oligopeptide nickel transport systems, permease components	-	ko:K15585	ko02010,map02010
WP_000472256	U	Required for transformation and DNA binding	comGC	ko:K02245	-
WP_000472293	O	ATP-dependent specificity component of the Clp protease. It directs the protease to specific substrates. Can perform chaperone functions in the absence of ClpP	clpX	ko:K03544	ko04112,map04112
WP_000473140	S	Staphylococcal/Streptococcal toxin, beta-grasp domain	-	-	-
WP_000473653	G	PTS system	crr	ko:K02777	ko00010,ko00500,ko00520,ko02026,ko02060,ko05111,map00010,map00500,map00520,map02026,map02060,map05111
WP_000473691	G	The phosphoenolpyruvate-dependent sugar phosphotransferase system (sugar PTS), a major carbohydrate active transport system, catalyzes the phosphorylation of incoming sugar substrates concomitantly with their translocation across the cell membrane. This system is involved in	ptsG	ko:K02763,ko:K02764,ko:K02765,ko:K02790,ko:K02791,ko:K20116,ko:K20117,ko:K20118	ko00010,ko00500,ko00520,ko02060,map00010,map00500,map00520,map02060
WP_000473699	H	Catalyzes the condensation of isopentenyl diphosphate (IPP) with allylic pyrophosphates generating different type of terpenoids	uppS	ko:K00806	ko00900,ko01110,map00900,map01110
WP_000477504	K	acetyltransferase (GNAT) family	-	-	-
WP_000477521	K	Member of the two-component regulatory system	-	ko:K07720	ko02020,map02020
WP_000477931	V	ABC transporter (permease)	yxeA	ko:K02004	-
WP_000477959	S	Putative zincin peptidase	yhaK	-	-
WP_000477989	K	Transcriptional regulator	glvR	ko:K03481	-
WP_000479222	S	(GNAT) family	yjcF	-	-
WP_000479279	F	Nucleoside	nupG	ko:K03317,ko:K11535,ko:K16323	-
WP_000479573	P	ABC transporter (permease)	tcyB	ko:K10009	ko02010,map02010
WP_000480603	C	Allows bacterial pathogens to use the host heme as an iron source. Catalyzes the oxidative degradation of the heme macrocyclic porphyrin ring to the oxo-bilirubin chromophore staphylobilin (a mixture of the linear tetrapyrroles 5-oxo-delta- bilirubin and 15-oxo-beta-bilirubin) in the presence of a suitable electron donor such as ascorbate or NADPH--cytochrome P450 reductase, with subsequent release of free iron	isdG	ko:K07145	ko00860,ko01110,map00860,map01110
WP_000480800	K	Belongs to the MraZ family	mraZ	ko:K03925	-
WP_000481425	EG	Gluconate	gntP	ko:K03299	-
WP_000481444	G	Catalyzes the transfer of a two-carbon ketol group from a ketose donor to an aldose acceptor, via a covalent intermediate with the cofactor thiamine pyrophosphate	tkt	ko:K00615	ko00030,ko00710,ko01051,ko01100,ko01110,ko01120,ko01130,ko01200,ko01230,map00030,map00710,map01051,map01100,map01110,map01120,map01130,map01200,map01230
WP_000482647	S	-	-	-	-
WP_000483052	E	Amino acid permease	ydaO	-	-
WP_000483153	H	Condenses 4-methyl-5-(beta-hydroxyethyl)thiazole monophosphate (THZ-P) and 2-methyl-4-amino-5-hydroxymethyl pyrimidine pyrophosphate (HMP-PP) to form thiamine monophosphate (TMP)	thiE	ko:K00788	ko00730,ko01100,map00730,map01100
WP_000483477	S	-	-	-	-
WP_000483706	F	Catalyzes the formation of phosphoribosylamine from phosphoribosylpyrophosphate (PRPP) and glutamine	purF	ko:K00764	ko00230,ko00250,ko01100,ko01110,ko01130,map00230,map00250,map01100,map01110,map01130
WP_000486501	V	ABC transporter transmembrane region	-	ko:K06147	-
WP_000486810	S	transporter	yocS	ko:K03453	-
WP_000487150	L	Belongs to the methyltransferase superfamily	ypsC	ko:K07444	-
WP_000491382	S	Protein of unknown function (DUF3147)	-	-	-
WP_000491755	P	Protein of unknown function DUF47	ykaA	ko:K07220	-
WP_000492114	S	UPF0365 protein	yqfA	-	-
WP_000492905	S	CAAX protease self-immunity	-	ko:K07052	-
WP_000493892	H	riboflavin synthase alpha	ribE	ko:K00793	ko00740,ko01100,ko01110,map00740,map01100,map01110
WP_000494133	J	Single strand-specific metallo-endoribonuclease involved in late-stage 70S ribosome quality control and in maturation of the 3' terminus of the 16S rRNA	ybeY	ko:K07042	-
WP_000495498	S	-	-	-	-
WP_000495678	S	-	-	-	-
WP_000496100	S	An essential GTPase which binds GTP, GDP and possibly (p)ppGpp with moderate affinity, with high nucleotide exchange rates and a fairly low GTP hydrolysis rate. Plays a role in control of the cell cycle, stress response, ribosome biogenesis and in those bacteria that undergo differentiation, in morphogenesis control	obg	ko:K03979	-
WP_000498572	S	Threonine/Serine exporter, ThrE	-	-	-
WP_000499647	S	-	-	-	-
WP_000503564	S	Staphylococcal/Streptococcal toxin, OB-fold domain	-	ko:K11040	ko05150,map05150
WP_000503590	C	glutamate synthase	gltD	ko:K00266	ko00250,ko00910,ko01100,ko01110,ko01120,ko01130,ko01230,map00250,map00910,map01100,map01110,map01120,map01130,map01230
WP_000503823	H	May be involved in the biosynthesis of molybdopterin	moaB	ko:K03638	ko00790,ko01100,map00790,map01100
WP_000505017	K	antiterminator	glcT	ko:K03480,ko:K03488	-
WP_000505964	S	protein domain associated with	-	-	-
WP_000506531	U	Part of the Sec protein translocase complex. Interacts with the SecYEG preprotein conducting channel. Has a central role in coupling the hydrolysis of ATP to the transfer of proteins into and across the cell membrane, serving as an ATP-driven molecular motor driving the stepwise translocation of polypeptide chains across the membrane	secA	ko:K03070	ko02024,ko03060,ko03070,map02024,map03060,map03070
WP_000511090	S	sequence-specific DNA binding	-	-	-
WP_000511135	C	Produces ATP from ADP in the presence of a proton gradient across the membrane. The catalytic sites are hosted primarily by the beta subunits	atpD	ko:K02112	ko00190,ko00195,ko01100,map00190,map00195,map01100
WP_000513301	M	Transfers the N-acyl diglyceride group on what will become the N-terminal cysteine of membrane lipoproteins	lgt	ko:K13292	-
WP_000513699	S	Transcriptional regulator, RinA family	-	-	-
WP_000514288	P	potassium uptake protein TrkA	ktrA	ko:K03499	-
WP_000514373	C	belongs to the prokaryotic molybdopterin-containing oxidoreductase family	narZ	ko:K00370	ko00910,ko01120,ko02020,map00910,map01120,map02020
WP_000514485	S	-	-	-	-
WP_000516260	L	This protein is involved in the repair of mismatches in DNA. It is required for dam-dependent methyl-directed DNA mismatch repair. May act as a molecular matchmaker , a protein that promotes the formation of a stable complex between two or more DNA-binding proteins in an ATP-dependent manner without itself being part of a final effector complex	mutL	ko:K03572	ko03430,map03430
WP_000516801	S	Domain of unknown function (DUF4889)	-	-	-
WP_000517164	E	Bacterial extracellular solute-binding proteins, family 5 Middle	appA_2	ko:K02035	ko02024,map02024
WP_000517908	J	Belongs to the bacterial ribosomal protein bL28 family	rpmB	ko:K02902	ko03010,map03010
WP_000520233	P	ABC transporter permease	metI	ko:K02069,ko:K02072	ko02010,map02010
WP_000521489	G	Catalyzes the conversion of glucosamine-6-phosphate to glucosamine-1-phosphate	glmM	ko:K03431	ko00520,ko01100,ko01130,map00520,map01100,map01130
WP_000521535	P	COG0601 ABC-type dipeptide oligopeptide nickel transport systems, permease components	oppB	ko:K15581	ko01501,ko02010,ko02024,map01501,map02010,map02024
WP_000521958	S	-	-	-	-
WP_000522384	S	Nitroreductase family	XK27_02070	ko:K07078	-
WP_000523131	E	amidohydrolase	-	ko:K21613	-
WP_000523667	S	SWIM zinc finger	-	-	-
WP_000524902	S	Mitochondrial PGP phosphatase	yqeG	ko:K07015	-
WP_000525063	L	helicase involved in DNA repair and perhaps also replication	dinG	ko:K03722	-
WP_000526539	S	radical SAM protein	ytqA	ko:K07139	-
WP_000526685	H	Catalyzes the thiamine diphosphate-dependent decarboxylation of 2-oxoglutarate and the subsequent addition of the resulting succinic semialdehyde-thiamine pyrophosphate anion to isochorismate to yield 2-succinyl-5-enolpyruvyl-6-hydroxy-3- cyclohexene-1-carboxylate (SEPHCHC)	menD	ko:K02551	ko00130,ko01100,ko01110,map00130,map01100,map01110
WP_000529877	J	Binds the lower part of the 30S subunit head. Binds mRNA in the 70S ribosome, positioning it for translation	rpsC	ko:K02982	ko03010,map03010
WP_000531320	S	Might take part in the signal recognition particle (SRP) pathway. This is inferred from the conservation of its genetic proximity to ftsY ffh. May be a regulatory protein	ylxM	ko:K09787	-
WP_000531476	G	Phosphoenolpyruvate-dependent sugar phosphotransferase system, EIIA 2	-	ko:K02773	ko00052,ko01100,ko02060,map00052,map01100,map02060
WP_000531824	E	Catalyzes the isomerization between 2-isopropylmalate and 3-isopropylmalate, via the formation of 2-isopropylmaleate	leuC	ko:K01703	ko00290,ko00660,ko00966,ko01100,ko01110,ko01210,ko01230,map00290,map00660,map00966,map01100,map01110,map01210,map01230
WP_000532965	K	transcriptional regulatory protein	yeeN	-	-
WP_000533223	P	COG1914 Mn2 and Fe2 transporters of the NRAMP family	ycsG	-	-
WP_000533496	L	membrane attachment protein	dnaB	ko:K03346	-
WP_000534436	E	amino acid	-	ko:K03294	-
WP_000535828	GM	ABC-type polysaccharide polyol phosphate transport system ATPase component	-	ko:K09693	ko02010,map02010
WP_000536961	S	ABC-2 family transporter protein	-	ko:K01992	-
WP_000538141	S	HD containing hydrolase-like enzyme	yfbR	ko:K07023	-
WP_000538766	S	Protein of unknown function (DUF420)	-	ko:K08976	-
WP_000539688	S	Protein of unknown function (DUF2951)	-	-	-
WP_000540837	K	transcriptional regulator	-	-	-
WP_000540907	M	Csa1 family	-	-	-
WP_000542274	J	Ribosomal protein L17	rplQ	ko:K02879	ko03010,map03010
WP_000543162	S	Domain of unknown function (DUF4865)	-	-	-
WP_000544969	S	glutamine amidotransferase	-	ko:K07009	-
WP_000545116	S	-	-	-	-
WP_000545370	J	Allows the formation of correctly charged Asn-tRNA(Asn) or Gln-tRNA(Gln) through the transamidation of misacylated Asp- tRNA(Asn) or Glu-tRNA(Gln) in organisms which lack either or both of asparaginyl-tRNA or glutaminyl-tRNA synthetases. The reaction takes place in the presence of glutamine and ATP through an activated phospho-Asp-tRNA(Asn) or phospho-Glu-tRNA(Gln)	gatB	ko:K02434	ko00970,ko01100,map00970,map01100
WP_000545453	H	Catalyzes the NADPH-dependent reduction of glutamyl- tRNA(Glu) to glutamate 1-semialdehyde (GSA)	hemA	ko:K02492	ko00860,ko01100,ko01110,ko01120,map00860,map01100,map01110,map01120
WP_000545928	E	Belongs to the urease gamma subunit family	ureA	ko:K01430	ko00220,ko00230,ko00791,ko01100,ko01120,map00220,map00230,map00791,map01100,map01120
WP_000546595	P	Part of the high-affinity ATP-driven potassium transport (or Kdp) system, which catalyzes the hydrolysis of ATP coupled with the electrogenic transport of potassium into the cytoplasm. This subunit is responsible for energy coupling to the transport system	kdpB	ko:K01547	ko02020,map02020
WP_000547687	J	One of the proteins that surrounds the polypeptide exit tunnel on the outside of the subunit	rplX	ko:K02895	ko03010,map03010
WP_000547794	F	Nucleoside	nupC	ko:K03317,ko:K11535	-
WP_000547821	O	Removes 5-oxoproline from various penultimate amino acid residues except L-proline	pcp	ko:K01304	-
WP_000547905	H	thiamine pyrophosphokinase	thiN	ko:K00949	ko00730,ko01100,map00730,map01100
WP_000548701	CP	ABC-type Na efflux pump, permease component	ysdA	ko:K01992	-
WP_000548775	S	Putative zincin peptidase	-	-	-
WP_000548940	EP	permease	nikC	ko:K02034	ko02024,map02024
WP_000549207	MU	This protein specifically catalyzes the removal of signal peptides from prolipoproteins	lspA	ko:K03101	ko03060,map03060
WP_000549236	G	Polysaccharide deacetylase	-	-	-
WP_000549297	D	the current gene model (or a revised gene model) may contain a frame shift	essC	ko:K03466	-
WP_000549734	S	Increases the activity of extracellular murein hydrolases possibly by mediating their export via hole formation. Inhibited by the antiholin-like proteins LrgAB. In an unstressed cell, the LrgAB products probably inhibit the function of the CidAB proteins. When a cell is stressed by the addition of antibiotics or by other factors in the environment, the CidAB proteins possibly oligomerize within the bacterial cell membrane, creating lesions that disrupt the proton motive force, which in turn results in loss of cell viability. These lesions are also hypothesized to regulate the subsequent cell lysis by either allowing the murein hydrolases access to the cell wall substrate and or regulating their activity by a	cidA	ko:K06518	-
WP_000551283	F	Belongs to the purine pyrimidine phosphoribosyltransferase family	hpt	ko:K00760,ko:K15780	ko00230,ko00983,ko01100,ko01110,map00230,map00983,map01100,map01110
WP_000551762	K	Transcriptional regulator CtsR	ctsR	ko:K03708	-
WP_000553924	O	redox protein, regulator of disulfide bond formation	ymaD3	-	-
WP_000556760	U	Preprotein translocase subunit SecG	secG	ko:K03075	ko02024,ko03060,ko03070,map02024,map03060,map03070
WP_000558757	P	L-lysine 6-monooxygenase (NADPH-requiring)	-	-	-
WP_000559159	L	May play a role in DNA repair. It seems to be involved in an RecBC-independent recombinational process of DNA repair. It may act with RecF and RecO	recR	ko:K06187	ko03440,map03440
WP_000560832	L	Involved in the restart of stalled replication forks. Recognizes and binds the arrested nascent DNA chain at stalled replication forks. It can open the DNA duplex, via its helicase activity, and promote assembly of the primosome and loading of the major replicative helicase DnaB onto DNA	priA	ko:K04066	ko03440,map03440
WP_000561358	J	RNA chaperone that binds small regulatory RNA (sRNAs) and mRNAs to facilitate mRNA translational regulation in response to envelope stress, environmental stress and changes in metabolite concentrations. Also binds with high specificity to tRNAs	hfq	ko:K03666	ko02024,ko03018,ko05111,map02024,map03018,map05111
WP_000562498	F	reductase, beta subunit	nrdF	ko:K00526	ko00230,ko00240,ko01100,map00230,map00240,map01100
WP_000564316	P	ABC transporter	zurM	ko:K09816	ko02010,map02010
WP_000565259	O	Required for maturation of urease via the functional incorporation of the urease nickel metallocenter	ureF	ko:K03188	-
WP_000565293	GM	Capsular polysaccharide biosynthesis protein	ywqE	ko:K01104	-
WP_000565312	GM	Capsular polysaccharide biosynthesis protein	ywqE	ko:K01104	-
WP_000565498	S	-	-	-	-
WP_000565817	I	PA-phosphatase related membrane protein	-	-	-
WP_000566649	S	Protein of unknown function (DUF3055)	-	-	-
WP_000566670	V	restriction endodeoxyribonuclease activity	-	-	-
WP_000567017	S	Tetratricopeptide repeat	yrrB	-	-
WP_000567389	S	Phage tail protein	-	-	-
WP_000568349	C	Dehydrogenase E1 component	bfmBAA	ko:K00166	ko00280,ko00640,ko01100,ko01110,ko01130,map00280,map00640,map01100,map01110,map01130
WP_000569113	P	ABC transporter permease	opuCB	ko:K05846	ko02010,map02010
WP_000569292	P	Part of the ABC transporter complex MetNIQ involved in methionine import. Responsible for energy coupling to the transport system	metN1	ko:K02071	ko02010,map02010
WP_000569649	K	DNA-dependent RNA polymerase catalyzes the transcription of DNA into RNA using the four ribonucleoside triphosphates as substrates	rpoA	ko:K03040	ko00230,ko00240,ko01100,ko03020,map00230,map00240,map01100,map03020
WP_000570067	V	ABC transporter, ATP-binding protein	-	ko:K01990	-
WP_000570687	U	Sodium alanine symporter family protein	yrbD	ko:K03310	-
WP_000570808	E	Pyridoxal-phosphate dependent enzyme	sbnA	ko:K21949	-
WP_000571218	P	Part of the ABC transporter complex MetNIQ involved in methionine import. Responsible for energy coupling to the transport system	metN	ko:K02071	ko02010,map02010
WP_000571256	E	ABC-type oligopeptide transport system, ATPase component	-	ko:K02032	ko02024,map02024
WP_000571551	I	Catalyzes the reversible phosphatidyl group transfer from one phosphatidylglycerol molecule to another to form cardiolipin (CL) (diphosphatidylglycerol) and glycerol	cls	ko:K06131	ko00564,ko01100,map00564,map01100
WP_000571589	P	Catalyzes the sodium-dependent transport of glutamate	gltS	ko:K03312	-
WP_000571747	E	1-(5-phosphoribosyl)-5- (5-phosphoribosylamino)methylideneamino imidazole-4-carboxamide isomerase	hisA	ko:K01814	ko00340,ko01100,ko01110,ko01230,map00340,map01100,map01110,map01230
WP_000572233	J	Specifically methylates the cytosine at position 967 (m5C967) of 16S rRNA	sun	ko:K03500	-
WP_000572872	F	Belongs to the lyase 1 family. Adenylosuccinate lyase subfamily	purB	ko:K01756	ko00230,ko00250,ko01100,ko01110,ko01130,map00230,map00250,map01100,map01110,map01130
WP_000573077	CP	Mnh complex is a Na( ) H( ) antiporter involved in Na( ) excretion	mrpD	ko:K05568	-
WP_000573242	C	COG0604 NADPH quinone reductase and related Zn-dependent oxidoreductases	yhfP	ko:K00001	ko00010,ko00071,ko00350,ko00625,ko00626,ko00830,ko00980,ko00982,ko01100,ko01110,ko01120,ko01130,ko01220,map00010,map00071,map00350,map00625,map00626,map00830,map00980,map00982,map01100,map01110,map01120,map01130,map01220
WP_000577171	L	Subunit R is required for both nuclease and ATPase activities, but not for modification	hsdR	ko:K01153	-
WP_000578458	M	First step of the lipid cycle reactions in the biosynthesis of the cell wall peptidoglycan	mraY	ko:K01000	ko00550,ko01100,ko01502,map00550,map01100,map01502
WP_000579270	F	Catalyzes the irreversible cleavage of the glycosidic bond in both 5'-methylthioadenosine (MTA) and S- adenosylhomocysteine (SAH AdoHcy) to adenine and the corresponding thioribose, 5'-methylthioribose and S-ribosylhomocysteine, respectively	mtnN	ko:K01243	ko00270,ko01100,ko01230,map00270,map01100,map01230
WP_000579559	KLT	Serine threonine protein kinase	prkC	ko:K08884,ko:K12132	-
WP_000580201	S	-	-	-	-
WP_000581077	O	Belongs to the sulfur carrier protein TusA family	yeeD	-	-
WP_000581193	I	Transfers the 4'-phosphopantetheine moiety from coenzyme A to a Ser of acyl-carrier-protein	acpS	ko:K00997	ko00770,map00770
WP_000581792	S	-	-	-	-
WP_000581879	M	Belongs to the staphylococcal tandem lipoprotein family	-	-	-
WP_000581892	M	Belongs to the staphylococcal tandem lipoprotein family	-	-	-
WP_000582168	S	peptidoglycan catabolic process	-	-	-
WP_000582326	P	Domain of unknown function DUF21	-	-	-
WP_000584398	S	-	-	-	-
WP_000584499	D	Antitoxin component of a toxin-antitoxin (TA) module	-	ko:K19159	-
WP_000584644	D	AAA domain	yhaN	-	-
WP_000584770	P	COG1173 ABC-type dipeptide oligopeptide nickel transport systems, permease components	-	ko:K15586	ko02010,map02010
WP_000586385	S	Fusaric acid resistance protein-like	-	-	-
WP_000587616	D	Antitoxin component of a toxin-antitoxin (TA) module	-	-	-
WP_000587958	S	Family of unknown function	vraX	-	-
WP_000588529	L	COG0494 NTP pyrophosphohydrolases including oxidative damage repair enzymes	-	-	-
WP_000589167	S	-	-	-	-
WP_000589260	E	ATP-binding protein	proV	ko:K05847	ko02010,map02010
WP_000589552	P	Belongs to the ArsC family	yusI	ko:K00537	-
WP_000590122	S	Transcriptional regulator, RinA family	-	-	-
WP_000590451	P	Mnh complex is a Na( ) H( ) antiporter involved in Na( ) excretion	mnhG	ko:K05571	-
WP_000590511	EP	ABC transporter, ATP-binding protein	-	ko:K10824	ko02010,map02010
WP_000590539	J	Acetyltransferase (GNAT) domain	-	-	-
WP_000590806	S	Threonylcarbamoyl adenosine biosynthesis protein TsaE	ydiB	ko:K06925	-
WP_000590809	E	ABC transporter, ATP-binding protein	glnQ	ko:K02028	-
WP_000590826	J	histidyl-tRNA synthetase	hisS	ko:K01892	ko00970,map00970
WP_000590844	P	ATPases associated with a variety of cellular activities	-	ko:K02049	-
WP_000592318	V	Belongs to the resistance-nodulation-cell division (RND) (TC 2.A.6) family	-	ko:K03296	-
WP_000592652	EGP	Quinolone resistance protein norA	bmr	ko:K19578	-
WP_000593160	M	A stabilizing protein that is part of the accessory SecA2 SecY2 system specifically required to export serine-rich repeat cell wall proteins usually encoded upstream in the same operon. Stabilizes the glycosylation activity of Gtf1	gtf2	-	-
WP_000593361	S	Sucrose-6F-phosphate phosphohydrolase	ycsE	-	-
WP_000594516	S	cell killing	-	ko:K11038	ko05150,map05150
WP_000594533	P	FecCD transport family	isdF	ko:K02015	ko02010,map02010
WP_000594637	P	Formate/nitrite transporter	nirC_1	-	-
WP_000594959	H	Phosphomethylpyrimidine kinase	thiD	ko:K00941,ko:K14153	ko00730,ko01100,map00730,map01100
WP_000595016	L	single-stranded-DNA-specific exonuclease recJ	recJ	ko:K07462	ko03410,ko03430,ko03440,map03410,map03430,map03440
WP_000595265	S	Transcriptional activator RinB	-	-	-
WP_000595402	M	cell killing	-	ko:K11032,ko:K11038	ko05150,map05150
WP_000597239	V	ABC transporter, ATP-binding protein	ygaD	ko:K11085	ko02010,map02010
WP_000597335	I	decarboxylase	mvaD	ko:K01597	ko00900,ko01100,ko01110,ko01130,map00900,map01100,map01110,map01130
WP_000598252	M	teichoic acid biosynthesis	tagF1	ko:K09809,ko:K21591	-
WP_000598445	S	Protein of unknown function (DUF1027)	yutD	-	-
WP_000598477	E	Catalyzes the NADPH-dependent reduction of N-acetyl-5- glutamyl phosphate to yield N-acetyl-L-glutamate 5-semialdehyde	argC	ko:K00145	ko00220,ko01100,ko01110,ko01130,ko01210,ko01230,map00220,map01100,map01110,map01130,map01210,map01230
WP_000599589	S	Bacterial PH domain	-	-	-
WP_000600387	J	Belongs to the 2H phosphoesterase superfamily. YjcG family	yjcG	-	-
WP_000600970	E	Glyoxalase-like domain	-	-	-
WP_000602064	S	ABC transporter, ATP-binding protein	ydiF	ko:K06158	-
WP_000602946	H	molybdopterin-guanine dinucleotide biosynthesis protein	mobB	ko:K03753	-
WP_000603491	S	-	-	-	-
WP_000603755	S	Isoprenylcysteine carboxyl methyltransferase (ICMT) family	-	ko:K16168	-
WP_000603969	V	ABC transporter (permease)	-	ko:K01992	-
WP_000604513	EH	component II	pabA	ko:K01658,ko:K01664,ko:K13950	ko00400,ko00405,ko00790,ko01100,ko01110,ko01130,ko01230,ko02024,ko02025,map00400,map00405,map00790,map01100,map01110,map01130,map01230,map02024,map02025
WP_000604814	EH	COG0512 Anthranilate para-aminobenzoate synthases component II	trpG	ko:K01658	ko00400,ko00405,ko01100,ko01110,ko01130,ko01230,ko02024,ko02025,map00400,map00405,map01100,map01110,map01130,map01230,map02024,map02025
WP_000606210	C	Catalyzes the conversion of epoxyqueuosine (oQ) to queuosine (Q), which is a hypermodified base found in the wobble positions of tRNA(Asp), tRNA(Asn), tRNA(His) and tRNA(Tyr)	queH	ko:K09765	-
WP_000606335	S	Na+-H+ antiporter family	yuiF	ko:K07084	-
WP_000606481	S	Belongs to the UPF0342 family	ylbF	-	-
WP_000606549	F	Member of the two-component regulatory system NreB NreC involved in the control of dissimilatory nitrate nitrite reduction in response to oxygen. NreB functions as a direct oxygen sensor histidine kinase which is autophosphorylated, in the absence of oxygen, probably at the conserved histidine residue, and transfers its phosphate group probably to a conserved aspartate residue of NreC. NreB NreC activates the expression of the nitrate (narGHJI) and nitrite (nir) reductase operons, as well as the	nreB	ko:K07683	ko02020,map02020
WP_000606688	E	Peptidase T-like protein	yqjE	ko:K01258,ko:K01263	-
WP_000606763	C	Nitrate reductase	narJ	ko:K00373	ko02020,map02020
WP_000607067	M	Inhibits the expression or activity of extracellular murein hydrolases by interacting, possibly with LrgA, with the holin-like proteins CidA and or CidB. The LrgAB and CidAB proteins may affect the proton motive force of the membrane. May be involved in programmed cell death (PCD), possibly triggering PCD in response to antibiotics and environmental stresses	lrgB	ko:K05339	ko02020,map02020
WP_000608129	S	Protein of unknown function DUF72	yunF	-	-
WP_000608186	S	-	-	-	-
WP_000608280	S	-	-	-	-
WP_000608440	M	Cell wall formation	murB	ko:K00075	ko00520,ko00550,ko01100,map00520,map00550,map01100
WP_000608535	S	Dynamin family	-	-	-
WP_000608837	D	Di-iron-containing protein involved in the repair of iron-sulfur clusters	scdA	ko:K07322	-
WP_000608862	S	YueH-like protein	-	-	-
WP_000610056	EGP	Sugar (and other) transporter	-	ko:K08161	-
WP_000610195	E	Catalyzes the NADPH dependent reduction of D-ribulose 5- phosphate to D-ribitol 5-phosphate	tarJ	ko:K05352,ko:K21680	ko00040,ko01100,map00040,map01100
WP_000610203	E	Catalyzes the NADPH dependent reduction of D-ribulose 5- phosphate to D-ribitol 5-phosphate	tarJ	ko:K05352,ko:K21680	ko00040,ko01100,map00040,map01100
WP_000610232	M	C-terminus of bacterial fibrinogen-binding adhesin	-	ko:K14192,ko:K14194	ko05150,map05150
WP_000610647	L	Single-strand binding protein family	ssb	ko:K03111	ko03030,ko03430,ko03440,map03030,map03430,map03440
WP_000611469	M	Involved in cell wall formation. Catalyzes the final step in the synthesis of UDP-N-acetylmuramoyl-pentapeptide, the precursor of murein	murF	ko:K01929	ko00300,ko00550,ko01100,ko01502,map00300,map00550,map01100,map01502
WP_000611512	S	COG5546 Small integral membrane protein	hol	-	-
WP_000612121	E	Belongs to the urease beta subunit family	ureB	ko:K01429	ko00220,ko00230,ko00791,ko01100,ko01120,map00220,map00230,map00791,map01100,map01120
WP_000612780	S	YolD-like protein	-	-	-
WP_000613541	M	membrane protein involved in D-alanine export	dltB	ko:K03739	ko01503,ko02020,ko05150,map01503,map02020,map05150
WP_000613718	H	7,8-dihydro-6-hydroxymethylpterin-pyrophosphokinase (HPPK)	folK	ko:K00950	ko00790,ko01100,map00790,map01100
WP_000613738	L	DNA polymerase III	polC_2	ko:K02342	ko00230,ko00240,ko01100,ko03030,ko03430,ko03440,map00230,map00240,map01100,map03030,map03430,map03440
WP_000614712	S	Part of the MsrPQ system that repairs oxidized periplasmic proteins containing methionine sulfoxide residues (Met-O), using respiratory chain electrons. Thus protects these proteins from oxidative-stress damage caused by reactive species of oxygen and chlorine generated by the host defense mechanisms. MsrPQ is essential for the maintenance of envelope integrity under bleach stress, rescuing a wide series of structurally unrelated periplasmic proteins from methionine oxidation. The catalytic subunit MsrP is non-stereospecific, being able to reduce both (R-) and (S-) diastereoisomers of methionine sulfoxide	ylaL	-	-
WP_000615455	E	ABC transporter, ATP-binding protein	tcyC	ko:K10010	ko02010,map02010
WP_000615921	J	Binds to 23S rRNA. Forms part of two intersubunit bridges in the 70S ribosome	rplN	ko:K02874	ko03010,map03010
WP_000616227	S	member of glyoxalase bleomycin resistance protein family	-	ko:K07032	-
WP_000616642	P	Subunit F	mnhF2	ko:K05570	-
WP_000616784	U	The central subunit of the protein translocation channel SecYEG. Consists of two halves formed by TMs 1-5 and 6-10. These two domains form a lateral gate at the front which open onto the bilayer between TMs 2 and 7, and are clamped together by SecE at the back. The channel is closed by both a pore ring composed of hydrophobic SecY resides and a short helix (helix 2A) on the extracellular side of the membrane which forms a plug. The plug probably moves laterally to allow the channel to open. The ring and the pore may move independently	secY	ko:K03076	ko02024,ko03060,ko03070,map02024,map03060,map03070
WP_000616864	P	ABC transporter, ATP-binding protein	yclP	ko:K02013	ko02010,map02010
WP_000616885	I	phosphomevalonate kinase	mvaK2	ko:K00938	ko00900,ko01100,ko01110,ko01130,map00900,map01100,map01110,map01130
WP_000617359	M	Acetyltransferase (GNAT) domain	-	ko:K03823	ko00440,ko01130,map00440,map01130
WP_000617735	J	Required for dimerization of active 70S ribosomes into 100S ribosomes in stationary phase	hpf	ko:K05808	-
WP_000619353	E	Catalyzes the condensation of the acetyl group of acetyl-CoA with 3-methyl-2-oxobutanoate (2-oxoisovalerate) to form 3-carboxy-3-hydroxy-4-methylpentanoate (2-isopropylmalate)	-	ko:K01649	ko00290,ko00620,ko01100,ko01110,ko01210,ko01230,map00290,map00620,map01100,map01110,map01210,map01230
WP_000620187	LU	Rossmann fold nucleotide-binding protein involved in DNA uptake	dprA	ko:K04096	-
WP_000620199	K	Acetyltransferase	-	-	-
WP_000620873	I	Steryl acetyl hydrolase	-	-	-
WP_000620948	K	Acetyltransferase (GNAT) domain	-	ko:K06977	-
WP_000621175	L	Toxic component of a toxin-antitoxin (TA) module	ndoA	ko:K07171	-
WP_000621532	H	Catalyzes the pyruvoyl-dependent decarboxylation of aspartate to produce beta-alanine	panD	ko:K01579	ko00410,ko00770,ko01100,ko01110,map00410,map00770,map01100,map01110
WP_000622716	E	Beta-eliminating lyase	ltaE	ko:K01620	ko00260,ko01100,ko01110,ko01120,ko01130,ko01230,map00260,map01100,map01110,map01120,map01130,map01230
WP_000623444	S	MOSC domain	yflK	-	-
WP_000623485	D	Important for reducing fluoride concentration in the cell, thus reducing its toxicity	crcB2	ko:K06199	-
WP_000623881	J	This is one of the proteins that binds and probably mediates the attachment of the 5S RNA into the large ribosomal subunit, where it forms part of the central protuberance	rplR	ko:K02881	ko03010,map03010
WP_000623910	S	kinase related to dihydroxyacetone kinase	yloV	ko:K07030	-
WP_000624578	S	tRNA (adenine(22)-N(1))-methyltransferase	trmK	ko:K06967	-
WP_000624945	K	transcriptional	glnR	ko:K03713,ko:K15580	ko01501,ko02010,ko02024,map01501,map02010,map02024
WP_000625075	E	Aminotransferase	mtnE	ko:K08969,ko:K19549	ko00270,ko01100,ko01130,map00270,map01100,map01130
WP_000625086	S	Phage Terminase	-	-	-
WP_000625899	P	Belongs to the binding-protein-dependent transport system permease family. FecCD subfamily	fhuG	ko:K02015	ko02010,map02010
WP_000626077	S	DHHA1 domain	nrnA	ko:K06881	ko00920,ko01100,ko01120,map00920,map01100,map01120
WP_000626504	J	Involved in peptide bond synthesis. Stimulates efficient translation and peptide-bond synthesis on native or reconstituted 70S ribosomes in vitro. Probably functions indirectly by altering the affinity of the ribosome for aminoacyl-tRNA, thus increasing their reactivity as acceptors for peptidyl transferase	efp	ko:K02356	-
WP_000626901	J	Specifically methylates position 2 of adenine 2503 in 23S rRNA and position 2 of adenine 37 in tRNAs	rlmN	ko:K06941	-
WP_000627029	S	NADPH-dependent FMN reductase	ywqN	-	-
WP_000627142	K	Negative regulator of class I heat shock genes (grpE- dnaK-dnaJ and groELS operons). Prevents heat-shock induction of these operons	hrcA	ko:K03705	-
WP_000627536	S	Protein of unknown function (DUF3969)	-	-	-
WP_000628050	S	Branched-chain amino acid transport protein (AzlD)	azlD	-	-
WP_000631963	J	Belongs to the class-I aminoacyl-tRNA synthetase family	cysS	ko:K01883	ko00970,map00970
WP_000633068	P	Transporter	corA	ko:K03284	-
WP_000633422	S	Domain of unknown function (DUF4811)	-	-	-
WP_000633692	J	Cysteine protease Prp	ysxB	ko:K07584	-
WP_000633782	S	NADPH-dependent FMN reductase	ywqN	-	-
WP_000634098	E	Cysteine synthase	mccA	ko:K01738,ko:K17216	ko00270,ko00920,ko01100,ko01110,ko01120,ko01130,ko01200,ko01230,map00270,map00920,map01100,map01110,map01120,map01130,map01200,map01230
WP_000634175	T	Universal stress protein	uspA	-	-
WP_000634589	O	Involved in urease metallocenter assembly. Binds nickel. Probably functions as a nickel donor during metallocenter assembly	ureE	ko:K03187	-
WP_000634681	G	Aldose 1-epimerase	galM	ko:K01785	ko00010,ko00052,ko01100,ko01110,ko01120,ko01130,map00010,map00052,map01100,map01110,map01120,map01130
WP_000635622	E	IGPS catalyzes the conversion of PRFAR and glutamine to IGP, AICAR and glutamate. The HisH subunit provides the glutamine amidotransferase activity that produces the ammonia necessary to HisF for the synthesis of IGP and AICAR	hisH	ko:K02501	ko00340,ko01100,ko01110,ko01230,map00340,map01100,map01110,map01230
WP_000636142	E	Methionine aminopeptidase	map	ko:K01265	-
WP_000637680	S	-	-	-	-
WP_000638419	S	Uncharacterized protein conserved in bacteria (DUF2198)	-	-	-
WP_000638453	C	cytochrome D ubiquinol oxidase subunit II	cydB	ko:K00426	ko00190,ko01100,ko02020,map00190,map01100,map02020
WP_000638466	I	Catalyzes the transfer of the cytidylyl group of CTP to D-ribitol 5-phosphate	tarI	ko:K00991,ko:K21030	ko00040,ko00900,ko01100,ko01110,ko01130,map00040,map00900,map01100,map01110,map01130
WP_000638615	J	(GNAT) family	-	-	-
WP_000638870	I	Catalyzes the phosphorylation of the position 2 hydroxy group of 4-diphosphocytidyl-2C-methyl-D-erythritol	ispE	ko:K00919,ko:K16924	ko00900,ko01100,ko01110,ko01130,map00900,map01100,map01110,map01130
WP_000639182	E	COG0079 Histidinol-phosphate aromatic aminotransferase and cobyric acid decarboxylase	hisC	ko:K00817	ko00340,ko00350,ko00360,ko00400,ko00401,ko00960,ko01100,ko01110,ko01130,ko01230,map00340,map00350,map00360,map00400,map00401,map00960,map01100,map01110,map01130,map01230
WP_000639923	K	Protein of unknown function (DUF739)	-	-	-
WP_000640264	E	Imidazoleglycerol-phosphate dehydratase	hisB	ko:K01693	ko00340,ko01100,ko01110,ko01230,map00340,map01100,map01110,map01230
WP_000640486	S	Acyl-ACP thioesterase	yneP	ko:K07107	-
WP_000640740	H	Belongs to the carbohydrate kinase PfkB family. LacC subfamily	fruK	ko:K00882	ko00051,map00051
WP_000643618	M	Belongs to the staphylococcal tandem lipoprotein family	-	-	-
WP_000643993	H	Transfers a GMP moiety from GTP to Mo-molybdopterin (Mo- MPT) cofactor (Moco or molybdenum cofactor) to form Mo- molybdopterin guanine dinucleotide (Mo-MGD) cofactor	mobA	ko:K03752	ko00790,ko01100,map00790,map01100
WP_000644390	F	Belongs to the cytidylate kinase family. Type 1 subfamily	cmk	ko:K00945	ko00240,ko01100,map00240,map01100
WP_000644427	C	COG0604 NADPH quinone reductase and related Zn-dependent oxidoreductases	-	ko:K00001	ko00010,ko00071,ko00350,ko00625,ko00626,ko00830,ko00980,ko00982,ko01100,ko01110,ko01120,ko01130,ko01220,map00010,map00071,map00350,map00625,map00626,map00830,map00980,map00982,map01100,map01110,map01120,map01130,map01220
WP_000644737	J	Belongs to the universal ribosomal protein uL29 family	rpmC	ko:K02904	ko03010,map03010
WP_000645456	K	Member of the two-component regulatory system LytR LytS that probably regulates genes involved in cell wall metabolism	lytT	ko:K07705	ko02020,map02020
WP_000645596	E	Glucose dehydrogenase C-terminus	gatD	ko:K00008	ko00040,ko00051,ko01100,map00040,map00051,map01100
WP_000645731	S	ABC-2 family transporter protein	-	-	-
WP_000645763	F	COG0737 5'-nucleotidase 2',3'-cyclic phosphodiesterase and related esterases	-	ko:K01081,ko:K01119	ko00230,ko00240,ko00760,ko01100,ko01110,map00230,map00240,map00760,map01100,map01110
WP_000646190	E	Glucose dehydrogenase C-terminus	gutB	ko:K00008	ko00040,ko00051,ko01100,map00040,map00051,map01100
WP_000646226	IQ	short chain dehydrogenase reductase family	-	ko:K00059	ko00061,ko00333,ko00780,ko01040,ko01100,ko01130,ko01212,map00061,map00333,map00780,map01040,map01100,map01130,map01212
WP_000647288	S	Protein of unknown function (DUF2815)	-	-	-
WP_000648118	S	gas vesicle protein	-	-	-
WP_000648617	F	Cytidine monophosphokinase	udk	ko:K00876	ko00240,ko00983,ko01100,map00240,map00983,map01100
WP_000648731	G	Mannitol-1-phosphate 5-dehydrogenase	mtlD	ko:K00009	ko00051,map00051
WP_000649785	J	The natural substrate for this enzyme may be peptidyl- tRNAs which drop off the ribosome during protein synthesis	pth	ko:K01056	-
WP_000649910	P	ABC transporter	arpJ	ko:K02029,ko:K02030	-
WP_000650082	K	Negatively regulates transcription of bacterial ribonucleotide reductase nrd genes and operons by binding to NrdR- boxes	nrdR	ko:K07738	-
WP_000651063	V	Multidrug export protein MepA	mepA	ko:K18908	-
WP_000651160	E	amino acid carrier protein	alsT	ko:K03310,ko:K11626	ko02020,map02020
WP_000651839	GM	NmrA-like family	-	-	-
WP_000652054	P	aluminum resistance protein	ynbB	-	-
WP_000653261	K	transcriptional regulator IcaR	icaR	ko:K21453	-
WP_000654030	K	COG2390 Transcriptional regulator, contains sigma factor-related N-terminal domain	cggR	ko:K05311	-
WP_000654073	F	Catalyzes the decarboxylation of orotidine 5'- monophosphate (OMP) to uridine 5'-monophosphate (UMP)	pyrF	ko:K01591	ko00240,ko01100,map00240,map01100
WP_000654186	S	Belongs to the UPF0340 family	ywlG	-	-
WP_000655245	S	-	-	-	-
WP_000655666	S	Thiamine-binding protein	M1-594	-	-
WP_000655698	E	COG0626 Cystathionine beta-lyases cystathionine gamma-synthases	metB	ko:K01739	ko00270,ko00450,ko00920,ko01100,ko01110,ko01130,ko01230,map00270,map00450,map00920,map01100,map01110,map01130,map01230
WP_000655866	G	Catalyzes the reversible conversion of ribose-5- phosphate to ribulose 5-phosphate	rpiA	ko:K01807	ko00030,ko00710,ko01100,ko01110,ko01120,ko01130,ko01200,ko01230,map00030,map00710,map01100,map01110,map01120,map01130,map01200,map01230
WP_000655972	C	reductase	-	ko:K21567	-
WP_000656762	K	Transcriptional regulator	XK27_06935	-	-
WP_000659315	F	Pyrophosphatase that catalyzes the hydrolysis of nucleoside triphosphates to their monophosphate derivatives, with a high preference for the non-canonical purine nucleotides XTP (xanthosine triphosphate), dITP (deoxyinosine triphosphate) and ITP. Seems to function as a house-cleaning enzyme that removes non-canonical purine nucleotides from the nucleotide pool, thus preventing their incorporation into DNA RNA and avoiding chromosomal lesions	rdgB	ko:K02428	ko00230,map00230
WP_000659675	M	Chain length determinant protein	capA	-	-
WP_000659770	P	Formate nitrite	-	ko:K02598	-
WP_000660028	E	Belongs to the carbamate kinase family	arcC	ko:K00926	ko00220,ko00230,ko00910,ko01100,ko01120,ko01200,map00220,map00230,map00910,map01100,map01120,map01200
WP_000660047	E	Belongs to the argininosuccinate synthase family. Type 1 subfamily	argG	ko:K01940	ko00220,ko00250,ko01100,ko01110,ko01130,ko01230,ko05418,map00220,map00250,map01100,map01110,map01130,map01230,map05418
WP_000660709	G	Major facilitator	-	ko:K03535	-
WP_000661907	P	Na( ) H( ) antiporter subunit B	mnhB2	ko:K05566	-
WP_000662036	J	Catalyzes the synthesis of 5,6-dihydrouridine (D), a modified base found in the D-loop of most tRNAs, via the reduction of the C5-C6 double bond in target uridines	dus	-	-
WP_000662679	L	The UvrABC repair system catalyzes the recognition and processing of DNA lesions. UvrA is an ATPase and a DNA-binding protein. A damage recognition complex composed of 2 UvrA and 2 UvrB subunits scans DNA for abnormalities. When the presence of a lesion has been verified by UvrB, the UvrA molecules dissociate	uvrA	ko:K03701	ko03420,map03420
WP_000663028	E	Belongs to the class-II pyridoxal-phosphate-dependent aminotransferase family. Histidinol-phosphate aminotransferase subfamily	hisC	ko:K00817	ko00340,ko00350,ko00360,ko00400,ko00401,ko00960,ko01100,ko01110,ko01130,ko01230,map00340,map00350,map00360,map00400,map00401,map00960,map01100,map01110,map01130,map01230
WP_000664362	S	Protein of unknown function (DUF1722)	-	-	-
WP_000664727	K	Firmicute plasmid replication protein (RepL)	-	-	-
WP_000664732	S	RNA-binding protein containing a PIN domain	yacP	ko:K06962	-
WP_000664770	S	Peptidase, M16	ymfH	-	-
WP_000665203	S	hydrolase activity, acting on ester bonds	-	-	-
WP_000665233	K	Transcriptional regulator	-	-	-
WP_000665729	E	Belongs to the sodium solute symporter (SSF) (TC 2.A.21) family	-	ko:K03307	-
WP_000666749	E	Involved in the biosynthesis of the chorismate, which leads to the biosynthesis of aromatic amino acids. Catalyzes the reversible NADPH linked reduction of 3-dehydroshikimate (DHSA) to yield shikimate (SA)	aroE	ko:K00014	ko00400,ko01100,ko01110,ko01130,ko01230,map00400,map01100,map01110,map01130,map01230
WP_000666805	F	Part of the phosphoribosylformylglycinamidine synthase complex involved in the purines biosynthetic pathway. Catalyzes the ATP-dependent conversion of formylglycinamide ribonucleotide (FGAR) and glutamine to yield formylglycinamidine ribonucleotide (FGAM) and glutamate. The FGAM synthase complex is composed of three subunits. PurQ produces an ammonia molecule by converting glutamine to glutamate. PurL transfers the ammonia molecule to FGAR to form FGAM in an ATP-dependent manner. PurS interacts with PurQ and PurL and is thought to assist in the transfer of the ammonia molecule from PurQ to PurL	purQ	ko:K01952	ko00230,ko01100,ko01110,ko01130,map00230,map01100,map01110,map01130
WP_000667102	S	haloacid dehalogenase-like hydrolase	-	ko:K01091	ko00630,ko01100,ko01110,ko01130,map00630,map01100,map01110,map01130
WP_000667126	H	Delta-aminolevulinic acid dehydratase	hemB	ko:K01698	ko00860,ko01100,ko01110,ko01120,map00860,map01100,map01110,map01120
WP_000667293	F	Catalyzes a reversible aldol reaction between acetaldehyde and D-glyceraldehyde 3-phosphate to generate 2-deoxy- D-ribose 5-phosphate	deoC	ko:K01619	ko00030,map00030
WP_000667382	K	Transcriptional regulator	-	-	-
WP_000668182	M	O-Antigen ligase	-	-	-
WP_000668342	L	Putative cell-wall binding lipoprotein	-	-	-
WP_000668623	S	Protein conserved in bacteria	-	-	-
WP_000668821	H	Lipoate-protein ligase	lplJ	ko:K03800	ko00785,ko01100,map00785,map01100
WP_000668884	E	Belongs to the acetylglutamate kinase family. ArgB subfamily	argB	ko:K00930	ko00220,ko01100,ko01110,ko01130,ko01210,ko01230,map00220,map01100,map01110,map01130,map01210,map01230
WP_000669003	S	Staphylococcal superantigen-like OB-fold domain	-	-	-
WP_000669029	S	-	-	-	-
WP_000669382	J	Pseudouridine synthase	-	ko:K06180	-
WP_000669523	S	-	-	-	-
WP_000669659	E	ABC transporter substrate-binding protein	dppA	ko:K02035	ko02024,map02024
WP_000669724	S	MAP domain	-	ko:K14204	ko05150,map05150
WP_000669863	S	NETI protein	yebG	-	-
WP_000669934	J	Pseudouridine synthase	rluD	ko:K06177,ko:K06180	-
WP_000670297	T	Histidine kinase	desK	ko:K07778	ko02020,map02020
WP_000670755	Q	COG0179 2-keto-4-pentenoate hydratase 2-oxohepta-3-ene-1,7-dioic acid hydratase (catechol pathway)	yisK	-	-
WP_000670950	C	Allows bacterial pathogens to use the host heme as an iron source. Catalyzes the oxidative degradation of the heme macrocyclic porphyrin ring to the oxo-bilirubin chromophore staphylobilin (a mixture of the linear tetrapyrroles 5-oxo-delta- bilirubin and 15-oxo-beta-bilirubin) in the presence of a suitable electron donor such as ascorbate or NADPH--cytochrome P450 reductase, with subsequent release of free iron	isdG	ko:K07145	ko00860,ko01110,map00860,map01110
WP_000671043	K	Belongs to the sigma-70 factor family	sigS	ko:K00960	-
WP_000671101	S	-	-	-	-
WP_000671256	V	Autolysis and methicillin resistant-related protein	pbpX	-	-
WP_000672017	L	Belongs to the Nudix hydrolase family	ytkD	ko:K03574	-
WP_000672039	S	-	-	-	-
WP_000673098	V	Methicillin resistance	femB	ko:K11695,ko:K12554	ko00550,ko01100,map00550,map01100
WP_000673315	V	Methicillin resistance	femA	ko:K11694	ko00550,ko01100,map00550,map01100
WP_000673440	V	protein involved in methicillin resistance	-	-	-
WP_000675402	EGP	COG0477 Permeases of the major facilitator superfamily	-	-	-
WP_000675920	C	Malic enzyme, N-terminal domain	-	ko:K00027	ko00620,ko01200,ko02020,map00620,map01200,map02020
WP_000676573	M	Belongs to the peptidase S1B family	sspA	ko:K01318	ko02024,map02024
WP_000677261	S	Catalyzes the reductive cleavage of azo bond in aromatic azo compounds to the corresponding amines. Requires NADPH, but not NADH, as an electron donor for its activity (By similarity)	azo1	ko:K03206,ko:K19784,ko:K22393	ko00740,ko01100,map00740,map01100
WP_000677728	S	ABC-2 family transporter protein	-	-	-
WP_000678231	S	KR domain	XK27_05435	ko:K07124	-
WP_000680729	S	COG2244 Membrane protein involved in the export of O-antigen and teichoic acid	yabM	ko:K03328	-
WP_000680954	U	Part of the Sec protein translocase complex. Interacts with the SecYEG preprotein conducting channel. Has a central role in coupling the hydrolysis of ATP to the transfer of proteins into and across the cell membrane, serving as an ATP-driven molecular motor driving the stepwise translocation of polypeptide chains across the membrane	secA2	ko:K03070	ko02024,ko03060,ko03070,map02024,map03060,map03070
WP_000681155	S	maturation of SSU-rRNA	yddG	-	-
WP_000681755	EJ	L-asparaginase	ansB	ko:K01424	ko00250,ko00460,ko01100,ko01110,map00250,map00460,map01100,map01110
WP_000681967	S	-	-	-	-
WP_000682088	S	Protein of unknown function (DUF2929)	-	-	-
WP_000682605	E	Catalyzes two activities which are involved in the cyclic version of arginine biosynthesis the synthesis of N- acetylglutamate from glutamate and acetyl-CoA as the acetyl donor, and of ornithine by transacetylation between N(2)-acetylornithine and glutamate	argJ	ko:K00620	ko00220,ko01100,ko01110,ko01130,ko01210,ko01230,map00220,map01100,map01110,map01130,map01210,map01230
WP_000682646	H	COG1179 Dinucleotide-utilizing enzymes involved in molybdopterin and thiamine biosynthesis family 1	yrvM	ko:K22132	-
WP_000683715	P	Iron permease FTR1 family	ywbL	ko:K07243	-
WP_000683937	S	Belongs to the GTP cyclohydrolase I type 2 NIF3 family	yqfO	-	-
WP_000684063	H	Catalyzes the NADPH-dependent reduction of ketopantoate into pantoic acid	panE	ko:K00077	ko00770,ko01100,ko01110,map00770,map01100,map01110
WP_000684146	CH	FAD binding domain	-	-	-
WP_000684568	C	NAD NADP octopine nopaline dehydrogenase	-	ko:K04940	-
WP_000684746	G	Galactose-6-phosphate isomerase subunit LacB	lacB	ko:K01819	ko00052,ko01100,map00052,map01100
WP_000685065	J	S-adenosylmethionine-dependent methyltransferase	ywbD	ko:K06969	-
WP_000686192	Q	Catalyzes three successive dehydrogenation reactions that lead to the introduction of three double bonds into dehydrosqualene (4,4'-diapophytoene), with 4,4'-diapophytofluene and 4,4'-diapo-zeta-carotene as intermediates, and 4,4'- diaponeurosporene (the major deep-yellow pigment in staphylococci strains) as the end product. Those are initial steps in the biosynthesis of staphyloxanthin, an orange carotenoid present in most staphylococci strains (By similarity)	crtN	ko:K10027,ko:K10209	ko00906,ko01100,ko01110,map00906,map01100,map01110
WP_000686344	S	Uncharacterised protein, DegV family COG1307	degV	-	-
WP_000686458	S	RES domain	-	-	-
WP_000687328	J	Belongs to the RNA methyltransferase TrmD family	trmD	ko:K00554	-
WP_000687412	K	Transcriptional regulator	ccpC	-	-
WP_000688123	S	purine nucleotide metabolic process	-	-	-
WP_000688492	K	Regulator	agrA	ko:K07707	ko02020,ko02024,map02020,map02024
WP_000689582	S	Metallo-beta-lactamase superfamily protein	ytnP	-	-
WP_000689998	E	Belongs to the AlaDH PNT family	ald	ko:K00259	ko00250,ko00430,ko01100,map00250,map00430,map01100
WP_000690025	M	Glycosyl transferase 4-like	bshA	ko:K00754	-
WP_000690195	S	Calcineurin-like phosphoesterase superfamily domain	-	-	-
WP_000690405	G	AP endonuclease family 2 C terminus	-	-	-
WP_000690441	F	Catalyzes the hydrolysis of glutamine to glutamate and ammonia as part of the biosynthesis of pyridoxal 5'-phosphate. The resulting ammonia molecule is channeled to the active site of PdxS	pdxT	ko:K08681	ko00750,map00750
WP_000691284	L	SbcCD cleaves DNA hairpin structures. These structures can inhibit DNA replication and are intermediates in certain DNA recombination reactions. The complex acts as a 3'- 5' double strand exonuclease that can open hairpins. It also has a 5' single-strand endonuclease activity	sbcD	ko:K03547	-
WP_000691586	K	Transcriptional regulator	ytrA	ko:K07979	-
WP_000691765	J	translation initiation inhibitor, yjgF family	yabJ	ko:K09022	-
WP_000691839	K	Transcriptional regulator	-	-	-
WP_000692506	M	Glycosyl transferase 4-like domain	-	-	-
WP_000692521	F	Probably involved in ribonucleotide reductase function	nrdI	ko:K03647	-
WP_000692652	C	Nitrate reductase beta subunit	narH	ko:K00371	ko00910,ko01120,ko02020,map00910,map01120,map02020
WP_000692886	E	Belongs to the UPF0758 family	radC	ko:K03630	-
WP_000693615	S	-	-	-	-
WP_000694543	S	Staphylococcal complement inhibitor SCIN	-	-	-
WP_000696058	V	ABC-2 family transporter protein	-	ko:K01992	-
WP_000697134	S	UPF0291 protein	-	-	-
WP_000697215	NU	competence protein comGA	comGA	ko:K02243,ko:K02652	-
WP_000697883	K	COG0745 Response regulators consisting of a CheY-like receiver domain and a winged-helix DNA-binding domain	graR	ko:K19078,ko:K19082	ko01503,ko02020,map01503,map02020
WP_000698233	E	Catalyzes the conversion of 4-hydroxy- tetrahydrodipicolinate (HTPA) to tetrahydrodipicolinate	dapB	ko:K00215	ko00261,ko00300,ko01100,ko01110,ko01120,ko01130,ko01230,map00261,map00300,map01100,map01110,map01120,map01130,map01230
WP_000698765	S	Protein of unknown function (DUF3169)	-	-	-
WP_000699538	G	PTS system, Lactose/Cellobiose specific IIB subunit	-	ko:K02822	ko00053,ko01100,ko01120,ko02060,map00053,map01100,map01120,map02060
WP_000700080	J	Required for correct processing of both the 5' and 3' ends of 5S rRNA precursor. Cleaves both sides of a double-stranded region yielding mature 5S rRNA in one step	rnmV	ko:K05985	-
WP_000700571	S	-	-	-	-
WP_000700851	L	Staphylococcal protein of unknown function (DUF960)	-	-	-
WP_000700883	S	Phosphatidylethanolamine-binding protein	-	ko:K06910	-
WP_000700931	I	Belongs to the type-B carboxylesterase lipase family	pnbA	ko:K03929	-
WP_000701486	K	Participates in both the initiation and recycling phases of transcription. In the presence of the delta subunit, RNAP displays an increased specificity of transcription, a decreased affinity for nucleic acids, and an increased efficiency of RNA synthesis because of enhanced recycling	rpoE	ko:K03048	ko00230,ko00240,ko01100,ko03020,map00230,map00240,map01100,map03020
WP_000702263	S	Staphylococcal complement inhibitor SCIN	-	-	-
WP_000702717	S	Staphylococcal superantigen-like OB-fold domain	-	-	-
WP_000702720	S	Staphylococcal superantigen-like OB-fold domain	-	-	-
WP_000704122	K	Transcriptional regulator	cymR	ko:K17472	-
WP_000704775	J	Specifically methylates the pseudouridine at position 1915 (m3Psi1915) in 23S rRNA	rlmH	ko:K00783	-
WP_000705236	S	-	-	-	-
WP_000705240	S	-	-	-	-
WP_000706109	G	Phosphoenolpyruvate-dependent sugar phosphotransferase system, EIIA 2	manP	ko:K02768,ko:K02769,ko:K02770	ko00051,ko01100,ko01120,ko02060,map00051,map01100,map01120,map02060
WP_000706137	C	Belongs to the D-isomer specific 2-hydroxyacid dehydrogenase family	-	ko:K00122	ko00630,ko00680,ko01100,ko01120,ko01200,map00630,map00680,map01100,map01120,map01200
WP_000706211	L	Phage integrase family	tnpA	-	-
WP_000706314	K	Member of the two-component regulatory system NreB NreC involved in the control of dissimilatory nitrate nitrite reduction in response to oxygen. Phosphorylated NreC binds to a GC-rich palindromic sequence at the promoters of the nitrate (narGHJI) and nitrite (nir) reductase operons, as well as the	nreC	ko:K07696	ko02020,map02020
WP_000706527	S	Cobalamin synthesis protein	-	-	-
WP_000708692	E	allophanate hydrolase subunit 1	-	ko:K06351	-
WP_000709275	F	Bifunctional purine biosynthesis protein PurH	purH	ko:K00602	ko00230,ko00670,ko01100,ko01110,ko01130,ko01523,map00230,map00670,map01100,map01110,map01130,map01523
WP_000710558	U	phosphatidylinositol-specific phospholipase C	-	ko:K01771	ko00562,map00562
WP_000711870	M	Belongs to the BCCT transporter (TC 2.A.15) family	cudT	ko:K03451	-
WP_000711894	U	Belongs to the peptidase S26 family	spsB	ko:K03100	ko02024,ko03060,map02024,map03060
WP_000713068	S	Putative adhesin	-	-	-
WP_000713843	S	Staphylococcal/Streptococcal toxin, OB-fold domain	-	-	-
WP_000716819	M	Cell wall formation. Catalyzes the transfer of a GlcNAc subunit on undecaprenyl-pyrophosphoryl-MurNAc-pentapeptide (lipid intermediate I) to form undecaprenyl-pyrophosphoryl-MurNAc- (pentapeptide)GlcNAc (lipid intermediate II)	murG	ko:K02563	ko00550,ko01100,ko01502,ko04112,map00550,map01100,map01502,map04112
WP_000717561	F	Catalyzes the phosphorylation of D-fructose 6-phosphate to fructose 1,6-bisphosphate by ATP, the first committing step of glycolysis	pfkA	ko:K00850	ko00010,ko00030,ko00051,ko00052,ko00680,ko01100,ko01110,ko01120,ko01130,ko01200,ko01230,ko03018,ko04152,ko05230,map00010,map00030,map00051,map00052,map00680,map01100,map01110,map01120,map01130,map01200,map01230,map03018,map04152,map05230
WP_000717800	M	Probably involved in cell-wall metabolism	lytH	ko:K01448	ko01503,map01503
WP_000718108	S	Could be involved in insertion of integral membrane proteins into the membrane	ytjA	ko:K08998	-
WP_000718949	E	Catalyzes the isomerization between 2-isopropylmalate and 3-isopropylmalate, via the formation of 2-isopropylmaleate	leuD	ko:K01704	ko00290,ko00660,ko01100,ko01110,ko01210,ko01230,map00290,map00660,map01100,map01110,map01210,map01230
WP_000719329	S	Alpha/beta hydrolase of unknown function (DUF915)	-	-	-
WP_000720814	E	Bacterial extracellular solute-binding proteins, family 5 Middle	-	ko:K02035	ko02024,map02024
WP_000721337	M	Catalyzes the formation of UDP-glucose from glucose-1- phosphate and UTP. This is an intermediate step in the biosynthesis of diglucosyl-diacylglycerol (Glc2-DAG), i.e. a glycolipid found in the membrane, which is also used as a membrane anchor for lipoteichoic acid (LTA) (By similarity)	galU	ko:K00963	ko00040,ko00052,ko00500,ko00520,ko01100,ko01130,map00040,map00052,map00500,map00520,map01100,map01130
WP_000721549	M	Amino acid ABC transporter amino acid-binding protein	opuCC	ko:K05845	ko02010,map02010
WP_000721707	S	HAD-hyrolase-like	-	-	-
WP_000722165	H	Catalyzes two steps in the biosynthesis of coenzyme A. In the first step cysteine is conjugated to 4'-phosphopantothenate to form 4-phosphopantothenoylcysteine, in the latter compound is decarboxylated to form 4'-phosphopantotheine	coaBC	ko:K01598,ko:K13038	ko00770,ko01100,map00770,map01100
WP_000723301	M	epimerase dehydratase family	-	-	-
WP_000723421	M	Belongs to the UDP-N-acetylglucosamine 2-epimerase family	mnaA	ko:K01791	ko00520,ko01100,ko05111,map00520,map01100,map05111
WP_000723440	M	Belongs to the UDP-N-acetylglucosamine 2-epimerase family	mnaA	ko:K01791	ko00520,ko01100,ko05111,map00520,map01100,map05111
WP_000723840	G	transferase activity, transferring acyl groups other than amino-acyl groups	icaC	ko:K21462	-
WP_000724887	S	-	-	-	-
WP_000725167	H	Catalyzes the reversible adenylation of nicotinate mononucleotide (NaMN) to nicotinic acid adenine dinucleotide (NaAD)	nadD	ko:K00969	ko00760,ko01100,map00760,map01100
WP_000725226	S	secretory antigen	ssaA	-	-
WP_000725582	S	PFAM nucleic acid binding, OB-fold, tRNA	M1-554	-	-
WP_000725802	U	Required for the insertion and or proper folding and or complex formation of integral membrane proteins into the membrane. Involved in integration of membrane proteins that insert both dependently and independently of the Sec translocase complex, as well as at least some lipoproteins	yidC	ko:K03217	ko02024,ko03060,ko03070,map02024,map03060,map03070
WP_000727423	K	nucleic-acid-binding protein implicated in transcription termination	ylxR	ko:K07742	-
WP_000727541	S	Protein of unknown function (DUF3139)	-	-	-
WP_000727760	P	Belongs to the bacterial solute-binding protein 9 family	adcA	ko:K09815,ko:K09818	ko02010,map02010
WP_000728169	E	Component of the transport system for branched-chain amino acids	brnQ	ko:K03311	-
WP_000728950	V	this gene contains a nucleotide ambiguity which may be the result of a sequencing error	esaA	-	-
WP_000729743	C	Catalyzes the isomerization of citrate to isocitrate via cis-aconitate	citB	ko:K01681	ko00020,ko00630,ko00720,ko01100,ko01110,ko01120,ko01130,ko01200,ko01210,ko01230,map00020,map00630,map00720,map01100,map01110,map01120,map01130,map01200,map01210,map01230
WP_000730039	IQ	COG1028 Dehydrogenases with different specificities (related to short-chain alcohol dehydrogenases)	yhxD	-	-
WP_000731644	M	Lysin motif	-	-	-
WP_000731878	E	Glycine cleavage H-protein	-	ko:K02437	ko00260,ko00630,ko01100,ko01110,ko01130,ko01200,map00260,map00630,map01100,map01110,map01130,map01200
WP_000731972	S	Protein of unknown function (DUF2648)	-	-	-
WP_000732088	S	Protein of unknown function (DUF1307)	-	-	-
WP_000732328	M	Belongs to the nlpA lipoprotein family	metQ	ko:K02072,ko:K02073	ko02010,map02010
WP_000733403	S	protein with SCP PR1 domains	ylbC	-	-
WP_000733435	S	-	-	-	-
WP_000733621	V	beta-lactamase	penP	ko:K17836,ko:K18766	ko00311,ko01130,ko01501,map00311,map01130,map01501
WP_000734088	J	Catalyzes the attachment of alanine to tRNA(Ala) in a two-step reaction alanine is first activated by ATP to form Ala- AMP and then transferred to the acceptor end of tRNA(Ala). Also edits incorrectly charged Ser-tRNA(Ala) and Gly-tRNA(Ala) via its editing domain	alaS	ko:K01872	ko00970,map00970
WP_000735038	P	Ferrichrome ABC transporter substrate-binding protein	fhuD	ko:K02016	ko02010,map02010
WP_000735558	S	-	-	-	-
WP_000735864	E	Homoserine dehydrogenase	hom	ko:K00003	ko00260,ko00270,ko00300,ko01100,ko01110,ko01120,ko01130,ko01230,map00260,map00270,map00300,map01100,map01110,map01120,map01130,map01230
WP_000736081	M	Bacterial sugar transferase	-	-	-
WP_000736712	S	Staphylococcal/Streptococcal toxin, OB-fold domain	-	ko:K11040	ko05150,map05150
WP_000736787	M	Peptidoglycan hydrolase	lytM	ko:K08259	-
WP_000737172	V	ABC transporter, ATP-binding protein	cydD	ko:K06148,ko:K16013	ko02010,map02010
WP_000737196	P	Imelysin	ycdO	ko:K07224	-
WP_000737653	P	Belongs to the bacterial solute-binding protein 9 family	psaA	ko:K11704,ko:K19971,ko:K19975,ko:K19976	ko02010,map02010
WP_000737686	S	-	-	-	-
WP_000737699	S	COG3942 Surface antigen	p40	ko:K21471	-
WP_000737984	S	Signal transduction protein	traP	ko:K21481	-
WP_000738244	V	COG1566 Multidrug resistance efflux pump	emrA	-	-
WP_000739208	S	Extracellular fibrinogen binding protein C terminal	-	ko:K14200	ko05150,map05150
WP_000739225	G	Mannosyl-glycoprotein endo-beta-N-acetylglucosaminidase	-	ko:K01227	ko00511,map00511
WP_000739529	S	Staphylococcal/Streptococcal toxin, beta-grasp domain	-	-	-
WP_000739555	S	Staphylococcal/Streptococcal toxin, beta-grasp domain	-	-	-
WP_000739584	S	Staphylococcal/Streptococcal toxin, beta-grasp domain	-	-	-
WP_000742837	K	Belongs to the ParB family	noc	ko:K03497	-
WP_000744058	S	Staphylococcus aureus coagulase	-	-	-
WP_000745103	U	Component of the transport system for branched-chain amino acids	brnQ	ko:K03311	-
WP_000745828	M	C-terminus of bacterial fibrinogen-binding adhesin	-	ko:K14192,ko:K14194	ko05150,map05150
WP_000746375	L	transposase and inactivated derivatives, IS30 family	-	-	-
WP_000746679	S	-	-	-	-
WP_000748760	K	Regulates arginine biosynthesis genes	-	-	-
WP_000749061	P	ABC transporter	yvrC	ko:K02016	ko02010,map02010
WP_000749381	M	CHAP domain	-	ko:K22409	-
WP_000749795	U	Part of the Sec protein translocase complex. Interacts with the SecYEG preprotein conducting channel. SecDF uses the proton motive force (PMF) to complete protein translocation after the ATP-dependent function of SecA	secD	ko:K03072,ko:K12257	ko02024,ko03060,ko03070,map02024,map03060,map03070
WP_000750483	G	Catalyzes the interconversion of beta-pyran and beta- furan forms of D-ribose	rbsD	ko:K06726	ko02010,map02010
WP_000751200	S	CHAP domain	-	-	-
WP_000751274	M	Is able to cleave peptidoglycan	isaA	-	-
WP_000751697	S	-	-	-	-
WP_000752002	M	Is able to cleave peptidoglycan and affects clumping and separation of bacterial cells	sceD	-	-
WP_000752909	S	Belongs to the UPF0337 (CsbD) family	-	-	-
WP_000752917	S	Belongs to the UPF0337 (CsbD) family	-	-	-
WP_000754457	P	COG4607 ABC-type enterochelin transport system, periplasmic component	yclQ	ko:K02016	ko02010,map02010
WP_000755150	S	Phage head-tail joining protein	-	-	-
WP_000755950	L	NUDIX domain	mutT	ko:K03574	-
WP_000756620	I	Biotin carboxylase	accC	ko:K01961	ko00061,ko00620,ko00640,ko00720,ko01100,ko01110,ko01120,ko01130,ko01200,ko01212,map00061,map00620,map00640,map00720,map01100,map01110,map01120,map01130,map01200,map01212
WP_000757405	NU	Domain of unknown function (DUF5067)	-	-	-
WP_000757543	K	Global regulator with both positive and negative effects that mediates modulation of several genes involved in virulence	rot	ko:K20338	ko02024,map02024
WP_000757582	C	glycerophosphoryl diester phosphodiesterase	-	ko:K01126	ko00564,map00564
WP_000757882	K	Periplasmic binding proteins and sugar binding domain of LacI family	rbsR	ko:K02529,ko:K03604	-
WP_000758216	U	Belongs to the peptidase S26 family	sipV	ko:K03100	ko02024,ko03060,map02024,map03060
WP_000759232	P	Part of the ABC transporter complex PstSACB involved in phosphate import	pstS	ko:K02040	ko02010,ko02020,ko05152,map02010,map02020,map05152
WP_000759360	M	COG3764 Sortase (surface protein transpeptidase)	srtA	ko:K07284	-
WP_000759947	S	Pfam PF07252	-	-	-
WP_000761396	V	Part of the ABC transporter complex hrt involved in hemin import. Responsible for the translocation of the substrate across the membrane (By similarity)	hrtB	ko:K02004,ko:K09813	ko02010,map02010
WP_000762534	S	Protein of unknown function (DUF2800)	-	-	-
WP_000762708	S	-	-	-	-
WP_000763048	V	ABC transporter, ATP-binding protein	-	ko:K01990	-
WP_000763774	S	Heat induced stress protein YflT	-	-	-
WP_000764423	M	Putative rRNA methylase	ytqB	-	-
WP_000765183	S	membrane	ywdK	-	-
WP_000766009	S	DoxX	-	ko:K15977	-
WP_000766074	J	binds to the 23S rRNA	rplO	ko:K02876	ko03010,map03010
WP_000767028	F	Belongs to the metallo-dependent hydrolases superfamily. DHOase family. Class I DHOase subfamily	pyrC	ko:K01465	ko00240,ko01100,map00240,map01100
WP_000768188	E	Belongs to the TrpF family	trpF	ko:K01817	ko00400,ko01100,ko01110,ko01130,ko01230,map00400,map01100,map01110,map01130,map01230
WP_000769157	S	Staphylococcal superantigen-like OB-fold domain	-	-	-
WP_000769423	M	COG3966 Protein involved in D-alanine esterification of lipoteichoic acid and wall teichoic acid (D-alanine transfer protein)	dltD	ko:K03740	ko01503,ko02020,ko05150,map01503,map02020,map05150
WP_000769692	S	MAP domain	-	ko:K14204	ko05150,map05150
WP_000769708	S	MAP domain	-	ko:K14204	ko05150,map05150
WP_000769722	S	Peptidase propeptide and YPEB domain	-	-	-
WP_000769824	S	Staphylococcal superantigen-like OB-fold domain	-	-	-
WP_000773059	S	Hypothetical protein (DUF2513)	-	-	-
WP_000773921	V	ABC transporter	-	ko:K16917	ko02010,map02010
WP_000773992	S	-	-	-	-
WP_000774284	C	phosphate acetyltransferase activity	pta	ko:K00625,ko:K02028	ko00430,ko00620,ko00640,ko00680,ko00720,ko01100,ko01120,ko01200,map00430,map00620,map00640,map00680,map00720,map01100,map01120,map01200
WP_000774565	L	DNA ligase that catalyzes the formation of phosphodiester linkages between 5'-phosphoryl and 3'-hydroxyl groups in double-stranded DNA using NAD as a coenzyme and as the energy source for the reaction. It is essential for DNA replication and repair of damaged DNA	ligA	ko:K01972	ko03030,ko03410,ko03420,ko03430,map03030,map03410,map03420,map03430
WP_000774675	H	Methyltransferase required for the conversion of demethylmenaquinol (DMKH2) to menaquinol (MKH2)	menG	ko:K03183	ko00130,ko01100,ko01110,map00130,map01100,map01110
WP_000775113	L	it is required for DNA replication and normal SOS inducibility. RecF binds preferentially to single-stranded, linear DNA. It also seems to bind ATP	recF	ko:K03629	ko03440,map03440
WP_000775173	C	Component of the sulfite reductase complex that catalyzes the 6-electron reduction of sulfite to sulfide. This is one of several activities required for the biosynthesis of L- cysteine from sulfate. The flavoprotein component catalyzes the electron flow from NADPH - FAD - FMN to the hemoprotein component	cysJ	ko:K00380	ko00920,ko01100,ko01120,map00920,map01100,map01120
WP_000776012	S	Domain of unknown function (DUF296)	-	ko:K06934	-
WP_000776316	E	Catalyzes the conversion of 3-deoxy-D-arabino- heptulosonate 7-phosphate (DAHP) to dehydroquinate (DHQ)	aroB	ko:K01735	ko00400,ko01100,ko01110,ko01130,ko01230,map00400,map01100,map01110,map01130,map01230
WP_000776403	NU	Late competence protein ComGB, access of DNA to ComEA	comGB	ko:K02244	-
WP_000776746	V	ABC transporter (permease)	XK27_05700	ko:K02004,ko:K19084	ko02010,ko02020,map02010,map02020
WP_000777019	V	Type I restriction modification DNA specificity domain	-	-	-
WP_000777188	S	Belongs to the UPF0173 family	ytkL	-	-
WP_000777469	L	COG4584 Transposase and inactivated derivatives	-	-	-
WP_000777472	L	COG4584 Transposase and inactivated derivatives	-	-	-
WP_000777571	E	Aminotransferase	patA	ko:K00841	ko00300,ko01100,ko01110,ko01230,map00300,map01100,map01110,map01230
WP_000778498	S	Staphylococcal superantigen-like OB-fold domain	-	-	-
WP_000778501	S	Staphylococcal superantigen-like OB-fold domain	-	-	-
WP_000778514	M	Converts 2-succinyl-6-hydroxy-2,4-cyclohexadiene-1- carboxylate (SHCHC) to 2-succinylbenzoate (OSB)	menC	ko:K02549	ko00130,ko01100,ko01110,map00130,map01100,map01110
WP_000778932	S	Phage terminase, small subunit	-	-	-
WP_000779136	S	Protein of unknown function (DUF3147)	-	-	-
WP_000779356	S	GtrA-like protein	-	-	-
WP_000779499	M	Belongs to the UDP-glucose GDP-mannose dehydrogenase family	capO	ko:K02472	ko00520,ko05111,map00520,map05111
WP_000779748	E	Catalyzes the reduction of 1-pyrroline-5-carboxylate (PCA) to L-proline	proC	ko:K00286	ko00330,ko01100,ko01110,ko01130,ko01230,map00330,map01100,map01110,map01130,map01230
WP_000781162	T	Kinase associated protein B	kapB	ko:K06347	ko02020,map02020
WP_000781942	C	Belongs to the zinc-containing alcohol dehydrogenase family. Quinone oxidoreductase subfamily	qor	ko:K00001,ko:K00344	ko00010,ko00071,ko00350,ko00625,ko00626,ko00830,ko00980,ko00982,ko01100,ko01110,ko01120,ko01130,ko01220,map00010,map00071,map00350,map00625,map00626,map00830,map00980,map00982,map01100,map01110,map01120,map01130,map01220
WP_000781979	S	Cyclic-di-AMP receptor	yaaQ	-	-
WP_000782119	M	peptidyl-prolyl isomerase	prsA	ko:K07533	-
WP_000782742	P	ABC-type molybdate transport system periplasmic component	modA	ko:K02020	ko02010,map02010
WP_000782836	S	Staphylococcal superantigen-like OB-fold domain	-	-	-
WP_000785092	GM	Phage infection protein	pip	ko:K01421	-
WP_000785252	S	-	-	-	-
WP_000787672	P	ABC transporter	phnD	ko:K02044	ko02010,map02010
WP_000787945	D	Belongs to the SEDS family	ftsW	ko:K03588	ko04112,map04112
WP_000788443	S	-	-	-	-
WP_000789821	M	Iron Transport-associated domain	isdC	-	-
WP_000791210	S	Domain of unknown function (DUF4889)	-	-	-
WP_000791416	S	cell killing	-	-	-
WP_000791618	P	Transmembrane (T) component of an energy-coupling factor (ECF) ABC-transporter complex. Unlike classic ABC transporters this ECF transporter provides the energy necessary to transport a number of different substrates	ecfT	ko:K16785	ko02010,map02010
WP_000791703	S	Staphylococcus aureus coagulase	-	-	-
WP_000792347	U	Belongs to the BCCT transporter (TC 2.A.15) family	opuD	ko:K05020	-
WP_000792417	D	Cell-division initiation protein	divIC	ko:K13052	-
WP_000792575	M	Pfam:B	-	ko:K14197	ko05150,map05150
WP_000793023	F	xanthine	pbuX	ko:K03458,ko:K16169	-
WP_000793061	M	Belongs to the peptidase S11 family	pbp4	ko:K07258	ko00550,ko01100,map00550,map01100
WP_000793163	S	Protein of unknown function (DUF3021)	-	-	-
WP_000793607	E	Reversibly catalyzes the transfer of the carbamoyl group from carbamoyl phosphate (CP) to the N(epsilon) atom of ornithine (ORN) to produce L-citrulline	argF	ko:K00611	ko00220,ko01100,ko01110,ko01130,ko01230,map00220,map01100,map01110,map01130,map01230
WP_000794020	C	NADH dehydrogenase	yutJ	ko:K03885	ko00190,map00190
WP_000794422	S	Cobalamin synthesis protein cobW C-terminal domain	-	-	-
WP_000794457	S	CAAX protease self-immunity	lyrA	-	-
WP_000794647	M	C-terminus of bacterial fibrinogen-binding adhesin	-	ko:K13733,ko:K14195	ko05100,ko05150,map05100,map05150
WP_000795819	E	Cleaves the N-terminal amino acid of tripeptides	pepT	ko:K01258	-
WP_000798969	S	Belongs to the UPF0741 family	ywzC	-	-
WP_000799007	S	PepSY-associated TM region	-	-	-
WP_000799250	K	Transcriptional regulator	gabR	ko:K00375	-
WP_000800700	S	permease	pbuG	ko:K06901	-
WP_000801007	S	Belongs to the UPF0346 family	-	-	-
WP_000802952	GM	ADP-glyceromanno-heptose 6-epimerase activity	-	-	-
WP_000803159	L	SbcCD cleaves DNA hairpin structures. These structures can inhibit DNA replication and are intermediates in certain DNA recombination reactions. The complex acts as a 3'- 5' double strand exonuclease that can open hairpins. It also has a 5' single-strand endonuclease activity (By similarity)	sbcC	ko:K03546	-
WP_000804330	C	ferredoxin oxidoreductase	korA	ko:K00174	ko00010,ko00020,ko00620,ko00650,ko00720,ko01100,ko01120,ko01130,ko01200,map00010,map00020,map00620,map00650,map00720,map01100,map01120,map01130,map01200
WP_000805734	S	Bacterial protein of unknown function (DUF961)	-	-	-
WP_000805956	H	Uroporphyrinogen-III synthase	hemD	ko:K01719	ko00860,ko01100,ko01110,ko01120,map00860,map01100,map01110,map01120
WP_000806114	V	ABC-type multidrug transport system, permease component	yhiH1	ko:K01992	-
WP_000807391	M	SIS domain	hxlB	ko:K08094	ko00030,ko00680,ko01100,ko01120,ko01200,ko01230,map00030,map00680,map01100,map01120,map01200,map01230
WP_000807536	S	Phage tail tube protein	-	-	-
WP_000808499	H	factor large subunit	moaE	ko:K03635	ko00790,ko01100,ko04122,map00790,map01100,map04122
WP_000808621	L	Primosomal protein DnaI	dnaI	ko:K11144	-
WP_000808817	S	-	-	-	-
WP_000808826	E	Belongs to the D-isomer specific 2-hydroxyacid dehydrogenase family	serA	ko:K00058	ko00260,ko00680,ko01100,ko01120,ko01130,ko01200,ko01230,map00260,map00680,map01100,map01120,map01130,map01200,map01230
WP_000808893	C	Aldo/keto reductase family	iolS	ko:K06607	-
WP_000808968	J	Ribosomal protein L31	rpmE2	ko:K02909	ko03010,map03010
WP_000809131	K	Cold shock protein CspA	cspA	ko:K03704	-
WP_000809530	C	Catalyzes a 2-step reaction, involving the ATP-dependent carboxylation of the covalently attached biotin in the first step and the transfer of the carboxyl group to pyruvate in the second	pyc	ko:K01958	ko00020,ko00620,ko00720,ko01100,ko01120,ko01200,ko01230,map00020,map00620,map00720,map01100,map01120,map01200,map01230
WP_000810440	S	-	-	-	-
WP_000810619	S	Family of unknown function (DUF5325)	-	-	-
WP_000811163	CO	Thioredoxin	ytpP	-	-
WP_000811375	J	An RNase that has 5'-3' exonuclease and possibly endonuclease activity. Involved in maturation of rRNA and in some organisms also mRNA maturation and or decay	rnjA	ko:K12574	ko03018,map03018
WP_000812008	Q	Leucine carboxyl methyltransferase	-	-	-
WP_000812832	E	Orn Lys Arg decarboxylase	yaaO	-	-
WP_000813548	GH	Belongs to the TPP enzyme family	ipdC	-	-
WP_000814096	J	Catalyzes the attachment of proline to tRNA(Pro) in a two-step reaction proline is first activated by ATP to form Pro- AMP and then transferred to the acceptor end of tRNA(Pro). As ProRS can inadvertently accommodate and process non-cognate amino acids such as alanine and cysteine, to avoid such errors it has two additional distinct editing activities against alanine. One activity is designated as 'pretransfer' editing and involves the tRNA(Pro)-independent hydrolysis of activated Ala-AMP. The other activity is designated 'posttransfer' editing and involves deacylation of mischarged Ala-tRNA(Pro). The misacylated Cys- tRNA(Pro) is not edited by ProRS	proS	ko:K01881	ko00970,map00970
WP_000814565	S	-	-	-	-
WP_000815638	L	Recombinase zinc beta ribbon domain	-	-	-
WP_000815793	G	PTS system, Lactose/Cellobiose specific IIB subunit	-	ko:K02774	ko00052,ko01100,ko02060,map00052,map01100,map02060
WP_000816183	G	Catalyzes the dephosphorylation of 2-6 carbon acid sugars in vitro	nagD	ko:K01101	ko00627,ko01120,map00627,map01120
WP_000816301	S	epimerase dehydratase family	yfhF	ko:K07071	-
WP_000817950	V	ABC transporter	abcA	ko:K02021,ko:K18104	ko01501,ko02010,map01501,map02010
WP_000818277	C	succinate dehydrogenase	sdhA	ko:K00239	ko00020,ko00190,ko00650,ko00720,ko01100,ko01110,ko01120,ko01130,ko01200,ko05134,map00020,map00190,map00650,map00720,map01100,map01110,map01120,map01130,map01200,map05134
WP_000818535	E	permease	cycA	ko:K03293,ko:K11737	-
WP_000818914	P	ABC transporter	msmK	ko:K10112	ko02010,map02010
WP_000819064	L	A type II topoisomerase that negatively supercoils closed circular double-stranded (ds) DNA in an ATP-dependent manner to modulate DNA topology and maintain chromosomes in an underwound state. Negative supercoiling favors strand separation, and DNA replication, transcription, recombination and repair, all of which involve strand separation. Also able to catalyze the interconversion of other topological isomers of dsDNA rings, including catenanes and knotted rings. Type II topoisomerases break and join 2 DNA strands simultaneously in an ATP-dependent manner	gyrA	ko:K02469	-
WP_000819532	M	Diacylglycerol kinase	dgkA	ko:K00887,ko:K00901	ko00550,ko00561,ko00564,ko01100,ko01110,ko04070,ko04072,ko05231,map00550,map00561,map00564,map01100,map01110,map04070,map04072,map05231
WP_000819697	E	Spermidine putrescine-binding periplasmic protein	potD	ko:K11069	ko02010,map02010
WP_000819843	S	Domain of unknown function with cystatin-like fold (DUF4467)	-	-	-
WP_000820892	S	Belongs to the LOG family	yvdD	ko:K06966	ko00230,ko00240,map00230,map00240
WP_000821657	S	Staphylococcal/Streptococcal toxin, OB-fold domain	-	-	-
WP_000822171	S	Domain of unknown function with cystatin-like fold (DUF4467)	-	-	-
WP_000823228	F	inosine-uridine preferring nucleoside hydrolase	-	ko:K01239	ko00230,ko00760,ko01100,map00230,map00760,map01100
WP_000824488	S	Staphylococcus aureus coagulase	-	-	-
WP_000824945	IQ	Short chain dehydrogenase	yxbG	-	-
WP_000825098	M	Bacterial sugar transferase	capM	ko:K13012	-
WP_000825510	P	Periplasmic binding protein	-	ko:K02016	ko02010,map02010
WP_000825530	P	Belongs to the nlpA lipoprotein family	metQ_3	ko:K02073	ko02010,map02010
WP_000825547	S	Domain of unknown function with cystatin-like fold (DUF4467)	-	-	-
WP_000825819	S	Protein conserved in bacteria	-	-	-
WP_000825938	ET	Bacterial periplasmic substrate-binding proteins	-	ko:K02030,ko:K02424	ko02010,map02010
WP_000826671	P	NMT1-like family	-	ko:K02051	-
WP_000826857	EGP	Major Facilitator Superfamily	lmrP	ko:K08152	-
WP_000827012	S	-	-	-	-
WP_000827758	M	Cysteine protease able to cleave elastin, insulin, myoglobin, fibronectin, fibrinogen, HMW-kininogen, alpha-1- protease inhibitor and alpha-1-antitrypsin. Along with other extracellular proteases may contribute to the colonization and infection of human tissues (By similarity)	-	ko:K08258	-
WP_000828354	S	-	-	-	-
WP_000828573	K	Transcriptional regulator	-	-	-
WP_000828722	S	Belongs to the sodium neurotransmitter symporter (SNF) (TC 2.A.22) family	-	ko:K03308	-
WP_000829167	C	Belongs to the citrate synthase family	citZ	ko:K01647	ko00020,ko00630,ko01100,ko01110,ko01120,ko01130,ko01200,ko01210,ko01230,map00020,map00630,map01100,map01110,map01120,map01130,map01200,map01210,map01230
WP_000829647	EP	permease	oppC	ko:K15582	ko01501,ko02010,ko02024,map01501,map02010,map02024
WP_000830378	M	Peptidoglycan polymerase that catalyzes glycan chain elongation using lipid-linked disaccharide-pentapeptide as the substrate	mgt	ko:K04478	ko00550,ko01100,map00550,map01100
WP_000831059	K	transcriptional	-	-	-
WP_000831298	S	mRNA processing	-	-	-
WP_000831496	S	Uncharacterized conserved protein (DUF2294)	ybcI	-	-
WP_000831695	S	sex pheromone	camS	-	-
WP_000832260	IM	Glycerol-3-phosphate cytidylyltransferase	tagD	ko:K00968,ko:K00980	ko00440,ko00564,ko01100,ko05231,map00440,map00564,map01100,map05231
WP_000833803	S	response to antibiotic	tcaA	ko:K21463	-
WP_000834099	S	Polysaccharide biosynthesis protein	-	ko:K03328	-
WP_000836420	S	Amidohydrolase	-	ko:K07045	-
WP_000836465	P	Rhodanese Homology Domain	ytwF	-	-
WP_000837100	P	Bacterial extracellular solute-binding protein	-	ko:K02012	ko02010,map02010
WP_000837752	S	D-Ala-teichoic acid biosynthesis protein	-	-	-
WP_000838036	C	flavin oxidoreductase	yqiG	-	-
WP_000838212	G	phosphotransferase system, EIIB	ptsG	ko:K02777,ko:K02778,ko:K02779,ko:K02790,ko:K02791	ko00010,ko00500,ko00520,ko02026,ko02060,ko05111,map00010,map00500,map00520,map02026,map02060,map05111
WP_000839926	S	MazG nucleotide pyrophosphohydrolase	ypjD	-	-
WP_000840576	L	N-6 DNA Methylase	ytxK	ko:K00571	-
WP_000840602	S	-	-	-	-
WP_000840815	S	Protein of unknown function (DUF1641)	-	-	-
WP_000841351	L	thermonuclease	nucI	ko:K01174	-
WP_000842277	S	Thiamine-precursor transporter protein (ThiW)	thiW	-	-
WP_000842865	S	Protein of unknown function (DUF1129)	M1-1017	-	-
WP_000843292	F	Phosphorylase superfamily	deoD	ko:K03784	ko00230,ko00240,ko00760,ko01100,ko01110,map00230,map00240,map00760,map01100,map01110
WP_000843618	S	Belongs to the UPF0348 family	ylbM	-	-
WP_000844413	S	-	-	-	-
WP_000844688	S	Cupin superfamily (DUF985)	-	ko:K09705	-
WP_000846637	C	Belongs to the LDH MDH superfamily. LDH family	ldh	ko:K00016	ko00010,ko00270,ko00620,ko00640,ko01100,ko01110,ko01120,ko01130,ko04922,map00010,map00270,map00620,map00640,map01100,map01110,map01120,map01130,map04922
WP_000846750	S	YwpF-like protein	ywpF	-	-
WP_000847922	S	One of several proteins that assist in the late maturation steps of the functional core of the 30S ribosomal subunit. Helps release RbfA from mature subunits. May play a role in the assembly of ribosomal proteins into the subunit. Circularly permuted GTPase that catalyzes slow GTP hydrolysis, GTPase activity is stimulated by the 30S ribosomal subunit	rsgA	ko:K06949	ko00730,ko01100,map00730,map01100
WP_000848304	O	Peptidase U32 family	yrrO	ko:K08303	ko05120,map05120
WP_000848350	F	Part of the phosphoribosylformylglycinamidine synthase complex involved in the purines biosynthetic pathway. Catalyzes the ATP-dependent conversion of formylglycinamide ribonucleotide (FGAR) and glutamine to yield formylglycinamidine ribonucleotide (FGAM) and glutamate. The FGAM synthase complex is composed of three subunits. PurQ produces an ammonia molecule by converting glutamine to glutamate. PurL transfers the ammonia molecule to FGAR to form FGAM in an ATP-dependent manner. PurS interacts with PurQ and PurL and is thought to assist in the transfer of the ammonia molecule from PurQ to PurL	purS	-	-
WP_000848780	S	ABC-2 family transporter protein	-	ko:K01992	-
WP_000849173	S	Protein of unknown function (DUF1093)	-	-	-
WP_000849440	S	-	-	-	-
WP_000849672	S	Pfam:DUF950	-	-	-
WP_000850007	K	helix_turn_helix, mercury resistance	-	-	-
WP_000855510	F	Provides the precursors necessary for DNA synthesis. Catalyzes the biosynthesis of deoxyribonucleotides from the corresponding ribonucleotides	nrdE	ko:K00525	ko00230,ko00240,ko01100,map00230,map00240,map01100
WP_000857198	S	Phage integrase family	-	-	-
WP_000857474	M	cell killing	-	ko:K11032	-
WP_000857621	V	ABC transporter, ATP-binding protein	cydC	ko:K16012	ko02010,map02010
WP_000858795	J	asparaginyl-tRNA	asnS	ko:K01893	ko00970,map00970
WP_000859443	S	Helix-turn-helix domain	ymfM	ko:K15539	-
WP_000860047	H	Catalyzes the reversible reaction in which hydroxymethyl group from 5,10-methylenetetrahydrofolate is transferred onto alpha-ketoisovalerate to form ketopantoate	panB	ko:K00606	ko00770,ko01100,ko01110,map00770,map01100,map01110
WP_000860590	C	Belongs to the class-I pyridine nucleotide-disulfide oxidoreductase family	merA	-	-
WP_000861038	S	CHAP domain	-	-	-
WP_000861911	S	Clp protease	-	-	-
WP_000862105	I	COG0365 Acyl-coenzyme A synthetases AMP-(fatty) acid ligases	acsA	ko:K01895	ko00010,ko00620,ko00640,ko00680,ko00720,ko01100,ko01110,ko01120,ko01130,ko01200,map00010,map00620,map00640,map00680,map00720,map01100,map01110,map01120,map01130,map01200
WP_000862728	F	Catalyzes the phosphorylation of pantothenate (Pan), the first step in CoA biosynthesis	coaW	ko:K09680	ko00770,ko01100,map00770,map01100
WP_000863442	C	acetyltransferase component of pyruvate dehydrogenase complex	pdhC	ko:K00627	ko00010,ko00020,ko00620,ko01100,ko01110,ko01120,ko01130,ko01200,map00010,map00020,map00620,map01100,map01110,map01120,map01130,map01200
WP_000863471	U	Involved in targeting and insertion of nascent membrane proteins into the cytoplasmic membrane. Binds to the hydrophobic signal sequence of the ribosome-nascent chain (RNC) as it emerges from the ribosomes. The SRP-RNC complex is then targeted to the cytoplasmic membrane where it interacts with the SRP receptor FtsY	ffh	ko:K03106	ko02024,ko03060,ko03070,map02024,map03060,map03070
WP_000863556	C	radicals which are normally produced within the cells and which are toxic to biological systems	sodA	ko:K04564	ko04013,ko04068,ko04146,ko04211,ko04212,ko04213,ko05016,map04013,map04068,map04146,map04211,map04212,map04213,map05016
WP_000863969	S	Glyoxalase bleomycin resistance protein dioxygenase superfamily protein	-	ko:K07104	ko00361,ko00362,ko00622,ko00643,ko01100,ko01120,ko01220,map00361,map00362,map00622,map00643,map01100,map01120,map01220
WP_000864185	H	Belongs to the ribF family	ribF	ko:K11753	ko00740,ko01100,ko01110,map00740,map01100,map01110
WP_000864307	J	Binds to the 23S rRNA	rplI	ko:K02939	ko03010,map03010
WP_000865623	S	Protein of unknown function (DUF402)	-	ko:K09145	-
WP_000866415	G	Catalyzes the reversible isomerization-deamination of glucosamine 6-phosphate (GlcN6P) to form fructose 6-phosphate (Fru6P) and ammonium ion	nagB	ko:K02564	ko00520,ko01100,map00520,map01100
WP_000866741	G	Glycerate kinase	-	ko:K00865	ko00260,ko00561,ko00630,ko01100,ko01120,ko01130,map00260,map00561,map00630,map01100,map01120,map01130
WP_000866971	H	Involved in sulfur transfer in the conversion of molybdopterin precursor Z to molybdopterin	moaD	ko:K03636	ko04122,map04122
WP_000867208	S	Dihydroxyacetone kinase	dhaL	ko:K05879	ko00561,ko01100,map00561,map01100
WP_000867358	S	TM2 domain	-	-	-
WP_000867695	D	Necessary for normal cell division and for the maintenance of normal septation	engB	ko:K03978	-
WP_000867943	S	Carbon-nitrogen hydrolase	mtnU	ko:K13566	ko00250,map00250
WP_000868241	S	-	ydeH	-	-
WP_000868342	J	Belongs to the bacterial ribosomal protein bL36 family	rpmJ	ko:K02919	ko03010,map03010
WP_000868412	I	Belongs to the CDS family	cdsA	ko:K00981	ko00564,ko01100,ko01110,ko04070,map00564,map01100,map01110,map04070
WP_000868652	E	Belongs to the aspartokinase family	lysC	ko:K00928	ko00260,ko00261,ko00270,ko00300,ko01100,ko01110,ko01120,ko01130,ko01210,ko01230,map00260,map00261,map00270,map00300,map01100,map01110,map01120,map01130,map01210,map01230
WP_000868999	D	Could be involved in septation	spoVG	ko:K06412	-
WP_000870799	S	Protein of unknown function (DUF1430)	-	-	-
WP_000871607	T	WalK functions as a sensor protein kinase which is autophosphorylated at a histidine residue and transfers its phosphate group to WalR	vicK	ko:K07652	ko02020,map02020
WP_000871736	M	Catalyzes the glycosylation of 4,4'- diaponeurosporenoate, i.e. the esterification of glucose at the C1'' position with the carboxyl group of 4,4'-diaponeurosporenic acid, to form glycosyl-4,4'-diaponeurosporenoate. This is a step in the biosynthesis of staphyloxanthin, an orange pigment present in most staphylococci strains (By similarity)	crtQ	ko:K10211	ko00906,map00906
WP_000872158	S	metal-binding, possibly nucleic acid-binding protein	ylbN	ko:K07040	-
WP_000872390	P	ABC-type spermidine putrescine transport system, permease component II	potC	ko:K11070	ko02010,map02010
WP_000872486	I	Catalyzes the transfer of the cytidylyl group of CTP to D-ribitol 5-phosphate	tarI	ko:K00991,ko:K21030	ko00040,ko00900,ko01100,ko01110,ko01130,map00040,map00900,map01100,map01110,map01130
WP_000872606	I	N-terminal half of MaoC dehydratase	-	-	-
WP_000872661	H	Catalyzes the ATP-dependent transfer of a sulfur to tRNA to produce 4-thiouridine in position 8 of tRNAs, which functions as a near-UV photosensor. Also catalyzes the transfer of sulfur to the sulfur carrier protein ThiS, forming ThiS-thiocarboxylate. This is a step in the synthesis of thiazole, in the thiamine biosynthesis pathway. The sulfur is donated as persulfide by IscS	thiI	ko:K03151	ko00730,ko01100,ko04122,map00730,map01100,map04122
WP_000872873	K	Belongs to the sigma-70 factor family	sigH	ko:K03088,ko:K03091,ko:K12296	ko02020,ko02024,map02020,map02024
WP_000873208	S	Accessory Sec system protein Asp1	asp1	ko:K12268	-
WP_000874681	C	radicals which are normally produced within the cells and which are toxic to biological systems	sodA	ko:K04564	ko04013,ko04068,ko04146,ko04211,ko04212,ko04213,ko05016,map04013,map04068,map04146,map04211,map04212,map04213,map05016
WP_000876310	P	Belongs to the binding-protein-dependent transport system permease family. FecCD subfamily	yclN	ko:K02015	ko02010,map02010
WP_000876634	G	Belongs to the FGGY kinase family	gntK	ko:K00851	ko00030,ko01100,ko01110,ko01120,ko01130,ko01200,map00030,map01100,map01110,map01120,map01130,map01200
WP_000876756	K	DNA-binding transcription factor activity	-	-	-
WP_000876826	S	IDEAL domain protein	-	-	-
WP_000877372	G	Catalyzes the N-deacetylation of poly-beta-1,6-N-acetyl- D-glucosamine (PNAG, also referred to as PIA), a biofilm adhesin polysaccharide	icaB	ko:K21478	-
WP_000878111	S	Domain of unknown function (DUF5084)	-	-	-
WP_000882069	S	UvrB/uvrC motif	-	ko:K19411	-
WP_000882191	S	Protein of unknown function (DUF443)	-	-	-
WP_000882891	S	SEC-C Motif Domain Protein	-	-	-
WP_000883652	I	Component of the acetyl coenzyme A carboxylase (ACC) complex. First, biotin carboxylase catalyzes the carboxylation of biotin on its carrier protein (BCCP) and then the CO(2) group is transferred by the carboxyltransferase to acetyl-CoA to form malonyl-CoA	accA	ko:K01962	ko00061,ko00620,ko00640,ko00720,ko01100,ko01110,ko01120,ko01130,ko01200,ko01212,map00061,map00620,map00640,map00720,map01100,map01110,map01120,map01130,map01200,map01212
WP_000884334	J	Catalyzes the attachment of serine to tRNA(Ser). Is also able to aminoacylate tRNA(Sec) with serine, to form the misacylated tRNA L-seryl-tRNA(Sec), which will be further converted into selenocysteinyl-tRNA(Sec)	serS	ko:K01875	ko00970,map00970
WP_000884742	G	Uridylyltransferase	-	ko:K11442	-
WP_000886001	S	Protein of unknown function (DUF1398)	-	-	-
WP_000886466	GM	COG1682 ABC-type polysaccharide polyol phosphate export systems, permease component	-	ko:K09692	ko02010,map02010
WP_000886500	J	Specifically dimethylates two adjacent adenosines (A1518 and A1519) in the loop of a conserved hairpin near the 3'-end of 16S rRNA in the 30S particle. May play a critical role in biogenesis of 30S subunits	ksgA	ko:K02528	-
WP_000886999	GKT	Phosphoenolpyruvate-dependent sugar phosphotransferase system, EIIA 2	-	ko:K02538,ko:K03491	-
WP_000887920	E	Peptidase dimerisation domain	-	-	-
WP_000888495	T	phosphatase	stp	ko:K20074	-
WP_000888757	S	-	-	-	-
WP_000888997	D	Essential cell division protein that forms a contractile ring structure (Z ring) at the future cell division site. The regulation of the ring assembly controls the timing and the location of cell division. One of the functions of the FtsZ ring is to recruit other cell division proteins to the septum to produce a new cell wall between the dividing cells. Binds GTP and shows GTPase activity	ftsZ	ko:K03531	ko04112,map04112
WP_000889252	P	ABC 3 transport family	mtsC	ko:K11705,ko:K11709,ko:K19972,ko:K19976	ko02010,map02010
WP_000891995	S	head morphogenesis protein, SPP1 gp7 family	-	-	-
WP_000894032	S	YbbR-like protein	ybbR	-	-
WP_000894464	P	ABC transporter, ATP-binding protein	-	ko:K02074,ko:K09820,ko:K19973	ko02010,map02010
WP_000894660	C	formate C-acetyltransferase activity	pflB	ko:K00656	ko00620,ko00640,ko00650,ko01100,ko01120,map00620,map00640,map00650,map01100,map01120
WP_000895186	P	COG0370 Fe2 transport system protein B	-	-	-
WP_000896697	Q	Thioredoxin	yjbH	-	-
WP_000897044	J	Binds as a heterodimer with protein S6 to the central domain of the 16S rRNA, where it helps stabilize the platform of the 30S subunit	rpsR	ko:K02963	ko03010,map03010
WP_000897132	O	ATP-dependent Clp protease, ATP-binding subunit ClpC	clpC	ko:K03696	ko01100,map01100
WP_000897635	C	Belongs to the NOS family. Bacterial NOS oxygenase subfamily	nos	ko:K00491	ko00220,ko00330,ko01100,ko01110,map00220,map00330,map01100,map01110
WP_000899890	S	Putative threonine/serine exporter	-	-	-
WP_000901023	S	-	-	-	-
WP_000901762	L	endonuclease III	nth2	ko:K07457	-
WP_000902100	L	DNA helicase	recQ	ko:K03654	ko03018,map03018
WP_000902175	S	-	yozC	-	-
WP_000902807	S	UPF0344 protein	-	-	-
WP_000904065	S	-	-	-	-
WP_000904312	L	Deoxyribonuclease	tatD	ko:K03424	-
WP_000907314	K	Acetyltransferase (GNAT) domain	paiA	ko:K22441	-
WP_000908181	P	ABC transporter, ATP-binding protein	ylmA	ko:K02013	ko02010,map02010
WP_000908952	S	-	-	-	-
WP_000909001	J	Belongs to the phenylalanyl-tRNA synthetase beta subunit family. Type 1 subfamily	pheT	ko:K01890	ko00970,map00970
WP_000910489	M	Channel that opens in response to stretch forces in the membrane lipid bilayer. May participate in the regulation of osmotic pressure changes within the cell	mscL	ko:K03282	-
WP_000910578	S	-	-	-	-
WP_000910684	S	Methyltransferase small domain	yabB	ko:K07461,ko:K15460	-
WP_000911017	V	ABC transporter, ATP-binding protein	lolD	ko:K02003,ko:K09814	ko02010,map02010
WP_000911037	M	Involved in formation and maintenance of cell shape	mreC	ko:K03570	-
WP_000911657	H	Activation of pyruvate formate-lyase under anaerobic conditions by generation of an organic free radical, using S- adenosylmethionine and reduced flavodoxin as cosubstrates to produce 5'-deoxy-adenosine	pflA	ko:K04069	-
WP_000913019	E	ATP-binding protein	modC	ko:K02017	ko02010,map02010
WP_000913317	O	peptide methionine sulfoxide reductase	msrB	ko:K07305	-
WP_000915157	S	Domain of unknown function (DUF3899)	-	-	-
WP_000915239	S	overlaps another CDS with the same product name	yfhO	-	-
WP_000916020	S	Phage uncharacterised protein (Phage_XkdX)	-	-	-
WP_000916117	U	Part of the accessory SecA2 SecY2 system specifically required for export of	secY2	ko:K03076	ko02024,ko03060,ko03070,map02024,map03060,map03070
WP_000916187	J	Belongs to the bacterial ribosomal protein bL27 family	rpmA	ko:K02899	ko03010,map03010
WP_000916200	S	Putative aromatic acid exporter C-terminal domain	yqjA	-	-
WP_000916694	S	cell killing	-	ko:K11038	ko05150,map05150
WP_000916730	S	Accessory Sec secretory system ASP3	asp3	ko:K12270	-
WP_000917289	O	Binds to Cpn60 in the presence of Mg-ATP and suppresses the ATPase activity of the latter	groS	ko:K04078	-
WP_000917670	S	-	-	-	-
WP_000918667	K	DNA-dependent RNA polymerase catalyzes the transcription of DNA into RNA using the four ribonucleoside triphosphates as substrates	rpoB	ko:K03043	ko00230,ko00240,ko01100,ko03020,map00230,map00240,map01100,map03020
WP_000919349	M	Staphylokinase/Streptokinase family	-	ko:K14198	ko01503,ko05150,map01503,map05150
WP_000919768	M	penicillin-binding protein	pbp2b	ko:K00687,ko:K12553,ko:K21465,ko:K21466	ko00550,ko01100,ko01501,map00550,map01100,map01501
WP_000921246	S	-	-	-	-
WP_000921972	P	ABC-type cobalt transport system ATPase component	ykoD	ko:K16786,ko:K16787	ko02010,map02010
WP_000922316	K	UTRA	yydK	ko:K03489	-
WP_000923509	S	ABC transporter, ATP-binding protein	-	ko:K02068	-
WP_000924214	L	Endonuclease IV plays a role in DNA repair. It cleaves phosphodiester bonds at apurinic or apyrimidinic sites (AP sites) to produce new 5'-ends that are base-free deoxyribose 5-phosphate residues. It preferentially attacks modified AP sites created by bleomycin and neocarzinostatin	nfo	ko:K01151	ko03410,map03410
WP_000924999	P	FecCD transport family	sirB	ko:K02015	ko02010,map02010
WP_000926310	J	Binds 23S rRNA and is also seen to make contacts with the A and possibly P site tRNAs	rplP	ko:K02878	ko03010,map03010
WP_000926708	IU	multivesicular body membrane disassembly	-	-	-
WP_000927368	GKT	Mga helix-turn-helix domain	mtlR	ko:K03483	-
WP_000927633	S	membrane transporter protein	-	ko:K07090	-
WP_000928413	P	COG0861 Membrane protein TerC, possibly involved in tellurium resistance	ykoY	-	-
WP_000928935	S	WXG100 protein secretion system (Wss), protein EssA	essA	-	-
WP_000930014	EG	of the drug metabolite transporter (DMT) superfamily	-	-	-
WP_000930492	O	Alkyl hydroperoxide reductase	ahpF	ko:K03387	-
WP_000930651	E	Catalyzes the sequential NAD-dependent oxidations of L- histidinol to L-histidinaldehyde and then to L-histidine	hisD	ko:K00013	ko00340,ko01100,ko01110,ko01230,map00340,map01100,map01110,map01230
WP_000931242	S	aldo keto reductase	-	-	-
WP_000932073	P	FeoA domain	-	ko:K04758	-
WP_000932209	S	Domain of unknown function (DUF1963)	-	-	-
WP_000932694	L	Single-stranded DNA-binding protein	ssb	ko:K03111	ko03030,ko03430,ko03440,map03030,map03430,map03440
WP_000933105	S	AI-2E family transporter	yueF	-	-
WP_000933195	I	Enoyl- acyl-carrier-protein reductase	fabI	ko:K00208	ko00061,ko00333,ko00780,ko01100,ko01130,ko01212,map00061,map00333,map00780,map01100,map01130,map01212
WP_000933774	F	Involved in the biosynthesis of the central metabolite phospho-alpha-D-ribosyl-1-pyrophosphate (PRPP) via the transfer of pyrophosphoryl group from ATP to 1-hydroxyl of ribose-5-phosphate (Rib-5-P)	prs	ko:K00948	ko00030,ko00230,ko01100,ko01110,ko01120,ko01130,ko01200,ko01230,map00030,map00230,map01100,map01110,map01120,map01130,map01200,map01230
WP_000933826	H	Catalyzes the formation of S-adenosylmethionine (AdoMet) from methionine and ATP. The overall synthetic reaction is composed of two sequential steps, AdoMet formation and the subsequent tripolyphosphate hydrolysis which occurs prior to release of AdoMet from the enzyme	metK	ko:K00789	ko00270,ko01100,ko01110,ko01230,map00270,map01100,map01110,map01230
WP_000933956	K	Promotes RNA polymerase assembly. Latches the N- and C- terminal regions of the beta' subunit thereby facilitating its interaction with the beta and alpha subunits	rpoZ	ko:K03060	ko00230,ko00240,ko01100,ko03020,map00230,map00240,map01100,map03020
WP_000934152	C	nitrate reductase, gamma subunit	narI	ko:K00374	ko00910,ko01120,ko02020,map00910,map01120,map02020
WP_000934799	L	Plays an important role in DNA replication, recombination and repair. Binds to ssDNA and to an array of partner proteins to recruit them to their sites of action during DNA metabolism	ssb	ko:K03111	ko03030,ko03430,ko03440,map03030,map03430,map03440
WP_000934889	F	Catalyzes the reductive methylation of 2'-deoxyuridine- 5'-monophosphate (dUMP) to 2'-deoxythymidine-5'-monophosphate (dTMP) while utilizing 5,10-methylenetetrahydrofolate (mTHF) as the methyl donor and reductant in the reaction, yielding dihydrofolate (DHF) as a by-product. This enzymatic reaction provides an intracellular de novo source of dTMP, an essential precursor for DNA biosynthesis	thyA	ko:K00560	ko00240,ko00670,ko01100,ko01523,map00240,map00670,map01100,map01523
WP_000935994	M	Cell wall formation. Catalyzes the addition of glutamate to the nucleotide precursor UDP-N-acetylmuramoyl-L-alanine (UMA)	murD	ko:K01925	ko00471,ko00550,ko01100,map00471,map00550,map01100
WP_000936721	G	Converts N-acetylmannosamine-6-phosphate (ManNAc-6-P) to N-acetylglucosamine-6-phosphate (GlcNAc-6-P)	nanE	ko:K01788	ko00520,map00520
WP_000939059	J	Could be a nuclease involved in processing of the 5'-end of pre-16S rRNA	yrrK	ko:K07447	-
WP_000939495	S	-	-	-	-
WP_000939521	O	Redoxin	bcp	ko:K03564	-
WP_000940129	M	Acetyltransferase (GNAT) domain	-	-	-
WP_000940774	GM	Polysaccharide biosynthesis protein	capD	ko:K19421	-
WP_000941336	H	synthase	queD	ko:K01737	ko00790,ko01100,map00790,map01100
WP_000942213	L	May be involved in recombinational repair of damaged DNA	recN	ko:K03631	-
WP_000942303	S	ABC transporter, ATP-binding protein	ykpA	-	-
WP_000942753	I	Acetyl-CoA carboxylase (Biotin carboxylase subunit)	-	ko:K01961	ko00061,ko00620,ko00640,ko00720,ko01100,ko01110,ko01120,ko01130,ko01200,ko01212,map00061,map00620,map00640,map00720,map01100,map01110,map01120,map01130,map01200,map01212
WP_000943811	D	acetyltransferases and hydrolases with the alpha beta hydrolase fold	-	ko:K01046	ko00561,ko01100,map00561,map01100
WP_000944140	F	Catalyzes the condensation of ATP and 5-phosphoribose 1- diphosphate to form N'-(5'-phosphoribosyl)-ATP (PR-ATP). Has a crucial role in the pathway because the rate of histidine biosynthesis seems to be controlled primarily by regulation of HisG enzymatic activity	hisG	ko:K00765,ko:K02502	ko00340,ko01100,ko01110,ko01230,map00340,map01100,map01110,map01230
WP_000948298	CP	Proton-conducting membrane transporter	ndhF	ko:K05577	ko00190,ko01100,map00190,map01100
WP_000948330	S	Antitoxin component of a type II toxin-antitoxin (TA) system. Labile antitoxin that binds to cognate MazF toxin and counteracts its endoribonuclease activity	mazE	ko:K07723	-
WP_000948977	P	Glycine betaine	opuCA	ko:K05847	ko02010,map02010
WP_000949467	P	Iron-storage protein	ftnA	ko:K02217	-
WP_000950281	T	Member of the two-component regulatory system LytR LytS that probably regulates genes involved in cell wall metabolism	lytS	ko:K07704	ko02020,map02020
WP_000950548	CP	subunit D	mnhD2	ko:K05568	-
WP_000951058	K	transcriptional	-	-	-
WP_000951443	S	COG3956 Protein containing tetrapyrrole methyltransferase domain and MazG-like	yabN	ko:K02428,ko:K02499	ko00230,map00230
WP_000951631	E	racemase	-	-	-
WP_000952037	L	Belongs to the DNA photolyase family	phrB	ko:K01669	-
WP_000953555	H	Catalyzes the NADPH-dependent reduction of ketopantoate into pantoic acid	-	ko:K00077	ko00770,ko01100,ko01110,map00770,map01100,map01110
WP_000953731	P	Belongs to the alkaline phosphatase family	phoB	ko:K01077	ko00730,ko00790,ko01100,ko02020,map00730,map00790,map01100,map02020
WP_000954269	G	Mga helix-turn-helix domain	-	-	-
WP_000954654	K	Iron dependent repressor, metal binding and dimerisation domain	sirR	ko:K03709	-
WP_000954804	C	Belongs to the globin family	hmp	ko:K05916,ko:K15765	ko00623,ko00920,ko01100,ko01120,ko01220,ko05132,map00623,map00920,map01100,map01120,map01220,map05132
WP_000955235	J	RNA-binding protein	yhbY	ko:K07574	-
WP_000955775	C	belongs to the iron- containing alcohol dehydrogenase family	adh	ko:K04072	ko00010,ko00071,ko00350,ko00620,ko00625,ko00626,ko00650,ko01100,ko01110,ko01120,ko01130,ko01220,map00010,map00071,map00350,map00620,map00625,map00626,map00650,map01100,map01110,map01120,map01130,map01220
WP_000956134	A	protein ubiquitination	-	-	-
WP_000956747	S	-	-	-	-
WP_000957011	E	Belongs to the sodium solute symporter (SSF) (TC 2.A.21) family	putP	ko:K03307,ko:K11928	-
WP_000957036	J	Removes the formyl group from the N-terminal Met of newly synthesized proteins. Requires at least a dipeptide for an efficient rate of reaction. N-terminal L-methionine is a prerequisite for activity but the enzyme has broad specificity at other positions	def	ko:K01462	-
WP_000958224	F	Catalyzes the ATP- as well as the pyrophosphate- dependent phosphorylation of a specific serine residue in HPr, a phosphocarrier protein of the phosphoenolpyruvate-dependent sugar phosphotransferase system (PTS). HprK P also catalyzes the pyrophosphate-producing, inorganic phosphate-dependent dephosphorylation (phosphorolysis) of seryl-phosphorylated HPr (P- Ser-HPr). The two antagonistic activities of HprK P are regulated by several intracellular metabolites, which change their concentration in response to the absence or presence of rapidly metabolisable carbon sources (glucose, fructose, etc.) in the growth medium. Therefore, by controlling the phosphorylation state of HPr, HPrK P is a sensor enzyme that plays a major role in the regulation of carbon metabolism and sugar transport it mediates carbon catabolite repression (CCR), and regulates PTS-catalyzed carbohydrate uptake and inducer exclusion	hprK	ko:K06023	-
WP_000958536	D	Binds and transfers iron-sulfur (Fe-S) clusters to target apoproteins. Can hydrolyze ATP	mrp	ko:K03593	-
WP_000958858	C	glycerophosphoryl diester phosphodiesterase	-	ko:K01126	ko00564,map00564
WP_000959286	S	Competence protein	coiA	ko:K06198	-
WP_000959415	C	Alanine dehydrogenase/PNT, C-terminal domain	ald1	ko:K00259	ko00250,ko00430,ko01100,map00250,map00430,map01100
WP_000960863	C	L-lactate permease	lctP	ko:K03303	-
WP_000966095	EGP	Transmembrane secretion effector	-	-	-
WP_000966142	O	COG4846 Membrane protein involved in cytochrome C biogenesis	yneJ	-	-
WP_000966288	S	-	-	-	-
WP_000966695	S	UPF0060 membrane protein	yfjF	ko:K09771	-
WP_000969810	L	Confers DNA tethering and processivity to DNA polymerases and other proteins. Acts as a clamp, forming a ring around DNA (a reaction catalyzed by the clamp-loading complex) which diffuses in an ATP-independent manner freely and bidirectionally along dsDNA. Initially characterized for its ability to contact the catalytic subunit of DNA polymerase III (Pol III), a complex, multichain enzyme responsible for most of the replicative synthesis in bacteria	dnaN	ko:K02338	ko00230,ko00240,ko01100,ko03030,ko03430,ko03440,map00230,map00240,map01100,map03030,map03430,map03440
WP_000971498	S	-	-	-	-
WP_000971538	E	COG0156 7-keto-8-aminopelargonate synthetase and related enzymes	bioF	ko:K00639,ko:K00652	ko00260,ko00780,ko01100,map00260,map00780,map01100
WP_000972273	M	Belongs to the staphylococcal tandem lipoprotein family	-	-	-
WP_000972775	I	Catalyzes the transfer of an acyl group from acyl- phosphate (acyl-PO(4)) to glycerol-3-phosphate (G3P) to form lysophosphatidic acid (LPA). This enzyme utilizes acyl-phosphate as fatty acyl donor, but not acyl-CoA or acyl-ACP	plsY	ko:K08591	ko00561,ko00564,ko01100,ko01110,map00561,map00564,map01100,map01110
WP_000974455	O	response to oxidative stress	ohrB	-	-
WP_000974608	G	Ribose/Galactose Isomerase	lacA	ko:K01819	ko00052,ko01100,map00052,map01100
WP_000974850	P	Plays a role in the regulation of phosphate uptake	phoU	ko:K02039	-
WP_000974881	C	Produces ATP from ADP in the presence of a proton gradient across the membrane. The alpha chain is a regulatory subunit	atpA	ko:K02111	ko00190,ko00195,ko01100,map00190,map00195,map01100
WP_000974915	U	Belongs to the binding-protein-dependent transport system permease family. FecCD subfamily	yfmD	ko:K02015	ko02010,map02010
WP_000975348	M	Glycosyltransferase like family 2	-	-	-
WP_000976274	G	Dihydroxyacetone kinase	dhaK	ko:K00863,ko:K05878	ko00051,ko00561,ko00680,ko01100,ko01120,ko01200,ko04622,map00051,map00561,map00680,map01100,map01120,map01200,map04622
WP_000977038	K	LytTr DNA-binding domain	-	-	-
WP_000977793	M	Csa1 family	-	-	-
WP_000977806	M	Csa1 family	-	-	-
WP_000978018	IU	multivesicular body membrane disassembly	-	-	-
WP_000980142	S	membrane	-	-	-
WP_000982708	S	YopX protein	-	-	-
WP_000983330	G	PTS system, lactose-specific	lacE	ko:K02787,ko:K02788	ko00052,ko01100,ko02060,map00052,map01100,map02060
WP_000983669	L	DNA helicase	recQ	ko:K03654	ko03018,map03018
WP_000985141	S	Phage tail tube protein	-	-	-
WP_000985287	J	Removes the formyl group from the N-terminal Met of newly synthesized proteins. Requires at least a dipeptide for an efficient rate of reaction. N-terminal L-methionine is a prerequisite for activity but the enzyme has broad specificity at other positions	def	ko:K01462	-
WP_000985472	J	One of the primary rRNA binding proteins. Required for association of the 30S and 50S subunits to form the 70S ribosome, for tRNA binding and peptide bond formation. It has been suggested to have peptidyltransferase activity	rplB	ko:K02886	ko03010,map03010
WP_000985617	O	Protein of unknown function (DUF2847)	ytxJ	-	-
WP_000985901	C	COG2141 Coenzyme F420-dependent N5,N10-methylene tetrahydromethanopterin reductase and related flavin-dependent oxidoreductases	-	-	-
WP_000987779	T	Histidine kinase	resE	ko:K07651	ko02020,map02020
WP_000987949	S	-	-	-	-
WP_000988333	L	HNH nucleases	-	-	-
WP_000989009	C	Na H antiporter	nhaC	ko:K03315	-
WP_000989083	P	FecCD transport family	fecD	ko:K02015	ko02010,map02010
WP_000989106	P	Involved in arsenical resistance. Thought to form the channel of an arsenite pump	arsB	ko:K03893	-
WP_000990056	S	-	-	-	-
WP_000990133	K	Gluconate operon transcriptional repressor	gntR	ko:K11476	-
WP_000991015	U	Belongs to the dicarboxylate amino acid cation symporter (DAACS) (TC 2.A.23) family	tcyP	ko:K06956	-
WP_000991299	V	ABC transporter, ATP-binding protein	CcmA	ko:K01990	-
WP_000991504	G	PTS system	glvC	ko:K02749,ko:K02750	ko00500,ko02060,map00500,map02060
WP_000992530	S	Belongs to the UPF0754 family	yheB	-	-
WP_000992924	L	ATP-dependent DNA helicase	pcrA	ko:K03657	ko03420,ko03430,map03420,map03430
WP_000994678	S	YibE F-like protein	yibF	-	-
WP_000995283	S	Belongs to the UPF0403 family	-	-	-
WP_000997121	L	glycosylase	tag	ko:K01246	ko03410,map03410
WP_000998756	Q	Belongs to the metallo-dependent hydrolases superfamily. HutI family	hutI	ko:K01468	ko00340,ko01100,map00340,map01100
WP_000998862	EGP	Sugar (and other) transporter	tcaB	ko:K07552	-
WP_000998872	K	DNA-binding transcription factor activity	-	-	-
WP_000999192	I	acyl-CoA dehydrogenase	ydbM	-	-
WP_000999342	S	Belongs to the multicopper oxidase YfiH RL5 family	ylmD	ko:K05810	-
WP_000999713	S	Aromatic acid exporter family member 1	-	-	-
WP_001000805	S	Bacterial domain of unknown function (DUF1798)	-	-	-
WP_001001019	M	Increases the activity of extracellular murein hydrolases possibly by mediating their export via hole formation. Inhibited by the antiholin-like proteins LrgAB. In an unstressed cell, the LrgAB products probably inhibit the function of the CidAB proteins. When a cell is stressed by the addition of antibiotics or by other factors in the environment, the CidAB proteins possibly oligomerize within the bacterial cell membrane, creating lesions that disrupt the proton motive force, which in turn results in loss of cell viability. These lesions are also hypothesized to regulate the subsequent cell lysis by either allowing the murein hydrolases access to the cell wall substrate and or regulating their activity by a	cidB	-	-
WP_001001521	J	Catalyzes the methylthiolation of N6- (dimethylallyl)adenosine (i(6)A), leading to the formation of 2- methylthio-N6-(dimethylallyl)adenosine (ms(2)i(6)A) at position 37 in tRNAs that read codons beginning with uridine	miaB	ko:K06168	-
WP_001002340	S	-	-	-	-
WP_001003263	J	Specifically dimethylates two adjacent adenosines (A1518 and A1519) in the loop of a conserved hairpin near the 3'-end of 16S rRNA in the 30S particle. May play a critical role in biogenesis of 30S subunits	-	-	-
WP_001003363	V	N-6 DNA Methylase	-	ko:K03427	-
WP_001003801	E	hydrolase activity	hipO	ko:K05823	ko00300,ko01100,ko01110,ko01230,map00300,map01100,map01110,map01230
WP_001004395	S	-	-	-	-
WP_001004752	S	AI-2E family transporter	yubA	-	-
WP_001005407	S	-	-	-	-
WP_001005514	G	Fructosamine kinase	-	-	-
WP_001005767	L	The RuvA-RuvB complex in the presence of ATP renatures cruciform structure in supercoiled DNA with palindromic sequence, indicating that it may promote strand exchange reactions in homologous recombination. RuvAB is a helicase that mediates the Holliday junction migration by localized denaturation and reannealing	ruvB	ko:K03551	ko03440,map03440
WP_001005843	E	Arginine ornithine antiporter	arcD	ko:K03756,ko:K03758	-
WP_001006453	E	Catalyzes the removal of elemental sulfur and selenium atoms from L-cysteine, L-cystine, L-selenocysteine, and L- selenocystine to produce L-alanine	sufS	ko:K11717	ko00450,ko01100,map00450,map01100
WP_001008395	IQ	AMP-binding enzyme C-terminal domain	-	ko:K01897	ko00061,ko00071,ko01100,ko01212,ko02024,ko03320,ko04146,ko04216,ko04714,ko04920,map00061,map00071,map01100,map01212,map02024,map03320,map04146,map04216,map04714,map04920
WP_001008435	J	Transfers and isomerizes the ribose moiety from AdoMet to the 7-aminomethyl group of 7-deazaguanine (preQ1-tRNA) to give epoxyqueuosine (oQ-tRNA)	queA	ko:K07568	-
WP_001008551	H	Catalyzes the formation of 6,7-dimethyl-8- ribityllumazine by condensation of 5-amino-6-(D- ribitylamino)uracil with 3,4-dihydroxy-2-butanone 4-phosphate. This is the penultimate step in the biosynthesis of riboflavin	ribH	ko:K00794	ko00740,ko01100,ko01110,map00740,map01100,map01110
WP_001008722	G	Major Facilitator Superfamily	uhpT	ko:K02445,ko:K07784	ko02020,map02020
WP_001009520	I	first, biotin carboxylase catalyzes the carboxylation of the carrier protein and then the transcarboxylase transfers the carboxyl group to form malonyl-CoA	accB	ko:K02160	ko00061,ko00620,ko00640,ko00720,ko01100,ko01110,ko01120,ko01130,ko01200,ko01212,map00061,map00620,map00640,map00720,map01100,map01110,map01120,map01130,map01200,map01212
WP_001009688	E	Presumably involved in the processing and regular turnover of intracellular proteins. Catalyzes the removal of unsubstituted N-terminal amino acids from various peptides	pepA	ko:K01255	ko00480,ko01100,map00480,map01100
WP_001010111	G	Glycerol-3-phosphate transporter	glpT	ko:K02445,ko:K07784	ko02020,map02020
WP_001010399	F	Catalyzes the ATP-dependent conversion of 5- aminoimidazole ribonucleotide (AIR) and HCO(3)(-) to N5- carboxyaminoimidazole ribonucleotide (N5-CAIR)	purK	ko:K01589	ko00230,ko01100,ko01110,ko01130,map00230,map01100,map01110,map01130
WP_001010508	C	NifU homolog involved in Fe-S cluster formation	nifU	ko:K04488	-
WP_001010762	C	Belongs to the heme-copper respiratory oxidase family	qoxB	ko:K02827	ko00190,ko01100,map00190,map01100
WP_001011605	H	Glutamate-1-semialdehyde aminotransferase	gsaB	ko:K01845	ko00860,ko01100,ko01110,ko01120,map00860,map01100,map01110,map01120
WP_001012231	V	protein involved in methicillin resistance	fmhA	-	-
WP_001012746	GKT	Mga helix-turn-helix domain	-	-	-
WP_001013475	P	Co Zn Cd efflux system component	-	ko:K16264	-
WP_001014060	S	CbiX	cbiX	-	-
WP_001015122	F	Catalyzes the specific phosphorylation of the 3-hydroxyl group of shikimic acid using ATP as a cosubstrate	aroK	ko:K00891	ko00400,ko01100,ko01110,ko01130,ko01230,map00400,map01100,map01110,map01130,map01230
WP_001015500	S	Aldo/keto reductase family	-	ko:K06221	-
WP_001015553	K	ParB-like nuclease domain	-	-	-
WP_001015609	D	Site-specific tyrosine recombinase, which acts by catalyzing the cutting and rejoining of the recombining DNA molecules. The XerC-XerD complex is essential to convert dimers of the bacterial chromosome into monomers to permit their segregation at cell division. It also contributes to the segregational stability of plasmids	xerC	ko:K03733,ko:K04763	-
WP_001016007	K	Part of the acuABC operon, which is possibly involved in the breakdown of acetoin and butanediol. Acts as an acetyltransferase inactivating acetyl-CoA synthetase AcsA via acetylation at a Lys residue	acuA	ko:K04766	-
WP_001016166	F	Belongs to the ATCase OTCase family	pyrB	ko:K00609	ko00240,ko00250,ko01100,map00240,map00250,map01100
WP_001016306	P	Na( ) H( ) antiporter subunit	mrpF	ko:K05570	-
WP_001017131	T	Member of the two-component regulatory system VraS VraR involved in the control of the cell wall peptidoglycan biosynthesis	vraS	ko:K07681,ko:K11617	ko02020,map02020
WP_001017411	Q	Belongs to the arylamine N-acetyltransferase	-	ko:K00675	-
WP_001017872	S	Rhomboid family	gluP	ko:K19225	-
WP_001018328	J	Forms an intersubunit bridge (bridge B4) with the 23S rRNA of the 50S subunit in the ribosome	rpsO	ko:K02956	ko03010,map03010
WP_001018677	K	transcriptional	sarA	-	-
WP_001018871	S	Thiamine-binding protein	yqgV	-	-
WP_001018928	O	Component of the thioredoxin-thioredoxin reductase system. Participates in various redox reactions through the reversible oxidation of its active center dithiol to a disulfide and catalyzes dithiol-disulfide exchange reactions (By similarity)	trxA	ko:K03671	ko04621,ko05418,map04621,map05418
WP_001018962	L	TOPRIM	yusF	ko:K07476	-
WP_001019324	H	HD superfamily hydrolase involved in NAD metabolism	yqeK	-	-
WP_001019349	I	biotin carboxyl carrier protein	-	ko:K02160	ko00061,ko00620,ko00640,ko00720,ko01100,ko01110,ko01120,ko01130,ko01200,ko01212,map00061,map00620,map00640,map00720,map01100,map01110,map01120,map01130,map01200,map01212
WP_001020212	V	ABC-2 family transporter protein	-	-	-
WP_001020627	K	Transcriptional regulator	-	-	-
WP_001020802	F	Succinyl-CoA synthetase functions in the citric acid cycle (TCA), coupling the hydrolysis of succinyl-CoA to the synthesis of either ATP or GTP and thus represents the only step of substrate-level phosphorylation in the TCA. The beta subunit provides nucleotide specificity of the enzyme and binds the substrate succinate, while the binding sites for coenzyme A and phosphate are found in the alpha subunit	sucC	ko:K01903	ko00020,ko00640,ko00660,ko00720,ko01100,ko01110,ko01120,ko01130,ko01200,map00020,map00640,map00660,map00720,map01100,map01110,map01120,map01130,map01200
WP_001021145	J	Arginyl-tRNA synthetase	argS	ko:K01887	ko00970,map00970
WP_001021228	C	Belongs to the aldehyde dehydrogenase family	aldH	ko:K00128	ko00010,ko00053,ko00071,ko00280,ko00310,ko00330,ko00340,ko00380,ko00410,ko00561,ko00620,ko00625,ko00903,ko00981,ko01100,ko01110,ko01120,ko01130,map00010,map00053,map00071,map00280,map00310,map00330,map00340,map00380,map00410,map00561,map00620,map00625,map00903,map00981,map01100,map01110,map01120,map01130
WP_001021468	F	Catalyzes the reversible transfer of the terminal phosphate group between ATP and AMP. Plays an important role in cellular energy homeostasis and in adenine nucleotide metabolism	adk	ko:K00939	ko00230,ko00730,ko01100,ko01110,ko01130,map00230,map00730,map01100,map01110,map01130
WP_001021572	S	Protein of unknown function (DUF1304)	-	ko:K08987	-
WP_001022971	F	Na+ dependent nucleoside transporter C-terminus	nupC	ko:K11535	-
WP_001023806	S	-	-	-	-
WP_001024035	S	Membrane	-	-	-
WP_001024080	F	Belongs to the GARS family	purD	ko:K01945	ko00230,ko01100,ko01110,ko01130,map00230,map01100,map01110,map01130
WP_001024097	GM	NmrA-like family	-	-	-
WP_001024383	GM	NmrA-like family	-	-	-
WP_001024576	G	aminopeptidase	pepA	ko:K01261,ko:K01269	-
WP_001024830	O	Has an important function as a repair enzyme for proteins that have been inactivated by oxidation. Catalyzes the reversible oxidation-reduction of methionine sulfoxide in proteins to methionine	msrA	ko:K07304	-
WP_001025067	EGP	of the major facilitator superfamily	yttB	-	-
WP_001025093	I	Belongs to the CDP-alcohol phosphatidyltransferase class-I family	pgsA	ko:K00995	ko00564,ko01100,map00564,map01100
WP_001025401	S	Protein of unknown function (DUF2829)	-	-	-
WP_001027143	S	-	-	-	-
WP_001028203	E	Glyoxalase/Bleomycin resistance protein/Dioxygenase superfamily	mhqA_1	ko:K15975	-
WP_001028298	GM	NAD dependent epimerase/dehydratase family	capF	ko:K19068	-
WP_001028376	S	PIN domain	yacL	-	-
WP_001028425	S	NADPH-dependent FMN reductase	-	ko:K00299	ko00740,ko00920,ko01100,map00740,map00920,map01100
WP_001028785	S	enzyme involved in biosynthesis of extracellular polysaccharides	-	ko:K21481	-
WP_001029676	S	Short repeat of unknown function (DUF308)	-	-	-
WP_001030080	J	Belongs to the class-II aminoacyl-tRNA synthetase family	glyQS	ko:K01880	ko00970,map00970
WP_001030125	K	Transcriptional regulator	-	-	-
WP_001030459	S	-	-	-	-
WP_001030710	E	amino acid	ybeC	-	-
WP_001030738	EM	Neu5Ac) to form pyruvate and N-acetylmannosamine (ManNAc) via a Schiff base intermediate	nanA	ko:K01639	ko00520,map00520
WP_001030818	C	Required for formate dehydrogenase (FDH) activity. Acts as a sulfur carrier protein that transfers sulfur from IscS to the molybdenum cofactor prior to its insertion into FDH	fdhD	ko:K02379	-
WP_001031408	G	Belongs to the class I fructose-bisphosphate aldolase family	fda	ko:K01623	ko00010,ko00030,ko00051,ko00680,ko00710,ko01100,ko01110,ko01120,ko01130,ko01200,ko01230,map00010,map00030,map00051,map00680,map00710,map01100,map01110,map01120,map01130,map01200,map01230
WP_001031881	C	Belongs to the LDH MDH superfamily. LDH family	ldh	ko:K00016	ko00010,ko00270,ko00620,ko00640,ko01100,ko01110,ko01120,ko01130,ko04922,map00010,map00270,map00620,map00640,map01100,map01110,map01120,map01130,map04922
WP_001031973	K	transcriptional	ywtF_2	-	-
WP_001032743	K	Lactose phosphotransferase system repressor	lacR	ko:K02530	-
WP_001032764	M	binding	isdH	-	-
WP_001032833	G	Mannosyl-glycoprotein endo-beta-N-acetylglucosaminidase	lytB	ko:K01227	ko00511,map00511
WP_001033867	S	protease	-	ko:K07052	-
WP_001033882	S	5'-nucleotidase, lipoprotein e(P4)	-	-	-
WP_001033968	S	Protein of unknown function (DUF1700)	XK27_04830	-	-
WP_001036002	S	Protein of unknown function (DUF1433)	-	-	-
WP_001036646	E	COG0626 Cystathionine beta-lyases cystathionine gamma-synthases	mccB	ko:K01760,ko:K17217	ko00260,ko00270,ko00450,ko00920,ko01100,ko01110,ko01130,ko01230,map00260,map00270,map00450,map00920,map01100,map01110,map01130,map01230
WP_001037456	EGP	Major facilitator Superfamily	-	-	-
WP_001037805	S	DoxX	-	ko:K16937	ko00920,ko01120,map00920,map01120
WP_001037831	S	Domain of unknown function (DUF5011)	-	-	-
WP_001038316	L	In addition to polymerase activity, this DNA polymerase exhibits 5'-3' exonuclease activity	polA	ko:K02335	ko00230,ko00240,ko01100,ko03030,ko03410,ko03420,ko03440,map00230,map00240,map01100,map03030,map03410,map03420,map03440
WP_001039279	E	Component of the transport system for branched-chain amino acids	brnQ	ko:K03311	-
WP_001039379	M	Collagen binding domain	-	-	-
WP_001039519	F	deoxynucleoside kinase	dgk	ko:K15518	ko00230,map00230
WP_001039655	M	Provides the (R)-glutamate required for cell wall biosynthesis	murI	ko:K01776,ko:K02428	ko00230,ko00471,ko01100,map00230,map00471,map01100
WP_001040248	F	Catalyzes the transfer of a ribosyl phosphate group from 5-phosphoribose 1-diphosphate to orotate, leading to the formation of orotidine monophosphate (OMP)	pyrE	ko:K00762	ko00240,ko01100,map00240,map01100
WP_001040261	S	-	-	-	-
WP_001040568	J	This protein promotes the GTP-dependent binding of aminoacyl-tRNA to the A-site of ribosomes during protein biosynthesis	tuf	ko:K02358	-
WP_001040736	JK	Spermine spermidine acetyltransferase	-	-	-
WP_001041107	K	Sigma factors are initiation factors that promote the attachment of RNA polymerase to specific initiation sites and are then released	sigB	ko:K03090	-
WP_001041282	EGP	Quinolone resistance protein norA	norA	ko:K19576,ko:K19578	-
WP_001041343	E	The beta subunit is responsible for the synthesis of L- tryptophan from indole and L-serine	trpB	ko:K01696,ko:K01817	ko00260,ko00400,ko01100,ko01110,ko01130,ko01230,map00260,map00400,map01100,map01110,map01130,map01230
WP_001041590	M	binding	isdH	-	-
WP_001041672	M	CHAP domain	-	-	-
WP_001041918	G	Alpha-amylase domain	yugT	ko:K01187	ko00052,ko00500,ko01100,map00052,map00500,map01100
WP_001043863	L	Histone-like DNA-binding protein which is capable of wrapping DNA to stabilize it, and thus to prevent its denaturation under extreme environmental conditions	hup	ko:K03530	-
WP_001044227	EI	Acyltransferase family	oatA	-	-
WP_001044438	M	Peptidase family M23	-	-	-
WP_001044662	S	Uncharacterised 5xTM membrane BCR, YitT family COG1284	yxkD	-	-
WP_001044970	L	Integrase	-	-	-
WP_001045063	P	Potassium uptake protein, integral membrane component, KtrB	ktrB	ko:K03498	-
WP_001045111	P	Periplasmic binding protein	sirA	ko:K02016	ko02010,map02010
WP_001045133	K	response regulator	-	ko:K02479	-
WP_001045427	I	Alpha/beta hydrolase family	pcaD	-	-
WP_001046645	H	Catalyzes the conversion of dethiobiotin (DTB) to biotin by the insertion of a sulfur atom into dethiobiotin via a radical- based mechanism	bioB	ko:K01012	ko00780,ko01100,map00780,map01100
WP_001047062	K	Transcriptional regulator	-	-	-
WP_001047245	K	Transcriptional regulator	-	-	-
WP_001048368	J	Belongs to the phenylalanyl-tRNA synthetase beta subunit family. Type 1 subfamily	ytpR	ko:K06878	-
WP_001048816	C	F(1)F(0) ATP synthase produces ATP from ADP in the presence of a proton or sodium gradient. F-type ATPases consist of two structural domains, F(1) containing the extramembraneous catalytic core and F(0) containing the membrane proton channel, linked together by a central stalk and a peripheral stalk. During catalysis, ATP synthesis in the catalytic domain of F(1) is coupled via a rotary mechanism of the central stalk subunits to proton translocation	atpE	ko:K02110	ko00190,ko00195,ko01100,map00190,map00195,map01100
WP_001048985	P	subunit C	mnhC2	ko:K05567	-
WP_001049150	S	Uncharacterized protein conserved in bacteria (DUF2129)	ylbG	-	-
WP_001049165	OU	Cleaves peptides in various proteins in a process that requires ATP hydrolysis. Has a chymotrypsin-like activity. Plays a major role in the degradation of misfolded proteins	clpP	ko:K01358	ko04112,ko04212,map04112,map04212
WP_001049261	S	AAA-like domain	yddE	-	-
WP_001049951	J	Increases the formation of ribosomal termination complexes and stimulates activities of RF-1 and RF-2. It binds guanine nucleotides and has strong preference for UGA stop codons. It may interact directly with the ribosome. The stimulation of RF- 1 and RF-2 is significantly reduced by GTP and GDP, but not by GMP	prfC	ko:K02837	-
WP_001050044	J	3'-5' exoribonuclease that releases 5'-nucleoside monophosphates and is involved in maturation of structured RNAs	rnr	ko:K12573	ko03018,map03018
WP_001050913	S	Endoribonuclease that initiates mRNA decay	rny	ko:K18682	ko03018,map03018
WP_001051129	J	Is required not only for elongation of protein synthesis but also for the initiation of all mRNA translation through initiator tRNA(fMet) aminoacylation	metG	ko:K01874	ko00450,ko00970,map00450,map00970
WP_001051433	S	of the RND superfamily	-	ko:K06994	-
WP_001051556	S	Activator of Hsp90 ATPase homolog 1-like protein	-	-	-
WP_001051857	S	-	-	-	-
WP_001052258	P	ammonium transporter	amt	ko:K03320	-
WP_001052483	S	-	-	-	-
WP_001052491	T	Belongs to the anti-sigma-factor antagonist family	rsbV	ko:K04749	-
WP_001052508	K	LysR substrate binding domain	-	-	-
WP_001052552	Q	Siderophore biosynthesis protein	-	-	-
WP_001053371	S	-	-	-	-
WP_001054129	K	Helix-turn-helix domain	-	-	-
WP_001055898	K	sequence-specific DNA binding	-	-	-
WP_001056238	Q	C-terminus of bacterial fibrinogen-binding adhesin	-	ko:K13733,ko:K14201	ko05100,ko05150,map05100,map05150
WP_001056916	M	cell killing	-	ko:K11038	ko05150,map05150
WP_001057062	H	COG1648 Siroheme synthase (precorrin-2 oxidase ferrochelatase domain)	sirC	ko:K02304	ko00860,ko01100,ko01110,ko01120,map00860,map01100,map01110,map01120
WP_001058105	S	Belongs to the SprT family	ydcK	ko:K03095	-
WP_001058583	KT	In eubacteria ppGpp (guanosine 3'-diphosphate 5-' diphosphate) is a mediator of the stringent response that coordinates a variety of cellular activities in response to changes in nutritional abundance	relA	ko:K00951	ko00230,map00230
WP_001058843	S	alcohol dehydrogenase	-	-	-
WP_001059079	K	COG1278 Cold shock proteins	cspC	ko:K03704	-
WP_001059082	K	COG1278 Cold shock proteins	cspC	ko:K03704	-
WP_001059690	S	-	-	-	-
WP_001060140	S	YycH protein	yycH	-	-
WP_001060508	M	protein which possibly mediates interactions of S.aureus with components of the extracellular matrix of higher eukaryotes	sdrF	ko:K14194	ko05150,map05150
WP_001060841	P	H( )-stimulated, divalent metal cation uptake system	mntH	ko:K03322	-
WP_001060925	M	Male sterility protein	-	-	-
WP_001061259	T	Member of the two-component regulatory system GraR GraS involved in resistance against cationic antimicrobial peptides (CAMPs). GraS probably functions as a sensor protein kinase which is autophosphorylated at a histidine residue and transfers its phosphate group to GraR	graS	ko:K11629,ko:K19077	ko01503,ko02020,map01503,map02020
WP_001062179	JKL	DEAD-box RNA helicase. May work in conjunction with the cold shock proteins to ensure proper initiation of transcription at low and optimal temperatures	cshB	ko:K05592,ko:K18692	ko03018,map03018
WP_001062645	C	Belongs to the TPP enzyme family	cidC	ko:K00158	ko00620,ko01100,map00620,map01100
WP_001062947	L	Cell wall enzyme EbsB	rnhA	ko:K03469	ko03030,map03030
WP_001062987	S	Cobalamin synthesis protein cobW C-terminal domain	yciC	-	-
WP_001064811	V	ABC transporter transmembrane region	lmrA2	ko:K06147	-
WP_001065075	S	Protein of unknown function (DUF1024)	-	-	-
WP_001065084	S	Protein of unknown function (DUF1024)	-	-	-
WP_001065267	C	Glutathione peroxidase	bsaA	ko:K00432	ko00480,ko00590,ko04918,map00480,map00590,map04918
WP_001065591	E	Required for the first step of histidine biosynthesis. May allow the feedback regulation of ATP phosphoribosyltransferase activity by histidine	hisZ	-	-
WP_001065801	CO	Thioredoxin	yusE	-	-
WP_001066123	L	Bacterial dnaA  protein	-	-	-
WP_001066125	L	Bacterial dnaA  protein	-	-	-
WP_001066553	P	Major Facilitator Superfamily	-	-	-
WP_001067051	P	Belongs to the ABC transporter superfamily	-	ko:K02031	ko02024,map02024
WP_001067261	F	deoxynucleoside kinase	dck	ko:K15519	ko00230,ko00240,ko01100,map00230,map00240,map01100
WP_001067293	J	RNA binding protein, contains ribosomal protein S1 domain	yugI	ko:K07570,ko:K07571	-
WP_001068337	S	Belongs to the UPF0349 family	yuzB	-	-
WP_001068489	EG	of the drug metabolite transporter (DMT) superfamily	-	-	-
WP_001068520	E	Aminotransferase	-	-	-
WP_001070676	I	Belongs to the thiolase family	vraB	ko:K00626	ko00071,ko00072,ko00280,ko00310,ko00362,ko00380,ko00620,ko00630,ko00640,ko00650,ko00720,ko00900,ko01100,ko01110,ko01120,ko01130,ko01200,ko01212,ko02020,map00071,map00072,map00280,map00310,map00362,map00380,map00620,map00630,map00640,map00650,map00720,map00900,map01100,map01110,map01120,map01130,map01200,map01212,map02020
WP_001071165	S	Catalyzes the transfer of a lysyl group from L-lysyl- tRNA(Lys) to membrane-bound phosphatidylglycerol (PG), which produces lysylphosphatidylglycerol (LPG), a major component of the bacterial membrane with a positive net charge. LPG synthesis contributes to bacterial virulence as it is involved in the resistance mechanism against cationic antimicrobial peptides (CAMP) produces by the host's immune system (defensins, cathelicidins) and by the competing microorganisms	mprF	ko:K14205	ko01503,ko02020,ko05150,map01503,map02020,map05150
WP_001071606	S	WXG100 protein secretion system (Wss), protein YukD	esaB	-	-
WP_001071717	F	ribonucleoside-triphosphate reductase	nrdD	ko:K21636	ko00230,ko00240,ko01100,map00230,map00240,map01100
WP_001071971	P	subunit E	mnhE2	ko:K05569	-
WP_001074348	E	Belongs to the carbamate kinase family	arcC	ko:K00926	ko00220,ko00230,ko00910,ko01100,ko01120,ko01200,map00220,map00230,map00910,map01100,map01120,map01200
WP_001074405	O	assembly protein SufB	sufB	ko:K07033,ko:K09014	-
WP_001074473	U	Essential subunit of the Sec protein translocation channel SecYEG. Clamps together the 2 halves of SecY. May contact the channel plug during translocation	secE	ko:K03073	ko02024,ko03060,ko03070,map02024,map03060,map03070
WP_001074525	M	the rest of the oligosaccharide is released intact. Cleaves the peptidoglycan connecting the daughter cells at the end of the cell division cycle, resulting in the separation of the two newly divided cells. Acts as an autolysin in penicillin-induced lysis (By similarity)	atl	ko:K13714	-
WP_001074619	J	Binds directly to 23S rRNA. The L1 stalk is quite mobile in the ribosome, and is involved in E site tRNA release	rplA	ko:K02863	ko03010,map03010
WP_001074748	F	Belongs to the phosphoglycerate kinase family	pgk	ko:K00927	ko00010,ko00710,ko01100,ko01110,ko01120,ko01130,ko01200,ko01230,map00010,map00710,map01100,map01110,map01120,map01130,map01200,map01230
WP_001075821	E	Metal-dependent amidase aminoacylase carboxypeptidase	amd	-	-
WP_001076688	G	M42 glutamyl aminopeptidase	-	-	-
WP_001077099	S	-	isaB	-	-
WP_001077635	K	Regulates expression of the glpD operon. In the presence of glycerol 3-phosphate (G3P) causes antitermination of transcription of glpD at the inverted repeat of the leader region to enhance its transcription. Binds and stabilizes glpD leader mRNA	glpP	ko:K02443	-
WP_001077683	S	GTP pyrophosphokinase	yjbM	ko:K07816	ko00230,map00230
WP_001077714	S	Nucleoside recognition	-	-	-
WP_001078080	I	Carboxylesterase family	-	-	-
WP_001078309	G	PTS system, Lactose/Cellobiose specific IIA subunit	lacF	ko:K02759,ko:K02786	ko00052,ko00500,ko01100,ko02060,map00052,map00500,map01100,map02060
WP_001078456	E	Ornithine cyclodeaminase/mu-crystallin family	sbnB	ko:K21721	-
WP_001080281	S	Peptidase_C39 like family	-	-	-
WP_001080464	S	Protein of unknown function (DUF4064)	-	-	-
WP_001080824	J	This is 1 of the proteins that binds and probably mediates the attachment of the 5S RNA into the large ribosomal subunit, where it forms part of the central protuberance. In the 70S ribosome it contacts protein S13 of the 30S subunit (bridge B1b), connecting the 2 subunits	rplE	ko:K02931	ko03010,map03010
WP_001081626	P	) H( ) antiporter subunit	mrpB	ko:K05566	-
WP_001081643	T	signaling protein consisting of a modified GGDEF domain and a DHH domain	yybT	-	-
WP_001081683	E	Diaminopimelate epimerase	-	-	-
WP_001083341	F	Catalyzes a reversible aldol reaction between acetaldehyde and D-glyceraldehyde 3-phosphate to generate 2-deoxy- D-ribose 5-phosphate	deoC	ko:K01619	ko00030,map00030
WP_001083503	C	Citrate transporter	-	ko:K03300	-
WP_001083975	K	Peptidase S24-like	-	-	-
WP_001084437	E	Catalyzes the interconversion of ornithine to glutamate semialdehyde	argD	ko:K00819,ko:K00821	ko00220,ko00300,ko00330,ko01100,ko01110,ko01120,ko01130,ko01210,ko01230,map00220,map00300,map00330,map01100,map01110,map01120,map01130,map01210,map01230
WP_001085185	O	Required for rescue of stalled ribosomes mediated by trans-translation. Binds to transfer-messenger RNA (tmRNA), required for stable association of tmRNA with ribosomes. tmRNA and SmpB together mimic tRNA shape, replacing the anticodon stem-loop with SmpB. tmRNA is encoded by the ssrA gene	smpB	ko:K03664	-
WP_001085218	O	DNA-dependent ATPase involved in processing of recombination intermediates, plays a role in repairing DNA breaks. Stimulates the branch migration of RecA-mediated strand transfer reactions, allowing the 3' invading strand to extend heteroduplex DNA faster. Binds ssDNA in the presence of ADP but not other nucleotides, has ATPase activity that is stimulated by ssDNA and various branched DNA structures, but inhibited by SSB. Does not have RecA's homology-searching function	radA	ko:K04485	-
WP_001085505	G	Catalyzes the interconversion of 2-phosphoglycerate and 3-phosphoglycerate	gpmI	ko:K15633	ko00010,ko00260,ko00680,ko01100,ko01110,ko01120,ko01130,ko01200,ko01230,map00010,map00260,map00680,map01100,map01110,map01120,map01130,map01200,map01230
WP_001085655	J	Binds 16S rRNA, required for the assembly of 30S particles and may also be responsible for determining the conformation of the 16S rRNA at the A site	rpsN	ko:K02954	ko03010,map03010
WP_001085795	J	Forms part of the ribosomal stalk which helps the ribosome interact with GTP-bound translation factors	rplK	ko:K02867	ko03010,map03010
WP_001086739	O	Glycoprotease family	yeaZ	ko:K01409,ko:K14742	-
WP_001088022	J	Functions as a ribosomal silencing factor. Interacts with ribosomal protein L14 (rplN), blocking formation of intersubunit bridge B8. Prevents association of the 30S and 50S ribosomal subunits and the formation of functional ribosomes, thus repressing translation	rsfS	ko:K09710	-
WP_001088978	M	Belongs to the BCCT transporter (TC 2.A.15) family	betL	ko:K05020	-
WP_001089094	M	Staphopain proregion	sspB	ko:K13715	-
WP_001089620	S	Radical SAM	yfkA	-	-
WP_001091185	S	RarD protein	rarD	ko:K05786	-
WP_001091387	S	Belongs to the UPF0354 family	ytpQ	-	-
WP_001092004	S	Uncharacterized conserved protein (DUF2294)	-	-	-
WP_001092188	V	Protein of unknown function (DUF1643)	-	-	-
WP_001092400	P	Part of the high-affinity ATP-driven potassium transport (or Kdp) system, which catalyzes the hydrolysis of ATP coupled with the electrogenic transport of potassium into the cytoplasm. This subunit acts as a catalytic chaperone that increases the ATP- binding affinity of the ATP-hydrolyzing subunit KdpB by the formation of a transient KdpB KdpC ATP ternary complex	kdpC	ko:K01548	ko02020,map02020
WP_001093556	S	Electron transfer DM13	-	-	-
WP_001093929	S	Staphylococcal AgrD protein	-	ko:K07800	ko02020,ko02024,map02020,map02024
WP_001094394	C	Produces ATP from ADP in the presence of a proton gradient across the membrane	atpC	ko:K02114	ko00190,ko00195,ko01100,map00190,map00195,map01100
WP_001095260	P	Belongs to the Fur family	zur	ko:K02076,ko:K03711	-
WP_001095317	L	Bacterial dnaA  protein	-	-	-
WP_001096120	C	Luciferase-like monooxygenase	-	-	-
WP_001096355	S	-	-	-	-
WP_001096369	KTV	Regulatory protein BlaR1	blaR1-1	ko:K02172,ko:K02547	ko01501,map01501
WP_001096484	H	Belongs to the FPP GGPP synthase family	hepT	ko:K00805,ko:K21275	ko00900,ko01110,map00900,map01110
WP_001096494	H	Transaldolase	tal	ko:K00616	ko00030,ko01100,ko01110,ko01120,ko01130,ko01200,ko01230,map00030,map01100,map01110,map01120,map01130,map01200,map01230
WP_001096577	J	Ribosomal protein L30	rpmD	ko:K02907	ko03010,map03010
WP_001096642	C	COG0022 Pyruvate 2-oxoglutarate dehydrogenase complex, dehydrogenase (E1) component, eukaryotic type, beta subunit	bfmBAB	ko:K00167,ko:K21417	ko00280,ko00640,ko01100,ko01110,ko01130,map00280,map00640,map01100,map01110,map01130
WP_001100293	EGP	Major Facilitator Superfamily	-	ko:K08168	-
WP_001100526	I	Catalyzes the condensation reaction of fatty acid synthesis by the addition to an acyl acceptor of two carbons from malonyl-ACP. Catalyzes the first condensation reaction which initiates fatty acid synthesis and may therefore play a role in governing the total rate of fatty acid production. Possesses both acetoacetyl-ACP synthase and acetyl transacylase activities. Its substrate specificity determines the biosynthesis of branched- chain and or straight-chain of fatty acids	fabH	ko:K00648	ko00061,ko01100,ko01212,map00061,map01100,map01212
WP_001100664	S	Phage portal protein	-	-	-
WP_001100840	IQ	acyl-CoA synthetases (AMP-forming) AMP-acid ligases II	vraA	ko:K01897	ko00061,ko00071,ko01100,ko01212,ko02024,ko03320,ko04146,ko04216,ko04714,ko04920,map00061,map00071,map01100,map01212,map02024,map03320,map04146,map04216,map04714,map04920
WP_001101608	M	teichoic acid biosynthesis protein	tagB	ko:K21285	-
WP_001103232	GM	Part of the ABC transporter complex TagGH involved in teichoic acids export. Responsible for energy coupling to the transport system	tagH	ko:K09693	ko02010,map02010
WP_001103743	G	Belongs to the MIP aquaporin (TC 1.A.8) family	glpF	ko:K02440	-
WP_001104176	S	protein conserved in bacteria	yycI	-	-
WP_001104611	J	Ribosomal protein L11 methyltransferase	prmA	ko:K02687	-
WP_001105621	S	-	-	-	-
WP_001105713	KOT	Essential for the production of a quorum sensing system signal molecule, the autoinducing peptide (AIP). This quorum sensing system is responsible for the regulation of the expression of virulence factor genes. Involved in the proteolytic processing of AgrD, the precursor of AIP	agrB	ko:K07813	ko02020,ko02024,map02020,map02024
WP_001106057	L	COG3316 Transposase and inactivated derivatives	tnp1216	ko:K07498	-
WP_001106118	M	Glycosyl transferases group 1	-	ko:K00712	-
WP_001106646	S	-	-	-	-
WP_001106735	M	Glycosyl transferases group 1	tagE3	ko:K00712	-
WP_001107109	G	PTS system	scrA	ko:K02808,ko:K02809,ko:K02810	ko00500,ko02060,map00500,map02060
WP_001107233	S	Belongs to the prolyl-tRNA editing family. YbaK EbsC subfamily	ebsC	ko:K03976	-
WP_001108346	H	Belongs to the folylpolyglutamate synthase family	folC	ko:K11754	ko00790,ko01100,map00790,map01100
WP_001108482	H	Catalyzes the phosphorylation of the hydroxyl group of 4-methyl-5-beta-hydroxyethylthiazole (THZ)	thiM	ko:K00878	ko00730,ko01100,map00730,map01100
WP_001108538	S	Peptidase M50B-like	-	-	-
WP_001108885	L	Endonuclease that resolves Holliday junction intermediates in genetic recombination. Cleaves mobile four-strand junctions by introducing symmetrical nicks in paired strands. Promotes annealing of linear ssDNA with homologous dsDNA. Required for DNA repair, homologous recombination and chromosome segregation	recU	ko:K03700	-
WP_001109037	L	DNA polymerase III is a complex, multichain enzyme responsible for most of the replicative synthesis in bacteria. This DNA polymerase also exhibits 3' to 5' exonuclease activity	dnaX	ko:K02343	ko00230,ko00240,ko01100,ko03030,ko03430,ko03440,map00230,map00240,map01100,map03030,map03430,map03440
WP_001109283	S	Belongs to the UPF0176 family	ybfQ	ko:K07146	-
WP_001109871	S	COG1853 Conserved protein domain typically associated with flavoprotein oxygenases, DIM6 NTAB family	-	-	-
WP_001109944	D	Belongs to the SEDS family	rodA	ko:K05837	-
WP_001110077	H	Catalyzes the transfer of the alpha-amino group from S- adenosyl-L-methionine (SAM) to 7-keto-8-aminopelargonic acid (KAPA) to form 7,8-diaminopelargonic acid (DAPA). It is the only animotransferase known to utilize SAM as an amino donor	bioA	ko:K00833,ko:K19563	ko00780,ko01100,map00780,map01100
WP_001110179	S	-	-	-	-
WP_001112045	F	Catalyzes the base-exchange of a guanine (G) residue with the queuine precursor 7-aminomethyl-7-deazaguanine (PreQ1) at position 34 (anticodon wobble position) in tRNAs with GU(N) anticodons (tRNA-Asp, -Asn, -His and -Tyr). Catalysis occurs through a double-displacement mechanism. The nucleophile active site attacks the C1' of nucleotide 34 to detach the guanine base from the RNA, forming a covalent enzyme-RNA intermediate. The proton acceptor active site deprotonates the incoming PreQ1, allowing a nucleophilic attack on the C1' of the ribose to form the product. After dissociation, two additional enzymatic reactions on the tRNA convert PreQ1 to queuine (Q), resulting in the hypermodified nucleoside queuosine (7-(((4,5-cis-dihydroxy-2- cyclopenten-1-yl)amino)methyl)-7-deazaguanosine)	tgt	ko:K00773	-
WP_001113093	P	permease	modB	ko:K02018	ko02010,map02010
WP_001113406	S	Putative threonine/serine exporter	yjjP	-	-
WP_001115101	K	Facilitates transcription termination by a mechanism that involves Rho binding to the nascent RNA, activation of Rho's RNA-dependent ATPase activity, and release of the mRNA from the DNA template	rho	ko:K03628	ko03018,map03018
WP_001115439	C	The 2-oxoglutarate dehydrogenase complex catalyzes the overall conversion of 2-oxoglutarate to succinyl-CoA and CO(2)	odhB	ko:K00658	ko00020,ko00310,ko01100,ko01110,ko01120,ko01130,ko01200,map00020,map00310,map01100,map01110,map01120,map01130,map01200
WP_001117047	S	-	ydaT	-	-
WP_001117064	D	initiation protein	divIVA	ko:K04074	-
WP_001117767	T	Phosphate starvation-inducible protein PhoH	phoH	ko:K06217	-
WP_001118443	J	One of the essential components for the initiation of protein synthesis. Stabilizes the binding of IF-2 and IF-3 on the 30S subunit to which N-formylmethionyl-tRNA(fMet) subsequently binds. Helps modulate mRNA selection, yielding the 30S pre- initiation complex (PIC). Upon addition of the 50S ribosomal subunit IF-1, IF-2 and IF-3 are released leaving the mature 70S translation initation complex	infA	ko:K02518	-
WP_001118654	M	penicillin-binding protein	pbpX	ko:K08724,ko:K12552,ko:K12556	ko00550,ko01100,ko01501,map00550,map01100,map01501
WP_001118667	J	Involved in the binding of tRNA to the ribosomes	rpsJ	ko:K02946	ko03010,map03010
WP_001118676	K	trehalose operon transcriptional repressor	treR	ko:K03486	-
WP_001118711	C	Belongs to the nitrite and sulfite reductase 4Fe-4S domain family	nasD	ko:K00362	ko00910,ko01120,map00910,map01120
WP_001118970	S	Belongs to the UPF0358 family	ylaN	-	-
WP_001119021	O	ATP binding to DnaK triggers the release of the substrate protein, thus completing the reaction cycle. Several rounds of ATP-dependent interactions between DnaJ, DnaK and GrpE are required for fully efficient folding. Also involved, together with DnaK and GrpE, in the DNA replication of plasmids through activation of initiation proteins	dnaJ	ko:K03686	-
WP_001120936	S	Domain of unknown function (DUF771)	-	-	-
WP_001121760	G	Catalyzes the reversible conversion of 2- phosphoglycerate into phosphoenolpyruvate. It is essential for the degradation of carbohydrates via glycolysis	eno	ko:K01689	ko00010,ko00680,ko01100,ko01110,ko01120,ko01130,ko01200,ko01230,ko03018,ko04066,map00010,map00680,map01100,map01110,map01120,map01130,map01200,map01230,map03018,map04066
WP_001123276	G	4-oxalocrotonate tautomerase	dmpI	ko:K01821	ko00362,ko00621,ko00622,ko01100,ko01120,ko01220,map00362,map00621,map00622,map01100,map01120,map01220
WP_001123293	S	CHY zinc finger	-	-	-
WP_001123311	S	Protein of unknown function, DUF393	-	-	-
WP_001124160	S	-	-	-	-
WP_001124162	S	transporter subunit IIA	dhaM	ko:K05881	ko00561,map00561
WP_001124422	S	Regulatory protein RecX	recX	ko:K03565	-
WP_001124516	C	Catalyzes specifically the NADPH-dependent reduction of coenzyme A disulfide	cdr	ko:K08255	-
WP_001124985	K	Regulates arginine biosynthesis genes	argR	ko:K03402	-
WP_001125208	G	Catalyzes the interconversion of 2-phosphoglycerate and 3-phosphoglycerate	gpmA	ko:K01834	ko00010,ko00260,ko00680,ko01100,ko01110,ko01120,ko01130,ko01200,ko01230,ko04922,ko05230,map00010,map00260,map00680,map01100,map01110,map01120,map01130,map01200,map01230,map04922,map05230
WP_001125540	J	Belongs to the bacterial ribosomal protein bL35 family	rpmI	ko:K02916	ko03010,map03010
WP_001125630	NU	Mannosyl-glycoprotein endo-beta-N-acetylglucosaminidase	-	-	-
WP_001126247	F	Carbamoyl-phosphate synthetase ammonia chain	carB	ko:K01955	ko00240,ko00250,ko01100,map00240,map00250,map01100
WP_001126602	E	Glutamine synthetase	glnA	ko:K01915	ko00220,ko00250,ko00630,ko00910,ko01100,ko01120,ko01230,ko02020,ko04217,ko04724,ko04727,map00220,map00250,map00630,map00910,map01100,map01120,map01230,map02020,map04217,map04724,map04727
WP_001126664	S	Biofilm formation stimulator VEG	veg	-	-
WP_001127167	F	Catalyzes the phosphorylation of the 3'-hydroxyl group of dephosphocoenzyme A to form coenzyme A	coaE	ko:K00859	ko00770,ko01100,map00770,map01100
WP_001127689	P	Phosphonate ABC transporter, permease protein	phnE	ko:K02042	ko02010,map02010
WP_001127960	G	mannose-6-phosphate isomerase	manA	ko:K01809	ko00051,ko00520,ko01100,ko01110,ko01130,map00051,map00520,map01100,map01110,map01130
WP_001128433	S	-	-	-	-
WP_001129473	S	-	-	-	-
WP_001129744	K	AraC family transcriptional regulator	-	-	-
WP_001130051	C	malate quinone oxidoreductase	-	ko:K00116	ko00020,ko00620,ko01100,ko01110,ko01120,ko01130,ko01200,map00020,map00620,map01100,map01110,map01120,map01130,map01200
WP_001131841	G	aldolase	fba	ko:K01624	ko00010,ko00030,ko00051,ko00680,ko00710,ko01100,ko01110,ko01120,ko01130,ko01200,ko01230,map00010,map00030,map00051,map00680,map00710,map01100,map01110,map01120,map01130,map01200,map01230
WP_001133024	L	5'-3' exonuclease	ypcP	-	-
WP_001134193	S	Signal peptidase	yaaT	-	-
WP_001137460	S	Accessory Sec system GspB-transporter	asp2	ko:K12269	-
WP_001137495	J	One of the primary rRNA binding proteins, it binds directly to 16S rRNA where it nucleates assembly of the head domain of the 30S subunit. Is located at the subunit interface close to the decoding center, probably blocks exit of the E-site tRNA	rpsG	ko:K02992	ko03010,map03010
WP_001138360	J	Binds directly to 23S ribosomal RNA and is necessary for the in vitro assembly process of the 50S ribosomal subunit. It is not involved in the protein synthesizing functions of that subunit	rplT	ko:K02887	ko03010,map03010
WP_001140234	E	L-serine dehydratase	sdhB	ko:K01752	ko00260,ko00270,ko01100,ko01110,ko01130,ko01200,ko01230,map00260,map00270,map01100,map01110,map01130,map01200,map01230
WP_001140696	G	Belongs to the phosphoglycerate mutase family	gpmB	-	-
WP_001140799	J	Binds 16S rRNA, required for the assembly of 30S particles and may also be responsible for determining the conformation of the 16S rRNA at the A site	rpsN	ko:K02954	ko03010,map03010
WP_001140871	C	Inorganic pyrophosphatase	ppaC	ko:K15986	ko00190,map00190
WP_001141883	O	NifU-like domain	yutI	-	-
WP_001142337	J	Interacts with and stabilizes bases of the 16S rRNA that are involved in tRNA selection in the A site and with the mRNA backbone. Located at the interface of the 30S and 50S subunits, it traverses the body of the 30S subunit contacting proteins on the other side and probably holding the rRNA structure together. The combined cluster of proteins S8, S12 and S17 appears to hold together the shoulder and platform of the 30S subunit	rpsL	ko:K02950	ko03010,map03010
WP_001143493	S	Belongs to the HesB IscA family	erpA	ko:K13628	-
WP_001146762	S	Antioxidant protein with alkyl hydroperoxidase activity. Required for the reduction of the AhpC active site cysteine residues and for the regeneration of the AhpC enzyme activity	ydfG	-	-
WP_001147860	J	Belongs to the class I-like SAM-binding methyltransferase superfamily. RNA M5U methyltransferase family	rumA	ko:K03215	-
WP_001147955	CO	Thioredoxin	ydbP	-	-
WP_001147973	S	PTS system sugar-specific permease component	ulaA	ko:K03475	ko00053,ko01100,ko01120,ko02060,map00053,map01100,map01120,map02060
WP_001148590	S	DNA binding	-	-	-
WP_001148860	S	-	-	-	-
WP_001151451	C	Catalyzes the reductive cleavage of azo bond in aromatic azo compounds to the corresponding amines. Requires NADH, but not NADPH, as an electron donor for its activity	azoR	ko:K01118	-
WP_001151485	L	Critical role in recombination and DNA repair. Helps process Holliday junction intermediates to mature products by catalyzing branch migration. Has a DNA unwinding activity characteristic of a DNA helicase with a 3'- to 5'- polarity. Unwinds branched duplex DNA (Y-DNA)	recG	ko:K03655	ko03440,map03440
WP_001151896	S	-	-	-	-
WP_001151997	C	Ferredoxin	fer	ko:K05337	-
WP_001152696	S	ComK protein	-	-	-
WP_001153681	S	-	-	-	-
WP_001154224	EGP	permease that is required for glycolipid anchoring of LTA. May facilitate the transport of diglucosyl- diacylglycerol (Glc2-DAG) from the inner to the outer leaflet of the cytoplasmic membrane, delivering Glc2-DAG as a substrate for LTA synthesis, thereby generating glycolipid-anchored LTA. Appears to play an important role in virulence	ltaA	-	-
WP_001154302	H	Catalyzes the conversion of 7,8-dihydroneopterin to 6- hydroxymethyl-7,8-dihydropterin	folB	ko:K01633	ko00790,ko01100,map00790,map01100
WP_001154635	I	Belongs to the thiolase family	fadA	ko:K00632	ko00071,ko00280,ko00281,ko00362,ko00592,ko00642,ko01100,ko01110,ko01120,ko01130,ko01212,map00071,map00280,map00281,map00362,map00592,map00642,map01100,map01110,map01120,map01130,map01212
WP_001155282	C	formate dehydrogenase (NAD+) activity	yjgC	ko:K00123	ko00630,ko00680,ko01100,ko01120,ko01200,map00630,map00680,map01100,map01120,map01200
WP_001157329	O	COG0755 ABC-type transport system involved in cytochrome c biogenesis, permease component	hemX	ko:K02497	-
WP_001159035	H	Catalyzes the conversion of D-ribulose 5-phosphate to formate and 3,4-dihydroxy-2-butanone 4-phosphate	ribBA	ko:K14652	ko00740,ko00790,ko01100,ko01110,map00740,map00790,map01100,map01110
WP_001159430	M	N-acetylglucosaminyltransferase that catalyzes the polymerization of single monomer units of UDP-N-acetylglucosamine to produce the linear homopolymer poly-beta-1,6-N-acetyl-D- glucosamine (PNAG, also referred to as PIA), a biofilm adhesin polysaccharide. Requires IcaD for full activity	icaA	ko:K11936	ko02026,map02026
WP_001159765	S	-	-	-	-
WP_001159898	G	Glucose uptake protein	glcU	ko:K05340	-
WP_001160605	I	Catalyzes the reversible phosphatidyl group transfer from one phosphatidylglycerol molecule to another to form cardiolipin (CL) (diphosphatidylglycerol) and glycerol	cls	ko:K06131	ko00564,ko01100,map00564,map01100
WP_001160682	U	Preprotein translocase subunit YajC	yajC	ko:K03210	ko02024,ko03060,ko03070,map02024,map03060,map03070
WP_001161085	S	-	-	-	-
WP_001162348	S	Virulence factor B	yitL	ko:K00243	-
WP_001163761	P	Pyridine nucleotide-disulphide oxidoreductase	trkA	ko:K07222	-
WP_001163816	S	Helix-turn-helix domain	-	-	-
WP_001164085	S	-	-	-	-
WP_001164629	S	Protein of unknown function (DUF3113)	-	-	-
WP_001165072	S	-	-	-	-
WP_001165363	S	Trp repressor protein	yerC	-	-
WP_001165377	S	Belongs to the HesB IscA family	-	-	-
WP_001165814	C	Scaffold protein Nfu/NifU N terminal	-	-	-
WP_001165969	S	Carboxylesterase	est	ko:K03928	-
WP_001166505	K	COG0745 Response regulators consisting of a CheY-like receiver domain and a winged-helix DNA-binding domain	graR	ko:K11630,ko:K19078,ko:K19082	ko01503,ko02020,map01503,map02020
WP_001167158	S	(GNAT) family	yafC	-	-
WP_001167828	S	(GNAT) family	-	-	-
WP_001167888	O	Acts as a processive, ATP-dependent zinc metallopeptidase for both cytoplasmic and membrane proteins. Plays a role in the quality control of integral membrane proteins	ftsH	ko:K03798	-
WP_001168916	S	CAAX protease self-immunity	-	ko:K07052	-
WP_001170272	M	Peptidoglycan hydrolase involved in the splitting of the septum during cell division	sle1	ko:K22409	-
WP_001171354	C	aldo keto reductase	yqkF	-	-
WP_001172344	I	COG0365 Acyl-coenzyme A synthetases AMP-(fatty) acid ligases	ytcI	ko:K01895	ko00010,ko00620,ko00640,ko00680,ko00720,ko01100,ko01110,ko01120,ko01130,ko01200,map00010,map00620,map00640,map00680,map00720,map01100,map01110,map01120,map01130,map01200
WP_001173165	C	Belongs to the dicarboxylate amino acid cation symporter (DAACS) (TC 2.A.23) family	gltT	ko:K03309,ko:K11102	-
WP_001173200	G	mannose-6-phosphate isomerase	manA	ko:K01809	ko00051,ko00520,ko01100,ko01110,ko01130,map00051,map00520,map01100,map01110,map01130
WP_001174259	C	Thioredoxin reductase	ypdA	ko:K00384	ko00450,map00450
WP_001175772	EH	COG0115 Branched-chain amino acid aminotransferase 4-amino-4-deoxychorismate lyase	-	ko:K02619	ko00790,map00790
WP_001176726	D	Ligates lysine onto the cytidine present at position 34 of the AUA codon-specific tRNA(Ile) that contains the anticodon CAU, in an ATP-dependent manner. Cytidine is converted to lysidine, thus changing the amino acid specificity of the tRNA from methionine to isoleucine	tilS	ko:K04075,ko:K15780	ko00230,ko01100,ko01110,map00230,map01100,map01110
WP_001176863	G	Belongs to the glycerate kinase type-1 family	glxK	ko:K00865	ko00260,ko00561,ko00630,ko01100,ko01120,ko01130,map00260,map00561,map00630,map01100,map01120,map01130
WP_001177186	S	-	-	-	-
WP_001177821	E	Prephenate dehydratase	pheA	ko:K04518	ko00400,ko01100,ko01110,ko01130,ko01230,map00400,map01100,map01110,map01130,map01230
WP_001178619	F	Permease family	pyrP	ko:K02824	-
WP_001178942	JKL	DEAD-box RNA helicase possibly involved in RNA degradation. Unwinds dsRNA in both 5'- and 3'-directions, has RNA- dependent ATPase activity	cshA	ko:K05592	ko03018,map03018
WP_001179389	Q	IucA / IucC family	-	-	-
WP_001179873	Q	IucA / IucC family	-	-	-
WP_001180222	S	N-terminal domain of oxidoreductase	yfmJ	ko:K00344,ko:K07119	-
WP_001180267	EP	Binding-protein-dependent transport system inner membrane component	appC	ko:K02034	ko02024,map02024
WP_001180327	C	Belongs to the HMG-CoA reductase family	mvaA	ko:K00054,ko:K00626	ko00071,ko00072,ko00280,ko00310,ko00362,ko00380,ko00620,ko00630,ko00640,ko00650,ko00720,ko00900,ko01100,ko01110,ko01120,ko01130,ko01200,ko01212,ko02020,map00071,map00072,map00280,map00310,map00362,map00380,map00620,map00630,map00640,map00650,map00720,map00900,map01100,map01110,map01120,map01130,map01200,map01212,map02020
WP_001182436	S	hydrolases of the HAD superfamily	yitU	ko:K21064	ko00740,ko01100,ko01110,map00740,map01100,map01110
WP_001183429	S	Domain of unknown function (DUF309)	-	ko:K09763	-
WP_001183854	S	Domain of unknown function (DUF368)	-	ko:K08974	-
WP_001184003	BQ	COG0123 Deacetylases, including yeast histone deacetylase and acetoin utilization protein	acuC	ko:K04768	-
WP_001185205	S	-	-	-	-
WP_001185421	S	ATPase activity	yojN	ko:K04748	-
WP_001185462	H	Phosphomethylpyrimidine kinase	pdxK	ko:K00868	ko00750,ko01100,map00750,map01100
WP_001185680	P	NhaP-type Na H and K H	nhaP2	ko:K03316	-
WP_001186608	L	Recombinase	-	ko:K06400	-
WP_001186801	G	HpcH/HpaI aldolase/citrate lyase family	-	ko:K02510	ko00350,ko01120,map00350,map01120
WP_001186912	U	Mediates riboflavin uptake, may also transport FMN and roseoflavin. Probably a riboflavin-binding protein that interacts with the energy-coupling factor (ECF) ABC-transporter complex. Unlike classic ABC transporters this ECF transporter provides the energy necessary to transport a number of different substrates. The substrates themselves are bound by transmembrane, not extracytoplasmic soluble proteins	ribU	-	-
WP_001187617	S	Metal dependent phosphohydrolases with conserved 'HD' motif.	-	ko:K06950	-
WP_001188075	S	Acyl-coenzyme A:6-aminopenicillanic acid acyl-transferase	-	-	-
WP_001188482	K	AraC family transcriptional regulator	-	-	-
WP_001190119	J	Specifically methylates the N3 position of the uracil ring of uridine 1498 (m3U1498) in 16S rRNA. Acts on the fully assembled 30S ribosomal subunit	rsmE	ko:K09761	-
WP_001190527	S	Phage tail protein	-	-	-
WP_001190825	T	Negative regulator of sigma-B activity. Phosphorylates and inactivates its specific antagonist protein, RsbV. Upon phosphorylation of RsbV, RsbW is released and binds to sigma-B, thereby blocking its ability to form an RNA polymerase holoenzyme (E-sigma-B)	rsbW	ko:K04757	-
WP_001190841	KT	Transcriptional regulatory protein, C terminal	kdpE	ko:K07667	ko02020,ko02024,map02020,map02024
WP_001190913	F	Belongs to the CarA family	carA	ko:K01956	ko00240,ko00250,ko01100,map00240,map00250,map01100
WP_001191874	S	Protein of unknown function (DUF1361)	-	-	-
WP_001191948	K	COG COG0846 NAD-dependent protein deacetylases, SIR2 family	-	-	-
WP_001196354	E	Proline dehydrogenase	putA	ko:K00318	ko00330,ko01100,ko01110,ko01130,map00330,map01100,map01110,map01130
WP_001198020	S	TM2 domain	-	-	-
WP_001200540	D	Important for reducing fluoride concentration in the cell, thus reducing its toxicity	crcB	ko:K06199	-
WP_001200743	C	alcohol dehydrogenase (NAD) activity	adhP	ko:K00001,ko:K13953	ko00010,ko00071,ko00350,ko00625,ko00626,ko00830,ko00980,ko00982,ko01100,ko01110,ko01120,ko01130,ko01220,map00010,map00071,map00350,map00625,map00626,map00830,map00980,map00982,map01100,map01110,map01120,map01130,map01220
WP_001205664	M	Belongs to the staphylococcal tandem lipoprotein family	-	-	-
WP_001205918	S	Bacterial PH domain	ydbS	ko:K09167	-
WP_001206099	C	Belongs to the aldehyde dehydrogenase family	-	ko:K00128	ko00010,ko00053,ko00071,ko00280,ko00310,ko00330,ko00340,ko00380,ko00410,ko00561,ko00620,ko00625,ko00903,ko00981,ko01100,ko01110,ko01120,ko01130,map00010,map00053,map00071,map00280,map00310,map00330,map00340,map00380,map00410,map00561,map00620,map00625,map00903,map00981,map01100,map01110,map01120,map01130
WP_001208757	K	Represses a number of genes involved in the response to DNA damage (SOS response), including recA and lexA. In the presence of single-stranded DNA, RecA interacts with LexA causing an autocatalytic cleavage which disrupts the DNA-binding part of LexA, leading to derepression of the SOS regulon and eventually DNA repair	lexA	ko:K01356	-
WP_001208914	S	-	-	-	-
WP_001213027	S	haloacid dehalogenase-like hydrolase	-	-	-
WP_001213908	P	ABC transporter, ATP-binding protein	zurA	ko:K02074,ko:K09817	ko02010,map02010
WP_001213992	S	Binds to DNA and alters its conformation. May be involved in regulation of gene expression, nucleoid organization and DNA protection	yaaK	ko:K09747	-
WP_001214649	P	ABC transporter	yfmC	ko:K02016	ko02010,map02010
WP_001215400	L	Integrase core domain	-	-	-
WP_001215907	C	Belongs to the acylphosphatase family	acyP	ko:K01512	ko00620,ko00627,ko01120,map00620,map00627,map01120
WP_001216898	S	Hexapeptide repeat of succinyl-transferase	cat	ko:K00661,ko:K18234	-
WP_001217112	J	Belongs to the pseudouridine synthase RsuA family	rsuA	ko:K06183	-
WP_001217257	L	RNA polymerase that catalyzes the synthesis of short RNA molecules used as primers for DNA polymerase during DNA replication	dnaG	ko:K02316	ko03030,map03030
WP_001217295	S	-	-	-	-
WP_001217724	NOT	Enables the recognition and targeting of unfolded and aggregated proteins to the ClpC protease or to other proteins involved in proteolysis	mecA	ko:K16511	-
WP_001217795	EH	component I	-	ko:K01665,ko:K03342	ko00790,map00790
WP_001217920	H	Catalyzes a mechanistically unusual reaction, the ATP- dependent insertion of CO2 between the N7 and N8 nitrogen atoms of 7,8-diaminopelargonic acid (DAPA) to form an ureido ring	bioD	ko:K01935	ko00780,ko01100,map00780,map01100
WP_001218598	C	Belongs to the FAD-dependent glycerol-3-phosphate dehydrogenase family	glpD	ko:K00105,ko:K00111	ko00564,ko01110,map00564,map01110
WP_001218728	J	ATPase that binds to both the 70S ribosome and the 50S ribosomal subunit in a nucleotide-independent manner	ychF	ko:K06942	-
WP_001220197	P	Periplasmic binding protein	isdE	ko:K02016	ko02010,map02010
WP_001220805	S	Serine aminopeptidase, S33	-	ko:K03928	-
WP_001221406	S	-	-	-	-
WP_001221645	M	Glycosyltransferase Family 4	-	-	-
WP_001221654	S	-	-	ko:K01992	-
WP_001221857	J	Formation of pseudouridine at positions 38, 39 and 40 in the anticodon stem and loop of transfer RNAs	truA	ko:K06173	-
WP_001222105	S	YmdB-like protein	ymdB	ko:K02029,ko:K02030,ko:K09769	-
WP_001222133	S	-	-	-	-
WP_001223006	S	metallo-beta-lactamase superfamily protein	yqgX	ko:K01069	ko00620,map00620
WP_001223706	E	Pyridoxal-dependent decarboxylase, pyridoxal binding domain	-	ko:K01586	ko00300,ko01100,ko01110,ko01120,ko01130,ko01230,map00300,map01100,map01110,map01120,map01130,map01230
WP_001224183	K	Bacterial regulatory proteins, tetR family	-	-	-
WP_001224379	S	-	-	-	-
WP_001224793	S	Hexapeptide repeat of succinyl-transferase	yvoF	ko:K00661	-
WP_001225042	E	COG3227 Zinc metalloprotease (elastase)	mpl	ko:K01400,ko:K01401,ko:K19351	ko01503,ko05150,map01503,map05150
WP_001226823	E	Catalyzes the conversion of urocanate to 4-imidazolone- 5-propionate	hutU	ko:K01712	ko00340,ko01100,map00340,map01100
WP_001227728	G	The phosphoenolpyruvate-dependent sugar phosphotransferase system (sugar PTS), a major carbohydrate active transport system, catalyzes the phosphorylation of incoming sugar substrates concomitantly with their translocation across the cell membrane. This system is involved in	ptsG	ko:K02763,ko:K02764,ko:K02765,ko:K02790,ko:K02791,ko:K20116,ko:K20117,ko:K20118	ko00010,ko00500,ko00520,ko02060,map00010,map00500,map00520,map02060
WP_001228168	I	Steryl acetyl hydrolase	-	-	-
WP_001229093	E	COG0747 ABC-type dipeptide transport system, periplasmic component	nikA	ko:K15584	ko02010,map02010
WP_001229248	P	Mediates influx of magnesium ions	corA	ko:K03284	-
WP_001229919	P	ABC transporter, ATP-binding protein	hrtA	ko:K02003,ko:K09814	ko02010,map02010
WP_001230226	H	Tetrapolymerization of the monopyrrole PBG into the hydroxymethylbilane pre-uroporphyrinogen in several discrete steps	hemC	ko:K01749	ko00860,ko01100,ko01110,ko01120,map00860,map01100,map01110,map01120
WP_001230675	GM	NAD-dependent epimerase	cap5N	ko:K01784	ko00052,ko00520,ko01100,map00052,map00520,map01100
WP_001231451	I	Catalyzes the phosphorylation of diacylglycerol (DAG) into phosphatidic acid. Is a key enzyme involved in the production of lipoteichoic acid by reintroducing DAG formed from the breakdown of membrane phospholipids into the phosphatidylglycerol biosynthetic pathway (By similarity)	dagK	ko:K07029	ko00561,ko00564,ko01100,ko01110,map00561,map00564,map01100,map01110
WP_001232653	F	Belongs to the pyruvate kinase family	pyk	ko:K00873	ko00010,ko00230,ko00620,ko01100,ko01110,ko01120,ko01130,ko01200,ko01230,ko04922,ko04930,ko05165,ko05203,ko05230,map00010,map00230,map00620,map01100,map01110,map01120,map01130,map01200,map01230,map04922,map04930,map05165,map05203,map05230
WP_001234989	J	COG1188 Ribosome-associated heat shock protein implicated in the recycling of the 50S subunit (S4 paralog)	yabO	-	-
WP_001236362	S	Staphylococcal/Streptococcal toxin, OB-fold domain	-	ko:K11040	ko05150,map05150
WP_001236371	S	Fusaric acid resistance protein family	ygaE	-	-
WP_001237004	S	Protein of unknown function (DUF454)	-	ko:K09790	-
WP_001237522	EGP	of the major facilitator superfamily	bmr3_1	ko:K18935	-
WP_001239298	P	Voltage-dependent anion channel	ydiA	ko:K11041	ko05150,map05150
WP_001240315	G	Inositol monophosphatase	suhB	ko:K01092	ko00521,ko00562,ko01100,ko04070,map00521,map00562,map01100,map04070
WP_001240827	S	Proteins of 100 residues with WXG	esxA	-	-
WP_001241193	S	teichoic acid biosynthesis protein	tagX	-	-
WP_001241214	F	Belongs to the 5'-nucleotidase family	yunD	ko:K01081	ko00230,ko00240,ko00760,ko01100,ko01110,map00230,map00240,map00760,map01100,map01110
WP_001242102	S	Belongs to the UPF0738 family	yjbL	-	-
WP_001242303	F	phosphorylase	deoA	ko:K00756	ko00240,ko01100,map00240,map01100
WP_001242418	S	Sortase family	srtB	ko:K08600	-
WP_001244175	S	Metal dependent phosphohydrolases with conserved 'HD' motif.	yhaM	ko:K03698	-
WP_001244301	S	-	-	-	-
WP_001245584	P	Belongs to the binding-protein-dependent transport system permease family. FecCD subfamily	yclO	ko:K02015	ko02010,map02010
WP_001245754	U	ABC transporter	ecsB	ko:K01992	-
WP_001245796	S	-	-	-	-
WP_001246010	K	transcriptional	XK27_07105	ko:K07729	-
WP_001246562	P	ABC-type spermidine putrescine transport system, permease component I	potB	ko:K11071	ko02010,map02010
WP_001248939	S	Required for morphogenesis under gluconeogenic growth conditions	yvcK	-	-
WP_001249287	L	Endonuclease that is involved in the suppression of homologous recombination and may therefore have a key role in the control of bacterial genetic diversity	mutS2	ko:K07456	ko03430,map03430
WP_001250036	J	This protein is one of the early assembly proteins of the 50S ribosomal subunit, although it is not seen to bind rRNA by itself. It is important during the early stages of 50S assembly	rplM	ko:K02871	ko03010,map03010
WP_001250275	S	Uncharacterized protein conserved in bacteria (DUF2197)	-	-	-
WP_001250329	M	Domain of unknown function (DUF1727)	murE2	ko:K01928	ko00300,ko00550,map00300,map00550
WP_001251192	D	COG1674 DNA segregation ATPase FtsK SpoIIIE and related proteins	-	-	-
WP_001251224	G	Glucosamine-6-phosphate isomerase	-	-	-
WP_001251935	S	-	-	-	-
WP_001252542	M	Catalyzes the last two sequential reactions in the de novo biosynthetic pathway for UDP-N-acetylglucosamine (UDP- GlcNAc). The C-terminal domain catalyzes the transfer of acetyl group from acetyl coenzyme A to glucosamine-1-phosphate (GlcN-1-P) to produce N-acetylglucosamine-1-phosphate (GlcNAc-1-P), which is converted into UDP-GlcNAc by the transfer of uridine 5- monophosphate (from uridine 5-triphosphate), a reaction catalyzed by the N-terminal domain	glmU	ko:K04042	ko00520,ko01100,ko01130,map00520,map01100,map01130
WP_001253301	G	COG0524 Sugar kinases, ribokinase family	-	ko:K00847	ko00051,ko00500,ko00520,ko01100,map00051,map00500,map00520,map01100
WP_001253464	S	Protein of unknown function (DUF2871)	-	-	-
WP_001255379	S	Domain of unknown function with cystatin-like fold (DUF4467)	-	-	-
WP_001255460	E	Catalyzes the gamma-elimination of phosphate from L- phosphohomoserine and the beta-addition of water to produce L- threonine	thrC	ko:K01733	ko00260,ko00750,ko01100,ko01110,ko01120,ko01230,map00260,map00750,map01100,map01110,map01120,map01230
WP_001259682	K	Acetyltransferase (GNAT) domain	-	-	-
WP_001259930	M	Rod shape-determining protein MreD	mreD	ko:K03571	-
WP_001260041	S	-	-	-	-
WP_001260099	G	Involved in the gluconeogenesis. Catalyzes stereospecifically the conversion of dihydroxyacetone phosphate (DHAP) to D-glyceraldehyde-3-phosphate (G3P)	tpiA	ko:K01803	ko00010,ko00051,ko00562,ko00710,ko01100,ko01110,ko01120,ko01130,ko01200,ko01230,map00010,map00051,map00562,map00710,map01100,map01110,map01120,map01130,map01200,map01230
WP_001261460	J	Binds together with S18 to 16S ribosomal RNA	rpsF	ko:K02990	ko03010,map03010
WP_001261675	S	FAD-NAD(P)-binding	-	-	-
WP_001261797	S	Belongs to the UPF0271 (lamB) family	-	ko:K07160	-
WP_001261987	J	An accessory protein needed during the final step in the assembly of 30S ribosomal subunit, possibly for assembly of the head region. Probably interacts with S19. Essential for efficient processing of 16S rRNA. May be needed both before and after RbfA during the maturation of 16S rRNA. It has affinity for free ribosomal 30S subunits but not for 70S ribosomes	rimM	ko:K02860	-
WP_001263796	L	Conserved hypothetical protein 95	rsmD	ko:K08316	-
WP_001265704	F	Glutamine amidotransferase class-I	-	-	-
WP_001265708	J	Belongs to the bacterial ribosomal protein bL33 family	rpmG	ko:K02913	ko03010,map03010
WP_001265709	J	Belongs to the bacterial ribosomal protein bL33 family	rpmG	ko:K02913	ko03010,map03010
WP_001266160	J	Catalyzes the formation of N(7)-methylguanine at position 46 (m7G46) in tRNA	trmB	ko:K03439	-
WP_001266549	G	PTS system, fructose-specific	fruA	ko:K02768,ko:K02769,ko:K02770	ko00051,ko01100,ko01120,ko02060,map00051,map01100,map01120,map02060
WP_001269643	F	pur operon repressor	purR	ko:K09685	-
WP_001269918	E	Catalyzes the anti-1,4-elimination of the C-3 phosphate and the C-6 proR hydrogen from 5-enolpyruvylshikimate-3-phosphate (EPSP) to yield chorismate, which is the branch point compound that serves as the starting substrate for the three terminal pathways of aromatic amino acid biosynthesis. This reaction introduces a second double bond into the aromatic ring system	aroC	ko:K01736	ko00400,ko01100,ko01110,ko01130,ko01230,map00400,map01100,map01110,map01130,map01230
WP_001270834	F	Involved in the regulation of the intracellular balance of NAD and NADP, and is a key enzyme in the biosynthesis of NADP. Catalyzes specifically the phosphorylation on 2'-hydroxyl of the adenosine moiety of NAD to yield NADP	nadK	ko:K00858	ko00760,ko01100,map00760,map01100
WP_001270861	H	Glutamate-1-semialdehyde aminotransferase	hemL	ko:K01845	ko00860,ko01100,ko01110,ko01120,map00860,map01100,map01110,map01120
WP_001272126	F	Phosphorylation of dTMP to form dTDP in both de novo and salvage pathways of dTTP synthesis	tmk	ko:K00943	ko00240,ko01100,map00240,map01100
WP_001273058	GM	Transport permease protein	tagG	ko:K09692	ko02010,map02010
WP_001273087	J	Forms part of the ribosomal stalk, playing a central role in the interaction of the ribosome with GTP-bound translation factors	rplJ	ko:K02864	ko03010,map03010
WP_001273586	J	Forms part of the ribosomal stalk which helps the ribosome interact with GTP-bound translation factors. Is thus essential for accurate translation	rplL	ko:K02935	ko03010,map03010
WP_001274017	J	Binds directly to 16S ribosomal RNA	rpsT	ko:K02968	ko03010,map03010
WP_001276571	P	Rhodanese Homology Domain	yqhL	-	-
WP_001279338	O	serine protease	htrA	ko:K04771	ko01503,ko02020,map01503,map02020
WP_001279381	C	Involved in the biosynthesis of isoprenoids. Catalyzes the 1,3-allylic rearrangement of the homoallylic substrate isopentenyl (IPP) to its allylic isomer, dimethylallyl diphosphate (DMAPP)	fni	ko:K01823	ko00900,ko01100,ko01110,ko01130,map00900,map01100,map01110,map01130
WP_001279727	C	Reduces FMN, organic nitro compounds and disulfide DTNB. Involved in maintenance of the cellular redox state and the disulfide stress response	nfrA	ko:K19285	ko00740,ko01100,map00740,map01100
WP_001280005	J	Responsible for the release of ribosomes from messenger RNA at the termination of protein biosynthesis. May increase the efficiency of translation by recycling ribosomes from one round of translation to another	frr	ko:K02838	-
WP_001280010	S	-	-	-	-
WP_001280141	S	GTPase YqeH	yqeH	ko:K06948	-
WP_001282562	L	DNA polymerase III delta' subunit	holA	ko:K02340	ko00230,ko00240,ko01100,ko03030,ko03430,ko03440,map00230,map00240,map01100,map03030,map03430,map03440
WP_001282728	K	Sigma factors are initiation factors that promote the attachment of RNA polymerase to specific initiation sites and are then released. This sigma factor is the primary sigma factor during exponential growth	-	ko:K03086	-
WP_001283055	K	Sigma factors are initiation factors that promote the attachment of RNA polymerase to specific initiation sites and are then released. This sigma factor is the primary sigma factor during exponential growth	sigA	ko:K03086	-
WP_001283444	K	transcriptional	mgrA	ko:K18906	-
WP_001283612	K	Modulates transcription in response to changes in cellular NADH NAD( ) redox state	rex	ko:K01926	-
WP_001283794	J	Catalyzes the attachment of glutamate to tRNA(Glu) in a two-step reaction glutamate is first activated by ATP to form Glu-AMP and then transferred to the acceptor end of tRNA(Glu)	gltX	ko:K09698	ko00970,ko01100,map00970,map01100
WP_001283977	GK	pfkB family carbohydrate kinase	psuK	ko:K16328	ko00240,map00240
WP_001284270	L	Endonuclease that specifically degrades the RNA of RNA- DNA hybrids	rnhC	ko:K03471	ko03030,map03030
WP_001284658	K	Penicillinase repressor	blaI	ko:K02171,ko:K02546	ko01501,map01501
WP_001285954	S	Protein of unknown function (DUF1270)	-	-	-
WP_001286320	D	Divisome component that associates with the complex late in its assembly, after the Z-ring is formed, and is dependent on DivIC and PBP2B for its recruitment to the divisome. Together with EzrA, is a key component of the system that regulates PBP1 localization during cell cycle progression. Its main role could be the removal of PBP1 from the cell pole after pole maturation is completed. Also contributes to the recruitment of PBP1 to the division complex. Not essential for septum formation	gpsB	-	-
WP_001286928	L	Bidirectionally degrades single-stranded DNA into large acid-insoluble oligonucleotides, which are then degraded further into small acid-soluble oligonucleotides	xseA	ko:K03601	ko03430,map03430
WP_001287080	S	overlaps another CDS with the same product name	-	ko:K09167	-
WP_001288058	P	Sodium:sulfate symporter transmembrane region	citT_1	ko:K03319	-
WP_001288206	J	Belongs to the class-II aminoacyl-tRNA synthetase family	lysS	ko:K04567	ko00970,map00970
WP_001288298	K	Participates in transcription elongation, termination and antitermination	nusG	ko:K02601	-
WP_001288675	P	Esterase	yjcH	ko:K07214	-
WP_001289551	L	Topoisomerase IV is essential for chromosome segregation. It relaxes supercoiled DNA. Performs the decatenation events required during the replication of a circular DNA molecule	parC	ko:K02621	-
WP_001289618	O	Glutaredoxin	-	-	-
WP_001289711	K	N-acetyltransferase	ylbP	-	-
WP_001290433	L	it binds specifically double-stranded DNA at a 9 bp consensus (dnaA box) 5'-TTATC CA A CA A-3'. DnaA binds to ATP and to acidic phospholipids	dnaA	ko:K02313	ko02020,ko04112,map02020,map04112
WP_001291020	M	Glycosyl transferases group 1	-	-	-
WP_001291497	F	Peptidase dimerisation domain	hmrA	ko:K21613	-
WP_001291515	S	Bacteriocin-protection, YdeI or OmpD-Associated	ydeI	-	-
WP_001291532	C	COG1249 Pyruvate 2-oxoglutarate dehydrogenase complex, dihydrolipoamide dehydrogenase (E3) component, and related enzymes	bfmBC	ko:K00382	ko00010,ko00020,ko00260,ko00280,ko00620,ko00630,ko00640,ko01100,ko01110,ko01120,ko01130,ko01200,map00010,map00020,map00260,map00280,map00620,map00630,map00640,map01100,map01110,map01120,map01130,map01200
WP_001292149	G	Mannitol-specific phosphotransferase enzyme IIA component	mtlF	ko:K02798	ko00051,ko02060,map00051,map02060
WP_001292252	G	Belongs to the metallo-dependent hydrolases superfamily. NagA family	nagA	ko:K01443	ko00520,ko01130,map00520,map01130
WP_001293059	L	terminase small subunit	-	ko:K07474	-
WP_001293307	K	transcriptional	ymfC	ko:K03710	-
WP_001294624	S	Overlaps another CDS with the same product name	ydbT	ko:K08981	-
WP_001547756	S	Protein of unknown function (DUF1806)	-	-	-
WP_001548498	S	Pyridoxal 5'-phosphate (PLP)-binding protein, which is involved in PLP homeostasis	ylmE	ko:K06997	-
WP_001548538	K	Transcriptional factor involved in regulation of membrane lipid biosynthesis by repressing genes involved in fatty acid and phospholipid metabolism	fapR	-	-
WP_001549167	S	-	-	-	-
WP_001549185	T	Toxic component of a toxin-antitoxin (TA) module	-	ko:K07171	-
WP_001549802	S	-	-	-	-
WP_001549960	KTV	Regulatory protein BlaR1	mecR1	ko:K02172,ko:K02547	ko01501,map01501
WP_001557331	L	Releases the supercoiling and torsional tension of DNA, which is introduced during the DNA replication and transcription, by transiently cleaving and rejoining one strand of the DNA duplex. Introduces a single-strand break via transesterification at a target site in duplex DNA. The scissile phosphodiester is attacked by the catalytic tyrosine of the enzyme, resulting in the formation of a DNA-(5'-phosphotyrosyl)-enzyme intermediate and the expulsion of a 3'-OH DNA strand. The free DNA strand then undergoes passage around the unbroken strand, thus removing DNA supercoils. Finally, in the religation step, the DNA 3'-OH attacks the covalent intermediate to expel the active-site tyrosine and restore the DNA phosphodiester backbone	topA	ko:K03168	-
WP_001557361	L	Involved in DNA repair and RecF pathway recombination	recO	ko:K03584	ko03440,map03440
WP_001557561	Q	COG1335 Amidases related to nicotinamidase	yjgF	-	-
WP_001557601	S	HIRAN domain	-	-	-
WP_001566779	S	-	-	-	-
WP_001623479	S	-	-	-	-
WP_001670170	S	Nucleoside recognition	-	-	-
WP_001670171	K	NAD-dependent protein deacetylase which modulates the activities of several enzymes which are inactive in their acetylated form	cobB	ko:K12410	-
WP_001670172	H	Catalyzes the cyclization of GTP to (8S)-3',8-cyclo-7,8- dihydroguanosine 5'-triphosphate	moaA	ko:K03639	ko00790,ko01100,ko04122,map00790,map01100,map04122
WP_001670176	S	DUF218 domain	-	-	-
WP_001670177	M	CDP-Glycerol:Poly(glycerophosphate) glycerophosphotransferase	-	-	-
WP_001670187	S	-	-	-	-
WP_001670188	S	Membrane	yyaD	-	-
WP_001670193	O	C-terminal, D2-small domain, of ClpB protein	clpL	ko:K04086	-
WP_001670198	S	-	-	-	-
WP_001670202	V	ABC transporter, ATP-binding protein	XK27_05695	ko:K02003,ko:K19083	ko02010,ko02020,map02010,map02020
WP_001670222	S	-	-	-	-
WP_001670226	S	MCRA family	mycA	ko:K10254	-
WP_001670235	Q	Condensation domain	nrpS2	-	-
WP_001670243	C	phosphodiesterase	glpQ	ko:K01126	ko00564,map00564
WP_001670255	U	Part of the twin-arginine translocation (Tat) system that transports large folded proteins containing a characteristic twin-arginine motif in their signal peptide across membranes	tatC	ko:K03118	ko03060,ko03070,map03060,map03070
WP_001670258	K	Belongs to the ParB family	spo0J	ko:K03497	-
WP_001670268	M	Csa1 family	-	-	-
WP_001670285	S	Putative inner membrane exporter, YdcZ	-	ko:K09936	ko02024,map02024
WP_001670286	HP	ATP-binding protein	fhuC	ko:K02013	ko02010,map02010
WP_001670289	K	transcriptional regulators of sugar metabolism	fruR	ko:K03436	-
WP_001670292	L	COG4098 Superfamily II DNA RNA helicase required for DNA uptake (late competence protein)	comFA	ko:K02240	-
WP_001670297	L	Staphylococcal nuclease homologues	-	ko:K01174	-
WP_001670298	O	Part of a stress-induced multi-chaperone system, it is involved in the recovery of the cell from heat-induced damage, in cooperation with DnaK, DnaJ and GrpE	clpB	ko:K03695	ko04213,map04213
WP_001670300	P	Belongs to the ABC transporter superfamily	oppF	ko:K10823	ko01501,ko02010,ko02024,map01501,map02010,map02024
WP_001670307	F	Catalyzes the conversion of N5-carboxyaminoimidazole ribonucleotide (N5-CAIR) to 4-carboxy-5-aminoimidazole ribonucleotide (CAIR)	purE	ko:K01588	ko00230,ko01100,ko01110,ko01130,map00230,map01100,map01110,map01130
WP_001670325	J	Catalyzes the transfer of a dimethylallyl group onto the adenine at position 37 in tRNAs that read codons beginning with uridine, leading to the formation of N6-(dimethylallyl)adenosine (i(6)A)	miaA	ko:K00791	ko00908,ko01100,ko01110,map00908,map01100,map01110
WP_001670326	S	GTPase that associates with the 50S ribosomal subunit and may have a role during protein synthesis or ribosome biogenesis	hflX	ko:K03665	-
WP_001670329	L	Topoisomerase IV is essential for chromosome segregation. It relaxes supercoiled DNA. Performs the decatenation events required during the replication of a circular DNA molecule	parE	ko:K02622	-
WP_001670344	S	peptidoglycan catabolic process	-	-	-
WP_001670353	S	Pfam PF07901	-	-	-
WP_001670363	S	Competence protein ComEC	comEC	ko:K02238	-
WP_001670380	L	Transposase	-	ko:K07483	-
WP_001670387	S	-	-	-	-
WP_001670396	T	signal transduction protein with a C-terminal ATPase domain	comD	ko:K07706,ko:K12294	ko02020,ko02024,map02020,map02024
WP_001788193	J	Belongs to the bacterial ribosomal protein bL33 family	rpmG3	ko:K02913	ko03010,map03010
WP_001788197	K	DNA-dependent RNA polymerase catalyzes the transcription of DNA into RNA using the four ribonucleoside triphosphates as substrates	rpoC	ko:K03046	ko00230,ko00240,ko01100,ko03020,map00230,map00240,map01100,map03020
WP_001788287	S	YwhD family	ywhD	-	-
WP_001788648	S	hydrolase	yfnB	ko:K01560,ko:K07025	ko00361,ko00625,ko01100,ko01120,map00361,map00625,map01100,map01120
WP_001788788	S	5-bromo-4-chloroindolyl phosphate hydrolysis protein	xpaC	-	-
WP_001789343	J	RNaseP catalyzes the removal of the 5'-leader sequence from pre-tRNA to produce the mature 5'-terminus. It can also cleave other RNA substrates such as 4.5S RNA. The protein component plays an auxiliary but essential role in vivo by binding to the 5'-leader sequence and broadening the substrate specificity of the ribozyme	rnpA	ko:K03536	-
WP_001789359	S	S4 domain	yaaA	ko:K14761	-
WP_001789891	S	-	-	-	-
WP_001789892	S	-	-	-	-
WP_001789900	K	Bacterial regulatory proteins, tetR family	-	-	-
WP_001790169	S	-	-	-	-
WP_001790547	J	Belongs to the universal ribosomal protein uS9 family	rpsI	ko:K02996	ko03010,map03010
WP_001791162	J	IF-3 binds to the 30S ribosomal subunit and shifts the equilibrum between 70S ribosomes and their 50S and 30S subunits in favor of the free subunits, thus enhancing the availability of 30S subunits on which protein synthesis initiation begins	infC	ko:K02520	-
WP_001791319	P	Na+/Pi-cotransporter	yjbB	ko:K03324	-
WP_001791844	S	-	-	-	-
WP_001792906	S	LrgA family	lrgA	ko:K05338	ko02020,map02020
WP_001793808	K	helix_turn_helix gluconate operon transcriptional repressor	-	-	-
WP_001794540	U	Part of the twin-arginine translocation (Tat) system that transports large folded proteins containing a characteristic twin-arginine motif in their signal peptide across membranes. TatA could form the protein-conducting channel of the Tat system	tatA	ko:K03116	ko03060,ko03070,map03060,map03070
WP_001794576	C	quinol oxidase, subunit	qoxD	ko:K02829	ko00190,ko01100,map00190,map01100
WP_001797828	K	CBS domain	ccpN	-	-
WP_001801861	S	-	-	-	-
WP_001802667	O	COG1030 Membrane-bound serine protease (ClpP class)	yqeZ	ko:K07403	-
WP_001802886	S	Protein of unknown function (DUF1440)	-	ko:K08996	-
WP_001803470	E	lactoylglutathione lyase activity	-	-	-
WP_001805237	E	Serine acetyltransferase	cysE	ko:K00640	ko00270,ko00920,ko01100,ko01110,ko01120,ko01200,ko01230,ko05111,map00270,map00920,map01100,map01110,map01120,map01200,map01230,map05111
WP_001805583	EP	Binding-protein-dependent transport system inner membrane component	-	ko:K02033	ko02024,map02024
WP_001805606	E	Catalyzes the specific phosphorylation of arginine residues in proteins	mcsB	ko:K19405	-
WP_001805658	H	Involved in the biosynthesis of porphyrin-containing compound	hemN	-	-
WP_001805677	L	COG2801 Transposase and inactivated derivatives	-	ko:K07497	-
WP_001805684	S	-	-	-	-
WP_001805730	S	Pfam PF07901	-	-	-
WP_001805732	S	Pfam PF07901	-	-	-
WP_001816962	S	this gene contains a nucleotide ambiguity which may be the result of a sequencing error	-	-	-
WP_001825751	S	ATP synthase I chain	-	ko:K02116	-
WP_001827022	S	Putative neutral zinc metallopeptidase	yugP	ko:K06973	-
WP_010922824	P	Belongs to the binding-protein-dependent transport system permease family. FecCD subfamily	-	ko:K02015	ko02010,map02010
WP_010922839	S	Staphylococcal/Streptococcal toxin, OB-fold domain	-	-	-
WP_014667668	K	Bacterial regulatory helix-turn-helix protein, lysR family	-	-	-
WP_014667675	S	Protease prsW family	-	-	-
WP_014667684	S	YibE F-like protein	yibE	-	-
WP_014667688	J	Peptide chain release factor 2 directs the termination of translation in response to the peptide chain termination codons UGA and UAA	prfB	ko:K02836	-
WP_014667704	V	ABC transporter, ATP-binding protein	XK27_09825	ko:K01990	-
WP_014667711	S	Zinc-finger	ypeQ	-	-
WP_014667731	S	N-acetylmuramoyl-L-alanine amidase activity	-	-	-
WP_014667744	S	-	-	-	-
WP_014667756	S	ABC-2 family transporter protein	-	ko:K16916	ko02010,map02010
WP_020444595	I	Hydroxymethylglutaryl-CoA synthase	mvaS	ko:K01641	ko00072,ko00280,ko00650,ko00900,ko01100,ko01110,ko01130,map00072,map00280,map00650,map00900,map01100,map01110,map01130
WP_024928067	S	Pfam PF07901	-	-	-
WP_024928151	L	Integrase core domain	-	-	-
WP_024937088	S	Transcriptional activator RinB	-	-	-
WP_025174571	M	Belongs to the staphylococcal tandem lipoprotein family	-	-	-
WP_025174573	E	urea transporter	yut	ko:K08717	-
WP_029697681	U	Putative Competence protein ComGF	comGF	ko:K02246,ko:K02248	-
WP_031783263	K	Helix-turn-helix XRE-family like proteins	-	-	-
WP_031922431	D	Cell division protein that may be involved in stabilizing or promoting the assembly of the division complex	divIB	ko:K03589	ko04112,map04112
WP_031922434	S	HI0933-like protein	ytfP	ko:K07007	-
WP_031922435	D	Domain of Unknown Function (DUF1542)	-	-	-
WP_031922438	S	Conjugative transposon protein TcpC	yddB	-	-
WP_041202517	M	Glycosyl transferases group 1	tagE	ko:K00712	-
WP_044166034	S	Predicted membrane protein (DUF2232)	yybS	-	-
WP_050964244	M	Belongs to the staphylococcal tandem lipoprotein family	-	-	-
WP_057520948	H	Belongs to the MenA family. Type 1 subfamily	menA	ko:K02548	ko00130,ko01100,ko01110,map00130,map01100,map01110
WP_061390157	M	COG0463 Glycosyltransferases involved in cell wall biogenesis	-	ko:K20534	-
WP_061390159	H	Catalyzes the complex heterocyclic radical-mediated conversion of 6-carboxy-5,6,7,8-tetrahydropterin (CPH4) to 7- carboxy-7-deazaguanine (CDG), a step common to the biosynthetic pathways of all 7-deazapurine-containing compounds	queE	ko:K10026	ko00790,ko01100,map00790,map01100
WP_061390165	H	Nitric oxide reductase activation protein	-	-	-
WP_061390176	T	Domain of unknown function (DUF4118)	kdpD	ko:K07646	ko02020,map02020
WP_061390181	S	dUTPase	-	-	-
WP_061391501	S	secretory antigen	ssaA	-	-
WP_061391503	L	Releases the supercoiling and torsional tension of DNA, which is introduced during the DNA replication and transcription, by transiently cleaving and rejoining one strand of the DNA duplex. Introduces a single-strand break via transesterification at a target site in duplex DNA. The scissile phosphodiester is attacked by the catalytic tyrosine of the enzyme, resulting in the formation of a DNA-(5'-phosphotyrosyl)-enzyme intermediate and the expulsion of a 3'-OH DNA strand. The free DNA strand then undergoes passage around the unbroken strand, thus removing DNA supercoils. Finally, in the religation step, the DNA 3'-OH attacks the covalent intermediate to expel the active-site tyrosine and restore the DNA phosphodiester backbone	topB	ko:K03169	-
WP_061391513	K	helix_turn _helix lactose operon repressor	scrR	ko:K03484	-
WP_061731927	S	Virulence-associated protein E	-	-	-
WP_061731929	T	Member of the two-component regulatory system HssS HssR involved in intracellular heme homeostasis and tempering of staphylococcal virulence. HssS functions as a heme sensor histidine kinase which is autophosphorylated at a histidine residue and transfers its phosphate group to an aspartate residue of HssR. HssR HssS activates the expression of hrtAB, an efflux pump, in response to extracellular heme, hemin, hemoglobin or blood (By similarity)	hssS	ko:K02484	-
WP_061731933	M	Lysin motif	ebpS	-	-
WP_061731938	EH	Belongs to the D-isomer specific 2-hydroxyacid dehydrogenase family	ghrA	-	-
WP_061731940	EGP	of the major facilitator superfamily	-	ko:K08170	-
WP_061735500	S	Protein of unknown function (DUF443)	-	-	-
WP_061735511	EGP	of the major facilitator superfamily	bcr	ko:K07552	-
WP_061735532	O	Prevents misfolding and promotes the refolding and proper assembly of unfolded polypeptides generated under stress conditions	groL	ko:K04077	ko03018,ko04212,ko04940,ko05134,ko05152,map03018,map04212,map04940,map05134,map05152
WP_061739073	V	Abi-like protein	-	-	-
WP_063852655	M	NTF2-like N-terminal transpeptidase domain	pbpC	ko:K02545,ko:K21467	ko00550,ko01100,ko01501,map00550,map01100,map01501
WP_072362001	EG	of the drug metabolite transporter (DMT) superfamily	ydeD	-	-
WP_075583650	L	DNA uptake protein and related DNA-binding	comEA	ko:K02237	-
WP_075583651	NU	COG2165 Type II secretory pathway, pseudopilin PulG	-	ko:K02246	-
WP_075583653	E	COG1104 Cysteine sulfinate desulfinase cysteine desulfurase and related enzymes	iscS2	ko:K04487	ko00730,ko01100,ko04122,map00730,map01100,map04122
WP_075583655	T	Histidine kinase	phoR	ko:K07636	ko02020,map02020
WP_075583661	O	Belongs to the small heat shock protein (HSP20) family	hsp1	ko:K13993	ko04141,map04141
WP_075583664	U	Multidrug resistance efflux pump SepA	sepA	-	-
WP_075583675	S	ABC transporter, ATP-binding protein	yfmR	ko:K15738	-
WP_075583680	I	Belongs to the 3-oxoacid CoA-transferase family	pct	ko:K01026	ko00620,ko00640,ko00643,ko01100,ko01120,map00620,map00640,map00643,map01100,map01120
WP_075583711	D	acetyltransferases and hydrolases with the alpha beta hydrolase fold	lip	ko:K01046	ko00561,ko01100,map00561,map01100
WP_075583716	E	COG2309 Leucyl aminopeptidase (aminopeptidase T)	pepS	ko:K19689	-
WP_075583724	M	Catalyzes the acylation of glycosyl-4,4'- diaponeurosporenoate, i.e. the esterification of glucose at the C6'' position with the carboxyl group of the C(15) fatty acid 12- methyltetradecanoic acid, to yield staphyloxanthin. This is the last step in the biosynthesis of this orange pigment, present in most staphylococci strains (By similarity)	crtO	ko:K10212	ko00906,map00906
WP_075583730	S	N-methyltransferase activity	-	-	-
WP_075583731	S	DNA polymerase family A	-	-	-
WP_075583733	O	COG0265 Trypsin-like serine proteases, typically periplasmic, contain C-terminal PDZ domain	htrA	ko:K04771	ko01503,ko02020,map01503,map02020
WP_075583734	S	Bacteriocin (Lactococcin_972)	-	-	-
WP_075583735	S	-	-	-	-
WP_075583741	M	NAD dependent epimerase dehydratase family protein	cps2D	ko:K01784,ko:K17947	ko00052,ko00520,ko00523,ko01100,ko01130,map00052,map00520,map00523,map01100,map01130
WP_075583742	Q	Ferric iron reductase FhuF-like transporter	-	-	-
WP_075583750	V	Type I restriction modification DNA specificity domain	-	ko:K01154	-
WP_075583752	E	Prolyl oligopeptidase family	ytmA	-	-
WP_078064692	L	Required for replicative DNA synthesis. This DNA polymerase also exhibits 3' to 5' exonuclease activity	polC	ko:K03763	ko00230,ko00240,ko01100,ko03030,ko03430,ko03440,map00230,map00240,map01100,map03030,map03430,map03440
WP_078064693	M	Belongs to the staphylococcal tandem lipoprotein family	-	-	-
WP_094752956	L	PFAM transposase IS3 IS911 family protein	-	-	-
WP_094752959	L	PFAM Integrase catalytic region	-	-	-
WP_094969686	N	domain, Protein	-	-	-
WP_100185067	S	Protein of unknown function (DUF443)	-	-	-
WP_129654670	E	Glutamate synthase	gltA	ko:K00265,ko:K00284	ko00250,ko00630,ko00910,ko01100,ko01110,ko01120,ko01130,ko01230,map00250,map00630,map00910,map01100,map01110,map01120,map01130,map01230
WP_129654672	M	protein which possibly mediates interactions of S.aureus with components of the extracellular matrix of higher eukaryotes	sdrF	ko:K14194	ko05150,map05150
WP_129654674	K	Regulator	sarX	-	-
WP_129654676	S	aldo keto reductase	ycsN	-	-
WP_129654679	L	Bacterial dnaA  protein	-	-	-
WP_129654682	L	Integrase core domain	-	-	-
WP_129654687	S	peptidase activity	-	-	-
WP_129654690	S	Fic/DOC family	-	-	-
WP_129654693	L	DNA-dependent ATPase and ATP-dependent 5'-3' DNA helicase. Has no activity on blunt DNA or DNA with 3'-overhangs, requires at least 10 bases of 5'-ssDNA for helicase activity	recD2	ko:K03581	ko03440,map03440
WP_129654697	L	Involved in base excision repair of DNA damaged by oxidation or by mutagenic agents. Acts as DNA glycosylase that recognizes and removes damaged bases. Has a preference for oxidized purines, such as 7,8-dihydro-8-oxoguanine (8-oxoG). Has AP (apurinic apyrimidinic) lyase activity and introduces nicks in the DNA strand. Cleaves the DNA backbone by beta-delta elimination to generate a single-strand break at the site of the removed base with both 3'- and 5'-phosphates	fpg	ko:K10563	ko03410,map03410
WP_129654703	J	Belongs to the class-I aminoacyl-tRNA synthetase family	leuS	ko:K01869	ko00970,map00970
WP_129654706	S	Staphylococcal/Streptococcal toxin, OB-fold domain	-	ko:K11040	ko05150,map05150
WP_129654709	T	Belongs to the low molecular weight phosphotyrosine protein phosphatase family	yfkJ	ko:K01104	-
WP_129654714	E	Belongs to the IlvD Edd family	ilvD	ko:K01687,ko:K16786	ko00290,ko00770,ko01100,ko01110,ko01130,ko01210,ko01230,ko02010,map00290,map00770,map01100,map01110,map01130,map01210,map01230,map02010
WP_129654717	E	Catalyzes the interconversion of L-alanine and D- alanine. May also act on other amino acids	alr	ko:K01775,ko:K20707	ko00473,ko01100,ko01502,map00473,map01100,map01502
WP_129654720	T	low molecular weight	ywlE	ko:K01104,ko:K20201	-
WP_129654724	D	Domain of Unknown Function (DUF1542)	-	-	-
WP_129654728	V	Catalyzes the incorporation of amino acid(s) into the interchain peptide bridge of peptidoglycan, using aminoacyl-tRNA as amino acid donor	femX	ko:K05363,ko:K11693	ko00550,ko01100,map00550,map01100
WP_129654732	E	Catalyzes the conversion of N-formimidoyl-L-glutamate to L-glutamate and formamide	hutG	ko:K01479	ko00340,ko01100,map00340,map01100
WP_129654735	S	ABC transporter, ATP-binding protein	yhaQ	ko:K01990	-
WP_129654739	G	Catalyzes the interconversion between glucose-6- phosphate and alpha-glucose-1-phosphate. This is the first step in the biosynthesis of diglucosyl-diacylglycerol (Glc2-DAG), i.e. a glycolipid found in the membrane, which is also used as a membrane anchor for lipoteichoic acid (LTA) (By similarity)	pgcA	ko:K01835	ko00010,ko00030,ko00052,ko00230,ko00500,ko00520,ko00521,ko01100,ko01110,ko01120,ko01130,map00010,map00030,map00052,map00230,map00500,map00520,map00521,map01100,map01110,map01120,map01130
WP_129654743	C	nitroreductase	frp	-	-
WP_129654745	S	Sucrose-6F-phosphate phosphohydrolase	-	-	-
WP_129654748	S	X-Pro dipeptidyl-peptidase C-terminal non-catalytic domain	-	ko:K06978	-
WP_164022204	L	to gi 2673748 emb CAA05973.1 Lactobacillus casei , percent identity 49 in 332 aa, BLASTP E() 2e-77	-	ko:K07482	-
WP_169274603	S	protein with SCP PR1 domains	-	-	-
WP_170267442	S	-	-	-	-
WP_223181135	G	Phosphotransferase system, EIIC	pfoR	-	-
WP_223289616	K	acetyltransferase	-	-	-
WP_223289619	HQ	Isochorismate synthase	menF	ko:K02361,ko:K02552	ko00130,ko01053,ko01100,ko01110,ko01130,map00130,map01053,map01100,map01110,map01130
